{"Light":{"Led410Enable":true;"Led470Enable":true;"Led560Enable":false;"Led410Value":50.0;"Led470Value":50.0;"Led560Value":50.0};"Excitation":{"mode":1;"discontinuous":false;"interval_time":20;"continuous_time":20};"Channels":[{"Name":"CH1";"Roi1":"334.008450704227;168.054929577467;111.532394366198;111.532394366198";"Roi2":"319;227;111.532394366198;111.532394366198"}];"AllMarking":[{"id":0;"type":1;"opened":true;"name":"STIM";"Levels":0;"color":"#FFFF0000";"key":0;"threshold":0.0;"all":true;"channels":["AllChannel";"CH1"];"enable":true};{"id":0;"type":1;"opened":true;"name":"WHEEL";"Levels":0;"color":"#FF4F81BD";"key":0;"threshold":0.0;"all":true;"channels":["AllChannel";"CH1"];"enable":true};{"id":0;"type":2;"opened":true;"name":"Input1";"Levels":0;"color":"#FFFF0000";"key":0;"threshold":0.0;"all":true;"channels":["AllChannel";"CH1"];"enable":true};{"id":0;"type":2;"opened":true;"name":"Input2";"Levels":0;"color":"#FF4F81BD";"key":0;"threshold":0.0;"all":true;"channels":["AllChannel";"CH1"];"enable":true};{"id":0;"type":2;"opened":true;"name":"Input3";"Levels":0;"color":"#FF00B050";"key":0;"threshold":0.0;"all":true;"channels":["AllChannel";"CH1"];"enable":true};{"id":0;"type":2;"opened":true;"name":"Input4";"Levels":0;"color":"#FFFF0000";"key":0;"threshold":0.0;"all":true;"channels":["AllChannel";"CH1"];"enable":true}];"Fps":20.0}
TimeStamp,Events,CH1-410,CH1-470,
0.000,,67.967,69.730,
100.001,,67.489,69.012,
199.997,,67.241,67.757,
300.003,,67.044,67.324,
400.002,,66.706,66.919,
500.000,,66.507,66.595,
600.002,,66.663,66.130,
700.003,,66.324,65.612,
799.998,,66.259,65.574,
900.001,,66.374,65.430,
999.997,,66.247,65.567,
1100.002,,65.992,65.093,
1200.002,,66.152,65.410,
1300.001,,65.655,65.666,
1399.998,,65.899,65.466,
1499.998,,65.720,66.070,
1600.002,,65.713,66.667,
1700.001,,65.795,66.893,
1799.997,,65.906,67.062,
1899.999,,64.829,65.587,
2000.003,,64.395,65.771,
2100.000,,64.263,66.840,
2200.003,,64.543,67.859,
2300.000,,64.748,66.669,
2399.998,,64.477,66.424,
2499.999,,64.014,66.428,
2600.002,,64.048,69.082,
2700.003,,64.994,68.818,
2800.000,,65.121,69.160,
2899.999,,65.454,68.598,
3000.001,,65.319,67.496,
3099.999,,65.223,66.374,
3200.003,,64.931,66.617,
3299.998,,64.875,66.714,
3400.002,,64.811,67.610,
3499.997,,64.710,67.654,
3600.002,,64.406,67.319,
3700.000,,64.398,66.884,
3800.002,,64.032,66.661,
3900.002,,64.488,67.179,
4000.002,,64.536,66.455,
4099.997,,64.192,66.559,
4199.999,,64.657,67.701,
4299.997,,65.200,69.357,
4400.000,,65.015,68.399,
4499.997,,65.010,67.707,
4599.999,,64.960,67.154,
4699.999,,64.915,67.979,
4799.997,,64.872,69.276,
4900.001,,65.107,68.458,
5000.001,,64.630,67.396,
5100.000,,64.665,67.280,
5199.999,,64.675,67.037,
5300.003,,65.008,66.341,
5400.001,,65.044,65.761,
5499.998,,64.692,65.280,
5600.001,,64.919,65.263,
5699.998,,64.781,65.424,
5800.003,,64.600,64.498,
5899.997,,64.332,65.932,
6000.000,,64.364,65.623,
6099.998,,64.098,66.543,
6199.999,,65.025,66.170,
6300.002,,64.700,66.600,
6400.003,,64.691,66.186,
6500.001,,64.695,65.835,
6600.002,,64.805,65.872,
6700.000,,65.123,66.809,
6799.999,,65.175,66.900,
6899.998,,65.412,66.764,
6999.997,,65.231,65.414,
7100.000,,65.079,65.653,
7199.999,,64.881,65.197,
7300.002,,64.530,65.518,
7400.001,,64.587,65.787,
7500.002,,64.534,66.000,
7599.997,,64.691,66.017,
7700.001,,64.654,66.511,
7799.998,,64.229,66.463,
7899.999,,64.151,66.495,
8000.001,,64.689,66.598,
8099.998,,64.566,67.308,
8200.002,,64.519,67.944,
8300.002,,64.911,68.042,
8400.001,,64.723,68.702,
8499.998,,64.717,67.442,
8600.002,,64.441,67.590,
8699.999,,64.555,66.365,
8799.997,,64.384,65.699,
8899.998,,64.292,65.500,
8999.998,,64.520,66.095,
9099.998,,64.316,66.362,
9200.001,,64.185,66.928,
9299.997,,64.104,65.174,
9400.000,,63.915,64.595,
9500.003,,63.649,64.611,
9600.001,,63.861,64.479,
9700.003,,64.171,63.876,
9799.998,,64.373,64.322,
9899.998,,64.481,64.713,
10000.003,,64.929,65.819,
10100.000,,64.691,65.325,
10200.000,,64.507,64.407,
10299.998,,64.692,63.110,
10400.003,,63.938,63.434,
10500.000,,64.428,63.363,
10599.998,,64.830,63.957,
10700.003,,64.505,64.167,
10800.000,,64.764,64.589,
10899.998,,64.778,64.900,
11000.001,,64.933,65.099,
11100.003,,64.251,64.804,
11200.001,,63.955,64.001,
11299.999,,64.041,63.971,
11400.001,,64.116,64.215,
11499.998,,64.440,64.022,
11599.999,,64.810,63.861,
11699.999,,64.980,64.018,
11800.002,,64.924,64.377,
11900.001,,64.544,65.016,
12000.003,,63.953,65.337,
12099.999,,64.504,65.977,
12199.998,,64.888,65.561,
12299.997,,64.782,64.835,
12400.000,,64.917,64.379,
12500.003,,64.740,63.733,
12600.000,,64.202,63.364,
12700.002,,64.264,62.593,
12800.002,,64.345,62.430,
12900.001,,64.360,62.899,
13000.003,,64.180,63.168,
13100.003,,64.162,62.620,
13200.000,,64.114,62.917,
13300.003,,64.440,62.198,
13399.999,,64.621,61.786,
13500.001,,64.528,62.360,
13599.998,,64.498,63.672,
13700.000,,64.120,64.421,
13799.999,,64.846,64.724,
13900.000,,64.379,64.689,
13999.999,,64.419,64.814,
14100.002,,64.217,63.480,
14199.997,,63.886,62.466,
14299.997,,63.985,63.870,
14399.998,,64.285,63.994,
14500.002,,64.604,64.582,
14599.998,,63.724,63.981,
14699.998,,63.412,64.361,
14800.003,,63.598,64.181,
14900.002,,63.353,63.285,
15000.002,,63.450,63.083,
15099.997,,63.553,62.486,
15200.003,,63.543,62.910,
15300.001,,64.127,63.083,
15399.999,,64.134,62.886,
15499.997,,64.002,62.499,
15600.001,,64.027,61.638,
15700.002,,63.976,61.737,
15799.998,,64.203,61.600,
15900.003,,64.190,61.693,
15999.984,,64.368,61.869,
16099.970,,64.084,62.071,
16199.959,,64.304,62.334,
16299.942,,64.552,62.362,
16399.931,,64.633,63.272,
16499.912,,64.666,63.251,
16599.897,,64.499,62.428,
16699.885,,63.847,62.192,
16799.867,,64.802,62.682,
16899.853,,64.126,61.039,
16999.840,,64.146,61.514,
17099.826,,64.043,61.554,
17199.810,,63.869,61.448,
17299.790,,63.133,61.785,
17399.773,,64.222,63.087,
17499.758,,63.851,62.386,
17599.743,,64.206,64.395,
17699.725,,64.275,63.671,
17799.709,,64.267,64.354,
17899.695,,64.364,64.880,
17999.672,,64.101,64.357,
18099.659,,63.994,63.186,
18199.637,,64.214,62.348,
18299.623,,64.323,62.431,
18399.602,,63.699,61.990,
18499.583,,63.786,61.319,
18599.569,,63.563,60.957,
18699.552,,63.915,62.074,
18799.531,,63.896,62.123,
18899.513,,64.063,61.827,
18999.493,,63.930,61.517,
19099.474,,63.228,61.930,
19199.455,,63.296,62.436,
19299.433,,63.012,62.662,
19399.414,,62.919,63.315,
19499.396,,63.762,63.931,
19599.374,,63.897,63.746,
19699.356,,63.834,63.881,
19799.333,,63.926,64.136,
19899.313,,64.297,63.747,
19999.291,,63.984,62.988,
20099.275,,63.903,63.079,
20199.253,,64.418,63.474,
20299.227,,64.423,63.161,
20399.208,,64.210,62.501,
20499.188,,63.866,62.757,
20599.167,,63.889,62.688,
20699.140,,63.766,62.353,
20799.124,,63.529,62.143,
20899.100,,63.295,61.804,
20999.074,,63.429,61.635,
21099.053,,63.576,61.883,
21199.029,,63.849,62.717,
21299.007,,63.600,63.408,
21398.987,,63.809,64.377,
21498.958,,63.379,63.646,
21598.936,,63.461,64.662,
21698.916,,64.081,64.577,
21798.888,,63.203,63.738,
21898.864,,63.604,65.634,
21998.846,,64.040,66.491,
22098.817,,64.283,65.210,
22198.796,,63.685,63.938,
22298.767,,63.359,63.656,
22398.747,,63.432,63.173,
22498.722,,63.272,63.400,
22598.692,,63.659,65.189,
22698.665,,63.791,65.628,
22798.641,,63.678,65.113,
22898.619,,63.508,64.871,
22998.594,,63.772,64.831,
23098.567,,63.865,64.479,
23198.538,,63.393,64.784,
23298.514,,63.673,64.694,
23398.490,,63.848,65.583,
23498.461,,63.982,65.725,
23598.433,,63.544,65.591,
23698.403,,63.554,65.125,
23798.375,,63.852,65.709,
23898.354,,63.912,64.962,
23998.347,,63.287,64.647,
24098.348,,63.262,64.661,
24198.346,,62.954,63.877,
24298.343,,62.916,63.893,
24398.344,,63.029,63.784,
24498.343,,62.528,63.903,
24598.337,,62.455,63.094,
24698.335,,62.455,62.567,
24798.337,,62.796,64.518,
24898.335,,63.387,64.630,
24998.330,,63.462,64.764,
25098.330,,63.531,65.348,
25198.327,,63.155,65.787,
25298.326,,63.368,65.568,
25398.323,,63.560,64.554,
25498.325,,63.771,65.155,
25598.319,,64.284,66.013,
25698.323,,64.291,65.312,
25798.317,,64.188,64.838,
25898.321,,63.950,64.324,
25998.315,,63.890,64.650,
26098.320,,63.988,64.752,
26198.318,,63.495,64.026,
26298.317,,63.534,62.832,
26398.313,,63.445,62.166,
26498.310,,63.177,61.917,
26598.311,,63.049,61.814,
26698.311,,62.772,61.423,
26798.309,,62.827,61.502,
26898.309,,63.264,61.541,
26998.307,,63.647,61.372,
27098.307,,63.793,61.878,
27198.308,,63.799,62.604,
27298.308,,63.942,62.322,
27398.303,,63.740,62.561,
27498.308,,64.636,62.639,
27598.305,,64.131,62.196,
27698.302,,64.207,62.566,
27798.306,,63.753,61.889,
27898.304,,63.612,61.757,
27998.304,,63.791,61.492,
28098.305,,63.511,61.315,
28198.300,,63.525,61.880,
28298.300,,63.967,62.209,
28398.301,,63.489,62.869,
28498.303,,64.015,62.340,
28598.299,,63.651,61.401,
28698.299,,63.605,61.125,
28798.300,,63.537,60.429,
28898.300,,63.443,60.602,
28998.303,,63.467,61.062,
29098.303,,63.208,61.472,
29198.305,,63.395,61.838,
29298.302,,63.622,61.873,
29398.304,,63.928,62.060,
29498.303,,63.907,62.811,
29598.304,,63.794,61.898,
29698.300,,63.547,61.989,
29798.303,,63.412,61.068,
29898.304,,63.412,61.051,
29998.304,,63.333,61.786,
30098.308,,63.005,62.385,
30198.309,,62.972,61.722,
30298.305,,62.965,61.439,
30398.308,,63.179,61.543,
30498.309,,63.308,61.804,
30598.306,,63.449,61.696,
30698.306,,63.654,62.611,
30798.313,,63.640,62.883,
30898.308,,63.317,62.732,
30998.312,,63.273,63.890,
31098.314,,63.822,63.944,
31198.310,,63.305,63.543,
31298.312,,63.752,63.019,
31398.314,,63.390,64.164,
31498.319,,63.817,62.681,
31598.316,,63.668,61.867,
31698.317,,63.720,61.800,
31798.322,,63.579,62.098,
31898.324,,63.994,63.008,
31998.316,,63.704,63.410,
32098.317,,63.605,63.400,
32198.312,,63.502,63.166,
32298.313,,63.624,63.203,
32398.308,,63.650,63.175,
32498.306,,63.672,63.058,
32598.300,,63.626,61.971,
32698.301,,63.485,62.065,
32798.301,,63.235,61.594,
32898.296,,62.415,59.752,
32998.296,,61.835,59.753,
33098.294,,61.981,59.463,
33198.292,,61.953,60.680,
33298.286,,62.048,61.035,
33398.282,,61.851,60.761,
33498.281,,62.727,60.956,
33598.282,,62.792,60.404,
33698.276,,62.673,60.981,
33798.278,,62.452,60.339,
33898.275,,62.929,59.272,
33998.272,,62.801,60.389,
34098.265,,62.561,60.399,
34198.266,,63.289,60.089,
34298.262,,62.741,61.013,
34398.264,,62.822,60.625,
34498.257,,63.114,61.698,
34598.255,,63.048,61.010,
34698.255,,62.173,61.015,
34798.256,,62.746,61.787,
34898.253,,62.668,61.225,
34998.246,,62.922,60.080,
35098.246,,62.653,60.278,
35198.242,,62.706,59.565,
35298.239,,61.635,58.559,
35398.237,,62.379,60.076,
35498.237,,63.349,59.895,
35598.238,,63.177,59.413,
35698.232,,63.057,59.378,
35798.234,,62.754,60.590,
35898.232,,62.830,59.060,
35998.226,,62.746,59.669,
36098.224,,63.300,60.150,
36198.224,,63.138,59.798,
36298.225,,62.852,58.972,
36398.218,,62.783,60.290,
36498.221,,62.049,57.863,
36598.214,,62.193,59.846,
36698.213,,62.976,61.314,
36798.211,,63.359,61.406,
36898.209,,63.124,61.298,
36998.207,,63.125,61.301,
37098.205,,63.181,62.175,
37198.204,,63.810,62.700,
37298.205,,63.706,61.707,
37398.203,,62.459,61.139,
37498.200,,62.996,60.675,
37598.199,,63.031,61.219,
37698.201,,63.175,61.482,
37798.193,,63.234,61.352,
37898.196,,63.271,61.765,
37998.194,,63.419,61.941,
38098.191,,63.357,62.565,
38198.188,,63.585,62.408,
38298.190,,63.539,60.782,
38398.189,,61.989,59.112,
38498.184,,62.770,60.631,
38598.184,,63.370,61.537,
38698.181,,63.425,60.747,
38798.183,,62.912,60.539,
38898.176,,63.017,60.498,
38998.178,,62.806,60.537,
39098.177,,62.854,60.576,
39198.174,,62.891,61.099,
39298.172,,62.575,60.935,
39398.170,,62.807,60.819,
39498.173,,62.578,61.047,
39598.166,,62.879,61.050,
39698.165,,62.836,61.572,
39798.168,,62.559,61.652,
39898.169,,62.466,62.117,
39998.162,,62.789,63.823,
40098.159,,62.777,64.136,
40198.157,,62.838,63.761,
40298.155,,62.646,63.015,
40398.149,,62.701,62.212,
40498.142,,62.795,62.046,
40598.142,,62.955,62.069,
40698.136,,62.485,62.831,
40798.137,,62.821,62.390,
40898.128,,62.801,62.708,
40998.126,,63.028,62.624,
41098.127,,63.169,62.581,
41198.118,,62.967,61.746,
41298.116,,62.917,61.294,
41398.116,,62.830,61.199,
41498.110,,62.883,61.887,
41598.106,,63.128,62.197,
41698.105,,62.749,61.396,
41798.104,,62.785,61.188,
41898.097,,62.720,60.690,
41998.095,,62.796,61.417,
42098.092,,62.608,60.812,
42198.089,,62.564,61.007,
42298.083,,62.888,61.682,
42398.081,,63.082,61.652,
42498.075,,63.554,62.131,
42598.076,,63.381,61.603,
42698.070,,63.161,62.921,
42798.070,,63.011,63.285,
42898.066,,63.369,63.351,
42998.059,,63.420,62.892,
43098.058,,63.224,62.251,
43198.057,,63.364,61.577,
43298.053,,63.217,61.759,
43398.050,,63.284,61.478,
43498.042,,63.476,61.977,
43598.044,,63.358,62.350,
43698.039,,63.312,62.128,
43798.034,,63.375,61.321,
43898.031,,63.177,61.418,
43998.027,,62.904,60.901,
44098.029,,62.806,60.373,
44198.021,,62.638,59.596,
44298.021,,62.588,59.863,
44398.015,,62.309,59.258,
44498.011,,62.030,59.454,
44598.013,,62.166,60.077,
44698.004,,62.007,59.333,
44798.003,,62.303,59.479,
44898.000,,62.640,59.556,
44997.996,,62.746,59.670,
45097.995,,63.020,60.302,
45197.989,,62.906,59.638,
45297.989,,62.613,59.514,
45397.988,,62.337,58.980,
45497.984,,62.432,59.203,
45597.976,,62.546,59.245,
45697.974,,62.593,59.270,
45797.974,,62.793,59.194,
45897.972,,62.618,59.491,
45997.969,,62.712,59.574,
46097.964,,62.831,59.455,
46197.963,,62.863,59.224,
46297.958,,62.590,58.861,
46397.957,,62.860,58.677,
46497.953,,62.451,58.225,
46597.947,,62.308,58.371,
46697.948,,62.456,58.213,
46797.942,,62.491,58.557,
46897.936,,62.415,59.015,
46997.933,,62.221,59.668,
47097.932,,61.505,59.377,
47197.926,,61.938,59.417,
47297.923,,61.965,58.584,
47397.921,,62.029,58.830,
47497.918,,62.180,59.042,
47597.919,,62.359,59.206,
47697.912,,61.953,58.962,
47797.909,,62.033,58.661,
47897.906,,62.135,58.608,
47997.905,,62.059,58.537,
48097.906,,62.103,59.009,
48197.899,,62.321,60.518,
48297.902,,62.765,61.755,
48397.899,,63.337,61.714,
48497.898,,62.757,61.108,
48597.892,,62.606,60.957,
48697.893,,62.421,61.124,
48797.886,,62.687,61.744,
48897.886,,62.490,61.935,
48997.883,,62.434,61.869,
49097.881,,62.809,61.868,
49197.877,,62.769,61.251,
49297.877,,62.575,61.184,
49397.876,,62.810,60.453,
49497.870,,62.694,60.243,
49597.874,,62.803,59.343,
49697.870,,62.777,59.448,
49797.870,,62.250,59.363,
49897.867,,61.919,58.970,
49997.863,,61.925,59.062,
50097.864,,62.015,59.868,
50197.860,,62.048,60.653,
50297.856,,62.851,60.823,
50397.856,,62.705,61.403,
50497.855,,62.406,60.886,
50597.848,,62.449,59.953,
50697.852,,62.582,59.853,
50797.845,,62.784,60.420,
50897.841,,62.890,60.928,
50997.843,,62.761,60.536,
51097.837,,62.323,60.568,
51197.840,,62.433,60.792,
51297.834,,62.633,60.831,
51397.835,,62.570,60.422,
51497.833,,62.034,59.645,
51597.829,,61.931,59.756,
51697.832,,62.116,60.298,
51797.829,,61.845,60.141,
51897.824,,61.862,60.599,
51997.823,,62.109,59.636,
52097.823,,61.867,59.980,
52197.821,,61.974,60.362,
52297.820,,62.164,61.416,
52397.812,,62.503,62.455,
52497.814,,62.534,62.338,
52597.810,,62.603,61.109,
52697.807,,62.354,60.942,
52797.810,,62.026,60.367,
52897.802,,62.170,60.627,
52997.802,,62.399,60.682,
53097.805,,62.434,60.736,
53197.800,,62.539,60.542,
53297.797,,62.738,60.983,
53397.798,,62.525,60.283,
53497.795,,62.397,60.259,
53597.794,,62.529,59.959,
53697.794,,62.480,60.450,
53797.791,,62.706,60.458,
53897.791,,62.551,60.395,
53997.786,,62.362,60.110,
54097.782,,62.133,60.130,
54197.781,,61.938,59.837,
54297.782,,61.817,60.141,
54397.781,,61.470,59.398,
54497.778,,61.473,58.714,
54597.776,,61.422,58.547,
54697.773,,61.354,58.265,
54797.774,,61.525,58.087,
54897.774,,61.607,58.739,
54997.771,,61.830,59.990,
55097.765,,62.667,61.170,
55197.767,,62.964,61.845,
55297.761,,62.961,62.329,
55397.765,,62.963,62.742,
55497.762,,62.932,62.441,
55597.762,,63.266,62.608,
55697.759,,63.172,61.961,
55797.757,,63.185,61.855,
55897.752,,62.974,62.546,
55997.752,,63.065,62.545,
56097.748,,62.691,61.832,
56197.741,,62.707,60.744,
56297.736,,62.697,60.840,
56397.734,,62.863,60.760,
56497.732,,62.868,61.547,
56597.728,,62.676,61.048,
56697.722,,62.354,61.174,
56797.722,,62.485,62.062,
56897.713,,63.169,63.116,
56997.710,,63.018,64.076,
57097.710,,63.260,64.109,
57197.705,,63.563,64.180,
57297.698,,63.392,63.867,
57397.699,,63.093,63.481,
57497.692,,62.596,62.613,
57597.688,,62.389,62.053,
57697.681,,62.047,62.057,
57797.681,,61.852,62.009,
57897.680,,61.745,62.200,
57997.672,,62.467,62.519,
58097.670,,62.569,62.329,
58197.666,,62.892,62.966,
58297.664,,62.942,63.089,
58397.654,,62.835,63.218,
58497.655,,62.845,62.968,
58597.651,,62.469,63.216,
58697.650,,62.535,63.422,
58797.640,,62.499,63.353,
58897.635,,62.984,62.710,
58997.636,,62.869,62.412,
59097.630,,63.069,63.515,
59197.626,,63.313,64.467,
59297.625,,62.801,63.786,
59397.616,,62.740,63.823,
59497.615,,63.009,64.421,
59597.613,,63.847,64.803,
59697.608,,62.902,64.051,
59797.601,,62.652,63.505,
59897.601,,62.518,64.180,
59997.596,,62.347,64.561,
60097.592,,62.305,65.003,
60197.587,,62.436,65.365,
60297.587,,62.424,65.423,
60397.582,,62.554,64.650,
60497.573,,62.547,64.088,
60597.573,,62.627,63.765,
60697.570,,62.183,62.945,
60797.568,,62.455,63.499,
60897.558,,62.662,63.497,
60997.555,,62.329,61.831,
61097.551,,62.356,60.919,
61197.549,,62.266,61.355,
61297.547,Input1*2*0,62.287,61.647,
61397.544,Input1*2*1,62.270,61.601,
61497.541,,61.910,61.282,
61597.535,,61.936,61.710,
61697.531,,62.059,61.742,
61797.530,,62.304,61.266,
61897.521,,62.289,61.490,
61997.520,,61.887,61.505,
62097.513,,62.640,61.533,
62197.514,,62.780,61.169,
62297.509,,62.583,59.910,
62397.500,,61.994,59.125,
62497.497,,62.336,59.161,
62597.493,,62.458,59.308,
62697.493,,62.316,59.227,
62797.491,,62.200,59.336,
62897.485,,62.254,59.478,
62997.479,,62.268,59.444,
63097.476,,62.395,59.566,
63197.472,,62.325,59.459,
63297.472,,62.311,59.576,
63397.466,,62.460,59.714,
63497.459,,62.768,59.355,
63597.455,,63.205,59.751,
63697.453,,62.877,59.266,
63797.447,,62.806,58.972,
63897.446,,62.740,58.912,
63997.446,,62.725,58.465,
64097.443,,62.505,57.676,
64197.440,,62.453,57.405,
64297.436,,62.423,57.514,
64397.432,,62.620,57.770,
64497.425,,62.333,57.959,
64597.427,,62.623,57.841,
64697.426,,62.744,58.043,
64797.423,,62.788,58.469,
64897.418,,62.542,57.647,
64997.415,,62.412,58.561,
65097.415,,62.628,59.426,
65197.408,,62.643,58.210,
65297.407,,62.122,57.176,
65397.405,,61.947,56.742,
65497.400,,62.092,56.617,
65597.399,,61.922,56.769,
65697.394,,61.834,57.298,
65797.390,,62.289,57.717,
65897.389,,62.156,58.353,
65997.384,,62.309,58.520,
66097.386,,62.415,58.503,
66197.381,,62.243,59.040,
66297.375,,62.324,58.785,
66397.372,,62.303,58.973,
66497.369,,62.660,59.079,
66597.372,,62.616,58.606,
66697.370,,62.220,58.711,
66797.361,,62.489,59.313,
66897.361,,62.363,59.230,
66997.358,,62.537,59.607,
67097.358,,62.744,60.379,
67197.356,,62.474,60.051,
67297.350,,62.496,59.872,
67397.348,,62.576,60.051,
67497.344,,62.441,59.641,
67597.341,,62.279,59.404,
67697.336,,62.081,59.326,
67797.335,,62.358,60.285,
67897.334,,62.521,61.021,
67997.328,,62.619,60.658,
68097.326,,63.044,60.422,
68197.324,,62.355,60.050,
68297.326,,62.127,60.955,
68397.320,,62.241,60.686,
68497.315,,62.228,59.902,
68597.317,,62.311,61.174,
68697.314,,62.412,62.004,
68797.309,,62.469,61.979,
68897.306,,62.547,61.767,
68997.303,,62.461,61.175,
69097.303,,62.160,60.759,
69197.295,,62.060,60.499,
69297.297,,62.388,60.135,
69397.293,,62.199,59.139,
69497.288,,62.106,58.942,
69597.285,,62.260,58.770,
69697.285,,62.155,58.845,
69797.282,,62.044,59.227,
69897.281,,62.232,59.840,
69997.279,,62.308,60.108,
70097.274,,62.430,60.714,
70197.274,,62.442,60.278,
70297.267,,62.118,59.999,
70397.264,,62.359,60.995,
70497.266,,62.527,61.660,
70597.259,,62.692,60.658,
70697.257,,62.439,61.253,
70797.258,,62.467,60.842,
70897.254,,62.075,60.081,
70997.249,,62.269,60.083,
71097.250,,62.422,59.562,
71197.242,,62.076,59.058,
71297.244,,62.276,60.058,
71397.243,,62.411,59.939,
71497.236,,62.319,59.279,
71597.233,,62.401,59.260,
71697.232,,62.718,59.166,
71797.227,,62.672,59.558,
71897.229,,62.777,59.860,
71997.224,,62.689,60.190,
72097.224,,62.344,60.340,
72197.222,,62.313,60.150,
72297.215,,62.112,59.759,
72397.215,,61.840,60.249,
72497.213,,62.372,60.290,
72597.211,,61.738,60.525,
72697.209,,62.285,61.151,
72797.204,,62.607,61.686,
72897.205,,62.912,61.943,
72997.202,,62.219,59.933,
73097.195,,62.469,61.865,
73197.199,,62.671,60.665,
73297.197,,62.384,60.329,
73397.194,,62.629,60.178,
73497.187,,62.133,58.021,
73597.189,,61.791,58.799,
73697.182,,62.435,59.464,
73797.185,,62.267,59.119,
73897.180,,62.107,59.873,
73997.179,,62.272,60.057,
74097.179,,62.283,59.950,
74197.175,,62.098,59.756,
74297.168,,62.070,59.851,
74397.171,,62.259,59.982,
74497.164,,62.333,59.784,
74597.162,,62.060,59.427,
74697.159,,61.899,58.829,
74797.161,,62.076,58.818,
74897.156,,62.137,59.032,
74997.152,,62.394,59.374,
75097.154,,62.554,58.858,
75197.150,,62.537,58.358,
75297.145,,61.994,58.138,
75397.148,,62.132,58.234,
75497.141,,62.193,58.449,
75597.144,,61.910,59.583,
75697.142,,62.007,58.896,
75797.134,,61.909,58.700,
75897.135,,61.441,59.521,
75997.132,,62.367,59.683,
76097.130,,62.297,59.783,
76197.129,,62.605,60.527,
76297.125,,62.549,60.515,
76397.126,,62.840,61.105,
76497.125,,62.573,59.710,
76597.116,,62.010,59.339,
76697.118,,61.850,59.292,
76797.114,,62.268,59.828,
76897.111,,62.173,60.364,
76997.109,,62.240,60.309,
77097.111,,62.544,60.532,
77197.104,,62.391,60.155,
77297.104,,62.149,59.659,
77397.100,,62.238,59.214,
77497.101,,62.387,58.875,
77597.096,,62.272,58.691,
77697.096,,62.416,59.151,
77797.095,,62.357,59.138,
77897.090,,62.010,59.560,
77997.088,,62.426,60.057,
78097.088,,62.271,59.756,
78197.082,,62.543,59.590,
78297.084,,62.026,58.758,
78397.084,,61.791,57.999,
78497.082,,61.360,58.072,
78597.079,,61.350,57.610,
78697.075,,61.418,57.758,
78797.070,,61.369,57.622,
78897.072,,61.301,57.596,
78997.071,,61.639,57.554,
79097.065,,62.169,58.198,
79197.067,,62.265,58.306,
79297.066,,62.448,58.284,
79397.057,,62.253,58.672,
79497.059,,62.477,58.574,
79597.056,,62.531,58.340,
79697.055,,62.475,58.731,
79797.054,,62.254,58.894,
79897.049,,62.166,58.455,
79997.045,,61.999,58.231,
80097.045,,62.295,58.813,
80197.043,,62.175,59.103,
80297.033,,62.458,59.656,
80397.034,,62.301,60.135,
80497.027,,62.068,59.556,
80597.027,,61.856,58.646,
80697.023,,61.930,59.262,
80797.022,,62.197,59.187,
80897.014,,61.733,58.041,
80997.013,,61.271,58.011,
81097.008,,61.883,58.216,
81197.007,,61.817,57.755,
81296.999,,61.736,58.404,
81397.001,,62.117,58.625,
81496.992,,62.173,58.955,
81596.989,,62.288,59.594,
81696.987,,62.479,59.451,
81796.985,,61.965,58.871,
81896.981,,61.959,58.478,
81996.979,,61.972,57.850,
82096.974,,61.942,57.900,
82196.972,,61.999,57.677,
82296.971,,62.044,57.974,
82396.967,,62.203,58.115,
82496.959,,62.079,58.106,
82596.956,,62.127,58.425,
82696.952,,61.798,58.065,
82796.954,,62.049,59.022,
82896.951,,62.323,58.894,
82996.947,,62.272,58.740,
83096.942,,61.850,59.244,
83196.940,,61.960,59.294,
83296.937,,62.112,58.837,
83396.929,,61.718,59.076,
83496.931,,61.993,58.802,
83596.922,,61.448,58.760,
83696.919,,61.245,59.772,
83796.919,,61.018,60.312,
83896.915,,61.487,60.071,
83996.910,,61.362,59.680,
84096.906,,60.894,58.950,
84196.902,,61.074,59.406,
84296.899,,61.184,59.304,
84396.898,,61.177,59.115,
84496.891,,61.361,58.490,
84596.894,,61.182,58.043,
84696.890,,61.150,58.900,
84796.887,,61.480,59.613,
84896.882,,61.748,59.734,
84996.875,,61.476,59.229,
85096.872,,61.231,58.910,
85196.873,,61.512,59.169,
85296.866,,61.823,60.072,
85396.861,,62.061,60.106,
85496.861,,62.223,60.348,
85596.855,,62.403,60.007,
85696.852,,61.787,59.504,
85796.851,,61.574,59.287,
85896.844,,61.593,59.500,
85996.841,,61.325,59.767,
86096.836,,61.584,59.610,
86196.840,,61.560,58.854,
86296.831,,60.992,58.212,
86396.832,,60.601,58.387,
86496.830,,60.986,58.583,
86596.824,,61.288,58.170,
86696.819,,61.491,57.827,
86796.819,,61.515,58.136,
86896.816,,62.373,58.746,
86996.811,,61.954,58.632,
87096.805,,62.663,58.920,
87196.801,,62.664,59.274,
87296.800,,62.226,60.111,
87396.798,,62.238,60.483,
87496.790,,62.034,59.821,
87596.791,,61.994,59.526,
87696.784,,61.931,59.311,
87796.781,,61.882,58.984,
87896.778,,62.041,59.458,
87996.773,,61.409,59.767,
88096.773,,62.205,60.967,
88196.766,,62.389,61.297,
88296.765,,62.491,61.613,
88396.762,,62.316,61.420,
88496.756,,62.458,61.595,
88596.755,,62.319,61.402,
88696.750,,62.475,61.452,
88796.747,,62.458,60.930,
88896.741,,62.250,60.213,
88996.741,,61.979,59.466,
89096.736,,61.863,59.052,
89196.732,,62.054,59.138,
89296.727,,61.673,59.276,
89396.726,,61.740,60.009,
89496.718,,62.108,60.299,
89596.713,,62.203,60.159,
89696.710,,61.971,59.685,
89796.710,,61.823,59.176,
89896.702,,62.024,59.206,
89996.698,,61.779,59.330,
90096.694,,61.866,59.418,
90196.692,,61.960,58.894,
90296.692,,61.722,57.720,
90396.686,,61.215,58.387,
90496.684,,61.850,59.311,
90596.679,,61.923,60.049,
90696.671,,61.992,60.606,
90796.667,,61.773,60.540,
90896.666,,62.160,61.152,
90996.659,,62.036,62.141,
91096.659,,61.872,61.583,
91196.657,,62.005,62.113,
91296.655,,62.260,62.635,
91396.645,,61.914,63.034,
91496.645,,61.924,63.738,
91596.638,,62.261,63.189,
91696.634,,62.183,62.795,
91796.634,,61.876,62.256,
91896.629,,61.793,61.266,
91996.628,,61.565,61.223,
92096.620,,61.974,61.163,
92196.614,,61.646,60.791,
92296.613,,61.702,60.202,
92396.612,,61.786,60.680,
92496.605,,62.033,60.441,
92596.602,,61.769,60.332,
92696.600,,61.669,59.891,
92796.595,,61.562,59.763,
92896.593,,61.865,59.458,
92996.591,,61.687,59.155,
93096.582,,61.978,59.256,
93196.584,,62.042,59.277,
93296.578,,62.063,59.475,
93396.570,,62.194,60.090,
93496.570,,62.383,60.064,
93596.567,,62.073,60.046,
93696.564,,62.188,60.180,
93796.557,,62.271,59.626,
93896.552,,61.842,59.366,
93996.553,,61.483,58.864,
94096.549,,61.491,58.942,
94196.541,,61.496,58.924,
94296.535,,61.625,59.259,
94396.536,,61.514,58.498,
94496.531,,61.215,58.473,
94596.528,,60.976,58.302,
94696.524,,61.358,58.829,
94796.521,,61.275,58.263,
94896.514,,60.722,57.837,
94996.512,,61.011,58.070,
95096.511,,61.612,59.782,
95196.507,,61.979,59.268,
95296.503,,61.591,59.054,
95396.496,,61.438,58.409,
95496.496,,61.675,58.414,
95596.491,,61.756,57.903,
95696.485,,61.776,57.879,
95796.480,,61.743,58.301,
95896.477,,61.903,58.645,
95996.472,,61.904,58.762,
96096.472,,62.244,59.277,
96196.468,,61.753,58.834,
96296.463,,61.788,58.412,
96396.459,,61.704,58.118,
96496.459,,61.649,57.487,
96596.452,,61.915,58.238,
96696.449,,62.255,58.244,
96796.445,,61.852,58.382,
96896.439,,62.002,58.568,
96996.438,,62.047,58.672,
97096.436,,61.987,58.954,
97196.426,,62.037,59.250,
97296.424,,61.747,59.254,
97396.422,,61.597,59.547,
97496.421,,61.411,59.335,
97596.416,,61.340,58.261,
97696.410,,60.767,57.156,
97796.408,,60.314,56.996,
97896.406,,61.347,58.923,
97996.403,,61.886,60.173,
98096.396,,62.230,59.783,
98196.393,,62.509,59.543,
98296.390,,62.369,59.996,
98396.383,,62.740,60.028,
98496.378,,62.015,59.652,
98596.374,,62.252,59.720,
98696.373,,62.436,59.805,
98796.366,,62.135,60.245,
98896.363,,61.969,60.018,
98996.361,,61.893,59.611,
99096.361,,61.943,59.861,
99196.357,,62.005,59.595,
99296.347,,61.700,60.067,
99396.346,,61.955,59.882,
99496.346,,62.023,59.950,
99596.339,,61.721,59.491,
99696.337,,61.606,60.929,
99796.330,,61.864,61.843,
99896.327,,62.264,60.778,
99996.321,,61.767,60.867,
100096.323,,61.818,60.389,
100196.319,,61.803,59.724,
100296.316,,62.119,59.158,
100396.307,,61.803,59.070,
100496.307,,61.873,59.452,
100596.301,,62.004,59.500,
100696.299,,62.287,59.332,
100796.297,,62.308,58.785,
100896.288,,61.641,58.369,
100996.285,,61.822,58.106,
101096.281,,61.498,57.646,
101196.279,,61.152,57.738,
101296.274,,61.110,58.096,
101396.271,,61.743,58.749,
101496.269,,62.030,59.335,
101596.267,,61.659,58.944,
101696.261,,61.010,58.082,
101796.259,,61.427,58.235,
101896.254,,61.272,58.390,
101996.247,,61.385,58.326,
102096.248,,61.591,58.837,
102196.242,,61.586,59.382,
102296.234,,61.628,59.678,
102396.237,,61.513,59.564,
102496.233,,61.410,59.564,
102596.227,,61.123,58.833,
102696.219,,60.574,58.240,
102796.219,,60.566,58.843,
102896.214,,61.093,59.466,
102996.210,,61.346,59.976,
103096.205,,61.583,59.535,
103196.204,,60.689,57.974,
103296.203,,59.615,57.179,
103396.198,,60.620,58.184,
103496.192,,61.158,58.204,
103596.191,,60.949,58.020,
103696.185,,61.040,58.068,
103796.183,,61.579,58.693,
103896.175,,61.426,59.139,
103996.176,,61.560,58.640,
104096.170,,61.330,59.108,
104196.169,,61.170,59.232,
104296.165,,61.083,59.277,
104396.159,,61.258,59.460,
104496.161,,61.465,59.925,
104596.158,,61.381,59.218,
104696.152,,61.568,59.643,
104796.150,,61.540,59.261,
104896.146,,61.386,59.012,
104996.142,,61.664,59.573,
105096.137,,61.902,59.767,
105196.135,,60.507,58.420,
105296.137,,60.534,58.443,
105396.132,,59.776,58.216,
105496.127,,59.371,58.661,
105596.127,,59.571,58.748,
105696.124,,59.813,58.536,
105796.121,,60.053,58.732,
105896.116,,60.016,57.997,
105996.112,,59.658,57.378,
106096.112,,59.995,57.345,
106196.104,,60.043,58.616,
106296.107,,60.341,57.474,
106396.100,,60.016,56.826,
106496.100,,60.264,57.470,
106596.091,,59.363,56.735,
106696.094,,58.869,57.940,
106796.089,,60.721,58.525,
106896.084,,61.753,59.206,
106996.081,,61.750,58.521,
107096.082,,60.837,58.453,
107196.074,,60.773,59.237,
107296.077,,60.929,59.070,
107396.068,,60.864,58.539,
107496.070,,61.021,58.793,
107596.062,,61.381,59.259,
107696.063,,61.392,59.475,
107796.060,,61.498,59.108,
107896.055,,61.654,58.944,
107996.053,,61.566,59.286,
108096.053,,61.370,59.045,
108196.050,,61.712,60.353,
108296.043,,61.132,59.308,
108396.039,,60.712,58.276,
108496.040,,60.490,58.397,
108596.032,,60.587,59.329,
108696.028,,61.135,59.637,
108796.030,,61.138,58.945,
108896.025,,60.769,59.846,
108996.019,,61.092,60.708,
109096.017,,61.053,60.166,
109196.016,,61.393,59.792,
109296.012,,60.779,59.498,
109396.013,,60.702,58.158,
109496.007,,60.566,58.159,
109596.005,,61.013,58.468,
109696.003,,61.183,58.754,
109795.998,,60.965,58.677,
109895.995,,61.614,58.586,
109995.995,,61.272,59.416,
110095.989,,61.546,60.083,
110195.986,,61.332,59.986,
110295.981,,61.372,60.248,
110395.976,,61.230,60.399,
110495.980,,61.421,60.353,
110595.977,,61.359,60.354,
110695.973,,61.471,60.457,
110795.967,,61.486,61.167,
110895.966,,61.344,61.373,
110995.960,,61.269,60.362,
111095.957,,61.348,59.889,
111195.955,,61.341,59.520,
111295.956,,61.166,59.806,
111395.949,,61.520,59.883,
111495.949,,61.375,59.830,
111595.942,,61.323,59.401,
111695.942,,61.465,60.072,
111795.938,,61.616,60.442,
111895.932,,61.127,60.634,
111995.933,,61.523,60.814,
112095.931,,61.813,60.515,
112195.929,,61.539,59.888,
112295.929,,61.670,60.231,
112395.927,,61.759,60.317,
112495.927,,61.453,59.477,
112595.922,,61.384,58.775,
112695.922,,61.267,58.028,
112795.921,,60.836,58.184,
112895.915,,61.056,58.178,
112995.916,,61.208,58.143,
113095.913,,61.266,58.592,
113195.911,,61.401,58.891,
113295.910,,61.593,58.418,
113395.910,,61.415,58.317,
113495.906,,61.259,58.234,
113595.910,,61.094,58.143,
113695.908,,61.010,58.212,
113795.907,,61.487,58.478,
113895.900,,61.268,58.524,
113995.899,,61.051,58.066,
114095.900,,61.116,58.031,
114195.896,,61.136,57.344,
114295.897,,61.027,57.866,
114395.895,,61.332,57.549,
114495.893,,61.548,57.478,
114595.894,,61.697,57.643,
114695.891,,61.598,57.551,
114795.890,,61.495,56.971,
114895.890,,61.657,56.671,
114995.883,,61.166,56.051,
115095.886,,61.029,57.073,
115195.885,,61.153,56.645,
115295.884,,61.294,56.620,
115395.879,,61.304,56.387,
115495.876,,61.307,56.409,
115595.876,,61.410,56.210,
115695.876,,60.985,56.237,
115795.873,,60.745,56.783,
115895.870,,61.296,56.957,
115995.872,,60.979,56.576,
116095.870,,60.910,56.563,
116195.865,,61.472,57.154,
116295.868,,61.654,57.631,
116395.862,,61.706,57.668,
116495.862,,61.478,58.194,
116595.861,,61.454,58.280,
116695.863,,61.297,57.638,
116795.859,,60.747,57.351,
116895.856,,61.337,58.278,
116995.852,,61.352,58.191,
117095.856,,61.261,58.627,
117195.854,,61.528,57.979,
117295.849,,61.379,58.155,
117395.853,,61.279,58.117,
117495.847,,61.312,57.793,
117595.844,,61.266,57.378,
117695.847,,61.644,57.670,
117795.844,,61.462,57.334,
117895.839,,61.599,57.967,
117995.839,,61.676,58.300,
118095.842,,61.364,57.626,
118195.838,,61.404,57.205,
118295.833,,61.192,57.060,
118395.837,,61.317,57.329,
118495.830,,61.162,57.689,
118595.831,,61.614,58.536,
118695.833,,61.613,58.310,
118795.832,,61.727,58.985,
118895.824,,61.551,58.645,
118995.825,,61.422,59.334,
119095.823,,61.708,59.420,
119195.826,,61.489,59.991,
119295.825,,61.819,60.421,
119395.824,,61.584,60.102,
119495.819,,61.336,59.780,
119595.819,,61.417,59.298,
119695.814,,61.211,58.350,
119795.816,,61.366,58.943,
119895.815,,61.722,58.454,
119995.811,,61.066,57.233,
120095.808,,60.557,56.754,
120195.803,,59.984,56.321,
120295.798,,60.313,56.720,
120395.796,,60.212,56.466,
120495.796,,59.983,56.364,
120595.789,,60.329,56.424,
120695.791,,60.565,56.175,
120795.784,,60.746,56.451,
120895.784,,60.736,56.516,
120995.781,,60.792,55.658,
121095.773,,60.068,54.405,
121195.773,,59.895,54.388,
121295.769,,60.003,55.007,
121395.769,,59.868,54.526,
121495.764,,60.092,55.322,
121595.757,,60.426,55.610,
121695.757,,60.399,55.356,
121795.751,,60.586,55.254,
121895.749,,60.713,54.848,
121995.745,,61.001,55.442,
122095.741,,60.710,55.879,
122195.740,,61.116,56.905,
122295.736,,61.663,57.106,
122395.732,,61.619,57.350,
122495.730,,61.635,57.089,
122595.726,,61.474,58.030,
122695.727,,60.998,59.130,
122795.719,,61.279,59.298,
122895.716,,61.420,59.579,
122995.718,,61.283,59.941,
123095.710,,61.088,59.702,
123195.711,,61.368,59.195,
123295.706,,61.188,58.715,
123395.701,,61.273,58.422,
123495.700,,61.313,57.933,
123595.693,,61.591,58.004,
123695.692,,61.642,58.166,
123795.692,,61.783,58.519,
123895.686,,61.761,58.088,
123995.683,,61.556,57.426,
124095.683,,61.394,57.264,
124195.680,,61.534,56.723,
124295.671,,61.594,57.569,
124395.670,,61.777,58.100,
124495.666,,61.664,57.673,
124595.664,,61.559,57.977,
124695.661,,61.409,58.465,
124795.655,,61.226,59.128,
124895.657,,61.466,59.248,
124995.651,,61.488,58.805,
125095.651,,61.800,58.473,
125195.648,,61.173,57.810,
125295.641,,61.170,58.242,
125395.639,,61.601,57.916,
125495.635,,61.495,57.918,
125595.631,,61.438,57.934,
125695.629,,61.597,57.704,
125795.623,,61.628,57.878,
125895.623,,61.726,58.369,
125995.621,,61.804,58.428,
126095.618,,61.603,57.916,
126195.612,,61.308,56.756,
126295.614,,61.163,56.862,
126395.606,,61.266,56.527,
126495.603,,61.121,57.112,
126595.600,,60.969,57.322,
126695.597,,61.352,58.144,
126795.596,,61.662,58.310,
126895.595,,60.925,57.748,
126995.586,,61.297,59.290,
127095.583,,61.487,59.020,
127195.580,,61.370,59.995,
127295.582,,61.482,60.967,
127395.578,,61.583,61.405,
127495.570,,61.873,60.280,
127595.569,,61.507,60.075,
127695.567,,61.509,60.374,
127795.563,,60.962,57.806,
127895.559,,60.641,59.717,
127995.556,,61.436,59.853,
128095.554,,61.336,58.818,
128195.551,,61.274,60.247,
128295.546,,61.581,60.610,
128395.541,,61.421,60.566,
128495.538,,61.201,59.618,
128595.534,,61.406,59.147,
128695.530,,61.060,58.034,
128795.523,,61.358,58.518,
128895.519,,61.220,57.939,
128995.516,,61.024,57.730,
129095.515,,60.884,57.337,
129195.508,,60.856,58.096,
129295.504,,61.469,57.952,
129395.498,,61.664,57.707,
129495.492,,61.591,57.573,
129595.494,,61.761,57.823,
129695.489,,61.977,57.879,
129795.486,,61.612,57.455,
129895.481,,61.757,57.359,
129995.472,,61.641,56.894,
130095.474,,61.385,57.834,
130195.465,,61.536,57.688,
130295.460,,61.514,58.018,
130395.459,,61.734,58.375,
130495.457,,61.664,57.946,
130595.451,,61.314,57.377,
130695.446,,61.221,57.487,
130795.442,,61.367,56.548,
130895.436,,61.053,57.065,
130995.437,,61.649,57.459,
131095.432,,61.785,57.405,
131195.422,,61.877,57.990,
131295.421,,62.014,58.258,
131395.418,,61.993,58.361,
131495.413,,61.693,57.636,
131595.409,,61.414,57.255,
131695.407,,61.366,56.987,
131795.398,,61.329,56.782,
131895.398,,61.312,56.913,
131995.392,,61.294,57.178,
132095.391,,61.471,57.490,
132195.384,,61.388,57.658,
132295.383,,61.470,58.154,
132395.375,,61.642,58.667,
132495.372,,61.465,58.305,
132595.365,,61.279,58.426,
132695.362,,61.074,58.841,
132795.358,,61.234,59.307,
132895.358,,61.566,59.454,
132995.351,,61.669,59.715,
133095.344,,61.092,59.554,
133195.346,,61.338,60.443,
133295.337,,61.348,60.135,
133395.335,,61.000,59.337,
133495.333,,61.237,59.379,
133595.326,,61.153,59.336,
133695.321,,60.984,58.935,
133795.322,,61.362,58.653,
133895.316,,61.347,58.451,
133995.310,,61.340,57.924,
134095.307,,61.380,57.577,
134195.299,,61.193,57.877,
134295.297,,61.232,58.800,
134395.289,,61.514,59.008,
134495.286,,61.441,59.501,
134595.285,,61.253,60.681,
134695.284,,61.309,60.028,
134795.274,,61.104,59.058,
134895.273,,60.870,58.241,
134995.266,,60.716,58.043,
135095.265,,61.029,58.056,
135195.256,,60.988,57.852,
135295.253,,60.778,57.636,
135395.249,,60.657,57.804,
135495.247,,61.016,58.147,
135595.244,,60.909,57.540,
135695.242,,60.841,58.121,
135795.233,,61.136,58.358,
135895.230,,60.591,56.720,
135995.229,,60.105,58.066,
136095.223,,61.068,58.430,
136195.227,,60.538,58.363,
136295.219,,60.956,58.160,
136395.221,,60.827,58.293,
136495.215,,60.375,58.522,
136595.218,,60.371,59.127,
136695.218,,60.689,58.922,
136795.213,,60.671,58.151,
136895.214,,60.633,57.850,
136995.205,,60.538,57.855,
137095.206,,60.388,58.088,
137195.207,,60.809,58.182,
137295.199,,60.618,56.779,
137395.201,,59.537,56.033,
137495.195,,59.794,55.047,
137595.199,,59.470,55.525,
137695.197,,59.509,56.729,
137795.192,,59.543,57.393,
137895.189,,59.683,57.816,
137995.189,,59.822,57.850,
138095.188,,60.260,58.207,
138195.185,,60.373,57.914,
138295.180,,60.199,57.190,
138395.179,,60.070,57.290,
138495.179,,60.265,56.632,
138595.173,,60.093,57.727,
138695.173,,59.538,58.477,
138795.173,,60.635,57.930,
138895.172,,60.053,57.236,
138995.168,,60.304,57.800,
139095.168,,60.436,56.964,
139195.163,,60.340,56.057,
139295.165,,59.628,56.558,
139395.163,,60.496,57.246,
139495.160,,60.453,57.057,
139595.154,,60.319,56.854,
139695.154,,60.035,57.284,
139795.154,,60.265,57.255,
139895.154,,60.222,56.936,
139995.148,,60.083,57.234,
140095.149,,60.617,57.459,
140195.147,,60.216,57.418,
140295.144,,59.877,57.343,
140395.138,,60.607,57.158,
140495.136,,59.876,57.112,
140595.134,,60.408,58.290,
140695.132,,61.013,58.455,
140795.135,,60.543,58.052,
140895.132,,59.843,55.745,
140995.127,,60.325,57.149,
141095.126,,60.884,57.721,
141195.125,,60.674,57.650,
141295.125,,60.790,58.546,
141395.123,,61.312,59.458,
141495.123,,61.725,59.648,
141595.119,,61.675,60.511,
141695.118,,61.693,60.582,
141795.111,,61.310,59.784,
141895.115,,60.240,58.207,
141995.108,,60.619,60.201,
142095.105,,60.705,59.532,
142195.104,,61.120,59.779,
142295.105,,61.477,59.900,
142395.101,,61.437,59.619,
142495.104,,61.419,58.875,
142595.099,,61.170,58.579,
142695.095,,61.257,58.516,
142795.096,,61.299,58.869,
142895.090,,61.342,59.144,
142995.088,,60.757,58.327,
143095.086,,61.266,59.001,
143195.089,,61.134,59.259,
143295.086,,61.409,59.304,
143395.081,,61.540,59.032,
143495.080,,61.629,59.104,
143595.078,,61.748,58.712,
143695.075,,61.816,58.636,
143795.074,,61.608,58.550,
143895.072,,61.588,58.665,
143995.070,,61.063,58.185,
144095.071,,60.738,58.114,
144195.062,,60.351,57.774,
144295.063,,60.428,57.290,
144395.061,,59.985,58.492,
144495.058,,60.947,59.109,
144595.048,,61.036,59.399,
144695.049,,60.843,59.395,
144795.044,,60.776,59.313,
144895.041,,61.102,59.248,
144995.037,,61.292,58.872,
145095.036,,61.435,58.463,
145195.035,,61.048,58.273,
145295.031,,61.191,58.498,
145395.027,,61.187,57.716,
145495.025,,61.170,56.509,
145595.018,,59.847,56.531,
145695.016,,60.793,58.168,
145795.013,,61.410,58.307,
145895.007,,60.997,58.785,
145995.004,,61.266,58.679,
146095.001,,61.513,57.954,
146194.998,,61.465,58.003,
146294.999,,61.190,57.797,
146394.991,,61.565,58.025,
146494.990,,61.137,58.233,
146594.990,,61.622,58.468,
146694.984,,61.773,58.211,
146794.984,,61.094,57.814,
146894.976,,60.976,57.756,
146994.976,,60.938,57.225,
147094.974,,60.795,57.645,
147194.966,,61.009,57.839,
147294.961,,60.965,57.317,
147394.964,,60.999,57.183,
147494.958,,61.014,56.851,
147594.956,,60.896,56.847,
147694.954,,61.004,57.464,
147794.948,,60.973,57.525,
147894.948,,61.527,58.171,
147994.944,,61.256,58.316,
148094.938,,61.278,59.374,
148194.936,,61.441,59.247,
148294.934,,61.237,59.105,
148394.928,,61.280,59.515,
148494.929,,61.482,59.727,
148594.922,,61.509,60.001,
148694.922,,61.530,60.334,
148794.919,,61.759,60.537,
148894.914,,61.639,60.943,
148994.909,,61.728,60.979,
149094.904,,61.826,60.876,
149194.904,,61.629,60.066,
149294.899,,61.572,60.077,
149394.898,,61.817,60.466,
149494.890,,61.995,60.349,
149594.888,,61.661,59.648,
149694.886,,61.575,59.164,
149794.883,,61.547,59.362,
149894.879,,61.243,58.607,
149994.881,,61.128,58.646,
150094.876,,61.405,59.135,
150194.873,,61.301,59.210,
150294.871,,61.353,60.234,
150394.865,,61.589,59.379,
150494.859,,60.945,58.318,
150594.861,,60.865,57.650,
150694.852,,60.865,57.250,
150794.851,,61.106,57.603,
150894.847,,60.861,57.544,
150994.845,,61.194,59.746,
151094.844,,62.142,59.452,
151194.839,,61.594,58.986,
151294.837,,61.253,58.268,
151394.835,,61.095,57.702,
151494.832,,61.300,57.392,
151594.825,,61.342,57.164,
151694.824,,61.272,57.295,
151794.819,,61.060,57.156,
151894.816,,60.664,56.124,
151994.818,,60.238,56.358,
152094.810,,60.048,56.792,
152194.812,,59.596,55.942,
152294.809,,60.575,57.379,
152394.810,,60.685,57.373,
152494.803,,61.019,57.785,
152594.803,,60.914,57.561,
152694.798,,60.036,57.443,
152794.799,,59.612,57.467,
152894.797,,60.320,56.863,
152994.797,,60.212,56.249,
153094.793,,60.444,56.482,
153194.789,,60.344,56.301,
153294.790,,60.387,56.169,
153394.789,,60.465,56.435,
153494.787,,60.605,56.818,
153594.785,,60.882,57.336,
153694.781,,60.813,57.482,
153794.777,,60.999,58.218,
153894.778,,61.452,58.633,
153994.776,,61.256,58.236,
154094.774,,60.991,58.216,
154194.772,,60.941,58.033,
154294.770,,60.779,58.206,
154394.765,,61.097,58.903,
154494.769,,61.213,58.863,
154594.763,,61.267,58.555,
154694.759,,61.152,58.124,
154794.761,,61.088,57.990,
154894.760,,61.457,58.177,
154994.759,,60.987,58.729,
155094.756,,60.775,59.011,
155194.754,,60.820,58.971,
155294.749,,60.692,59.928,
155394.750,,60.505,60.134,
155494.747,,60.851,61.579,
155594.745,,61.258,61.729,
155694.744,,60.679,61.987,
155794.742,,61.435,61.828,
155894.743,,61.230,60.875,
155994.741,,60.850,59.676,
156094.738,,60.770,59.545,
156194.731,,60.947,58.420,
156294.731,,60.539,58.453,
156394.730,,60.520,59.093,
156494.729,,60.661,58.422,
156594.728,,61.066,58.623,
156694.723,,60.947,58.735,
156794.726,,61.126,59.136,
156894.722,,61.297,59.064,
156994.720,,61.262,58.827,
157094.715,,61.237,58.647,
157194.717,,61.372,57.964,
157294.717,,61.157,57.851,
157394.713,,61.331,58.643,
157494.710,,61.015,58.189,
157594.710,,61.240,57.955,
157694.705,,61.304,58.715,
157794.708,,61.755,59.652,
157894.704,,61.587,60.150,
157994.699,,61.542,60.512,
158094.702,,61.305,59.518,
158194.696,,60.864,58.628,
158294.699,,60.614,58.181,
158394.696,,60.370,57.663,
158494.688,,60.384,57.605,
158594.691,,60.414,57.900,
158694.688,,60.509,57.845,
158794.686,,60.512,58.361,
158894.687,,60.535,57.944,
158994.680,,60.616,57.841,
159094.682,,60.752,58.026,
159194.676,,60.713,57.330,
159294.678,,60.770,57.243,
159394.679,,60.648,57.500,
159494.674,,60.425,57.292,
159594.669,,60.750,57.034,
159694.670,,61.043,57.295,
159794.669,,60.875,57.042,
159894.669,,60.777,56.789,
159994.660,,60.806,56.965,
160094.658,,60.773,57.129,
160194.655,,60.838,56.963,
160294.649,,61.078,57.437,
160394.647,,60.535,56.883,
160494.641,,60.212,56.464,
160594.638,,60.170,57.062,
160694.634,,60.271,56.796,
160794.628,,60.316,57.879,
160894.625,,60.842,58.367,
160994.622,,60.726,58.697,
161094.616,,60.817,58.206,
161194.614,,60.967,57.580,
161294.607,,60.857,57.869,
161394.608,,61.070,58.054,
161494.601,,61.320,57.891,
161594.596,,61.455,58.521,
161694.594,,61.269,57.538,
161794.586,,61.184,57.426,
161894.588,,60.720,57.980,
161994.578,,60.947,57.952,
162094.576,,61.288,57.750,
162194.576,,60.810,57.472,
162294.568,,60.786,57.282,
162394.567,,60.681,56.736,
162494.564,,60.927,57.522,
162594.555,,60.859,57.639,
162694.551,,60.908,56.797,
162794.547,,60.933,57.617,
162894.543,,60.854,57.474,
162994.542,,60.986,57.446,
163094.536,,61.028,57.377,
163194.530,,60.932,56.889,
163294.527,,61.082,56.245,
163394.523,,61.149,56.174,
163494.517,,60.563,55.688,
163594.516,,60.802,55.713,
163694.509,,61.090,56.199,
163794.508,,60.955,56.358,
163894.505,,60.937,55.989,
163994.501,,60.598,55.791,
164094.493,,60.929,56.408,
164194.493,,60.847,56.159,
164294.485,,60.898,56.163,
164394.485,,60.807,56.610,
164494.482,,61.207,56.865,
164594.476,,61.148,57.078,
164694.467,,61.172,57.296,
164794.466,,61.051,56.919,
164894.463,,61.095,56.738,
164994.460,,61.024,56.625,
165094.453,,60.683,56.693,
165194.450,,60.590,56.957,
165294.444,,60.637,57.877,
165394.445,,60.931,57.684,
165494.436,,60.635,57.442,
165594.434,,60.796,57.999,
165694.429,,60.984,58.123,
165794.423,,61.085,57.425,
165894.424,,61.379,58.894,
165994.414,,61.593,58.257,
166094.411,,61.403,58.327,
166194.406,,61.085,58.890,
166294.404,,60.938,58.360,
166394.400,,60.760,57.762,
166494.398,,60.865,57.630,
166594.391,,60.732,57.421,
166694.390,,61.350,57.512,
166794.384,,61.258,57.173,
166894.377,,61.178,57.302,
166994.379,,61.310,56.718,
167094.373,,61.405,57.064,
167194.367,,61.480,57.070,
167294.366,,61.565,57.137,
167394.362,,61.765,56.804,
167494.359,,61.940,57.113,
167594.350,,61.738,57.670,
167694.345,,61.558,56.461,
167794.343,,61.305,56.279,
167894.336,,60.840,56.586,
167994.336,,60.882,56.427,
168094.332,,60.680,55.774,
168194.326,,60.907,56.291,
168294.324,,60.925,56.240,
168394.320,,61.028,56.247,
168494.316,,61.595,56.796,
168594.313,,61.570,55.799,
168694.309,,61.171,55.960,
168794.306,,61.102,55.630,
168894.307,,60.951,55.316,
168994.300,,60.889,55.399,
169094.295,,61.172,55.585,
169194.294,,60.919,56.206,
169294.293,,60.957,56.224,
169394.287,,61.002,56.865,
169494.280,,61.109,56.984,
169594.283,,60.945,56.717,
169694.274,,60.852,56.430,
169794.274,,60.883,56.891,
169894.273,,61.146,58.201,
169994.268,,61.359,57.785,
170094.264,,61.389,57.742,
170194.260,,60.880,57.658,
170294.253,,60.873,56.652,
170394.256,,60.669,56.128,
170494.247,,60.781,55.843,
170594.245,,60.918,55.875,
170694.242,,60.663,56.484,
170794.235,,60.542,57.378,
170894.238,,60.735,57.728,
170994.235,,60.919,58.360,
171094.229,,60.682,58.219,
171194.225,,60.609,58.177,
171294.220,,60.843,57.942,
171394.217,,60.822,57.840,
171494.216,,60.916,57.638,
171594.210,,60.864,56.622,
171694.206,,60.711,56.727,
171794.205,,60.677,56.584,
171894.202,,60.885,56.916,
171994.198,,60.837,56.599,
172094.193,,60.868,55.961,
172194.193,,61.006,56.238,
172294.189,,61.179,56.260,
172394.186,,60.789,55.801,
172494.177,,60.901,55.970,
172594.178,,60.533,55.402,
172694.176,,60.561,55.322,
172794.167,,60.547,56.020,
172894.166,,60.801,56.725,
172994.161,,60.568,56.930,
173094.162,,60.866,57.535,
173194.154,,61.395,57.109,
173294.154,,60.468,56.716,
173394.147,,60.508,56.727,
173494.144,,60.358,57.109,
173594.143,,60.447,56.988,
173694.135,,60.600,57.510,
173794.138,,60.322,56.676,
173894.130,,60.760,57.109,
173994.129,,61.091,56.864,
174094.126,,61.077,56.962,
174194.121,,60.830,56.102,
174294.118,,60.570,56.446,
174394.115,,60.474,56.792,
174494.108,,60.514,56.375,
174594.103,,60.285,55.937,
174694.102,,60.095,55.914,
174794.099,,60.013,55.506,
174894.095,,60.335,55.882,
174994.093,,60.250,55.969,
175094.087,,60.071,55.397,
175194.086,,59.972,54.976,
175294.081,,59.856,54.974,
175394.081,,59.861,54.571,
175494.074,,59.962,54.344,
175594.073,,60.000,54.142,
175694.070,,60.038,53.967,
175794.063,,59.737,53.394,
175894.060,,59.497,54.094,
175994.056,,60.447,54.765,
176094.057,,60.605,54.816,
176194.057,,60.608,54.362,
176294.052,,59.891,54.974,
176394.048,,60.711,55.765,
176494.045,,60.534,55.950,
176594.046,,60.673,56.654,
176694.042,,60.926,57.374,
176794.036,,60.884,58.065,
176894.037,,60.627,57.603,
176994.033,,60.804,57.615,
177094.032,,60.696,57.448,
177194.031,,61.144,57.977,
177294.027,,61.356,57.466,
177394.024,,61.064,57.405,
177494.023,,61.046,58.075,
177594.017,,60.801,58.514,
177694.015,,60.845,57.945,
177794.011,,60.682,57.850,
177894.014,,60.636,57.441,
177994.007,,60.507,57.352,
178094.004,,60.444,57.067,
178194.000,,59.946,56.593,
178293.999,,59.831,56.420,
178393.996,,60.046,57.980,
178493.998,,60.815,58.136,
178593.990,,60.862,57.779,
178693.990,,61.308,57.948,
178793.988,,61.117,57.453,
178893.988,,60.830,57.490,
178993.986,,60.887,58.187,
179093.979,,60.985,58.516,
179193.980,,61.035,58.109,
179293.976,,60.588,57.935,
179393.972,,60.682,57.448,
179493.973,,60.420,56.854,
179593.968,,60.373,57.077,
179693.966,,60.439,56.889,
179793.961,,60.461,57.191,
179893.960,,60.361,57.271,
179993.958,,60.347,57.565,
180093.958,,60.946,58.039,
180193.954,,61.076,58.502,
180293.949,,60.751,59.053,
180393.948,,60.555,59.549,
180493.944,,61.289,59.543,
180593.940,,60.826,59.690,
180693.940,,60.672,59.457,
180793.939,,60.951,59.678,
180893.939,,61.176,59.255,
180993.936,,61.095,59.024,
181093.933,,60.880,57.928,
181193.931,,60.364,57.210,
181293.929,,60.060,57.357,
181393.920,Input1*2*0,60.028,56.813,
181493.922,Input1*2*1,59.951,57.105,
181593.916,,59.931,57.120,
181693.917,,60.057,56.919,
181793.916,,60.162,58.944,
181893.912,,60.361,60.307,
181993.905,,60.441,60.475,
182093.903,,60.534,59.707,
182193.902,,60.581,59.135,
182293.897,,60.562,58.413,
182393.897,,60.923,58.502,
182493.894,,60.767,58.446,
182593.896,,60.616,57.934,
182693.890,,60.876,57.861,
182793.890,,61.127,57.549,
182893.885,,60.196,56.839,
182993.885,,60.022,57.441,
183093.883,,60.594,57.994,
183193.878,,60.926,58.465,
183293.873,,60.903,57.881,
183393.877,,60.840,58.473,
183493.870,,60.805,58.954,
183593.865,,60.814,58.681,
183693.864,,60.800,58.289,
183793.865,,60.832,58.055,
183893.859,,60.591,57.829,
183993.861,,60.522,56.912,
184093.858,,60.206,56.738,
184193.854,,60.391,57.187,
184293.853,,60.571,56.554,
184393.850,,59.973,56.433,
184493.845,,60.154,55.837,
184593.840,,59.855,56.229,
184693.835,,60.183,56.266,
184793.836,,60.496,56.720,
184893.833,,60.956,55.963,
184993.828,,60.867,56.454,
185093.824,,61.033,56.459,
185193.824,,60.957,55.896,
185293.824,,60.522,55.917,
185393.815,,60.424,55.635,
185493.818,,60.561,55.257,
185593.809,,60.740,55.832,
185693.811,,60.857,55.832,
185793.805,,60.699,55.603,
185893.803,,60.800,55.882,
185993.797,,60.827,56.145,
186093.797,,60.830,55.606,
186193.792,,60.475,55.364,
186293.792,,60.481,55.831,
186393.790,,60.343,55.772,
186493.789,,60.744,56.010,
186593.784,,60.513,55.617,
186693.782,,60.340,55.309,
186793.778,,60.583,55.792,
186893.774,,60.441,55.171,
186993.772,,60.368,55.361,
187093.769,,60.586,55.878,
187193.769,,60.771,56.138,
187293.766,,60.861,56.095,
187393.760,,60.890,56.540,
187493.758,,60.784,56.908,
187593.756,,60.129,56.512,
187693.754,,60.041,56.207,
187793.752,,60.353,56.636,
187893.749,,60.097,56.948,
187993.741,,60.820,57.339,
188093.739,,60.678,57.061,
188193.735,,60.838,56.800,
188293.736,,60.328,55.440,
188393.733,,60.070,55.110,
188493.733,,59.962,54.908,
188593.730,,59.927,54.723,
188693.726,,59.949,54.492,
188793.720,,60.131,55.165,
188893.721,,60.826,56.307,
188993.717,,60.280,56.382,
189093.710,,59.913,56.860,
189193.712,,59.658,56.504,
189293.709,,60.170,56.999,
189393.704,,60.243,56.666,
189493.701,,60.119,56.219,
189593.698,,60.041,56.037,
189693.699,,60.383,55.681,
189793.692,,60.485,56.064,
189893.689,,60.600,56.522,
189993.685,,60.614,56.290,
190093.683,,60.605,56.149,
190193.679,,61.045,56.559,
190293.680,,61.130,56.449,
190393.677,,61.146,57.010,
190493.669,,61.057,56.779,
190593.669,,60.982,55.872,
190693.668,,60.357,55.762,
190793.667,,60.372,55.538,
190893.664,,60.501,55.691,
190993.658,,60.535,55.664,
191093.655,,60.423,55.173,
191193.651,,60.235,55.687,
191293.652,,60.214,56.759,
191393.650,,60.276,57.216,
191493.643,,60.466,57.141,
191593.641,,60.560,56.712,
191693.638,,60.447,56.226,
191793.633,,60.573,56.792,
191893.632,,60.606,57.093,
191993.632,,60.668,57.650,
192093.625,,60.753,56.942,
192193.621,,60.647,55.955,
192293.621,,60.575,55.491,
192393.615,,60.489,55.123,
192493.607,,60.407,55.190,
192593.605,,60.310,55.699,
192693.605,,60.416,56.559,
192793.600,,60.248,57.387,
192893.593,,60.211,58.519,
192993.590,,60.621,58.815,
193093.587,,60.260,58.344,
193193.585,,60.241,59.383,
193293.579,,60.320,60.010,
193393.574,,60.557,59.852,
193493.572,,60.228,59.981,
193593.567,,60.221,60.395,
193693.564,,60.626,60.312,
193793.558,,60.456,60.387,
193893.557,,60.250,59.509,
193993.552,,59.870,59.043,
194093.549,,60.231,59.457,
194193.547,,60.213,59.500,
194293.541,,59.982,58.476,
194393.534,,59.498,57.875,
194493.531,,59.655,58.233,
194593.525,,59.736,57.650,
194693.524,,59.766,57.820,
194793.520,,59.786,58.049,
194893.519,,59.751,57.635,
194993.515,,60.115,57.959,
195093.511,,60.407,57.994,
195193.504,,60.299,57.707,
195293.504,,60.343,57.411,
195393.497,,60.749,58.932,
195493.492,,61.201,59.335,
195593.492,,60.580,57.765,
195693.485,,60.455,57.951,
195793.481,,60.433,57.833,
195893.479,,60.664,58.299,
195993.470,,60.701,58.535,
196093.468,,60.694,57.947,
196193.463,,60.251,57.927,
196293.465,,60.527,58.081,
196393.458,,60.730,58.219,
196493.453,,60.926,58.475,
196593.451,,60.864,58.244,
196693.448,,61.096,58.051,
196793.445,,61.184,58.013,
196893.439,,60.826,57.482,
196993.437,,60.417,56.409,
197093.427,,60.164,56.854,
197193.428,,59.998,57.293,
197293.422,,60.219,56.921,
197393.417,,59.432,56.591,
197493.413,,59.728,57.322,
197593.413,,59.527,57.297,
197693.404,,60.108,57.847,
197793.405,,60.392,58.463,
197893.397,,60.859,58.299,
197993.392,,60.798,58.128,
198093.393,,60.859,58.023,
198193.388,,60.700,57.287,
198293.382,,60.345,57.478,
198393.378,,60.422,57.518,
198493.378,,60.526,57.417,
198593.368,,60.546,57.248,
198693.370,,60.603,57.508,
198793.364,,60.544,58.329,
198893.361,,61.117,58.199,
198993.357,,60.648,57.860,
199093.351,,60.414,57.866,
199193.351,,60.576,58.342,
199293.344,,60.663,58.212,
199393.343,,60.837,57.653,
199493.337,,60.475,57.780,
199593.334,,60.526,57.548,
199693.329,,60.520,56.786,
199793.327,,60.799,56.825,
199893.318,,60.586,56.605,
199993.321,,60.790,56.600,
200093.315,,60.908,57.260,
200193.313,,60.857,57.390,
200293.311,,60.424,57.173,
200393.309,,60.554,57.026,
200493.305,,60.357,57.365,
200593.299,,60.626,58.739,
200693.302,,60.722,57.775,
200793.298,,60.040,58.667,
200893.291,,60.294,58.364,
200993.290,,60.723,58.377,
201093.290,,60.686,57.829,
201193.286,,60.454,57.533,
201293.281,,60.440,57.297,
201393.284,,60.396,57.376,
201493.276,,60.214,56.760,
201593.278,,60.038,56.821,
201693.274,,60.169,56.741,
201793.274,,60.302,57.308,
201893.269,,60.244,57.033,
201993.267,,60.543,58.263,
202093.264,,60.585,57.739,
202193.258,,60.749,57.470,
202293.260,,60.850,57.527,
202393.253,,60.831,56.869,
202493.250,,61.009,56.372,
202593.250,,60.659,56.109,
202693.245,,60.519,57.001,
202793.243,,60.885,57.542,
202893.241,,60.827,57.608,
202993.243,,60.679,57.753,
203093.237,,60.505,58.132,
203193.236,,60.412,58.229,
203293.231,,60.560,58.119,
203393.232,,60.567,57.957,
203493.227,,60.458,57.470,
203593.225,,60.752,57.257,
203693.223,,60.724,57.112,
203793.220,,60.338,56.650,
203893.215,,60.536,56.718,
203993.212,,60.398,56.135,
204093.211,,60.513,56.396,
204193.209,,60.815,56.582,
204293.209,,60.615,56.732,
204393.201,,60.689,56.434,
204493.200,,60.642,56.151,
204593.198,,60.585,55.962,
204693.195,,60.237,55.738,
204793.197,,60.765,55.841,
204893.188,,60.509,55.925,
204993.190,,60.584,55.696,
205093.184,,60.590,55.372,
205193.186,,60.750,55.339,
205293.178,,60.528,55.720,
205393.176,,60.541,55.604,
205493.174,,60.392,55.221,
205593.170,,60.500,55.427,
205693.171,,60.121,54.819,
205793.170,,59.766,54.062,
205893.166,,60.054,55.407,
205993.167,,60.443,54.928,
206093.161,,60.630,55.156,
206193.158,,60.111,54.654,
206293.158,,60.146,55.250,
206393.150,,60.495,55.536,
206493.152,,60.533,55.177,
206593.147,,60.824,55.478,
206693.146,,60.391,55.282,
206793.144,,60.544,56.029,
206893.139,,60.465,56.123,
206993.136,,60.574,55.949,
207093.134,,60.397,56.051,
207193.131,,60.662,56.354,
207293.130,,60.603,56.266,
207393.126,,60.648,56.523,
207493.127,,60.859,55.436,
207593.122,,60.660,55.963,
207693.122,,60.156,55.984,
207793.121,,60.391,55.574,
207893.117,,60.501,55.640,
207993.110,,60.330,55.213,
208093.108,,60.235,55.489,
208193.106,,60.114,55.133,
208293.105,,59.741,55.079,
208393.098,,59.827,56.499,
208493.102,,60.193,57.027,
208593.097,,59.876,56.409,
208693.095,,59.484,56.922,
208793.090,,60.111,57.420,
208893.091,,60.120,57.099,
208993.089,,60.255,56.635,
209093.083,,60.171,56.211,
209193.078,,59.840,55.561,
209293.079,,59.641,55.577,
209393.078,,60.284,56.250,
209493.072,,59.938,56.576,
209593.069,,60.362,55.445,
209693.063,,60.067,54.806,
209793.064,,60.004,54.667,
209893.064,,60.076,55.238,
209993.056,,60.066,55.392,
210093.059,,59.427,54.470,
210193.052,,59.765,54.928,
210293.054,,59.419,54.372,
210393.048,,59.669,54.766,
210493.047,,60.017,54.718,
210593.042,,60.014,55.000,
210693.042,,60.023,55.085,
210793.040,,59.930,55.631,
210893.036,,59.677,55.371,
210993.031,,59.789,55.807,
211093.032,,59.693,56.827,
211193.029,,59.556,57.257,
211293.023,,59.826,57.272,
211393.021,,59.783,57.887,
211493.019,,60.246,58.245,
211593.012,,60.442,58.717,
211693.014,,60.465,59.255,
211793.009,,60.490,59.225,
211893.011,,60.319,59.524,
211993.007,,60.905,59.382,
212093.001,,60.439,59.096,
212193.003,,60.508,59.258,
212292.994,,60.618,58.674,
212392.996,,59.849,57.800,
212492.994,,59.812,58.077,
212592.992,,60.096,58.117,
212692.989,,59.888,57.556,
212792.984,,59.973,57.344,
212892.979,,60.113,57.427,
212992.977,,60.285,57.978,
213092.974,,60.293,57.952,
213192.975,,60.455,57.124,
213292.974,,59.969,56.231,
213392.965,,60.109,57.068,
213492.966,,60.329,57.460,
213592.963,,60.145,57.070,
213692.959,,60.374,56.660,
213792.957,,59.473,55.998,
213892.954,,59.257,56.680,
213992.949,,59.869,57.133,
214092.948,,60.230,56.988,
214192.946,,60.247,56.863,
214292.940,,60.061,57.564,
214392.942,,60.801,58.642,
214492.935,,60.282,57.617,
214592.936,,60.058,56.705,
214692.933,,60.202,57.606,
214792.929,,59.735,56.935,
214892.925,,59.855,56.695,
214992.924,,60.283,56.715,
215092.926,,59.692,56.898,
215192.922,,60.434,58.072,
215292.921,,60.654,58.899,
215392.915,,60.658,58.198,
215492.915,,59.963,57.503,
215592.909,,60.199,56.748,
215692.907,,60.214,56.505,
215792.901,,59.858,56.500,
215892.901,,59.919,56.273,
215992.895,,60.094,56.118,
216092.893,,60.084,56.390,
216192.892,,60.295,56.960,
216292.884,,60.364,56.896,
216392.881,,60.319,56.727,
216492.881,,60.396,56.260,
216592.875,,59.930,56.219,
216692.873,,59.978,55.772,
216792.867,,59.485,55.654,
216892.866,,59.533,55.870,
216992.859,,59.768,55.597,
217092.857,,59.209,54.691,
217192.854,,58.864,54.308,
217292.848,,59.489,54.994,
217392.849,,59.560,56.632,
217492.839,,59.804,57.334,
217592.837,,60.051,58.006,
217692.838,,60.018,57.772,
217792.829,,60.051,57.984,
217892.824,,60.007,57.316,
217992.821,,59.456,56.777,
218092.819,,59.403,56.128,
218192.815,,59.307,55.789,
218292.809,,59.274,56.372,
218392.810,,59.588,56.500,
218492.804,,59.994,55.283,
218592.802,,59.099,55.260,
218692.797,,59.611,54.522,
218792.791,,59.039,54.644,
218892.789,,59.497,54.355,
218992.786,,59.137,54.086,
219092.781,,59.575,54.272,
219192.776,,59.401,54.224,
219292.772,,58.713,53.446,
219392.770,,59.249,53.964,
219492.768,,59.739,54.277,
219592.761,,59.868,54.284,
219692.758,,59.971,55.006,
219792.756,,59.878,54.890,
219892.755,,59.863,55.310,
219992.747,,59.863,55.182,
220092.746,,59.871,55.137,
220192.741,,60.140,55.172,
220292.737,,60.211,55.460,
220392.731,,60.366,55.240,
220492.732,,60.501,55.235,
220592.727,,60.468,55.629,
220692.724,,60.667,56.234,
220792.717,,60.627,56.389,
220892.713,,60.812,57.005,
220992.711,,60.926,56.960,
221092.706,,60.992,56.737,
221192.704,,60.792,56.727,
221292.703,,60.860,55.893,
221392.699,,60.920,55.906,
221492.695,,60.269,55.475,
221592.688,,60.221,56.234,
221692.683,,60.558,55.750,
221792.681,,60.066,55.539,
221892.681,,59.944,55.800,
221992.675,,59.920,55.759,
222092.673,,60.315,55.772,
222192.668,,60.228,55.440,
222292.662,,59.824,56.126,
222392.664,,59.886,55.542,
222492.657,,59.865,55.661,
222592.654,,59.621,55.998,
222692.647,,59.642,56.309,
222792.649,,60.545,56.915,
222892.644,,60.827,57.297,
222992.635,,60.990,57.459,
223092.636,,60.743,57.073,
223192.633,,60.461,57.344,
223292.630,,60.435,57.545,
223392.620,,60.507,57.399,
223492.623,,60.392,58.117,
223592.615,,60.611,58.989,
223692.612,,60.472,59.109,
223792.606,,60.650,59.165,
223892.606,,60.919,59.657,
223992.600,,60.892,59.281,
224092.599,,60.454,58.649,
224192.597,,60.601,58.300,
224292.596,,60.309,57.712,
224392.587,,60.430,57.426,
224492.584,,60.274,56.824,
224592.585,,60.020,56.541,
224692.580,,60.198,56.329,
224792.580,,59.918,55.931,
224892.573,,59.909,56.014,
224992.575,,60.186,55.975,
225092.569,,60.140,56.028,
225192.565,,60.651,55.524,
225292.562,,60.352,56.245,
225392.562,,60.517,56.523,
225492.559,,60.425,56.554,
225592.558,,60.717,56.569,
225692.549,,60.591,56.359,
225792.549,,60.372,55.916,
225892.544,,60.559,56.849,
225992.540,,60.844,57.628,
226092.540,,61.194,58.469,
226192.537,,60.491,58.913,
226292.537,,60.116,57.386,
226392.535,,59.612,56.248,
226492.531,,58.756,55.559,
226592.525,,57.946,54.849,
226692.526,,58.756,56.021,
226792.520,,59.746,57.488,
226892.517,,60.474,58.145,
226992.516,,60.620,58.670,
227092.511,,61.045,59.185,
227192.513,,60.840,58.823,
227292.505,,60.799,57.974,
227392.504,,60.611,57.881,
227492.503,,60.752,58.078,
227592.494,,60.854,57.571,
227692.492,,60.343,57.888,
227792.494,,60.281,57.839,
227892.485,,60.596,57.719,
227992.484,,60.426,58.791,
228092.479,,60.249,58.424,
228192.482,,60.389,58.063,
228292.477,,60.340,58.063,
228392.474,,60.442,58.439,
228492.468,,60.191,58.459,
228592.466,,60.277,58.022,
228692.467,,60.170,57.484,
228792.465,,59.864,57.086,
228892.458,,60.385,57.350,
228992.453,,60.481,57.068,
229092.453,,60.244,56.774,
229192.450,,60.290,56.593,
229292.445,,60.713,57.258,
229392.443,,60.913,57.991,
229492.444,,61.059,58.137,
229592.437,,60.792,57.315,
229692.434,,60.129,57.055,
229792.435,,60.207,57.905,
229892.427,,60.189,57.778,
229992.424,,60.511,57.751,
230092.422,,60.570,57.494,
230192.424,,60.192,57.017,
230292.420,,60.038,56.454,
230392.412,,59.983,56.314,
230492.413,,59.980,56.042,
230592.413,,60.151,56.293,
230692.404,,60.113,55.806,
230792.403,,59.508,56.100,
230892.401,,59.665,55.974,
230992.398,,59.484,55.727,
231092.392,,59.704,55.350,
231192.395,,59.647,55.134,
231292.390,,59.635,54.808,
231392.386,,59.213,54.922,
231492.380,,59.579,55.573,
231592.382,,59.864,56.185,
231692.377,,59.719,56.618,
231792.377,,60.043,57.408,
231892.370,,59.987,57.494,
231992.353,,59.815,56.309,
232092.365,,59.478,55.795,
232192.360,,59.560,55.787,
232292.360,,60.151,56.111,
232392.356,,59.907,55.883,
232492.353,,59.822,56.006,
232592.347,,59.814,55.757,
232692.351,,59.825,55.768,
232792.342,,59.928,55.705,
232892.338,,60.052,55.989,
232992.337,,59.841,55.294,
233092.336,,59.840,55.064,
233192.334,,60.342,55.675,
233292.326,,60.289,56.303,
233392.329,,60.255,56.690,
233492.325,,60.443,56.761,
233592.323,,60.422,56.644,
233692.318,,60.331,55.709,
233792.313,,60.027,55.317,
233892.309,,60.063,55.106,
233992.312,,60.215,54.995,
234092.306,,59.787,55.022,
234192.306,,59.642,54.494,
234292.301,,59.588,55.137,
234392.296,,59.642,54.976,
234492.291,,59.604,54.432,
234592.288,,59.555,54.325,
234692.287,,59.661,55.153,
234792.286,,60.088,55.376,
234892.283,,60.444,55.709,
234992.278,,60.693,55.953,
235092.273,,60.432,55.783,
235192.271,,60.668,55.408,
235292.273,,60.050,55.328,
235392.267,,60.469,55.658,
235492.263,,60.098,56.228,
235592.261,,59.958,55.777,
235692.258,,60.140,55.467,
235792.253,,60.128,54.451,
235892.253,,59.833,55.484,
235992.250,,59.043,55.738,
236092.243,,60.739,56.426,
236192.243,,61.041,56.809,
236292.242,,61.219,56.985,
236392.235,,60.896,57.236,
236492.232,,60.740,56.476,
236592.234,,60.644,56.336,
236692.225,,60.601,56.297,
236792.223,,60.552,57.274,
236892.222,,60.830,57.864,
236992.218,,60.461,58.124,
237092.217,,60.487,58.678,
237192.216,,60.128,57.894,
237292.211,,60.051,57.930,
237392.210,,60.313,57.813,
237492.204,,60.159,58.325,
237592.198,,60.623,58.337,
237692.199,,60.441,57.988,
237792.194,,60.181,57.736,
237892.196,,59.935,56.911,
237992.187,,59.843,56.602,
238092.186,,59.740,56.468,
238192.186,,59.857,56.545,
238292.183,,60.026,56.410,
238392.179,,60.076,56.207,
238492.171,,60.027,56.681,
238592.174,,60.162,55.830,
238692.170,,60.106,55.994,
238792.166,,59.965,56.501,
238892.162,,60.450,56.788,
238992.162,,60.539,57.319,
239092.155,,60.545,57.386,
239192.153,,60.548,57.049,
239292.150,,60.607,56.866,
239392.151,,60.591,56.345,
239492.144,,59.962,55.982,
239592.140,,59.944,56.336,
239692.138,,59.878,56.336,
239792.135,,59.742,56.466,
239892.130,,60.058,56.473,
239992.130,,59.662,56.875,
240092.130,,59.909,56.325,
240192.126,,59.210,56.506,
240292.122,,60.248,57.262,
240392.122,,60.464,57.277,
240492.114,,60.526,58.155,
240592.114,,60.628,58.511,
240692.112,,60.482,57.822,
240792.109,,60.333,56.950,
240892.106,,59.932,56.424,
240992.104,,59.671,55.875,
241092.102,,59.942,55.906,
241192.098,,60.307,56.424,
241292.092,,60.021,56.046,
241392.093,,60.133,55.821,
241492.085,,60.115,56.278,
241592.087,,60.458,56.411,
241692.086,,60.649,56.840,
241792.079,,60.706,57.451,
241892.079,,60.172,58.134,
241992.075,,60.247,58.341,
242092.075,,60.057,58.423,
242192.071,,60.274,58.320,
242292.065,,59.979,58.303,
242392.065,,60.166,58.077,
242492.058,,60.134,57.388,
242592.056,,59.948,58.308,
242692.054,,60.414,57.966,
242792.055,,60.537,57.181,
242892.050,,60.356,56.968,
242992.043,,60.595,56.511,
243092.046,,60.399,56.420,
243192.040,,60.502,56.583,
243292.038,,60.646,56.006,
243392.033,,60.285,55.364,
243492.035,,60.262,55.159,
243592.030,,60.081,54.907,
243692.024,,60.036,54.713,
243792.024,,59.635,54.238,
243892.018,,59.810,54.539,
243992.021,,60.099,55.007,
244092.018,,60.163,54.833,
244192.015,,60.036,55.530,
244292.013,,60.034,55.508,
244392.007,,59.951,55.481,
244492.004,,59.607,55.329,
244592.003,,59.508,54.591,
244692.001,,59.551,54.570,
244791.994,,59.932,55.165,
244891.995,,60.185,55.389,
244991.988,,60.847,55.501,
245091.986,,60.279,55.628,
245191.986,,60.454,56.619,
245291.984,,60.796,56.920,
245391.979,,60.412,56.601,
245491.975,,60.145,56.168,
245591.976,,60.180,55.369,
245691.968,,60.216,55.418,
245791.966,,60.115,55.458,
245891.966,,60.273,55.417,
245991.963,,60.521,55.422,
246091.960,,60.335,55.517,
246191.954,,60.372,55.503,
246291.951,,60.327,55.182,
246391.949,,60.307,55.435,
246491.945,,60.116,55.163,
246591.947,,60.372,54.800,
246691.940,,60.249,55.144,
246791.943,,60.209,55.348,
246891.937,,60.006,55.616,
246991.933,,60.027,56.522,
247091.929,,59.838,56.900,
247191.930,,59.811,56.709,
247291.924,,59.801,56.912,
247391.920,,60.007,56.703,
247491.917,,60.187,56.298,
247591.920,,60.281,55.912,
247691.915,,60.123,55.934,
247791.914,,60.704,56.491,
247891.912,,61.043,56.924,
247991.908,,61.491,57.657,
248091.901,,61.255,57.073,
248191.898,,60.718,56.387,
248291.893,,60.793,57.341,
248391.892,,60.663,56.522,
248491.888,,60.118,57.141,
248591.883,,60.114,58.864,
248691.877,,59.868,58.534,
248791.877,,59.810,57.342,
248891.876,,59.975,57.853,
248991.867,,59.897,57.851,
249091.865,,59.935,58.585,
249191.863,,60.397,59.138,
249291.856,,60.364,58.948,
249391.854,,60.154,58.492,
249491.849,,60.103,57.767,
249591.851,,60.145,57.604,
249691.841,,59.937,57.211,
249791.842,,59.735,57.167,
249891.838,,59.939,58.115,
249991.832,,60.052,58.089,
250091.830,,60.150,58.281,
250191.826,,60.084,58.127,
250291.820,,60.633,58.196,
250391.822,,60.581,58.090,
250491.815,,60.489,57.738,
250591.810,,60.601,57.313,
250691.807,,60.197,56.852,
250791.801,,60.127,57.762,
250891.797,,60.700,58.774,
250991.798,,60.562,58.661,
251091.796,,60.774,58.620,
251191.791,,60.929,58.436,
251291.785,,60.922,57.902,
251391.779,,60.917,57.683,
251491.778,,61.011,58.100,
251591.773,,60.829,58.557,
251691.770,,60.881,58.389,
251791.771,,60.870,58.246,
251891.767,,60.947,59.457,
251991.760,,60.831,59.765,
252091.755,,60.644,59.644,
252191.756,,60.428,60.029,
252291.749,,60.551,59.927,
252391.748,,60.618,60.098,
252491.742,,60.593,59.961,
252591.741,,60.694,60.464,
252691.735,,60.758,61.247,
252791.730,,60.732,61.632,
252891.731,,61.029,61.037,
252991.726,,61.117,60.915,
253091.717,,60.717,60.669,
253191.718,,60.891,60.284,
253291.712,,60.808,60.476,
253391.707,,60.678,59.684,
253491.706,,60.561,59.565,
253591.703,,60.856,59.692,
253691.696,,61.142,60.167,
253791.698,,60.944,59.664,
253891.693,,60.368,58.917,
253991.689,,60.591,59.567,
254091.687,,60.891,61.774,
254191.684,,60.889,62.451,
254291.679,,60.261,62.176,
254391.671,,59.995,63.394,
254491.672,,60.174,63.900,
254591.664,,60.375,63.786,
254691.666,,60.755,63.526,
254791.659,,60.244,62.482,
254891.656,,59.764,61.656,
254991.651,,59.723,61.667,
255091.650,,60.020,61.973,
255191.641,,60.121,61.041,
255291.638,,59.935,60.701,
255391.639,,59.978,59.775,
255491.634,,60.448,60.958,
255591.629,,60.827,61.651,
255691.625,,60.685,61.966,
255791.621,,60.710,62.160,
255891.619,,60.463,62.344,
255991.615,,60.579,62.421,
256091.613,,60.268,62.271,
256191.613,,60.459,63.057,
256291.611,,60.553,62.075,
256391.605,,60.543,61.951,
256491.603,,60.522,61.456,
256591.605,,60.416,61.378,
256691.599,,60.446,61.868,
256791.599,,60.307,62.077,
256891.598,,60.343,62.452,
256991.595,,60.355,62.387,
257091.590,,60.452,62.683,
257191.587,,60.595,63.017,
257291.591,,60.455,62.575,
257391.584,,60.230,61.674,
257491.584,,60.192,61.472,
257591.583,,60.212,61.584,
257691.579,,60.384,60.539,
257791.575,,60.183,60.034,
257891.571,,60.267,60.181,
257991.575,,60.102,58.831,
258091.571,,60.030,59.001,
258191.567,,59.967,60.030,
258291.565,,60.258,59.959,
258391.566,,60.465,60.249,
258491.562,,60.748,60.386,
258591.559,,60.537,59.854,
258691.556,,60.414,59.378,
258791.555,,60.339,59.289,
258891.550,,60.580,61.105,
258991.547,,60.829,61.987,
259091.550,,60.539,61.276,
259191.544,,60.147,60.544,
259291.543,,60.635,60.237,
259391.538,,60.264,60.792,
259491.536,,60.461,60.748,
259591.534,,60.570,61.190,
259691.535,,60.629,60.667,
259791.533,,60.451,60.202,
259891.529,,60.239,59.277,
259991.528,,60.202,59.853,
260091.525,,60.501,60.197,
260191.525,,60.348,60.171,
260291.519,,60.400,60.090,
260391.521,,60.092,59.493,
260491.520,,60.121,58.877,
260591.512,,59.916,58.969,
260691.513,,60.022,58.692,
260791.514,,60.237,58.637,
260891.510,,60.358,58.158,
260991.506,,59.881,57.702,
261091.504,,60.144,57.369,
261191.499,,59.721,57.652,
261291.501,,59.691,58.682,
261391.497,,59.693,58.468,
261491.496,,60.065,58.009,
261591.491,,59.999,58.790,
261691.491,,60.007,58.452,
261791.491,,59.912,57.508,
261891.484,,59.647,56.946,
261991.483,,59.871,57.471,
262091.480,,60.239,58.084,
262191.477,,60.442,58.732,
262291.479,,60.523,58.662,
262391.473,,60.552,58.439,
262491.472,,60.949,59.341,
262591.473,,61.043,59.012,
262691.471,,60.670,59.168,
262791.468,,60.531,59.219,
262891.461,,60.726,58.981,
262991.461,,60.590,58.481,
263091.462,,60.676,57.752,
263191.459,,60.377,57.621,
263291.456,,60.412,57.778,
263391.456,,60.430,57.942,
263491.452,,60.584,57.805,
263591.451,,60.610,57.530,
263691.448,,60.534,57.230,
263791.442,,60.555,57.097,
263891.442,,60.662,57.574,
263991.439,,60.887,57.789,
264091.437,,60.371,56.840,
264191.434,,59.988,56.917,
264291.434,,59.919,57.705,
264391.428,,59.582,57.700,
264491.425,,59.660,57.593,
264591.421,,59.907,57.279,
264691.420,,59.600,57.065,
264791.414,,59.699,57.125,
264891.412,,60.204,57.334,
264991.410,,60.646,57.894,
265091.411,,60.603,58.705,
265191.409,,60.738,58.387,
265291.403,,60.669,57.504,
265391.401,,60.484,57.703,
265491.400,,60.576,58.096,
265591.396,,60.502,57.959,
265691.393,,60.412,57.738,
265791.392,,60.406,57.964,
265891.389,,60.844,58.083,
265991.383,,60.622,57.822,
266091.380,,60.519,57.668,
266191.376,,60.309,56.652,
266291.373,,60.246,57.192,
266391.372,,60.518,56.870,
266491.369,,60.380,57.855,
266591.370,,60.742,57.389,
266691.364,,60.147,58.056,
266791.359,,60.609,59.258,
266891.356,,60.523,59.421,
266991.356,,61.261,59.868,
267091.355,,61.089,59.909,
267191.351,,60.818,59.345,
267291.351,,60.728,58.369,
267391.344,,60.227,58.352,
267491.339,,60.423,58.100,
267591.341,,60.530,57.715,
267691.336,,60.256,57.723,
267791.331,,60.326,58.152,
267891.329,,60.443,58.323,
267991.328,,59.866,57.621,
268091.323,,59.686,57.419,
268191.323,,59.541,57.690,
268291.318,,59.734,57.958,
268391.318,,59.764,57.702,
268491.312,,59.773,57.664,
268591.310,,59.918,57.427,
268691.312,,59.723,57.581,
268791.309,,60.034,57.865,
268891.301,,60.004,58.121,
268991.301,,60.095,58.018,
269091.299,,60.299,57.613,
269191.296,,60.321,56.809,
269291.292,,60.078,56.721,
269391.290,,60.215,56.732,
269491.289,,60.399,57.055,
269591.282,,60.220,56.366,
269691.284,,60.008,56.183,
269791.276,,60.224,57.041,
269891.276,,60.890,57.950,
269991.271,,60.609,58.070,
270091.273,,60.625,57.965,
270191.265,,60.764,58.122,
270291.266,,60.699,58.271,
270391.259,,60.512,57.673,
270491.256,,60.314,56.593,
270591.258,,59.997,56.593,
270691.251,,60.015,56.363,
270791.254,,59.731,55.738,
270891.250,,59.759,55.493,
270991.244,,59.798,55.393,
271091.246,,60.125,56.391,
271191.243,,60.481,57.012,
271291.238,,60.504,57.400,
271391.236,,60.501,57.377,
271491.234,,60.585,57.260,
271591.227,,60.361,57.050,
271691.228,,60.420,56.837,
271791.222,,60.360,56.277,
271891.222,,60.051,56.304,
271991.221,,60.200,56.477,
272091.213,,60.116,56.152,
272191.214,,60.004,55.403,
272291.208,,60.061,55.593,
272391.202,,59.971,55.404,
272491.203,,60.093,55.219,
272591.196,,60.279,55.198,
272691.190,,60.107,55.031,
272791.187,,60.141,55.447,
272891.189,,60.189,54.795,
272991.181,,59.842,55.350,
273091.179,,60.253,56.049,
273191.173,,59.980,55.602,
273291.174,,60.212,56.206,
273391.167,,60.131,56.332,
273491.163,,60.174,55.531,
273591.161,,59.928,54.925,
273691.159,,59.703,56.357,
273791.154,,59.858,56.724,
273891.155,,60.208,56.521,
273991.148,,60.497,56.761,
274091.146,,60.055,57.209,
274191.138,,60.195,57.679,
274291.138,,60.395,57.350,
274391.135,,60.154,58.017,
274491.133,,60.259,57.892,
274591.129,,60.228,58.458,
274691.126,,60.563,58.000,
274791.122,,60.190,57.894,
274891.117,,60.218,57.435,
274991.118,,60.032,57.257,
275091.112,,59.979,56.816,
275191.109,,59.895,57.153,
275291.107,,60.111,56.870,
275391.100,,59.954,56.239,
275491.099,,59.956,56.257,
275591.096,,59.772,56.214,
275691.092,,59.944,56.280,
275791.089,,60.338,56.116,
275891.083,,60.189,56.472,
275991.078,,60.446,56.819,
276091.078,,60.577,56.403,
276191.076,,60.088,56.583,
276291.073,,60.024,56.117,
276391.068,,60.157,55.754,
276491.063,,60.257,55.683,
276591.062,,60.191,55.714,
276691.057,,60.265,56.246,
276791.055,,59.959,56.625,
276891.047,,60.347,56.715,
276991.048,,60.584,57.062,
277091.040,,60.481,57.211,
277191.040,,60.619,56.782,
277291.038,,60.164,56.086,
277391.032,,59.986,56.081,
277491.028,,60.264,56.435,
277591.025,,60.130,56.066,
277691.021,,60.178,55.963,
277791.019,,60.128,55.615,
277891.016,,60.227,55.491,
277991.012,,60.103,55.756,
278091.009,,59.837,55.274,
278191.008,,60.017,55.189,
278291.004,,60.235,55.047,
278390.999,,59.746,54.927,
278490.997,,59.778,55.313,
278590.989,,59.859,55.097,
278690.985,,59.785,55.929,
278790.982,,59.492,56.233,
278890.983,,60.258,57.547,
278990.977,,60.593,57.860,
279090.974,,60.910,57.589,
279190.970,,60.477,56.962,
279290.969,,59.993,57.254,
279390.962,,60.068,56.966,
279490.958,,60.250,57.511,
279590.956,,60.529,57.161,
279690.954,,60.016,56.970,
279790.950,,60.197,56.882,
279890.949,,60.073,56.733,
279990.943,,60.132,56.963,
280090.938,,60.056,56.886,
280190.933,,59.929,56.786,
280290.931,,59.945,56.760,
280390.930,,59.863,56.520,
280490.927,,60.116,56.087,
280590.922,,59.615,55.445,
280690.916,,59.589,55.568,
280790.919,,59.718,55.971,
280890.915,,59.749,55.732,
280990.908,,59.771,55.795,
281090.906,,59.991,55.811,
281190.900,,60.062,56.116,
281290.899,,60.278,56.374,
281390.893,,60.370,56.745,
281490.896,,60.576,57.000,
281590.886,,60.292,57.213,
281690.887,,60.236,56.578,
281790.881,,60.188,56.574,
281890.881,,59.926,56.306,
281990.879,,59.715,56.731,
282090.875,,59.907,56.512,
282190.867,,59.667,56.157,
282290.864,,59.531,55.981,
282390.866,,59.727,55.919,
282490.861,,59.739,55.707,
282590.857,,59.747,55.107,
282690.852,,59.955,55.217,
282790.850,,59.995,55.785,
282890.843,,60.315,56.919,
282990.844,,60.507,56.996,
283090.842,,60.084,55.813,
283190.834,,59.800,55.466,
283290.830,,59.798,55.469,
283390.830,,59.797,55.270,
283490.826,,59.722,55.293,
283590.820,,59.798,56.241,
283690.820,,60.114,56.790,
283790.817,,59.454,56.522,
283890.813,,59.596,56.967,
283990.808,,59.842,57.067,
284090.806,,59.555,55.779,
284190.802,,59.549,54.973,
284290.800,,59.635,55.906,
284390.793,,59.826,56.264,
284490.789,,59.990,56.685,
284590.788,,59.805,55.977,
284690.787,,60.203,55.872,
284790.780,,60.011,55.883,
284890.777,,60.007,55.349,
284990.774,,59.546,54.516,
285090.772,,59.487,54.394,
285190.767,,59.573,54.209,
285290.765,,59.605,54.908,
285390.760,,59.561,54.634,
285490.758,,59.822,55.043,
285590.756,,59.966,55.317,
285690.750,,59.982,55.290,
285790.750,,60.046,55.259,
285890.743,,60.038,55.618,
285990.741,,59.912,55.790,
286090.741,,59.849,55.583,
286190.736,,59.997,55.861,
286290.733,,59.888,56.295,
286390.731,,60.030,56.121,
286490.725,,60.334,56.245,
286590.723,,60.276,56.118,
286690.720,,60.558,56.511,
286790.715,,60.691,56.816,
286890.709,,60.542,57.109,
286990.711,,60.279,57.512,
287090.708,,60.673,57.489,
287190.698,,60.847,57.794,
287290.696,,60.677,57.841,
287390.697,,60.579,58.018,
287490.689,,59.881,58.466,
287590.685,,59.938,57.993,
287690.687,,59.860,57.180,
287790.682,,59.832,57.113,
287890.675,,60.053,57.104,
287990.673,,60.289,57.044,
288090.674,,60.343,57.052,
288190.670,,60.191,56.547,
288290.672,,60.399,56.215,
288390.664,,60.166,56.401,
288490.668,,59.936,56.040,
288590.662,,59.955,56.109,
288690.663,,60.016,56.489,
288790.658,,60.247,56.957,
288890.655,,60.327,55.818,
288990.658,,59.717,55.610,
289090.656,,60.053,55.702,
289190.649,,60.352,55.749,
289290.648,,60.110,55.505,
289390.649,,60.082,55.933,
289490.646,,60.057,56.291,
289590.642,,60.103,56.173,
289690.638,,60.075,55.792,
289790.637,,59.820,56.290,
289890.634,,59.881,56.407,
289990.632,,60.013,57.073,
290090.631,,60.059,57.444,
290190.632,,60.107,57.838,
290290.629,,60.533,56.653,
290390.628,,59.998,56.427,
290490.623,,59.706,55.109,
290590.619,,59.503,54.440,
290690.617,,59.504,54.208,
290790.616,,58.981,54.212,
290890.617,,59.871,54.957,
290990.615,,60.044,55.211,
291090.614,,60.032,54.764,
291190.609,,59.713,55.650,
291290.608,,60.382,55.492,
291390.605,,60.046,55.695,
291490.605,,60.384,56.143,
291590.599,,60.105,56.153,
291690.595,,59.765,55.615,
291790.594,,59.602,55.378,
291890.592,,59.726,55.448,
291990.590,,59.844,55.915,
292090.593,,60.149,57.471,
292190.589,,60.419,57.712,
292290.587,,60.376,57.075,
292390.586,,60.314,55.976,
292490.583,,59.655,55.050,
292590.578,,60.227,55.630,
292690.576,,60.137,56.080,
292790.579,,59.828,55.721,
292890.571,,59.841,55.155,
292990.570,,59.491,54.267,
293090.567,,59.270,54.636,
293190.568,,59.551,54.840,
293290.566,,59.415,55.086,
293390.562,,59.834,55.441,
293490.561,,60.260,56.117,
293590.562,,60.329,56.986,
293690.556,,60.768,58.298,
293790.556,,60.823,57.905,
293890.551,,60.546,57.296,
293990.554,,60.218,56.946,
294090.552,,60.229,56.436,
294190.545,,60.036,55.925,
294290.545,,59.925,55.768,
294390.544,,60.108,55.827,
294490.544,,60.124,55.751,
294590.542,,60.233,56.098,
294690.536,,60.254,56.313,
294790.534,,60.274,56.666,
294890.534,,60.436,56.873,
294990.529,,60.142,55.921,
295090.530,,60.336,55.406,
295190.529,,59.823,54.729,
295290.528,,59.781,55.112,
295390.520,,59.885,55.340,
295490.525,,59.816,55.355,
295590.520,,59.556,55.017,
295690.518,,59.492,55.011,
295790.514,,59.662,55.004,
295890.511,,59.633,55.320,
295990.507,,59.691,55.409,
296090.505,,59.412,54.929,
296190.500,,59.335,55.437,
296290.494,,59.883,55.123,
296390.495,,59.984,55.020,
296490.485,,59.740,55.516,
296590.482,,59.915,55.795,
296690.476,,60.215,55.677,
296790.478,,59.815,55.195,
296890.466,,59.910,55.331,
296990.468,,60.028,55.991,
297090.463,,60.375,56.718,
297190.454,,60.646,57.602,
297290.450,,60.542,57.626,
297390.448,,60.446,57.462,
297490.442,,60.258,57.209,
297590.436,,60.761,56.210,
297690.435,,59.848,55.654,
297790.433,,60.005,55.315,
297890.425,,59.816,56.183,
297990.420,,60.542,56.984,
298090.417,,60.341,57.752,
298190.411,,60.530,57.639,
298290.410,,60.890,57.427,
298390.402,,60.534,57.704,
298490.397,,60.794,57.166,
298590.398,,60.735,56.640,
298690.393,,60.085,56.772,
298790.384,,60.128,56.375,
298890.379,,60.008,56.389,
298990.375,,60.178,56.875,
299090.374,,60.112,57.214,
299190.368,,59.890,57.218,
299290.365,,59.759,56.649,
299390.364,,60.126,56.039,
299490.355,,60.291,55.579,
299590.349,,60.150,55.866,
299690.346,,59.845,55.838,
299790.344,,59.920,55.806,
299890.336,,59.607,56.281,
299990.331,,59.779,55.969,
300090.329,,59.774,56.157,
300190.325,,60.060,57.683,
300290.321,,60.266,57.276,
300390.316,,60.261,57.174,
300490.313,,60.281,57.049,
300590.306,,60.381,57.053,
300690.304,,60.380,57.033,
300790.302,,60.237,56.531,
300890.297,,59.648,56.015,
300990.287,,59.759,55.689,
301090.287,,60.098,55.689,
301190.279,,59.970,55.335,
301290.274,,59.938,54.922,
301390.270,Input1*2*0,60.433,55.145,
301490.271,Input1*2*1,60.327,55.000,
301590.265,,59.970,54.248,
301690.258,,60.080,54.181,
301790.258,,60.040,55.863,
301890.249,,59.834,55.959,
301990.247,,59.740,55.406,
302090.244,,59.742,55.472,
302190.239,,59.821,55.441,
302290.231,,59.894,54.881,
302390.231,,59.931,54.365,
302490.226,,59.806,54.552,
302590.221,,60.097,54.664,
302690.217,,59.583,55.861,
302790.208,,59.771,56.012,
302890.206,,59.563,56.184,
302990.201,,59.842,56.531,
303090.200,,59.775,55.680,
303190.192,,59.648,55.682,
303290.192,,59.827,55.841,
303390.181,,59.706,55.634,
303490.179,,59.419,55.774,
303590.172,,60.194,55.654,
303690.172,,60.082,55.236,
303790.170,,59.937,55.428,
303890.159,,59.863,56.217,
303990.161,,60.321,56.796,
304090.156,,60.399,56.390,
304190.154,,59.815,56.067,
304290.147,,59.889,56.231,
304390.151,,59.995,55.038,
304490.144,,59.508,54.769,
304590.144,,59.429,54.685,
304690.137,,59.233,55.173,
304790.135,,59.542,54.760,
304890.132,,59.473,54.678,
304990.132,,59.479,55.102,
305090.126,,59.836,55.223,
305190.123,,59.592,55.594,
305290.122,,59.757,54.549,
305390.115,,59.207,54.399,
305490.114,,59.688,55.089,
305590.109,,60.055,54.768,
305690.110,,59.773,54.405,
305790.108,,59.723,54.316,
305890.105,,59.469,54.206,
305990.103,,59.451,54.114,
306090.101,,59.685,55.168,
306190.095,,59.991,55.645,
306290.095,,59.884,55.481,
306390.088,,59.768,54.989,
306490.086,,59.515,54.954,
306590.082,,59.261,54.882,
306690.081,,59.856,56.374,
306790.076,,60.381,57.132,
306890.076,,60.607,57.329,
306990.072,,60.238,56.764,
307090.070,,60.108,55.772,
307190.067,,60.065,55.772,
307290.061,,59.896,55.941,
307390.061,,59.893,55.538,
307490.057,,59.258,55.424,
307590.054,,59.272,54.114,
307690.053,,58.686,53.672,
307790.052,,58.568,53.729,
307890.044,,59.264,54.114,
307990.046,,59.193,55.355,
308090.040,,59.526,56.284,
308190.039,,59.599,56.397,
308290.036,,59.972,56.140,
308390.035,,59.978,56.269,
308490.027,,59.708,56.687,
308590.027,,60.346,56.856,
308690.023,,60.391,56.965,
308790.017,,60.492,57.554,
308890.020,,60.118,57.350,
308990.016,,60.198,56.859,
309090.011,,60.453,56.681,
309190.012,,60.418,56.959,
309290.009,,59.972,55.959,
309390.006,,59.883,55.085,
309490.002,,59.693,55.106,
309589.995,,59.876,54.959,
309689.996,,59.995,55.002,
309789.994,,59.953,55.188,
309889.990,,60.116,54.282,
309989.985,,59.747,54.779,
310089.986,,59.864,55.082,
310189.980,,60.166,55.504,
310289.975,,60.275,55.626,
310389.971,,60.415,55.511,
310489.972,,59.854,54.348,
310589.969,,59.490,54.662,
310689.968,,59.926,54.870,
310789.963,,59.498,53.975,
310889.960,,58.726,53.972,
310989.956,,59.480,55.630,
311089.954,,59.225,54.669,
311189.952,,59.411,55.676,
311289.948,,59.543,55.813,
311389.948,,59.813,56.221,
311489.943,,59.745,56.170,
311589.943,,60.199,56.537,
311689.938,,60.143,55.848,
311789.936,,59.522,54.463,
311889.931,,58.978,53.455,
311989.926,,59.037,53.778,
312089.927,,58.934,53.475,
312189.925,,58.120,53.162,
312289.920,,58.893,54.013,
312389.918,,58.481,53.245,
312489.917,,58.427,54.007,
312589.910,,59.634,55.139,
312689.908,,59.708,55.110,
312789.907,,59.796,54.549,
312889.902,,59.807,55.342,
312989.900,,59.772,55.537,
313089.895,,59.487,56.107,
313189.892,,59.871,56.343,
313289.895,,59.966,56.383,
313389.888,,60.317,56.602,
313489.889,,60.329,56.132,
313589.882,,60.202,55.697,
313689.879,,60.214,55.613,
313789.875,,59.944,55.698,
313889.876,,59.963,55.060,
313989.873,,59.696,54.353,
314089.871,,59.778,54.178,
314189.865,,59.523,54.729,
314289.862,,59.136,53.598,
314389.858,,58.695,52.944,
314489.856,,58.435,53.315,
314589.859,,58.677,54.199,
314689.850,,59.417,54.501,
314789.851,,59.721,54.741,
314889.851,,59.516,55.499,
314989.841,,59.745,56.170,
315089.845,,60.177,56.584,
315189.836,,60.406,56.663,
315289.835,,60.439,57.428,
315389.837,,60.639,57.793,
315489.834,,60.461,57.537,
315589.828,,60.035,57.405,
315689.822,,60.192,57.752,
315789.821,,59.654,56.798,
315889.817,,59.635,55.948,
315989.815,,59.250,56.003,
316089.816,,59.071,55.900,
316189.810,,59.942,56.992,
316289.808,,60.257,56.254,
316389.807,,59.464,55.473,
316489.801,,58.998,55.145,
316589.802,,59.168,54.929,
316689.795,,59.249,54.718,
316789.795,,59.609,55.551,
316889.791,,59.756,55.392,
316989.791,,59.314,55.318,
317089.789,,59.466,55.560,
317189.782,,60.081,55.923,
317289.784,,60.122,55.499,
317389.780,,59.671,55.560,
317489.777,,60.002,56.185,
317589.773,,60.368,56.456,
317689.768,,60.739,56.583,
317789.767,,60.786,56.454,
317889.763,,60.436,56.006,
317989.762,,60.306,54.946,
318089.757,,60.324,55.337,
318189.754,,60.337,55.795,
318289.755,,60.059,55.855,
318389.749,,60.148,56.176,
318489.750,,60.400,56.707,
318589.748,,60.371,56.122,
318689.742,,60.240,56.109,
318789.739,,60.385,55.762,
318889.737,,60.196,55.442,
318989.736,,60.047,55.193,
319089.729,,60.080,55.519,
319189.730,,60.388,54.918,
319289.723,,60.207,54.823,
319389.724,,60.436,54.869,
319489.718,,60.295,55.103,
319589.715,,60.373,54.589,
319689.717,,60.074,54.650,
319789.713,,59.976,55.027,
319889.712,,60.303,54.698,
319989.705,,60.177,53.818,
320089.705,,60.151,54.050,
320189.700,,59.951,54.019,
320289.698,,59.712,53.877,
320389.693,,60.063,54.115,
320489.694,,60.029,54.110,
320589.692,,60.201,54.823,
320689.687,,60.013,54.374,
320789.682,,59.945,54.531,
320889.684,,59.941,54.262,
320989.680,,60.063,54.367,
321089.678,,59.991,54.531,
321189.676,,60.355,55.047,
321289.671,,60.180,55.178,
321389.669,,59.503,54.057,
321489.663,,59.244,53.463,
321589.663,,59.419,54.501,
321689.659,,59.829,54.632,
321789.659,,59.097,54.274,
321889.655,,59.104,54.510,
321989.650,,59.151,54.915,
322089.650,,59.148,54.979,
322189.647,,59.296,54.927,
322289.646,,58.935,54.072,
322389.642,,59.320,54.983,
322489.640,,60.193,55.398,
322589.638,,60.295,55.339,
322689.633,,60.421,55.423,
322789.632,,60.001,54.604,
322889.630,,59.629,54.216,
322989.628,,59.296,53.127,
323089.619,,59.386,53.805,
323189.620,,59.897,54.217,
323289.615,,60.110,54.388,
323389.612,,60.123,54.502,
323489.611,,60.290,54.816,
323589.612,,59.803,54.889,
323689.606,,59.607,54.604,
323789.605,,59.965,54.813,
323889.598,,59.987,55.908,
323989.599,,60.331,56.169,
324089.592,,60.384,55.568,
324189.593,,60.037,54.737,
324289.591,,59.840,54.768,
324389.588,,59.803,54.326,
324489.583,,59.522,53.760,
324589.586,,59.825,54.391,
324689.580,,60.197,54.488,
324789.577,,60.246,54.166,
324889.575,,60.318,54.450,
324989.574,,60.263,53.853,
325089.569,,59.896,54.247,
325189.568,,59.617,54.747,
325289.564,,60.379,55.178,
325389.563,,60.369,55.177,
325489.554,,60.132,55.165,
325589.556,,59.787,54.880,
325689.552,,59.728,54.729,
325789.552,,59.647,55.018,
325889.549,,59.663,55.177,
325989.548,,59.361,54.974,
326089.539,,59.332,55.192,
326189.537,,59.446,55.311,
326289.538,,60.056,55.974,
326389.534,,59.963,56.325,
326489.531,,60.333,56.695,
326589.530,,60.439,56.514,
326689.524,,60.427,56.172,
326789.524,,60.312,55.608,
326889.522,,60.300,55.272,
326989.519,,59.748,54.651,
327089.515,,59.664,54.745,
327189.509,,59.582,55.086,
327289.512,,59.755,55.041,
327389.504,,60.034,54.487,
327489.503,,59.588,54.140,
327589.505,,59.859,54.759,
327689.500,,60.106,54.968,
327789.495,,60.251,54.129,
327889.493,,59.686,53.581,
327989.488,,59.642,53.034,
328089.485,,59.519,53.188,
328189.486,,60.036,54.028,
328289.483,,59.987,53.845,
328389.474,,59.909,53.508,
328489.472,,59.180,53.759,
328589.468,,59.739,55.506,
328689.471,,60.238,55.889,
328789.463,,60.520,55.832,
328889.463,,60.112,55.697,
328989.461,,60.127,55.357,
329089.455,,60.125,55.186,
329189.448,,59.868,54.782,
329289.445,,59.878,54.368,
329389.444,,59.815,54.144,
329489.442,,60.066,54.267,
329589.441,,60.280,54.535,
329689.437,,60.372,55.059,
329789.432,,60.325,54.931,
329889.428,,60.213,54.975,
329989.424,,60.334,55.482,
330089.424,,60.346,55.948,
330189.421,,60.120,55.141,
330289.419,,59.860,56.166,
330389.410,,60.457,57.011,
330489.413,,60.421,57.343,
330589.405,,60.201,58.247,
330689.404,,60.530,58.513,
330789.398,,60.447,59.398,
330889.394,,60.520,60.653,
330989.396,,60.363,61.885,
331089.389,,60.543,61.394,
331189.385,,60.026,60.785,
331289.382,,59.501,60.583,
331389.380,,60.068,60.866,
331489.379,,60.540,60.983,
331589.374,,60.758,60.635,
331689.373,,60.519,59.585,
331789.365,,60.464,58.655,
331889.368,,60.038,57.800,
331989.360,,59.666,57.327,
332089.361,,59.550,56.795,
332189.355,,59.714,57.384,
332289.352,,59.939,57.642,
332389.350,,59.693,58.652,
332489.346,,60.520,60.319,
332589.345,,60.350,60.169,
332689.342,,60.326,60.051,
332789.333,,60.255,58.543,
332889.334,,59.567,57.500,
332989.329,,59.480,57.471,
333089.329,,59.725,57.689,
333189.321,,60.106,58.267,
333289.316,,60.036,58.748,
333389.314,,59.986,58.691,
333489.315,,59.962,58.726,
333589.311,,59.942,58.581,
333689.307,,60.503,58.248,
333789.307,,60.525,58.328,
333889.299,,60.409,58.570,
333989.297,,60.263,58.160,
334089.291,,60.239,58.045,
334189.294,,59.552,56.646,
334289.288,,59.311,55.577,
334389.285,,59.423,55.438,
334489.281,,59.473,55.141,
334589.275,,59.481,55.394,
334689.273,,59.813,55.417,
334789.274,,59.894,55.190,
334889.267,,60.223,55.231,
334989.266,,59.787,55.228,
335089.262,,59.722,55.352,
335189.257,,59.591,55.411,
335289.258,,59.878,56.200,
335389.250,,60.027,56.232,
335489.249,,60.345,56.288,
335589.245,,60.204,55.578,
335689.241,,59.918,54.686,
335789.237,,59.390,54.405,
335889.235,,59.526,55.241,
335989.230,,60.394,55.386,
336089.226,,60.246,54.309,
336189.227,,60.292,55.483,
336289.219,,60.713,55.920,
336389.218,,60.587,56.000,
336489.216,,60.239,56.116,
336589.212,,60.068,56.769,
336689.207,,59.863,56.762,
336789.198,,60.148,56.548,
336889.195,,60.173,56.493,
336989.191,,60.230,56.240,
337089.186,,60.432,56.048,
337189.183,,60.468,55.687,
337289.180,,60.820,55.740,
337389.174,,60.839,55.611,
337489.172,,60.758,55.089,
337589.172,,60.059,54.665,
337689.169,,59.992,56.052,
337789.163,,60.104,56.458,
337889.158,,60.291,56.777,
337989.156,,60.349,56.538,
338089.153,,60.040,56.129,
338189.147,,60.056,55.688,
338289.143,,59.737,55.806,
338389.138,,59.810,56.869,
338489.137,,58.896,56.631,
338589.131,,59.767,56.263,
338689.129,,60.450,56.944,
338789.123,,60.078,56.714,
338889.121,,59.924,56.840,
338989.115,,59.765,57.281,
339089.110,,59.781,56.683,
339189.105,,60.063,56.958,
339289.103,,60.526,57.388,
339389.099,,60.738,58.192,
339489.094,,60.880,58.367,
339589.093,,60.771,57.962,
339689.086,,60.417,57.333,
339789.082,,59.958,56.866,
339889.080,,59.702,55.742,
339989.079,,59.549,54.721,
340089.071,,58.900,55.145,
340189.065,,59.191,54.433,
340289.065,,59.038,55.192,
340389.060,,59.780,55.397,
340489.059,,60.007,55.844,
340589.049,,60.171,56.558,
340689.051,,60.319,57.575,
340789.045,,60.577,57.939,
340889.043,,60.300,57.450,
340989.036,,59.986,55.808,
341089.032,,59.297,56.049,
341189.029,,59.328,56.129,
341289.023,,59.362,55.960,
341389.021,,59.711,56.504,
341489.018,,59.943,56.678,
341589.015,,60.254,57.025,
341689.010,,60.214,56.119,
341789.004,,59.922,55.972,
341889.002,,59.596,55.627,
341988.994,,59.705,55.740,
342088.993,,59.360,56.501,
342188.991,,59.461,57.110,
342288.984,,59.647,57.067,
342388.980,,59.951,56.872,
342488.981,,60.338,57.175,
342588.974,,60.572,57.236,
342688.968,,60.470,56.595,
342788.969,,60.430,56.972,
342888.959,,60.376,55.814,
342988.955,,59.796,54.940,
343088.954,,60.182,54.787,
343188.949,,59.898,54.319,
343288.945,,59.861,54.225,
343388.943,,59.999,54.824,
343488.941,,60.106,54.619,
343588.932,,59.930,54.113,
343688.931,,59.929,54.145,
343788.929,,59.858,54.359,
343888.920,,60.140,54.276,
343988.921,,59.736,54.033,
344088.915,,59.859,54.810,
344188.913,,60.366,54.506,
344288.905,,60.103,54.135,
344388.905,,59.820,53.505,
344488.903,,59.842,54.059,
344588.896,,59.745,53.964,
344688.893,,60.145,54.282,
344788.887,,59.849,54.331,
344888.885,,59.769,54.776,
344988.880,,59.943,54.593,
345088.879,,59.869,54.718,
345188.877,,59.618,55.263,
345288.872,,59.705,54.438,
345388.865,,59.649,54.614,
345488.866,,60.190,54.735,
345588.862,,60.537,55.067,
345688.856,,60.680,55.734,
345788.853,,59.944,54.713,
345888.850,,59.682,55.531,
345988.845,,59.868,55.168,
346088.839,,59.801,54.994,
346188.839,,60.072,55.471,
346288.831,,60.042,54.852,
346388.828,,59.828,54.154,
346488.830,,59.976,53.659,
346588.826,,59.917,53.175,
346688.819,,59.687,53.344,
346788.816,,59.788,52.737,
346888.815,,59.719,52.933,
346988.807,,59.668,53.068,
347088.801,,59.858,53.571,
347188.798,,59.959,54.279,
347288.798,,59.896,54.617,
347388.793,,59.656,54.400,
347488.787,,59.750,55.604,
347588.783,,59.759,56.016,
347688.783,,59.827,56.316,
347788.775,,59.751,55.856,
347888.774,,59.706,55.121,
347988.771,,59.465,55.564,
348088.770,,59.478,56.161,
348188.764,,59.612,56.182,
348288.757,,59.322,56.280,
348388.755,,59.192,56.341,
348488.755,,59.556,56.471,
348588.751,,59.714,56.824,
348688.742,,60.081,56.854,
348788.739,,60.098,55.951,
348888.737,,60.103,55.415,
348988.736,,60.045,54.892,
349088.728,,60.072,55.717,
349188.724,,60.070,55.261,
349288.724,,59.959,55.324,
349388.720,,59.993,54.987,
349488.713,,59.806,54.789,
349588.714,,60.087,55.372,
349688.706,,60.071,55.691,
349788.702,,59.516,55.775,
349888.700,,59.379,56.500,
349988.698,,60.241,57.346,
350088.695,,60.414,58.144,
350188.688,,60.515,58.549,
350288.688,,60.576,58.099,
350388.685,,60.061,57.267,
350488.680,,59.637,56.419,
350588.678,,59.741,56.415,
350688.672,,59.742,56.463,
350788.665,,59.235,55.949,
350888.664,,59.178,56.447,
350988.658,,59.798,56.637,
351088.660,,59.656,56.607,
351188.652,,59.828,56.539,
351288.648,,60.000,56.632,
351388.644,,59.900,56.685,
351488.640,,59.840,56.204,
351588.637,,59.754,56.293,
351688.633,,59.649,56.484,
351788.628,,59.608,56.477,
351888.627,,59.700,57.205,
351988.626,,60.087,57.845,
352088.621,,60.222,58.028,
352188.621,,60.262,58.603,
352288.619,,60.322,58.148,
352388.618,,60.035,57.223,
352488.614,,59.970,56.872,
352588.612,,59.798,57.073,
352688.605,,59.869,56.863,
352788.606,,59.753,56.279,
352888.605,,59.700,56.313,
352988.601,,60.130,56.917,
353088.596,,59.645,56.021,
353188.597,,59.793,56.623,
353288.590,,59.472,57.174,
353388.591,,59.438,57.444,
353488.590,,59.272,56.981,
353588.585,,59.132,57.040,
353688.584,,59.262,57.691,
353788.578,,59.524,58.781,
353888.577,,60.165,58.838,
353988.578,,60.260,59.291,
354088.574,,60.596,60.203,
354188.571,,60.242,58.981,
354288.570,,59.985,58.389,
354388.564,,60.281,58.936,
354488.561,,60.190,58.548,
354588.559,,59.917,58.498,
354688.557,,59.704,58.732,
354788.557,,59.682,58.074,
354888.552,,59.689,57.548,
354988.553,,59.619,57.569,
355088.550,,59.768,57.338,
355188.544,,59.560,57.161,
355288.544,,59.652,57.028,
355388.541,,59.822,57.592,
355488.539,,60.066,56.950,
355588.532,,59.460,56.947,
355688.535,,59.822,56.997,
355788.528,,60.053,56.650,
355888.527,,59.791,57.507,
355988.526,,59.675,56.962,
356088.523,,59.869,57.040,
356188.519,,59.796,55.678,
356288.517,,59.324,54.866,
356388.512,,58.749,54.988,
356488.513,,59.008,56.305,
356588.508,,59.576,57.723,
356688.509,,59.991,58.512,
356788.504,,60.342,58.818,
356888.503,,60.210,58.561,
356988.500,,59.916,58.088,
357088.497,,60.125,58.146,
357188.495,,59.933,57.477,
357288.495,,60.116,57.997,
357388.490,,60.507,58.130,
357488.488,,60.163,57.710,
357588.487,,59.814,56.856,
357688.487,,60.374,57.017,
357788.482,,60.340,56.693,
357888.480,,60.201,55.932,
357988.478,,59.838,55.385,
358088.472,,59.792,55.073,
358188.469,,59.383,55.673,
358288.470,,59.391,55.664,
358388.463,,59.420,55.442,
358488.464,,59.526,56.983,
358588.458,,60.279,56.472,
358688.458,,59.725,55.863,
358788.459,,59.618,55.517,
358888.452,,59.485,56.550,
358988.453,,59.657,57.025,
359088.451,,59.939,56.984,
359188.447,,60.168,56.752,
359288.441,,59.893,55.802,
359388.439,,59.442,55.250,
359488.436,,59.457,55.395,
359588.438,,59.606,55.620,
359688.431,,59.786,56.305,
359788.430,,59.854,56.181,
359888.431,,59.730,55.909,
359988.426,,59.100,55.113,
360088.425,,59.702,55.691,
360188.422,,60.008,55.546,
360288.423,,59.820,55.411,
360388.420,,60.112,55.111,
360488.414,,60.090,54.366,
360588.411,,59.739,53.885,
360688.411,,59.943,53.959,
360788.406,,59.785,53.869,
360888.405,,59.655,53.318,
360988.404,,59.499,53.583,
361088.401,,59.748,53.722,
361188.402,,59.632,54.011,
361288.395,,59.497,54.411,
361388.394,,59.838,54.835,
361488.391,,59.698,54.755,
361588.392,,59.892,55.248,
361688.388,,60.103,55.600,
361788.390,,60.061,56.180,
361888.387,,59.851,55.883,
361988.386,,59.999,57.092,
362088.379,,60.202,58.014,
362188.382,,59.862,59.090,
362288.379,,59.579,58.364,
362388.372,,59.587,56.938,
362488.375,,59.315,56.998,
362588.374,,59.697,56.803,
362688.372,,59.937,57.515,
362788.367,,60.461,57.590,
362888.362,,60.780,57.659,
362988.359,,60.493,57.224,
363088.358,,60.358,56.148,
363188.358,,59.792,55.706,
363288.357,,58.883,55.652,
363388.353,,58.768,54.934,
363488.353,,58.820,54.788,
363588.351,,59.151,55.032,
363688.346,,59.570,55.935,
363788.342,,59.831,56.077,
363888.346,,60.056,55.991,
363988.343,,60.215,55.845,
364088.340,,60.611,56.007,
364188.335,,60.092,54.362,
364288.337,,59.262,53.810,
364388.333,,59.196,54.022,
364488.327,,59.709,53.907,
364588.325,,59.915,54.337,
364688.329,,60.013,55.232,
364788.326,,60.098,55.499,
364888.325,,59.660,55.025,
364988.320,,59.525,55.314,
365088.316,,59.876,55.355,
365188.317,,59.790,56.013,
365288.311,,60.182,56.048,
365388.312,,60.112,55.709,
365488.310,,60.116,55.569,
365588.306,,60.364,55.598,
365688.308,,60.488,55.196,
365788.302,,60.401,54.150,
365888.303,,59.793,54.077,
365988.299,,60.277,55.259,
366088.296,,60.407,55.561,
366188.297,,60.162,55.408,
366288.291,,60.236,55.581,
366388.290,,59.836,55.368,
366488.289,,60.277,56.036,
366588.285,,60.476,56.007,
366688.283,,60.604,56.112,
366788.280,,60.783,55.633,
366888.276,,60.059,54.679,
366988.280,,59.935,54.655,
367088.272,,59.728,54.020,
367188.271,,59.607,54.166,
367288.271,,59.720,54.782,
367388.265,,59.839,54.985,
367488.266,,59.907,55.296,
367588.265,,59.894,55.128,
367688.263,,59.596,54.892,
367788.261,,59.447,55.298,
367888.259,,59.732,56.564,
367988.254,,60.324,57.106,
368088.253,,60.313,57.944,
368188.243,,60.652,58.574,
368288.244,,60.082,58.132,
368388.238,,60.491,58.096,
368488.233,,60.555,58.567,
368588.229,,60.624,58.628,
368688.227,,60.631,58.850,
368788.225,,60.323,59.285,
368888.219,,60.721,59.745,
368988.212,,60.498,58.762,
369088.212,,60.380,57.902,
369188.207,,60.122,57.292,
369288.206,,59.818,57.216,
369388.202,,60.069,57.502,
369488.198,,60.060,56.912,
369588.190,,59.880,56.341,
369688.188,,59.823,56.005,
369788.183,,59.908,55.888,
369888.177,,60.380,56.002,
369988.172,,60.220,56.434,
370088.174,,60.028,57.007,
370188.171,,60.341,57.422,
370288.166,,60.478,57.382,
370388.161,,60.852,58.642,
370488.157,,60.341,59.366,
370588.152,,60.444,59.619,
370688.149,,60.413,57.565,
370788.144,,59.930,57.294,
370888.140,,59.942,57.408,
370988.137,,60.039,56.641,
371088.135,,60.256,56.548,
371188.126,,60.177,56.103,
371288.123,,59.760,55.006,
371388.123,,59.479,54.477,
371488.117,,59.446,54.758,
371588.116,,59.325,54.314,
371688.110,,58.788,54.642,
371788.102,,59.897,55.360,
371888.101,,59.838,56.031,
371988.098,,59.776,55.247,
372088.096,,59.419,55.492,
372188.086,,59.988,56.238,
372288.084,,60.342,56.253,
372388.079,,60.269,55.816,
372488.080,,60.469,55.850,
372588.072,,60.467,54.996,
372688.072,,60.154,54.486,
372788.066,,59.912,53.951,
372888.059,,59.664,53.993,
372988.059,,59.831,54.709,
373088.051,,59.998,55.122,
373188.052,,59.958,54.583,
373288.046,,60.338,55.220,
373388.041,,60.901,55.781,
373488.040,,60.735,56.506,
373588.033,,60.585,57.701,
373688.033,,60.268,56.704,
373788.028,,60.240,56.887,
373888.025,,60.579,57.892,
373988.018,,60.576,58.048,
374088.014,,60.585,57.254,
374188.008,,60.283,56.304,
374288.009,,60.012,56.165,
374388.003,,59.854,55.479,
374487.998,,60.163,55.779,
374587.994,,60.119,55.701,
374687.993,,60.183,55.437,
374787.985,,59.893,55.408,
374887.982,,60.016,56.445,
374987.982,,60.037,56.761,
375087.972,,59.814,56.893,
375187.972,,60.132,56.400,
375287.964,,59.698,56.503,
375387.965,,59.866,56.923,
375487.956,,60.063,57.481,
375587.958,,60.311,57.448,
375687.953,,59.913,56.585,
375787.950,,59.878,55.991,
375887.944,,60.029,55.661,
375987.942,,60.078,55.557,
376087.939,,59.431,55.201,
376187.937,,59.366,55.946,
376287.937,,59.971,56.806,
376387.932,,60.110,57.292,
376487.933,,60.033,57.218,
376587.929,,60.195,56.567,
376687.928,,60.010,55.974,
376787.923,,59.861,55.194,
376887.920,,59.810,54.758,
376987.919,,59.646,54.657,
377087.917,,59.852,54.791,
377187.917,,59.618,55.909,
377287.911,,60.176,55.542,
377387.909,,59.718,54.703,
377487.908,,60.176,55.050,
377587.906,,59.960,54.096,
377687.903,,59.805,53.581,
377787.899,,59.653,53.835,
377887.898,,59.603,53.066,
377987.897,,59.415,53.419,
378087.897,,59.616,54.036,
378187.896,,60.076,54.772,
378287.891,,60.324,55.695,
378387.890,,60.161,54.956,
378487.891,,59.924,54.601,
378587.884,,59.831,54.176,
378687.884,,60.007,54.060,
378787.883,,60.019,53.782,
378887.880,,59.879,53.488,
378987.877,,59.558,53.446,
379087.876,,59.554,54.209,
379187.871,,59.921,54.352,
379287.870,,60.156,54.236,
379387.865,,60.255,54.499,
379487.865,,60.217,54.661,
379587.866,,60.273,54.874,
379687.865,,60.361,54.371,
379787.862,,60.012,53.836,
379887.861,,59.752,54.206,
379987.857,,59.688,54.052,
380087.851,,59.599,54.482,
380187.855,,59.748,55.050,
380287.848,,59.729,54.958,
380387.847,,59.969,55.621,
380487.844,,60.319,55.985,
380587.839,,60.332,56.456,
380687.844,,60.220,57.460,
380787.839,,60.786,58.626,
380887.834,,60.599,58.663,
380987.836,,60.946,59.195,
381087.830,,60.604,58.314,
381187.827,,60.513,58.105,
381287.828,,60.013,57.710,
381387.828,,59.664,57.277,
381487.822,,59.591,57.389,
381587.820,,60.022,57.359,
381687.822,,60.122,56.950,
381787.817,,60.051,57.003,
381887.818,,60.257,56.221,
381987.812,,60.043,55.437,
382087.810,,59.948,55.433,
382187.811,,60.123,55.236,
382287.807,,60.257,55.082,
382387.806,,60.192,55.467,
382487.801,,60.106,56.370,
382587.801,,60.279,55.605,
382687.802,,59.963,54.713,
382787.794,,59.652,54.161,
382887.793,,59.529,54.141,
382987.791,,59.045,54.953,
383087.793,,59.528,54.750,
383187.791,,59.554,54.450,
383287.782,,59.645,54.153,
383387.785,,59.062,53.432,
383487.780,,58.732,54.786,
383587.781,,59.635,55.576,
383687.778,,59.677,54.802,
383787.775,,59.020,54.598,
383887.773,,58.710,55.561,
383987.767,,58.643,54.855,
384087.764,,58.909,56.098,
384187.762,,59.675,56.217,
384287.756,,58.571,55.407,
384387.757,,58.101,54.285,
384487.754,,58.062,56.241,
384587.746,,59.535,57.862,
384687.743,,60.023,58.010,
384787.739,,59.664,56.621,
384887.740,,59.290,56.378,
384987.736,,59.463,55.858,
385087.729,,59.465,55.612,
385187.724,,59.236,55.139,
385287.720,,59.125,54.561,
385387.719,,59.177,54.248,
385487.718,,58.990,53.617,
385587.712,,58.787,53.612,
385687.709,,58.648,53.573,
385787.703,,58.699,53.340,
385887.706,,58.634,53.447,
385987.699,,58.860,54.144,
386087.695,,58.677,54.619,
386187.691,,58.994,56.534,
386287.685,,59.223,57.568,
386387.688,,59.782,58.255,
386487.679,,59.821,57.324,
386587.674,,59.334,56.638,
386687.677,,59.157,56.171,
386787.671,,59.200,56.405,
386887.668,,59.035,55.840,
386987.663,,59.482,56.002,
387087.660,,59.483,55.757,
387187.655,,59.381,55.360,
387287.652,,59.283,54.924,
387387.650,,59.403,54.814,
387487.648,,59.561,54.667,
387587.639,,59.542,54.703,
387687.637,,59.873,55.220,
387787.633,,59.785,55.281,
387887.629,,59.033,54.711,
387987.631,,59.457,55.481,
388087.626,,60.018,55.227,
388187.625,,60.109,54.738,
388287.616,,59.673,54.254,
388387.613,,59.327,54.390,
388487.609,,59.433,54.538,
388587.604,,59.473,54.333,
388687.603,,59.101,54.341,
388787.598,,59.035,54.997,
388887.599,,59.217,55.558,
388987.591,,59.083,55.779,
389087.591,,59.644,56.340,
389187.586,,59.974,57.017,
389287.585,,59.984,58.847,
389387.579,,59.867,60.021,
389487.577,,60.073,59.461,
389587.571,,59.733,59.807,
389687.571,,60.262,60.463,
389787.563,,60.201,60.329,
389887.558,,60.145,60.743,
389987.559,,59.826,60.755,
390087.557,,59.687,62.134,
390187.548,,59.974,61.049,
390287.548,,59.800,61.203,
390387.545,,59.647,61.200,
390487.540,,59.935,61.173,
390587.537,,59.886,61.394,
390687.536,,59.705,60.821,
390787.529,,59.821,60.119,
390887.528,,59.795,59.874,
390987.522,,59.527,59.848,
391087.519,,59.826,59.439,
391187.514,,59.764,58.980,
391287.515,,59.600,58.532,
391387.506,,59.617,58.118,
391487.508,,59.547,57.898,
391587.499,,59.567,58.568,
391687.500,,59.777,58.385,
391787.494,,60.066,58.039,
391887.494,,59.555,57.384,
391987.490,,59.550,56.817,
392087.486,,59.455,57.168,
392187.481,,59.474,57.709,
392287.474,,59.788,57.135,
392387.475,,59.781,57.466,
392487.468,,60.079,56.824,
392587.469,,59.398,56.520,
392687.466,,60.158,56.340,
392787.458,,59.499,55.927,
392887.455,,59.552,56.594,
392987.450,,59.879,57.485,
393087.454,,60.097,58.103,
393187.448,,60.241,58.352,
393287.442,,60.198,57.772,
393387.439,,60.031,58.101,
393487.439,,59.884,58.522,
393587.431,,60.185,58.027,
393687.433,,59.607,56.977,
393787.429,,59.550,56.298,
393887.424,,59.819,56.602,
393987.420,,59.623,56.219,
394087.416,,59.185,55.534,
394187.412,,59.199,54.846,
394287.408,,59.058,55.062,
394387.408,,59.617,55.309,
394487.406,,59.696,55.620,
394587.404,,59.783,55.644,
394687.396,,59.947,55.714,
394787.395,,60.191,55.539,
394887.389,,59.998,54.926,
394987.386,,59.450,54.667,
395087.383,,59.450,54.633,
395187.379,,59.556,55.293,
395287.376,,59.543,55.343,
395387.372,,59.702,55.482,
395487.372,,59.694,55.828,
395587.364,,59.540,55.485,
395687.366,,59.410,55.587,
395787.361,,59.519,55.472,
395887.353,,60.083,55.348,
395987.356,,59.955,55.163,
396087.351,,59.314,53.944,
396187.347,,59.102,54.482,
396287.345,,59.484,55.676,
396387.343,,59.760,55.980,
396487.334,,59.778,55.804,
396587.334,,59.864,55.796,
396687.332,,59.946,56.569,
396787.329,,59.695,57.149,
396887.322,,59.442,58.214,
396987.318,,59.948,58.521,
397087.313,,60.071,58.043,
397187.311,,60.016,56.850,
397287.311,,59.407,55.753,
397387.303,,58.846,54.942,
397487.302,,58.261,54.634,
397587.302,,59.039,54.803,
397687.296,,59.314,54.279,
397787.292,,59.224,54.434,
397887.286,,59.194,54.768,
397987.289,,59.394,54.688,
398087.286,,59.697,55.430,
398187.280,,59.826,55.692,
398287.275,,59.635,55.107,
398387.272,,59.876,54.966,
398487.271,,59.792,54.595,
398587.268,,59.941,54.768,
398687.259,,59.774,55.230,
398787.260,,59.955,55.510,
398887.254,,60.114,55.705,
398987.253,,60.252,55.024,
399087.246,,59.661,54.711,
399187.245,,59.828,54.353,
399287.244,,59.568,54.505,
399387.241,,59.433,54.856,
399487.235,,59.456,54.839,
399587.231,,59.590,54.810,
399687.229,,59.769,54.514,
399787.228,,59.640,54.865,
399887.221,,59.824,55.621,
399987.215,,60.097,55.220,
400087.213,,60.044,55.669,
400187.210,,60.320,55.666,
400287.211,,60.542,56.134,
400387.205,,60.179,56.009,
400487.200,,60.055,56.481,
400587.199,,59.750,57.414,
400687.195,,59.235,57.597,
400787.193,,59.256,57.750,
400887.186,,59.582,57.350,
400987.183,,59.970,57.423,
401087.183,,59.766,57.209,
401187.181,,59.603,56.712,
401287.177,,59.543,56.204,
401387.171,,59.787,56.191,
401487.168,,60.112,56.481,
401587.169,,60.058,56.306,
401687.161,,59.960,55.968,
401787.158,,59.945,56.053,
401887.159,,59.859,57.393,
401987.150,,59.753,58.411,
402087.150,,59.875,58.275,
402187.149,,60.179,58.622,
402287.143,,59.971,58.624,
402387.142,,59.667,59.345,
402487.136,,59.848,59.348,
402587.133,,59.725,58.355,
402687.129,,59.915,58.557,
402787.123,,59.595,57.613,
402887.122,,59.565,57.869,
402987.122,,59.953,57.186,
403087.113,,59.552,56.535,
403187.114,,59.678,56.158,
403287.111,,59.474,55.840,
403387.104,,59.101,56.096,
403487.104,,59.223,55.335,
403587.100,,59.332,55.263,
403687.092,,59.609,55.057,
403787.091,,59.227,54.597,
403887.091,,59.564,55.180,
403987.085,,59.544,55.199,
404087.084,,59.886,55.323,
404187.078,,59.678,55.817,
404287.074,,59.795,55.606,
404387.071,,59.831,55.665,
404487.071,,59.565,55.751,
404587.065,,59.539,56.277,
404687.062,,59.565,57.822,
404787.058,,59.674,58.544,
404887.054,,59.985,58.715,
404987.054,,60.370,58.591,
405087.047,,60.735,58.013,
405187.048,,60.187,56.681,
405287.045,,59.730,56.251,
405387.042,,59.498,56.613,
405487.039,,59.759,56.620,
405587.030,,60.137,56.350,
405687.032,,60.023,56.216,
405787.026,,59.804,55.150,
405887.020,,59.425,54.646,
405987.018,,59.404,54.547,
406087.015,,59.394,54.513,
406187.011,,59.208,54.150,
406287.008,,59.324,54.854,
406387.007,,59.384,54.857,
406487.000,,59.458,54.924,
406586.999,,59.765,55.743,
406686.999,,59.701,56.262,
406786.994,,59.911,57.069,
406886.989,,59.854,56.649,
406986.984,,59.919,56.680,
407086.985,,59.902,56.855,
407186.980,,60.050,55.726,
407286.978,,59.519,55.537,
407386.973,,59.207,55.060,
407486.970,,59.449,54.916,
407586.964,,58.856,55.846,
407686.963,,59.599,56.430,
407786.961,,59.790,56.787,
407886.958,,59.861,56.865,
407986.956,,58.656,55.762,
408086.951,,58.544,56.433,
408186.949,,58.827,56.436,
408286.950,,59.591,56.917,
408386.941,,59.712,56.511,
408486.942,,59.813,56.947,
408586.938,,59.656,55.963,
408686.940,,59.265,55.429,
408786.938,,59.100,55.287,
408886.929,,58.909,54.481,
408986.929,,59.011,54.838,
409086.931,,59.201,54.961,
409186.923,,59.714,56.079,
409286.923,,59.787,57.349,
409386.921,,59.920,56.871,
409486.920,,59.505,55.913,
409586.918,,58.997,55.744,
409686.912,,59.129,55.725,
409786.909,,59.236,55.413,
409886.911,,59.358,56.031,
409986.907,,59.175,56.997,
410086.903,,59.449,57.324,
410186.900,,59.465,56.798,
410286.901,,59.447,55.774,
410386.899,,59.083,55.417,
410486.891,,59.374,55.604,
410586.893,,59.599,55.558,
410686.889,,59.096,55.198,
410786.885,,59.008,55.066,
410886.886,,59.215,55.980,
410986.883,,59.305,55.794,
411086.882,,59.292,56.515,
411186.877,,59.403,57.107,
411286.874,,59.479,57.379,
411386.870,,59.326,56.808,
411486.868,,59.566,56.883,
411586.869,,59.325,56.132,
411686.867,,59.104,56.545,
411786.860,,59.156,57.196,
411886.864,,59.514,56.996,
411986.857,,58.890,57.125,
412086.853,,58.821,57.571,
412186.851,,59.215,57.170,
412286.851,,59.315,57.186,
412386.846,,59.291,57.934,
412486.846,,59.567,57.764,
412586.846,,59.060,56.307,
412686.840,,58.799,57.009,
412786.836,,59.360,57.748,
412886.836,,59.835,58.815,
412986.833,,60.131,58.944,
413086.834,,60.161,58.541,
413186.830,,59.984,58.372,
413286.829,,59.851,58.933,
413386.825,,59.917,59.127,
413486.825,,60.095,58.368,
413586.819,,59.374,57.389,
413686.820,,59.600,56.909,
413786.817,,59.797,55.869,
413886.813,,59.618,56.807,
413986.813,,59.808,56.925,
414086.808,,59.688,56.162,
414186.807,,59.434,56.264,
414286.805,,59.270,55.774,
414386.798,,59.222,55.775,
414486.800,,59.174,55.583,
414586.797,,59.135,55.037,
414686.791,,59.304,54.791,
414786.788,,59.206,54.294,
414886.789,,59.065,54.717,
414986.789,,59.111,55.308,
415086.786,,59.318,55.274,
415186.781,,59.367,55.034,
415286.781,,59.859,55.265,
415386.779,,59.918,55.622,
415486.776,,59.977,55.080,
415586.775,,59.831,54.666,
415686.769,,59.639,54.117,
415786.765,,59.387,54.233,
415886.766,,59.699,54.322,
415986.761,,59.745,54.245,
416086.756,,59.692,54.504,
416186.756,,59.794,54.274,
416286.755,,59.832,53.978,
416386.753,,59.608,53.487,
416486.750,,59.301,53.334,
416586.740,,59.597,54.045,
416686.741,,59.249,54.816,
416786.736,,59.836,55.248,
416886.735,,60.021,55.165,
416986.734,,59.862,55.156,
417086.731,,59.784,55.353,
417186.727,,59.614,55.362,
417286.720,,59.867,55.312,
417386.722,,59.223,55.359,
417486.717,,59.418,55.995,
417586.714,,59.453,55.968,
417686.708,,59.131,56.505,
417786.707,,59.868,56.889,
417886.704,,59.946,56.790,
417986.700,,59.882,56.901,
418086.700,,59.839,55.784,
418186.694,,59.475,55.861,
418286.693,,59.510,55.790,
418386.692,,59.425,55.571,
418486.686,,59.367,55.225,
418586.682,,59.505,55.106,
418686.680,,59.070,55.122,
418786.677,,59.482,55.233,
418886.675,,59.625,54.661,
418986.668,,59.674,54.992,
419086.665,,59.723,55.263,
419186.666,,59.686,55.279,
419286.661,,59.810,55.034,
419386.661,,59.580,55.592,
419486.659,,59.531,56.255,
419586.655,,59.714,55.926,
419686.650,,59.093,56.196,
419786.645,,58.849,56.324,
419886.645,,59.210,56.468,
419986.638,,59.245,56.515,
420086.639,,59.353,56.693,
420186.633,,59.328,56.860,
420286.635,,59.304,57.095,
420386.627,,59.582,56.801,
420486.628,,59.365,56.709,
420586.625,,59.237,55.857,
420686.617,,59.176,55.385,
420786.615,,59.143,54.669,
420886.615,,58.967,54.121,
420986.612,,58.883,53.543,
421086.610,,58.696,53.403,
421186.604,,58.880,52.956,
421286.603,,59.044,53.041,
421386.601,,59.266,53.522,
421486.596,Input1*2*0,58.903,53.304,
421586.596,Input1*2*1,59.026,53.893,
421686.588,,59.303,54.109,
421786.585,,59.059,56.627,
421886.587,,59.354,59.356,
421986.578,,59.300,60.461,
422086.567,,59.208,60.828,
422186.576,,59.058,60.116,
422286.575,,59.248,58.912,
422386.571,,59.181,57.704,
422486.564,,59.078,57.148,
422586.562,,58.954,56.883,
422686.563,,58.703,56.462,
422786.555,,58.518,57.010,
422886.552,,58.770,57.741,
422986.549,,58.950,57.118,
423086.546,,58.929,56.387,
423186.545,,58.841,56.522,
423286.540,,58.842,57.075,
423386.537,,59.301,57.040,
423486.537,,59.152,57.018,
423586.534,,59.182,57.749,
423686.530,,59.336,58.816,
423786.524,,59.399,58.692,
423886.527,,59.250,58.068,
423986.523,,59.353,58.105,
424086.520,,59.128,56.619,
424186.519,,58.804,55.994,
424286.516,,59.088,56.220,
424386.514,,59.010,55.738,
424486.512,,59.076,56.572,
424586.505,,59.583,56.961,
424686.504,,59.459,57.136,
424786.502,,59.440,57.222,
424886.502,,59.505,57.728,
424986.493,,59.672,57.957,
425086.494,,59.802,57.790,
425186.494,,59.328,57.862,
425286.491,,59.476,57.465,
425386.484,,59.557,56.908,
425486.485,,59.671,57.100,
425586.483,,59.468,57.345,
425686.477,,59.620,57.139,
425786.477,,59.616,56.275,
425886.471,,59.150,55.022,
425986.474,,59.016,54.820,
426086.472,,58.884,54.977,
426186.467,,59.183,54.913,
426286.461,,59.250,54.305,
426386.461,,59.155,54.739,
426486.462,,59.339,54.446,
426586.459,,59.507,55.175,
426686.455,,59.761,55.027,
426786.452,,59.795,55.155,
426886.450,,60.088,55.656,
426986.444,,60.318,55.991,
427086.443,,59.990,56.769,
427186.443,,59.765,56.882,
427286.436,,59.477,56.151,
427386.435,,59.253,55.404,
427486.433,,59.020,55.171,
427586.432,,59.110,55.760,
427686.432,,59.154,55.567,
427786.424,,59.155,55.137,
427886.422,,59.144,55.026,
427986.425,,58.883,56.155,
428086.422,,59.078,56.261,
428186.415,,59.328,55.627,
428286.418,,59.533,54.891,
428386.410,,59.361,54.537,
428486.407,,59.732,56.049,
428586.407,,60.119,56.360,
428686.408,,60.238,55.949,
428786.401,,59.978,55.131,
428886.403,,59.749,54.632,
428986.396,,59.230,54.876,
429086.395,,59.308,55.761,
429186.394,,59.368,55.799,
429286.392,,59.339,55.585,
429386.388,,59.597,56.916,
429486.389,,60.050,57.491,
429586.380,,60.213,57.658,
429686.379,,60.240,56.952,
429786.380,,59.742,56.156,
429886.373,,59.675,55.962,
429986.373,,59.499,55.823,
430086.372,,59.192,55.249,
430186.371,,58.897,55.486,
430286.366,,59.569,57.140,
430386.366,,59.749,57.943,
430486.357,,60.248,58.001,
430586.356,,60.065,57.813,
430686.353,,60.163,58.406,
430786.355,,60.022,58.644,
430886.348,,59.981,58.410,
430986.349,,59.810,57.698,
431086.349,,59.595,58.903,
431186.347,,59.954,59.510,
431286.342,,59.972,60.184,
431386.338,,59.875,59.828,
431486.339,,59.943,59.787,
431586.332,,59.564,59.578,
431686.329,,59.250,59.057,
431786.330,,59.078,58.728,
431886.327,,59.012,57.846,
431986.319,,58.374,58.684,
432086.319,,59.544,59.832,
432186.317,,60.197,60.047,
432286.308,,60.245,59.856,
432386.307,,60.423,60.551,
432486.303,,60.144,60.111,
432586.295,,60.180,60.238,
432686.294,,60.191,60.766,
432786.292,,60.360,60.269,
432886.286,,59.900,59.512,
432986.282,,59.801,59.074,
433086.276,,59.622,59.776,
433186.273,,60.130,59.937,
433286.269,,60.298,59.781,
433386.264,,60.347,60.080,
433486.265,,60.357,59.673,
433586.258,,60.332,59.246,
433686.256,,60.337,59.490,
433786.253,,60.279,59.821,
433886.245,,60.307,60.147,
433986.244,,60.390,59.598,
434086.239,,60.237,59.082,
434186.236,,60.536,58.943,
434286.231,,60.425,59.043,
434386.229,,60.558,59.564,
434486.221,,60.597,59.431,
434586.222,,60.533,59.486,
434686.219,,60.686,59.125,
434786.211,,60.532,58.315,
434886.206,,60.445,58.951,
434986.206,,60.375,58.595,
435086.199,,60.209,58.515,
435186.195,,59.960,58.219,
435286.189,,59.891,57.580,
435386.190,,60.056,57.939,
435486.181,,60.578,58.391,
435586.178,,60.498,59.182,
435686.174,,60.383,58.577,
435786.172,,60.145,58.633,
435886.170,,60.127,58.600,
435986.163,,60.438,59.158,
436086.163,,60.435,59.471,
436186.158,,60.375,61.210,
436286.153,,60.367,61.578,
436386.150,,60.467,61.587,
436486.146,,60.461,61.502,
436586.143,,60.167,61.193,
436686.134,,59.851,59.685,
436786.131,,59.897,59.164,
436886.126,,59.886,59.442,
436986.126,,60.309,59.463,
437086.123,,60.443,60.074,
437186.115,,59.941,59.757,
437286.111,,59.869,59.210,
437386.110,,59.973,58.846,
437486.106,,60.191,58.705,
437586.099,,60.179,58.564,
437686.095,,60.109,58.120,
437786.093,,60.225,57.521,
437886.086,,60.218,57.792,
437986.087,,60.209,57.404,
438086.082,,59.974,56.801,
438186.074,,59.504,56.822,
438286.072,,59.673,56.842,
438386.066,,59.749,57.016,
438486.065,,59.847,56.612,
438586.063,,59.611,56.166,
438686.060,,59.830,56.588,
438786.053,,60.054,57.171,
438886.046,,60.193,57.401,
438986.047,,60.662,58.008,
439086.038,,61.069,58.637,
439186.038,,60.703,58.460,
439286.031,,60.575,58.342,
439386.029,,60.404,57.824,
439486.027,,60.290,58.088,
439586.021,,60.223,58.425,
439686.015,,60.125,59.064,
439786.012,,60.354,59.488,
439886.013,,60.046,59.137,
439986.005,,59.821,58.169,
440086.004,,59.770,57.642,
440185.997,,59.411,56.099,
440285.994,,59.146,56.077,
440385.989,,59.244,55.983,
440485.985,,59.164,55.983,
440585.984,,59.334,55.935,
440685.980,,59.595,55.930,
440785.976,,59.305,55.137,
440885.972,,59.279,55.687,
440985.971,,59.407,55.467,
441085.969,,59.524,55.315,
441185.960,,59.658,55.533,
441285.956,,59.766,55.428,
441385.952,,59.817,55.932,
441485.948,,59.736,55.981,
441585.948,,59.158,55.437,
441685.941,,59.159,54.723,
441785.942,,58.587,54.458,
441885.934,,59.076,55.411,
441985.931,,59.544,55.659,
442085.931,,59.654,56.050,
442185.927,,59.899,56.655,
442285.921,,59.840,57.303,
442385.917,,60.069,57.946,
442485.912,,59.773,56.780,
442585.913,,59.694,56.695,
442685.905,,60.111,56.698,
442785.902,,60.046,56.339,
442885.899,,59.811,55.990,
442985.898,,59.391,55.553,
443085.890,,59.126,54.907,
443185.887,,57.975,54.746,
443285.888,,59.166,55.480,
443385.882,,59.588,55.550,
443485.878,,59.823,55.725,
443585.872,,59.336,55.117,
443685.875,,59.061,55.400,
443785.868,,59.333,55.874,
443885.867,,58.929,55.622,
443985.859,,59.495,56.097,
444085.855,,59.758,56.223,
444185.856,,59.780,56.568,
444285.851,,60.127,56.547,
444385.850,,60.120,56.771,
444485.845,,59.904,55.899,
444585.839,,59.389,55.325,
444685.832,,59.143,55.379,
444785.831,,59.155,55.575,
444885.827,,59.288,55.236,
444985.827,,59.688,55.605,
445085.818,,59.736,55.445,
445185.816,,59.893,55.720,
445285.817,,59.712,55.651,
445385.813,,59.644,55.488,
445485.803,,59.616,55.779,
445585.806,,60.229,56.898,
445685.798,,60.385,57.051,
445785.797,,60.100,56.515,
445885.791,,60.030,56.145,
445985.791,,59.588,55.115,
446085.787,,59.312,54.390,
446185.778,,59.460,55.155,
446285.778,,59.726,54.827,
446385.770,,59.376,55.245,
446485.769,,59.296,55.759,
446585.768,,59.732,55.809,
446685.766,,59.726,55.501,
446785.757,,59.662,56.223,
446885.753,,59.692,56.541,
446985.749,,59.541,56.229,
447085.746,,59.663,56.346,
447185.745,,59.544,56.322,
447285.744,,59.375,55.991,
447385.741,,59.326,55.883,
447485.736,,59.448,55.789,
447585.732,,59.339,55.593,
447685.723,,59.404,55.342,
447785.726,,59.616,55.194,
447885.722,,59.863,55.101,
447985.714,,59.911,55.488,
448085.716,,59.865,56.200,
448185.714,,59.973,55.606,
448285.709,,59.800,54.745,
448385.713,,59.642,54.154,
448485.710,,59.488,54.388,
448585.693,,59.377,54.812,
448685.706,,59.636,55.030,
448785.700,,59.443,55.206,
448885.698,,59.385,55.141,
448985.701,,59.921,55.687,
449085.698,,60.218,56.127,
449185.696,,60.007,54.835,
449285.694,,59.403,55.984,
449385.691,,59.934,55.975,
449485.692,,59.870,55.339,
449585.686,,60.031,56.889,
449685.687,,60.213,57.174,
449785.679,,59.996,57.168,
449885.682,,60.249,56.575,
449985.676,,59.988,57.276,
450085.675,,60.125,58.430,
450185.672,,60.312,57.759,
450285.675,,60.007,57.250,
450385.673,,59.872,58.486,
450485.673,,59.692,57.743,
450585.668,,59.567,57.139,
450685.669,,58.693,56.964,
450785.665,,58.944,57.660,
450885.662,,59.780,58.193,
450985.662,,59.784,59.314,
451085.659,,59.577,59.046,
451185.654,,59.660,58.126,
451285.656,,59.374,58.557,
451385.655,,59.588,59.263,
451485.647,,59.870,59.320,
451585.648,,59.894,59.339,
451685.647,,59.937,60.483,
451785.647,,59.689,59.496,
451885.645,,60.020,59.356,
451985.638,,59.952,58.353,
452085.636,,60.250,57.936,
452185.634,,59.981,58.060,
452285.635,,60.088,58.491,
452385.634,,59.955,59.326,
452485.631,,59.709,59.290,
452585.626,,59.435,60.044,
452685.627,,59.514,61.086,
452785.623,,59.800,60.960,
452885.623,,60.008,60.565,
452985.623,,59.963,60.211,
453085.620,,59.796,59.956,
453185.618,,59.606,58.992,
453285.618,,59.565,57.707,
453385.616,,59.352,57.882,
453485.609,,59.404,57.988,
453585.610,,59.578,57.545,
453685.609,,59.611,56.355,
453785.605,,59.232,55.467,
453885.606,,59.306,55.466,
453985.602,,59.463,55.216,
454085.601,,59.480,55.064,
454185.596,,59.357,54.695,
454285.601,,59.440,54.646,
454385.594,,59.708,55.650,
454485.593,,59.766,55.511,
454585.595,,59.642,56.258,
454685.593,,59.607,56.753,
454785.586,,59.644,56.267,
454885.586,,59.274,55.964,
454985.583,,59.163,55.469,
455085.585,,59.090,55.589,
455185.581,,59.562,54.712,
455285.580,,59.563,54.678,
455385.576,,59.515,55.683,
455485.575,,59.699,56.435,
455585.571,,60.119,56.857,
455685.573,,59.690,55.753,
455785.566,,59.296,54.847,
455885.567,,59.128,54.413,
455985.565,,58.974,54.143,
456085.562,,59.227,53.976,
456185.556,,59.203,54.209,
456285.553,,59.248,53.616,
456385.552,,59.250,53.842,
456485.545,,59.289,55.273,
456585.539,,58.999,54.548,
456685.535,,59.262,54.535,
456785.535,,59.392,54.695,
456885.527,,59.784,56.296,
456985.525,,60.065,56.035,
457085.523,,59.606,55.346,
457185.520,,59.515,55.157,
457285.513,,59.563,54.402,
457385.515,,59.321,56.045,
457485.507,,59.592,56.434,
457585.506,,59.855,55.837,
457685.499,,59.872,55.252,
457785.497,,59.688,55.308,
457885.490,,59.977,54.932,
457985.487,,60.014,55.314,
458085.483,,60.023,55.269,
458185.481,,60.039,56.352,
458285.478,,60.341,57.090,
458385.472,,60.394,57.255,
458485.469,,60.227,58.053,
458585.467,,60.365,57.743,
458685.464,,60.345,58.267,
458785.460,,60.286,57.696,
458885.457,,60.259,58.326,
458985.453,,60.572,58.143,
459085.449,,60.788,57.830,
459185.442,,60.396,58.357,
459285.440,,60.613,58.821,
459385.438,,60.931,58.725,
459485.435,,60.609,58.127,
459585.432,,60.027,57.708,
459685.424,,59.711,57.166,
459785.423,,59.547,58.233,
459885.417,,59.577,59.605,
459985.413,,60.158,60.296,
460085.413,,60.331,60.522,
460185.408,,60.052,60.092,
460285.403,,60.107,60.283,
460385.400,,59.731,60.659,
460485.396,,60.101,61.106,
460585.396,,60.399,60.786,
460685.386,,59.939,59.968,
460785.383,,59.658,59.597,
460885.381,,59.488,58.557,
460985.377,,59.616,58.011,
461085.378,,59.518,58.107,
461185.372,,59.459,58.077,
461285.366,,59.679,58.548,
461385.362,,59.621,58.965,
461485.357,,59.824,59.618,
461585.353,,60.338,61.166,
461685.356,,60.329,61.044,
461785.348,,60.270,61.084,
461885.346,,60.154,61.330,
461985.340,,60.010,61.516,
462085.337,,60.122,60.920,
462185.331,,60.006,60.573,
462285.332,,59.670,60.313,
462385.326,,59.716,59.827,
462485.324,,59.727,59.646,
462585.318,,59.590,59.137,
462685.318,,59.493,59.488,
462785.311,,59.688,59.546,
462885.311,,59.995,60.668,
462985.304,,59.733,60.072,
463085.301,,60.021,59.644,
463185.296,,59.810,59.705,
463285.295,,59.696,59.484,
463385.288,,59.753,59.405,
463485.288,,59.852,60.010,
463585.279,,59.905,60.385,
463685.281,,59.982,59.976,
463785.274,,60.282,59.811,
463885.271,,60.135,59.278,
463985.268,,59.969,58.467,
464085.266,,59.478,58.696,
464185.265,,59.907,58.397,
464285.258,,59.626,57.354,
464385.255,,59.032,56.839,
464485.254,,59.314,57.402,
464585.247,,59.569,57.467,
464685.245,,59.411,57.246,
464785.240,,59.038,56.554,
464885.243,,59.460,56.562,
464985.238,,59.279,56.514,
465085.235,,59.805,56.788,
465185.228,,59.831,57.137,
465285.231,,60.107,57.681,
465385.226,,60.097,57.827,
465485.224,,59.936,58.088,
465585.217,,59.924,58.647,
465685.219,,59.919,58.898,
465785.215,,60.303,58.289,
465885.209,,59.557,57.457,
465985.205,,59.525,57.102,
466085.202,,59.795,56.830,
466185.199,,59.882,57.041,
466285.199,,59.297,56.327,
466385.196,,59.285,56.227,
466485.189,,59.458,56.360,
466585.188,,59.097,56.047,
466685.187,,59.368,56.271,
466785.181,,59.649,55.852,
466885.177,,59.577,57.083,
466985.176,,59.552,57.873,
467085.175,,59.473,58.355,
467185.173,,60.144,58.840,
467285.167,,60.120,59.591,
467385.163,,60.034,59.547,
467485.165,,59.877,59.583,
467585.161,,59.708,59.810,
467685.152,,59.575,60.280,
467785.155,,59.574,60.040,
467885.147,,59.998,59.524,
467985.144,,59.634,58.749,
468085.143,,59.725,59.236,
468185.140,,59.509,59.712,
468285.134,,60.334,58.849,
468385.134,,60.231,58.447,
468485.134,,60.689,58.501,
468585.128,,60.619,58.852,
468685.123,,60.219,58.310,
468785.121,,59.758,57.506,
468885.121,,59.655,57.483,
468985.114,,59.666,57.397,
469085.112,,59.849,57.144,
469185.109,,59.512,56.338,
469285.106,,59.575,57.356,
469385.107,,60.004,58.573,
469485.102,,60.031,59.131,
469585.095,,60.426,59.099,
469685.097,,60.311,58.422,
469785.093,,60.111,58.121,
469885.087,,60.319,57.681,
469985.088,,60.261,57.461,
470085.085,,60.026,57.593,
470185.083,,60.208,57.489,
470285.074,,60.313,57.186,
470385.075,,60.292,56.443,
470485.073,,60.554,56.861,
470585.067,,60.853,57.417,
470685.062,,60.640,57.343,
470785.063,,60.544,56.824,
470885.058,,60.640,56.735,
470985.057,,59.863,56.446,
471085.051,,59.804,56.589,
471185.051,,59.737,56.431,
471285.048,,59.750,57.364,
471385.043,,59.889,57.123,
471485.040,,59.536,57.129,
471585.039,,59.577,56.934,
471685.032,,59.925,57.308,
471785.029,,59.786,57.426,
471885.028,,59.807,57.534,
471985.027,,59.785,57.341,
472085.021,,59.786,57.762,
472185.022,,59.932,58.141,
472285.019,,59.775,58.123,
472385.015,,59.604,58.480,
472485.012,,59.657,58.420,
472585.008,,59.838,57.912,
472685.007,,59.932,57.607,
472785.005,,59.913,57.461,
472885.000,,59.821,57.090,
472984.996,,59.562,57.024,
473084.992,,59.492,56.054,
473184.989,,59.612,56.272,
473284.986,,60.144,57.579,
473384.988,,59.969,57.442,
473484.986,,60.013,57.698,
473584.983,,60.039,57.540,
473684.976,,59.700,57.295,
473784.979,,59.854,57.116,
473884.974,,59.444,56.513,
473984.973,,59.363,56.264,
474084.967,,59.302,55.832,
474184.966,,58.870,54.974,
474284.959,,58.723,54.850,
474384.958,,58.896,55.695,
474484.956,,59.298,56.696,
474584.954,,59.357,56.535,
474684.948,,59.169,56.708,
474784.945,,59.118,56.325,
474884.948,,59.339,57.394,
474984.942,,59.682,57.941,
475084.940,,59.464,58.567,
475184.935,,59.124,59.872,
475284.931,,59.245,60.455,
475384.928,,59.162,60.889,
475484.931,,59.178,60.724,
475584.927,,59.543,59.949,
475684.919,,59.670,59.932,
475784.920,,59.445,59.959,
475884.919,,59.623,60.123,
475984.911,,59.834,60.166,
476084.909,,59.599,59.101,
476184.906,,59.204,58.352,
476284.907,,59.354,59.180,
476384.903,,59.619,59.363,
476484.897,,59.449,59.592,
476584.901,,59.479,60.082,
476684.894,,59.584,59.614,
476784.889,,59.714,59.940,
476884.886,,59.719,59.773,
476984.883,,59.732,59.549,
477084.883,,59.551,59.721,
477184.883,,59.858,58.462,
477284.881,,59.027,58.255,
477384.876,,58.962,57.938,
477484.872,,58.748,57.747,
477584.867,,59.316,58.920,
477684.867,,59.201,58.749,
477784.863,,59.081,58.372,
477884.864,,59.056,58.286,
477984.861,,59.048,57.412,
478084.854,,59.087,57.826,
478184.852,,59.390,58.093,
478284.848,,59.672,58.334,
478384.845,,59.970,58.931,
478484.842,,60.129,58.964,
478584.845,,59.983,58.897,
478684.839,,59.849,58.385,
478784.838,,59.860,57.300,
478884.837,,59.427,56.251,
478984.832,,59.158,55.847,
479084.828,,59.243,56.025,
479184.827,,59.495,56.355,
479284.822,,59.444,56.852,
479384.820,,59.215,56.328,
479484.816,,59.504,56.436,
479584.818,,59.644,56.273,
479684.810,,59.892,57.041,
479784.811,,59.563,57.456,
479884.805,,59.783,57.338,
479984.805,,59.746,57.011,
480084.796,,59.118,56.300,
480184.795,,59.122,56.666,
480284.790,,59.190,56.913,
480384.788,,59.367,56.533,
480484.783,,59.206,55.864,
480584.780,,59.181,55.894,
480684.772,,59.106,55.473,
480784.767,,59.395,56.191,
480884.766,,59.481,55.902,
480984.762,,59.786,55.627,
481084.759,,59.705,55.556,
481184.757,,59.747,55.565,
481284.751,,59.660,55.071,
481384.748,,59.980,55.426,
481484.746,,59.766,55.223,
481584.739,,59.875,55.893,
481684.736,,59.921,56.160,
481784.731,,59.746,56.777,
481884.729,,59.602,55.987,
481984.724,,59.477,55.780,
482084.719,,59.398,56.152,
482184.718,,60.328,56.454,
482284.712,,60.418,56.928,
482384.708,,60.588,56.990,
482484.706,,59.887,57.711,
482584.702,,60.231,57.972,
482684.695,,59.927,58.189,
482784.693,,60.215,58.058,
482884.685,,59.810,58.440,
482984.686,,59.987,57.683,
483084.682,,59.713,57.831,
483184.677,,59.628,56.697,
483284.673,,59.555,56.533,
483384.665,,59.777,57.477,
483484.661,,59.729,57.352,
483584.662,,60.028,58.175,
483684.653,,59.756,59.222,
483784.655,,59.592,58.636,
483884.648,,59.316,57.954,
483984.646,,59.555,58.415,
484084.644,,59.796,59.278,
484184.636,,59.451,59.159,
484284.633,,59.281,58.559,
484384.628,,59.644,58.846,
484484.627,,59.670,58.430,
484584.620,,59.451,57.902,
484684.618,,59.740,58.472,
484784.611,,59.850,57.949,
484884.609,,60.017,57.758,
484984.606,,60.165,57.197,
485084.598,,60.041,57.860,
485184.600,,60.137,57.629,
485284.592,,60.203,57.203,
485384.592,,60.565,57.628,
485484.582,,60.542,57.658,
485584.584,,60.471,57.974,
485684.580,,60.779,57.819,
485784.571,,60.883,58.294,
485884.569,,60.734,57.810,
485984.564,,60.867,57.654,
486084.564,,60.925,58.304,
486184.559,,60.679,56.634,
486284.551,,59.863,55.851,
486384.546,,59.816,56.067,
486484.547,,59.724,57.360,
486584.544,,59.645,58.164,
486684.536,,59.872,58.809,
486784.531,,59.850,59.288,
486884.532,,59.907,59.340,
486984.525,,60.318,59.556,
487084.524,,60.309,60.149,
487184.517,,60.122,59.387,
487284.515,,59.885,58.175,
487384.507,,59.828,57.700,
487484.504,,59.479,57.320,
487584.504,,60.034,57.710,
487684.496,,59.856,57.021,
487784.493,,59.520,57.269,
487884.488,,59.932,57.313,
487984.490,,60.473,57.845,
488084.487,,60.260,57.361,
488184.486,,59.854,58.138,
488284.485,,60.280,58.737,
488384.482,,59.814,58.308,
488484.478,,59.662,57.966,
488584.478,,59.826,58.303,
488684.475,,60.070,58.130,
488784.473,,59.870,57.616,
488884.469,,59.823,57.767,
488984.471,,59.708,57.501,
489084.469,,59.483,57.650,
489184.466,,59.336,57.736,
489284.463,,59.878,58.091,
489384.463,,59.750,57.344,
489484.460,,59.375,56.697,
489584.456,,59.315,56.047,
489684.454,,59.087,55.640,
489784.454,,59.122,56.244,
489884.453,,59.030,56.170,
489984.452,,59.006,56.742,
490084.449,,59.238,56.524,
490184.445,,59.819,57.120,
490284.445,,59.811,57.314,
490384.445,,59.363,56.074,
490484.440,,59.298,55.720,
490584.439,,59.189,55.276,
490684.437,,59.132,54.914,
490784.432,,59.166,54.671,
490884.432,,59.171,54.669,
490984.433,,59.132,55.859,
491084.428,,59.139,56.434,
491184.425,,59.275,56.164,
491284.426,,59.029,56.680,
491384.424,,59.110,57.403,
491484.425,,59.029,57.201,
491584.424,,59.059,57.060,
491684.421,,59.076,57.183,
491784.418,,59.135,56.869,
491884.413,,59.312,56.459,
491984.411,,59.375,56.523,
492084.408,,59.826,56.986,
492184.411,,59.906,56.767,
492284.408,,59.984,56.328,
492384.406,,59.569,56.829,
492484.406,,59.427,57.707,
492584.402,,59.578,57.894,
492684.400,,59.439,57.759,
492784.401,,59.329,58.673,
492884.399,,59.749,58.714,
492984.391,,59.829,58.630,
493084.391,,59.920,58.604,
493184.390,,59.950,58.263,
493284.391,,59.838,57.506,
493384.384,,59.625,57.257,
493484.383,,59.626,57.011,
493584.384,,59.505,56.662,
493684.382,,59.358,56.281,
493784.376,,59.200,56.833,
493884.379,,59.164,57.682,
493984.378,,59.329,57.436,
494084.375,,59.384,57.268,
494184.372,,59.475,56.867,
494284.371,,59.287,56.681,
494384.367,,59.464,56.939,
494484.366,,59.188,56.791,
494584.367,,59.321,56.568,
494684.361,,59.535,56.375,
494784.358,,60.129,55.842,
494884.359,,59.705,55.886,
494984.355,,59.646,55.459,
495084.358,,59.626,55.849,
495184.351,,59.908,55.703,
495284.355,,59.514,55.176,
495384.353,,59.407,55.421,
495484.349,,59.585,55.333,
495584.344,,59.265,54.135,
495684.342,,58.914,54.417,
495784.341,,59.521,54.463,
495884.343,,59.132,54.602,
495984.340,,59.479,55.009,
496084.337,,59.469,54.870,
496184.330,,59.243,54.903,
496284.331,,59.162,55.345,
496384.328,,58.939,55.911,
496484.325,,59.286,56.085,
496584.319,,59.059,55.526,
496684.318,,58.825,54.973,
496784.313,,58.878,54.702,
496884.310,,58.644,55.147,
496984.303,,59.040,55.459,
497084.301,,59.471,55.956,
497184.302,,59.840,55.971,
497284.300,,59.911,55.692,
497384.296,,60.064,56.475,
497484.294,,60.217,56.353,
497584.285,,59.712,55.565,
497684.288,,59.763,55.136,
497784.285,,59.489,54.832,
497884.277,,59.241,55.023,
497984.277,,59.409,53.965,
498084.271,,58.744,53.202,
498184.272,,58.463,53.661,
498284.263,,58.737,54.482,
498384.265,,58.778,54.533,
498484.258,,59.269,54.503,
498584.254,,59.365,55.188,
498684.257,,59.629,55.255,
498784.249,,59.393,54.872,
498884.251,,59.450,55.531,
498984.243,,59.592,55.143,
499084.239,,59.355,55.396,
499184.237,,59.263,55.498,
499284.236,,59.181,55.157,
499384.234,,59.361,55.242,
499484.228,,59.491,55.717,
499584.228,,59.373,55.715,
499684.222,,58.951,54.948,
499784.223,,58.878,54.602,
499884.218,,59.031,53.964,
499984.212,,58.873,53.662,
500084.215,,59.144,54.024,
500184.206,,59.190,54.773,
500284.205,,59.116,54.687,
500384.199,,59.206,54.334,
500484.199,,59.413,54.323,
500584.199,,59.204,54.415,
500684.192,,59.385,55.075,
500784.189,,59.309,55.281,
500884.188,,59.167,54.847,
500984.183,,59.130,54.568,
501084.177,,59.045,54.602,
501184.179,,59.086,54.879,
501284.177,,59.326,55.340,
501384.174,,59.735,55.875,
501484.165,,59.189,55.094,
501584.164,,59.286,55.144,
501684.162,,59.340,55.431,
501784.160,,59.398,55.509,
501884.153,,59.243,56.259,
501984.155,,59.373,55.422,
502084.149,,59.328,54.982,
502184.146,,59.268,54.989,
502284.147,,59.139,54.476,
502384.137,,58.954,54.268,
502484.135,,59.086,55.009,
502584.133,,59.428,55.641,
502684.132,,59.621,56.084,
502784.129,,59.814,55.997,
502884.122,,59.780,55.484,
502984.121,,59.180,54.410,
503084.118,,58.649,54.171,
503184.113,,59.352,54.955,
503284.110,,59.474,55.176,
503384.111,,59.380,55.385,
503484.109,,59.431,55.746,
503584.104,,59.649,55.815,
503684.104,,58.772,54.772,
503784.100,,59.430,55.339,
503884.092,,59.845,54.625,
503984.090,,59.866,54.852,
504084.087,,59.844,55.535,
504184.085,,60.090,55.486,
504284.080,,60.160,55.722,
504384.076,,60.196,55.130,
504484.068,,60.183,56.141,
504584.066,,60.274,55.117,
504684.061,,59.207,55.644,
504784.056,,59.421,56.048,
504884.049,,59.205,55.846,
504984.046,,59.289,56.318,
505084.043,,59.541,56.228,
505184.041,,59.392,56.346,
505284.037,,59.490,56.127,
505384.027,,59.543,56.603,
505484.029,,59.529,56.609,
505584.024,,59.455,56.085,
505684.018,,59.515,55.319,
505784.016,,59.242,55.978,
505884.006,,59.552,56.292,
505984.006,,59.776,55.216,
506084.001,,59.488,54.212,
506183.993,,59.148,53.930,
506283.992,,59.330,54.256,
506383.985,,59.300,54.385,
506483.980,,59.644,54.607,
506583.981,,59.923,55.009,
506683.974,,60.217,55.708,
506783.972,,60.210,55.287,
506883.964,,59.720,54.860,
506983.961,,59.574,54.317,
507083.960,,59.383,54.135,
507183.953,,59.478,54.260,
507283.948,,59.352,54.371,
507383.944,,59.426,54.124,
507483.937,,59.135,54.008,
507583.936,,58.842,53.837,
507683.930,,58.929,54.028,
507783.927,,59.002,54.556,
507883.920,,59.347,54.143,
507983.921,,59.202,54.348,
508083.914,,59.218,55.040,
508183.907,,59.170,54.795,
508283.908,,58.976,54.027,
508383.900,,58.701,53.712,
508483.898,,58.523,54.316,
508583.894,,58.633,55.513,
508683.885,,58.830,55.818,
508783.885,,59.172,57.011,
508883.879,,59.175,59.296,
508983.876,,59.087,59.239,
509083.874,,59.121,58.505,
509183.867,,59.166,57.701,
509283.861,,59.126,57.065,
509383.862,,59.387,56.654,
509483.855,,59.108,56.537,
509583.853,,59.877,56.176,
509683.848,,59.351,55.918,
509783.839,,59.362,55.527,
509883.840,,59.092,55.015,
509983.831,,58.920,54.831,
510083.827,,59.201,54.769,
510183.824,,59.272,55.879,
510283.821,,59.135,55.734,
510383.819,,59.134,55.298,
510483.813,,59.281,55.491,
510583.805,,59.261,54.956,
510683.806,,59.316,54.615,
510783.797,,59.519,54.321,
510883.794,,59.488,54.503,
510983.787,,59.718,55.357,
511083.786,,59.422,55.462,
511183.782,,59.192,56.063,
511283.779,,59.324,55.573,
511383.770,,59.546,55.044,
511483.766,,58.986,54.521,
511583.765,,58.825,54.606,
511683.758,,58.735,53.967,
511783.756,,58.449,53.787,
511883.752,,58.066,52.910,
511983.752,,58.099,53.051,
512083.748,,59.035,53.988,
512183.744,,59.195,54.030,
512283.746,,59.048,54.207,
512383.741,,58.956,53.373,
512483.742,,58.836,53.385,
512583.740,,58.684,53.726,
512683.738,,58.623,53.274,
512783.737,,58.360,53.544,
512883.732,,58.988,53.909,
512983.733,,59.220,53.693,
513083.730,,58.770,54.358,
513183.724,,59.120,54.845,
513283.727,,59.064,55.751,
513383.725,,59.223,55.847,
513483.721,,59.232,55.455,
513583.720,,58.877,54.918,
513683.715,,58.834,54.634,
513783.713,,58.796,54.291,
513883.715,,58.915,54.548,
513983.709,,58.868,54.763,
514083.709,,58.972,54.452,
514183.708,,58.691,54.468,
514283.709,,59.049,54.312,
514383.705,,59.016,53.658,
514483.704,,59.149,53.779,
514583.699,,59.469,53.873,
514683.698,,59.437,53.794,
514783.701,,59.570,53.317,
514883.699,,59.117,53.288,
514983.696,,58.991,53.319,
515083.691,,58.983,53.473,
515183.691,,58.796,53.433,
515283.690,,58.798,53.107,
515383.689,,58.447,54.008,
515483.682,,58.839,54.889,
515583.686,,58.867,55.445,
515683.681,,59.151,55.685,
515783.683,,59.113,55.846,
515883.680,,59.055,56.230,
515983.676,,59.264,55.647,
516083.672,,59.191,55.518,
516183.673,,59.460,56.129,
516283.669,,59.291,56.365,
516383.666,,59.541,56.948,
516483.668,,59.706,56.409,
516583.664,,59.348,56.964,
516683.666,,59.337,57.611,
516783.662,,59.450,57.924,
516883.658,,59.456,57.299,
516983.657,,59.129,56.551,
517083.657,,58.557,55.867,
517183.653,,58.900,54.996,
517283.653,,58.365,55.328,
517383.649,,59.100,56.306,
517483.652,,58.875,55.735,
517583.647,,58.660,56.263,
517683.642,,59.054,56.840,
517783.641,,58.724,56.452,
517883.642,,59.126,56.447,
517983.637,,59.235,56.388,
518083.639,,59.275,56.413,
518183.636,,59.272,56.984,
518283.633,,59.529,57.444,
518383.632,,59.544,58.444,
518483.632,,59.861,59.067,
518583.630,,60.028,58.890,
518683.630,,60.113,58.600,
518783.628,,60.311,58.424,
518883.626,,60.452,58.565,
518983.620,,60.082,58.603,
519083.620,,60.002,58.734,
519183.616,,59.930,58.281,
519283.620,,59.821,57.264,
519383.616,,59.405,56.622,
519483.611,,59.055,55.950,
519583.609,,59.235,55.569,
519683.608,,59.143,55.381,
519783.609,,59.288,55.570,
519883.602,,59.116,54.360,
519983.600,,59.112,54.609,
520083.598,,59.329,55.332,
520183.597,,59.829,55.337,
520283.594,,59.780,54.816,
520383.587,,58.982,54.223,
520483.581,,59.132,54.226,
520583.579,,59.138,54.055,
520683.576,,59.477,54.150,
520783.571,,59.757,54.710,
520883.574,,59.700,54.953,
520983.567,,59.858,56.523,
521083.564,,60.324,57.331,
521183.559,,59.464,56.169,
521283.556,,58.964,55.844,
521383.554,,59.032,56.273,
521483.547,,58.986,56.214,
521583.546,,58.995,55.952,
521683.539,,59.098,56.211,
521783.538,,59.364,55.838,
521883.538,,59.423,55.212,
521983.529,,59.420,54.731,
522083.528,,59.224,54.442,
522183.523,,59.426,54.711,
522283.524,,58.992,54.190,
522383.520,,59.273,54.355,
522483.515,,59.036,55.483,
522583.507,,59.495,55.516,
522683.506,,59.044,54.772,
522783.503,,59.271,54.761,
522883.503,,58.919,56.284,
522983.499,,59.148,56.588,
523083.495,,59.099,56.819,
523183.489,,59.074,56.521,
523283.488,,59.498,55.845,
523383.481,,58.999,55.152,
523483.476,,60.158,55.997,
523583.477,,60.278,56.225,
523683.472,,59.483,56.536,
523783.470,,59.573,55.424,
523883.462,,58.947,55.318,
523983.463,,58.426,55.264,
524083.460,,58.519,55.807,
524183.457,,58.956,56.471,
524283.454,,59.093,56.654,
524383.449,,58.622,57.423,
524483.444,,59.039,58.721,
524583.443,,59.115,60.905,
524683.439,,59.090,60.628,
524783.431,,59.113,59.642,
524883.430,,58.992,58.602,
524983.425,,58.899,57.458,
525083.420,,59.110,56.571,
525183.423,,58.663,56.326,
525283.418,,59.013,56.315,
525383.411,,59.272,56.258,
525483.410,,59.106,56.479,
525583.407,,59.042,56.002,
525683.402,,59.012,55.228,
525783.400,,58.921,54.827,
525883.398,,59.077,54.994,
525983.391,,59.027,55.265,
526083.391,,59.124,55.854,
526183.386,,59.100,55.914,
526283.381,,59.284,55.931,
526383.375,,58.801,56.072,
526483.373,,59.162,56.790,
526583.373,,59.128,56.670,
526683.366,,58.903,56.340,
526783.365,,58.999,56.900,
526883.359,,59.147,56.908,
526983.354,,59.191,56.168,
527083.350,,59.048,55.878,
527183.346,,59.200,54.750,
527283.349,,58.804,54.556,
527383.344,,58.852,54.244,
527483.337,,58.589,53.529,
527583.336,,58.278,54.560,
527683.330,,59.376,56.020,
527783.330,,59.455,56.061,
527883.322,,59.286,55.545,
527983.325,,58.966,55.601,
528083.321,,59.108,55.565,
528183.316,,58.893,55.697,
528283.314,,58.796,55.340,
528383.307,,58.793,55.277,
528483.304,,58.992,55.195,
528583.302,,59.154,55.328,
528683.300,,59.054,55.249,
528783.300,,58.953,55.363,
528883.293,,59.184,56.051,
528983.290,,59.711,57.301,
529083.285,,59.429,57.831,
529183.285,,59.702,58.530,
529283.282,,60.003,57.522,
529383.277,,59.632,57.268,
529483.277,,59.317,56.350,
529583.272,,59.241,55.490,
529683.268,,58.861,54.769,
529783.268,,58.549,54.282,
529883.263,,58.787,54.503,
529983.258,,59.294,55.202,
530083.255,,59.166,55.063,
530183.256,,58.978,54.959,
530283.250,,59.362,54.750,
530383.246,,58.913,53.990,
530483.244,,59.094,55.245,
530583.244,,59.734,55.874,
530683.236,,59.667,56.088,
530783.239,,59.629,56.186,
530883.230,,59.203,55.313,
530983.228,,59.164,54.742,
531083.228,,58.807,54.900,
531183.224,,58.747,55.281,
531283.222,,59.095,56.551,
531383.218,,58.865,57.186,
531483.212,,59.089,56.743,
531583.213,,58.794,56.819,
531683.208,,58.503,57.465,
531783.204,,58.670,56.345,
531883.199,,58.777,56.551,
531983.202,,58.320,57.544,
532083.199,,58.803,56.156,
532183.191,,58.087,56.803,
532283.189,,59.024,57.578,
532383.186,,58.720,57.130,
532483.186,,59.082,56.935,
532583.182,,59.027,57.074,
532683.178,,58.727,57.981,
532783.177,,58.913,58.376,
532883.173,,58.809,58.513,
532983.170,,58.996,58.959,
533083.164,,59.297,57.992,
533183.160,,58.946,58.271,
533283.158,,58.788,57.144,
533383.157,,58.603,57.704,
533483.150,,58.613,57.942,
533583.149,,58.399,58.442,
533683.147,,58.563,57.666,
533783.147,,58.589,56.587,
533883.139,,57.678,56.316,
533983.139,,57.860,56.205,
534083.135,,57.582,55.477,
534183.133,,57.527,55.836,
534283.129,,57.421,56.592,
534383.125,,57.386,56.970,
534483.125,,57.843,57.046,
534583.122,,58.223,57.204,
534683.113,,57.991,56.862,
534783.111,,57.996,57.599,
534883.112,,58.094,58.487,
534983.110,,58.131,58.324,
535083.108,,58.010,59.639,
535183.100,,58.030,58.894,
535283.099,,58.039,59.128,
535383.096,,57.446,57.249,
535483.093,,57.862,58.544,
535583.086,,58.641,58.143,
535683.087,,58.160,57.427,
535783.084,,58.174,57.441,
535883.084,,57.983,57.792,
535983.076,,58.179,57.597,
536083.070,,57.854,56.188,
536183.066,,57.607,56.508,
536283.068,,58.459,56.733,
536383.059,,58.550,56.670,
536483.060,,58.495,55.909,
536583.057,,58.149,56.749,
536683.046,,58.245,56.195,
536783.049,,58.108,57.072,
536883.040,,58.293,56.742,
536983.041,,58.322,56.184,
537083.031,,58.163,56.771,
537183.028,,58.283,56.665,
537283.027,,58.236,56.599,
537383.024,,58.326,56.499,
537483.021,,58.737,57.784,
537583.016,,58.686,57.900,
537683.012,,58.527,57.707,
537783.004,,58.584,57.123,
537883.004,,58.204,57.429,
537983.000,,58.683,57.459,
538082.992,,58.884,58.225,
538182.990,,59.353,58.227,
538282.991,,59.337,58.040,
538382.984,,59.059,58.070,
538482.982,,59.652,58.110,
538582.974,,59.945,57.662,
538682.971,,59.833,57.715,
538782.969,,59.814,57.030,
538882.961,,59.379,55.638,
538982.957,,58.960,55.296,
539082.953,,58.657,54.881,
539182.953,,58.758,55.460,
539282.953,,59.017,55.347,
539382.947,,57.534,55.831,
539482.943,,58.872,56.657,
539582.939,,59.398,56.963,
539682.932,,59.238,57.436,
539782.931,,59.554,57.728,
539882.924,,59.746,57.160,
539982.923,,59.959,57.041,
540082.921,,59.624,56.857,
540182.917,,59.579,55.840,
540282.913,,59.058,55.023,
540382.908,,58.814,54.657,
540482.906,,58.479,54.967,
540582.896,,58.176,53.047,
540682.893,,58.169,54.974,
540782.894,,59.028,56.082,
540882.885,,59.367,56.506,
540982.886,,59.701,57.016,
541082.877,,59.639,57.095,
541182.873,,59.636,56.761,
541282.874,,59.855,55.210,
541382.868,,59.003,55.340,
541482.862,Input1*2*0,58.990,55.182,
541582.862,Input1*2*1,58.903,54.637,
541682.854,,59.261,54.925,
541782.855,,59.472,55.206,
541882.846,,58.808,57.669,
541982.844,,59.373,59.346,
542082.842,,59.491,59.695,
542182.839,,59.428,58.690,
542282.834,,58.838,57.607,
542382.828,,58.803,57.399,
542482.826,,58.881,57.225,
542582.825,,59.105,56.795,
542682.821,,59.286,56.933,
542782.814,,59.353,56.231,
542882.808,,59.163,55.646,
542982.803,,59.084,55.318,
543082.804,,59.000,55.856,
543182.799,,58.793,55.346,
543282.794,,58.791,54.562,
543382.793,,58.634,53.703,
543482.786,,58.295,53.222,
543582.780,,58.327,53.253,
543682.780,,58.538,53.635,
543782.774,,58.865,53.586,
543882.771,,58.982,53.832,
543982.768,,59.184,54.362,
544082.765,,59.176,54.608,
544182.764,,59.104,54.655,
544282.763,,59.133,55.067,
544382.763,,59.206,54.871,
544482.757,,58.967,55.725,
544582.754,,58.840,55.359,
544682.753,,59.116,54.607,
544782.756,,59.259,54.321,
544882.751,,59.557,55.062,
544982.753,,59.457,54.964,
545082.746,,59.325,54.894,
545182.742,,59.373,54.910,
545282.747,,59.173,54.492,
545382.742,,58.974,54.604,
545482.743,,59.059,54.209,
545582.739,,59.166,54.042,
545682.734,,59.182,53.629,
545782.731,,58.868,54.250,
545882.730,,59.065,54.964,
545982.730,,59.203,54.805,
546082.728,,59.166,54.132,
546182.725,,59.539,55.105,
546282.727,,59.498,54.298,
546382.723,,59.353,54.110,
546482.723,,59.492,53.945,
546582.721,,59.595,53.741,
546682.715,,59.391,53.867,
546782.712,,59.093,54.371,
546882.712,,59.225,54.086,
546982.712,,59.318,53.778,
547082.711,,59.339,53.560,
547182.707,,59.006,53.437,
547282.704,,59.164,53.608,
547382.702,,59.103,53.299,
547482.701,,59.312,54.506,
547582.699,,59.693,53.807,
547682.697,,59.316,53.782,
547782.698,,59.483,54.207,
547882.690,,58.917,53.839,
547982.693,,58.739,53.647,
548082.688,,58.978,53.334,
548182.689,,58.708,53.683,
548282.684,,58.581,52.960,
548382.684,,58.483,53.461,
548482.682,,58.748,53.312,
548582.675,,59.074,53.398,
548682.680,,58.792,53.440,
548782.676,,58.740,53.223,
548882.671,,58.669,53.327,
548982.671,,58.779,53.261,
549082.672,,58.702,52.937,
549182.664,,58.611,52.665,
549282.664,,58.947,53.212,
549382.661,,59.321,53.091,
549482.659,,59.258,53.384,
549582.658,,58.967,53.145,
549682.654,,58.685,53.142,
549782.654,,58.533,52.822,
549882.655,,58.447,53.314,
549982.652,,58.350,53.061,
550082.649,,58.528,53.311,
550182.648,,58.601,53.944,
550282.648,,58.421,55.000,
550382.647,,59.183,55.400,
550482.642,,59.136,54.973,
550582.639,,58.927,55.905,
550682.635,,59.527,56.293,
550782.634,,59.568,56.366,
550882.634,,59.418,55.466,
550982.629,,58.814,54.531,
551082.628,,58.673,54.035,
551182.625,,58.537,54.037,
551282.623,,58.807,54.165,
551382.625,,58.891,54.878,
551482.619,,59.069,54.916,
551582.623,,58.818,53.952,
551682.619,,58.550,54.468,
551782.618,,58.704,54.702,
551882.613,,58.789,55.056,
551982.614,,59.049,54.733,
552082.605,,59.193,54.971,
552182.609,,58.823,54.629,
552282.606,,59.168,54.806,
552382.601,,58.969,54.582,
552482.597,,59.370,55.569,
552582.597,,59.642,55.892,
552682.594,,59.460,55.640,
552782.588,,59.360,55.887,
552882.586,,59.192,55.528,
552982.585,,58.821,54.758,
553082.578,,59.281,54.842,
553182.576,,58.962,54.401,
553282.577,,58.995,54.083,
553382.572,,59.011,54.177,
553482.571,,59.077,54.917,
553582.569,,59.184,55.580,
553682.566,,59.187,54.899,
553782.558,,58.594,54.686,
553882.558,,58.919,54.779,
553982.553,,58.948,54.863,
554082.555,,59.080,54.598,
554182.551,,59.285,54.429,
554282.548,,59.419,54.271,
554382.546,,59.354,54.674,
554482.544,,59.374,55.992,
554582.538,,59.573,56.375,
554682.536,,59.092,55.566,
554782.532,,58.736,55.263,
554882.529,,58.574,54.626,
554982.524,,58.655,55.189,
555082.525,,58.964,55.297,
555182.519,,59.110,55.814,
555282.518,,59.370,56.114,
555382.519,,59.601,56.005,
555482.513,,59.527,56.620,
555582.513,,59.689,56.466,
555682.511,,59.549,56.219,
555782.501,,59.630,55.761,
555882.500,,59.608,55.319,
555982.498,,59.858,55.205,
556082.497,,59.453,54.634,
556182.490,,59.334,54.892,
556282.490,,59.379,55.304,
556382.487,,59.745,55.396,
556482.487,,59.695,56.095,
556582.484,,59.558,54.912,
556682.476,,58.409,54.456,
556782.478,,59.246,56.032,
556882.472,,59.648,56.413,
556982.474,,59.885,56.642,
557082.471,,59.490,55.214,
557182.463,,59.041,54.787,
557282.462,,59.109,55.606,
557382.462,,58.983,55.996,
557482.457,,59.261,56.313,
557582.457,,59.222,57.062,
557682.454,,59.234,57.208,
557782.451,,59.222,56.491,
557882.445,,59.216,55.709,
557982.440,,59.337,56.150,
558082.441,,59.345,56.490,
558182.438,,59.663,56.386,
558282.433,,59.400,55.551,
558382.428,,59.052,54.949,
558482.426,,59.470,54.564,
558582.430,,59.521,54.180,
558682.422,,59.407,53.706,
558782.419,,59.046,54.477,
558882.418,,59.889,55.171,
558982.412,,59.914,55.321,
559082.411,,59.472,54.534,
559182.408,,59.084,54.753,
559282.408,,59.537,55.661,
559382.404,,59.477,55.860,
559482.400,,59.301,56.825,
559582.402,,60.175,56.350,
559682.397,,59.279,55.786,
559782.391,,58.934,56.507,
559882.388,,59.311,56.662,
559982.384,,58.883,56.577,
560082.381,,59.132,56.805,
560182.378,,59.509,56.769,
560282.381,,59.357,56.506,
560382.373,,58.883,56.590,
560482.369,,58.729,56.436,
560582.370,,58.294,55.409,
560682.363,,58.291,54.608,
560782.367,,57.833,54.588,
560882.362,,57.583,55.293,
560982.355,,57.677,56.147,
561082.354,,57.632,55.669,
561182.352,,58.166,56.103,
561282.350,,57.905,56.900,
561382.347,,58.138,56.411,
561482.341,,57.877,57.209,
561582.338,,57.910,56.218,
561682.337,,58.586,55.549,
561782.337,,58.083,56.098,
561882.329,,58.526,56.391,
561982.332,,58.232,56.927,
562082.326,,57.948,57.447,
562182.322,,58.490,56.995,
562282.320,,57.868,57.284,
562382.320,,58.175,56.911,
562482.312,,57.834,57.754,
562582.314,,58.172,56.439,
562682.312,,57.682,56.995,
562782.309,,57.618,57.066,
562882.304,,57.703,56.830,
562982.301,,57.862,57.335,
563082.295,,57.632,56.788,
563182.298,,57.751,56.552,
563282.292,,58.397,55.917,
563382.288,,57.533,56.369,
563482.284,,57.899,57.593,
563582.284,,57.756,56.761,
563682.281,,57.760,57.732,
563782.275,,57.801,56.099,
563882.271,,57.725,55.450,
563982.270,,58.559,55.642,
564082.266,,57.862,55.987,
564182.265,,58.603,55.698,
564282.265,,57.704,56.263,
564382.261,,58.449,55.453,
564482.256,,58.069,55.165,
564582.252,,58.500,54.810,
564682.254,,57.932,54.970,
564782.246,,58.256,54.503,
564882.244,,57.959,54.936,
564982.244,,58.101,54.182,
565082.237,,57.865,53.526,
565182.240,,57.430,53.368,
565282.235,,57.463,53.959,
565382.233,,57.724,53.709,
565482.226,,57.265,53.727,
565582.228,,57.905,55.168,
565682.220,,58.403,56.237,
565782.219,,59.100,56.342,
565882.214,,59.024,56.174,
565982.211,,59.235,56.980,
566082.213,,59.503,57.171,
566182.211,,59.661,56.607,
566282.205,,59.833,56.736,
566382.203,,59.557,56.799,
566482.203,,59.809,56.664,
566582.193,,59.281,55.957,
566682.193,,58.997,55.622,
566782.192,,59.248,56.531,
566882.186,,59.996,57.059,
566982.182,,59.859,57.064,
567082.185,,59.606,56.153,
567182.176,,59.705,56.893,
567282.180,,59.549,57.317,
567382.177,,59.859,56.909,
567482.169,,59.753,56.584,
567582.171,,59.595,56.093,
567682.163,,59.060,54.495,
567782.165,,59.065,54.775,
567882.157,,58.976,54.947,
567982.154,,58.740,54.488,
568082.155,,58.645,54.370,
568182.150,,58.251,53.811,
568282.141,,57.896,54.439,
568382.143,,58.469,54.260,
568482.139,,58.118,53.989,
568582.128,,58.721,55.400,
568682.129,,59.370,56.721,
568782.126,,59.834,56.495,
568882.120,,59.637,56.282,
568982.115,,59.769,56.411,
569082.112,,59.178,56.264,
569182.107,,58.981,55.945,
569282.105,,59.085,55.615,
569382.102,,59.330,56.605,
569482.093,,59.270,56.656,
569582.091,,58.901,55.829,
569682.088,,58.908,55.577,
569782.083,,58.887,55.508,
569882.081,,59.182,55.184,
569982.074,,59.214,55.164,
570082.075,,59.180,55.115,
570182.071,,58.709,54.832,
570282.063,,58.782,54.889,
570382.062,,58.964,55.649,
570482.056,,58.959,55.186,
570582.050,,58.748,54.483,
570682.044,,58.803,54.674,
570782.046,,58.631,54.822,
570882.039,,58.583,54.874,
570982.038,,58.622,54.948,
571082.030,,58.538,54.945,
571182.031,,58.502,55.092,
571282.022,,58.428,54.600,
571382.022,,58.579,54.803,
571482.012,,58.675,54.793,
571582.014,,58.756,54.613,
571682.007,,58.718,55.261,
571782.007,,59.379,55.365,
571881.997,,59.158,55.436,
571981.999,,59.014,55.913,
572081.989,,59.495,56.533,
572181.988,,59.610,56.206,
572281.986,,59.774,57.087,
572381.978,,59.457,56.834,
572481.977,,59.472,56.368,
572581.974,,59.677,56.525,
572681.970,,59.549,56.293,
572781.967,,59.581,55.431,
572881.963,,59.580,56.110,
572981.959,,60.051,56.744,
573081.951,,59.705,56.010,
573181.945,,59.203,56.021,
573281.947,,58.893,56.238,
573381.938,,59.145,56.344,
573481.935,,59.555,56.065,
573581.931,,60.012,56.675,
573681.927,,60.226,56.986,
573781.925,,59.867,56.675,
573881.922,,59.807,56.200,
573981.914,,59.378,55.427,
574081.912,,59.369,55.901,
574181.908,,59.534,55.707,
574281.908,,59.790,55.883,
574381.901,,59.488,55.854,
574481.893,,59.502,55.666,
574581.891,,59.146,55.743,
574681.891,,59.253,56.127,
574781.884,,59.226,56.232,
574881.882,,59.464,56.085,
574981.878,,58.961,55.604,
575081.872,,58.807,56.405,
575181.871,,59.039,56.720,
575281.865,,59.180,56.602,
575381.862,,59.440,56.983,
575481.854,,59.822,57.175,
575581.853,,59.669,56.651,
575681.850,,59.653,56.629,
575781.846,,59.513,56.119,
575881.842,,59.021,56.041,
575981.834,,59.057,56.599,
576081.835,,58.885,56.360,
576181.832,,59.429,56.830,
576281.825,,59.273,56.285,
576381.822,,58.787,55.243,
576481.817,,58.459,55.152,
576581.818,,58.403,54.390,
576681.813,,58.388,54.147,
576781.813,,58.711,53.923,
576881.806,,58.168,54.231,
576981.806,,58.523,54.902,
577081.804,,59.334,54.849,
577181.800,,59.438,55.172,
577281.793,,59.311,55.603,
577381.794,,59.081,55.224,
577481.785,,59.194,55.341,
577581.784,,59.273,55.615,
577681.785,,59.588,56.322,
577781.780,,59.558,56.809,
577881.772,,59.529,56.863,
577981.771,,59.309,56.304,
578081.768,,59.103,56.522,
578181.765,,59.342,56.271,
578281.765,,59.326,55.704,
578381.759,,59.200,55.611,
578481.753,,59.252,55.589,
578581.753,,59.496,55.568,
578681.749,,59.512,55.397,
578781.745,,58.955,55.294,
578881.743,,59.718,56.059,
578981.735,,59.069,55.967,
579081.732,,59.214,56.377,
579181.733,,59.381,55.924,
579281.727,,59.187,55.821,
579381.724,,59.423,55.402,
579481.719,,59.239,55.393,
579581.717,,59.019,54.297,
579681.717,,58.867,54.217,
579781.716,,58.581,54.444,
579881.707,,59.239,55.158,
579981.708,,59.107,54.928,
580081.701,,58.976,56.259,
580181.699,,59.425,56.262,
580281.695,,59.949,56.445,
580381.696,,59.919,55.520,
580481.690,,59.212,54.434,
580581.688,,59.182,54.106,
580681.681,,59.018,53.985,
580781.680,,59.257,54.197,
580881.674,,59.324,54.300,
580981.673,,59.424,54.301,
581081.673,,59.247,54.352,
581181.666,,59.324,54.591,
581281.662,,59.477,54.684,
581381.662,,59.684,55.050,
581481.656,,59.736,55.184,
581581.656,,59.743,55.425,
581681.648,,59.278,54.232,
581781.650,,58.908,54.701,
581881.647,,58.750,55.217,
581981.642,,58.872,54.750,
582081.641,,58.766,54.339,
582181.633,,58.914,53.669,
582281.631,,58.697,54.142,
582381.630,,58.979,54.802,
582481.624,,59.019,54.552,
582581.620,,59.226,54.926,
582681.619,,59.263,55.116,
582781.613,,59.255,55.322,
582881.615,,59.335,55.315,
582981.608,,59.450,55.275,
583081.602,,59.798,55.818,
583181.604,,59.951,55.524,
583281.597,,59.988,54.905,
583381.595,,59.750,55.107,
583481.593,,59.970,55.322,
583581.585,,59.831,55.375,
583681.587,,59.379,54.812,
583781.580,,59.725,54.589,
583881.576,,59.584,54.524,
583981.579,,59.147,54.565,
584081.577,,59.126,54.169,
584181.568,,59.244,54.358,
584281.567,,59.500,55.020,
584381.565,,59.261,54.586,
584481.565,,59.005,54.386,
584581.563,,59.303,54.836,
584681.562,,59.677,55.233,
584781.554,,58.972,54.213,
584881.553,,58.473,53.912,
584981.549,,58.473,53.325,
585081.552,,58.506,52.669,
585181.544,,58.426,52.777,
585281.547,,58.017,52.937,
585381.541,,58.567,54.127,
585481.540,,59.004,53.650,
585581.537,,58.843,53.634,
585681.537,,58.999,53.863,
585781.531,,58.539,54.215,
585881.528,,58.777,54.513,
585981.524,,58.668,54.389,
586081.522,,58.860,53.866,
586181.525,,58.813,53.677,
586281.519,,58.829,52.805,
586381.515,,58.274,53.069,
586481.517,,58.811,53.378,
586581.512,,58.811,52.273,
586681.507,,58.712,53.782,
586781.506,,59.170,53.999,
586881.507,,58.940,54.933,
586981.506,,59.840,55.994,
587081.499,,60.028,55.273,
587181.495,,59.446,55.926,
587281.497,,59.683,56.006,
587381.496,,59.357,55.681,
587481.494,,59.408,55.367,
587581.485,,59.176,56.173,
587681.486,,59.796,56.143,
587781.482,,59.405,56.064,
587881.479,,58.997,56.578,
587981.481,,58.840,56.549,
588081.473,,58.944,56.665,
588181.473,,59.179,56.530,
588281.469,,59.412,56.217,
588381.467,,59.573,56.366,
588481.463,,60.053,56.769,
588581.466,,60.059,56.246,
588681.461,,59.696,55.263,
588781.458,,58.979,55.497,
588881.457,,59.002,56.536,
588981.456,,59.704,58.079,
589081.451,,59.824,59.247,
589181.447,,59.557,59.480,
589281.447,,59.123,58.038,
589381.445,,59.025,58.134,
589481.440,,59.669,58.978,
589581.437,,59.874,58.153,
589681.434,,58.829,56.702,
589781.431,,58.893,56.124,
589881.429,,58.827,56.525,
589981.426,,58.935,55.508,
590081.424,,59.054,55.259,
590181.427,,59.254,55.206,
590281.425,,59.296,55.622,
590381.416,,59.185,55.554,
590481.418,,59.361,54.663,
590581.418,,59.236,55.538,
590681.413,,59.525,55.801,
590781.411,,59.246,56.244,
590881.405,,59.018,56.127,
590981.403,,59.035,55.517,
591081.402,,59.217,55.203,
591181.397,,59.241,55.134,
591281.397,,59.436,55.658,
591381.393,,59.514,55.251,
591481.390,,59.691,55.209,
591581.387,,59.636,55.342,
591681.386,,59.407,55.031,
591781.385,,59.194,55.168,
591881.380,,59.331,56.732,
591981.380,,59.568,56.954,
592081.378,,59.537,56.889,
592181.372,,59.522,56.358,
592281.370,,59.474,56.346,
592381.367,,59.408,56.553,
592481.362,,59.538,57.098,
592581.356,,59.998,57.290,
592681.357,,59.986,57.844,
592781.347,,60.138,57.633,
592881.344,,60.221,57.530,
592981.340,,59.782,57.065,
593081.342,,59.624,57.411,
593181.339,,59.745,56.891,
593281.334,,59.627,56.010,
593381.329,,59.819,56.290,
593481.324,,60.130,56.541,
593581.324,,59.922,56.876,
593681.316,,60.128,58.074,
593781.312,,60.300,58.640,
593881.313,,59.952,59.450,
593981.307,,59.709,61.388,
594081.301,,59.820,62.096,
594181.298,,59.930,61.269,
594281.294,,59.504,60.784,
594381.292,,59.606,60.944,
594481.291,,59.846,61.251,
594581.286,,59.711,60.696,
594681.284,,59.409,60.331,
594781.280,,59.445,60.568,
594881.276,,59.553,60.015,
594981.268,,59.568,58.937,
595081.270,,59.328,58.776,
595181.260,,59.511,58.465,
595281.262,,59.683,58.136,
595381.254,,59.645,58.079,
595481.252,,59.472,57.456,
595581.251,,59.231,56.996,
595681.242,,59.420,57.416,
595781.240,,59.429,57.717,
595881.240,,59.493,57.772,
595981.235,,59.309,57.637,
596081.231,,59.422,56.793,
596181.225,,59.316,56.650,
596281.226,,59.682,56.828,
596381.221,,59.733,56.899,
596481.216,,59.550,56.976,
596581.209,,59.276,56.574,
596681.207,,59.400,57.280,
596781.201,,59.333,56.943,
596881.201,,59.289,57.179,
596981.196,,59.244,57.385,
597081.197,,59.254,58.123,
597181.188,,59.290,58.433,
597281.185,,59.357,58.605,
597381.185,,59.557,58.808,
597481.180,,59.447,59.449,
597581.172,,59.325,59.676,
597681.173,,59.399,59.600,
597781.167,,59.439,59.275,
597881.164,,59.499,58.590,
597981.162,,59.444,58.553,
598081.154,,59.534,58.241,
598181.154,,59.384,57.789,
598281.151,,59.749,57.693,
598381.149,,59.733,57.668,
598481.144,,59.566,57.826,
598581.140,,59.833,57.678,
598681.136,,59.796,58.274,
598781.130,,60.195,58.536,
598881.131,,60.056,58.071,
598981.126,,59.906,58.479,
599081.118,,59.998,59.485,
599181.117,,60.450,61.406,
599281.110,,60.740,62.586,
599381.106,,60.327,62.969,
599481.103,,59.976,62.942,
599581.100,,60.368,62.164,
599681.098,,59.778,60.958,
599781.095,,59.223,60.587,
599881.090,,59.785,60.786,
599981.086,,60.153,59.542,
600081.088,,59.443,59.344,
600181.085,,59.233,58.394,
600281.084,,59.274,58.612,
600381.081,,59.625,59.265,
600481.080,,60.015,59.950,
600581.073,,60.253,59.798,
600681.071,,60.118,59.562,
600781.070,,60.266,59.196,
600881.066,,60.413,58.835,
600981.064,,60.099,58.199,
601081.062,,59.536,57.072,
601181.061,,59.778,57.001,
601281.057,,59.877,57.438,
601381.055,,60.419,57.582,
601481.056,,60.033,57.114,
601581.050,,59.673,57.713,
601681.050,,59.779,56.419,
601781.042,,59.360,55.865,
601881.045,,59.450,55.799,
601981.037,,59.537,55.451,
602081.037,,59.720,55.271,
602181.032,,59.709,55.329,
602281.036,,59.693,55.373,
602381.029,,59.846,55.621,
602481.028,,60.003,55.217,
602581.023,,59.663,54.790,
602681.021,,59.555,54.347,
602781.019,,60.253,55.173,
602881.020,,60.237,56.089,
602981.014,,59.737,57.109,
603081.010,,60.079,57.909,
603181.011,,60.196,58.749,
603281.008,,60.728,58.914,
603381.003,,60.170,58.929,
603481.001,,59.954,58.854,
603581.002,,59.914,59.479,
603680.996,,59.929,59.066,
603780.993,,59.649,58.291,
603880.995,,59.702,58.261,
603980.989,,59.844,58.378,
604080.986,,59.867,58.450,
604180.989,,59.729,58.149,
604280.987,,59.347,57.020,
604380.984,,59.426,56.730,
604480.979,,59.355,56.217,
604580.974,,59.291,56.956,
604680.975,,59.486,57.339,
604780.973,,59.554,57.175,
604880.968,,59.824,57.000,
604980.968,,59.896,56.931,
605080.966,,59.713,57.353,
605180.962,,59.618,57.276,
605280.960,,59.669,57.079,
605380.961,,59.589,57.389,
605480.954,,59.826,58.760,
605580.955,,59.530,58.410,
605680.949,,59.649,59.256,
605780.948,,59.869,59.203,
605880.942,,59.652,59.338,
605980.942,,59.627,58.792,
606080.943,,59.550,58.513,
606180.937,,59.307,59.095,
606280.934,,59.269,58.305,
606380.931,,59.023,58.265,
606480.933,,59.459,57.978,
606580.929,,59.318,58.070,
606680.926,,59.320,58.194,
606780.926,,59.397,57.887,
606880.921,,59.508,57.438,
606980.922,,59.890,57.640,
607080.920,,59.559,56.904,
607180.917,,59.235,55.735,
607280.915,,59.289,55.467,
607380.909,,59.221,55.365,
607480.905,,59.082,56.319,
607580.903,,59.242,56.076,
607680.905,,59.263,55.552,
607780.900,,59.225,56.794,
607880.899,,59.586,55.400,
607980.896,,58.914,55.136,
608080.894,,59.015,55.249,
608180.888,,58.697,56.044,
608280.886,,59.020,56.220,
608380.882,,59.079,55.980,
608480.876,,58.770,55.485,
608580.876,,58.660,55.197,
608680.870,,59.211,55.380,
608780.868,,59.132,55.147,
608880.866,,59.148,55.005,
608980.859,,59.177,55.183,
609080.861,,59.399,55.312,
609180.855,,59.186,55.954,
609280.847,,59.337,57.086,
609380.846,,59.718,57.377,
609480.844,,59.314,55.789,
609580.842,,58.750,55.730,
609680.835,,58.978,55.981,
609780.834,,58.981,55.706,
609880.829,,58.859,55.712,
609980.824,,59.272,56.397,
610080.821,,59.403,56.793,
610180.820,,59.825,57.159,
610280.819,,59.543,56.328,
610380.811,,59.348,56.058,
610480.810,,59.520,56.562,
610580.806,,59.503,56.292,
610680.803,,59.142,55.770,
610780.798,,59.219,55.449,
610880.796,,59.235,56.651,
610980.792,,59.847,57.295,
611080.793,,59.621,57.505,
611180.789,,59.590,57.579,
611280.782,,59.305,57.907,
611380.778,,59.150,57.847,
611480.776,,59.532,58.121,
611580.774,,59.481,57.838,
611680.773,,59.306,56.956,
611780.767,,59.209,56.587,
611880.763,,59.217,56.980,
611980.762,,59.244,57.129,
612080.761,,59.344,57.771,
612180.753,,59.504,57.910,
612280.752,,59.215,57.033,
612380.746,,59.115,56.564,
612480.747,,59.350,56.848,
612580.743,,59.576,56.722,
612680.738,,59.513,57.029,
612780.736,,59.684,59.769,
612880.729,,59.669,60.706,
612980.727,,59.503,61.578,
613080.724,,59.601,60.648,
613180.721,,59.104,59.654,
613280.719,,59.622,59.229,
613380.713,,59.698,58.584,
613480.711,,59.436,57.721,
613580.705,,59.364,56.845,
613680.705,,58.610,56.182,
613780.699,,58.575,55.569,
613880.699,,58.583,55.865,
613980.691,,59.006,56.931,
614080.691,,59.955,57.308,
614180.684,,59.623,56.684,
614280.683,,59.394,56.340,
614380.680,,59.050,55.806,
614480.679,,59.269,56.453,
614580.677,,59.706,56.813,
614680.675,,59.874,56.625,
614780.666,,59.620,56.884,
614880.663,,59.900,57.144,
614980.658,,59.885,56.778,
615080.658,,59.781,56.350,
615180.658,,59.512,56.499,
615280.650,,59.439,57.004,
615380.651,,59.535,57.470,
615480.644,,59.188,56.920,
615580.644,,59.268,56.542,
615680.640,,59.456,56.423,
615780.634,,59.596,56.010,
615880.630,,59.264,55.811,
615980.626,,59.478,55.659,
616080.624,,59.527,55.600,
616180.623,,59.365,55.200,
616280.615,,59.178,55.417,
616380.615,,59.165,55.159,
616480.607,,59.356,55.193,
616580.601,,59.113,54.554,
616680.597,,58.826,54.462,
616780.599,,58.937,55.078,
616880.595,,59.076,54.585,
616980.587,,59.182,54.962,
617080.585,,59.132,54.757,
617180.579,,59.199,54.719,
617280.575,,59.284,55.301,
617380.575,,59.353,54.641,
617480.566,,58.946,55.058,
617580.565,,59.028,54.659,
617680.562,,59.340,54.890,
617780.557,,59.315,55.436,
617880.550,,59.364,55.304,
617980.550,,59.087,55.388,
618080.548,,59.619,56.068,
618180.542,,59.736,56.000,
618280.538,,59.758,55.828,
618380.533,,59.319,55.208,
618480.531,,59.341,54.560,
618580.523,,58.809,54.394,
618680.524,,59.080,54.546,
618780.514,,59.104,54.751,
618880.512,,59.016,55.362,
618980.509,,59.051,53.825,
619080.503,,58.834,53.904,
619180.498,,58.725,54.040,
619280.499,,58.970,54.783,
619380.492,,58.942,55.754,
619480.488,,58.884,55.875,
619580.486,,58.613,55.318,
619680.482,,57.857,55.339,
619780.478,,58.066,54.697,
619880.476,,57.624,54.216,
619980.468,,57.240,54.648,
620080.466,,56.521,55.057,
620180.460,,56.041,55.755,
620280.456,,57.816,59.411,
620380.456,,58.305,59.731,
620480.448,,57.930,58.254,
620580.446,,57.243,56.972,
620680.446,,57.175,56.898,
620780.439,,57.743,58.289,
620880.437,,57.627,56.935,
620980.433,,57.187,56.279,
621080.424,,57.384,56.616,
621180.424,,58.062,57.052,
621280.418,,58.363,57.630,
621380.415,,58.434,56.966,
621480.414,,58.142,57.591,
621580.409,,57.695,57.685,
621680.405,,57.479,57.397,
621780.396,,57.136,56.222,
621880.397,,57.218,58.634,
621980.391,,58.499,59.009,
622080.387,,58.486,58.822,
622180.385,,58.466,58.108,
622280.378,,58.664,58.301,
622380.373,,58.453,57.524,
622480.375,,58.531,59.082,
622580.369,,58.723,59.949,
622680.361,,58.833,59.624,
622780.363,,59.037,59.360,
622880.355,,59.143,59.404,
622980.351,,59.148,58.683,
623080.346,,58.702,57.480,
623180.347,,58.713,57.276,
623280.337,,58.515,57.908,
623380.335,,58.801,58.835,
623480.331,,58.837,58.334,
623580.329,,58.853,57.486,
623680.327,,58.797,56.862,
623780.319,,58.576,56.675,
623880.313,,58.863,57.056,
623980.312,,59.080,57.032,
624080.309,,59.088,56.813,
624180.309,,58.960,57.332,
624280.310,,58.922,57.219,
624380.307,,58.879,57.759,
624480.299,,59.190,58.568,
624580.301,,59.455,58.957,
624680.296,,59.569,58.902,
624780.293,,59.653,59.338,
624880.295,,59.534,59.121,
624980.291,,58.630,57.599,
625080.291,,58.900,57.208,
625180.285,,58.616,56.732,
625280.283,,58.420,55.604,
625380.285,,58.226,54.916,
625480.279,,58.574,55.588,
625580.281,,58.684,56.270,
625680.276,,58.736,54.834,
625780.274,,58.637,55.171,
625880.270,,58.622,55.289,
625980.271,,59.145,54.759,
626080.270,,58.734,54.559,
626180.264,,58.731,54.597,
626280.266,,58.959,54.501,
626380.263,,58.658,54.940,
626480.257,,59.411,54.912,
626580.252,,59.430,54.650,
626680.255,,58.944,54.270,
626780.253,,58.762,54.046,
626880.247,,58.663,54.116,
626980.248,,58.716,54.225,
627080.243,,58.532,53.763,
627180.242,,58.864,54.577,
627280.239,,58.961,54.498,
627380.238,,58.767,54.111,
627480.235,,58.694,53.918,
627580.236,,58.698,54.082,
627680.228,,58.266,53.000,
627780.225,,57.813,53.760,
627880.226,,58.062,54.571,
627980.223,,58.112,54.065,
628080.220,,57.557,54.808,
628180.219,,58.257,54.701,
628280.220,,58.366,54.038,
628380.213,,57.948,53.093,
628480.214,,57.638,52.261,
628580.212,,57.224,52.274,
628680.205,,57.391,52.508,
628780.203,,57.960,53.934,
628880.200,,58.546,54.739,
628980.204,,57.933,53.918,
629080.197,,58.086,54.473,
629180.197,,58.001,54.683,
629280.196,,57.977,54.520,
629380.190,,57.832,54.036,
629480.188,,58.103,53.931,
629580.189,,58.361,54.710,
629680.184,,58.531,55.619,
629780.186,,58.592,55.688,
629880.180,,58.372,55.177,
629980.177,,58.432,54.845,
630080.178,,57.759,54.550,
630180.175,,58.088,55.092,
630280.170,,58.144,55.066,
630380.169,,58.319,56.041,
630480.165,,58.385,57.538,
630580.165,,58.410,58.341,
630680.162,,58.482,58.427,
630780.162,,58.516,57.962,
630880.161,,58.491,57.183,
630980.156,,58.587,56.287,
631080.151,,58.447,55.627,
631180.149,,58.243,55.528,
631280.150,,58.244,55.846,
631380.144,,58.340,56.036,
631480.142,,58.302,56.361,
631580.143,,58.634,57.474,
631680.140,,58.840,57.924,
631780.136,,58.929,58.564,
631880.136,,58.946,58.050,
631980.136,,59.030,58.154,
632080.133,,59.091,59.454,
632180.130,,59.029,60.366,
632280.125,,59.188,59.969,
632380.123,,58.873,58.300,
632480.120,,58.548,57.052,
632580.117,,58.271,57.179,
632680.109,,58.178,56.962,
632780.107,,58.227,56.226,
632880.107,,58.401,55.597,
632980.102,,58.372,56.596,
633080.098,,58.859,56.975,
633180.100,,58.911,57.261,
633280.098,,59.110,57.644,
633380.092,,59.477,57.100,
633480.091,,59.186,56.905,
633580.088,,59.168,57.207,
633680.083,,59.334,56.649,
633780.081,,58.998,56.249,
633880.074,,58.803,55.751,
633980.075,,58.671,55.562,
634080.068,,58.729,55.286,
634180.071,,58.671,54.787,
634280.069,,58.578,55.072,
634380.065,,58.366,55.431,
634480.062,,58.969,55.443,
634580.054,,58.859,55.237,
634680.057,,59.283,56.032,
634780.049,,59.402,55.190,
634880.047,,59.465,55.011,
634980.049,,59.037,54.266,
635080.046,,58.648,54.502,
635180.038,,58.811,55.249,
635280.040,,58.820,55.554,
635380.034,,58.803,55.378,
635480.031,,58.487,55.097,
635580.031,,58.525,54.884,
635680.027,,58.372,54.369,
635780.025,,57.940,54.299,
635880.022,,58.161,55.171,
635980.017,,58.463,55.103,
636080.011,,58.571,54.815,
636180.010,,58.562,55.083,
636280.004,,58.413,54.923,
636380.004,,58.499,55.388,
636479.998,,58.689,55.403,
636579.996,,58.320,55.313,
636679.998,,58.428,54.456,
636779.996,,57.579,53.372,
636879.989,,57.184,53.110,
636979.988,,57.021,51.562,
637079.987,,56.560,52.301,
637179.984,,57.945,53.435,
637279.980,,58.204,53.735,
637379.972,,58.052,53.140,
637479.973,,57.571,53.257,
637579.973,,57.663,54.372,
637679.967,,58.302,54.380,
637779.965,,58.662,55.022,
637879.960,,59.180,55.038,
637979.962,,59.231,55.207,
638079.952,,59.188,54.911,
638179.954,,58.956,55.119,
638279.947,,59.385,54.907,
638379.949,,58.941,54.934,
638479.944,,58.960,55.159,
638579.943,,59.153,54.825,
638679.938,,58.455,53.939,
638779.936,,58.513,53.583,
638879.935,,58.392,54.116,
638979.930,,58.347,55.217,
639079.927,,58.589,54.780,
639179.921,,58.786,54.464,
639279.919,,58.865,55.551,
639379.916,,59.087,56.085,
639479.912,,59.146,56.731,
639579.908,,59.282,55.818,
639679.909,,59.197,55.098,
639779.906,,58.963,54.874,
639879.904,,59.005,55.895,
639979.901,,59.129,55.315,
640079.899,,59.103,54.650,
640179.898,,58.894,54.990,
640279.891,,58.863,55.209,
640379.894,,59.078,55.112,
640479.890,,59.038,55.134,
640579.888,,58.914,54.668,
640679.883,,58.498,54.765,
640779.884,,58.757,54.784,
640879.877,,58.646,54.891,
640979.874,,58.846,55.085,
641079.875,,59.034,55.361,
641179.872,,59.008,54.991,
641279.870,,58.144,55.660,
641379.870,,57.979,55.216,
641479.866,,58.699,55.745,
641579.859,,59.134,55.209,
641679.859,,58.682,54.977,
641779.858,,58.972,54.995,
641879.854,,59.209,54.931,
641979.855,,59.146,54.420,
642079.850,,58.928,54.701,
642179.846,,59.019,55.072,
642279.844,,58.976,56.053,
642379.845,,59.349,56.047,
642479.844,,58.970,55.520,
642579.842,,59.327,54.915,
642679.840,,58.905,54.268,
642779.836,,58.801,54.483,
642879.829,,58.727,54.894,
642979.829,,58.644,53.937,
643079.825,,57.867,53.815,
643179.825,,57.590,54.337,
643279.819,,57.835,54.304,
643379.823,,56.864,54.378,
643479.821,,56.948,54.349,
643579.812,,57.564,55.871,
643679.816,,58.814,54.897,
643779.809,,58.467,57.281,
643879.806,,59.037,58.523,
643979.804,,58.730,57.342,
644079.804,,58.593,56.926,
644179.804,,58.972,57.022,
644279.798,,59.354,57.262,
644379.797,,59.382,56.980,
644479.795,,59.197,56.061,
644579.789,,58.830,55.498,
644679.787,,58.859,55.439,
644779.788,,59.113,56.542,
644879.786,,59.259,56.769,
644979.781,,58.925,56.219,
645079.778,,59.071,56.051,
645179.779,,58.863,55.925,
645279.773,,58.743,55.289,
645379.776,,59.326,55.571,
645479.773,,59.560,55.875,
645579.767,,59.346,55.872,
645679.769,,59.624,55.590,
645779.766,,59.533,55.769,
645879.764,,59.892,55.348,
645979.763,,58.915,55.174,
646079.757,,58.800,54.482,
646179.752,,59.128,54.364,
646279.754,,59.287,54.481,
646379.750,,59.297,54.871,
646479.750,,59.362,54.596,
646579.747,,59.566,55.115,
646679.744,,59.272,56.216,
646779.739,,59.778,56.638,
646879.738,,59.596,55.709,
646979.737,,58.959,55.278,
647079.737,,58.954,55.477,
647179.729,,59.284,56.052,
647279.731,,59.459,55.309,
647379.726,,59.087,54.795,
647479.721,,59.328,54.428,
647579.725,,59.345,54.035,
647679.719,,59.315,53.947,
647779.715,,59.514,54.492,
647879.713,,59.598,55.009,
647979.713,,59.541,54.564,
648079.711,,59.190,54.950,
648179.704,,59.378,55.541,
648279.700,,59.795,56.524,
648379.697,,60.021,56.372,
648479.691,,59.040,55.381,
648579.688,,58.946,55.007,
648679.687,,59.339,55.457,
648779.682,,59.494,55.733,
648879.679,,59.561,55.644,
648979.674,,59.285,55.731,
649079.671,,59.100,54.959,
649179.662,,58.877,54.018,
649279.663,,58.985,53.854,
649379.655,,59.008,53.465,
649479.656,,58.556,53.752,
649579.653,,58.651,53.146,
649679.649,,58.684,52.853,
649779.641,,57.924,52.403,
649879.642,,57.004,53.129,
649979.637,,57.390,51.691,
650079.631,,55.934,50.722,
650179.625,,55.867,51.906,
650279.623,,56.982,52.810,
650379.620,,57.659,53.817,
650479.619,,58.832,54.856,
650579.609,,58.915,54.695,
650679.607,,58.920,55.405,
650779.604,,58.906,54.633,
650879.603,,58.795,54.702,
650979.598,,58.336,54.062,
651079.594,,58.208,53.913,
651179.588,,56.874,52.902,
651279.586,,56.556,52.201,
651379.579,,56.159,52.634,
651479.581,,56.459,51.755,
651579.575,,56.310,50.908,
651679.568,,56.603,50.757,
651779.568,,56.527,51.410,
651879.560,,56.664,51.607,
651979.559,,57.150,52.747,
652079.557,,57.670,53.899,
652179.548,,58.118,53.571,
652279.544,,57.801,51.806,
652379.543,,56.714,51.228,
652479.539,,56.705,51.056,
652579.533,,56.817,51.123,
652679.534,,56.408,51.237,
652779.531,,57.139,52.878,
652879.523,,57.654,52.476,
652979.518,,57.584,52.951,
653079.515,,57.944,54.456,
653179.510,,58.347,54.870,
653279.510,,58.639,54.901,
653379.505,,58.715,54.789,
653479.498,,58.834,54.674,
653579.499,,58.845,54.356,
653679.491,,58.755,54.128,
653779.492,,58.692,54.453,
653879.484,,58.767,54.794,
653979.484,,59.078,54.762,
654079.477,,59.223,54.598,
654179.477,,59.238,54.252,
654279.474,,59.047,54.196,
654379.468,,59.350,54.402,
654479.462,,58.890,54.054,
654579.459,,59.215,54.253,
654679.458,,59.087,54.501,
654779.453,,59.403,54.581,
654879.449,,59.435,54.544,
654979.446,,59.244,54.910,
655079.437,,59.297,54.575,
655179.437,,59.284,54.323,
655279.431,,59.272,54.444,
655379.428,,59.346,54.418,
655479.426,,58.977,54.210,
655579.423,,58.678,53.891,
655679.416,,58.575,54.424,
655779.412,,58.355,54.456,
655879.410,,58.441,54.372,
655979.407,,58.636,54.379,
656079.404,,58.693,54.187,
656179.400,,58.637,53.946,
656279.398,,58.693,53.847,
656379.393,,58.811,54.077,
656479.387,,58.774,53.860,
656579.384,,58.949,53.973,
656679.378,,58.560,53.212,
656779.380,,58.770,54.562,
656879.374,,59.079,55.548,
656979.373,,59.366,55.104,
657079.367,,59.101,54.962,
657179.362,,58.942,54.448,
657279.361,,59.044,54.388,
657379.360,,59.081,53.888,
657479.356,,59.029,53.268,
657579.353,,59.011,53.191,
657679.351,,58.969,53.695,
657779.344,,59.161,53.889,
657879.342,,59.377,53.832,
657979.340,,59.382,54.554,
658079.335,,59.983,55.140,
658179.332,,59.864,55.052,
658279.326,,59.914,55.241,
658379.325,,59.736,55.180,
658479.323,,59.598,54.970,
658579.315,,59.034,54.360,
658679.316,,58.798,54.309,
658779.310,,59.555,54.788,
658879.308,,59.289,54.468,
658979.307,,59.355,54.240,
659079.303,,59.414,54.031,
659179.299,,59.604,54.228,
659279.291,,59.581,54.574,
659379.293,,59.703,54.799,
659479.287,,59.732,55.006,
659579.281,,59.010,54.043,
659679.280,,58.873,54.102,
659779.278,,58.760,55.205,
659879.271,,59.028,55.593,
659979.267,,58.883,56.338,
660079.267,,59.079,57.159,
660179.261,,59.088,56.154,
660279.261,,58.979,56.611,
660379.256,,59.232,56.884,
660479.255,,58.826,56.497,
660579.250,,58.740,56.189,
660679.247,,58.684,56.380,
660779.245,,58.751,56.358,
660879.241,,58.699,56.017,
660979.232,,58.611,55.712,
661079.230,,59.060,56.077,
661179.232,,59.129,56.013,
661279.225,,58.989,55.965,
661379.219,,59.077,55.822,
661479.216,,59.459,56.414,
661579.218,Input1*2*0,59.570,56.833,
661679.211,Input1*2*1,59.541,56.765,
661779.208,,59.798,56.652,
661879.202,,59.651,56.290,
661979.203,,58.989,58.782,
662079.198,,58.936,59.955,
662179.196,,58.912,59.842,
662279.189,,58.834,59.047,
662379.184,,58.821,58.292,
662479.181,,58.801,57.649,
662579.180,,58.566,57.401,
662679.175,,58.745,57.418,
662779.175,,58.972,57.357,
662879.169,,59.116,57.649,
662979.168,,59.681,58.083,
663079.163,,59.594,57.465,
663179.163,,59.112,56.219,
663279.159,,58.947,55.701,
663379.152,,58.988,55.386,
663479.149,,59.109,55.411,
663579.147,,59.178,55.151,
663679.141,,58.777,54.751,
663779.142,,58.667,54.335,
663879.135,,58.692,53.581,
663979.131,,58.591,53.727,
664079.133,,58.817,54.146,
664179.127,,58.831,53.632,
664279.124,,58.381,53.662,
664379.118,,58.116,54.326,
664479.119,,58.517,55.521,
664579.113,,59.217,56.189,
664679.112,,59.250,56.691,
664779.105,,59.104,56.886,
664879.105,,59.021,55.853,
664979.102,,58.419,54.709,
665079.099,,58.105,54.353,
665179.097,,58.408,54.285,
665279.095,,57.750,53.537,
665379.090,,57.452,52.975,
665479.082,,57.700,52.747,
665579.081,,57.893,52.585,
665679.079,,58.471,53.140,
665779.077,,58.105,52.270,
665879.074,,57.639,52.245,
665979.070,,58.100,53.705,
666079.064,,58.783,54.014,
666179.066,,58.815,54.590,
666279.059,,58.512,55.226,
666379.060,,58.922,55.492,
666479.054,,59.187,54.969,
666579.053,,59.199,54.497,
666679.047,,58.653,54.048,
666779.041,,58.575,54.203,
666879.038,,58.524,53.933,
666979.034,,58.362,53.797,
667079.034,,58.495,53.796,
667179.030,,58.433,53.836,
667279.025,,58.803,53.712,
667379.025,,58.821,53.679,
667479.019,,58.930,52.938,
667579.019,,58.835,52.883,
667679.016,,59.016,53.103,
667779.011,,59.052,53.165,
667879.010,,58.902,52.951,
667979.003,,58.789,53.421,
668079.003,,59.011,54.729,
668179.001,,59.274,54.420,
668278.993,,58.670,53.457,
668378.990,,58.595,53.485,
668478.987,,58.787,53.555,
668578.988,,58.744,53.350,
668678.981,,58.822,53.509,
668778.982,,58.856,53.960,
668878.975,,58.928,54.356,
668978.974,,58.855,55.047,
669078.968,,59.532,55.770,
669178.966,,59.159,55.505,
669278.962,,59.052,55.175,
669378.964,,58.730,54.724,
669478.960,,58.704,54.543,
669578.953,,58.200,53.768,
669678.951,,58.332,53.973,
669778.947,,58.898,53.796,
669878.945,,58.970,53.682,
669978.940,,59.163,53.465,
670078.941,,59.060,53.501,
670178.934,,59.087,54.266,
670278.933,,59.249,54.492,
670378.928,,58.516,53.198,
670478.925,,58.318,53.860,
670578.924,,59.035,54.311,
670678.916,,58.964,54.058,
670778.916,,58.561,53.728,
670878.916,,58.370,54.195,
670978.911,,58.380,53.883,
671078.907,,58.565,53.583,
671178.903,,58.698,53.530,
671278.900,,58.694,54.068,
671378.901,,58.773,54.408,
671478.896,,58.962,54.303,
671578.888,,59.026,54.127,
671678.890,,59.180,54.090,
671778.888,,59.293,54.205,
671878.885,,59.068,52.980,
671978.882,,58.606,52.967,
672078.880,,58.743,53.501,
672178.876,,58.716,53.450,
672278.872,,58.718,53.265,
672378.868,,58.717,53.885,
672478.871,,59.078,54.284,
672578.866,,59.021,54.658,
672678.865,,59.090,54.339,
672778.865,,58.568,53.933,
672878.861,,58.410,54.672,
672978.858,,58.250,54.743,
673078.852,,58.181,55.290,
673178.854,,58.462,55.477,
673278.851,,58.333,55.615,
673378.849,,58.284,55.550,
673478.845,,58.144,54.780,
673578.842,,57.691,54.550,
673678.841,,57.625,54.870,
673778.839,,58.631,55.453,
673878.837,,58.587,55.740,
673978.837,,58.617,55.017,
674078.835,,58.545,55.589,
674178.832,,58.835,55.735,
674278.825,,58.988,54.988,
674378.824,,58.397,54.359,
674478.825,,58.110,54.600,
674578.824,,58.465,55.467,
674678.818,,58.630,55.492,
674778.819,,58.363,54.379,
674878.812,,58.230,55.610,
674978.816,,58.474,56.194,
675078.812,,58.860,56.053,
675178.808,,59.061,56.023,
675278.807,,58.897,55.545,
675378.804,,58.501,55.355,
675478.800,,58.442,54.832,
675578.800,,58.844,55.332,
675678.799,,59.341,55.286,
675778.794,,59.204,54.955,
675878.792,,58.782,55.315,
675978.788,,58.897,55.897,
676078.791,,58.910,56.392,
676178.785,,58.883,56.387,
676278.785,,58.914,56.762,
676378.785,,59.541,57.639,
676478.783,,59.647,59.500,
676578.778,,59.885,60.156,
676678.775,,59.536,58.866,
676778.773,,59.205,58.152,
676878.768,,59.165,57.631,
676978.766,,59.569,57.190,
677078.767,,59.253,57.057,
677178.767,,58.704,56.294,
677278.763,,58.624,56.288,
677378.763,,58.940,56.677,
677478.761,,59.226,56.516,
677578.757,,59.102,56.687,
677678.754,,59.070,56.102,
677778.755,,59.265,56.583,
677878.752,,59.481,56.808,
677978.747,,59.623,56.628,
678078.743,,59.463,56.702,
678178.743,,59.695,56.746,
678278.743,,59.504,56.763,
678378.739,,58.961,55.732,
678478.735,,58.648,55.406,
678578.737,,58.538,55.465,
678678.730,,59.114,55.809,
678778.727,,59.287,55.499,
678878.729,,59.347,55.795,
678978.727,,59.390,56.053,
679078.721,,59.360,57.308,
679178.718,,59.627,57.700,
679278.719,,59.678,56.879,
679378.715,,59.329,56.302,
679478.715,,59.624,55.955,
679578.709,,59.041,55.733,
679678.711,,58.655,55.273,
679778.707,,59.058,55.744,
679878.708,,59.128,55.658,
679978.701,,58.936,56.146,
680078.695,,59.213,57.887,
680178.696,,59.794,57.455,
680278.694,,59.575,56.704,
680378.690,,59.547,56.239,
680478.684,,59.693,55.720,
680578.684,,59.535,55.363,
680678.677,,59.521,54.944,
680778.674,,59.472,54.801,
680878.671,,59.530,54.800,
680978.669,,59.862,54.777,
681078.665,,59.529,54.419,
681178.658,,59.470,53.905,
681278.654,,58.924,53.646,
681378.652,,58.892,54.142,
681478.647,,58.922,53.468,
681578.644,,58.916,53.407,
681678.640,,59.088,54.707,
681778.642,,59.130,55.395,
681878.634,,59.508,56.723,
681978.630,,59.710,56.831,
682078.627,,59.893,57.361,
682178.624,,59.571,57.534,
682278.623,,59.662,57.936,
682378.618,,59.952,58.455,
682478.618,,59.574,57.236,
682578.610,,59.080,55.971,
682678.611,,59.116,55.387,
682778.602,,58.720,55.322,
682878.601,,58.726,55.760,
682978.599,,58.784,55.575,
683078.592,,58.804,55.618,
683178.594,,58.577,55.381,
683278.587,,58.336,55.367,
683378.586,,57.926,55.868,
683478.579,,58.990,55.952,
683578.578,,57.818,55.362,
683678.575,,58.444,56.797,
683778.574,,59.072,57.178,
683878.564,,58.686,56.397,
683978.563,,58.976,55.920,
684078.562,,58.809,55.951,
684178.559,,58.573,56.153,
684278.552,,58.947,55.812,
684378.551,,58.385,55.981,
684478.545,,58.828,56.730,
684578.545,,59.303,58.033,
684678.538,,59.427,57.974,
684778.534,,59.468,57.319,
684878.531,,59.333,56.262,
684978.532,,58.813,54.118,
685078.529,,58.736,54.687,
685178.524,,58.585,54.103,
685278.517,,58.384,53.923,
685378.518,,58.499,54.123,
685478.510,,58.006,53.225,
685578.512,,57.638,53.835,
685678.505,,58.317,54.863,
685778.500,,58.477,54.682,
685878.498,,58.223,53.705,
685978.494,,57.937,53.215,
686078.488,,57.319,53.079,
686178.487,,56.198,53.526,
686278.485,,57.963,54.759,
686378.480,,58.046,54.569,
686478.478,,58.015,53.952,
686578.473,,57.232,53.340,
686678.468,,57.176,54.185,
686778.465,,57.671,53.520,
686878.461,,57.365,53.406,
686978.458,,57.024,53.670,
687078.456,,58.282,55.116,
687178.452,,58.534,54.445,
687278.449,,58.159,53.944,
687378.450,,58.372,54.614,
687478.443,,58.785,54.880,
687578.440,,58.791,54.662,
687678.440,,58.485,54.393,
687778.435,,58.277,54.376,
687878.431,,58.474,54.654,
687978.428,,58.173,55.387,
688078.427,,58.732,56.517,
688178.422,,58.241,56.390,
688278.419,,58.243,56.206,
688378.414,,58.184,55.620,
688478.415,,58.264,55.547,
688578.414,,58.405,54.500,
688678.409,,58.156,53.435,
688778.406,,57.370,52.989,
688878.402,,58.755,54.340,
688978.404,,59.053,54.689,
689078.397,,59.190,54.237,
689178.396,,58.743,53.511,
689278.396,,58.171,54.630,
689378.393,,59.047,54.768,
689478.385,,58.912,54.009,
689578.384,,59.045,54.285,
689678.382,,58.962,54.021,
689778.380,,59.213,53.815,
689878.380,,58.416,53.575,
689978.374,,58.623,54.006,
690078.369,,59.319,54.766,
690178.367,,59.160,54.480,
690278.368,,58.670,55.902,
690378.367,,59.589,56.162,
690478.360,,59.173,56.394,
690578.359,,59.652,55.967,
690678.354,,59.185,54.480,
690778.351,,58.331,54.620,
690878.348,,57.968,54.659,
690978.350,,58.054,55.435,
691078.344,,58.634,55.354,
691178.345,,58.895,55.399,
691278.340,,59.114,54.894,
691378.339,,58.887,54.768,
691478.335,,58.651,54.542,
691578.334,,58.815,54.934,
691678.333,,58.929,54.779,
691778.327,,58.690,54.474,
691878.327,,58.649,54.189,
691978.325,,58.492,54.444,
692078.321,,58.882,54.543,
692178.316,,58.867,54.408,
692278.315,,58.955,54.359,
692378.312,,59.209,54.576,
692478.311,,59.153,55.987,
692578.310,,59.065,56.344,
692678.305,,58.987,55.653,
692778.302,,58.785,55.338,
692878.301,,58.893,54.913,
692978.294,,58.736,54.819,
693078.291,,58.664,54.990,
693178.287,,58.882,55.065,
693278.288,,58.604,55.743,
693378.284,,58.875,55.919,
693478.285,,58.838,56.152,
693578.282,,58.713,56.621,
693678.277,,58.872,56.592,
693778.274,,59.066,56.899,
693878.271,,59.099,56.870,
693978.272,,59.229,56.979,
694078.264,,59.067,56.484,
694178.266,,58.845,56.626,
694278.265,,58.939,56.290,
694378.259,,58.845,56.732,
694478.258,,59.141,57.189,
694578.251,,59.003,56.096,
694678.253,,58.639,55.574,
694778.248,,58.849,55.474,
694878.248,,58.966,55.884,
694978.247,,59.193,55.809,
695078.244,,59.288,55.472,
695178.235,,59.114,55.150,
695278.236,,59.231,54.949,
695378.230,,59.501,54.843,
695478.234,,58.987,54.350,
695578.228,,59.035,54.553,
695678.224,,58.858,54.863,
695778.225,,58.641,54.255,
695878.224,,58.681,54.436,
695978.217,,58.667,54.325,
696078.212,,58.871,54.391,
696178.202,,58.990,54.582,
696278.203,,59.527,55.019,
696378.197,,59.148,54.819,
696478.186,,59.112,54.466,
696578.186,,58.835,55.123,
696678.182,,59.261,55.184,
696778.171,,59.387,55.462,
696878.172,,59.109,55.594,
696978.165,,59.435,56.395,
697078.157,,59.509,55.387,
697178.153,,58.782,54.551,
697278.149,,58.344,53.973,
697378.142,,58.150,53.096,
697478.139,,57.955,53.035,
697578.136,,58.784,53.305,
697678.131,,58.511,52.633,
697778.120,,57.875,52.322,
697878.119,,57.987,52.666,
697978.114,,57.584,51.947,
698078.105,,56.633,51.961,
698178.101,,57.659,52.615,
698278.097,,57.832,53.082,
698378.090,,58.677,53.857,
698478.087,,58.691,54.505,
698578.084,,58.689,55.838,
698678.073,,58.983,55.967,
698778.074,,58.756,56.307,
698878.064,,59.079,55.908,
698978.061,,59.087,56.083,
699078.054,,58.954,55.017,
699178.049,,58.258,55.213,
699278.045,,57.775,54.293,
699378.038,,56.775,53.212,
699478.033,,55.932,52.706,
699578.029,,56.631,55.410,
699678.022,,58.705,56.698,
699778.016,,59.027,56.744,
699878.014,,58.908,56.121,
699978.012,,58.934,55.724,
700078.004,,59.320,56.039,
700178.002,,59.617,56.475,
700277.996,,59.262,56.465,
700377.987,,59.055,56.645,
700477.981,,59.093,56.555,
700577.977,,59.457,56.315,
700677.972,,58.956,55.491,
700777.965,,58.659,55.265,
700877.962,,58.671,54.991,
700977.961,,59.000,55.201,
701077.952,,58.368,55.207,
701177.948,,58.882,55.163,
701277.939,,58.342,55.467,
701377.935,,57.982,55.730,
701477.935,,58.041,56.666,
701577.925,,58.147,56.308,
701677.924,,57.934,56.685,
701777.916,,58.269,56.465,
701877.908,,57.694,56.258,
701977.903,,57.436,56.861,
702077.903,,58.195,56.895,
702177.897,,58.075,57.387,
702277.889,,57.698,57.045,
702377.884,,57.264,57.872,
702477.881,,58.132,57.238,
702577.878,,57.815,57.668,
702677.873,,58.226,56.993,
702777.864,,57.684,56.163,
702877.859,,58.209,56.631,
702977.857,,58.243,56.933,
703077.852,,58.476,57.029,
703177.845,,59.098,57.698,
703277.841,,59.493,58.341,
703377.832,,59.591,59.021,
703477.830,,59.941,59.430,
703577.824,,59.546,59.637,
703677.821,,59.394,59.874,
703777.811,,59.376,59.471,
703877.811,,59.534,59.374,
703977.809,,59.381,58.682,
704077.806,,59.517,58.716,
704177.805,,59.504,58.139,
704277.798,,59.593,57.811,
704377.796,,59.527,58.229,
704477.795,,59.775,57.822,
704577.795,,59.540,56.396,
704677.792,,58.968,56.434,
704777.792,,58.944,57.032,
704877.787,,59.368,57.223,
704977.786,,59.295,57.807,
705077.784,,59.638,58.071,
705177.780,,59.324,57.877,
705277.778,,59.659,58.020,
705377.778,,59.459,58.262,
705477.776,,59.725,58.447,
705577.775,,59.684,58.291,
705677.772,,59.036,57.402,
705777.773,,58.881,56.936,
705877.769,,58.945,57.533,
705977.767,,59.278,57.902,
706077.769,,58.579,56.959,
706177.761,,59.311,57.478,
706277.765,,59.107,57.493,
706377.764,,59.013,58.612,
706477.761,,59.035,59.004,
706577.759,,59.106,59.720,
706677.753,,59.174,60.726,
706777.750,,59.188,60.237,
706877.751,,59.178,59.740,
706977.747,,59.410,59.210,
707077.745,,59.151,58.402,
707177.747,,59.110,57.998,
707277.747,,58.583,57.346,
707377.745,,58.713,56.871,
707477.742,,58.716,56.304,
707577.739,,58.298,56.725,
707677.733,,58.252,57.562,
707777.732,,58.583,57.340,
707877.732,,58.808,57.361,
707977.728,,58.755,57.149,
708077.727,,59.389,57.316,
708177.728,,59.375,56.770,
708277.722,,58.751,55.278,
708377.726,,58.006,54.653,
708477.723,,57.801,54.809,
708577.718,,58.591,55.273,
708677.717,,58.654,55.354,
708777.717,,58.851,55.348,
708877.711,,58.596,55.470,
708977.710,,58.914,55.189,
709077.708,,58.595,55.454,
709177.710,,58.918,55.529,
709277.703,,59.323,55.497,
709377.700,,59.352,55.836,
709477.699,,59.625,55.703,
709577.697,,59.477,55.349,
709677.699,,59.155,54.208,
709777.697,,59.609,55.217,
709877.695,,59.506,55.490,
709977.694,,59.476,55.409,
710077.693,,59.541,55.047,
710177.691,,59.251,53.934,
710277.689,,58.790,54.185,
710377.684,,58.228,54.051,
710477.684,,57.952,53.904,
710577.685,,58.686,55.493,
710677.683,,57.806,54.185,
710777.679,,57.482,53.721,
710877.675,,57.401,53.959,
710977.676,,57.720,53.701,
711077.671,,58.056,54.277,
711177.669,,58.416,53.590,
711277.671,,57.916,53.675,
711377.664,,58.410,53.946,
711477.665,,57.853,53.669,
711577.664,,57.526,53.214,
711677.660,,57.296,53.429,
711777.657,,57.611,54.470,
711877.657,,59.061,55.099,
711977.653,,59.144,55.717,
712077.651,,58.890,55.465,
712177.646,,58.644,55.830,
712277.647,,58.739,55.798,
712377.640,,58.924,56.154,
712477.641,,59.255,55.897,
712577.638,,58.786,54.705,
712677.632,,59.164,55.793,
712777.625,,59.208,55.187,
712877.624,,58.790,55.182,
712977.623,,59.069,56.355,
713077.618,,59.212,56.850,
713177.615,,59.492,56.882,
713277.616,,59.245,56.347,
713377.607,,59.349,56.445,
713477.608,,59.318,56.628,
713577.604,,58.857,56.100,
713677.602,,58.710,56.172,
713777.596,,58.824,55.719,
713877.594,,59.140,55.079,
713977.590,,59.324,55.652,
714077.590,,59.137,55.916,
714177.586,,59.145,55.718,
714277.581,,59.152,55.591,
714377.578,,59.255,55.698,
714477.576,,59.186,55.958,
714577.575,,58.924,56.358,
714677.572,,58.934,56.298,
714777.562,,58.847,55.854,
714877.561,,58.957,55.968,
714977.558,,58.638,55.807,
715077.557,,58.591,56.670,
715177.555,,59.194,56.802,
715277.550,,59.022,56.338,
715377.546,,58.860,55.504,
715477.544,,58.848,57.008,
715577.543,,58.964,56.573,
715677.539,,59.244,56.462,
715777.532,,59.528,55.649,
715877.528,,58.995,54.775,
715977.526,,58.587,54.885,
716077.528,,58.577,55.223,
716177.522,,58.858,55.669,
716277.517,,58.969,55.110,
716377.515,,58.905,54.269,
716477.513,,58.617,53.436,
716577.507,,57.978,53.600,
716677.509,,58.347,53.540,
716777.504,,58.571,53.477,
716877.500,,58.509,53.505,
716977.499,,58.077,53.236,
717077.497,,58.293,54.803,
717177.493,,58.532,54.078,
717277.487,,58.418,54.323,
717377.484,,58.526,53.947,
717477.478,,58.633,53.913,
717577.477,,58.474,53.615,
717677.473,,58.512,55.083,
717777.474,,59.014,55.363,
717877.467,,59.262,55.811,
717977.467,,58.745,55.018,
718077.461,,58.899,55.052,
718177.456,,58.956,55.265,
718277.456,,58.539,54.733,
718377.454,,58.241,55.720,
718477.447,,58.564,55.442,
718577.445,,58.711,55.987,
718677.443,,59.084,55.980,
718777.438,,58.432,55.363,
718877.434,,58.537,55.746,
718977.433,,58.756,56.319,
719077.428,,58.973,56.165,
719177.429,,59.017,56.413,
719277.424,,59.240,55.948,
719377.419,,59.328,55.502,
719477.415,,59.055,54.510,
719577.418,,58.420,54.438,
719677.411,,58.975,54.579,
719777.409,,59.153,55.072,
719877.403,,58.539,54.194,
719977.403,,58.298,54.050,
720077.395,,58.427,54.593,
720177.396,,58.646,54.397,
720277.391,,58.109,54.423,
720377.389,,58.226,53.909,
720477.385,,57.961,54.450,
720577.378,,58.374,55.230,
720677.374,,58.758,56.464,
720777.374,,58.642,56.879,
720877.369,,59.029,56.809,
720977.367,,59.287,56.834,
721077.359,,59.074,56.175,
721177.354,,58.958,55.189,
721277.353,,58.278,54.180,
721377.351,,58.002,54.453,
721477.346,,58.348,54.792,
721577.338,,58.517,54.982,
721677.339,,58.852,55.257,
721777.333,,58.919,55.101,
721877.329,,59.304,55.180,
721977.328,,59.387,55.111,
722077.325,,59.469,55.162,
722177.316,,59.282,54.612,
722277.316,,59.142,54.035,
722377.307,,59.023,54.012,
722477.305,,58.932,54.243,
722577.300,,58.898,54.050,
722677.296,,58.829,53.655,
722777.295,,58.686,53.863,
722877.294,,58.759,54.450,
722977.290,,58.576,53.645,
723077.284,,58.363,52.816,
723177.280,,58.193,52.657,
723277.276,,58.351,53.035,
723377.269,,58.139,53.502,
723477.266,,58.323,53.641,
723577.266,,58.483,54.315,
723677.262,,58.510,53.971,
723777.259,,58.602,54.172,
723877.254,,58.842,54.385,
723977.252,,58.704,54.325,
724077.246,,58.617,54.097,
724177.241,,58.669,54.115,
724277.236,,58.680,53.595,
724377.236,,58.476,54.010,
724477.228,,58.941,54.186,
724577.228,,58.905,53.442,
724677.219,,57.986,53.161,
724777.221,,56.861,52.823,
724877.217,,56.881,54.628,
724977.212,,58.617,54.132,
725077.207,,58.515,54.168,
725177.203,,58.649,54.100,
725277.197,,58.406,53.933,
725377.197,,58.680,53.525,
725477.192,,58.415,53.331,
725577.190,,58.756,53.022,
725677.188,,58.370,53.120,
725777.177,,58.800,54.277,
725877.176,,59.049,54.993,
725977.171,,59.004,54.542,
726077.171,,59.134,53.875,
726177.169,,59.368,53.761,
726277.159,,58.408,52.672,
726377.161,,58.064,53.085,
726477.154,,57.945,52.810,
726577.149,,57.920,52.550,
726677.143,,58.010,53.149,
726777.143,,58.117,54.361,
726877.139,,57.969,54.442,
726977.137,,58.229,54.091,
727077.131,,57.847,53.614,
727177.125,,57.646,53.275,
727277.125,,58.099,53.608,
727377.117,,58.230,53.610,
727477.118,,58.015,53.928,
727577.114,,58.009,54.551,
727677.105,,58.420,54.819,
727777.107,,58.218,54.354,
727877.101,,57.631,54.024,
727977.101,,57.702,54.712,
728077.086,,57.973,55.022,
728177.098,,57.849,55.154,
728277.091,,58.444,55.930,
728377.094,,58.833,55.858,
728477.092,,59.059,55.883,
728577.087,,58.725,54.900,
728677.086,,58.040,54.252,
728777.083,,57.816,54.572,
728877.081,,58.504,55.042,
728977.083,,58.690,54.469,
729077.081,,58.657,54.700,
729177.081,,58.753,54.183,
729277.074,,58.201,53.611,
729377.076,,57.365,53.331,
729477.077,,57.750,53.532,
729577.070,,58.056,53.781,
729677.073,,58.738,54.080,
729777.068,,58.937,54.738,
729877.064,,59.015,54.358,
729977.066,,58.949,54.030,
730077.062,,58.936,54.214,
730177.065,,59.025,54.114,
730277.058,,58.703,53.252,
730377.057,,58.515,53.521,
730477.056,,58.665,54.685,
730577.055,,58.760,54.577,
730677.052,,58.367,54.147,
730777.052,,58.436,54.023,
730877.049,,58.059,54.621,
730977.051,,58.430,54.730,
731077.047,,58.422,54.866,
731177.048,,58.905,55.001,
731277.045,,58.886,55.001,
731377.039,,58.875,55.401,
731477.038,,58.541,54.944,
731577.039,,58.196,54.214,
731677.040,,57.537,53.871,
731777.034,,58.073,54.857,
731877.034,,58.007,54.821,
731977.032,,58.038,55.126,
732077.028,,58.368,55.158,
732177.026,,58.082,55.262,
732277.026,,58.380,55.302,
732377.026,,58.294,55.666,
732477.026,,58.551,55.740,
732577.020,,58.891,55.702,
732677.024,,58.916,55.822,
732777.020,,59.024,56.412,
732877.018,,58.951,56.206,
732977.014,,59.008,55.961,
733077.014,,58.886,56.135,
733177.015,,58.816,56.226,
733277.013,,58.739,56.268,
733377.007,,59.155,56.299,
733477.010,,58.889,54.738,
733577.010,,58.125,54.774,
733677.007,,58.411,54.572,
733777.003,,58.464,54.689,
733877.000,,58.466,54.838,
733976.999,,58.435,54.823,
734077.000,,58.580,54.622,
734176.999,,58.302,53.897,
734276.995,,58.843,54.280,
734376.992,,59.362,54.322,
734476.989,,59.138,54.633,
734576.991,,58.993,54.006,
734676.990,,58.935,54.530,
734776.988,,59.030,53.428,
734876.982,,59.105,53.770,
734976.986,,59.088,53.291,
735076.981,,58.756,53.687,
735176.979,,59.044,54.574,
735276.978,,59.154,54.570,
735376.976,,58.337,54.490,
735476.976,,58.492,54.176,
735576.972,,58.265,54.682,
735676.969,,58.473,55.239,
735776.973,,58.910,55.423,
735876.972,,58.889,55.561,
735976.965,,58.893,55.284,
736076.961,,58.896,55.735,
736176.960,,59.080,56.011,
736276.957,,59.126,56.238,
736376.954,,59.244,56.577,
736476.953,,59.437,56.717,
736576.944,,59.258,56.418,
736676.942,,59.677,56.693,
736776.943,,59.528,56.514,
736876.939,,59.424,56.534,
736976.931,,59.163,56.919,
737076.929,,58.982,56.786,
737176.930,,58.872,57.022,
737276.929,,58.907,57.451,
737376.921,,58.859,57.806,
737476.916,,58.935,57.802,
737576.919,,59.325,57.720,
737676.912,,59.409,56.641,
737776.908,,59.202,56.763,
737876.906,,59.477,57.400,
737976.906,,59.478,56.787,
738076.897,,59.486,56.718,
738176.895,,59.294,57.978,
738276.895,,59.383,57.684,
738376.889,,59.142,57.017,
738476.885,,59.252,56.816,
738576.883,,58.974,56.281,
738676.885,,58.246,55.912,
738776.878,,58.456,55.659,
738876.875,,58.574,55.542,
738976.875,,58.335,55.236,
739076.873,,58.367,55.194,
739176.865,,58.308,55.334,
739276.860,,58.440,54.880,
739376.858,,58.196,55.359,
739476.859,,59.467,56.083,
739576.855,,58.823,55.905,
739676.849,,58.815,55.996,
739776.850,,58.867,55.728,
739876.846,,58.783,55.707,
739976.843,,58.937,56.051,
740076.839,,58.675,55.615,
740176.837,,58.478,55.071,
740276.834,,58.533,55.895,
740376.830,,59.569,55.508,
740476.825,,58.903,53.837,
740576.823,,58.414,54.529,
740676.818,,58.404,54.279,
740776.816,,58.555,54.068,
740876.811,,58.523,54.527,
740976.812,,58.733,55.136,
741076.804,,58.774,54.628,
741176.805,,58.793,54.347,
741276.801,,58.921,54.730,
741376.799,,59.175,54.384,
741476.794,,58.907,54.262,
741576.794,,58.849,54.191,
741676.788,,58.915,53.826,
741776.787,,59.134,53.800,
741876.784,,58.799,53.717,
741976.778,,58.923,53.957,
742076.775,,59.053,53.937,
742176.775,,59.082,53.261,
742276.773,,58.390,52.488,
742376.769,,57.970,52.389,
742476.767,,58.085,53.082,
742576.764,,58.615,52.970,
742676.756,,58.392,53.344,
742776.757,,58.725,53.429,
742876.751,,58.794,53.472,
742976.748,,59.034,53.667,
743076.748,,59.039,53.813,
743176.743,,59.334,53.679,
743276.737,,59.030,53.073,
743376.733,,58.806,53.339,
743476.735,,59.015,53.945,
743576.730,,59.497,53.628,
743676.729,,59.372,53.537,
743776.725,,58.981,53.734,
743876.721,,58.885,53.692,
743976.719,,58.942,53.592,
744076.710,,58.887,53.690,
744176.707,,58.797,53.537,
744276.706,,58.799,54.284,
744376.704,,58.835,54.462,
744476.696,,58.879,54.763,
744576.692,,58.941,54.405,
744676.692,,58.717,53.831,
744776.692,,58.500,54.693,
744876.684,,58.904,55.150,
744976.684,,59.076,55.145,
745076.681,,59.259,54.964,
745176.677,,58.737,54.073,
745276.672,,58.570,53.533,
745376.665,,58.382,53.135,
745476.662,,57.962,52.953,
745576.662,,58.038,52.991,
745676.655,,57.975,53.125,
745776.654,,58.232,53.479,
745876.649,,58.963,54.047,
745976.643,,59.053,54.117,
746076.640,,58.556,53.331,
746176.641,,58.761,54.019,
746276.634,,58.680,54.233,
746376.630,,58.741,54.536,
746476.626,,59.029,54.471,
746576.623,,58.641,53.544,
746676.621,,58.794,53.863,
746776.618,,58.809,53.473,
746876.617,,58.925,53.841,
746976.614,,58.923,54.898,
747076.610,,58.868,55.714,
747176.600,,58.899,55.910,
747276.601,,58.497,56.702,
747376.596,,58.965,56.867,
747476.590,,59.111,56.206,
747576.592,,58.800,55.673,
747676.585,,58.685,55.482,
747776.580,,58.682,54.973,
747876.579,,58.713,55.000,
747976.577,,58.809,54.810,
748076.573,,58.579,54.317,
748176.568,,58.850,55.094,
748276.568,,59.333,54.871,
748376.563,,59.273,55.279,
748476.557,,58.866,55.907,
748576.552,,59.190,56.526,
748676.549,,59.174,56.335,
748776.544,,58.728,55.673,
748876.547,,58.506,55.462,
748976.542,,58.365,54.871,
749076.534,,57.727,53.986,
749176.531,,57.498,53.700,
749276.528,,56.687,52.780,
749376.529,,56.729,53.462,
749476.523,,58.434,53.892,
749576.517,,58.854,54.222,
749676.515,,58.760,54.189,
749776.510,,59.023,54.734,
749876.507,,59.087,55.462,
749976.506,,58.742,54.998,
750076.500,,58.522,55.079,
750176.500,,58.498,55.186,
750276.493,,58.364,54.707,
750376.492,,58.308,54.512,
750476.489,,58.372,54.538,
750576.486,,58.238,54.464,
750676.479,,57.926,53.769,
750776.476,,58.187,54.214,
750876.475,,58.269,54.622,
750976.467,,59.001,55.332,
751076.468,,59.549,55.492,
751176.464,,59.266,55.199,
751276.457,,58.577,54.405,
751376.458,,58.016,53.647,
751476.453,,57.318,52.553,
751576.449,,56.669,53.026,
751676.447,,58.284,53.469,
751776.438,,58.333,53.642,
751876.440,,58.901,54.757,
751976.435,,59.245,54.620,
752076.435,,58.775,53.911,
752176.429,,58.702,54.422,
752276.423,,58.896,54.810,
752376.423,,58.975,55.069,
752476.424,,58.796,55.296,
752576.422,,58.889,55.697,
752676.414,,58.917,55.727,
752776.414,,58.887,55.295,
752876.408,,58.530,54.852,
752976.408,,58.593,54.474,
753076.409,,58.448,54.585,
753176.401,,58.490,54.570,
753276.404,,58.708,54.726,
753376.398,,59.167,54.670,
753476.393,,59.099,54.301,
753576.394,,59.200,54.054,
753676.387,,59.408,53.998,
753776.389,,59.457,53.734,
753876.384,,59.460,53.233,
753976.384,,59.084,53.199,
754076.378,,59.318,52.740,
754176.375,,58.644,52.797,
754276.377,,58.930,53.049,
754376.370,,58.684,53.355,
754476.371,,58.658,54.102,
754576.369,,58.935,54.146,
754676.363,,58.708,54.289,
754776.360,,58.699,54.848,
754876.360,,58.975,55.372,
754976.353,,59.002,55.628,
755076.356,,59.067,55.697,
755176.350,,58.837,55.037,
755276.348,,58.917,55.039,
755376.347,,58.876,54.953,
755476.344,,58.753,54.909,
755576.339,,58.895,53.727,
755676.338,,58.454,53.200,
755776.338,,58.002,53.411,
755876.330,,58.503,53.865,
755976.333,,58.703,53.382,
756076.329,,58.480,53.503,
756176.325,,58.654,53.779,
756276.321,,58.712,53.629,
756376.318,,58.732,53.659,
756476.318,,58.717,54.118,
756576.315,,58.709,54.422,
756676.309,,58.919,54.583,
756776.313,,58.412,54.188,
756876.307,,58.778,53.525,
756976.306,,58.516,53.330,
757076.300,,58.788,53.681,
757176.301,,58.737,53.476,
757276.301,,58.679,53.962,
757376.293,,58.582,53.638,
757476.293,,58.585,53.992,
757576.288,,58.536,54.360,
757676.287,,58.806,55.289,
757776.283,,58.985,55.496,
757876.281,,58.719,55.224,
757976.281,,58.622,55.165,
758076.280,,58.688,55.990,
758176.275,,58.671,56.161,
758276.272,,58.697,56.220,
758376.266,,58.724,56.859,
758476.268,,58.728,57.028,
758576.264,,58.818,57.224,
758676.264,,58.469,56.177,
758776.262,,58.386,57.126,
758876.259,,58.289,59.203,
758976.254,,58.683,60.194,
759076.250,,58.608,59.240,
759176.249,,58.588,58.192,
759276.245,,58.468,57.516,
759376.242,,58.434,57.154,
759476.241,,58.497,56.365,
759576.236,,58.617,56.383,
759676.233,,58.430,56.760,
759776.229,,58.525,57.181,
759876.233,,58.479,56.538,
759976.225,,58.502,56.531,
760076.224,,58.563,56.888,
760176.221,,58.574,56.540,
760276.222,,58.609,56.424,
760376.218,,58.686,56.157,
760476.219,,58.695,57.181,
760576.213,,58.968,57.417,
760676.212,,58.821,58.056,
760776.208,,59.617,58.221,
760876.205,,59.044,57.252,
760976.202,,59.045,57.021,
761076.200,,59.032,56.931,
761176.198,,58.853,57.451,
761276.200,,58.697,57.325,
761376.193,,58.793,57.380,
761476.193,,58.685,57.027,
761576.191,,58.559,56.420,
761676.186,,58.249,56.326,
761776.184,,58.013,55.731,
761876.184,,58.014,54.656,
761976.183,,58.126,54.909,
762076.177,,58.269,54.263,
762176.173,,57.748,55.974,
762276.171,,58.463,55.970,
762376.170,,58.682,56.576,
762476.172,,58.780,56.235,
762576.167,,58.420,55.653,
762676.166,,58.034,55.124,
762776.164,,58.015,54.345,
762876.158,,58.513,55.143,
762976.159,,58.706,55.629,
763076.152,,58.581,55.550,
763176.155,,58.523,55.229,
763276.153,,58.604,54.792,
763376.149,,58.418,54.638,
763476.145,,58.284,55.141,
763576.146,,58.512,54.840,
763676.139,,58.577,54.717,
763776.140,,58.868,54.669,
763876.135,,58.839,55.258,
763976.137,,58.985,55.106,
764076.133,,59.175,55.470,
764176.131,,58.904,54.398,
764276.124,,58.404,53.503,
764376.127,,58.166,53.168,
764476.120,,58.069,53.572,
764576.122,,58.438,54.190,
764676.117,,58.898,55.009,
764776.114,,57.932,55.308,
764876.116,,58.928,57.376,
764976.112,,58.956,57.093,
765076.106,,58.204,56.760,
765176.103,,58.647,56.409,
765276.101,,57.602,55.910,
765376.102,,58.082,55.582,
765476.099,,57.373,54.508,
765576.098,,56.929,52.988,
765676.098,,56.752,52.487,
765776.092,,56.496,52.416,
765876.090,,56.245,52.978,
765976.085,,56.751,53.482,
766076.086,,57.223,52.956,
766176.080,,56.968,52.432,
766276.082,,56.707,53.103,
766376.075,,58.330,54.610,
766476.078,,58.794,54.732,
766576.071,,57.598,53.018,
766676.071,,57.241,53.765,
766776.068,,57.324,52.706,
766876.064,,57.856,54.093,
766976.062,,58.218,53.723,
767076.064,,57.596,53.067,
767176.056,,57.141,52.765,
767276.054,,56.950,53.070,
767376.058,,57.266,53.269,
767476.056,,57.128,53.524,
767576.053,,57.390,53.900,
767676.049,,58.189,54.419,
767776.045,,58.597,54.763,
767876.041,,58.410,54.890,
767976.037,,58.475,55.970,
768076.036,,58.581,55.671,
768176.036,,58.733,55.587,
768276.032,,58.799,55.488,
768376.023,,58.249,55.711,
768476.024,,58.250,56.105,
768576.019,,58.697,55.487,
768676.014,,57.924,54.776,
768776.014,,57.721,55.098,
768876.004,,58.007,55.131,
768976.006,,57.723,54.080,
769076.004,,56.865,53.429,
769175.994,,56.618,54.364,
769275.990,,57.912,55.705,
769375.990,,58.185,55.466,
769475.984,,58.580,55.188,
769575.981,,58.799,55.041,
769675.982,,58.441,55.434,
769775.973,,58.239,54.656,
769875.975,,57.983,55.506,
769975.969,,58.548,55.234,
770075.968,,59.030,55.813,
770175.962,,58.849,55.169,
770275.958,,58.257,54.897,
770375.952,,58.138,54.451,
770475.952,,58.070,54.271,
770575.947,,57.917,54.151,
770675.946,,57.944,54.099,
770775.942,,58.068,53.921,
770875.934,,57.877,53.656,
770975.935,,58.305,54.146,
771075.933,,58.273,53.824,
771175.926,,58.204,54.588,
771275.925,,58.435,54.925,
771375.917,,58.613,54.728,
771475.912,,58.817,54.617,
771575.912,,58.919,54.286,
771675.909,,58.833,54.251,
771775.906,,58.880,53.951,
771875.904,,58.151,53.530,
771975.899,,58.543,53.538,
772075.891,,58.363,54.090,
772175.889,,58.466,53.870,
772275.886,,58.562,53.988,
772375.884,,58.594,53.882,
772475.881,,58.517,53.884,
772575.873,,58.586,53.661,
772675.875,,58.672,54.298,
772775.867,,58.646,54.600,
772875.866,,58.692,56.434,
772975.861,,58.796,57.260,
773075.859,,58.626,58.118,
773175.856,,58.859,58.823,
773275.855,,58.842,57.918,
773375.845,,58.376,57.440,
773475.841,,58.410,57.009,
773575.838,,58.503,56.952,
773675.840,,58.363,57.337,
773775.832,,58.357,57.087,
773875.827,,58.609,56.532,
773975.825,,58.146,56.703,
774075.822,,58.199,55.688,
774175.817,,57.611,55.722,
774275.817,,58.267,56.564,
774375.812,,58.192,56.225,
774475.810,,58.647,56.489,
774575.804,,58.806,56.302,
774675.799,,58.957,55.924,
774775.795,,59.101,56.416,
774875.794,,58.748,55.606,
774975.792,,58.674,55.558,
775075.789,,58.617,55.097,
775175.781,,58.162,54.555,
775275.779,,57.576,55.102,
775375.776,,58.147,55.168,
775475.775,,58.519,54.866,
775575.770,,58.698,55.245,
775675.768,,58.621,53.369,
775775.765,,58.149,53.530,
775875.763,,58.207,53.201,
775975.758,,58.387,54.907,
776075.757,,58.883,54.893,
776175.753,,59.081,55.782,
776275.752,,58.620,54.805,
776375.750,,58.587,54.329,
776475.743,,57.318,53.657,
776575.743,,57.965,54.525,
776675.740,,58.424,54.813,
776775.738,,57.995,54.586,
776875.734,,58.094,54.563,
776975.732,,58.152,54.374,
777075.728,,58.475,53.809,
777175.726,,59.212,55.164,
777275.723,,59.389,55.458,
777375.721,,59.392,55.547,
777475.719,,59.146,55.172,
777575.719,,58.933,55.037,
777675.715,,58.758,54.851,
777775.711,,58.948,55.154,
777875.712,,59.294,55.662,
777975.705,,58.880,55.308,
778075.702,,59.198,55.807,
778175.699,,59.104,56.073,
778275.697,,59.008,56.338,
778375.700,,58.987,57.079,
778475.695,,59.186,57.294,
778575.689,,58.985,56.517,
778675.691,,58.772,56.028,
778775.690,,59.137,56.381,
778875.686,,59.516,56.214,
778975.685,,58.664,54.238,
779075.680,,57.800,54.185,
779175.675,,58.844,54.253,
779275.676,,59.654,55.030,
779375.672,,59.010,55.048,
779475.668,,58.949,54.806,
779575.668,,59.145,54.105,
779675.663,,58.697,53.882,
779775.660,,58.770,54.081,
779875.663,,58.136,53.699,
779975.658,,58.250,53.917,
780075.655,,57.831,54.013,
780175.653,,57.926,54.422,
780275.650,,58.420,54.081,
780375.649,,58.563,54.411,
780475.643,,58.151,53.747,
780575.645,,58.148,54.751,
780675.642,,58.318,56.322,
780775.638,,58.307,55.995,
780875.633,,58.421,55.388,
780975.634,,58.741,55.257,
781075.627,,58.667,54.875,
781175.629,,58.458,54.869,
781275.623,,58.685,54.904,
781375.623,,58.744,54.902,
781475.620,,58.855,53.908,
781575.619,,58.451,53.324,
781675.614,Input1*2*0,58.310,53.135,
781775.613,Input1*2*1,58.178,52.986,
781875.612,,58.057,52.907,
781975.606,,57.925,54.061,
782075.604,,58.150,56.031,
782175.600,,58.204,57.829,
782275.602,,58.437,58.400,
782375.600,,58.526,57.665,
782475.593,,58.649,56.858,
782575.594,,58.714,56.235,
782675.593,,58.618,55.705,
782775.587,,58.476,55.753,
782875.587,,58.578,55.447,
782975.583,,58.401,55.833,
783075.580,,58.921,55.206,
783175.579,,58.658,54.849,
783275.573,,58.748,54.820,
783375.571,,58.760,55.110,
783475.568,,59.149,55.685,
783575.568,,58.702,55.758,
783675.569,,58.700,55.170,
783775.566,,58.480,55.201,
783875.563,,58.545,55.330,
783975.555,,58.343,55.079,
784075.553,,58.025,54.977,
784175.544,,58.378,55.538,
784275.544,,58.226,55.503,
784375.538,,58.551,54.943,
784475.538,,58.464,54.366,
784575.530,,58.635,55.038,
784675.526,,58.910,55.794,
784775.519,,59.017,55.415,
784875.516,,58.762,54.323,
784975.514,,58.408,53.915,
785075.510,,58.300,53.457,
785175.508,,58.125,53.324,
785275.499,,58.239,53.536,
785375.493,,58.097,53.008,
785475.489,,57.992,52.586,
785575.490,,58.032,52.811,
785675.481,,58.324,54.323,
785775.479,,58.291,54.747,
785875.475,,58.409,54.180,
785975.473,,58.410,53.593,
786075.468,,58.369,53.451,
786175.461,,58.353,53.714,
786275.461,,58.364,53.915,
786375.456,,58.342,53.719,
786475.448,,58.705,54.037,
786575.447,,59.174,54.616,
786675.444,,59.425,54.337,
786775.437,,59.244,53.989,
786875.433,,58.844,53.442,
786975.428,,58.914,54.028,
787075.421,,58.896,53.889,
787175.418,,58.860,54.201,
787275.415,,58.811,54.166,
787375.414,,58.610,53.884,
787475.404,,58.364,54.302,
787575.406,,58.460,54.030,
787675.397,,58.275,54.286,
787775.395,,58.411,54.673,
787875.392,,58.396,54.364,
787975.383,,58.435,54.549,
788075.379,,58.378,53.996,
788175.379,,58.372,53.823,
788275.375,,58.816,54.020,
788375.369,,58.932,53.596,
788475.367,,58.596,53.424,
788575.359,,58.621,53.434,
788675.357,,58.870,54.352,
788775.352,,59.301,55.516,
788875.349,,59.079,55.928,
788975.341,,59.080,55.690,
789075.341,,58.513,54.821,
789175.332,,58.600,55.518,
789275.332,,59.086,55.652,
789375.328,,59.092,54.539,
789475.322,,58.359,53.773,
789575.314,,58.271,53.506,
789675.312,,57.644,53.314,
789775.311,,57.474,52.934,
789875.302,,58.126,53.465,
789975.301,,58.615,54.185,
790075.295,,58.831,55.225,
790175.292,,58.930,56.075,
790275.288,,58.761,54.223,
790375.280,,58.063,54.093,
790475.277,,58.040,54.660,
790575.273,,58.639,54.711,
790675.271,,58.405,54.443,
790775.265,,58.176,54.554,
790875.262,,58.037,54.004,
790975.256,,57.664,54.213,
791075.255,,58.208,54.473,
791175.251,,58.427,54.812,
791275.242,,58.881,55.043,
791375.243,,58.997,55.493,
791475.237,,59.094,55.357,
791575.233,,59.057,55.019,
791675.225,,58.981,55.061,
791775.224,,58.454,54.303,
791875.221,,58.495,54.438,
791975.218,,58.432,54.377,
792075.213,,58.599,54.498,
792175.206,,58.507,54.447,
792275.207,,58.771,54.516,
792375.201,,58.799,53.710,
792475.194,,58.192,53.407,
792575.191,,58.618,54.015,
792675.189,,58.944,54.344,
792775.186,,58.893,55.005,
792875.185,,58.505,53.962,
792975.182,,58.627,54.164,
793075.174,,58.167,53.480,
793175.176,,58.090,53.458,
793275.167,,58.661,54.303,
793375.165,,58.487,54.215,
793475.163,,58.236,55.501,
793575.163,,58.622,56.284,
793675.152,,58.775,55.487,
793775.153,,58.674,56.044,
793875.150,,59.023,56.368,
793975.144,,59.242,56.337,
794075.140,,59.142,56.860,
794175.136,,58.845,56.477,
794275.135,,58.635,55.932,
794375.133,,58.403,56.249,
794475.127,,58.368,56.499,
794575.121,,58.630,56.507,
794675.120,,58.741,56.401,
794775.116,,58.730,56.809,
794875.112,,59.081,57.338,
794975.108,,58.914,57.204,
795075.109,,58.853,58.479,
795175.101,,59.273,58.972,
795275.095,,59.268,58.472,
795375.092,,59.216,57.910,
795475.088,,59.133,57.372,
795575.085,,58.959,57.690,
795675.082,,58.962,56.753,
795775.078,,58.405,55.563,
795875.075,,58.308,55.622,
795975.071,,58.270,56.362,
796075.068,,58.062,57.021,
796175.066,,58.372,57.160,
796275.062,,58.336,57.450,
796375.062,,58.402,57.051,
796475.057,,58.230,56.724,
796575.053,,58.208,56.324,
796675.050,,58.295,57.093,
796775.044,,58.548,58.590,
796875.041,,58.228,58.819,
796975.042,,58.377,59.197,
797075.032,,58.638,59.021,
797175.028,,58.630,58.477,
797275.028,,58.566,58.057,
797375.026,,58.088,57.501,
797475.020,,58.351,58.698,
797575.020,,58.783,58.580,
797675.010,,58.999,58.184,
797775.007,,58.921,58.281,
797875.010,,59.004,58.243,
797975.006,,59.097,58.017,
798075.000,,59.405,57.714,
798174.999,,59.158,57.375,
798274.995,,59.155,57.623,
798374.986,,59.352,57.863,
798474.984,,59.293,57.572,
798574.981,,59.142,56.974,
798674.980,,58.687,56.369,
798774.977,,58.430,56.532,
798874.969,,58.554,56.464,
798974.967,,58.519,56.436,
799074.962,,58.430,57.291,
799174.960,,58.657,56.876,
799274.955,,58.737,56.837,
799374.951,,58.791,56.432,
799474.953,,58.295,56.181,
799574.945,,58.923,56.559,
799674.944,,58.936,56.390,
799774.937,,59.017,56.684,
799874.935,,59.170,56.621,
799974.938,,58.621,56.700,
800074.930,,58.956,57.569,
800174.933,,58.914,57.945,
800274.928,,58.733,57.515,
800374.927,,58.554,57.309,
800474.930,,58.397,57.617,
800574.929,,58.350,57.767,
800674.928,,58.145,57.392,
800774.919,,58.190,57.199,
800874.918,,58.112,56.490,
800974.919,,57.892,55.913,
801074.916,,58.236,56.174,
801174.920,,58.529,56.698,
801274.912,,58.553,57.431,
801374.911,,58.797,57.439,
801474.916,,58.398,57.042,
801574.910,,58.498,56.373,
801674.908,,58.734,56.102,
801774.907,,58.924,56.139,
801874.907,,58.695,56.501,
801974.905,,58.903,56.038,
802074.904,,58.778,55.343,
802174.899,,58.748,55.280,
802274.904,,58.949,56.735,
802374.902,,58.886,56.934,
802474.897,,59.259,57.874,
802574.896,,59.119,58.231,
802674.897,,58.863,57.679,
802774.895,,58.778,57.821,
802874.890,,58.755,57.882,
802974.894,,58.584,57.658,
803074.891,,58.468,57.116,
803174.887,,58.283,56.556,
803274.889,,58.182,56.222,
803374.884,,58.626,55.462,
803474.882,,58.844,56.280,
803574.883,,59.265,56.138,
803674.878,,59.203,55.622,
803774.881,,58.757,55.699,
803874.877,,58.821,55.781,
803974.873,,58.488,54.801,
804074.873,,58.235,54.534,
804174.875,,58.506,54.440,
804274.875,,58.478,54.625,
804374.869,,58.676,54.662,
804474.867,,58.285,54.291,
804574.871,,58.231,53.964,
804674.866,,58.474,54.648,
804774.862,,58.564,54.969,
804874.865,,58.304,55.585,
804974.859,,58.238,55.616,
805074.862,,58.405,55.793,
805174.861,,58.580,55.955,
805274.861,,58.706,55.363,
805374.857,,58.947,55.053,
805474.851,,58.848,54.454,
805574.856,,58.197,54.248,
805674.854,,58.432,54.853,
805774.850,,58.548,55.113,
805874.851,,57.898,54.955,
805974.844,,58.451,55.297,
806074.843,,58.659,55.890,
806174.848,,58.321,55.872,
806274.844,,58.338,55.114,
806374.841,,57.780,54.516,
806474.838,,57.563,54.732,
806574.840,,58.234,55.340,
806674.837,,58.520,55.629,
806774.835,,58.889,56.256,
806874.836,,58.968,56.139,
806974.830,,58.965,56.243,
807074.829,,59.361,55.919,
807174.833,,58.778,55.052,
807274.829,,58.611,55.592,
807374.829,,58.785,56.282,
807474.828,,59.213,56.227,
807574.821,,58.661,55.353,
807674.822,,57.844,54.873,
807774.823,,57.303,54.034,
807874.823,,57.714,54.823,
807974.816,,58.104,54.837,
808074.816,,58.035,54.338,
808174.809,,57.980,54.033,
808274.805,,58.274,54.411,
808374.803,,58.621,54.845,
808474.796,,58.529,54.138,
808574.798,,58.068,54.306,
808674.793,,58.105,54.241,
808774.788,,57.727,53.622,
808874.782,,57.493,52.551,
808974.779,,57.305,52.666,
809074.776,,57.611,53.585,
809174.773,,57.694,53.236,
809274.767,,57.144,52.965,
809374.764,,57.343,52.708,
809474.763,,57.665,53.513,
809574.763,,57.829,54.156,
809674.759,,57.854,54.860,
809774.753,,57.914,54.766,
809874.750,,58.096,54.411,
809974.745,,58.150,54.763,
810074.744,,57.998,54.644,
810174.739,,58.235,54.376,
810274.735,,58.502,54.090,
810374.731,,58.419,54.300,
810474.725,,58.754,54.119,
810574.727,,58.688,54.227,
810674.718,,58.500,54.173,
810774.715,,58.190,53.411,
810874.713,,58.516,53.372,
810974.712,,58.585,52.980,
811074.706,,58.556,53.039,
811174.705,,58.531,53.119,
811274.702,,58.330,53.313,
811374.694,,58.149,53.799,
811474.694,,57.973,54.685,
811574.686,,57.789,54.091,
811674.686,,57.828,53.574,
811774.682,,57.707,53.505,
811874.675,,58.456,53.856,
811974.676,,58.253,53.479,
812074.670,,57.963,53.479,
812174.665,,58.027,53.238,
812274.662,,58.064,52.764,
812374.661,,57.334,52.374,
812474.657,,57.591,52.870,
812574.655,,57.606,52.527,
812674.648,,57.475,52.534,
812774.648,,57.983,53.654,
812874.644,,58.426,53.840,
812974.639,,58.368,53.598,
813074.636,,58.310,53.555,
813174.632,,58.745,53.322,
813274.627,,58.556,53.496,
813374.624,,58.569,53.550,
813474.619,,58.499,53.312,
813574.617,,58.370,53.362,
813674.611,,58.202,53.920,
813774.608,,58.406,54.199,
813874.603,,58.034,54.181,
813974.606,,57.932,54.432,
814074.601,,58.329,54.366,
814174.599,,58.059,54.131,
814274.591,,57.970,54.871,
814374.587,,57.973,54.976,
814474.586,,57.882,54.629,
814574.582,,58.266,54.362,
814674.580,,58.475,54.492,
814774.577,,58.348,54.920,
814874.571,,58.591,54.834,
814974.570,,58.471,54.518,
815074.561,,58.638,54.365,
815174.558,,58.540,53.668,
815274.557,,58.437,53.612,
815374.554,,58.251,53.362,
815474.547,,58.014,52.838,
815574.545,,58.025,53.070,
815674.543,,58.061,52.766,
815774.536,,58.054,52.390,
815874.535,,58.177,52.201,
815974.529,,58.269,52.267,
816074.531,,58.251,52.908,
816174.524,,58.016,53.090,
816274.519,,58.419,53.337,
816374.516,,58.319,53.414,
816474.514,,58.577,53.449,
816574.514,,58.136,52.888,
816674.510,,58.294,53.154,
816774.507,,58.120,53.280,
816874.501,,58.137,53.294,
816974.502,,58.275,53.624,
817074.497,,58.386,53.981,
817174.499,,58.509,55.643,
817274.493,,58.895,56.846,
817374.490,,58.916,57.268,
817474.485,,58.574,56.627,
817574.482,,58.629,55.982,
817674.477,,57.754,56.745,
817774.479,,58.335,57.478,
817874.471,,57.889,55.417,
817974.473,,57.176,53.776,
818074.466,,57.160,54.171,
818174.464,,57.167,54.513,
818274.460,,57.310,55.207,
818374.456,,57.402,55.637,
818474.455,,57.676,55.938,
818574.450,,57.827,55.938,
818674.451,,57.709,56.619,
818774.446,,57.983,57.010,
818874.447,,57.958,57.220,
818974.440,,57.842,57.702,
819074.436,,57.803,58.020,
819174.437,,57.778,58.655,
819274.434,,57.618,59.602,
819374.427,,57.394,61.224,
819474.428,,57.912,60.578,
819574.420,,58.184,60.666,
819674.418,,58.483,61.477,
819774.419,,58.652,60.867,
819874.415,,58.486,58.963,
819974.411,,58.107,58.886,
820074.404,,58.612,58.507,
820174.401,,58.138,56.923,
820274.398,,57.942,56.653,
820374.398,,57.979,56.512,
820474.392,,58.012,55.864,
820574.393,,58.196,56.686,
820674.387,,58.331,57.314,
820774.386,,58.753,57.459,
820874.382,,58.789,58.122,
820974.378,,59.134,58.048,
821074.379,,59.058,57.455,
821174.370,,58.486,56.036,
821274.371,,58.519,55.853,
821374.366,,58.528,55.743,
821474.365,,58.534,55.002,
821574.358,,58.223,54.534,
821674.357,,58.168,54.288,
821774.357,,58.103,54.185,
821874.356,,58.244,54.212,
821974.350,,58.578,54.846,
822074.344,,58.801,54.523,
822174.340,,58.757,55.000,
822274.342,,58.766,55.434,
822374.337,,58.840,56.378,
822474.336,,58.710,57.026,
822574.331,,58.867,56.988,
822674.328,,58.664,56.234,
822774.327,,58.136,55.866,
822874.320,,58.229,56.309,
822974.322,,58.296,55.855,
823074.313,,58.675,55.518,
823174.313,,58.643,55.241,
823274.313,,58.798,55.533,
823374.308,,58.639,54.469,
823474.301,,58.550,53.976,
823574.302,,58.127,55.377,
823674.297,,58.356,55.343,
823774.296,,58.739,55.802,
823874.288,,58.776,55.543,
823974.284,,58.475,55.069,
824074.281,,59.267,56.653,
824174.278,,59.346,57.026,
824274.278,,59.761,56.797,
824374.271,,59.414,57.551,
824474.267,,59.641,57.693,
824574.264,,59.318,56.852,
824674.259,,58.769,56.531,
824774.254,,58.455,55.524,
824874.251,,58.090,54.924,
824974.247,,58.137,54.630,
825074.245,,57.914,54.700,
825174.238,,58.061,54.344,
825274.231,,57.953,54.409,
825374.226,,58.336,54.692,
825474.227,,58.705,54.820,
825574.219,,58.678,55.747,
825674.216,,58.782,56.436,
825774.213,,58.393,55.362,
825874.207,,57.751,54.669,
825974.204,,57.689,54.372,
826074.201,,58.133,54.568,
826174.198,,58.197,54.552,
826274.192,,58.315,54.969,
826374.186,,58.131,54.545,
826474.181,,57.897,53.893,
826574.176,,57.707,54.687,
826674.173,,57.625,55.200,
826774.173,,57.871,55.813,
826874.169,,57.984,55.930,
826974.164,,58.380,56.292,
827074.156,,58.389,56.329,
827174.152,,58.390,55.901,
827274.150,,58.462,55.446,
827374.144,,58.350,55.999,
827474.142,,58.516,57.076,
827574.136,,58.605,56.306,
827674.131,,58.544,55.898,
827774.127,,58.517,55.652,
827874.120,,58.584,55.672,
827974.119,,58.620,56.205,
828074.112,,58.572,56.145,
828174.111,,58.800,56.720,
828274.103,,58.441,56.944,
828374.100,,58.158,56.436,
828474.095,,58.082,56.010,
828574.095,,58.381,55.836,
828674.087,,58.418,55.555,
828774.088,,58.214,55.362,
828874.083,,58.550,55.488,
828974.080,,58.819,55.504,
829074.074,,58.826,55.833,
829174.069,,59.160,55.783,
829274.068,,59.088,55.323,
829374.061,,58.794,54.389,
829474.057,,58.610,53.814,
829574.049,,58.363,53.743,
829674.048,,58.104,53.709,
829774.041,,57.946,53.562,
829874.039,,57.879,53.677,
829974.032,,57.613,53.526,
830074.030,,58.336,53.349,
830174.024,,58.418,53.346,
830274.022,,58.644,54.185,
830374.016,,58.746,54.001,
830474.013,,58.601,53.879,
830574.011,,59.229,54.662,
830674.005,,59.046,54.065,
830774.001,,58.813,53.860,
830873.999,,58.229,54.079,
830973.996,,58.462,52.918,
831073.987,,57.807,52.664,
831173.986,,58.299,53.043,
831273.978,,58.366,53.110,
831373.975,,58.512,52.891,
831473.973,,58.466,53.195,
831573.967,,58.013,52.816,
831673.965,,58.145,53.536,
831773.957,,58.587,54.010,
831873.954,,58.507,54.829,
831973.954,,58.630,55.049,
832073.947,,58.052,54.305,
832173.948,,57.902,54.619,
832273.942,,57.596,54.306,
832373.940,,57.931,54.420,
832473.935,,57.739,54.544,
832573.934,,57.824,55.430,
832673.932,,57.941,55.551,
832773.926,,58.383,55.410,
832873.923,,58.021,54.939,
832973.922,,58.286,54.567,
833073.914,,58.295,54.129,
833173.912,,58.117,52.916,
833273.912,,57.509,53.005,
833373.908,,57.673,52.817,
833473.903,,57.789,52.736,
833573.901,,57.616,52.384,
833673.895,,57.462,52.314,
833773.891,,57.407,52.381,
833873.888,,57.425,52.130,
833973.889,,57.395,52.264,
834073.881,,57.635,52.676,
834173.881,,58.304,53.799,
834273.880,,58.150,52.667,
834373.876,,57.723,52.245,
834473.873,,57.861,52.730,
834573.868,,58.218,53.193,
834673.868,,57.926,53.053,
834773.860,,57.834,53.170,
834873.862,,57.658,51.741,
834973.848,,57.125,51.408,
835073.852,,56.644,51.541,
835173.848,,57.544,53.114,
835273.846,,58.236,53.921,
835373.845,,58.378,53.977,
835473.840,,58.395,54.179,
835573.835,,58.523,55.385,
835673.832,,58.298,54.901,
835773.831,,58.242,54.298,
835873.826,,57.893,53.647,
835973.822,,57.944,53.449,
836073.820,,58.010,53.587,
836173.819,,58.112,53.288,
836273.815,,56.929,53.154,
836373.812,,57.861,54.139,
836473.809,,57.902,53.445,
836573.804,,58.185,55.132,
836673.803,,58.765,55.812,
836773.794,,59.030,55.793,
836873.795,,58.862,55.056,
836973.792,,58.989,54.868,
837073.788,,58.597,55.144,
837173.788,,58.342,55.334,
837273.783,,58.209,54.811,
837373.776,,58.093,54.536,
837473.776,,58.065,54.898,
837573.774,,58.566,55.154,
837673.769,,58.343,54.449,
837773.766,,58.332,55.023,
837873.764,,58.763,55.467,
837973.759,,58.505,55.406,
838073.754,,58.865,55.083,
838173.755,,58.882,54.743,
838273.747,,58.656,54.462,
838373.750,,58.354,55.405,
838473.746,,58.778,55.446,
838573.743,,58.657,55.704,
838673.740,,58.769,55.739,
838773.735,,58.811,54.800,
838873.731,,58.503,54.397,
838973.726,,58.254,54.049,
839073.722,,58.178,53.685,
839173.719,,58.218,53.248,
839273.716,,58.326,53.311,
839373.717,,58.252,52.716,
839473.711,,58.147,52.847,
839573.707,,58.317,53.187,
839673.705,,58.416,53.480,
839773.702,,58.271,53.802,
839873.697,,58.200,54.812,
839973.697,,59.034,54.674,
840073.696,,58.509,54.347,
840173.691,,58.110,54.406,
840273.687,,57.930,53.783,
840373.688,,57.661,53.986,
840473.683,,57.969,55.005,
840573.683,,58.414,55.532,
840673.678,,58.350,55.764,
840773.677,,58.443,55.929,
840873.674,,58.488,56.165,
840973.669,,58.180,55.795,
841073.671,,58.524,56.007,
841173.671,,58.585,55.631,
841273.667,,58.630,55.183,
841373.660,,58.920,55.308,
841473.660,,59.303,56.937,
841573.660,,59.065,57.084,
841673.653,,58.796,56.714,
841773.651,,58.765,56.164,
841873.652,,58.581,56.375,
841973.648,,58.051,55.554,
842073.646,,57.887,55.407,
842173.641,,58.682,56.929,
842273.644,,59.150,57.837,
842373.642,,58.960,56.585,
842473.641,,58.537,55.940,
842573.637,,58.419,55.600,
842673.635,,58.687,55.249,
842773.633,,58.743,54.867,
842873.627,,58.922,54.585,
842973.628,,58.766,54.484,
843073.622,,58.788,54.161,
843173.622,,58.968,54.297,
843273.620,,58.345,53.083,
843373.614,,58.514,53.373,
843473.614,,58.369,54.055,
843573.611,,58.288,56.056,
843673.606,,58.182,56.646,
843773.604,,58.196,55.847,
843873.607,,58.443,55.682,
843973.601,,58.318,56.161,
844073.596,,58.359,56.343,
844173.600,,58.382,55.646,
844273.596,,57.365,55.884,
844373.591,,58.045,56.788,
844473.587,,58.031,56.075,
844573.590,,57.803,55.427,
844673.583,,58.096,56.227,
844773.582,,58.288,57.654,
844873.578,,58.339,57.784,
844973.581,,58.314,56.829,
845073.579,,58.638,56.676,
845173.573,,58.613,56.218,
845273.571,,58.564,55.654,
845373.566,,58.462,55.522,
845473.567,,58.593,55.364,
845573.563,,58.525,55.428,
845673.566,,58.529,54.944,
845773.558,,58.226,54.896,
845873.561,,58.175,55.304,
845973.554,,58.203,56.654,
846073.552,,58.216,57.281,
846173.549,,58.241,57.410,
846273.546,,58.347,57.847,
846373.543,,58.329,57.914,
846473.545,,58.363,57.034,
846573.542,,58.005,56.283,
846673.537,,58.275,59.161,
846773.539,,58.332,60.308,
846873.533,,58.371,59.675,
846973.535,,58.535,58.623,
847073.532,,58.430,57.912,
847173.527,,58.371,57.524,
847273.524,,58.347,57.426,
847373.522,,58.342,57.488,
847473.519,,58.284,57.769,
847573.515,,58.481,57.107,
847673.518,,58.502,55.926,
847773.511,,57.665,56.153,
847873.511,,58.299,55.482,
847973.508,,57.859,55.296,
848073.502,,58.222,55.920,
848173.505,,57.557,54.071,
848273.502,,57.981,55.045,
848373.500,,57.734,53.140,
848473.493,,56.748,52.558,
848573.491,,56.334,52.767,
848673.487,,56.683,52.982,
848773.484,,57.261,53.808,
848873.480,,58.407,55.116,
848973.464,,58.232,57.586,
849073.475,,59.740,58.465,
849173.472,,58.842,55.995,
849273.468,,57.283,54.124,
849373.467,,56.970,53.268,
849473.462,,57.051,53.588,
849573.463,,56.765,51.667,
849673.463,,57.583,52.031,
849773.453,,56.174,52.329,
849873.453,,56.390,51.652,
849973.451,,56.945,53.172,
850073.448,,57.704,53.755,
850173.442,,57.734,53.693,
850273.443,,57.987,53.688,
850373.437,,57.799,53.642,
850473.436,,57.852,54.338,
850573.431,,57.910,53.874,
850673.432,,57.566,54.078,
850773.428,,58.204,54.332,
850873.423,,58.391,54.734,
850973.419,,58.471,55.601,
851073.417,,58.611,54.828,
851173.418,,57.846,54.335,
851273.413,,58.034,54.324,
851373.414,,57.927,53.915,
851473.411,,57.921,54.383,
851573.404,,58.212,54.737,
851673.405,,58.471,54.881,
851773.403,,58.406,54.489,
851873.396,,58.683,54.539,
851973.391,,58.479,54.536,
852073.394,,58.312,54.345,
852173.387,,58.212,53.991,
852273.388,,58.378,54.022,
852373.381,,58.306,54.470,
852473.377,,58.271,54.603,
852573.374,,57.732,54.105,
852673.377,,57.821,53.679,
852773.368,,57.902,54.013,
852873.370,,58.219,54.508,
852973.365,,58.792,55.641,
853073.363,,58.881,56.301,
853173.358,,59.058,56.247,
853273.359,,58.875,55.119,
853373.352,,58.423,54.021,
853473.353,,58.260,54.398,
853573.349,,57.968,54.261,
853673.344,,58.399,54.263,
853773.345,,57.973,53.525,
853873.339,,57.911,53.912,
853973.337,,58.041,54.483,
854073.337,,58.220,54.898,
854173.331,,58.332,54.091,
854273.327,,57.850,54.409,
854373.322,,57.809,54.880,
854473.322,,57.600,55.057,
854573.323,,57.858,54.993,
854673.316,,57.994,54.710,
854773.315,,58.097,55.101,
854873.309,,58.524,54.869,
854973.307,,58.405,55.504,
855073.305,,58.640,55.444,
855173.300,,58.479,55.052,
855273.299,,58.443,54.595,
855373.300,,58.450,54.284,
855473.294,,58.535,54.319,
855573.294,,58.146,54.304,
855673.287,,58.040,54.598,
855773.282,,58.201,55.205,
855873.283,,58.331,54.709,
855973.281,,58.200,54.400,
856073.276,,58.061,54.472,
856173.268,,58.027,54.944,
856273.269,,58.346,55.182,
856373.262,,58.097,55.327,
856473.261,,57.961,55.301,
856573.256,,58.228,55.433,
856673.251,,58.212,55.653,
856773.247,,58.148,55.624,
856873.242,,57.777,54.955,
856973.238,,58.002,54.490,
857073.237,,57.743,54.121,
857173.234,,57.749,53.768,
857273.228,,57.677,53.937,
857373.224,,57.441,54.644,
857473.220,,57.669,55.729,
857573.218,,57.992,55.955,
857673.216,,57.818,56.164,
857773.213,,58.024,56.309,
857873.209,,58.151,56.724,
857973.202,,58.425,57.592,
858073.200,,58.413,58.300,
858173.197,,58.542,58.718,
858273.190,,58.559,58.611,
858373.188,,58.544,58.461,
858473.185,,58.624,58.680,
858573.178,,58.719,59.379,
858673.175,,58.642,59.412,
858773.172,,58.695,60.080,
858873.168,,58.903,60.414,
858973.167,,58.558,59.861,
859073.162,,58.721,59.417,
859173.155,,57.561,58.543,
859273.151,,57.743,58.094,
859373.152,,57.853,57.986,
859473.147,,58.106,57.405,
859573.142,,57.607,57.636,
859673.136,,58.260,59.664,
859773.131,,58.186,58.769,
859873.128,,57.514,57.074,
859973.128,,56.831,55.501,
860073.121,,56.478,54.181,
860173.120,,55.838,54.934,
860273.117,,57.015,55.901,
860373.113,,57.638,56.716,
860473.107,,57.866,55.347,
860573.107,,57.437,55.209,
860673.099,,57.477,55.967,
860773.094,,57.691,56.455,
860873.096,,58.196,57.022,
860973.088,,58.302,56.898,
861073.086,,58.406,57.522,
861173.082,,58.632,57.639,
861273.076,,58.410,57.442,
861373.076,,57.863,57.832,
861473.072,,58.085,58.500,
861573.066,,58.417,58.225,
861673.064,,58.355,57.455,
861773.059,,58.401,57.959,
861873.052,,58.416,57.759,
861973.052,,58.292,56.579,
862073.048,,57.792,56.112,
862173.045,,58.050,57.150,
862273.040,,58.759,56.646,
862373.039,,58.296,56.177,
862473.031,,58.575,56.311,
862573.031,,58.210,55.287,
862673.025,,57.969,56.045,
862773.024,,57.856,55.808,
862873.015,,57.556,55.503,
862973.010,,57.554,55.155,
863073.007,,57.464,55.389,
863173.004,,57.996,55.276,
863272.998,,58.116,54.844,
863372.997,,57.886,53.894,
863472.995,,57.774,53.696,
863572.990,,58.081,53.728,
863672.986,,57.692,53.099,
863772.985,,57.766,54.028,
863872.979,,58.206,54.871,
863972.973,,58.211,55.450,
864072.970,,58.511,56.220,
864172.972,,58.647,56.541,
864272.962,,58.407,55.652,
864372.964,,58.423,56.315,
864472.961,,58.234,55.723,
864572.956,,58.255,55.401,
864672.954,,58.107,55.147,
864772.950,,57.773,53.276,
864872.947,,57.226,55.699,
864972.946,,57.097,55.097,
865072.943,,56.854,56.356,
865172.936,,57.684,55.742,
865272.933,,57.757,55.434,
865372.934,,57.062,54.660,
865472.926,,57.558,54.567,
865572.923,,56.947,56.058,
865672.922,,57.992,56.343,
865772.914,,58.027,56.929,
865872.914,,56.989,55.773,
865972.910,,56.808,55.344,
866072.910,,57.535,56.641,
866172.905,,57.585,57.142,
866272.899,,57.796,56.144,
866372.898,,56.970,56.311,
866472.893,,58.167,57.875,
866572.890,,57.389,57.957,
866672.888,,56.888,57.225,
866772.883,,57.153,58.410,
866872.885,,56.571,56.836,
866972.882,,56.485,56.453,
867072.877,,57.308,57.844,
867172.875,,57.756,58.116,
867272.872,,57.665,57.086,
867372.865,,57.349,55.496,
867472.864,,57.225,56.217,
867572.859,,56.367,54.505,
867672.854,,56.456,54.454,
867772.855,,56.910,55.363,
867872.850,,56.877,57.026,
867972.847,,57.787,57.316,
868072.843,,58.547,56.840,
868172.840,,58.020,56.525,
868272.837,,57.952,57.279,
868372.833,,57.954,57.098,
868472.833,,57.739,56.166,
868572.826,,57.261,55.597,
868672.822,,57.905,56.372,
868772.822,,57.832,56.097,
868872.819,,57.467,56.520,
868972.813,,58.082,56.692,
869072.812,,58.243,56.884,
869172.809,,58.284,55.846,
869272.807,,57.904,55.252,
869372.801,,57.734,54.946,
869472.800,,57.984,55.008,
869572.795,,57.950,54.611,
869672.791,,57.546,53.840,
869772.792,,57.251,53.678,
869872.784,,57.474,53.690,
869972.783,,57.326,53.017,
870072.777,,57.069,53.459,
870172.776,,56.466,53.295,
870272.774,,57.045,54.789,
870372.769,,57.828,55.350,
870472.770,,57.777,56.110,
870572.765,,57.752,55.968,
870672.759,,57.663,56.181,
870772.760,,57.740,56.266,
870872.755,,58.092,56.240,
870972.754,,58.367,57.304,
871072.744,,58.379,57.657,
871172.744,,58.493,57.807,
871272.743,,58.584,56.137,
871372.740,,57.954,54.991,
871472.738,,57.525,54.480,
871572.732,,57.727,54.927,
871672.729,,57.904,55.442,
871772.724,,58.021,55.956,
871872.725,,57.856,55.725,
871972.723,,57.705,55.442,
872072.719,,57.678,54.958,
872172.717,,57.768,54.599,
872272.710,,58.114,54.113,
872372.714,,58.082,54.695,
872472.710,,57.871,53.865,
872572.707,,57.695,53.585,
872672.705,,57.684,53.352,
872772.701,,57.560,53.748,
872872.699,,57.437,54.573,
872972.697,,57.520,54.602,
873072.691,,57.524,55.017,
873172.693,,57.759,54.568,
873272.687,,57.614,53.803,
873372.686,,57.284,53.304,
873472.684,,57.504,52.802,
873572.682,,57.582,52.142,
873672.679,,57.070,51.344,
873772.678,,57.010,50.810,
873872.676,,57.069,51.761,
873972.669,,57.914,52.398,
874072.668,,58.037,52.830,
874172.667,,58.043,53.264,
874272.664,,57.926,53.983,
874372.664,,57.964,54.981,
874472.661,,57.527,56.676,
874572.657,,57.832,57.122,
874672.658,,58.033,57.478,
874772.655,,56.943,56.204,
874872.654,,57.095,58.637,
874972.649,,57.959,59.156,
875072.649,,57.446,57.825,
875172.647,,57.433,57.620,
875272.645,,57.560,57.175,
875372.642,,57.466,56.952,
875472.638,,57.667,56.831,
875572.636,,57.680,56.860,
875672.634,,57.855,56.307,
875772.630,,57.600,56.347,
875872.628,,57.445,57.048,
875972.628,,57.918,57.876,
876072.626,,57.841,57.985,
876172.623,,58.068,58.060,
876272.615,,56.958,56.216,
876372.617,,56.689,56.294,
876472.611,,56.511,55.447,
876572.614,,56.445,55.403,
876672.610,,56.772,55.573,
876772.608,,57.417,56.201,
876872.601,,57.073,56.934,
876972.602,,57.213,58.043,
877072.597,,57.171,59.078,
877172.596,,56.916,59.273,
877272.593,,56.757,57.367,
877372.594,,56.724,56.616,
877472.593,,55.620,55.867,
877572.586,,55.753,55.720,
877672.588,,55.895,55.520,
877772.581,,56.663,55.538,
877872.582,,56.481,56.035,
877972.576,,56.760,56.265,
878072.573,,56.895,56.970,
878172.576,,56.567,55.739,
878272.574,,56.268,57.646,
878372.568,,57.593,58.815,
878472.567,,57.217,58.354,
878572.564,,56.967,58.934,
878672.565,,57.313,59.033,
878772.558,,57.376,58.442,
878872.560,,57.384,58.427,
878972.556,,57.664,58.401,
879072.554,,57.304,57.685,
879172.553,,57.481,57.519,
879272.545,,57.324,56.098,
879372.547,,56.650,54.995,
879472.541,,56.131,54.407,
879572.544,,56.935,53.837,
879672.540,,56.709,55.147,
879772.537,,56.765,55.418,
879872.531,,57.521,55.243,
879972.528,,56.204,54.356,
880072.531,,57.469,56.250,
880172.529,,57.902,56.310,
880272.521,,57.868,55.823,
880372.517,,57.755,55.843,
880472.517,,57.438,55.810,
880572.518,,57.572,56.103,
880672.512,,58.021,55.985,
880772.509,,57.669,55.407,
880872.509,,56.877,53.053,
880972.504,,56.628,54.209,
881072.503,,57.705,55.104,
881172.500,,57.758,55.236,
881272.495,,57.429,54.712,
881372.497,,57.032,54.051,
881472.488,,56.678,52.499,
881572.491,,56.908,53.569,
881672.487,,57.323,53.901,
881772.486,,56.651,53.866,
881872.477,,57.586,55.047,
881972.476,,57.769,55.717,
882072.476,,58.029,55.005,
882172.469,,57.536,54.085,
882272.466,,57.574,54.284,
882372.467,,57.605,53.700,
882472.461,,56.685,51.662,
882572.459,,56.054,51.935,
882672.456,,57.432,53.947,
882772.455,,57.777,55.284,
882872.454,,58.038,55.696,
882972.452,,58.253,55.774,
883072.448,,57.761,54.243,
883172.445,,57.641,54.746,
883272.440,,57.689,54.815,
883372.442,,57.963,55.320,
883472.437,,58.040,55.041,
883572.432,,57.716,55.453,
883672.433,,57.787,55.274,
883772.428,,57.835,54.951,
883872.426,,58.290,55.024,
883972.423,,58.424,54.706,
884072.420,,56.851,52.150,
884172.416,,56.419,52.493,
884272.416,,57.581,54.705,
884372.410,,58.202,56.102,
884472.409,,58.082,56.245,
884572.408,,57.971,55.695,
884672.408,,57.320,53.958,
884772.401,,58.142,53.886,
884872.397,,57.874,54.484,
884972.398,,57.858,55.214,
885072.394,,57.727,55.173,
885172.389,,58.207,55.503,
885272.392,,57.944,54.798,
885372.384,,58.316,55.020,
885472.385,,58.234,55.091,
885572.379,,58.523,54.701,
885672.375,,57.903,54.556,
885772.372,,57.961,54.701,
885872.371,,58.167,54.399,
885972.370,,58.348,54.774,
886072.366,,58.181,55.844,
886172.362,,57.941,56.317,
886272.360,,57.928,56.556,
886372.358,,58.139,56.529,
886472.355,,57.802,56.359,
886572.355,,58.478,56.842,
886672.348,,58.660,57.224,
886772.347,,59.121,57.281,
886872.344,,59.074,56.705,
886972.344,,58.360,55.980,
887072.341,,58.625,55.477,
887172.335,,58.680,55.243,
887272.332,,58.813,54.944,
887372.330,,58.575,55.130,
887472.327,,58.739,55.056,
887572.327,,58.686,55.235,
887672.326,,58.532,55.041,
887772.323,,58.053,55.246,
887872.321,,58.535,55.953,
887972.317,,58.709,55.318,
888072.312,,58.522,54.993,
888172.306,,58.837,56.886,
888272.304,,59.428,57.314,
888372.299,,59.561,57.486,
888472.293,,58.951,56.753,
888572.294,,58.850,56.691,
888672.285,,58.982,56.337,
888772.284,,58.831,55.504,
888872.281,,58.541,56.254,
888972.276,,58.682,57.036,
889072.272,,58.730,56.614,
889172.271,,58.677,55.458,
889272.268,,58.236,55.149,
889372.260,,58.566,56.117,
889472.254,,58.613,55.455,
889572.251,,58.231,54.820,
889672.253,,57.838,54.564,
889772.250,,58.008,54.969,
889872.246,,58.567,56.044,
889972.236,,58.652,55.888,
890072.238,,58.732,56.486,
890172.231,,58.921,56.496,
890272.226,,59.204,57.211,
890372.222,,59.245,58.515,
890472.216,,58.731,57.900,
890572.217,,58.491,57.259,
890672.212,,58.267,56.777,
890772.210,,57.734,57.739,
890872.208,,57.865,58.588,
890972.200,,58.113,58.215,
891072.196,,58.293,58.299,
891172.191,,58.127,57.470,
891272.187,,58.198,57.091,
891372.185,,58.289,56.478,
891472.181,,57.860,55.533,
891572.176,,58.023,55.660,
891672.173,,58.106,55.658,
891772.172,,58.141,56.260,
891872.164,,58.803,56.099,
891972.161,,58.672,55.523,
892072.159,,58.512,54.900,
892172.156,,58.365,55.004,
892272.148,,58.224,54.306,
892372.147,,57.702,54.296,
892472.146,,57.948,54.545,
892572.139,,57.176,53.680,
892672.136,,57.186,54.499,
892772.135,,57.546,54.238,
892872.125,,57.436,54.283,
892972.124,,57.808,54.526,
893072.122,,58.183,54.421,
893172.117,,58.375,54.834,
893272.115,,58.332,53.636,
893372.111,,58.344,53.354,
893472.105,,58.020,52.670,
893572.098,,58.041,52.827,
893672.100,,58.228,53.699,
893772.096,,58.570,54.151,
893872.093,,58.858,54.613,
893972.087,,58.264,53.708,
894072.086,,57.682,53.588,
894172.078,,58.068,54.003,
894272.074,,58.369,53.900,
894372.070,,57.699,53.145,
894472.070,,57.740,52.409,
894572.066,,57.551,53.032,
894672.063,,58.210,53.643,
894772.058,,58.101,53.331,
894872.050,,58.109,53.446,
894972.048,,58.176,53.654,
895072.046,,58.502,53.888,
895172.040,,58.266,53.803,
895272.037,,58.050,54.276,
895372.030,,57.958,54.348,
895472.031,,58.007,54.100,
895572.022,,58.076,53.789,
895672.021,,58.040,53.862,
895772.015,,58.311,54.647,
895872.017,,58.172,55.120,
895972.014,,57.030,53.765,
896072.009,,56.711,53.864,
896172.006,,56.828,54.203,
896272.002,,56.993,55.147,
896371.997,,57.179,55.220,
896471.996,,57.189,55.454,
896571.997,,57.284,56.004,
896671.995,,57.364,55.893,
896771.993,,57.314,56.237,
896871.989,,57.243,56.347,
896971.984,,57.090,56.219,
897071.982,,56.955,57.433,
897171.982,,57.858,57.385,
897271.979,,57.682,57.009,
897371.973,,58.159,56.492,
897471.973,,58.334,56.009,
897571.968,,57.703,54.899,
897671.968,,57.528,54.539,
897771.963,,57.273,54.374,
897871.957,,57.318,55.071,
897971.954,,57.567,55.023,
898071.953,,57.715,54.684,
898171.954,,57.794,55.149,
898271.948,,58.178,55.597,
898371.943,,57.958,54.846,
898471.945,,58.165,55.095,
898571.939,,58.622,55.167,
898671.937,,59.121,55.210,
898771.935,,58.693,55.078,
898871.935,,58.170,54.898,
898971.929,,57.847,55.806,
899071.929,,58.166,55.737,
899171.923,,58.322,56.156,
899271.919,,58.608,55.940,
899371.921,,58.590,56.065,
899471.917,,58.587,55.702,
899571.913,,58.672,56.181,
899671.913,,59.131,56.890,
899771.905,,58.557,55.669,
899871.907,,58.065,55.476,
899971.904,,58.268,56.372,
900071.897,,58.356,56.194,
900171.898,,58.654,56.599,
900271.892,,58.611,56.841,
900371.892,,58.395,56.234,
900471.888,,58.496,56.794,
900571.886,,58.461,56.049,
900671.885,,58.382,55.262,
900771.878,,58.240,54.850,
900871.874,,58.141,54.416,
900971.874,,57.841,53.862,
901071.870,,57.792,53.231,
901171.872,,57.829,53.441,
901271.869,,57.795,52.944,
901371.867,,57.727,52.832,
901471.860,,57.965,52.570,
901571.862,,57.558,52.439,
901671.854,Input1*2*0,57.541,53.050,
901771.856,Input1*2*1,57.884,53.384,
901871.847,,58.145,53.360,
901971.849,,58.067,55.433,
902071.844,,57.655,56.454,
902171.845,,57.667,56.619,
902271.841,,57.879,55.991,
902371.840,,57.873,55.224,
902471.832,,57.773,54.766,
902571.834,,57.813,54.616,
902671.832,,57.781,54.894,
902771.824,,58.000,54.881,
902871.821,,57.663,54.253,
902971.818,,57.849,54.400,
903071.821,,57.866,53.586,
903171.818,,58.123,53.447,
903271.813,,58.226,53.036,
903371.809,,58.338,53.733,
903471.807,,59.289,54.217,
903571.808,,59.201,54.579,
903671.802,,59.055,53.726,
903771.802,,58.539,53.808,
903871.800,,58.663,53.705,
903971.790,,58.564,54.177,
904071.791,,58.799,54.255,
904171.786,,58.778,53.978,
904271.782,,58.683,54.055,
904371.780,,58.241,53.752,
904471.778,,58.466,53.658,
904571.778,,58.486,53.644,
904671.776,,58.539,53.150,
904771.769,,58.116,53.085,
904871.769,,58.041,53.181,
904971.763,,57.875,53.393,
905071.762,,58.121,53.027,
905171.761,,58.123,53.032,
905271.754,,57.508,52.468,
905371.753,,57.675,52.289,
905471.746,,58.227,52.733,
905571.746,,58.422,52.285,
905671.746,,58.470,51.918,
905771.743,,58.187,51.768,
905871.738,,57.958,50.948,
905971.734,,57.719,51.139,
906071.732,,57.716,51.019,
906171.726,,57.705,50.700,
906271.727,,57.688,50.731,
906371.722,,57.588,50.696,
906471.723,,57.700,51.825,
906571.718,,57.706,52.865,
906671.715,,57.475,53.237,
906771.710,,57.634,53.483,
906871.710,,57.871,53.492,
906971.707,,57.857,53.374,
907071.705,,57.981,53.647,
907171.700,,58.014,54.363,
907271.699,,58.012,54.226,
907371.697,,58.371,54.092,
907471.693,,58.002,53.566,
907571.690,,57.972,53.513,
907671.683,,58.273,54.144,
907771.682,,58.307,53.789,
907871.683,,58.250,53.794,
907971.678,,57.754,53.334,
908071.677,,57.651,53.394,
908171.668,,57.717,53.468,
908271.670,,58.312,53.999,
908371.669,,57.864,54.127,
908471.665,,57.701,54.225,
908571.661,,57.934,53.595,
908671.661,,58.043,54.199,
908771.652,,57.869,54.201,
908871.651,,57.949,54.278,
908971.647,,57.572,54.308,
909071.645,,57.925,54.255,
909171.640,,58.255,53.883,
909271.637,,57.921,54.233,
909371.636,,57.971,54.041,
909471.634,,58.123,53.897,
909571.629,,58.294,53.515,
909671.625,,58.181,52.935,
909771.623,,57.812,52.768,
909871.619,,57.710,53.066,
909971.620,,57.613,52.495,
910071.620,,57.704,52.286,
910171.610,,58.055,52.698,
910271.608,,58.192,53.007,
910371.605,,58.306,52.866,
910471.602,,58.530,53.082,
910571.601,,58.807,53.444,
910671.601,,58.403,52.733,
910771.596,,58.338,52.814,
910871.590,,58.289,52.595,
910971.588,,57.671,51.628,
911071.590,,57.438,51.309,
911171.582,,57.497,51.901,
911271.581,,57.511,51.976,
911371.576,,57.784,52.966,
911471.575,,58.169,53.572,
911571.576,,58.130,52.691,
911671.573,,57.718,52.339,
911771.568,,57.358,52.293,
911871.567,,57.597,52.975,
911971.559,,57.800,52.921,
912071.559,,57.941,52.963,
912171.555,,58.334,53.251,
912271.553,,58.593,53.081,
912371.552,,58.131,52.757,
912471.546,,57.929,52.200,
912571.547,,58.274,52.456,
912671.545,,58.593,52.352,
912771.543,,58.070,51.495,
912871.537,,57.389,51.206,
912971.531,,57.040,50.948,
913071.534,,56.854,50.210,
913171.528,,56.701,50.924,
913271.525,,57.215,51.979,
913371.520,,57.531,52.743,
913471.520,,58.051,52.982,
913571.517,,58.475,53.379,
913671.517,,58.426,52.930,
913771.509,,57.619,52.015,
913871.513,,57.101,53.268,
913971.508,,57.186,52.942,
914071.506,,56.893,52.271,
914171.502,,56.714,51.649,
914271.497,,56.476,51.430,
914371.498,,56.750,51.646,
914471.489,,56.624,51.952,
914571.489,,57.188,52.862,
914671.488,,57.717,53.502,
914771.482,,57.751,53.551,
914871.484,,58.394,53.751,
914971.479,,58.328,54.125,
915071.478,,58.309,53.967,
915171.475,,58.424,53.767,
915271.472,,58.589,53.804,
915371.471,,58.565,54.099,
915471.466,,58.622,54.010,
915571.464,,58.687,54.084,
915671.460,,57.940,52.804,
915771.459,,57.836,52.580,
915871.452,,58.063,52.475,
915971.448,,58.032,52.762,
916071.447,,57.875,52.953,
916171.447,,58.337,52.884,
916271.440,,58.354,52.987,
916371.438,,58.305,52.788,
916471.439,,58.305,52.487,
916571.434,,57.953,52.871,
916671.429,,58.237,53.222,
916771.427,,58.556,53.572,
916871.427,,58.396,53.272,
916971.420,,58.459,52.951,
917071.424,,58.107,52.698,
917171.418,,58.035,53.064,
917271.417,,58.442,53.332,
917371.411,,58.318,53.007,
917471.412,,58.347,53.354,
917571.407,,58.433,53.706,
917671.404,,58.554,54.200,
917771.402,,58.376,53.718,
917871.401,,58.327,53.844,
917971.397,,58.153,52.951,
918071.393,,57.809,52.812,
918171.390,,58.018,53.582,
918271.388,,58.085,53.780,
918371.384,,58.030,53.333,
918471.383,,57.600,52.376,
918571.380,,57.033,51.998,
918671.380,,57.366,52.438,
918771.375,,57.146,53.079,
918871.372,,57.778,53.394,
918971.368,,58.259,53.958,
919071.368,,58.318,54.396,
919171.367,,58.311,54.107,
919271.360,,58.225,54.771,
919371.361,,58.498,54.869,
919471.356,,58.339,54.134,
919571.354,,58.222,54.473,
919671.350,,58.314,54.194,
919771.345,,57.925,54.018,
919871.343,,58.239,53.687,
919971.343,,58.333,53.952,
920071.336,,58.118,53.411,
920171.332,,57.912,54.007,
920271.327,,58.425,54.171,
920371.322,,58.545,54.474,
920471.318,,58.402,53.969,
920571.315,,58.481,54.016,
920671.315,,58.378,53.675,
920771.308,,58.113,53.635,
920871.303,,58.019,54.099,
920971.299,,58.158,54.156,
921071.298,,57.982,53.748,
921171.294,,57.919,54.382,
921271.289,,57.937,54.347,
921371.286,,58.447,55.144,
921471.282,,57.330,54.284,
921571.276,,58.414,54.744,
921671.272,,58.710,55.484,
921771.267,,58.430,54.965,
921871.265,,57.885,54.215,
921971.259,,57.699,54.121,
922071.256,,57.938,53.988,
922171.250,,57.999,53.929,
922271.247,,58.459,54.108,
922371.241,,58.495,54.452,
922471.237,,58.741,54.840,
922571.234,,58.683,54.951,
922671.233,,58.861,55.251,
922771.227,,58.745,55.950,
922871.224,,58.896,56.314,
922971.222,,58.773,56.455,
923071.218,,58.687,55.619,
923171.208,,58.687,55.741,
923271.205,,58.941,55.534,
923371.201,,58.357,54.559,
923471.198,,57.845,53.988,
923571.198,,57.802,54.373,
923671.188,,57.449,54.106,
923771.188,,57.572,54.558,
923871.182,,57.849,55.226,
923971.177,,58.320,55.330,
924071.176,,58.380,55.491,
924171.171,,58.569,54.648,
924271.163,,58.376,54.923,
924371.160,,58.389,54.487,
924471.157,,58.430,53.958,
924571.157,,58.336,53.784,
924671.154,,58.377,53.528,
924771.144,,58.406,53.565,
924871.141,,58.146,53.074,
924971.138,,57.716,53.549,
925071.133,,57.763,53.579,
925171.131,,58.079,53.989,
925271.123,,58.010,54.077,
925371.124,,58.081,53.989,
925471.119,,57.974,54.131,
925571.113,,58.143,54.344,
925671.107,,57.980,54.020,
925771.107,,57.291,53.638,
925871.100,,57.306,53.458,
925971.096,,57.654,53.738,
926071.091,,58.065,53.840,
926171.090,,57.822,53.822,
926271.084,,57.771,53.625,
926371.080,,57.961,52.752,
926471.077,,57.375,52.363,
926571.076,,57.038,51.666,
926671.066,,56.039,52.745,
926771.069,,57.203,53.871,
926871.063,,57.454,54.751,
926971.060,,57.919,54.441,
927071.053,,58.066,54.383,
927171.048,,57.690,53.664,
927271.048,,57.494,53.050,
927371.042,,57.568,52.462,
927471.035,,57.436,52.222,
927571.033,,57.462,52.488,
927671.030,,57.847,52.180,
927771.025,,57.679,52.973,
927871.023,,57.690,53.123,
927971.017,,57.904,53.390,
928071.018,,58.137,53.820,
928171.011,,58.316,53.871,
928271.008,,58.093,53.598,
928371.007,,57.826,53.496,
928471.004,,57.801,53.991,
928571.003,,57.842,54.299,
928671.000,,58.033,53.908,
928770.999,,58.221,55.316,
928870.993,,58.189,55.760,
928970.994,,57.795,54.484,
929070.994,,57.378,54.017,
929170.991,,57.292,53.674,
929270.984,,57.319,53.598,
929370.981,,57.712,54.138,
929470.980,,58.230,55.160,
929570.982,,58.287,55.623,
929670.977,,58.285,55.002,
929770.972,,58.081,54.405,
929870.969,,58.019,54.146,
929970.969,,58.286,53.295,
930070.967,,58.034,53.058,
930170.967,,58.327,52.992,
930270.960,,58.260,53.122,
930370.957,,58.553,53.868,
930470.956,,58.675,54.405,
930570.955,,58.580,54.691,
930670.949,,58.721,54.892,
930770.952,,59.053,54.346,
930870.947,,58.134,53.651,
930970.946,,57.995,53.577,
931070.944,,57.650,53.526,
931170.939,,57.945,54.568,
931270.940,,58.041,55.169,
931370.936,,58.379,55.281,
931470.930,,58.442,55.756,
931570.931,,58.417,55.371,
931670.925,,58.307,55.280,
931770.922,,58.463,55.283,
931870.923,,58.970,55.506,
931970.917,,59.118,55.405,
932070.916,,58.732,54.982,
932170.914,,58.622,55.788,
932270.909,,58.624,56.795,
932370.912,,58.529,56.960,
932470.909,,58.411,56.260,
932570.906,,58.404,56.111,
932670.900,,58.444,55.973,
932770.899,,58.188,55.892,
932870.897,,58.056,55.377,
932970.897,,57.954,55.196,
933070.896,,57.859,54.614,
933170.888,,57.720,54.544,
933270.889,,57.810,55.088,
933370.889,,57.883,54.767,
933470.881,,57.695,54.613,
933570.880,,57.601,54.880,
933670.875,,58.003,55.050,
933770.877,,57.860,54.924,
933870.873,,57.836,55.188,
933970.874,,57.724,55.012,
934070.868,,57.828,55.857,
934170.864,,58.167,55.907,
934270.867,,58.272,55.156,
934370.859,,57.747,54.821,
934470.857,,57.908,54.664,
934570.855,,58.019,54.632,
934670.851,,57.813,53.952,
934770.853,,57.969,53.823,
934870.849,,58.125,54.132,
934970.843,,57.908,53.547,
935070.847,,57.719,53.792,
935170.845,,57.449,53.332,
935270.841,,57.297,52.950,
935370.840,,57.461,53.659,
935470.831,,57.672,53.742,
935570.834,,57.919,54.125,
935670.831,,58.549,54.613,
935770.824,,58.891,55.171,
935870.828,,58.786,55.213,
935970.822,,58.670,54.420,
936070.817,,58.047,53.620,
936170.813,,57.826,53.875,
936270.814,,58.266,55.425,
936370.810,,58.154,55.437,
936470.802,,58.231,55.583,
936570.807,,58.220,55.456,
936670.798,,58.166,55.084,
936770.792,,58.196,55.190,
936870.795,,58.134,54.828,
936970.786,,57.854,54.472,
937070.788,,57.925,53.821,
937170.780,,57.782,54.159,
937270.777,,57.569,54.512,
937370.775,,57.782,54.935,
937470.775,,58.253,55.205,
937570.769,,58.400,55.040,
937670.766,,58.356,54.711,
937770.761,,58.142,55.172,
937870.764,,58.577,54.839,
937970.761,,58.273,54.212,
938070.751,,58.312,54.407,
938170.753,,58.246,55.004,
938270.751,,58.173,55.945,
938370.745,,58.191,55.996,
938470.739,,58.123,55.545,
938570.741,,58.256,55.191,
938670.734,,58.281,54.961,
938770.728,,58.366,54.777,
938870.730,,58.370,54.527,
938970.723,,57.954,53.840,
939070.721,,57.996,53.956,
939170.717,,58.156,53.984,
939270.715,,58.091,54.459,
939370.714,,58.307,54.689,
939470.709,,58.229,54.554,
939570.704,,58.028,55.303,
939670.705,,58.318,55.743,
939770.701,,58.407,55.111,
939870.694,,58.255,55.004,
939970.694,,58.164,55.020,
940070.692,,58.274,55.572,
940170.689,,58.184,55.075,
940270.684,,57.688,54.916,
940370.678,,57.879,55.190,
940470.676,,58.083,55.518,
940570.674,,57.677,55.320,
940670.672,,57.738,55.278,
940770.667,,57.556,55.242,
940870.665,,57.655,56.404,
940970.659,,57.574,55.997,
941070.660,,57.781,57.032,
941170.655,,57.978,57.789,
941270.651,,57.900,56.259,
941370.645,,57.477,55.204,
941470.643,,57.316,54.899,
941570.640,,57.704,54.912,
941670.639,,57.291,54.657,
941770.634,,57.213,55.669,
941870.631,,57.212,55.488,
941970.626,,57.061,56.104,
942070.628,,57.086,55.536,
942170.623,,57.387,55.530,
942270.622,,57.275,57.131,
942370.619,,58.001,58.226,
942470.615,,58.051,58.812,
942570.607,,58.121,59.671,
942670.607,,58.329,59.231,
942770.601,,58.363,58.457,
942870.597,,57.967,57.826,
942970.597,,57.907,57.867,
943070.596,,57.908,57.484,
943170.587,,58.002,57.012,
943270.589,,57.830,57.089,
943370.583,,57.719,57.751,
943470.578,,57.671,57.451,
943570.578,,57.932,58.357,
943670.572,,58.213,58.217,
943770.573,,58.458,58.541,
943870.571,,58.703,58.208,
943970.567,,58.555,57.220,
944070.561,,58.451,57.295,
944170.562,,58.209,56.452,
944270.554,,57.603,56.071,
944370.550,,57.892,56.061,
944470.553,,57.922,55.751,
944570.546,,58.260,55.972,
944670.542,,58.355,56.739,
944770.539,,58.144,56.670,
944870.540,,58.342,56.850,
944970.536,,58.631,57.571,
945070.534,,58.698,57.899,
945170.533,,58.520,58.445,
945270.526,,58.682,58.061,
945370.521,,58.582,57.907,
945470.521,,58.442,57.680,
945570.517,,58.294,57.757,
945670.515,,58.207,57.000,
945770.515,,57.674,56.691,
945870.506,,57.884,56.164,
945970.506,,57.994,56.768,
946070.502,,58.556,55.893,
946170.499,,58.260,56.056,
946270.501,,58.702,56.130,
946370.494,,58.661,55.925,
946470.493,,58.094,55.019,
946570.486,,57.331,54.998,
946670.483,,57.227,54.267,
946770.484,,57.822,55.275,
946870.479,,58.387,55.402,
946970.476,,58.084,54.360,
947070.474,,58.270,54.223,
947170.473,,58.186,53.694,
947270.470,,57.638,53.043,
947370.465,,57.742,52.866,
947470.462,,57.198,52.528,
947570.462,,57.028,52.035,
947670.453,,57.008,52.754,
947770.453,,57.513,53.116,
947870.453,,57.802,53.296,
947970.448,,57.636,53.634,
948070.448,,57.378,53.773,
948170.439,,57.008,52.935,
948270.440,,56.118,52.939,
948370.436,,55.620,52.421,
948470.434,,55.787,54.307,
948570.431,,56.955,54.313,
948670.427,,56.222,53.479,
948770.424,,56.225,52.149,
948870.421,,55.641,53.101,
948970.416,,57.274,54.779,
949070.416,,57.435,53.987,
949170.414,,57.481,53.966,
949270.409,,57.652,54.287,
949370.409,,58.237,54.877,
949470.406,,58.059,54.916,
949570.397,,58.108,55.626,
949670.400,,57.985,54.365,
949770.395,,57.942,54.403,
949870.394,,57.829,53.863,
949970.388,,57.992,54.787,
950070.385,,58.112,54.842,
950170.383,,58.224,54.983,
950270.381,,58.624,55.174,
950370.378,,57.948,53.951,
950470.376,,57.877,54.168,
950570.371,,58.225,53.849,
950670.370,,57.965,53.080,
950770.363,,57.150,53.343,
950870.359,,57.817,54.005,
950970.361,,57.844,53.359,
951070.360,,57.765,53.458,
951170.351,,57.501,52.833,
951270.353,,57.456,53.087,
951370.346,,58.042,53.339,
951470.347,,58.214,53.863,
951570.344,,58.401,54.200,
951670.339,,58.409,54.569,
951770.336,,58.417,54.374,
951870.336,,58.340,54.494,
951970.332,,58.049,54.070,
952070.324,,57.806,53.735,
952170.321,,57.672,53.408,
952270.320,,57.694,53.698,
952370.312,,58.012,53.725,
952470.306,,58.114,53.422,
952570.303,,58.329,53.897,
952670.299,,58.411,53.950,
952770.293,,58.070,53.127,
952870.289,,58.453,53.912,
952970.289,,58.427,53.453,
953070.282,,58.024,53.263,
953170.276,,57.889,53.186,
953270.278,,58.178,53.499,
953370.270,,58.105,53.072,
953470.269,,57.737,53.160,
953570.263,,57.469,53.590,
953670.261,,57.819,53.365,
953770.257,,57.526,53.292,
953870.251,,57.798,52.986,
953970.246,,57.509,53.053,
954070.244,,57.489,52.462,
954170.234,,57.032,52.518,
954270.232,,57.008,52.517,
954370.226,,56.519,52.181,
954470.222,,56.519,52.349,
954570.224,,57.101,52.637,
954670.215,,57.175,52.463,
954770.211,,57.614,52.306,
954870.211,,57.597,52.750,
954970.200,,57.558,53.078,
955070.197,,57.422,53.316,
955170.193,,57.849,53.510,
955270.190,,58.037,53.569,
955370.189,,58.152,53.636,
955470.183,,57.847,53.638,
955570.180,,57.932,54.101,
955670.172,,57.751,53.357,
955770.173,,57.730,52.799,
955870.168,,57.495,52.268,
955970.159,,57.662,51.950,
956070.156,,57.813,52.065,
956170.155,,57.879,51.772,
956270.152,,57.944,51.656,
956370.146,,57.949,51.557,
956470.142,,57.682,51.300,
956570.140,,57.563,52.099,
956670.129,,57.576,53.186,
956770.129,,57.771,53.448,
956870.125,,57.673,52.877,
956970.117,,56.882,52.536,
957070.113,,56.526,54.001,
957170.113,,57.092,53.501,
957270.110,,56.843,53.942,
957370.105,,56.420,52.673,
957470.102,,56.759,54.654,
957570.091,,57.703,55.581,
957670.091,,57.940,54.942,
957770.088,,57.468,54.534,
957870.081,,57.394,54.386,
957970.080,,57.555,54.040,
958070.074,,57.768,54.343,
958170.070,,57.955,54.770,
958270.068,,58.009,54.742,
958370.062,,57.874,54.460,
958470.058,,57.906,54.027,
958570.052,,57.882,53.922,
958670.051,,58.026,54.408,
958770.043,,58.193,54.630,
958870.039,,58.443,55.109,
958970.036,,58.460,54.168,
959070.034,,57.682,53.939,
959170.029,,57.842,53.667,
959270.022,,57.503,53.768,
959370.020,,57.331,53.576,
959470.018,,57.494,53.720,
959570.013,,57.921,54.212,
959670.008,,57.804,54.574,
959770.006,,58.057,54.816,
959870.001,,57.980,55.797,
959969.996,,58.133,56.096,
960069.990,,58.137,56.271,
960169.990,,58.014,56.019,
960269.990,,58.057,56.809,
960369.985,,58.367,56.841,
960469.978,,58.295,56.452,
960569.976,,58.055,56.500,
960669.979,,58.348,56.331,
960769.976,,58.397,56.250,
960869.973,,58.288,56.656,
960969.969,,58.377,56.300,
961069.963,,58.263,55.622,
961169.962,,58.046,54.810,
961269.961,,58.097,55.051,
961369.959,,58.420,55.348,
961469.952,,58.188,54.989,
961569.951,,57.909,55.411,
961669.950,,58.221,55.387,
961769.943,,57.676,55.552,
961869.942,,58.004,55.815,
961969.941,,58.144,55.837,
962069.939,,57.902,55.681,
962169.937,,58.563,55.554,
962269.929,,58.089,54.576,
962369.928,,57.711,53.732,
962469.922,,57.459,53.048,
962569.920,,57.318,53.624,
962669.921,,58.004,53.036,
962769.915,,56.613,53.723,
962869.915,,57.113,53.963,
962969.914,,56.913,53.949,
963069.909,,56.719,53.627,
963169.908,,56.821,53.084,
963269.904,,56.476,54.402,
963369.900,,57.142,54.541,
963469.895,,57.720,55.790,
963569.894,,57.954,55.353,
963669.893,,57.504,54.248,
963769.889,,57.573,54.062,
963869.889,,57.850,54.255,
963969.881,,57.943,54.463,
964069.881,,57.896,53.819,
964169.879,,57.383,53.084,
964269.879,,57.092,52.835,
964369.869,,56.905,51.944,
964469.872,,56.861,52.693,
964569.870,,57.137,52.700,
964669.863,,56.966,53.078,
964769.862,,57.221,53.422,
964869.861,,56.767,54.376,
964969.859,,56.914,54.970,
965069.853,,57.305,54.750,
965169.853,,57.207,54.149,
965269.845,,57.099,53.369,
965369.847,,56.428,53.243,
965469.839,,56.312,52.142,
965569.838,,56.849,52.520,
965669.838,,56.757,52.093,
965769.835,,57.241,51.941,
965869.830,,56.715,51.445,
965969.830,,56.959,51.315,
966069.825,,56.272,50.675,
966169.819,,56.170,50.141,
966269.822,,56.183,49.856,
966369.815,,56.457,49.932,
966469.816,,56.426,50.664,
966569.809,,56.269,50.676,
966669.809,,56.347,51.226,
966769.806,,56.000,51.287,
966869.807,,57.163,52.306,
966969.803,,57.428,52.346,
967069.797,,57.081,52.204,
967169.792,,57.043,52.484,
967269.794,,57.355,52.776,
967369.788,,57.601,53.554,
967469.785,,57.953,53.632,
967569.782,,57.599,53.324,
967669.782,,57.378,54.569,
967769.779,,57.572,54.208,
967869.773,,57.480,53.431,
967969.774,,57.710,53.607,
968069.775,,57.752,53.146,
968169.767,,57.375,52.606,
968269.766,,57.316,53.419,
968369.765,,57.219,53.781,
968469.759,,57.291,53.921,
968569.756,,57.539,53.553,
968669.757,,57.670,54.059,
968769.753,,57.728,54.481,
968869.756,,57.719,54.754,
968969.747,,58.079,56.044,
969069.746,,58.081,57.578,
969169.744,,57.382,57.298,
969269.746,,57.369,55.992,
969369.743,,57.443,55.351,
969469.740,,57.340,54.494,
969569.737,,57.324,54.909,
969669.734,,57.697,55.178,
969769.734,,57.787,55.550,
969869.732,,57.778,56.533,
969969.729,,57.963,57.688,
970069.727,,58.173,58.010,
970169.724,,58.148,57.373,
970269.723,,58.172,56.958,
970369.722,,57.788,56.494,
970469.714,,57.981,56.334,
970569.715,,57.776,55.656,
970669.715,,57.735,55.944,
970769.713,,57.872,56.897,
970869.707,,57.773,56.552,
970969.704,,58.179,57.334,
971069.702,,58.322,56.730,
971169.699,,58.151,56.928,
971269.702,,58.224,58.042,
971369.700,,58.734,57.898,
971469.697,,58.600,56.963,
971569.689,,58.084,56.835,
971669.691,,58.341,57.133,
971769.689,,58.479,56.126,
971869.687,,57.888,54.975,
971969.684,,57.697,54.853,
972069.684,,57.559,53.957,
972169.678,,57.655,54.378,
972269.680,,57.950,54.661,
972369.676,,57.777,54.127,
972469.669,,56.806,53.649,
972569.671,,56.760,55.621,
972669.667,,57.819,56.749,
972769.666,,58.086,56.116,
972869.659,,58.035,55.932,
972969.662,,57.947,55.476,
973069.658,,57.842,55.815,
973169.658,,58.145,55.926,
973269.655,,58.231,55.438,
973369.650,,58.157,54.913,
973469.650,,58.213,54.930,
973569.649,,58.245,54.996,
973669.642,,58.157,54.740,
973769.640,,58.208,53.718,
973869.640,,57.918,54.815,
973969.635,,57.811,54.360,
974069.633,,57.690,53.590,
974169.633,,57.651,53.832,
974269.634,,57.751,54.330,
974369.631,,57.966,54.472,
974469.627,,57.323,54.160,
974569.627,,57.074,54.176,
974669.621,,56.819,54.414,
974769.617,,57.470,55.673,
974869.620,,57.991,56.053,
974969.613,,57.782,56.113,
975069.616,,57.918,55.845,
975169.611,,58.133,55.680,
975269.608,,58.117,55.188,
975369.605,,58.113,54.376,
975469.601,,57.949,53.937,
975569.602,,57.870,53.776,
975669.603,,57.879,53.505,
975769.596,,57.882,53.289,
975869.596,,57.720,53.445,
975969.589,,57.736,53.406,
976069.593,,57.931,53.447,
976169.585,,57.816,53.600,
976269.587,,57.708,53.052,
976369.583,,57.165,53.149,
976469.581,,57.498,53.375,
976569.575,,57.725,53.104,
976669.573,,58.064,53.450,
976769.568,,58.354,53.155,
976869.566,,58.093,52.522,
976969.565,,57.857,52.476,
977069.559,,57.528,52.904,
977169.560,,57.154,52.345,
977269.558,,57.656,52.728,
977369.555,,57.602,52.404,
977469.548,,57.686,52.682,
977569.547,,57.619,53.641,
977669.548,,56.924,53.777,
977769.541,,56.500,54.318,
977869.537,,57.487,54.740,
977969.534,,57.591,54.561,
978069.533,,57.937,55.224,
978169.530,,58.025,55.431,
978269.526,,58.071,55.198,
978369.525,,58.003,54.912,
978469.519,,58.010,56.067,
978569.518,,58.074,57.742,
978669.520,,58.764,57.673,
978769.517,,58.424,56.876,
978869.514,,58.027,56.778,
978969.509,,57.961,56.201,
979069.504,,57.837,55.820,
979169.501,,57.623,55.321,
979269.500,,57.525,55.586,
979369.501,,58.341,56.464,
979469.494,,57.922,55.445,
979569.489,,57.778,54.646,
979669.491,,57.331,53.693,
979769.489,,57.527,54.751,
979869.487,,57.646,54.776,
979969.481,,58.129,55.383,
980069.481,,57.781,54.382,
980169.476,,57.910,54.653,
980269.470,,58.357,55.822,
980369.466,,58.699,54.885,
980469.468,,57.671,54.652,
980569.465,,57.760,54.025,
980669.459,,57.419,53.310,
980769.459,,57.163,53.418,
980869.455,,58.212,54.391,
980969.452,,58.388,54.823,
981069.451,,58.483,55.061,
981169.450,,58.372,54.586,
981269.444,,58.053,54.247,
981369.442,,58.153,54.394,
981469.440,,58.226,54.088,
981569.435,,58.065,53.750,
981669.434,,58.151,53.890,
981769.428,,58.220,53.917,
981869.426,,57.719,53.742,
981969.424,,57.590,53.454,
982069.420,,57.678,53.864,
982169.418,,58.159,54.210,
982269.415,,57.871,53.320,
982369.417,,57.617,53.410,
982469.411,,58.178,53.605,
982569.412,,58.123,54.173,
982669.406,,57.926,53.774,
982769.406,,57.589,53.428,
982869.402,,57.601,53.608,
982969.394,,57.714,53.581,
983069.393,,57.687,53.799,
983169.391,,57.855,54.131,
983269.392,,58.034,53.925,
983369.388,,57.955,54.534,
983469.385,,57.950,54.760,
983569.381,,57.450,53.342,
983669.381,,57.454,53.084,
983769.374,,58.059,53.619,
983869.373,,58.259,53.607,
983969.370,,58.133,52.443,
984069.364,,57.618,52.127,
984169.361,,57.186,51.274,
984269.356,,57.119,51.604,
984369.355,,57.491,52.026,
984469.348,,57.719,51.931,
984569.348,,57.768,52.448,
984669.341,,57.989,52.416,
984769.335,,58.167,52.740,
984869.334,,58.137,52.917,
984969.331,,58.127,52.757,
985069.329,,57.692,52.994,
985169.320,,57.653,53.098,
985269.321,,58.079,53.360,
985369.316,,58.052,53.055,
985469.308,,57.969,53.245,
985569.307,,58.002,53.611,
985669.303,,57.582,52.745,
985769.297,,57.417,52.401,
985869.293,,57.670,52.709,
985969.291,,57.735,52.942,
986069.284,,57.759,53.083,
986169.281,,57.913,54.984,
986269.277,,58.183,55.252,
986369.273,,57.904,54.757,
986469.268,,57.344,53.350,
986569.271,,56.457,53.731,
986669.261,,56.590,54.437,
986769.258,,56.613,54.881,
986869.254,,56.596,55.297,
986969.250,,56.898,55.661,
987069.246,,56.735,56.614,
987169.240,,56.892,57.755,
987269.242,,57.517,59.017,
987369.238,,57.602,58.296,
987469.232,,57.684,56.943,
987569.224,,56.361,55.466,
987669.227,,56.588,54.861,
987769.222,,56.472,55.789,
987869.216,,57.251,57.179,
987969.209,,57.438,56.902,
988069.211,,57.728,56.933,
988169.206,,58.321,56.790,
988269.200,,58.206,56.081,
988369.196,,57.964,54.871,
988469.189,,57.571,54.571,
988569.190,,57.418,54.426,
988669.182,,57.467,54.666,
988769.178,,57.821,54.255,
988869.174,,57.911,54.286,
988969.176,,58.479,54.584,
989069.169,,58.272,54.474,
989169.165,,58.157,54.928,
989269.158,,58.513,56.264,
989369.158,,57.830,56.638,
989469.151,,57.967,57.558,
989569.146,,58.059,58.479,
989669.146,,58.025,58.382,
989769.141,,58.301,57.705,
989869.135,,58.228,57.646,
989969.133,,58.294,57.330,
990069.130,,58.070,56.793,
990169.123,,57.410,56.128,
990269.119,,57.404,56.030,
990369.119,,58.257,56.015,
990469.110,,58.178,55.060,
990569.107,,58.014,55.074,
990669.106,,58.071,54.474,
990769.102,,57.413,53.947,
990869.095,,57.906,54.515,
990969.092,,58.172,54.719,
991069.093,,58.242,54.950,
991169.083,,57.968,54.396,
991269.084,,57.762,54.384,
991369.076,,57.804,54.600,
991469.074,,58.383,55.525,
991569.071,,58.524,55.797,
991669.067,,58.556,56.221,
991769.063,,58.457,56.813,
991869.056,,58.152,56.416,
991969.055,,58.053,55.863,
992069.054,,58.032,55.525,
992169.049,,57.868,55.042,
992269.049,,57.585,54.806,
992369.047,,57.505,54.853,
992469.044,,57.463,54.141,
992569.037,,57.455,54.168,
992669.040,,57.635,54.639,
992769.035,,57.824,54.926,
992869.031,,57.871,55.046,
992969.029,,58.035,55.654,
993069.030,,57.970,55.574,
993169.027,,58.022,55.145,
993269.022,,57.703,55.389,
993369.019,,58.043,55.385,
993469.020,,58.058,55.499,
993569.013,,58.074,55.242,
993669.016,,57.568,54.211,
993769.009,,57.475,54.184,
993869.004,,57.767,54.384,
993969.004,,57.604,54.254,
994069.002,,57.390,53.555,
994168.999,,56.956,53.514,
994269.000,,57.436,53.754,
994368.997,,57.652,54.095,
994468.992,,57.736,54.409,
994568.986,,57.819,54.247,
994668.989,,58.161,54.366,
994768.981,,58.115,55.036,
994868.983,,57.900,54.174,
994968.978,,57.945,54.388,
995068.976,,57.901,53.223,
995168.972,,57.314,52.721,
995268.970,,57.097,52.186,
995368.966,,57.074,52.042,
995468.969,,57.346,52.304,
995568.966,,57.514,51.346,
995668.963,,56.687,50.496,
995768.959,,56.799,52.929,
995868.955,,57.866,53.561,
995968.955,,58.403,53.419,
996068.953,,58.190,53.486,
996168.950,,58.520,53.795,
996268.945,,57.657,52.460,
996368.942,,57.320,52.384,
996468.941,,56.953,51.932,
996568.942,,57.170,52.217,
996668.933,,57.455,52.335,
996768.930,,57.652,52.532,
996868.928,,57.789,52.728,
996968.928,,57.871,53.424,
997068.925,,57.674,53.181,
997168.921,,57.645,54.105,
997268.919,,57.813,54.066,
997368.920,,58.090,53.927,
997468.916,,58.022,54.559,
997568.913,,58.542,54.735,
997668.910,,58.763,54.336,
997768.908,,58.469,54.110,
997868.907,,58.409,54.376,
997968.903,,58.124,54.681,
998068.903,,57.763,54.031,
998168.899,,57.892,53.756,
998268.894,,57.837,53.341,
998368.894,,57.869,53.073,
998468.889,,57.732,52.709,
998568.886,,57.565,52.230,
998668.885,,57.590,51.822,
998768.883,,57.465,52.331,
998868.879,,57.612,52.092,
998968.876,,57.530,52.225,
999068.874,,57.329,52.477,
999168.870,,58.252,52.100,
999268.868,,57.400,51.709,
999368.870,,57.812,52.870,
999468.862,,57.805,52.870,
999568.862,,57.863,52.741,
999668.857,,57.240,53.274,
999768.859,,57.634,53.377,
999868.853,,57.822,53.990,
999968.854,,57.917,53.808,
1000068.847,,58.003,54.197,
1000168.847,,58.333,55.083,
1000268.842,,58.312,55.187,
1000368.844,,58.524,55.438,
1000468.838,,58.494,55.174,
1000568.832,,58.456,54.470,
1000668.834,,58.234,53.921,
1000768.831,,58.114,53.647,
1000868.828,,57.788,53.058,
1000968.826,,57.435,52.816,
1001068.824,,57.489,53.723,
1001168.817,,58.067,53.964,
1001268.819,,57.916,53.885,
1001368.816,,57.137,53.269,
1001468.811,,57.082,53.441,
1001568.809,,57.255,53.363,
1001668.804,,57.100,53.270,
1001768.803,,57.129,53.534,
1001868.802,,57.251,53.639,
1001968.799,,57.472,53.801,
1002068.797,,57.364,54.462,
1002168.789,,57.348,54.890,
1002268.790,,57.348,54.819,
1002368.789,,57.213,54.924,
1002468.787,,57.145,54.844,
1002568.785,,57.456,54.852,
1002668.781,,57.914,54.821,
1002768.780,,57.993,55.014,
1002868.777,,58.082,55.314,
1002968.774,,58.063,54.226,
1003068.766,,57.885,54.471,
1003168.768,,57.851,54.570,
1003268.764,,58.169,55.189,
1003368.750,,58.134,55.111,
1003468.755,,57.644,54.873,
1003568.758,,57.617,54.915,
1003668.756,,57.569,54.973,
1003768.747,,57.900,54.989,
1003868.746,,57.948,54.721,
1003968.746,,57.909,54.114,
1004068.739,,57.771,54.031,
1004168.742,,58.129,54.095,
1004268.735,,58.139,53.928,
1004368.732,,58.140,54.075,
1004468.729,,57.954,52.999,
1004568.729,,57.913,52.723,
1004668.728,,57.818,52.575,
1004768.722,,57.797,53.146,
1004868.718,,58.069,53.537,
1004968.719,,58.135,55.125,
1005068.716,,58.251,55.685,
1005168.712,,58.361,55.769,
1005268.707,,58.152,55.657,
1005368.705,,57.915,55.459,
1005468.708,,57.923,55.274,
1005568.702,,57.960,55.028,
1005668.699,,57.941,55.590,
1005768.697,,58.064,56.056,
1005868.694,,57.670,56.113,
1005968.694,,58.173,56.282,
1006068.692,,57.875,56.049,
1006168.683,,58.078,56.057,
1006268.681,,57.863,56.730,
1006368.679,,57.930,56.936,
1006468.679,,57.855,56.177,
1006568.673,,57.484,55.112,
1006668.675,,57.668,55.642,
1006768.667,,58.053,55.919,
1006868.667,,57.758,56.364,
1006968.663,,57.836,55.965,
1007068.663,,57.541,55.278,
1007168.657,,57.663,55.087,
1007268.654,,57.755,54.994,
1007368.656,,57.567,55.263,
1007468.650,,57.772,55.497,
1007568.652,,57.802,55.378,
1007668.649,,57.806,55.291,
1007768.644,,57.998,55.247,
1007868.640,,58.001,54.981,
1007968.636,,57.863,54.516,
1008068.634,,57.825,54.324,
1008168.633,,57.878,53.928,
1008268.634,,57.670,54.118,
1008368.631,,57.693,54.248,
1008468.629,,58.288,54.153,
1008568.627,,57.706,53.726,
1008668.625,,57.532,53.522,
1008768.617,,57.627,53.505,
1008868.616,,57.783,53.227,
1008968.619,,57.434,53.358,
1009068.613,,57.458,53.322,
1009168.613,,57.497,53.463,
1009268.612,,57.727,54.082,
1009368.606,,57.878,54.673,
1009468.605,,57.921,55.073,
1009568.601,,57.913,54.520,
1009668.600,,57.834,54.576,
1009768.601,,58.220,54.167,
1009868.594,,58.225,54.159,
1009968.592,,58.259,54.203,
1010068.593,,58.289,53.928,
1010168.588,,58.074,54.480,
1010268.585,,58.739,54.074,
1010368.583,,58.099,53.158,
1010468.587,,58.276,53.701,
1010568.583,,58.545,53.620,
1010668.578,,57.943,53.762,
1010768.577,,58.377,54.826,
1010868.575,,58.412,55.193,
1010968.571,,57.743,54.146,
1011068.569,,57.715,54.203,
1011168.566,,57.548,54.918,
1011268.566,,57.653,54.639,
1011368.562,,57.637,54.871,
1011468.561,,58.182,55.064,
1011568.558,,57.815,54.560,
1011668.559,,57.817,54.173,
1011768.556,,57.938,53.946,
1011868.552,,57.999,53.620,
1011968.554,,58.297,54.026,
1012068.546,,58.561,54.419,
1012168.550,,58.576,53.954,
1012268.542,,58.576,54.179,
1012368.542,,58.730,54.040,
1012468.538,,58.509,53.099,
1012568.539,,58.036,52.613,
1012668.539,,57.712,52.696,
1012768.533,,57.688,52.786,
1012868.534,,57.689,52.712,
1012968.532,,57.726,53.224,
1013068.525,,57.807,53.477,
1013168.529,,57.838,53.212,
1013268.524,,57.175,52.424,
1013368.520,,57.156,52.884,
1013468.516,,57.473,53.520,
1013568.520,,57.333,54.131,
1013668.515,,58.325,54.582,
1013768.514,,58.202,54.854,
1013868.508,,58.278,55.015,
1013968.506,,58.237,55.079,
1014068.508,,58.370,55.455,
1014168.507,,59.018,56.287,
1014268.501,,58.011,55.312,
1014368.498,,58.215,54.675,
1014468.499,,58.150,54.637,
1014568.493,,57.973,54.501,
1014668.496,,57.574,55.128,
1014768.493,,57.832,55.237,
1014868.485,,58.063,55.372,
1014968.489,,58.305,55.123,
1015068.482,,58.178,55.036,
1015168.480,,58.475,54.689,
1015268.477,,58.427,55.534,
1015368.477,,58.386,55.055,
1015468.475,,58.304,54.622,
1015568.474,,57.651,54.423,
1015668.469,,57.509,54.931,
1015768.471,,57.799,56.347,
1015868.466,,57.998,56.366,
1015968.464,,58.207,55.949,
1016068.464,,58.299,55.656,
1016168.456,,58.430,55.157,
1016268.453,,58.138,54.053,
1016368.452,,58.002,54.067,
1016468.448,,58.080,53.971,
1016568.440,,58.156,54.324,
1016668.440,,58.050,54.215,
1016768.435,,57.756,54.381,
1016868.430,,57.899,54.102,
1016968.432,,58.167,55.048,
1017068.424,,57.749,55.036,
1017168.424,,57.698,54.862,
1017268.417,,57.424,54.984,
1017368.416,,57.808,54.516,
1017468.410,,57.583,54.543,
1017568.405,,57.988,54.895,
1017668.404,,58.142,56.116,
1017768.404,,58.228,56.526,
1017868.399,,58.557,56.581,
1017968.397,,58.588,56.045,
1018068.388,,58.118,55.519,
1018168.384,,58.456,56.449,
1018268.387,,58.539,56.128,
1018368.382,,58.297,56.015,
1018468.376,,58.241,56.348,
1018568.376,,58.203,55.766,
1018668.368,,58.295,55.919,
1018768.369,,58.122,55.160,
1018868.363,,57.897,55.507,
1018968.360,,57.720,55.833,
1019068.359,,57.763,55.234,
1019168.351,,57.790,55.940,
1019268.346,,57.798,55.100,
1019368.345,,57.593,54.656,
1019468.342,,57.726,54.835,
1019568.339,,58.164,55.316,
1019668.335,,58.460,56.332,
1019768.331,,58.854,57.504,
1019868.331,,58.551,56.724,
1019968.325,,58.295,56.847,
1020068.324,,58.700,57.094,
1020168.315,,58.770,57.116,
1020268.311,,58.506,57.061,
1020368.312,,58.605,57.580,
1020468.307,,58.409,56.917,
1020568.304,,58.456,56.764,
1020668.297,,58.281,56.275,
1020768.299,,58.183,56.362,
1020868.294,,58.228,56.002,
1020968.290,,58.174,55.671,
1021068.289,,57.829,55.844,
1021168.285,,57.988,56.147,
1021268.279,,58.172,57.645,
1021368.278,,58.370,58.613,
1021468.273,,58.374,58.775,
1021568.272,,58.263,59.228,
1021668.262,,58.619,59.810,
1021768.261,Input1*2*0,58.620,59.640,
1021868.260,Input1*2*1,58.520,60.313,
1021968.257,,58.471,61.196,
1022068.251,,58.567,63.334,
1022168.251,,58.425,64.344,
1022268.243,,57.882,63.682,
1022368.239,,58.100,63.271,
1022468.239,,57.965,62.458,
1022568.235,,58.029,61.344,
1022668.228,,58.293,60.965,
1022768.229,,58.715,60.891,
1022868.224,,58.690,60.743,
1022968.217,,58.486,59.591,
1023068.220,,58.187,58.787,
1023168.210,,58.065,58.523,
1023268.213,,58.118,58.221,
1023368.206,,57.987,57.794,
1023468.201,,58.130,57.562,
1023568.197,,58.187,57.361,
1023668.198,,58.113,57.564,
1023768.192,,58.127,57.640,
1023868.186,,58.227,58.263,
1023968.188,,58.135,58.372,
1024068.180,,57.887,58.402,
1024168.179,,58.038,57.569,
1024268.173,,58.059,56.673,
1024368.173,,57.952,56.324,
1024468.169,,57.704,55.870,
1024568.162,,57.818,56.190,
1024668.158,,57.818,56.143,
1024768.154,,58.279,57.446,
1024868.149,,57.692,57.208,
1024968.148,,57.552,57.247,
1025068.146,,57.862,57.069,
1025168.144,,57.940,56.366,
1025268.140,,57.922,56.259,
1025368.133,,57.882,56.072,
1025468.126,,57.750,56.146,
1025568.128,,58.013,56.634,
1025668.119,,58.519,57.340,
1025768.119,,58.875,57.251,
1025868.113,,58.571,56.760,
1025968.113,,58.453,56.532,
1026068.104,,58.489,56.229,
1026168.104,,57.623,55.401,
1026268.099,,57.418,54.646,
1026368.095,,57.337,54.716,
1026468.095,,57.934,54.532,
1026568.086,,57.727,53.512,
1026668.087,,57.970,54.244,
1026768.080,,58.227,54.671,
1026868.080,,58.125,54.777,
1026968.075,,58.048,54.414,
1027068.067,,57.868,55.038,
1027168.069,,57.798,55.233,
1027268.063,,58.177,55.774,
1027368.057,,57.949,56.204,
1027468.055,,58.249,57.010,
1027568.054,,57.766,57.105,
1027668.046,,58.019,58.270,
1027768.045,,58.280,58.189,
1027868.039,,58.116,57.121,
1027968.039,,58.442,56.642,
1028068.034,,58.092,56.065,
1028168.028,,58.785,55.900,
1028268.026,,58.515,55.074,
1028368.021,,58.075,54.171,
1028468.017,,57.712,53.358,
1028568.017,,57.804,52.968,
1028668.009,,58.362,54.464,
1028768.010,,58.388,54.075,
1028868.001,,58.443,54.727,
1028968.001,,58.515,54.406,
1029067.994,,58.659,55.422,
1029167.992,,58.916,55.841,
1029267.991,,58.858,54.803,
1029367.983,,58.916,56.279,
1029467.980,,59.192,55.693,
1029567.977,,58.843,55.987,
1029667.976,,59.085,54.900,
1029767.969,,58.797,55.014,
1029867.965,,59.045,55.414,
1029967.961,,58.532,55.873,
1030067.956,,58.668,56.153,
1030167.958,,58.526,56.378,
1030267.949,,58.036,55.771,
1030367.951,,57.912,55.970,
1030467.941,,57.731,55.839,
1030567.940,,57.816,55.857,
1030667.934,,58.088,56.038,
1030767.934,,58.257,55.205,
1030867.926,,57.447,55.041,
1030967.925,,57.440,54.920,
1031067.922,,58.407,55.714,
1031167.919,,58.652,55.028,
1031267.914,,58.302,54.301,
1031367.909,,57.795,55.374,
1031467.908,,58.360,56.305,
1031567.906,,58.645,55.813,
1031667.903,,58.352,55.744,
1031767.899,,58.426,55.392,
1031867.891,,58.125,54.373,
1031967.890,,57.713,54.759,
1032067.885,,58.540,56.545,
1032167.884,,59.250,56.832,
1032267.877,,58.416,57.456,
1032367.873,,58.026,56.753,
1032467.871,,58.089,56.588,
1032567.871,,58.114,56.201,
1032667.864,,58.119,55.431,
1032767.860,,57.857,54.780,
1032867.859,,57.629,54.851,
1032967.853,,57.677,54.792,
1033067.855,,58.010,54.928,
1033167.852,,58.000,55.415,
1033267.847,,57.651,55.106,
1033367.841,,57.582,54.594,
1033467.837,,57.793,54.538,
1033567.837,,57.712,53.874,
1033667.834,,57.677,53.438,
1033767.830,,57.977,54.183,
1033867.827,,58.068,53.688,
1033967.824,,57.670,53.417,
1034067.818,,58.040,53.568,
1034167.818,,57.801,53.594,
1034267.816,,57.852,53.019,
1034367.810,,57.383,52.372,
1034467.804,,57.129,51.574,
1034567.801,,57.112,52.328,
1034667.797,,57.265,52.148,
1034767.793,,57.217,52.439,
1034867.796,,57.458,52.712,
1034967.792,,57.615,53.240,
1035067.785,,57.848,53.552,
1035167.786,,57.822,53.697,
1035267.779,,58.198,53.730,
1035367.775,,57.610,54.141,
1035467.774,,58.140,55.185,
1035567.772,,58.776,56.262,
1035667.766,,58.591,56.333,
1035767.765,,58.551,57.957,
1035867.758,,58.727,58.086,
1035967.759,,59.066,57.201,
1036067.757,,58.716,56.402,
1036167.748,,58.378,56.585,
1036267.749,,58.473,56.351,
1036367.743,,58.387,56.003,
1036467.741,,58.457,56.245,
1036567.739,,58.373,56.665,
1036667.732,,58.359,57.240,
1036767.727,,58.091,57.694,
1036867.726,,58.021,57.398,
1036967.727,,58.665,57.745,
1037067.717,,58.380,57.014,
1037167.720,,58.800,56.723,
1037267.713,,58.588,56.668,
1037367.708,,58.348,56.115,
1037467.709,,57.879,54.494,
1037567.704,,57.826,55.475,
1037667.698,,58.088,54.413,
1037767.698,,57.704,54.238,
1037867.694,,57.470,54.408,
1037967.691,,57.347,54.057,
1038067.684,,57.251,53.219,
1038167.684,,57.026,53.717,
1038267.681,,57.607,53.897,
1038367.681,,57.766,55.155,
1038467.675,,57.917,54.915,
1038567.671,,57.513,55.529,
1038667.665,,57.764,56.055,
1038767.667,,57.724,56.015,
1038867.664,,57.405,55.358,
1038967.655,,57.297,54.807,
1039067.653,,57.910,55.056,
1039167.650,,58.108,55.580,
1039267.646,,58.058,56.459,
1039367.648,,58.618,57.255,
1039467.639,,58.475,56.814,
1039567.641,,58.464,57.717,
1039667.633,,58.387,57.844,
1039767.629,,58.106,57.074,
1039867.632,,57.678,55.177,
1039967.629,,57.543,54.866,
1040067.624,,57.119,54.850,
1040167.618,,57.218,55.014,
1040267.621,,57.533,55.329,
1040367.620,,57.798,54.859,
1040467.618,,57.383,55.381,
1040567.615,,57.580,54.779,
1040667.610,,57.902,55.201,
1040767.606,,58.000,55.481,
1040867.609,,57.873,54.976,
1040967.600,,57.834,54.872,
1041067.604,,57.998,54.584,
1041167.596,,57.679,54.649,
1041267.597,,57.690,53.669,
1041367.591,,57.499,53.912,
1041467.589,,57.107,53.829,
1041567.589,,57.362,54.836,
1041667.586,,57.697,55.474,
1041767.588,,57.928,55.131,
1041867.579,,58.155,55.965,
1041967.582,,58.199,55.276,
1042067.579,,58.234,54.894,
1042167.576,,58.191,55.044,
1042267.573,,58.103,55.662,
1042367.574,,57.980,55.481,
1042467.569,,58.101,55.326,
1042567.567,,58.281,56.272,
1042667.561,,58.514,56.892,
1042767.566,,58.324,56.091,
1042867.559,,58.049,55.205,
1042967.556,,57.534,54.792,
1043067.557,,57.865,55.216,
1043167.554,,58.262,55.001,
1043267.551,,57.938,54.214,
1043367.552,,57.652,55.585,
1043467.549,,58.234,55.990,
1043567.544,,58.432,55.691,
1043667.539,,58.435,55.841,
1043767.540,,58.268,55.337,
1043867.534,,58.012,55.452,
1043967.536,,58.242,55.082,
1044067.535,,58.335,54.843,
1044167.529,,57.964,54.865,
1044267.532,,57.831,54.870,
1044367.528,,57.696,55.502,
1044467.523,,57.881,55.601,
1044567.521,,57.840,55.347,
1044667.520,,57.561,54.998,
1044767.514,,57.735,55.056,
1044867.514,,57.702,55.388,
1044967.514,,57.520,54.997,
1045067.507,,57.763,55.074,
1045167.506,,58.113,55.444,
1045267.508,,58.252,55.121,
1045367.506,,57.937,55.139,
1045467.499,,58.108,55.566,
1045567.497,,58.243,55.591,
1045667.496,,58.048,55.557,
1045767.493,,57.639,54.684,
1045867.490,,57.709,53.998,
1045967.493,,57.299,53.526,
1046067.488,,56.928,54.514,
1046167.484,,56.953,53.676,
1046267.484,,56.337,53.538,
1046367.484,,56.915,54.608,
1046467.476,,57.246,54.367,
1046567.474,,57.097,53.845,
1046667.473,,56.819,53.105,
1046767.472,,57.352,53.689,
1046867.470,,57.525,53.721,
1046967.467,,57.694,53.942,
1047067.468,,57.975,54.308,
1047167.460,,58.063,54.131,
1047267.458,,57.898,53.965,
1047367.456,,58.011,53.620,
1047467.455,,57.837,53.214,
1047567.453,,57.226,53.007,
1047667.450,,56.997,52.552,
1047767.446,,56.775,52.155,
1047867.445,,57.035,52.923,
1047967.442,,57.231,53.518,
1048067.437,,57.861,54.238,
1048167.435,,57.913,54.600,
1048267.430,,57.937,53.921,
1048367.425,,57.695,53.849,
1048467.423,,57.794,53.647,
1048567.421,,57.740,53.356,
1048667.413,,57.890,53.228,
1048767.411,,58.060,53.045,
1048867.409,,58.267,53.530,
1048967.402,,58.257,52.781,
1049067.398,,57.930,52.417,
1049167.394,,57.850,52.636,
1049267.389,,57.692,52.663,
1049367.384,,57.653,52.849,
1049467.381,,57.981,53.801,
1049567.381,,57.939,53.809,
1049667.375,,57.631,53.587,
1049767.367,,57.555,53.863,
1049867.369,,57.584,54.897,
1049967.361,,57.581,55.099,
1050067.361,,57.546,56.026,
1050167.354,,57.779,55.774,
1050267.350,,57.876,55.421,
1050367.343,,57.628,55.017,
1050467.342,,58.074,54.755,
1050567.341,,58.058,55.087,
1050667.333,,58.416,55.185,
1050767.331,,57.760,54.812,
1050867.328,,57.098,53.928,
1050967.323,,57.465,55.362,
1051067.318,,58.501,55.198,
1051167.312,,58.241,55.246,
1051267.312,,58.225,55.092,
1051367.307,,57.716,54.682,
1051467.304,,57.936,55.650,
1051567.299,,58.091,55.489,
1051667.294,,58.336,55.385,
1051767.286,,57.497,55.204,
1051867.286,,57.653,55.648,
1051967.280,,57.320,55.594,
1052067.273,,57.578,56.511,
1052167.272,,57.703,56.514,
1052267.269,,57.877,55.930,
1052367.265,,57.883,55.518,
1052467.263,,57.932,55.386,
1052567.255,,58.323,55.277,
1052667.253,,58.163,55.308,
1052767.248,,57.598,55.237,
1052867.242,,57.667,55.829,
1052967.242,,57.953,56.611,
1053067.234,,57.967,56.575,
1053167.230,,58.120,56.675,
1053267.232,,58.219,56.851,
1053367.227,,58.440,56.769,
1053467.220,,58.258,56.792,
1053567.215,,57.950,55.926,
1053667.215,,57.890,55.711,
1053767.207,,58.060,55.721,
1053867.202,,57.863,55.889,
1053967.203,,57.631,55.392,
1054067.196,,57.876,55.602,
1054167.191,,58.178,55.157,
1054267.191,,57.562,54.839,
1054367.183,,57.744,54.823,
1054467.177,,58.103,55.838,
1054567.174,,58.157,55.621,
1054667.170,,58.008,54.814,
1054767.169,,58.288,55.319,
1054867.165,,58.207,54.875,
1054967.160,,57.975,54.453,
1055067.156,,58.248,54.267,
1055167.154,,57.963,54.444,
1055267.147,,57.761,53.707,
1055367.141,,57.579,53.821,
1055467.140,,57.885,53.584,
1055567.134,,57.711,52.843,
1055667.133,,57.058,53.217,
1055767.125,,57.064,53.599,
1055867.120,,57.503,52.771,
1055967.121,,57.501,54.595,
1056067.119,,57.844,55.125,
1056167.118,,57.958,55.425,
1056267.113,,58.143,56.713,
1056367.109,,57.498,56.198,
1056467.107,,57.910,55.828,
1056567.102,,57.902,55.022,
1056667.098,,57.693,55.247,
1056767.099,,58.019,55.038,
1056867.093,,58.112,55.582,
1056967.093,,58.094,54.535,
1057067.087,,57.505,54.302,
1057167.086,,57.855,54.907,
1057267.086,,58.347,54.428,
1057367.079,,57.809,53.810,
1057467.078,,57.937,53.772,
1057567.074,,58.002,54.035,
1057667.077,,58.242,55.046,
1057767.074,,58.469,55.986,
1057867.071,,58.235,55.925,
1057967.065,,58.136,56.695,
1058067.061,,58.355,57.150,
1058167.063,,58.293,56.891,
1058267.059,,58.429,56.610,
1058367.052,,58.829,56.088,
1058467.051,,58.289,55.219,
1058567.046,,57.859,54.858,
1058667.047,,57.976,55.211,
1058767.044,,58.229,55.799,
1058867.040,,58.241,55.837,
1058967.040,,58.158,55.731,
1059067.033,,58.206,55.728,
1059167.036,,57.981,54.720,
1059267.029,,57.629,54.716,
1059367.030,,57.931,55.034,
1059467.026,,58.489,54.881,
1059567.023,,58.010,54.347,
1059667.020,,57.900,54.288,
1059767.014,,57.671,54.356,
1059867.017,,58.028,54.780,
1059967.013,,58.183,54.847,
1060067.007,,57.807,55.946,
1060167.006,,57.739,55.417,
1060267.002,,57.402,55.347,
1060366.999,,57.522,55.362,
1060466.997,,57.590,54.953,
1060566.997,,57.176,54.894,
1060666.990,,57.327,54.878,
1060766.988,,57.262,54.366,
1060866.990,,57.419,55.280,
1060966.988,,57.430,55.304,
1061066.985,,57.611,56.280,
1061166.980,,57.850,56.236,
1061266.979,,57.994,56.294,
1061366.972,,58.097,56.216,
1061466.970,,57.894,55.167,
1061566.966,,57.599,54.703,
1061666.966,,58.196,55.906,
1061766.962,,58.427,55.983,
1061866.959,,58.704,55.950,
1061966.958,,58.814,55.580,
1062066.957,,58.293,55.946,
1062166.948,,58.922,55.753,
1062266.948,,58.565,54.765,
1062366.947,,58.106,55.164,
1062466.946,,58.366,55.109,
1062566.939,,58.582,54.352,
1062666.939,,58.142,54.478,
1062766.932,,58.390,55.021,
1062866.931,,58.253,54.418,
1062966.929,,58.295,54.099,
1063066.928,,58.098,54.104,
1063166.921,,57.534,53.727,
1063266.919,,57.846,53.293,
1063366.922,,57.747,53.725,
1063466.914,,58.236,53.455,
1063566.916,,58.325,53.309,
1063666.908,,57.509,53.627,
1063766.906,,57.689,53.131,
1063866.905,,57.421,53.074,
1063966.900,,57.901,53.508,
1064066.900,,58.026,53.235,
1064166.891,,57.692,54.038,
1064266.890,,58.705,53.896,
1064366.884,,58.794,53.848,
1064466.879,,58.643,54.472,
1064566.875,,58.951,54.696,
1064666.875,,58.426,55.598,
1064766.870,,58.084,55.603,
1064866.865,,57.980,54.804,
1064966.862,,57.863,54.914,
1065066.856,,58.044,54.766,
1065166.853,,58.322,55.586,
1065266.852,,58.614,56.389,
1065366.847,,58.242,55.401,
1065466.841,,58.331,54.635,
1065566.836,,57.909,55.108,
1065666.831,,57.762,54.839,
1065766.828,,57.778,55.044,
1065866.824,,58.076,54.700,
1065966.823,,57.802,54.298,
1066066.814,,57.837,53.690,
1066166.810,,57.849,54.460,
1066266.812,,58.038,54.303,
1066366.807,,58.166,54.632,
1066466.799,,57.922,54.200,
1066566.798,,57.409,55.226,
1066666.792,,58.068,54.899,
1066766.790,,57.916,55.013,
1066866.784,,57.707,55.792,
1066966.784,,58.179,56.002,
1067066.775,,57.830,56.554,
1067166.776,,58.093,56.655,
1067266.769,,58.074,57.415,
1067366.766,,58.046,57.962,
1067466.762,,57.861,58.180,
1067566.755,,58.046,58.059,
1067666.753,,57.863,56.953,
1067766.747,,57.469,57.229,
1067866.743,,57.681,56.605,
1067966.741,,57.601,56.891,
1068066.737,,57.881,56.815,
1068166.733,,57.912,57.089,
1068266.731,,58.019,56.606,
1068366.727,,58.207,56.722,
1068466.719,,58.173,56.696,
1068566.716,,58.156,57.705,
1068666.714,,57.860,57.845,
1068766.706,,57.912,57.552,
1068866.704,,57.599,56.953,
1068966.701,,57.379,55.625,
1069066.694,,57.057,55.537,
1069166.693,,57.763,56.012,
1069266.688,,57.577,55.376,
1069366.684,,57.721,54.482,
1069466.679,,57.684,54.819,
1069566.673,,57.802,55.359,
1069666.669,,57.859,55.521,
1069766.667,,57.966,56.011,
1069866.662,,57.916,54.803,
1069966.657,,57.697,55.414,
1070066.657,,57.663,55.379,
1070166.649,,57.668,55.138,
1070266.650,,57.560,55.602,
1070366.644,,57.509,55.279,
1070466.636,,57.536,54.852,
1070566.635,,57.651,55.083,
1070666.634,,57.682,54.764,
1070766.630,,57.490,54.146,
1070866.622,,57.141,54.244,
1070966.619,,57.436,53.309,
1071066.618,,57.288,53.215,
1071166.612,,57.311,52.973,
1071266.609,,56.918,52.197,
1071366.605,,56.517,52.724,
1071466.596,,56.479,53.316,
1071566.598,,57.163,52.892,
1071666.590,,56.678,52.174,
1071766.589,,56.679,52.474,
1071866.580,,56.647,52.135,
1071966.582,,56.805,52.563,
1072066.580,,57.210,53.633,
1072166.574,,57.512,53.656,
1072266.570,,57.499,53.787,
1072366.573,,57.650,54.058,
1072466.569,,57.647,54.619,
1072566.567,,57.675,55.887,
1072666.563,,57.824,56.091,
1072766.557,,57.864,55.493,
1072866.557,,57.838,56.313,
1072966.551,,57.569,57.027,
1073066.550,,57.666,57.702,
1073166.545,,57.635,58.641,
1073266.546,,57.667,59.225,
1073366.541,,57.770,60.019,
1073466.538,,58.350,60.462,
1073566.535,,58.213,59.548,
1073666.535,,58.108,58.805,
1073766.533,,57.793,57.842,
1073866.526,,57.488,56.924,
1073966.529,,57.097,56.428,
1074066.524,,57.243,55.850,
1074166.523,,57.430,55.876,
1074266.517,,57.480,56.120,
1074366.518,,57.681,56.506,
1074466.512,,57.574,56.664,
1074566.513,,57.727,56.730,
1074666.511,,57.923,56.203,
1074766.502,,57.643,55.326,
1074866.505,,57.594,55.751,
1074966.498,,57.918,56.078,
1075066.493,,58.061,56.282,
1075166.491,,58.193,56.090,
1075266.491,,58.100,56.035,
1075366.490,,57.824,55.498,
1075466.485,,57.647,54.715,
1075566.485,,57.411,54.063,
1075666.482,,57.503,53.866,
1075766.479,,57.527,53.871,
1075866.477,,57.410,54.222,
1075966.469,,57.726,54.544,
1076066.467,,58.324,55.040,
1076166.469,,58.176,55.114,
1076266.463,,58.541,55.115,
1076366.459,,58.343,55.010,
1076466.462,,58.153,55.497,
1076566.454,,58.756,55.163,
1076666.450,,57.892,54.965,
1076766.448,,58.170,54.347,
1076866.448,,58.287,55.243,
1076966.448,,58.264,55.048,
1077066.445,,58.400,54.875,
1077166.438,,58.516,55.353,
1077266.438,,58.599,55.736,
1077366.437,,58.446,55.520,
1077466.432,,58.143,54.653,
1077566.432,,57.787,54.473,
1077666.424,,57.741,54.784,
1077766.424,,57.980,55.415,
1077866.423,,57.980,54.987,
1077966.415,,57.888,54.190,
1078066.419,,57.926,54.340,
1078166.414,,57.513,53.913,
1078266.412,,57.741,53.960,
1078366.409,,57.966,53.610,
1078466.403,,57.622,53.415,
1078566.405,,57.745,53.783,
1078666.398,,58.052,54.182,
1078766.394,,57.768,54.372,
1078866.394,,57.594,54.206,
1078966.388,,57.599,54.121,
1079066.386,,57.649,53.995,
1079166.389,,57.470,54.611,
1079266.384,,57.405,55.538,
1079366.379,,57.595,55.196,
1079466.380,,57.549,55.085,
1079566.377,,57.457,54.790,
1079666.375,,57.634,55.008,
1079766.371,,57.688,55.466,
1079866.370,,57.828,55.789,
1079966.362,,58.043,56.882,
1080066.362,,58.436,57.060,
1080166.362,,58.508,56.590,
1080266.357,,58.061,55.280,
1080366.359,,57.762,54.512,
1080466.353,,57.460,54.889,
1080566.352,,57.618,54.255,
1080666.352,,57.324,53.860,
1080766.352,,57.595,53.456,
1080866.349,,57.531,53.671,
1080966.345,,57.812,53.562,
1081066.345,,57.627,52.928,
1081166.345,,57.624,52.394,
1081266.346,,57.670,52.858,
1081366.341,,57.950,52.727,
1081466.340,,57.933,52.844,
1081566.335,,57.962,53.127,
1081666.335,,57.574,52.254,
1081766.336,,57.385,52.201,
1081866.336,,57.253,52.303,
1081966.332,,57.284,52.465,
1082066.327,,57.098,52.101,
1082166.328,,57.247,52.704,
1082266.323,,57.334,52.057,
1082366.324,,57.461,52.579,
1082466.325,,57.791,53.266,
1082566.319,,57.797,54.068,
1082666.319,,57.780,55.062,
1082766.315,,57.612,55.249,
1082866.315,,57.839,55.046,
1082966.313,,57.749,54.943,
1083066.310,,57.683,55.072,
1083166.309,,57.425,55.061,
1083266.313,,57.633,54.491,
1083366.306,,57.647,53.951,
1083466.307,,57.884,53.846,
1083566.303,,58.380,54.758,
1083666.302,,58.594,54.818,
1083766.299,,58.806,54.993,
1083866.296,,58.420,54.981,
1083966.301,,57.868,54.117,
1084066.293,,58.320,54.549,
1084166.294,,58.514,54.296,
1084266.295,,58.304,54.592,
1084366.288,,58.255,54.008,
1084466.291,,58.098,53.867,
1084566.285,,58.052,53.526,
1084666.287,,58.246,54.040,
1084766.285,,58.303,54.549,
1084866.281,,57.941,54.156,
1084966.280,,57.778,54.769,
1085066.282,,57.952,55.612,
1085166.275,,58.904,54.766,
1085266.274,,58.436,54.140,
1085366.272,,58.149,53.685,
1085466.274,,57.950,53.011,
1085566.271,,57.900,52.845,
1085666.272,,58.126,53.323,
1085766.266,,58.153,54.237,
1085866.267,,58.292,55.296,
1085966.262,,58.295,54.887,
1086066.263,,58.044,54.365,
1086166.258,,58.393,54.277,
1086266.262,,58.203,53.507,
1086366.255,,57.527,52.524,
1086466.258,,57.089,52.271,
1086566.254,,57.028,52.724,
1086666.256,,57.175,52.667,
1086766.254,,57.297,53.089,
1086866.254,,57.551,54.016,
1086966.246,,57.606,54.531,
1087066.250,,57.633,54.425,
1087166.244,,57.819,54.381,
1087266.245,,57.616,53.902,
1087366.244,,57.608,53.442,
1087466.240,,57.504,53.481,
1087566.237,,57.444,53.677,
1087666.235,,57.797,53.584,
1087766.233,,57.881,54.370,
1087866.234,,57.968,54.355,
1087966.228,,57.923,54.695,
1088066.226,,57.690,54.034,
1088166.224,,57.605,53.467,
1088266.219,,57.763,53.574,
1088366.210,,58.045,54.036,
1088466.208,,57.918,54.315,
1088566.207,,57.771,54.239,
1088666.203,,57.715,53.749,
1088766.196,,57.810,53.794,
1088866.192,,57.693,53.982,
1088966.189,,57.612,53.887,
1089066.188,,57.650,53.840,
1089166.182,,57.788,53.909,
1089266.177,,57.640,54.751,
1089366.175,,57.784,55.924,
1089466.170,,58.129,55.436,
1089566.164,,57.544,54.854,
1089666.162,,57.594,54.648,
1089766.158,,57.570,54.608,
1089866.152,,58.032,55.144,
1089966.150,,57.948,55.523,
1090066.143,,57.897,56.545,
1090166.141,,58.284,56.597,
1090266.137,,58.065,56.588,
1090366.131,,57.910,56.609,
1090466.130,,57.764,56.249,
1090566.125,,57.661,56.954,
1090666.120,,57.760,56.451,
1090766.120,,57.464,56.524,
1090866.113,,57.694,56.391,
1090966.111,,57.933,56.069,
1091066.108,,57.816,55.362,
1091166.102,,57.622,54.654,
1091266.099,,57.372,54.305,
1091366.096,,57.528,53.877,
1091466.093,,57.563,53.858,
1091566.088,,57.796,53.792,
1091666.083,,57.218,54.062,
1091766.079,,56.751,53.964,
1091866.074,,56.976,54.596,
1091966.070,,57.137,54.708,
1092066.065,,57.177,54.962,
1092166.065,,57.601,54.197,
1092266.059,,57.548,54.092,
1092366.055,,57.510,53.955,
1092466.053,,57.857,54.225,
1092566.051,,57.613,54.118,
1092666.046,,57.455,54.711,
1092766.037,,57.716,54.499,
1092866.037,,57.921,54.535,
1092966.034,,57.940,53.948,
1093066.025,,57.643,53.348,
1093166.027,,57.741,54.699,
1093266.017,,57.992,55.094,
1093366.016,,57.346,54.501,
1093466.014,,57.573,54.666,
1093566.006,,57.915,55.385,
1093666.007,,57.957,55.355,
1093766.002,,57.405,54.929,
1093865.993,,57.719,54.877,
1093965.994,,57.775,54.301,
1094065.991,,57.892,53.759,
1094165.983,,57.271,53.623,
1094265.978,,57.103,53.116,
1094365.979,,57.065,53.282,
1094465.970,,57.239,53.863,
1094565.970,,57.260,53.426,
1094665.968,,57.169,53.965,
1094765.960,,56.795,53.340,
1094865.958,,56.836,52.997,
1094965.954,,56.842,52.881,
1095065.948,,56.628,51.765,
1095165.944,,56.655,52.997,
1095265.942,,57.238,53.229,
1095365.939,,57.338,54.085,
1095465.935,,57.807,54.464,
1095565.929,,57.433,54.741,
1095665.927,,57.280,54.975,
1095765.922,,57.268,55.303,
1095865.917,,57.395,54.744,
1095965.917,,57.245,54.236,
1096065.909,,57.340,53.938,
1096165.910,,57.270,53.622,
1096265.901,,57.218,53.329,
1096365.899,,57.128,53.482,
1096465.900,,57.328,54.468,
1096565.892,,57.576,54.862,
1096665.891,,57.696,55.666,
1096765.887,,57.799,55.784,
1096865.883,,57.853,56.817,
1096965.885,,58.316,57.797,
1097065.877,,58.064,57.138,
1097165.876,,58.052,57.107,
1097265.874,,58.069,56.246,
1097365.868,,57.640,55.577,
1097465.867,,57.972,55.633,
1097565.861,,57.929,55.280,
1097665.859,,57.587,55.262,
1097765.859,,57.615,55.328,
1097865.854,,57.781,54.705,
1097965.853,,57.639,54.727,
1098065.849,,57.645,54.461,
1098165.842,,57.056,53.784,
1098265.842,,57.407,54.738,
1098365.837,,57.635,54.244,
1098465.833,,57.496,53.399,
1098565.831,,57.060,53.786,
1098665.827,,57.789,52.627,
1098765.825,,57.644,52.785,
1098865.821,,57.635,52.966,
1098965.820,,57.707,53.577,
1099065.816,,57.836,53.725,
1099165.814,,57.850,53.449,
1099265.809,,58.023,53.110,
1099365.804,,58.007,53.482,
1099465.807,,58.102,52.732,
1099565.798,,57.422,52.179,
1099665.801,,57.020,51.259,
1099765.796,,56.943,52.452,
1099865.790,,57.518,51.897,
1099965.789,,57.164,51.773,
1100065.782,,57.318,53.169,
1100165.784,,58.203,54.018,
1100265.779,,57.574,53.706,
1100365.775,,57.247,52.890,
1100465.773,,57.239,52.674,
1100565.767,,57.079,52.592,
1100665.764,,57.489,52.922,
1100765.763,,57.489,52.784,
1100865.758,,57.636,52.791,
1100965.759,,57.650,52.781,
1101065.755,,57.345,53.519,
1101165.752,,57.711,52.826,
1101265.748,,57.480,54.067,
1101365.747,,57.822,54.836,
1101465.744,,57.794,54.721,
1101565.742,,57.842,54.280,
1101665.733,,57.628,53.863,
1101765.733,,57.070,53.449,
1101865.727,,56.996,53.621,
1101965.726,,57.332,54.070,
1102065.719,,57.650,54.686,
1102165.722,,57.890,55.341,
1102265.716,,57.960,55.767,
1102365.715,,58.120,55.685,
1102465.709,,58.086,55.709,
1102565.704,,58.259,56.090,
1102665.707,,58.140,55.478,
1102765.700,,57.824,54.905,
1102865.697,,58.039,54.904,
1102965.691,,57.847,54.982,
1103065.688,,57.870,54.880,
1103165.691,,57.981,55.107,
1103265.685,,57.953,55.076,
1103365.682,,57.669,54.156,
1103465.678,,57.701,54.258,
1103565.672,,57.632,54.178,
1103665.670,,57.621,55.279,
1103765.668,,57.795,55.546,
1103865.663,,57.817,54.916,
1103965.662,,57.669,54.478,
1104065.660,,57.630,54.408,
1104165.655,,57.217,54.168,
1104265.657,,57.313,53.822,
1104365.655,,57.042,53.962,
1104465.654,,57.110,53.922,
1104565.651,,57.274,54.616,
1104665.649,,57.358,55.337,
1104765.647,,57.362,55.864,
1104865.644,,57.318,55.782,
1104965.640,,57.560,55.952,
1105065.638,,57.532,55.910,
1105165.635,,57.452,56.167,
1105265.634,,57.819,56.017,
1105365.634,,57.801,55.584,
1105465.626,,57.683,55.514,
1105565.625,,57.778,55.586,
1105665.626,,57.822,55.752,
1105765.619,,57.828,56.630,
1105865.617,,57.650,57.646,
1105965.618,,57.742,57.493,
1106065.615,,57.921,57.772,
1106165.616,,57.454,57.409,
1106265.611,,57.582,57.064,
1106365.610,,57.813,56.257,
1106465.605,,57.569,55.155,
1106565.604,,57.555,54.760,
1106665.600,,57.441,54.347,
1106765.596,,57.715,54.658,
1106865.598,,57.482,54.182,
1106965.595,,57.456,53.942,
1107065.591,,57.476,54.551,
1107165.590,,57.263,54.962,
1107265.591,,57.413,55.471,
1107365.583,,57.530,56.141,
1107465.584,,57.534,55.981,
1107565.584,,57.806,55.672,
1107665.579,,58.460,55.550,
1107765.579,,58.389,55.027,
1107865.574,,58.151,54.539,
1107965.572,,58.105,54.401,
1108065.570,,57.740,54.423,
1108165.568,,57.934,54.775,
1108265.561,,57.783,54.551,
1108365.561,,57.712,54.113,
1108465.563,,57.561,53.559,
1108565.558,,57.767,54.113,
1108665.556,,57.587,54.086,
1108765.556,,57.512,54.107,
1108865.549,,57.567,54.340,
1108965.549,,57.624,54.228,
1109065.546,,57.785,54.370,
1109165.541,,57.950,53.777,
1109265.538,,57.840,53.977,
1109365.539,,57.951,55.943,
1109465.534,,58.180,57.612,
1109565.533,,58.554,58.011,
1109665.532,,58.290,58.292,
1109765.529,,58.401,57.805,
1109865.526,,58.278,56.695,
1109965.523,,57.828,56.753,
1110065.525,,58.086,56.474,
1110165.518,,58.164,56.144,
1110265.519,,58.254,55.232,
1110365.513,,57.910,55.019,
1110465.516,,57.850,54.517,
1110565.510,,57.369,55.489,
1110665.508,,58.009,55.741,
1110765.504,,58.251,55.612,
1110865.506,,58.307,56.030,
1110965.503,,58.373,56.203,
1111065.497,,58.438,55.913,
1111165.496,,58.292,55.400,
1111265.495,,58.156,56.822,
1111365.496,,58.556,57.959,
1111465.491,,58.838,58.208,
1111565.492,,58.285,57.359,
1111665.486,,58.199,57.920,
1111765.486,,57.911,57.386,
1111865.478,,57.775,56.293,
1111965.477,,57.602,55.322,
1112065.473,,57.371,55.349,
1112165.467,,57.576,56.074,
1112265.462,,57.775,55.825,
1112365.458,,57.884,55.849,
1112465.454,,57.825,55.458,
1112565.451,,57.736,55.426,
1112665.452,,57.741,55.737,
1112765.442,,57.981,54.958,
1112865.440,,58.444,56.036,
1112965.435,,57.808,56.612,
1113065.436,,58.097,56.741,
1113165.426,,58.242,56.840,
1113265.426,,58.663,57.462,
1113365.424,,58.580,58.006,
1113465.416,,58.355,57.273,
1113565.410,,58.095,56.444,
1113665.406,,58.076,56.538,
1113765.405,,58.267,56.846,
1113865.401,,58.438,56.519,
1113965.396,,58.342,56.225,
1114065.389,,57.963,55.709,
1114165.388,,58.414,55.926,
1114265.383,,58.159,56.452,
1114365.378,,57.914,56.560,
1114465.378,,57.999,55.877,
1114565.370,,57.826,56.351,
1114665.371,,57.581,56.348,
1114765.361,,57.394,55.663,
1114865.359,,58.136,56.155,
1114965.359,,57.816,56.063,
1115065.355,,57.659,56.019,
1115165.349,,57.713,55.433,
1115265.346,,57.889,55.236,
1115365.341,,57.845,55.268,
1115465.337,,58.107,55.556,
1115565.334,,58.063,55.519,
1115665.325,,58.139,56.592,
1115765.320,,57.885,56.017,
1115865.322,,58.143,54.842,
1115965.313,,57.416,54.139,
1116065.311,,57.546,54.043,
1116165.306,,57.635,53.847,
1116265.305,,58.074,54.543,
1116365.296,,58.120,54.615,
1116465.296,,58.061,54.565,
1116565.293,,58.178,55.123,
1116665.287,,58.182,55.175,
1116765.279,,57.983,54.865,
1116865.276,,57.999,54.622,
1116965.272,,57.809,53.663,
1117065.273,,57.545,53.363,
1117165.267,,57.531,53.630,
1117265.263,,57.792,54.465,
1117365.258,,57.995,55.033,
1117465.253,,58.231,54.652,
1117565.251,,58.122,55.456,
1117665.244,,58.373,56.378,
1117765.243,,58.167,55.489,
1117865.236,,58.319,55.325,
1117965.234,,58.026,54.044,
1118065.227,,57.609,53.895,
1118165.228,,57.480,53.970,
1118265.223,,57.705,54.522,
1118365.220,,58.133,54.443,
1118465.213,,58.322,53.838,
1118565.211,,57.571,52.932,
1118665.206,,57.389,52.425,
1118765.202,,56.448,52.446,
1118865.199,,56.691,52.929,
1118965.193,,57.666,53.492,
1119065.185,,58.284,53.454,
1119165.183,,57.952,54.232,
1119265.178,,58.002,54.228,
1119365.176,,57.915,54.377,
1119465.174,,58.045,54.156,
1119565.165,,58.376,55.187,
1119665.160,,58.310,54.451,
1119765.163,,57.847,53.917,
1119865.158,,57.620,53.529,
1119965.155,,57.489,53.570,
1120065.154,,57.663,53.459,
1120165.151,,57.819,53.661,
1120265.147,,58.005,54.622,
1120365.149,,57.858,54.794,
1120465.144,,58.147,54.633,
1120565.143,,58.436,54.539,
1120665.143,,58.619,54.871,
1120765.144,,58.504,55.305,
1120865.139,,58.505,55.282,
1120965.137,,57.962,53.742,
1121065.140,,57.611,53.598,
1121165.135,,57.590,53.148,
1121265.131,,57.606,53.265,
1121365.131,,58.092,53.824,
1121465.131,,58.068,54.149,
1121565.131,,57.809,54.864,
1121665.131,,58.278,55.221,
1121765.128,,58.584,55.349,
1121865.125,,58.203,55.222,
1121965.121,,58.253,54.979,
1122065.120,,58.061,55.057,
1122165.122,,58.219,55.207,
1122265.118,,57.993,55.244,
1122365.121,,57.692,55.147,
1122465.113,,57.811,55.205,
1122565.117,,57.823,55.252,
1122665.113,,57.775,55.105,
1122765.111,,57.787,55.793,
1122865.111,,57.982,54.960,
1122965.106,,57.698,54.729,
1123065.108,,57.829,54.677,
1123165.105,,58.745,55.500,
1123265.101,,58.640,55.983,
1123365.103,,58.406,57.648,
1123465.102,,58.337,57.646,
1123565.098,,57.999,56.472,
1123665.095,,58.132,56.138,
1123765.096,,58.157,55.389,
1123865.096,,58.033,55.017,
1123965.094,,57.936,55.104,
1124065.091,,57.570,55.501,
1124165.089,,57.637,55.116,
1124265.086,,57.392,54.369,
1124365.087,,57.511,54.040,
1124465.084,,57.415,53.987,
1124565.087,,58.042,54.055,
1124665.085,,57.729,54.368,
1124765.081,,57.916,55.033,
1124865.082,,58.149,55.260,
1124965.075,,58.072,54.955,
1125065.077,,57.735,54.631,
1125165.076,,57.671,54.171,
1125265.074,,57.922,54.366,
1125365.075,,57.984,54.476,
1125465.069,,58.013,53.947,
1125565.070,,57.814,54.182,
1125665.067,,57.375,54.215,
1125765.068,,57.783,54.559,
1125865.064,,57.586,53.795,
1125965.065,,57.386,54.354,
1126065.061,,57.854,54.603,
1126165.063,,57.731,54.014,
1126265.055,,57.892,54.194,
1126365.059,,58.424,54.048,
1126465.058,,58.445,54.530,
1126565.056,,58.183,53.622,
1126665.054,,57.683,53.499,
1126765.053,,57.855,53.239,
1126865.051,,57.686,53.186,
1126965.051,,57.802,53.183,
1127065.043,,57.693,52.562,
1127165.046,,57.300,52.850,
1127265.047,,57.766,53.488,
1127365.043,,57.776,53.503,
1127465.040,,57.696,54.229,
1127565.040,,58.033,54.733,
1127665.039,,57.823,54.519,
1127765.036,,57.843,55.232,
1127865.032,,58.251,55.830,
1127965.029,,57.682,55.423,
1128065.028,,57.591,55.902,
1128165.025,,58.189,56.289,
1128265.022,,58.068,56.107,
1128365.018,,57.591,55.914,
1128465.013,,57.513,55.343,
1128565.010,,57.637,55.555,
1128665.004,,57.864,56.142,
1128765.000,,58.071,55.958,
1128864.994,,58.571,55.673,
1128964.989,,58.481,54.900,
1129064.991,,58.124,54.203,
1129164.987,,57.512,54.095,
1129264.982,,57.432,53.836,
1129364.976,,57.364,53.907,
1129464.972,,57.419,54.454,
1129564.972,,57.867,54.665,
1129664.964,,57.598,54.651,
1129764.963,,57.529,55.135,
1129864.955,,57.592,55.039,
1129964.957,,57.619,55.701,
1130064.952,,57.672,57.669,
1130164.947,,57.806,58.416,
1130264.945,,58.173,58.446,
1130364.939,,58.096,57.664,
1130464.935,,58.476,57.308,
1130564.932,,57.970,56.166,
1130664.928,,58.075,55.845,
1130764.921,,58.067,54.939,
1130864.917,,57.562,54.031,
1130964.916,,57.644,53.901,
1131064.914,,57.734,54.221,
1131164.906,,57.792,54.405,
1131264.904,,57.781,53.867,
1131364.900,,57.924,53.982,
1131464.897,,57.988,54.083,
1131564.894,,57.805,54.330,
1131664.886,,57.569,53.952,
1131764.882,,57.584,53.972,
1131864.882,,57.517,54.224,
1131964.875,,57.760,53.577,
1132064.872,,56.581,52.264,
1132164.870,,55.980,51.116,
1132264.863,,55.876,52.713,
1132364.864,,57.816,53.587,
1132464.857,,57.988,53.329,
1132564.854,,57.281,52.931,
1132664.850,,56.785,52.592,
1132764.844,,56.913,52.635,
1132864.840,,57.328,53.079,
1132964.843,,57.256,53.271,
1133064.838,,57.508,54.471,
1133164.832,,58.129,53.769,
1133264.831,,58.188,53.601,
1133364.826,,57.913,53.575,
1133464.819,,57.717,53.612,
1133564.818,,57.596,53.062,
1133664.812,,57.482,52.775,
1133764.809,,57.402,52.619,
1133864.808,,57.372,52.648,
1133964.798,,57.431,53.001,
1134064.800,,57.418,53.324,
1134164.792,,57.662,52.754,
1134264.787,,57.228,52.708,
1134364.785,,57.582,52.763,
1134464.779,,57.346,52.392,
1134564.776,,57.309,53.180,
1134664.772,,57.746,54.535,
1134764.770,,57.574,54.962,
1134864.764,,57.474,54.747,
1134964.765,,57.171,53.965,
1135064.756,,57.082,54.245,
1135164.752,,57.268,54.167,
1135264.749,,57.109,54.063,
1135364.748,,57.305,54.815,
1135464.744,,57.665,55.149,
1135564.741,,57.892,55.543,
1135664.740,,58.115,55.639,
1135764.734,,58.347,55.328,
1135864.729,,58.282,54.778,
1135964.726,,58.061,54.224,
1136064.720,,58.171,54.005,
1136164.722,,57.892,53.652,
1136264.717,,57.951,53.523,
1136364.711,,58.039,53.875,
1136464.714,,58.201,54.340,
1136564.708,,58.166,54.396,
1136664.704,,57.939,53.933,
1136764.702,,57.311,53.804,
1136864.700,,57.238,53.369,
1136964.696,,57.169,53.426,
1137064.693,,58.057,54.054,
1137164.693,,57.829,54.063,
1137264.690,,57.785,54.189,
1137364.683,,57.848,54.278,
1137464.676,,57.535,54.011,
1137564.677,,57.171,54.169,
1137664.677,,57.147,53.743,
1137764.675,,57.180,53.243,
1137864.674,,57.229,53.754,
1137964.657,,57.443,53.627,
1138064.665,,57.595,53.466,
1138164.662,,57.564,54.549,
1138264.659,,57.719,54.824,
1138364.656,,57.813,54.447,
1138464.653,,57.932,54.121,
1138564.647,,57.625,54.059,
1138664.650,,57.644,53.779,
1138764.647,,57.906,53.409,
1138864.643,,57.995,53.238,
1138964.635,,57.746,53.443,
1139064.636,,57.794,53.331,
1139164.633,,57.489,53.388,
1139264.633,,57.516,54.455,
1139364.628,,57.522,54.784,
1139464.623,,56.737,54.831,
1139564.620,,57.336,55.320,
1139664.620,,57.626,54.498,
1139764.613,,57.052,53.305,
1139864.610,,57.120,52.866,
1139964.612,,57.061,52.512,
1140064.608,,56.612,53.071,
1140164.603,,57.095,54.461,
1140264.599,,57.497,55.058,
1140364.597,,57.120,54.598,
1140464.595,,57.002,54.973,
1140564.590,,57.050,55.330,
1140664.586,,56.923,54.612,
1140764.590,,56.748,54.696,
1140864.580,,55.965,53.317,
1140964.580,,55.173,53.064,
1141064.577,,54.984,53.152,
1141164.573,,54.455,52.765,
1141264.570,,55.851,51.894,
1141364.572,,54.809,52.673,
1141464.570,,54.493,53.625,
1141564.561,,54.317,53.219,
1141664.561,,55.353,51.347,
1141764.559,Input1*2*0,54.459,52.674,
1141864.554,Input1*2*1,54.526,51.267,
1141964.553,,54.906,52.324,
1142064.547,,56.060,53.672,
1142164.544,,56.533,56.390,
1142264.543,,57.618,59.053,
1142364.544,,57.695,57.804,
1142464.540,,57.529,57.079,
1142564.533,,57.449,56.110,
1142664.531,,57.450,55.338,
1142764.527,,57.478,54.857,
1142864.524,,57.665,53.726,
1142964.520,,55.999,53.406,
1143064.518,,56.390,52.571,
1143164.519,,56.092,52.266,
1143264.517,,56.979,53.365,
1143364.515,,57.059,53.682,
1143464.508,,57.299,53.647,
1143564.507,,57.105,53.254,
1143664.502,,56.814,52.998,
1143764.497,,56.307,53.849,
1143864.499,,57.546,53.912,
1143964.490,,57.981,53.945,
1144064.486,,58.073,54.479,
1144164.482,,57.994,53.664,
1144264.480,,57.595,53.788,
1144364.478,,57.904,54.506,
1144464.471,,57.891,54.256,
1144564.471,,57.581,54.051,
1144664.463,,57.211,54.397,
1144764.463,,57.773,55.047,
1144864.459,,57.964,55.127,
1144964.452,,57.066,53.875,
1145064.452,,56.658,53.530,
1145164.446,,56.746,53.812,
1145264.444,,57.173,54.685,
1145364.439,,57.526,54.584,
1145464.436,,57.477,54.262,
1145564.431,,57.474,54.361,
1145664.427,,57.269,54.072,
1145764.423,,56.997,54.022,
1145864.420,,57.247,53.035,
1145964.419,,57.367,53.368,
1146064.411,,57.362,53.853,
1146164.412,,57.463,53.829,
1146264.409,,57.474,53.727,
1146364.403,,57.505,53.884,
1146464.395,,57.641,54.201,
1146564.397,,57.777,54.289,
1146664.392,,58.106,54.702,
1146764.385,,58.100,54.727,
1146864.384,,58.300,54.345,
1146964.380,,57.959,54.388,
1147064.376,,57.913,54.261,
1147164.372,,57.736,53.845,
1147264.371,,57.458,52.749,
1147364.362,,57.147,51.810,
1147464.362,,56.870,51.848,
1147564.357,,57.316,51.700,
1147664.352,,56.586,51.088,
1147764.352,,56.500,51.549,
1147864.345,,57.013,52.086,
1147964.344,,57.119,51.720,
1148064.334,,57.344,52.232,
1148164.334,,57.766,52.943,
1148264.331,,57.820,53.085,
1148364.327,,57.834,52.932,
1148464.320,,57.603,52.961,
1148564.321,,57.631,52.974,
1148664.317,,57.478,53.110,
1148764.311,,57.532,53.420,
1148864.307,,57.726,53.370,
1148964.305,,57.707,53.099,
1149064.296,,57.577,52.828,
1149164.295,,57.508,52.033,
1149264.292,,57.108,52.193,
1149364.289,,57.087,52.030,
1149464.282,,56.934,51.877,
1149564.283,,57.113,51.983,
1149664.275,,56.987,52.395,
1149764.270,,57.472,52.979,
1149864.271,,57.444,53.251,
1149964.268,,57.196,54.243,
1150064.258,,57.534,54.484,
1150164.256,,56.641,53.679,
1150264.257,,55.899,53.733,
1150364.251,,55.885,54.291,
1150464.243,,55.979,54.661,
1150564.242,,56.038,55.035,
1150664.239,,56.335,55.877,
1150764.237,,56.656,57.115,
1150864.232,,56.646,57.498,
1150964.229,,57.088,58.550,
1151064.222,,57.578,59.611,
1151164.220,,57.627,59.110,
1151264.216,,57.775,58.598,
1151364.209,,57.862,58.341,
1151464.210,,57.970,57.273,
1151564.206,,57.323,56.093,
1151664.203,,57.568,55.726,
1151764.195,,57.099,55.480,
1151864.192,,56.769,54.753,
1151964.189,,56.813,54.384,
1152064.186,,56.594,54.611,
1152164.183,,56.730,54.461,
1152264.178,,56.998,54.427,
1152364.180,,57.252,54.518,
1152464.173,,57.352,55.316,
1152564.173,,57.479,55.698,
1152664.168,,57.362,54.923,
1152764.163,,56.916,55.861,
1152864.160,,57.194,56.361,
1152964.157,,56.765,55.762,
1153064.158,,56.006,55.790,
1153164.154,,56.488,54.826,
1153264.153,,56.392,54.381,
1153364.151,,56.166,54.630,
1153464.142,,56.773,55.746,
1153564.144,,56.913,55.431,
1153664.137,,56.890,55.702,
1153764.136,,56.468,55.609,
1153864.134,,56.000,54.589,
1153964.130,,55.763,53.615,
1154064.124,,55.697,53.372,
1154164.123,,55.552,54.273,
1154264.118,,55.535,54.139,
1154364.117,,55.175,53.773,
1154464.116,,55.199,54.085,
1154564.112,,55.471,54.719,
1154664.111,,55.666,54.658,
1154764.106,,56.573,57.573,
1154864.103,,58.002,60.334,
1154964.101,,58.283,59.588,
1155064.098,,57.494,58.722,
1155164.097,,57.157,57.372,
1155264.093,,56.939,56.816,
1155364.088,,56.498,56.941,
1155464.082,,57.094,56.669,
1155564.081,,56.757,57.203,
1155664.078,,57.335,57.085,
1155764.075,,57.363,57.713,
1155864.074,,57.808,57.764,
1155964.072,,57.763,58.475,
1156064.064,,58.050,57.331,
1156164.066,,57.117,56.626,
1156264.059,,57.221,56.684,
1156364.055,,57.490,57.139,
1156464.058,,57.034,56.723,
1156564.052,,56.668,56.058,
1156664.048,,56.515,56.314,
1156764.048,,56.827,57.273,
1156864.044,,57.238,56.256,
1156964.043,,56.703,55.100,
1157064.034,,56.691,54.594,
1157164.032,,56.968,54.901,
1157264.035,,56.444,54.723,
1157364.029,,56.865,55.865,
1157464.028,,56.574,54.914,
1157564.025,,56.281,54.360,
1157664.022,,55.762,54.683,
1157764.019,,56.900,55.226,
1157864.011,,56.950,54.537,
1157964.012,,56.906,54.572,
1158064.011,,56.952,54.557,
1158164.007,,57.331,55.826,
1158264.001,,56.756,54.576,
1158363.996,,56.947,54.224,
1158463.992,,56.101,54.140,
1158563.994,,55.934,55.513,
1158663.988,,57.040,55.508,
1158763.985,,56.383,54.605,
1158863.980,,55.974,54.367,
1158963.979,,57.540,55.122,
1159063.978,,57.825,54.842,
1159163.977,,57.705,54.053,
1159263.974,,57.701,54.431,
1159363.967,,57.686,54.145,
1159463.965,,57.339,53.978,
1159563.960,,57.051,53.234,
1159663.956,,56.674,53.690,
1159763.954,,56.577,53.029,
1159863.955,,56.681,53.496,
1159963.952,,56.616,53.703,
1160063.947,,56.765,53.467,
1160163.944,,57.004,53.812,
1160263.941,,56.741,53.509,
1160363.942,,57.160,53.657,
1160463.935,,56.922,53.124,
1160563.936,,56.833,52.427,
1160663.933,,56.732,52.502,
1160763.930,,56.381,51.500,
1160863.927,,56.227,51.946,
1160963.920,,56.861,52.371,
1161063.920,,56.269,51.241,
1161163.919,,55.949,50.620,
1161263.914,,55.634,50.857,
1161363.911,,55.590,51.674,
1161463.906,,56.618,53.071,
1161563.905,,56.511,53.523,
1161663.901,,56.751,53.750,
1161763.901,,56.950,54.762,
1161863.894,,56.745,54.624,
1161963.896,,56.810,54.591,
1162063.891,,57.219,54.187,
1162163.887,,56.911,54.450,
1162263.885,,56.880,55.192,
1162363.881,,57.398,55.290,
1162463.876,,57.679,55.758,
1162563.874,,57.555,55.502,
1162663.872,,57.624,55.508,
1162763.873,,57.398,55.341,
1162863.865,,57.380,55.473,
1162963.865,,57.351,55.686,
1163063.864,,57.395,55.701,
1163163.858,,57.278,55.582,
1163263.860,,57.190,55.397,
1163363.855,,57.316,56.068,
1163463.852,,57.505,56.516,
1163563.847,,57.517,56.291,
1163663.845,,57.570,56.268,
1163763.846,,57.753,56.341,
1163863.836,,57.541,56.636,
1163963.837,,57.377,57.777,
1164063.831,,57.797,59.061,
1164163.829,,57.628,60.386,
1164263.828,,58.002,59.924,
1164363.828,,57.524,57.920,
1164463.826,,56.962,57.455,
1164563.822,,57.036,57.178,
1164663.817,,57.141,56.990,
1164763.813,,57.314,56.653,
1164863.810,,57.368,56.334,
1164963.805,,57.497,56.676,
1165063.804,,57.666,57.237,
1165163.804,,57.680,56.850,
1165263.797,,57.220,56.637,
1165363.800,,57.248,57.959,
1165463.793,,57.195,57.912,
1165563.794,,57.022,57.219,
1165663.785,,57.174,57.237,
1165763.789,,56.992,56.955,
1165863.781,,57.029,56.525,
1165963.783,,57.212,56.167,
1166063.775,,57.274,56.061,
1166163.775,,57.265,56.226,
1166263.769,,57.136,57.034,
1166363.766,,57.168,57.363,
1166463.767,,57.264,57.490,
1166563.760,,57.549,57.489,
1166663.763,,57.636,57.174,
1166763.754,,57.722,56.684,
1166863.753,,57.850,56.735,
1166963.752,,57.980,56.574,
1167063.746,,58.200,56.457,
1167163.749,,58.048,55.915,
1167263.743,,58.161,55.730,
1167363.743,,57.994,55.336,
1167463.737,,57.624,55.058,
1167563.736,,57.443,55.410,
1167663.729,,57.477,55.421,
1167763.728,,57.447,56.045,
1167863.726,,57.626,55.608,
1167963.720,,57.347,54.817,
1168063.723,,57.332,54.808,
1168163.719,,57.330,54.832,
1168263.716,,57.330,54.918,
1168363.711,,57.571,55.544,
1168463.705,,57.295,54.847,
1168563.702,,57.239,54.587,
1168663.699,,57.244,54.077,
1168763.698,,57.133,53.692,
1168863.695,,57.332,53.964,
1168963.687,,57.454,54.295,
1169063.688,,57.584,54.357,
1169163.681,,57.456,54.922,
1169263.678,,57.622,55.256,
1169363.677,,57.738,55.036,
1169463.672,,57.605,54.498,
1169563.667,,57.474,54.177,
1169663.667,,57.492,53.977,
1169763.661,,57.490,53.440,
1169863.659,,57.704,53.358,
1169963.656,,57.217,52.849,
1170063.655,,57.283,54.182,
1170163.651,,57.415,53.954,
1170263.644,,57.336,53.588,
1170363.643,,57.308,53.539,
1170463.640,,57.519,53.510,
1170563.641,,57.472,54.306,
1170663.636,,57.387,54.432,
1170763.628,,57.344,54.884,
1170863.631,,57.398,55.035,
1170963.625,,57.391,55.039,
1171063.624,,57.043,54.565,
1171163.616,,57.004,54.132,
1171263.612,,57.238,54.609,
1171363.613,,57.304,55.492,
1171463.611,,56.943,55.380,
1171563.605,,56.971,54.309,
1171663.603,,56.935,54.193,
1171763.601,,57.009,54.540,
1171863.593,,57.303,54.302,
1171963.593,,57.239,54.159,
1172063.586,,57.256,55.884,
1172163.585,,57.329,57.005,
1172263.582,,57.453,57.101,
1172363.581,,57.518,57.800,
1172463.578,,57.776,57.266,
1172563.574,,56.861,56.016,
1172663.572,,56.695,56.442,
1172763.564,,56.600,55.472,
1172863.560,,56.558,55.103,
1172963.561,,56.595,54.539,
1173063.557,,56.817,54.761,
1173163.554,,56.840,54.298,
1173263.548,,57.039,54.090,
1173363.546,,57.311,53.903,
1173463.542,,57.242,53.645,
1173563.540,,57.177,53.314,
1173663.540,,57.214,53.235,
1173763.536,,57.158,54.164,
1173863.534,,56.955,54.979,
1173963.524,,57.082,55.658,
1174063.521,,57.186,55.610,
1174163.519,,57.081,55.758,
1174263.516,,57.311,56.324,
1174363.516,,57.358,55.886,
1174463.513,,57.061,55.102,
1174563.510,,56.563,54.942,
1174663.503,,56.866,55.951,
1174763.500,,57.116,56.790,
1174863.498,,56.574,55.864,
1174963.497,,55.710,55.703,
1175063.494,,56.035,56.487,
1175163.487,,56.149,57.222,
1175263.482,,56.116,56.991,
1175363.485,,56.135,57.057,
1175463.478,,57.096,59.636,
1175563.476,,57.258,59.829,
1175663.469,,57.301,59.564,
1175763.471,,56.978,57.517,
1175863.467,,55.918,56.946,
1175963.458,,56.051,57.336,
1176063.460,,55.985,57.698,
1176163.455,,56.016,58.057,
1176263.452,,55.964,58.435,
1176363.447,,55.990,58.657,
1176463.444,,56.236,57.944,
1176563.441,,56.150,57.173,
1176663.443,,56.219,58.410,
1176763.435,,57.148,60.284,
1176863.436,,57.223,59.901,
1176963.428,,56.630,57.747,
1177063.425,,55.819,57.393,
1177163.427,,56.237,57.243,
1177263.422,,56.078,59.495,
1177363.420,,57.354,59.013,
1177463.416,,57.225,57.544,
1177563.413,,56.678,58.112,
1177663.412,,56.890,57.936,
1177763.407,,56.732,56.678,
1177863.404,,56.482,56.413,
1177963.400,,57.056,57.508,
1178063.397,,57.362,57.786,
1178163.393,,57.642,57.110,
1178263.393,,57.791,57.649,
1178363.388,,58.482,57.367,
1178463.382,,57.806,56.369,
1178563.381,,57.897,56.629,
1178663.379,,57.891,56.140,
1178763.373,,57.543,55.724,
1178863.374,,57.175,55.843,
1178963.372,,57.012,55.184,
1179063.363,,56.999,54.988,
1179163.360,,57.415,55.309,
1179263.361,,57.360,54.255,
1179363.359,,56.843,54.401,
1179463.355,,57.157,55.188,
1179563.352,,57.192,55.847,
1179663.345,,57.531,55.770,
1179763.343,,57.679,56.192,
1179863.341,,57.861,56.170,
1179963.338,,58.063,55.300,
1180063.333,,57.682,54.378,
1180163.333,,57.697,54.394,
1180263.325,,57.820,54.377,
1180363.328,,57.751,54.572,
1180463.318,,57.816,54.841,
1180563.318,,57.694,54.344,
1180663.313,,57.254,53.980,
1180763.311,,57.301,54.295,
1180863.307,,57.418,54.383,
1180963.305,,57.151,54.480,
1181063.302,,56.894,54.529,
1181163.300,,57.027,55.317,
1181263.297,,57.225,55.623,
1181363.297,,56.960,54.943,
1181463.294,,57.409,55.353,
1181563.284,,57.243,55.066,
1181663.285,,57.272,54.765,
1181763.284,,57.043,54.431,
1181863.282,,56.422,53.688,
1181963.274,,55.745,53.038,
1182063.271,,56.083,54.416,
1182163.269,,57.119,54.192,
1182263.264,,56.827,54.039,
1182363.260,,56.302,53.894,
1182463.258,,56.392,54.965,
1182563.256,,56.919,55.167,
1182663.251,,56.886,54.616,
1182763.254,,56.862,54.905,
1182863.249,,56.548,54.342,
1182963.242,,56.534,54.752,
1183063.239,,56.892,55.410,
1183163.241,,57.053,55.135,
1183263.234,,56.922,54.540,
1183363.230,,56.530,54.020,
1183463.231,,57.057,54.744,
1183563.226,,57.276,54.389,
1183663.223,,57.236,54.848,
1183763.221,,57.225,55.891,
1183863.215,,57.259,54.822,
1183963.215,,57.005,54.739,
1184063.213,,56.999,54.776,
1184163.208,,57.028,54.435,
1184263.207,,56.885,53.855,
1184363.204,,56.966,53.523,
1184463.204,,57.042,54.718,
1184563.200,,56.994,58.929,
1184663.196,,57.186,61.434,
1184763.193,,57.343,60.883,
1184863.194,,57.259,59.873,
1184963.190,,57.308,58.962,
1185063.184,,57.395,58.940,
1185163.187,,57.428,59.079,
1185263.182,,57.552,58.694,
1185363.182,,57.350,57.979,
1185463.179,,57.481,58.043,
1185563.174,,57.417,58.434,
1185663.172,,57.324,58.353,
1185763.155,,57.351,58.115,
1185863.166,,57.445,57.722,
1185963.163,,57.519,57.698,
1186063.164,,57.488,57.081,
1186163.158,,57.512,56.461,
1186263.160,,57.580,56.531,
1186363.152,,57.554,56.141,
1186463.154,,57.628,55.433,
1186563.153,,57.232,54.710,
1186663.151,,57.160,54.697,
1186763.144,,57.421,54.912,
1186863.141,,57.271,54.749,
1186963.142,,57.216,54.887,
1187063.140,,57.408,54.800,
1187163.135,,57.341,54.884,
1187263.131,,57.375,54.663,
1187363.130,,57.602,54.925,
1187463.127,,57.981,55.469,
1187563.129,,57.818,56.624,
1187663.124,,57.738,55.934,
1187763.123,,57.591,55.880,
1187863.120,,57.501,55.778,
1187963.117,,57.529,55.332,
1188063.113,,57.488,55.277,
1188163.110,,57.394,55.020,
1188263.111,,57.717,54.974,
1188363.104,,57.464,54.913,
1188463.104,,57.448,54.759,
1188563.105,,57.847,55.229,
1188663.096,,57.654,54.766,
1188763.094,,57.543,54.882,
1188863.092,,57.583,55.219,
1188963.095,,57.568,55.227,
1189063.087,,57.490,54.409,
1189163.087,,57.148,54.700,
1189263.085,,57.363,54.359,
1189363.082,,57.408,54.076,
1189463.077,,57.547,54.233,
1189563.080,,57.579,55.158,
1189663.078,,57.593,55.572,
1189763.070,,57.231,56.740,
1189863.069,,57.490,56.618,
1189963.071,,57.732,56.034,
1190063.067,,57.857,56.028,
1190163.060,,57.899,56.689,
1190263.058,,58.100,56.332,
1190363.055,,57.477,55.277,
1190463.054,,57.516,54.653,
1190563.055,,57.457,54.348,
1190663.047,,57.103,54.033,
1190763.047,,57.314,53.807,
1190863.044,,57.012,53.813,
1190963.044,,57.223,54.133,
1191063.033,,57.430,54.015,
1191163.039,,57.770,54.135,
1191263.035,,57.297,53.494,
1191363.034,,56.720,53.134,
1191463.029,,56.386,53.247,
1191563.026,,57.344,53.603,
1191663.028,,57.389,54.055,
1191763.023,,57.124,53.495,
1191863.021,,57.034,53.869,
1191963.015,,57.247,54.839,
1192063.012,,57.397,55.773,
1192163.010,,57.560,56.096,
1192263.009,,57.606,56.695,
1192363.001,,57.623,57.272,
1192462.996,,58.019,57.427,
1192562.995,,58.193,56.878,
1192662.989,,57.342,56.137,
1192762.983,,56.697,54.766,
1192862.981,,56.005,54.887,
1192962.981,,55.847,53.179,
1193062.972,,54.943,53.855,
1193162.970,,55.263,52.714,
1193262.966,,55.066,53.439,
1193362.965,,56.237,54.143,
1193462.958,,56.671,54.879,
1193562.953,,56.561,54.158,
1193662.953,,56.553,54.301,
1193762.943,,55.801,54.010,
1193862.943,,55.984,54.875,
1193962.941,,55.961,54.464,
1194062.938,,55.905,54.724,
1194162.928,,56.005,54.705,
1194262.927,,55.991,57.538,
1194362.924,,58.106,56.794,
1194462.921,,58.202,56.903,
1194562.911,,58.283,56.545,
1194662.911,,57.961,56.386,
1194762.905,,57.871,56.914,
1194862.906,,57.610,56.333,
1194962.900,,57.581,56.865,
1195062.894,,57.811,58.185,
1195162.888,,57.828,58.211,
1195262.885,,57.159,56.788,
1195362.884,,56.989,55.929,
1195462.876,,57.235,55.780,
1195562.877,,57.780,55.981,
1195662.874,,57.654,55.593,
1195762.868,,57.700,55.212,
1195862.861,,57.571,55.228,
1195962.856,,57.706,55.020,
1196062.854,,57.442,54.632,
1196162.850,,57.724,54.482,
1196262.846,,57.943,54.970,
1196362.841,,57.679,54.017,
1196462.841,,57.615,54.037,
1196562.839,,57.360,53.977,
1196662.833,,57.497,54.507,
1196762.827,,57.483,54.696,
1196862.822,,57.450,54.313,
1196962.816,,57.231,54.409,
1197062.818,,57.200,54.117,
1197162.813,,56.908,54.331,
1197262.805,,57.631,55.188,
1197362.807,,57.787,54.825,
1197462.804,,57.297,54.644,
1197562.797,,57.620,54.935,
1197662.791,,57.895,54.761,
1197762.786,,57.724,54.817,
1197862.782,,57.381,55.405,
1197962.777,,57.083,54.829,
1198062.778,,57.085,55.425,
1198162.773,,57.567,55.992,
1198262.771,,57.134,55.307,
1198362.761,,57.248,56.421,
1198462.760,,57.181,56.337,
1198562.758,,56.925,56.240,
1198662.754,,56.998,56.695,
1198762.748,,56.922,56.297,
1198862.743,,56.906,56.295,
1198962.739,,57.008,58.703,
1199062.734,,58.042,59.094,
1199162.731,,57.770,57.857,
1199262.731,,57.374,57.271,
1199362.723,,57.463,57.777,
1199462.722,,57.665,57.337,
1199562.720,,57.790,56.730,
1199662.710,,57.825,56.581,
1199762.711,,57.657,55.991,
1199862.702,,57.534,55.321,
1199962.701,,57.429,55.157,
1200062.699,,57.287,54.768,
1200162.694,,57.260,54.520,
1200262.693,,57.328,55.233,
1200362.693,,57.328,54.621,
1200462.690,,57.014,54.991,
1200562.682,,57.429,55.089,
1200662.680,,57.605,55.556,
1200762.680,,57.713,55.434,
1200862.672,,58.488,55.945,
1200962.670,,58.093,55.766,
1201062.672,,57.818,55.837,
1201162.667,,58.056,56.255,
1201262.665,,57.825,55.947,
1201362.661,,57.756,55.512,
1201462.655,,57.673,55.547,
1201562.654,,58.136,55.616,
1201662.649,,57.909,55.219,
1201762.650,,57.433,54.380,
1201862.646,,57.341,54.238,
1201962.646,,57.190,54.790,
1202062.638,,57.383,55.207,
1202162.636,,57.542,54.749,
1202262.636,,57.765,54.532,
1202362.635,,57.886,54.729,
1202462.627,,57.708,54.677,
1202562.624,,57.908,55.221,
1202662.622,,57.579,55.195,
1202762.618,,57.893,55.980,
1202862.616,,57.903,55.606,
1202962.615,,57.944,55.407,
1203062.612,,58.152,54.917,
1203162.610,,58.076,54.802,
1203262.605,,57.888,53.955,
1203362.603,,57.203,53.550,
1203462.601,,57.544,53.878,
1203562.594,,57.530,53.584,
1203662.591,,57.546,54.038,
1203762.592,,57.822,54.942,
1203862.588,,58.060,55.878,
1203962.582,,57.949,55.071,
1204062.584,,57.016,54.686,
1204162.580,,57.070,54.651,
1204262.572,,57.282,55.238,
1204362.573,,57.463,54.971,
1204462.568,,57.406,54.544,
1204562.568,,57.367,54.550,
1204662.565,,57.477,54.985,
1204762.563,,57.582,55.360,
1204862.556,,57.513,55.593,
1204962.558,,57.638,55.767,
1205062.551,,57.738,56.118,
1205162.548,,57.908,56.283,
1205262.544,,57.847,56.501,
1205362.541,,58.096,56.520,
1205462.541,,58.124,55.987,
1205562.535,,57.602,55.406,
1205662.537,,57.047,55.392,
1205762.528,,57.227,54.860,
1205862.525,,57.379,55.263,
1205962.524,,57.585,55.228,
1206062.520,,57.589,55.070,
1206162.517,,57.331,54.925,
1206262.514,,57.188,54.959,
1206362.516,,57.144,55.891,
1206462.512,,57.416,56.322,
1206562.508,,57.251,55.249,
1206662.506,,57.018,55.137,
1206762.498,,57.298,53.125,
1206862.498,,55.804,52.462,
1206962.495,,55.820,53.082,
1207062.494,,55.883,54.305,
1207162.490,,55.955,55.076,
1207262.487,,56.548,55.810,
1207362.485,,56.136,55.064,
1207462.481,,56.184,56.074,
1207562.475,,56.713,57.606,
1207662.473,,56.251,55.473,
1207762.468,,56.227,55.633,
1207862.470,,56.509,55.643,
1207962.464,,56.037,55.116,
1208062.464,,56.152,56.337,
1208162.458,,57.112,56.540,
1208262.456,,56.848,55.811,
1208362.453,,56.705,54.976,
1208462.456,,56.737,54.466,
1208562.451,,56.051,53.875,
1208662.449,,55.812,54.018,
1208762.446,,56.410,54.817,
1208862.445,,56.830,54.534,
1208962.440,,56.981,54.843,
1209062.441,,56.986,55.023,
1209162.434,,57.105,54.699,
1209262.433,,57.156,53.908,
1209362.431,,57.166,53.529,
1209462.431,,57.184,52.974,
1209562.424,,57.151,53.390,
1209662.423,,57.455,54.224,
1209762.422,,57.888,54.541,
1209862.416,,57.778,54.236,
1209962.414,,57.648,53.839,
1210062.412,,57.793,53.885,
1210162.410,,57.964,54.129,
1210262.411,,57.895,53.791,
1210362.405,,57.638,53.397,
1210462.407,,57.367,53.424,
1210562.404,,57.437,53.725,
1210662.396,,57.247,54.010,
1210762.393,,57.079,53.117,
1210862.394,,57.063,53.583,
1210962.391,,56.464,53.623,
1211062.387,,56.764,53.891,
1211162.387,,56.824,53.811,
1211262.382,,57.458,54.006,
1211362.382,,57.613,54.783,
1211462.377,,57.994,55.660,
1211562.377,,57.939,55.660,
1211662.376,,57.944,54.908,
1211762.374,,57.366,54.517,
1211862.371,,57.453,54.862,
1211962.364,,57.622,55.370,
1212062.364,,57.126,54.339,
1212162.358,,56.512,53.467,
1212262.359,,56.484,53.762,
1212362.358,,56.742,53.933,
1212462.350,,56.597,53.148,
1212562.348,,57.012,53.641,
1212662.348,,57.434,53.625,
1212762.347,,57.302,53.887,
1212862.345,,57.742,54.202,
1212962.343,,57.664,54.006,
1213062.338,,57.508,53.289,
1213162.333,,57.064,52.717,
1213262.331,,57.543,53.122,
1213362.328,,57.373,53.017,
1213462.327,,56.849,52.385,
1213562.325,,57.242,53.437,
1213662.323,,57.328,53.970,
1213762.321,,57.624,54.714,
1213862.320,,57.708,55.176,
1213962.317,,57.420,55.472,
1214062.311,,56.975,54.779,
1214162.308,,56.492,54.541,
1214262.310,,57.064,54.880,
1214362.304,,57.679,54.754,
1214462.305,,57.647,53.981,
1214562.302,,57.468,53.664,
1214662.296,,57.186,53.730,
1214762.298,,57.224,54.022,
1214862.294,,57.019,54.554,
1214962.293,,57.039,54.652,
1215062.289,,57.343,54.989,
1215162.289,,57.594,54.717,
1215262.286,,57.195,55.346,
1215362.278,,57.168,55.063,
1215462.276,,56.302,53.936,
1215562.278,,55.702,53.823,
1215662.270,,56.945,54.379,
1215762.268,,57.185,54.156,
1215862.268,,56.850,53.223,
1215962.263,,56.140,52.757,
1216062.263,,56.428,52.765,
1216162.259,,56.018,51.980,
1216262.256,,56.239,52.625,
1216362.254,,56.494,53.165,
1216462.250,,56.942,54.535,
1216562.241,,57.407,54.535,
1216662.241,,58.057,54.506,
1216762.240,,58.339,53.805,
1216862.235,,58.299,53.910,
1216962.228,,58.122,53.292,
1217062.225,,57.647,53.289,
1217162.221,,57.606,53.899,
1217262.218,,57.588,53.683,
1217362.216,,57.449,53.630,
1217462.214,,57.454,53.085,
1217562.210,,57.516,53.301,
1217662.205,,57.726,53.009,
1217762.202,,56.911,52.299,
1217862.201,,56.853,51.907,
1217962.199,,56.493,51.698,
1218062.190,,56.547,52.114,
1218162.190,,56.747,52.153,
1218262.184,,56.850,51.972,
1218362.179,,56.717,51.926,
1218462.176,,56.011,51.928,
1218562.178,,56.410,52.371,
1218662.170,,55.958,52.020,
1218762.171,,56.883,53.071,
1218862.162,,57.458,53.056,
1218962.164,,57.403,52.969,
1219062.160,,57.513,52.481,
1219162.154,,57.461,53.079,
1219262.147,,57.636,53.515,
1219362.149,,57.684,52.907,
1219462.142,,57.169,53.185,
1219562.139,,57.362,53.574,
1219662.136,,57.401,53.248,
1219762.135,,57.075,53.629,
1219862.126,,57.325,53.873,
1219962.128,,57.153,53.844,
1220062.121,,56.400,53.320,
1220162.119,,56.640,53.833,
1220262.117,,57.003,53.984,
1220362.111,,57.224,54.629,
1220462.109,,57.545,55.075,
1220562.103,,57.523,54.873,
1220662.104,,57.494,54.675,
1220762.099,,57.281,53.781,
1220862.094,,56.383,53.318,
1220962.094,,56.937,53.711,
1221062.088,,57.059,53.945,
1221162.081,,57.189,54.304,
1221262.083,,57.380,54.574,
1221362.078,,57.219,55.222,
1221462.074,,57.332,55.282,
1221562.068,,57.424,54.880,
1221662.064,,56.982,53.880,
1221762.062,,56.993,53.539,
1221862.058,,57.135,52.864,
1221962.057,,57.035,53.768,
1222062.053,,57.222,53.881,
1222162.051,,57.457,54.439,
1222262.045,,57.573,55.249,
1222362.042,,57.703,54.571,
1222462.038,,56.917,54.393,
1222562.035,,57.054,53.887,
1222662.029,,56.814,53.376,
1222762.026,,56.599,53.780,
1222862.021,,56.666,55.199,
1222962.021,,56.755,55.674,
1223062.014,,56.542,55.586,
1223162.011,,57.212,56.131,
1223262.007,,57.300,55.886,
1223362.010,,56.576,56.032,
1223462.000,,55.922,56.151,
1223562.002,,55.901,57.442,
1223661.993,,57.416,59.599,
1223761.994,,57.827,59.805,
1223861.986,,57.480,59.273,
1223961.982,,56.999,57.368,
1224061.984,,56.892,56.864,
1224161.981,,57.112,56.440,
1224261.972,,57.028,55.847,
1224361.975,,57.242,55.498,
1224461.971,,56.956,54.899,
1224561.969,,56.813,54.892,
1224661.966,,57.270,54.744,
1224761.956,,57.240,54.585,
1224861.957,,56.989,54.449,
1224961.952,,57.323,54.766,
1225061.949,,57.375,54.848,
1225161.943,,57.035,54.470,
1225261.942,,56.676,53.957,
1225361.942,,56.453,54.638,
1225461.935,,56.691,54.914,
1225561.933,,56.990,54.140,
1225661.931,,56.803,53.854,
1225761.923,,57.117,53.538,
1225861.923,,56.571,53.269,
1225961.922,,57.035,53.656,
1226061.917,,57.306,54.295,
1226161.916,,57.121,53.509,
1226261.907,,57.233,54.339,
1226361.904,,57.440,54.415,
1226461.906,,57.428,54.496,
1226561.901,,57.247,54.253,
1226661.899,,57.363,54.421,
1226761.892,,57.373,54.877,
1226861.890,,57.375,55.544,
1226961.889,,56.933,55.375,
1227061.884,,56.623,55.584,
1227161.877,,57.112,55.492,
1227261.876,,56.668,55.038,
1227361.870,,56.730,55.173,
1227461.867,,57.314,55.401,
1227561.869,,57.252,55.387,
1227661.865,,56.941,54.961,
1227761.862,,56.865,54.667,
1227861.858,,57.341,54.855,
1227961.853,,57.235,56.384,
1228061.853,,57.345,57.001,
1228161.844,,57.221,57.210,
1228261.840,,57.757,57.071,
1228361.838,,57.410,57.220,
1228461.836,,57.681,58.849,
1228561.832,,57.754,59.707,
1228661.831,,57.887,60.556,
1228761.830,,57.974,60.635,
1228861.822,,57.612,59.677,
1228961.817,,57.481,60.145,
1229061.819,,57.529,60.292,
1229161.816,,57.743,60.430,
1229261.814,,57.258,60.296,
1229361.808,,57.594,60.363,
1229461.805,,57.601,59.415,
1229561.803,,57.717,58.760,
1229661.797,,57.881,58.439,
1229761.792,,57.859,57.427,
1229861.793,,57.336,56.708,
1229961.788,,57.442,55.656,
1230061.786,,57.240,55.375,
1230161.780,,57.388,56.083,
1230261.779,,57.635,56.089,
1230361.775,,57.751,56.300,
1230461.772,,58.033,56.359,
1230561.769,,57.352,55.394,
1230661.764,,56.794,55.698,
1230761.760,,56.166,56.002,
1230861.761,,57.518,56.658,
1230961.752,,57.653,56.207,
1231061.752,,57.300,55.634,
1231161.750,,57.405,55.644,
1231261.742,,57.269,56.486,
1231361.739,,57.592,56.509,
1231461.739,,57.580,56.423,
1231561.732,,57.652,56.457,
1231661.730,,57.583,54.887,
1231761.730,,57.214,54.681,
1231861.723,,57.209,54.605,
1231961.722,,57.527,54.701,
1232061.720,,57.827,55.750,
1232161.714,,58.225,56.824,
1232261.716,,57.897,56.789,
1232361.710,,57.724,56.752,
1232461.707,,57.964,56.501,
1232561.704,,57.480,55.360,
1232661.701,,57.309,55.326,
1232761.700,,57.315,55.722,
1232861.695,,57.508,55.263,
1232961.690,,57.189,55.359,
1233061.687,,57.047,55.713,
1233161.688,,57.371,55.050,
1233261.682,,57.351,55.377,
1233361.684,,57.387,54.945,
1233461.674,,57.292,54.731,
1233561.676,,57.215,56.056,
1233661.674,,57.473,57.004,
1233761.667,,57.587,57.973,
1233861.669,,57.519,58.576,
1233961.661,,57.562,59.294,
1234061.657,,57.735,59.394,
1234161.656,,57.576,59.443,
1234261.651,,57.777,59.996,
1234361.652,,57.812,59.795,
1234461.647,,57.780,59.421,
1234561.642,,57.846,59.911,
1234661.641,,57.899,59.875,
1234761.640,,57.772,60.647,
1234861.639,,57.922,60.750,
1234961.637,,57.962,61.292,
1235061.631,,57.677,60.936,
1235161.631,,57.726,61.457,
1235261.626,,57.716,61.714,
1235361.620,,57.564,60.886,
1235461.622,,57.467,60.549,
1235561.618,,57.595,60.957,
1235661.610,,57.406,61.060,
1235761.609,,57.326,60.899,
1235861.609,,57.353,61.486,
1235961.602,,57.361,61.602,
1236061.601,,57.485,61.479,
1236161.596,,57.687,60.947,
1236261.599,,57.494,60.762,
1236361.596,,57.637,60.485,
1236461.588,,57.773,60.730,
1236561.590,,57.713,60.492,
1236661.585,,57.677,59.898,
1236761.580,,57.649,59.692,
1236861.576,,57.638,60.125,
1236961.574,,57.649,60.504,
1237061.575,,57.798,59.693,
1237161.569,,57.534,59.216,
1237261.567,,57.471,58.623,
1237361.562,,57.639,58.314,
1237461.562,,57.665,57.754,
1237561.560,,57.620,57.353,
1237661.552,,57.671,57.637,
1237761.555,,57.409,56.937,
1237861.548,,57.252,56.090,
1237961.543,,57.058,55.511,
1238061.543,,56.906,55.519,
1238161.539,,57.240,56.198,
1238261.539,,57.332,56.479,
1238361.532,,57.328,55.598,
1238461.530,,56.509,55.049,
1238561.527,,56.581,55.170,
1238661.528,,57.043,55.281,
1238761.521,,57.467,55.403,
1238861.520,,57.796,55.475,
1238961.517,,58.206,55.547,
1239061.514,,58.169,55.068,
1239161.515,,58.117,55.123,
1239261.505,,57.879,55.056,
1239361.506,,57.699,54.122,
1239461.502,,57.692,54.445,
1239561.498,,57.178,54.385,
1239661.495,,56.346,53.839,
1239761.493,,56.746,54.301,
1239861.488,,57.255,54.145,
1239961.491,,57.268,54.401,
1240061.489,,57.552,54.525,
1240161.482,,57.614,54.204,
1240261.478,,57.234,54.530,
1240361.481,,57.836,55.423,
1240461.478,,58.026,55.673,
1240561.475,,57.896,56.362,
1240661.469,,58.045,56.104,
1240761.469,,57.975,56.331,
1240861.467,,58.139,56.665,
1240961.463,,58.138,56.584,
1241061.459,,58.190,56.280,
1241161.461,,58.017,55.992,
1241261.455,,57.658,54.998,
1241361.451,,57.329,55.123,
1241461.451,,58.640,55.231,
1241561.446,,58.378,55.145,
1241661.448,,58.187,54.996,
1241761.446,,58.318,54.849,
1241861.441,,58.422,55.208,
1241961.441,,58.347,55.398,
1242061.436,,58.002,55.025,
1242161.434,,57.934,54.352,
1242261.435,,57.812,53.745,
1242361.430,,57.696,53.810,
1242461.424,,57.953,53.905,
1242561.421,,57.934,53.806,
1242661.421,,57.762,53.305,
1242761.418,,57.701,53.374,
1242861.415,,57.827,53.596,
1242961.416,,57.910,54.049,
1243061.412,,57.927,55.735,
1243161.410,,58.116,56.176,
1243261.407,,58.042,56.019,
1243361.402,,57.973,55.551,
1243461.400,,58.051,55.573,
1243561.399,,58.081,55.669,
1243661.395,,58.078,55.175,
1243761.397,,58.034,54.163,
1243861.390,,57.292,53.684,
1243961.389,,57.112,53.624,
1244061.383,,57.359,54.079,
1244161.381,,57.254,54.470,
1244261.384,,57.436,55.467,
1244361.382,,57.880,57.024,
1244461.379,,57.592,56.509,
1244561.370,,57.505,56.216,
1244661.373,,57.337,56.215,
1244761.371,,57.468,56.054,
1244861.363,,57.548,56.121,
1244961.365,,57.544,55.820,
1245061.360,,57.430,55.690,
1245161.358,,57.467,55.021,
1245261.353,,57.245,54.614,
1245361.355,,57.302,54.788,
1245461.352,,57.410,54.821,
1245561.348,,57.914,56.010,
1245661.344,,58.144,56.877,
1245761.340,,58.072,56.877,
1245861.344,,58.076,56.199,
1245961.335,,57.265,54.990,
1246061.333,,56.606,53.593,
1246161.337,,56.120,53.373,
1246261.328,,56.361,54.227,
1246361.330,,56.336,54.358,
1246461.329,,56.416,54.624,
1246561.321,,56.314,53.864,
1246661.320,,56.113,53.657,
1246761.322,,55.919,53.307,
1246861.314,,55.711,53.253,
1246961.317,,55.627,53.760,
1247061.313,,56.020,53.906,
1247161.310,,55.836,54.336,
1247261.307,,56.063,54.405,
1247361.304,,55.898,53.643,
1247461.303,,55.951,53.292,
1247561.295,,56.280,53.551,
1247661.298,,56.298,53.821,
1247761.293,,56.171,54.141,
1247861.294,,56.029,53.327,
1247961.287,,56.266,53.764,
1248061.283,,56.861,54.129,
1248161.280,,56.986,54.783,
1248261.277,,57.040,54.556,
1248361.275,,57.145,55.355,
1248461.266,,57.238,55.330,
1248561.267,,57.011,54.720,
1248661.261,,56.828,54.593,
1248761.254,,56.955,55.233,
1248861.256,,57.099,55.220,
1248961.249,,57.258,55.424,
1249061.249,,57.329,55.433,
1249161.242,,57.149,54.993,
1249261.236,,57.162,55.491,
1249361.235,,57.659,56.336,
1249461.234,,57.662,57.102,
1249561.228,,58.041,57.145,
1249661.226,,58.047,57.051,
1249761.218,,57.144,55.772,
1249861.219,,56.975,55.561,
1249961.215,,57.040,55.806,
1250061.210,,56.857,55.309,
1250161.204,,56.703,55.199,
1250261.204,,57.058,54.934,
1250361.196,,57.246,54.603,
1250461.192,,57.113,54.156,
1250561.187,,56.727,54.347,
1250661.185,,56.819,54.524,
1250761.182,,57.277,53.685,
1250861.178,,56.449,53.262,
1250961.178,,57.498,54.196,
1251061.174,,57.198,54.621,
1251161.167,,56.961,55.560,
1251261.164,,57.054,54.875,
1251361.158,,55.520,53.734,
1251461.156,,55.414,54.726,
1251561.153,,55.652,55.271,
1251661.147,,55.804,55.542,
1251761.143,,55.758,54.542,
1251861.144,,56.715,55.975,
1251961.137,,57.579,56.594,
1252061.135,,56.956,53.714,
1252161.131,,55.974,53.254,
1252261.128,,56.544,53.175,
1252361.120,,56.110,53.372,
1252461.122,,55.760,54.473,
1252561.117,,56.033,54.198,
1252661.113,,55.665,53.329,
1252761.107,,56.570,55.586,
1252861.106,,56.976,55.643,
1252961.103,,56.979,55.289,
1253061.094,,57.450,54.790,
1253161.090,,57.193,55.296,
1253261.090,,57.687,55.551,
1253361.088,,57.979,55.509,
1253461.084,,57.993,55.281,
1253561.078,,57.414,54.869,
1253661.071,,57.502,54.355,
1253761.069,,57.347,53.408,
1253861.067,,56.584,53.120,
1253961.063,,56.930,53.575,
1254061.061,,56.998,53.793,
1254161.056,,57.272,54.165,
1254261.049,,57.468,54.181,
1254361.049,,57.716,54.279,
1254461.047,,57.729,54.733,
1254561.040,,57.456,55.303,
1254661.034,,57.641,55.608,
1254761.035,,57.543,55.400,
1254861.030,,57.257,54.989,
1254961.028,,57.184,54.470,
1255061.022,,57.252,54.472,
1255161.017,,57.085,53.978,
1255261.013,,56.797,54.283,
1255361.011,,56.755,54.373,
1255461.003,,56.887,53.971,
1255561.002,,56.800,52.933,
1255660.996,,57.232,53.900,
1255760.997,,57.220,53.601,
1255860.994,,56.946,52.985,
1255960.987,,56.692,53.152,
1256060.986,,56.930,53.688,
1256160.983,,56.926,54.134,
1256260.978,,56.836,54.079,
1256360.973,,56.830,53.762,
1256460.970,,56.717,53.244,
1256560.968,,56.902,53.548,
1256660.969,,57.446,53.082,
1256760.960,,56.733,53.147,
1256860.959,,56.896,53.706,
1256960.959,,57.648,54.056,
1257060.949,,57.261,53.776,
1257160.952,,56.879,53.924,
1257260.946,,56.836,54.302,
1257360.944,,57.238,54.472,
1257460.937,,57.355,54.488,
1257560.940,,57.432,54.675,
1257660.935,,57.632,54.494,
1257760.933,,57.706,54.507,
1257860.924,,57.315,54.020,
1257960.920,,56.897,54.420,
1258060.920,,57.332,54.618,
1258160.920,,57.554,54.905,
1258260.917,,57.364,54.756,
1258360.912,,57.462,54.125,
1258460.905,,57.086,53.295,
1258560.903,,56.761,52.835,
1258660.901,,56.778,52.963,
1258760.900,,56.835,53.046,
1258860.893,,56.963,52.987,
1258960.889,,56.855,52.367,
1259060.889,,56.898,52.315,
1259160.887,,57.180,52.903,
1259260.878,,57.162,53.901,
1259360.879,,57.061,53.896,
1259460.873,,56.793,54.554,
1259560.870,,57.285,54.933,
1259660.869,,57.385,54.253,
1259760.863,,56.890,53.228,
1259860.861,,55.956,52.481,
1259960.863,,55.994,52.482,
1260060.859,,56.002,52.336,
1260160.854,,55.955,52.366,
1260260.849,,56.108,53.086,
1260360.844,,56.123,54.097,
1260460.842,,56.223,54.812,
1260560.837,,56.255,55.156,
1260660.834,,56.455,55.532,
1260760.832,,56.405,55.471,
1260860.827,,56.345,55.009,
1260960.828,,56.316,54.713,
1261060.822,,56.953,55.318,
1261160.820,,56.986,55.258,
1261260.815,,57.094,54.659,
1261360.810,,56.901,53.764,
1261460.813,,55.618,53.180,
1261560.807,,55.601,52.964,
1261660.802,,55.640,53.060,
1261760.799,,55.626,53.605,
1261860.800,Input1*2*0,55.861,54.476,
1261960.792,Input1*2*1,55.896,54.593,
1262060.793,,55.993,54.822,
1262160.787,,55.989,55.983,
1262260.783,,56.316,59.035,
1262360.782,,56.301,58.968,
1262460.777,,56.318,58.373,
1262560.775,,56.008,58.174,
1262660.775,,57.031,58.113,
1262760.768,,56.982,57.669,
1262860.765,,57.305,56.979,
1262960.765,,57.466,56.223,
1263060.762,,57.236,55.513,
1263160.755,,57.272,55.036,
1263260.753,,57.451,54.979,
1263360.746,,57.393,54.658,
1263460.742,,57.400,55.087,
1263560.740,,57.522,54.962,
1263660.737,,57.497,53.963,
1263760.735,,57.426,53.909,
1263860.732,,57.380,54.162,
1263960.733,,57.374,53.366,
1264060.724,,56.829,53.572,
1264160.723,,56.665,53.662,
1264260.720,,56.742,53.361,
1264360.722,,56.819,53.202,
1264460.718,,56.888,53.268,
1264560.718,,56.983,53.540,
1264660.711,,57.112,53.711,
1264760.712,,57.189,54.093,
1264860.705,,57.156,54.632,
1264960.707,,57.318,55.139,
1265060.705,,57.109,54.702,
1265160.698,,57.008,54.311,
1265260.700,,57.330,54.752,
1265360.696,,57.147,54.510,
1265460.693,,57.360,54.572,
1265560.693,,57.500,54.752,
1265660.691,,57.898,55.102,
1265760.685,,58.214,54.754,
1265860.686,,57.973,55.003,
1265960.682,,57.464,53.944,
1266060.676,,57.972,54.752,
1266160.677,,57.651,54.597,
1266260.670,,57.253,54.084,
1266360.668,,57.101,53.678,
1266460.668,,57.219,53.644,
1266560.663,,56.962,53.955,
1266660.662,,57.224,54.376,
1266760.656,,57.358,54.036,
1266860.660,,57.137,53.769,
1266960.652,,56.479,54.021,
1267060.653,,57.257,54.439,
1267160.649,,57.572,54.840,
1267260.645,,57.676,54.886,
1267360.646,,57.566,54.646,
1267460.640,,57.314,53.585,
1267560.638,,56.636,53.346,
1267660.639,,56.951,54.063,
1267760.635,,57.018,53.298,
1267860.629,,57.051,53.565,
1267960.630,,57.522,53.776,
1268060.627,,57.617,53.939,
1268160.625,,57.626,53.650,
1268260.623,,57.213,53.538,
1268360.619,,56.905,53.317,
1268460.617,,56.793,53.305,
1268560.613,,57.092,52.825,
1268660.610,,56.320,52.343,
1268760.608,,56.856,52.912,
1268860.607,,57.044,53.763,
1268960.607,,57.334,54.427,
1269060.605,,57.367,55.096,
1269160.598,,57.528,55.460,
1269260.600,,57.603,55.443,
1269360.593,,57.373,54.040,
1269460.593,,56.927,53.125,
1269560.587,,56.539,52.867,
1269660.589,,56.734,53.014,
1269760.585,,56.797,52.462,
1269860.583,,56.679,52.381,
1269960.581,,56.902,51.856,
1270060.579,,56.680,51.605,
1270160.572,,56.378,51.633,
1270260.571,,56.174,51.328,
1270360.567,,55.514,50.734,
1270460.565,,55.521,50.294,
1270560.566,,55.270,51.317,
1270660.560,,56.670,52.008,
1270760.560,,56.759,52.073,
1270860.554,,56.754,52.091,
1270960.554,,56.688,52.176,
1271060.548,,56.364,52.487,
1271160.550,,56.369,52.797,
1271260.547,,56.554,52.764,
1271360.547,,56.531,52.520,
1271460.539,,56.647,53.223,
1271560.536,,56.621,54.404,
1271660.533,,56.788,55.006,
1271760.531,,56.732,55.236,
1271860.529,,56.685,55.191,
1271960.526,,55.474,54.173,
1272060.525,,56.335,55.373,
1272160.525,,57.029,55.210,
1272260.520,,56.815,54.937,
1272360.519,,56.505,54.523,
1272460.516,,56.288,55.070,
1272560.513,,55.872,55.638,
1272660.514,,55.434,54.709,
1272760.513,,55.261,56.267,
1272860.509,,55.017,56.349,
1272960.508,,54.995,55.600,
1273060.504,,55.387,54.952,
1273160.504,,56.118,54.801,
1273260.500,,56.151,54.303,
1273360.500,,55.511,54.421,
1273460.492,,55.576,53.787,
1273560.492,,55.385,52.097,
1273660.493,,54.654,50.683,
1273760.487,,55.053,50.264,
1273860.487,,53.837,50.702,
1273960.487,,53.723,50.618,
1274060.483,,54.005,49.751,
1274160.476,,52.662,49.506,
1274260.476,,54.213,51.863,
1274360.477,,56.442,53.412,
1274460.476,,57.486,53.148,
1274560.468,,57.371,52.369,
1274660.472,,57.019,52.870,
1274760.466,,57.064,53.814,
1274860.464,,56.640,53.294,
1274960.459,,56.504,55.256,
1275060.457,,56.588,55.863,
1275160.456,,55.657,54.265,
1275260.452,,55.358,55.043,
1275360.453,,56.969,56.840,
1275460.447,,56.619,55.859,
1275560.445,,57.033,55.802,
1275660.448,,56.468,54.644,
1275760.446,,56.982,54.466,
1275860.440,,56.836,54.141,
1275960.436,,57.045,54.639,
1276060.436,,57.100,54.824,
1276160.436,,57.253,54.496,
1276260.429,,57.114,53.937,
1276360.430,,57.122,54.923,
1276460.431,,56.909,55.163,
1276560.426,,57.035,54.656,
1276660.421,,56.919,53.984,
1276760.424,,56.556,53.512,
1276860.417,,56.830,53.065,
1276960.419,,56.944,53.073,
1277060.414,,56.257,52.152,
1277160.412,,56.430,52.749,
1277260.409,,56.706,53.265,
1277360.410,,57.209,54.038,
1277460.407,,56.981,54.462,
1277560.407,,56.794,54.273,
1277660.405,,56.492,55.663,
1277760.396,,56.621,55.825,
1277860.396,,56.877,55.373,
1277960.394,,56.531,55.663,
1278060.392,,56.383,54.894,
1278160.389,,56.220,55.365,
1278260.388,,56.141,54.757,
1278360.388,,56.119,54.458,
1278460.382,,56.108,53.934,
1278560.380,,56.619,54.167,
1278660.382,,57.028,55.053,
1278760.378,,56.174,53.976,
1278860.373,,55.139,54.246,
1278960.372,,55.119,54.704,
1279060.373,,55.278,55.215,
1279160.371,,55.453,53.631,
1279260.368,,55.090,52.948,
1279360.361,,55.228,52.545,
1279460.362,,55.331,52.362,
1279560.359,,55.367,52.133,
1279660.357,,56.421,54.322,
1279760.354,,56.582,54.835,
1279860.352,,56.019,52.347,
1279960.350,,55.748,52.225,
1280060.346,,55.745,53.045,
1280160.340,,55.689,52.799,
1280260.335,,55.633,54.899,
1280360.329,,56.840,55.430,
1280460.326,,57.055,54.481,
1280560.321,,55.555,52.940,
1280660.318,,55.428,53.112,
1280760.315,,55.275,53.091,
1280860.310,,55.533,53.437,
1280960.310,,55.260,53.377,
1281060.300,,56.902,55.258,
1281160.296,,56.836,52.846,
1281260.295,,55.531,52.758,
1281360.287,,55.725,53.008,
1281460.289,,55.945,53.200,
1281560.280,,55.791,53.542,
1281660.281,,55.652,53.226,
1281760.273,,56.755,54.505,
1281860.269,,55.961,52.603,
1281960.265,,55.413,52.247,
1282060.263,,56.819,53.607,
1282160.255,,56.264,53.348,
1282260.252,,56.562,54.587,
1282360.251,,56.732,55.008,
1282460.246,,56.907,54.387,
1282560.241,,55.485,52.925,
1282660.236,,55.973,56.530,
1282760.233,,56.706,56.809,
1282860.232,,56.797,55.286,
1282960.225,,56.734,55.387,
1283060.218,,56.859,56.074,
1283160.216,,57.065,56.654,
1283260.212,,57.317,56.959,
1283360.209,,57.544,57.802,
1283460.205,,57.589,57.171,
1283560.200,,57.484,57.380,
1283660.197,,57.190,57.081,
1283760.191,,56.948,55.914,
1283860.187,,56.470,55.020,
1283960.183,,56.482,54.629,
1284060.183,,56.565,53.752,
1284160.178,,56.604,53.263,
1284260.171,,56.478,53.008,
1284360.165,,56.604,52.744,
1284460.160,,56.615,52.255,
1284560.157,,55.997,51.764,
1284660.153,,56.038,51.561,
1284760.152,,55.769,50.834,
1284860.144,,56.552,52.616,
1284960.141,,57.160,53.790,
1285060.138,,57.109,54.195,
1285160.132,,57.021,53.539,
1285260.133,,57.172,53.228,
1285360.124,,57.164,53.317,
1285460.123,,57.356,53.068,
1285560.117,,57.506,52.861,
1285660.115,,57.308,53.378,
1285760.108,,57.198,53.081,
1285860.109,,56.895,52.260,
1285960.098,,56.577,51.890,
1286060.099,,56.642,52.290,
1286160.095,,56.556,52.503,
1286260.089,,56.471,51.928,
1286360.083,,57.040,51.904,
1286460.081,,57.022,51.870,
1286560.080,,57.283,52.039,
1286660.074,,57.429,52.738,
1286760.071,,57.628,52.875,
1286860.062,,57.953,53.785,
1286960.061,,57.936,54.560,
1287060.057,,57.871,54.045,
1287160.054,,57.214,53.155,
1287260.046,,56.912,52.659,
1287360.047,,56.689,52.883,
1287460.037,,56.944,52.787,
1287560.032,,56.569,51.864,
1287660.034,,55.864,50.654,
1287760.025,,56.038,50.858,
1287860.024,,55.335,51.319,
1287960.022,,56.010,51.927,
1288060.017,,56.164,53.094,
1288160.018,,56.865,53.501,
1288260.010,,57.281,54.085,
1288360.007,,57.137,54.571,
1288460.003,,56.975,54.848,
1288560.006,,57.215,55.239,
1288659.999,,57.583,55.377,
1288759.997,,57.780,56.465,
1288859.991,,57.626,55.941,
1288959.992,,57.340,54.993,
1289059.985,,57.511,54.874,
1289159.984,,57.317,53.518,
1289259.982,,56.792,53.346,
1289359.976,,56.372,52.823,
1289459.972,,56.933,53.229,
1289559.970,,57.186,53.617,
1289659.971,,57.287,53.790,
1289759.963,,57.417,53.825,
1289859.966,,57.789,53.568,
1289959.956,,57.208,52.438,
1290059.955,,57.228,53.786,
1290159.951,,57.904,54.022,
1290259.954,,57.891,54.669,
1290359.951,,57.500,54.977,
1290459.946,,57.882,55.307,
1290559.942,,58.020,55.634,
1290659.936,,57.949,55.657,
1290759.939,,57.909,55.123,
1290859.931,,57.823,54.873,
1290959.926,,57.384,54.509,
1291059.925,,57.623,54.310,
1291159.924,,56.994,53.977,
1291259.921,,57.005,53.804,
1291359.915,,57.115,54.662,
1291459.912,,57.488,54.577,
1291559.914,,57.474,54.641,
1291659.908,,57.819,55.187,
1291759.906,,57.806,55.261,
1291859.904,,57.995,55.696,
1291959.898,,57.712,55.144,
1292059.896,,57.692,55.743,
1292159.893,,57.744,55.086,
1292259.887,,57.454,54.568,
1292359.889,,57.346,54.626,
1292459.883,,58.032,55.604,
1292559.883,,57.961,55.036,
1292659.877,,57.659,53.935,
1292759.876,,57.266,54.383,
1292859.870,,57.599,54.037,
1292959.866,,57.947,53.920,
1293059.864,,57.599,54.140,
1293159.866,,57.639,54.194,
1293259.862,,57.843,54.435,
1293359.855,,57.849,54.461,
1293459.857,,58.015,55.232,
1293559.853,,57.375,55.253,
1293659.851,,57.467,55.990,
1293759.848,,57.858,56.804,
1293859.842,,57.726,56.388,
1293959.842,,57.778,55.916,
1294059.835,,57.979,56.434,
1294159.836,,58.016,56.525,
1294259.831,,57.768,56.583,
1294359.830,,57.788,56.223,
1294459.824,,57.750,56.049,
1294559.818,,57.768,56.566,
1294659.815,,57.784,56.595,
1294759.818,,57.780,56.688,
1294859.813,,57.971,56.267,
1294959.805,,57.627,56.367,
1295059.808,,57.508,56.346,
1295159.801,,57.551,55.573,
1295259.799,,57.387,55.445,
1295359.799,,57.510,55.468,
1295459.795,,57.418,55.087,
1295559.789,,57.468,54.839,
1295659.787,,57.714,54.948,
1295759.781,,57.683,54.861,
1295859.780,,57.744,54.717,
1295959.776,,57.391,53.597,
1296059.778,,57.103,53.547,
1296159.772,,57.172,53.292,
1296259.773,,57.038,53.737,
1296359.770,,57.164,53.668,
1296459.766,,57.166,54.034,
1296559.761,,57.335,53.813,
1296659.761,,57.161,53.410,
1296759.757,,56.818,53.429,
1296859.756,,56.780,53.327,
1296959.751,,57.700,53.344,
1297059.746,,57.567,54.032,
1297159.747,,57.170,54.036,
1297259.740,,57.622,55.339,
1297359.737,,57.865,55.430,
1297459.739,,57.614,55.583,
1297559.732,,57.949,55.521,
1297659.732,,57.568,55.735,
1297759.727,,57.757,55.671,
1297859.724,,57.575,54.968,
1297959.720,,57.188,53.275,
1298059.720,,56.576,52.838,
1298159.715,,56.389,53.761,
1298259.716,,57.121,53.639,
1298359.709,,56.514,52.706,
1298459.713,,56.230,53.099,
1298559.706,,56.767,53.686,
1298659.701,,57.401,54.578,
1298759.704,,57.638,54.891,
1298859.699,,57.636,55.205,
1298959.695,,57.777,55.112,
1299059.695,,57.783,54.968,
1299159.693,,57.743,54.001,
1299259.691,,57.451,53.837,
1299359.683,,57.314,53.654,
1299459.680,,57.083,52.639,
1299559.681,,56.789,52.017,
1299659.679,,56.419,52.662,
1299759.672,,56.749,53.029,
1299859.668,,56.680,53.295,
1299959.671,,56.679,54.026,
1300059.668,,56.845,53.927,
1300159.664,,56.968,54.168,
1300259.662,,57.254,54.072,
1300359.661,,57.250,54.878,
1300459.655,,57.117,54.737,
1300559.651,,56.892,54.342,
1300659.648,,57.241,53.536,
1300759.649,,56.713,52.574,
1300859.643,,56.642,52.660,
1300959.638,,55.293,52.268,
1301059.640,,54.966,52.818,
1301159.638,,55.694,53.212,
1301259.631,,56.222,53.230,
1301359.629,,55.923,54.502,
1301459.628,,55.952,54.819,
1301559.627,,56.897,54.642,
1301659.625,,56.380,54.847,
1301759.618,,56.350,55.019,
1301859.620,,56.393,53.911,
1301959.615,,56.650,53.808,
1302059.613,,55.794,53.463,
1302159.608,,56.231,52.844,
1302259.606,,56.789,52.752,
1302359.603,,55.706,53.192,
1302459.599,,56.247,53.527,
1302559.600,,57.445,54.351,
1302659.597,,57.883,54.851,
1302759.595,,57.739,54.284,
1302859.590,,57.925,54.550,
1302959.585,,57.697,54.492,
1303059.584,,57.513,53.344,
1303159.583,,57.098,52.640,
1303259.579,,56.772,52.358,
1303359.576,,57.004,53.131,
1303459.575,,56.781,54.118,
1303559.570,,57.447,55.321,
1303659.568,,57.571,55.915,
1303759.564,,57.410,55.913,
1303859.561,,56.984,55.174,
1303959.559,,57.018,54.734,
1304059.551,,57.082,53.932,
1304159.549,,56.902,53.502,
1304259.543,,56.824,52.849,
1304359.544,,57.022,53.455,
1304459.535,,57.033,52.929,
1304559.532,,56.684,52.876,
1304659.531,,56.675,54.085,
1304759.528,,56.949,54.601,
1304859.523,,56.894,55.110,
1304959.518,,57.015,55.266,
1305059.516,,57.124,56.038,
1305159.513,,57.257,56.113,
1305259.505,,57.265,56.647,
1305359.503,,57.273,57.919,
1305459.497,,57.433,58.212,
1305559.495,,57.425,58.318,
1305659.490,,57.348,57.803,
1305759.490,,57.275,57.784,
1305859.482,,57.311,57.653,
1305959.480,,57.197,58.154,
1306059.476,,57.544,58.183,
1306159.475,,57.324,57.902,
1306259.467,,57.148,58.307,
1306359.464,,57.378,58.939,
1306459.464,,57.237,59.241,
1306559.458,,57.227,59.230,
1306659.454,,57.072,58.489,
1306759.451,,57.080,57.418,
1306859.445,,57.014,57.202,
1306959.438,,57.117,57.285,
1307059.440,,57.058,57.420,
1307159.436,,56.994,58.020,
1307259.429,,56.970,57.860,
1307359.428,,56.988,57.673,
1307459.422,,56.824,57.423,
1307559.416,,57.073,57.263,
1307659.416,,57.062,58.554,
1307759.408,,57.414,58.002,
1307859.409,,56.427,55.613,
1307959.403,,56.403,56.036,
1308059.400,,57.074,56.356,
1308159.393,,57.500,56.616,
1308259.390,,57.435,56.482,
1308359.390,,57.274,56.048,
1308459.381,,57.265,54.849,
1308559.376,,57.050,54.601,
1308659.372,,56.463,53.495,
1308759.373,,55.654,52.832,
1308859.366,,55.759,53.989,
1308959.364,,55.109,54.223,
1309059.358,,55.187,54.348,
1309159.359,,55.319,53.515,
1309259.352,,55.192,53.361,
1309359.346,,54.934,53.265,
1309459.344,,54.910,53.138,
1309559.343,,55.160,53.081,
1309659.335,,55.540,52.825,
1309759.333,,55.439,52.480,
1309859.328,,55.292,51.833,
1309959.326,,54.730,51.609,
1310059.322,,55.532,51.859,
1310159.318,,56.086,53.327,
1310259.314,,56.757,53.970,
1310359.308,,57.006,55.430,
1310459.303,,57.319,55.193,
1310559.299,,57.050,55.511,
1310659.296,,57.281,55.601,
1310759.295,,57.353,55.800,
1310859.290,,57.160,55.738,
1310959.287,,56.969,56.654,
1311059.282,,57.455,55.686,
1311159.279,,57.194,55.380,
1311259.278,,56.379,54.293,
1311359.273,,55.957,53.989,
1311459.269,,56.441,54.878,
1311559.264,,56.338,54.232,
1311659.258,,55.979,54.394,
1311759.255,,56.410,54.973,
1311859.249,,56.881,55.463,
1311959.247,,57.136,56.194,
1312059.246,,57.035,56.419,
1312159.240,,57.316,55.994,
1312259.239,,57.425,55.538,
1312359.237,,57.562,55.518,
1312459.231,,57.327,55.090,
1312559.231,,57.091,55.060,
1312659.227,,56.982,54.915,
1312759.221,,56.822,54.491,
1312859.221,,56.610,54.515,
1312959.218,,57.428,54.397,
1313059.215,,56.593,53.705,
1313159.210,,56.626,54.259,
1313259.211,,57.486,55.374,
1313359.205,,57.594,55.079,
1313459.202,,57.594,54.451,
1313559.201,,57.584,54.260,
1313659.193,,57.260,54.437,
1313759.195,,57.434,54.392,
1313859.186,,57.137,54.138,
1313959.189,,56.852,54.066,
1314059.184,,56.982,54.229,
1314159.180,,57.059,53.655,
1314259.180,,56.595,53.317,
1314359.171,,56.654,53.278,
1314459.173,,57.013,53.511,
1314559.167,,56.939,52.388,
1314659.166,,56.385,52.291,
1314759.163,,56.612,52.418,
1314859.159,,56.800,53.080,
1314959.155,,57.036,53.593,
1315059.151,,56.795,53.598,
1315159.147,,56.721,54.650,
1315259.147,,57.200,54.708,
1315359.142,,57.146,54.816,
1315459.138,,57.222,55.839,
1315559.136,,57.441,55.436,
1315659.135,,57.278,54.696,
1315759.130,,57.027,53.477,
1315859.130,,56.812,52.959,
1315959.127,,56.388,52.822,
1316059.124,,56.829,53.157,
1316159.115,,57.271,52.823,
1316259.117,,57.246,53.104,
1316359.113,,57.449,53.186,
1316459.108,,57.359,52.204,
1316559.109,,56.883,52.273,
1316659.102,,56.538,52.435,
1316759.100,,56.616,53.028,
1316859.093,,56.868,53.152,
1316959.091,,56.869,53.085,
1317059.089,,56.699,52.942,
1317159.088,,56.555,53.786,
1317259.081,,56.765,53.998,
1317359.079,,57.003,53.593,
1317459.077,,56.658,53.061,
1317559.073,,55.976,53.033,
1317659.073,,56.469,54.451,
1317759.070,,56.571,54.683,
1317859.064,,56.554,54.290,
1317959.060,,56.837,54.464,
1318059.063,,56.869,53.869,
1318159.059,,56.792,53.695,
1318259.049,,57.255,54.112,
1318359.052,,56.898,53.869,
1318459.044,,57.182,54.229,
1318559.043,,56.987,53.262,
1318659.041,,56.474,52.500,
1318759.034,,56.383,52.478,
1318859.036,,56.488,51.829,
1318959.032,,56.105,50.893,
1319059.028,,55.801,50.439,
1319159.026,,55.875,51.508,
1319259.021,,56.817,53.127,
1319359.016,,57.103,53.067,
1319459.017,,57.091,53.132,
1319559.012,,56.680,53.129,
1319659.008,,56.748,53.569,
1319759.009,,56.698,53.559,
1319859.002,,56.909,53.895,
1319958.999,,56.754,54.304,
1320058.994,,57.022,54.607,
1320158.992,,57.085,54.974,
1320258.992,,57.065,55.383,
1320358.986,,56.754,55.623,
1320458.981,,56.725,56.822,
1320558.981,,57.006,56.905,
1320658.976,,56.806,57.401,
1320758.976,,56.849,58.410,
1320858.974,,57.062,59.497,
1320958.964,,57.066,59.705,
1321058.962,,57.157,60.303,
1321158.962,,57.379,60.564,
1321258.960,,57.331,60.933,
1321358.954,,57.396,60.107,
1321458.949,,57.484,59.888,
1321558.950,,57.304,59.841,
1321658.947,,57.217,59.719,
1321758.943,,57.225,59.293,
1321858.934,,56.985,59.039,
1321958.931,,57.087,59.272,
1322058.934,,57.088,59.754,
1322158.924,,57.035,59.864,
1322258.924,,57.066,59.620,
1322358.924,,56.994,59.276,
1322458.916,,57.036,59.311,
1322558.917,,57.181,59.634,
1322658.910,,57.172,59.803,
1322758.904,,57.334,59.898,
1322858.903,,57.399,60.568,
1322958.901,,57.276,60.240,
1323058.901,,56.999,59.327,
1323158.896,,57.068,58.649,
1323258.890,,57.066,58.593,
1323358.889,,57.123,58.723,
1323458.884,,57.454,59.057,
1323558.880,,57.500,58.067,
1323658.879,,56.777,56.868,
1323758.875,,56.991,56.339,
1323858.874,,56.972,56.403,
1323958.870,,57.288,56.008,
1324058.864,,57.217,55.807,
1324158.865,,57.394,55.897,
1324258.857,,57.440,55.327,
1324358.858,,57.427,55.234,
1324458.851,,57.211,54.732,
1324558.847,,56.797,54.776,
1324658.846,,57.180,55.388,
1324758.839,,56.842,56.393,
1324858.840,,57.523,56.528,
1324958.835,,57.629,55.840,
1325058.833,,57.651,55.005,
1325158.829,,56.554,54.672,
1325258.824,,56.693,54.633,
1325358.820,,56.911,54.100,
1325458.815,,56.366,54.626,
1325558.816,,56.469,55.381,
1325658.812,,56.588,54.988,
1325758.810,,56.536,55.892,
1325858.802,,56.764,56.175,
1325958.800,,56.512,56.084,
1326058.801,,56.309,56.899,
1326158.797,,56.713,57.143,
1326258.793,,55.686,55.927,
1326358.790,,56.052,55.540,
1326458.783,,55.374,54.956,
1326558.779,,55.327,55.653,
1326658.779,,56.683,55.930,
1326758.779,,57.303,56.276,
1326858.774,,57.406,57.325,
1326958.766,,57.405,59.198,
1327058.768,,57.567,58.903,
1327158.762,,57.134,58.372,
1327258.760,,57.593,58.479,
1327358.755,,57.818,56.980,
1327458.754,,56.978,56.799,
1327558.751,,57.361,56.574,
1327658.745,,57.589,56.360,
1327758.742,,57.418,55.407,
1327858.740,,56.585,54.506,
1327958.737,,55.406,54.038,
1328058.736,,56.044,53.875,
1328158.731,,56.177,53.674,
1328258.732,,55.620,54.406,
1328358.725,,56.808,55.252,
1328458.727,,57.232,55.077,
1328558.724,,57.349,55.484,
1328658.719,,57.303,55.399,
1328758.716,,57.630,54.685,
1328858.717,,57.288,55.440,
1328958.712,,57.172,55.527,
1329058.707,,57.569,55.995,
1329158.704,,57.485,55.098,
1329258.707,,57.208,55.254,
1329358.701,,57.524,55.941,
1329458.700,,57.394,57.149,
1329558.700,,57.495,57.878,
1329658.696,,57.036,56.249,
1329758.695,,56.824,55.543,
1329858.693,,56.615,54.845,
1329958.685,,56.472,54.660,
1330058.684,,56.688,54.778,
1330158.679,,56.472,53.897,
1330258.681,,56.355,53.251,
1330358.678,,56.310,53.354,
1330458.674,,56.596,53.698,
1330558.674,,56.557,53.625,
1330658.672,,55.727,53.984,
1330758.668,,55.632,55.911,
1330858.668,,55.840,56.318,
1330958.663,,55.543,55.003,
1331058.662,,55.510,55.681,
1331158.660,,56.174,56.436,
1331258.655,,56.713,56.493,
1331358.649,,56.707,56.053,
1331458.652,,57.013,56.626,
1331558.647,,57.204,56.392,
1331658.643,,56.573,56.272,
1331758.643,,56.960,56.552,
1331858.641,,57.169,57.299,
1331958.635,,57.300,57.413,
1332058.634,,57.070,56.774,
1332158.635,,56.989,56.238,
1332258.631,,56.843,55.472,
1332358.625,,56.920,54.999,
1332458.625,,56.660,54.253,
1332558.624,,56.289,53.834,
1332658.619,,56.746,53.748,
1332758.618,,56.193,53.553,
1332858.612,,56.255,53.411,
1332958.614,,56.471,54.068,
1333058.614,,56.049,55.203,
1333158.606,,56.197,55.403,
1333258.607,,56.291,55.992,
1333358.606,,56.101,54.833,
1333458.600,,55.625,54.364,
1333558.598,,55.941,54.346,
1333658.595,,55.562,54.470,
1333758.595,,54.815,54.302,
1333858.592,,54.850,53.946,
1333958.587,,54.367,53.336,
1334058.587,,55.051,53.754,
1334158.580,,55.227,53.371,
1334258.583,,55.546,52.992,
1334358.581,,55.581,53.999,
1334458.579,,54.910,53.510,
1334558.577,,55.922,53.056,
1334658.572,,56.338,54.077,
1334758.567,,56.651,55.792,
1334858.568,,57.623,56.356,
1334958.563,,57.799,56.130,
1335058.561,,57.530,55.581,
1335158.558,,56.813,54.614,
1335258.559,,55.792,55.005,
1335358.553,,56.462,54.359,
1335458.552,,56.026,54.178,
1335558.549,,56.189,54.887,
1335658.547,,55.558,54.966,
1335758.544,,55.324,56.694,
1335858.542,,55.907,56.956,
1335958.542,,56.141,57.624,
1336058.534,,56.170,57.188,
1336158.535,,55.349,57.133,
1336258.530,,56.252,57.049,
1336358.529,,56.693,55.696,
1336458.531,,56.086,55.066,
1336558.528,,56.119,55.818,
1336658.521,,56.160,57.912,
1336758.525,,56.384,58.018,
1336858.521,,55.194,56.255,
1336958.517,,54.500,57.329,
1337058.512,,56.366,58.420,
1337158.515,,56.107,57.715,
1337258.511,,56.317,57.672,
1337358.509,,56.092,58.138,
1337458.502,,55.835,58.656,
1337558.503,,56.136,58.321,
1337658.503,,56.286,58.330,
1337758.501,,55.879,57.092,
1337858.497,,54.892,56.980,
1337958.496,,55.081,56.555,
1338058.490,,55.044,55.907,
1338158.487,,54.977,56.516,
1338258.491,,54.968,57.482,
1338358.488,,55.046,57.948,
1338458.486,,55.307,58.092,
1338558.483,,55.623,58.790,
1338658.479,,56.031,60.096,
1338758.479,,56.347,60.036,
1338858.475,,56.175,60.518,
1338958.471,,56.268,59.344,
1339058.471,,55.278,58.939,
1339158.470,,55.221,57.363,
1339258.468,,54.540,56.937,
1339358.460,,54.882,56.113,
1339458.460,,54.618,57.211,
1339558.457,,55.293,57.970,
1339658.453,,55.293,56.581,
1339758.453,,54.805,55.474,
1339858.450,,53.616,54.733,
1339958.451,,54.669,54.457,
1340058.449,,54.182,55.236,
1340158.444,,54.278,54.878,
1340258.446,,55.562,53.487,
1340358.441,,55.466,55.524,
1340458.441,,55.307,54.868,
1340558.438,,55.639,54.954,
1340658.432,,54.863,54.731,
1340758.431,,55.529,54.329,
1340858.431,,55.937,55.754,
1340958.425,,54.816,56.594,
1341058.429,,56.270,56.395,
1341158.423,,55.836,56.791,
1341258.423,,56.273,55.964,
1341358.421,,56.507,56.231,
1341458.417,,56.574,56.802,
1341558.415,,56.361,57.307,
1341658.412,,56.923,57.396,
1341758.410,,56.832,57.423,
1341858.406,,56.510,57.135,
1341958.408,,56.933,55.966,
1342058.406,,57.050,55.821,
1342158.402,,56.258,55.032,
1342258.402,,56.598,54.408,
1342358.396,,56.521,54.245,
1342458.392,,56.005,54.484,
1342558.390,,55.918,54.019,
1342658.389,,56.382,53.949,
1342758.386,,55.614,54.086,
1342858.383,,55.840,54.046,
1342958.380,,56.491,54.506,
1343058.383,,56.360,55.292,
1343158.377,,55.954,55.236,
1343258.378,,56.442,55.362,
1343358.373,,56.477,55.014,
1343458.369,,56.220,54.824,
1343558.371,,56.430,54.287,
1343658.365,,56.111,54.612,
1343758.362,,56.142,54.508,
1343858.364,,56.192,54.425,
1343958.357,,56.434,54.841,
1344058.357,,55.983,55.386,
1344158.355,,56.287,55.772,
1344258.354,,56.398,55.716,
1344358.345,,56.538,57.179,
1344458.345,,56.381,57.166,
1344558.340,,56.489,56.527,
1344658.339,,56.624,56.337,
1344758.337,,56.185,56.070,
1344858.336,,56.041,55.358,
1344958.334,,56.346,54.352,
1345058.328,,56.123,54.674,
1345158.322,,55.369,55.080,
1345258.322,,56.148,54.962,
1345358.320,,56.282,54.243,
1345458.319,,56.438,54.651,
1345558.311,,56.263,54.865,
1345658.308,,56.400,54.586,
1345758.305,,56.511,55.560,
1345858.308,,56.238,56.696,
1345958.302,,56.010,55.852,
1346058.300,,56.158,56.603,
1346158.299,,55.847,56.153,
1346258.289,,55.354,56.282,
1346358.286,,55.856,56.002,
1346458.288,,56.067,56.099,
1346558.287,,55.646,56.635,
1346658.279,,56.362,56.479,
1346758.277,,56.557,55.724,
1346858.277,,56.272,55.965,
1346958.270,,56.470,55.394,
1347058.268,,56.415,56.064,
1347158.268,,56.462,55.653,
1347258.265,,56.554,55.411,
1347358.260,,56.076,56.066,
1347458.260,,56.298,55.098,
1347558.257,,55.920,55.493,
1347658.252,,56.180,55.711,
1347758.251,,56.405,55.985,
1347858.245,,55.767,55.976,
1347958.244,,56.056,57.603,
1348058.238,,56.348,57.026,
1348158.236,,56.254,57.099,
1348258.237,,56.151,56.913,
1348358.231,,56.325,55.763,
1348458.225,,56.246,54.984,
1348558.226,,56.146,54.334,
1348658.222,,55.996,54.364,
1348758.221,,55.854,54.612,
1348858.215,,56.004,54.634,
1348958.212,,55.708,55.115,
1349058.213,,56.039,54.936,
1349158.211,,55.624,52.839,
1349258.203,,54.758,52.795,
1349358.204,,55.429,53.848,
1349458.197,,55.696,53.556,
1349558.194,,55.502,53.610,
1349658.196,,55.451,53.236,
1349758.190,,55.672,53.710,
1349858.185,,54.650,52.502,
1349958.182,,55.078,53.682,
1350058.179,,56.128,54.708,
1350158.179,,55.791,54.752,
1350258.173,,55.912,54.587,
1350358.169,,56.440,54.588,
1350458.166,,56.377,54.586,
1350558.164,,56.164,54.348,
1350658.162,,55.999,54.379,
1350758.162,,56.924,55.443,
1350858.156,,56.950,55.157,
1350958.157,,56.641,54.920,
1351058.153,,56.386,54.593,
1351158.145,,55.896,54.431,
1351258.148,,55.680,54.603,
1351358.144,,55.202,53.409,
1351458.141,,54.873,54.074,
1351558.140,,56.037,54.888,
1351658.135,,55.565,55.526,
1351758.130,,55.407,56.288,
1351858.128,,56.410,55.876,
1351958.125,,56.412,55.137,
1352058.118,,56.112,55.493,
1352158.114,,56.235,54.692,
1352258.115,,55.511,54.233,
1352358.108,,55.402,54.596,
1352458.108,,54.524,53.524,
1352558.106,,54.199,53.719,
1352658.101,,54.376,53.545,
1352758.096,,55.704,55.486,
1352858.088,,55.749,55.955,
1352958.085,,56.624,57.021,
1353058.084,,57.039,57.144,
1353158.079,,56.858,56.523,
1353258.077,,57.052,55.714,
1353358.073,,56.522,55.468,
1353458.068,,56.688,55.244,
1353558.067,,56.428,55.756,
1353658.063,,56.219,55.554,
1353758.059,,56.861,55.319,
1353858.054,,56.701,55.312,
1353958.048,,57.122,56.536,
1354058.047,,57.056,57.006,
1354158.043,,56.932,57.575,
1354258.036,,57.022,58.332,
1354358.037,,56.871,58.680,
1354458.033,,56.264,57.027,
1354558.028,,55.929,56.533,
1354658.026,,56.643,57.550,
1354758.022,,56.963,57.951,
1354858.017,,56.984,57.752,
1354958.015,,56.963,58.123,
1355058.006,,57.317,57.479,
1355158.009,,55.996,57.270,
1355257.999,,55.936,56.185,
1355358.002,,56.045,56.333,
1355457.996,,56.526,56.587,
1355557.993,,56.865,56.848,
1355657.988,,56.878,57.521,
1355757.980,,56.702,56.130,
1355857.978,,56.054,55.711,
1355957.976,,56.125,56.354,
1356057.973,,56.894,56.138,
1356157.972,,56.924,56.108,
1356257.968,,56.996,56.485,
1356357.964,,56.902,57.389,
1356457.963,,57.079,57.871,
1356557.957,,56.113,56.437,
1356657.954,,56.153,56.644,
1356757.948,,56.451,55.971,
1356857.942,,56.593,55.300,
1356957.943,,56.517,54.955,
1357057.937,,56.147,54.560,
1357157.931,,56.233,53.946,
1357257.928,,55.708,54.180,
1357357.927,,55.436,54.341,
1357457.924,,55.132,54.206,
1357557.918,,54.829,53.490,
1357657.911,,54.847,53.242,
1357757.906,,54.758,54.317,
1357857.903,,55.368,53.020,
1357957.903,,55.181,54.452,
1358057.901,,56.358,54.646,
1358157.894,,56.871,54.229,
1358257.888,,56.660,54.484,
1358357.886,,57.255,54.801,
1358457.886,,57.308,54.999,
1358557.877,,57.051,54.603,
1358657.875,,57.089,54.209,
1358757.873,,57.113,53.584,
1358857.866,,56.351,53.868,
1358957.868,,56.386,54.535,
1359057.860,,57.069,54.782,
1359157.856,,57.217,54.629,
1359257.856,,56.446,53.340,
1359357.853,,55.493,52.748,
1359457.845,,55.483,52.975,
1359557.842,,55.700,53.711,
1359657.838,,55.457,53.406,
1359757.837,,55.593,53.400,
1359857.834,,56.050,53.074,
1359957.829,,55.667,53.104,
1360057.827,,55.796,53.325,
1360157.820,,56.322,53.782,
1360257.821,,56.914,54.007,
1360357.818,,56.634,53.988,
1360457.815,,56.794,53.856,
1360557.816,,56.839,54.022,
1360657.811,,56.884,54.047,
1360757.807,,56.322,53.835,
1360857.806,,56.575,54.195,
1360957.799,,56.622,54.845,
1361057.797,,56.783,54.913,
1361157.799,,56.408,54.898,
1361257.791,,56.594,54.864,
1361357.788,,56.856,54.901,
1361457.787,,56.890,55.587,
1361557.787,,56.997,56.034,
1361657.781,,56.931,56.360,
1361757.781,,56.864,57.108,
1361857.778,,56.790,58.520,
1361957.773,,56.871,58.092,
1362057.775,,56.790,58.514,
1362157.766,,57.186,58.917,
1362257.764,,56.759,59.711,
1362357.763,,56.835,59.642,
1362457.764,,57.042,57.256,
1362557.755,,56.364,56.867,
1362657.758,,56.241,55.784,
1362757.755,,56.428,56.017,
1362857.747,,56.857,55.918,
1362957.746,,56.959,56.155,
1363057.745,,56.953,56.811,
1363157.744,,57.071,57.001,
1363257.738,,57.046,56.746,
1363357.739,,56.847,55.241,
1363457.732,,56.159,55.015,
1363557.732,,56.142,54.807,
1363657.732,,56.713,54.878,
1363757.723,,56.864,55.076,
1363857.722,,56.993,55.527,
1363957.719,,56.994,55.847,
1364057.717,,56.949,56.117,
1364157.717,,56.276,55.481,
1364257.712,,56.055,55.265,
1364357.711,,56.243,55.336,
1364457.706,,56.623,55.619,
1364557.707,,57.040,55.788,
1364657.703,,56.804,56.011,
1364757.696,,57.104,56.181,
1364857.696,,56.942,56.371,
1364957.693,,56.719,55.247,
1365057.689,,55.953,56.043,
1365157.684,,56.367,56.729,
1365257.684,,56.667,56.278,
1365357.682,,56.593,55.537,
1365457.681,,56.496,55.038,
1365557.674,,56.503,55.360,
1365657.675,,56.221,54.971,
1365757.674,,56.132,55.132,
1365857.669,,56.410,54.718,
1365957.665,,56.624,54.608,
1366057.666,,56.775,54.944,
1366157.658,,56.642,55.076,
1366257.661,,56.537,54.305,
1366357.654,,56.313,53.304,
1366457.653,,55.631,52.465,
1366557.647,,56.202,53.431,
1366657.645,,57.004,53.945,
1366757.645,,56.902,53.507,
1366857.643,,57.092,54.335,
1366957.637,,57.768,54.699,
1367057.638,,57.372,54.260,
1367157.631,,56.626,54.730,
1367257.631,,57.394,55.410,
1367357.630,,57.888,55.518,
1367457.622,,57.664,55.279,
1367557.620,,57.208,53.327,
1367657.620,,56.124,53.352,
1367757.620,,56.402,53.316,
1367857.615,,56.138,52.917,
1367957.614,,56.012,52.435,
1368057.609,,56.297,52.782,
1368157.607,,56.475,52.588,
1368257.605,,56.363,52.696,
1368357.602,,56.523,52.578,
1368457.600,,56.717,53.113,
1368557.598,,56.603,52.562,
1368657.599,,56.808,52.087,
1368757.595,,56.345,53.516,
1368857.597,,56.651,54.356,
1368957.591,,56.980,53.856,
1369057.590,,57.036,53.646,
1369157.590,,56.849,53.531,
1369257.589,,56.469,53.118,
1369357.582,,56.417,53.226,
1369457.583,,56.629,53.333,
1369557.578,,56.899,53.535,
1369657.581,,57.355,54.000,
1369757.579,,57.373,53.614,
1369857.571,,57.194,53.602,
1369957.572,,57.058,54.900,
1370057.570,,57.280,54.844,
1370157.565,,57.295,54.598,
1370257.569,,57.155,54.268,
1370357.566,,57.221,53.508,
1370457.566,,56.778,53.431,
1370557.557,,56.831,53.924,
1370657.559,,57.046,53.808,
1370757.556,,57.116,53.599,
1370857.555,,57.093,53.694,
1370957.549,,57.130,55.025,
1371057.552,,57.098,55.516,
1371157.549,,56.537,55.294,
1371257.546,,56.273,55.467,
1371357.546,,56.241,55.473,
1371457.539,,56.114,55.678,
1371557.540,,56.198,55.116,
1371657.537,,56.166,54.635,
1371757.536,,55.962,54.330,
1371857.537,,56.394,54.266,
1371957.531,,56.608,55.350,
1372057.530,,56.950,54.722,
1372157.526,,56.620,55.185,
1372257.528,,56.972,55.035,
1372357.524,,56.648,54.785,
1372457.526,,56.961,54.580,
1372557.519,,56.637,54.307,
1372657.519,,56.270,53.785,
1372757.519,,56.067,54.258,
1372857.514,,56.132,53.835,
1372957.510,,55.147,54.027,
1373057.508,,55.920,54.425,
1373157.506,,56.488,54.593,
1373257.506,,56.736,54.697,
1373357.502,,57.197,54.546,
1373457.506,,57.114,53.796,
1373557.499,,57.175,54.224,
1373657.496,,57.320,54.180,
1373757.496,,57.580,54.562,
1373857.492,,57.375,53.509,
1373957.492,,56.738,53.362,
1374057.491,,56.864,53.715,
1374157.491,,56.551,53.123,
1374257.489,,56.727,53.058,
1374357.483,,56.796,53.411,
1374457.486,,56.918,53.380,
1374557.483,,57.196,53.080,
1374657.481,,57.257,53.798,
1374757.478,,57.293,54.414,
1374857.476,,57.001,54.195,
1374957.471,,55.134,52.901,
1375057.468,,55.429,54.343,
1375157.470,,56.015,53.518,
1375257.467,,55.389,53.401,
1375357.465,,55.688,53.286,
1375457.465,,56.900,55.663,
1375557.460,,57.494,55.289,
1375657.459,,56.856,52.528,
1375757.460,,55.661,52.406,
1375857.458,,56.008,53.310,
1375957.452,,56.066,51.705,
1376057.445,,56.866,54.407,
1376157.446,,57.478,53.714,
1376257.439,,57.011,52.161,
1376357.437,,55.534,52.208,
1376457.430,,56.630,53.572,
1376557.425,,56.734,53.184,
1376657.426,,56.815,52.728,
1376757.422,,56.898,52.936,
1376857.414,,57.051,53.042,
1376957.411,,57.180,52.822,
1377057.408,,57.144,52.645,
1377157.405,,56.517,52.216,
1377257.398,,56.406,52.275,
1377357.396,,56.331,52.784,
1377457.390,,56.700,52.598,
1377557.386,,57.019,52.608,
1377657.382,,56.512,52.773,
1377757.375,,56.337,53.180,
1377857.373,,56.348,53.289,
1377957.371,,56.824,53.163,
1378057.364,,56.974,53.069,
1378157.365,,56.710,53.404,
1378257.358,,56.644,53.116,
1378357.356,,56.601,53.370,
1378457.352,,56.924,53.921,
1378557.347,,56.683,54.176,
1378657.343,,56.531,53.193,
1378757.340,,55.895,53.598,
1378857.331,,56.452,54.369,
1378957.332,,56.893,55.374,
1379057.324,,57.306,56.568,
1379157.319,,57.694,56.574,
1379257.314,,57.166,56.481,
1379357.316,,57.402,56.407,
1379457.310,,56.506,54.864,
1379557.305,,56.754,55.865,
1379657.302,,57.325,55.891,
1379757.296,,56.925,55.298,
1379857.290,,56.918,54.547,
1379957.286,,56.311,54.222,
1380057.282,,56.582,54.831,
1380157.282,,56.813,54.763,
1380257.280,,56.872,54.572,
1380357.273,,56.942,54.613,
1380457.271,,57.033,54.424,
1380557.263,,56.854,54.002,
1380657.260,,56.878,53.626,
1380757.253,,56.764,53.451,
1380857.252,,56.598,53.010,
1380957.248,,56.757,52.681,
1381057.246,,56.420,53.185,
1381157.241,,55.975,52.342,
1381257.232,,56.532,52.920,
1381357.233,,56.763,53.133,
1381457.227,,56.572,52.781,
1381557.221,,56.621,52.702,
1381657.219,,56.548,52.888,
1381757.217,,56.486,52.488,
1381857.210,Input1*2*0,55.865,52.420,
1381957.205,Input1*2*1,55.913,52.660,
1382057.202,,56.437,53.291,
1382157.196,,56.507,54.081,
1382257.196,,56.521,57.296,
1382357.188,,56.645,58.654,
1382457.187,,56.552,58.493,
1382557.185,,56.773,57.833,
1382657.178,,56.706,56.691,
1382757.174,,56.790,55.897,
1382857.173,,56.794,55.806,
1382957.166,,56.687,55.911,
1383057.162,,56.929,55.618,
1383157.159,,56.858,55.053,
1383257.144,,56.952,55.025,
1383357.147,,56.863,54.366,
1383457.143,,56.313,54.079,
1383557.139,,57.189,54.996,
1383657.137,,57.091,54.379,
1383757.134,,57.347,54.650,
1383857.126,,57.388,55.400,
1383957.123,,57.734,55.827,
1384057.124,,57.300,55.001,
1384157.120,,57.190,54.638,
1384257.114,,57.184,54.485,
1384357.109,,57.277,54.784,
1384457.109,,57.124,54.159,
1384557.103,,57.119,53.916,
1384657.103,,56.690,53.495,
1384757.093,,56.314,52.665,
1384857.094,,56.442,53.051,
1384957.090,,56.525,53.482,
1385057.083,,57.153,53.492,
1385157.078,,56.740,53.759,
1385257.080,,57.159,54.380,
1385357.073,,57.333,54.270,
1385457.067,,57.085,53.581,
1385557.067,,56.938,53.497,
1385657.062,,56.917,53.454,
1385757.058,,57.425,54.121,
1385857.056,,57.653,53.799,
1385957.049,,57.577,54.217,
1386057.049,,57.459,54.116,
1386157.043,,57.273,54.187,
1386257.043,,57.485,53.970,
1386357.037,,57.392,54.087,
1386457.030,,57.224,53.864,
1386557.026,,57.166,55.006,
1386657.028,,57.208,54.663,
1386757.020,,57.066,54.260,
1386857.016,,57.118,54.555,
1386957.012,,57.218,54.957,
1387057.013,,57.042,54.906,
1387157.009,,56.801,55.106,
1387257.004,,56.704,54.893,
1387356.997,,56.636,54.598,
1387456.999,,56.666,54.128,
1387556.992,,56.738,54.474,
1387656.986,,56.624,54.558,
1387756.982,,56.806,55.033,
1387856.984,,57.102,55.258,
1387956.978,,57.239,55.038,
1388056.972,,57.115,54.777,
1388156.970,,57.440,54.642,
1388256.965,,57.498,54.794,
1388356.961,,57.590,54.888,
1388456.961,,57.437,54.227,
1388556.958,,56.724,54.063,
1388656.948,,57.132,54.165,
1388756.946,,57.196,54.341,
1388856.947,,56.915,54.577,
1388956.939,,56.852,54.884,
1389056.938,,56.640,54.914,
1389156.934,,56.768,55.327,
1389256.926,,56.672,55.275,
1389356.927,,57.106,55.296,
1389456.919,,57.122,55.124,
1389556.915,,57.224,55.189,
1389656.913,,57.497,55.055,
1389756.914,,57.470,54.419,
1389856.910,,57.233,53.556,
1389956.900,,56.703,53.008,
1390056.900,,56.304,53.159,
1390156.893,,56.286,52.978,
1390256.891,,56.369,53.290,
1390356.891,,56.516,51.867,
1390456.885,,56.250,52.340,
1390556.883,,56.357,51.949,
1390656.879,,56.797,52.027,
1390756.873,,56.838,52.105,
1390856.867,,56.883,53.349,
1390956.866,,56.656,53.041,
1391056.860,,56.270,53.044,
1391156.861,,56.141,53.079,
1391256.858,,56.110,53.380,
1391356.850,,56.181,53.559,
1391456.850,,56.487,53.326,
1391556.842,,55.837,53.070,
1391656.837,,56.299,53.885,
1391756.837,,56.440,54.253,
1391856.829,,55.879,53.761,
1391956.831,,55.690,54.594,
1392056.828,,56.074,54.614,
1392156.827,,55.946,54.289,
1392256.823,,56.173,53.875,
1392356.821,,55.765,53.543,
1392456.816,,56.057,53.067,
1392556.812,,56.121,52.624,
1392656.813,,56.009,53.425,
1392756.811,,56.302,54.070,
1392856.805,,56.597,54.340,
1392956.808,,56.815,54.792,
1393056.800,,57.208,54.480,
1393156.802,,57.207,53.678,
1393256.796,,56.979,52.917,
1393356.793,,56.703,52.359,
1393456.794,,56.514,51.979,
1393556.787,,56.371,52.197,
1393656.789,,56.398,51.674,
1393756.782,,56.238,51.429,
1393856.780,,56.967,52.052,
1393956.781,,57.094,52.283,
1394056.776,,56.836,52.016,
1394156.777,,57.199,52.117,
1394256.769,,56.815,51.454,
1394356.768,,56.589,52.013,
1394456.764,,56.602,51.329,
1394556.764,,56.113,51.249,
1394656.766,,55.740,51.293,
1394756.761,,56.545,51.543,
1394856.759,,56.647,51.876,
1394956.752,,56.549,51.562,
1395056.755,,56.715,51.314,
1395156.753,,56.650,50.856,
1395256.750,,56.320,50.559,
1395356.743,,55.854,49.943,
1395456.741,,56.021,50.263,
1395556.742,,56.076,50.748,
1395656.736,,56.360,52.056,
1395756.737,,56.867,53.212,
1395856.735,,56.844,52.696,
1395956.728,,56.528,52.397,
1396056.727,,56.633,52.337,
1396156.727,,56.359,52.237,
1396256.722,,56.562,52.243,
1396356.720,,56.732,52.988,
1396456.718,,56.937,52.908,
1396556.714,,57.006,52.664,
1396656.710,,57.111,53.074,
1396756.709,,57.112,53.131,
1396856.707,,57.097,52.713,
1396956.694,,57.345,52.625,
1397056.704,,56.855,52.567,
1397156.701,,56.820,52.252,
1397256.694,,56.729,52.017,
1397356.691,,56.649,52.493,
1397456.691,,56.907,52.606,
1397556.691,,56.833,53.054,
1397656.686,,56.736,53.408,
1397756.684,,56.814,53.377,
1397856.685,,56.809,53.498,
1397956.681,,57.100,53.605,
1398056.675,,57.108,53.520,
1398156.673,,56.728,53.487,
1398256.673,,57.049,53.781,
1398356.669,,56.200,54.080,
1398456.664,,55.849,53.526,
1398556.663,,55.112,53.320,
1398656.665,,55.749,53.629,
1398756.660,,55.402,53.496,
1398856.660,,55.744,54.506,
1398956.656,,56.437,54.405,
1399056.655,,56.458,54.405,
1399156.647,,57.131,55.051,
1399256.649,,57.402,54.994,
1399356.644,,56.733,55.160,
1399456.640,,57.461,55.637,
1399556.637,,57.500,55.691,
1399656.636,,57.450,56.041,
1399756.634,,57.710,54.960,
1399856.633,,57.405,55.154,
1399956.625,,57.343,55.927,
1400056.623,,57.347,55.653,
1400156.620,,56.844,54.893,
1400256.620,,56.420,55.085,
1400356.615,,56.377,54.114,
1400456.615,,56.212,54.577,
1400556.608,,55.999,55.163,
1400656.606,,56.363,55.023,
1400756.599,,56.382,55.501,
1400856.599,,56.557,55.081,
1400956.599,,56.342,54.792,
1401056.590,,56.257,55.515,
1401156.590,,56.104,55.125,
1401256.589,,56.232,55.553,
1401356.579,,56.364,55.512,
1401456.582,,56.515,56.404,
1401556.573,,56.533,56.414,
1401656.575,,56.684,56.178,
1401756.573,,56.757,56.019,
1401856.565,,56.754,56.464,
1401956.564,,56.498,56.341,
1402056.563,,56.476,55.390,
1402156.556,,56.391,55.987,
1402256.553,,56.572,56.396,
1402356.547,,56.902,56.602,
1402456.548,,56.601,55.603,
1402556.543,,56.307,55.986,
1402656.538,,56.962,55.532,
1402756.534,,56.960,54.826,
1402856.530,,56.665,55.093,
1402956.534,,57.253,56.499,
1403056.526,,57.283,57.378,
1403156.524,,57.022,56.899,
1403256.519,,56.925,56.424,
1403356.517,,55.877,54.968,
1403456.515,,55.339,53.846,
1403556.512,,55.912,54.590,
1403656.510,,56.406,54.018,
1403756.505,,56.234,54.767,
1403856.501,,56.972,54.668,
1403956.495,,57.217,54.860,
1404056.495,,57.444,53.977,
1404156.493,,57.134,53.763,
1404256.489,,56.955,53.950,
1404356.481,,56.746,53.777,
1404456.484,,56.639,53.387,
1404556.478,,56.303,53.469,
1404656.476,,56.595,54.041,
1404756.474,,56.961,55.127,
1404856.466,,56.965,55.055,
1404956.467,,57.196,54.450,
1405056.460,,56.819,54.789,
1405156.459,,56.864,55.017,
1405256.454,,56.900,55.020,
1405356.450,,56.769,55.223,
1405456.451,,56.963,55.159,
1405556.445,,56.901,55.037,
1405656.441,,56.849,54.571,
1405756.436,,56.851,54.267,
1405856.435,,56.941,54.735,
1405956.430,,56.985,54.190,
1406056.428,,56.855,53.894,
1406156.426,,56.799,53.784,
1406256.421,,57.113,54.797,
1406356.420,,57.145,55.356,
1406456.415,,57.329,56.019,
1406556.409,,57.099,55.779,
1406656.409,,56.520,54.595,
1406756.408,,56.450,54.283,
1406856.400,,56.622,54.226,
1406956.402,,56.762,54.076,
1407056.399,,56.874,54.119,
1407156.391,,57.307,55.456,
1407256.391,,57.477,54.732,
1407356.388,,57.396,55.042,
1407456.383,,57.376,55.350,
1407556.379,,57.241,56.465,
1407656.379,,57.695,56.892,
1407756.376,,57.604,56.692,
1407856.373,,57.800,56.250,
1407956.369,,57.905,56.283,
1408056.363,,57.806,56.402,
1408156.360,,57.711,56.427,
1408256.357,,57.483,55.600,
1408356.357,,57.318,55.115,
1408456.355,,57.244,55.038,
1408556.354,,57.169,55.153,
1408656.350,,57.179,54.903,
1408756.346,,57.179,53.965,
1408856.346,,56.938,54.034,
1408956.341,,56.859,54.291,
1409056.336,,56.723,54.073,
1409156.338,,56.839,54.650,
1409256.330,,57.241,55.051,
1409356.330,,57.376,55.401,
1409456.327,,57.329,55.555,
1409556.322,,57.477,56.070,
1409656.320,,57.387,56.312,
1409756.317,,57.099,55.678,
1409856.318,,57.064,55.898,
1409956.315,,57.247,55.747,
1410056.310,,57.263,55.845,
1410156.305,,57.563,55.654,
1410256.305,,57.260,56.401,
1410356.306,,57.546,56.777,
1410456.297,,57.403,56.968,
1410556.294,,57.246,56.016,
1410656.296,,56.773,55.279,
1410756.294,,56.653,54.875,
1410856.286,,56.502,55.105,
1410956.287,,56.801,55.235,
1411056.284,,56.603,55.291,
1411156.280,,56.663,55.479,
1411256.279,,56.672,54.959,
1411356.275,,55.848,54.237,
1411456.275,,56.315,54.160,
1411556.270,,56.442,54.639,
1411656.264,,56.422,55.472,
1411756.262,,56.740,54.783,
1411856.262,,56.724,54.323,
1411956.258,,56.459,55.294,
1412056.253,,56.665,54.729,
1412156.257,,56.658,55.025,
1412256.253,,56.472,54.643,
1412356.247,,56.419,54.195,
1412456.244,,55.941,53.965,
1412556.242,,55.775,55.071,
1412656.238,,56.829,56.109,
1412756.240,,56.386,55.307,
1412856.238,,56.280,54.734,
1412956.234,,56.445,54.937,
1413056.231,,56.997,54.906,
1413156.226,,57.096,54.848,
1413256.223,,57.541,54.831,
1413356.223,,57.020,55.377,
1413456.220,,56.699,55.922,
1413556.218,,56.706,56.429,
1413656.210,,57.223,56.266,
1413756.212,,57.124,55.520,
1413856.204,,56.942,55.361,
1413956.201,,57.370,55.518,
1414056.203,,57.422,55.192,
1414156.199,,57.160,54.806,
1414256.196,,56.993,54.510,
1414356.192,,57.095,54.770,
1414456.192,,57.339,54.921,
1414556.190,,57.320,55.517,
1414656.186,,57.497,56.030,
1414756.186,,57.607,55.832,
1414856.183,,57.413,55.689,
1414956.179,,57.660,54.877,
1415056.177,,57.049,54.506,
1415156.173,,56.940,53.808,
1415256.166,,56.985,53.802,
1415356.164,,56.834,53.540,
1415456.161,,56.474,53.532,
1415556.163,,57.004,54.311,
1415656.162,,57.269,54.231,
1415756.158,,56.879,53.544,
1415856.154,,56.784,53.661,
1415956.148,,56.944,53.448,
1416056.150,,56.993,52.982,
1416156.146,,57.195,53.372,
1416256.139,,57.276,54.300,
1416356.135,,57.200,54.113,
1416456.131,,57.078,54.019,
1416556.134,,56.954,53.427,
1416656.131,,56.940,53.995,
1416756.127,,56.680,53.502,
1416856.119,,56.784,53.981,
1416956.122,,57.277,56.109,
1417056.113,,57.113,56.223,
1417156.110,,57.189,55.707,
1417256.109,,57.154,54.869,
1417356.105,,57.203,54.570,
1417456.102,,57.070,54.499,
1417556.101,,57.080,54.323,
1417656.094,,57.056,54.337,
1417756.094,,57.129,54.637,
1417856.090,,56.949,54.176,
1417956.087,,56.632,54.508,
1418056.084,,57.173,54.921,
1418156.082,,57.205,55.737,
1418256.078,,57.393,56.613,
1418356.073,,57.816,57.220,
1418456.075,,57.567,56.454,
1418556.071,,57.443,56.445,
1418656.069,,57.279,56.342,
1418756.066,,57.209,56.172,
1418856.062,,57.146,55.415,
1418956.054,,57.055,55.454,
1419056.056,,56.763,55.188,
1419156.053,,56.548,54.714,
1419256.047,,57.142,54.739,
1419356.045,,57.133,54.996,
1419456.042,,56.836,55.168,
1419556.036,,56.929,55.143,
1419656.038,,57.030,54.348,
1419756.030,,56.895,54.714,
1419856.027,,57.238,56.264,
1419956.029,,57.039,55.932,
1420056.026,,57.071,55.411,
1420156.021,,56.954,55.154,
1420256.013,,57.246,55.723,
1420356.014,,57.270,55.832,
1420456.008,,57.154,55.783,
1420556.010,,57.239,55.671,
1420656.002,,57.060,55.472,
1420756.002,,57.180,55.342,
1420855.995,,57.480,55.216,
1420955.995,,57.353,54.966,
1421055.992,,57.114,54.773,
1421155.990,,57.170,54.224,
1421255.987,,57.024,53.959,
1421355.982,,57.072,54.326,
1421455.979,,57.105,54.573,
1421555.976,,56.947,54.726,
1421655.972,,56.784,54.386,
1421755.972,,56.545,53.720,
1421855.970,,56.632,53.651,
1421955.966,,56.843,54.008,
1422055.962,,57.127,54.241,
1422155.955,,57.036,53.637,
1422255.953,,56.607,53.706,
1422355.952,,57.486,54.941,
1422455.945,,57.841,54.872,
1422555.944,,57.644,54.494,
1422655.942,,57.231,53.533,
1422755.941,,56.724,53.193,
1422855.936,,57.233,53.521,
1422955.932,,57.193,53.114,
1423055.929,,56.905,52.357,
1423155.925,,56.679,51.935,
1423255.925,,56.468,52.471,
1423355.919,,56.717,53.567,
1423455.920,,57.209,53.978,
1423555.911,,57.139,54.429,
1423655.909,,57.357,55.217,
1423755.910,,57.551,55.268,
1423855.903,,57.497,55.242,
1423955.899,,56.858,54.240,
1424055.893,,56.453,54.023,
1424155.896,,56.438,54.722,
1424255.889,,56.855,54.697,
1424355.883,,57.084,54.649,
1424455.881,,56.883,53.725,
1424555.876,,56.440,53.073,
1424655.876,,56.170,52.702,
1424755.870,,56.189,52.877,
1424855.864,,56.009,52.744,
1424955.865,,56.303,52.767,
1425055.862,,56.326,53.039,
1425155.858,,56.150,53.414,
1425255.854,,56.101,53.392,
1425355.846,,56.531,54.046,
1425455.842,,56.657,54.420,
1425555.838,,56.588,54.296,
1425655.839,,56.481,53.250,
1425755.835,,56.264,52.566,
1425855.832,,56.269,52.670,
1425955.824,,55.859,51.725,
1426055.825,,55.627,51.674,
1426155.817,,56.162,52.891,
1426255.814,,56.578,51.952,
1426355.809,,56.784,53.350,
1426455.809,,56.616,53.309,
1426555.802,,56.483,52.394,
1426655.802,,56.027,52.560,
1426755.795,,56.707,53.991,
1426855.790,,56.912,53.732,
1426955.791,,56.756,53.489,
1427055.783,,56.694,53.696,
1427155.782,,56.950,54.250,
1427255.779,,56.756,54.022,
1427355.775,,56.749,53.819,
1427455.768,,56.742,54.729,
1427555.766,,56.217,54.821,
1427655.758,,56.510,55.412,
1427755.759,,57.175,56.016,
1427855.751,,57.204,55.372,
1427955.750,,56.719,54.491,
1428055.745,,56.663,53.954,
1428155.740,,56.621,53.519,
1428255.741,,57.059,53.930,
1428355.735,,56.486,52.986,
1428455.731,,56.939,52.159,
1428555.729,,56.720,51.848,
1428655.725,,56.879,52.549,
1428755.723,,57.672,52.816,
1428855.717,,57.386,53.096,
1428955.713,,57.384,53.215,
1429055.707,,57.253,53.277,
1429155.708,,57.113,53.441,
1429255.703,,56.866,53.169,
1429355.700,,56.367,53.071,
1429455.690,,56.479,53.574,
1429555.693,,56.689,54.474,
1429655.688,,56.500,53.937,
1429755.680,,56.026,53.128,
1429855.678,,56.147,54.099,
1429955.673,,56.692,53.120,
1430055.674,,56.563,53.023,
1430155.667,,56.685,52.901,
1430255.662,,56.514,53.071,
1430355.659,,56.833,53.176,
1430455.654,,57.196,53.582,
1430555.652,,57.378,54.127,
1430655.649,,57.180,53.814,
1430755.644,,56.788,53.249,
1430855.639,,57.157,53.756,
1430955.639,,56.735,53.565,
1431055.631,,56.622,53.932,
1431155.633,,56.607,54.630,
1431255.625,,56.805,54.791,
1431355.621,,57.096,54.853,
1431455.615,,57.014,54.683,
1431555.616,,56.926,54.114,
1431655.614,,56.613,54.177,
1431755.606,,56.423,55.110,
1431855.605,,56.364,55.445,
1431955.600,,56.639,56.322,
1432055.598,,57.065,56.894,
1432155.593,,57.014,57.183,
1432255.590,,57.195,56.650,
1432355.587,,56.935,55.510,
1432455.584,,56.620,55.225,
1432555.582,,56.745,55.331,
1432655.579,,56.776,55.181,
1432755.578,,56.568,54.860,
1432855.571,,56.723,54.849,
1432955.565,,56.772,54.509,
1433055.565,,56.165,54.421,
1433155.561,,56.904,55.289,
1433255.558,,57.030,54.784,
1433355.552,,56.971,54.851,
1433455.552,,56.828,54.283,
1433555.548,,56.880,53.891,
1433655.544,,56.721,53.860,
1433755.545,,56.604,54.415,
1433855.538,,56.857,53.648,
1433955.535,,56.807,54.013,
1434055.532,,57.095,54.325,
1434155.527,,56.804,54.626,
1434255.527,,56.510,54.835,
1434355.523,,56.394,55.855,
1434455.520,,56.989,56.636,
1434555.520,,57.207,56.613,
1434655.515,,57.308,56.759,
1434755.512,,57.377,56.542,
1434855.510,,57.537,57.414,
1434955.507,,57.846,57.890,
1435055.504,,57.941,57.219,
1435155.500,,56.868,55.657,
1435255.495,,56.943,55.139,
1435355.495,,56.745,55.157,
1435455.488,,56.902,55.194,
1435555.483,,56.805,55.052,
1435655.485,,56.815,55.122,
1435755.476,,56.878,55.720,
1435855.476,,56.913,54.837,
1435955.475,,56.223,55.124,
1436055.466,,56.884,55.352,
1436155.463,,57.022,55.125,
1436255.465,,57.384,55.084,
1436355.461,,57.655,55.159,
1436455.453,,57.941,56.195,
1436555.452,,57.957,57.123,
1436655.450,,57.478,56.961,
1436755.447,,57.268,56.691,
1436855.444,,56.990,56.226,
1436955.442,,57.094,56.278,
1437055.436,,57.696,57.047,
1437155.434,,57.683,56.988,
1437255.432,,57.334,56.844,
1437355.431,,57.127,56.398,
1437455.423,,57.211,55.995,
1437555.423,,57.283,55.932,
1437655.417,,57.361,55.566,
1437755.418,,57.405,55.370,
1437855.415,,57.386,55.469,
1437955.407,,57.612,55.408,
1438055.406,,57.621,55.242,
1438155.404,,57.561,55.034,
1438255.397,,57.115,55.031,
1438355.399,,56.930,54.715,
1438455.390,,57.021,55.076,
1438555.387,,56.728,54.885,
1438655.389,,56.934,55.395,
1438755.380,,57.305,55.102,
1438855.379,,57.465,56.315,
1438955.378,,57.273,57.135,
1439055.375,,57.389,58.585,
1439155.372,,57.236,59.285,
1439255.365,,57.060,58.782,
1439355.367,,57.019,57.859,
1439455.364,,56.428,56.532,
1439555.359,,56.322,55.362,
1439655.356,,56.564,54.640,
1439755.354,,56.406,54.620,
1439855.350,,56.254,55.651,
1439955.346,,56.402,56.327,
1440055.337,,56.704,56.103,
1440155.336,,56.896,55.781,
1440255.329,,56.986,55.209,
1440355.325,,57.059,55.645,
1440455.322,,57.230,56.418,
1440555.314,,57.145,56.235,
1440655.307,,57.297,56.577,
1440755.305,,57.362,56.895,
1440855.304,,57.089,56.855,
1440955.296,,56.831,56.948,
1441055.294,,56.077,55.906,
1441155.284,,56.747,56.515,
1441255.280,,57.210,56.446,
1441355.275,,56.670,55.312,
1441455.272,,55.965,55.853,
1441555.269,,56.550,56.647,
1441655.264,,56.344,55.849,
1441755.258,,56.583,56.086,
1441855.254,,56.800,56.005,
1441955.252,,57.299,56.932,
1442055.244,,57.473,56.889,
1442155.236,,57.264,56.502,
1442255.236,,57.315,56.825,
1442355.231,,57.047,56.119,
1442455.224,,56.698,54.769,
1442555.219,,56.189,54.465,
1442655.214,,56.526,54.365,
1442755.210,,56.918,54.184,
1442855.208,,57.074,53.280,
1442955.204,,55.614,52.604,
1443055.195,,56.398,53.547,
1443155.192,,56.417,52.581,
1443255.191,,55.570,52.133,
1443355.186,,54.663,51.872,
1443455.179,,55.293,53.546,
1443555.172,,55.941,54.315,
1443655.169,,55.832,54.261,
1443755.167,,55.931,55.381,
1443855.160,,57.154,55.027,
1443955.156,,57.217,55.475,
1444055.147,,56.927,56.138,
1444155.143,,57.599,57.481,
1444255.143,,57.376,57.020,
1444355.136,,57.097,56.244,
1444455.128,,57.081,55.329,
1444555.123,,56.975,55.840,
1444655.120,,56.845,55.353,
1444755.118,,56.024,52.970,
1444855.111,,54.851,52.960,
1444955.107,,54.979,53.831,
1445055.103,,55.456,54.293,
1445155.098,,55.005,54.089,
1445255.095,,55.233,54.296,
1445355.088,,56.377,55.446,
1445455.085,,56.869,55.219,
1445555.078,,56.683,54.558,
1445655.077,,56.294,54.616,
1445755.061,,56.516,55.212,
1445855.061,,56.667,55.369,
1445955.061,,56.960,54.986,
1446055.054,,57.052,54.948,
1446155.053,,56.615,54.239,
1446255.044,,56.568,54.565,
1446355.041,,56.393,54.661,
1446455.037,,56.983,54.997,
1446555.034,,57.139,54.415,
1446655.026,,56.741,54.959,
1446755.021,,56.378,55.535,
1446855.017,,55.756,55.713,
1446955.010,,54.551,56.422,
1447055.010,,54.629,57.434,
1447155.000,,54.819,56.892,
1447254.996,,56.139,56.398,
1447354.992,,54.970,56.859,
1447454.991,,54.781,58.249,
1447554.983,,54.718,55.334,
1447654.982,,56.421,54.682,
1447754.973,,54.440,56.608,
1447854.970,,54.709,54.245,
1447954.968,,56.375,54.559,
1448054.964,,54.182,54.471,
1448154.969,,55.295,55.193,
1448254.965,,54.974,53.762,
1448354.965,,56.441,53.021,
1448454.961,,54.351,53.329,
1448554.960,,55.006,53.274,
1448654.960,,56.305,52.670,
1448754.962,,54.389,52.402,
1448854.960,,55.606,53.261,
1448954.961,,54.723,52.548,
1449054.959,,54.918,53.089,
1449154.952,,55.938,52.704,
1449254.953,,56.669,54.067,
1449354.956,,57.163,54.484,
1449454.953,,57.317,54.865,
1449554.953,,57.479,54.640,
1449654.948,,57.142,54.637,
1449754.950,,56.637,54.335,
1449854.951,,56.969,54.558,
1449954.946,,57.307,55.167,
1450054.946,,57.370,54.636,
1450154.943,,56.608,53.380,
1450254.944,,56.401,53.161,
1450354.944,,56.496,53.243,
1450454.944,,56.220,52.938,
1450554.939,,56.383,53.342,
1450654.940,,56.472,53.283,
1450754.941,,56.400,53.630,
1450854.940,,56.957,54.047,
1450954.936,,57.227,54.320,
1451054.936,,57.171,54.231,
1451154.934,,57.014,53.439,
1451254.935,,56.682,53.583,
1451354.933,,56.967,53.452,
1451454.931,,56.837,53.412,
1451554.930,,56.632,53.738,
1451654.932,,56.892,53.613,
1451754.932,,56.860,54.060,
1451854.929,,57.095,53.672,
1451954.930,,57.036,53.126,
1452054.929,,57.255,53.350,
1452154.928,,57.378,54.033,
1452254.927,,57.120,54.168,
1452354.921,,57.014,52.961,
1452454.919,,56.614,53.242,
1452554.920,,57.003,54.703,
1452654.920,,57.477,56.211,
1452754.918,,57.674,55.715,
1452854.917,,57.225,55.173,
1452954.915,,57.308,54.646,
1453054.914,,57.341,54.257,
1453154.913,,57.297,53.865,
1453254.912,,57.338,53.492,
1453354.914,,56.898,52.661,
1453454.911,,56.407,52.623,
1453554.913,,56.917,53.569,
1453654.911,,57.515,53.202,
1453754.905,,56.576,53.215,
1453854.910,,56.110,53.213,
1453954.907,,55.926,53.061,
1454054.905,,56.127,53.614,
1454154.902,,56.476,53.954,
1454254.901,,56.463,54.462,
1454354.902,,56.799,54.726,
1454454.901,,56.753,54.269,
1454554.902,,56.356,53.374,
1454654.901,,56.109,53.195,
1454754.896,,56.295,52.871,
1454854.897,,56.627,53.126,
1454954.893,,56.950,53.446,
1455054.897,,57.067,54.015,
1455154.898,,57.005,54.448,
1455254.891,,56.963,54.508,
1455354.893,,55.850,53.086,
1455454.888,,55.049,53.360,
1455554.888,,55.362,54.268,
1455654.890,,55.287,54.124,
1455754.888,,55.440,54.127,
1455854.886,,55.612,55.428,
1455954.886,,57.298,56.138,
1456054.877,,57.361,55.432,
1456154.874,,56.936,53.061,
1456254.875,,55.016,51.832,
1456354.868,,54.877,52.428,
1456454.862,,55.243,52.067,
1456554.860,,55.321,52.182,
1456654.856,,55.161,52.054,
1456754.854,,55.272,51.179,
1456854.853,,55.684,51.928,
1456954.851,,56.213,53.130,
1457054.841,,56.899,53.614,
1457154.842,,56.990,53.136,
1457254.836,,57.306,53.334,
1457354.831,,57.256,53.082,
1457454.827,,57.416,53.009,
1457554.824,,57.445,53.343,
1457654.825,,57.182,53.080,
1457754.819,,57.102,53.259,
1457854.814,,57.416,52.913,
1457954.809,,56.756,52.488,
1458054.808,,56.565,52.957,
1458154.803,,56.469,52.517,
1458254.801,,56.190,52.158,
1458354.799,,56.423,52.204,
1458454.792,,55.957,52.908,
1458554.791,,56.000,53.272,
1458654.788,,55.978,53.722,
1458754.786,,56.046,53.481,
1458854.779,,56.532,53.963,
1458954.776,,56.818,53.837,
1459054.772,,56.557,53.147,
1459154.766,,56.519,53.519,
1459254.767,,56.420,53.834,
1459354.763,,56.871,53.567,
1459454.758,,56.752,53.941,
1459554.754,,56.894,54.474,
1459654.750,,57.247,55.219,
1459754.746,,57.475,55.832,
1459854.746,,57.600,55.225,
1459954.736,,57.041,54.423,
1460054.733,,56.788,54.162,
1460154.730,,57.017,54.638,
1460254.727,,57.316,54.562,
1460354.727,,56.689,54.716,
1460454.722,,57.397,55.250,
1460554.715,,57.398,54.945,
1460654.711,,57.287,54.266,
1460754.713,,56.918,53.573,
1460854.710,,56.680,53.589,
1460954.703,,57.244,54.031,
1461054.697,,57.347,54.085,
1461154.693,,57.332,54.050,
1461254.693,,57.303,53.983,
1461354.690,,57.258,53.459,
1461454.686,,56.783,52.588,
1461554.678,,56.312,52.857,
1461654.678,,56.508,52.742,
1461754.675,,56.826,53.300,
1461854.670,,57.351,53.660,
1461954.668,,57.793,54.199,
1462054.664,,57.966,53.612,
1462154.660,,57.407,53.066,
1462254.658,,57.292,52.571,
1462354.653,,56.993,52.239,
1462454.647,,56.877,52.258,
1462554.647,,56.997,53.104,
1462654.643,,56.807,53.312,
1462754.636,,56.781,52.827,
1462854.636,,56.378,53.513,
1462954.631,,56.730,53.975,
1463054.624,,56.994,54.451,
1463154.624,,57.025,54.291,
1463254.622,,56.954,54.280,
1463354.615,,56.934,54.215,
1463454.613,,57.058,54.267,
1463554.610,,56.922,54.612,
1463654.608,,57.169,54.952,
1463754.605,,57.470,54.927,
1463854.602,,57.809,54.986,
1463954.597,,57.594,55.005,
1464054.592,,57.522,55.211,
1464154.593,,57.187,54.854,
1464254.593,,56.864,54.659,
1464354.589,,56.791,54.875,
1464454.582,,57.032,54.467,
1464554.586,,56.829,53.692,
1464654.578,,56.344,53.664,
1464754.579,,56.538,52.512,
1464854.578,,55.563,51.936,
1464954.573,,55.844,52.804,
1465054.575,,56.484,53.040,
1465154.574,,56.778,53.482,
1465254.566,,57.096,53.154,
1465354.566,,57.148,52.961,
1465454.566,,57.259,52.538,
1465554.565,,57.392,52.286,
1465654.557,,57.389,52.849,
1465754.561,,57.742,52.712,
1465854.556,,57.103,52.387,
1465954.552,,56.690,53.018,
1466054.551,,57.290,53.588,
1466154.552,,57.029,53.710,
1466254.544,,57.329,54.023,
1466354.543,,57.178,54.215,
1466454.542,,57.168,54.436,
1466554.541,,57.093,54.634,
1466654.538,,56.745,54.319,
1466754.537,,56.917,53.673,
1466854.535,,56.859,53.660,
1466954.535,,56.970,53.361,
1467054.532,,57.119,53.464,
1467154.527,,57.171,53.567,
1467254.524,,57.512,54.870,
1467354.521,,57.170,55.291,
1467454.520,,57.012,57.316,
1467554.521,,57.129,57.548,
1467654.513,,57.117,56.744,
1467754.514,,57.130,55.801,
1467854.514,,57.297,55.627,
1467954.513,,57.426,54.657,
1468054.506,,57.234,54.760,
1468154.504,,57.125,54.565,
1468254.507,,57.060,54.836,
1468354.501,,57.224,55.047,
1468454.497,,56.876,54.418,
1468554.498,,56.947,54.496,
1468654.497,,56.662,54.081,
1468754.491,,56.883,54.284,
1468854.492,,56.628,53.780,
1468954.492,,56.660,54.236,
1469054.490,,56.862,54.339,
1469154.485,,56.789,54.226,
1469254.484,,56.906,54.249,
1469354.483,,56.772,53.774,
1469454.476,,56.637,53.352,
1469554.476,,56.536,53.405,
1469654.472,,56.208,52.503,
1469754.470,,55.613,52.318,
1469854.466,,55.421,52.717,
1469954.470,,56.300,53.706,
1470054.466,,56.051,53.704,
1470154.460,,56.544,54.591,
1470254.458,,56.493,54.628,
1470354.461,,57.259,55.415,
1470454.454,,57.059,55.405,
1470554.458,,57.420,56.523,
1470654.449,,57.572,56.003,
1470754.452,,57.568,55.703,
1470854.447,,57.614,55.501,
1470954.445,,57.425,54.470,
1471054.443,,57.027,53.488,
1471154.444,,57.247,53.464,
1471254.437,,57.509,53.023,
1471354.438,,57.635,52.935,
1471454.437,,57.217,53.078,
1471554.434,,57.387,53.019,
1471654.433,,57.072,52.444,
1471754.426,,57.174,52.663,
1471854.429,,57.500,52.874,
1471954.422,,57.113,52.981,
1472054.424,,57.311,52.735,
1472154.417,,57.502,53.692,
1472254.418,,58.010,54.739,
1472354.415,,57.607,54.955,
1472454.413,,57.319,54.281,
1472554.405,,56.832,54.590,
1472654.406,,57.325,54.958,
1472754.403,,57.392,54.835,
1472854.401,,57.367,54.737,
1472954.396,,57.599,54.881,
1473054.396,,57.003,54.417,
1473154.389,,56.478,53.853,
1473254.390,,56.550,53.402,
1473354.384,,56.571,52.851,
1473454.380,,55.040,52.722,
1473554.379,,56.186,54.010,
1473654.379,,56.613,54.237,
1473754.373,,56.388,53.561,
1473854.370,,56.503,54.076,
1473954.365,,56.648,53.960,
1474054.365,,56.899,53.886,
1474154.359,,56.865,53.883,
1474254.355,,56.783,53.712,
1474354.358,,56.641,53.340,
1474454.353,,56.256,52.846,
1474554.351,,56.060,52.555,
1474654.345,,55.716,53.021,
1474754.347,,55.967,53.370,
1474854.339,,56.028,53.707,
1474954.337,,56.200,53.377,
1475054.337,,56.557,54.125,
1475154.330,,56.916,53.980,
1475254.330,,56.628,54.710,
1475354.328,,57.182,53.919,
1475454.326,,56.782,54.332,
1475554.323,,56.904,54.597,
1475654.322,,56.982,54.300,
1475754.316,,56.478,54.027,
1475854.312,,56.680,54.311,
1475954.310,,56.537,53.944,
1476054.310,,56.362,53.021,
1476154.306,,56.035,52.794,
1476254.299,,56.531,53.345,
1476354.297,,56.559,53.457,
1476454.298,,56.771,53.804,
1476554.296,,56.970,53.846,
1476654.291,,57.111,54.432,
1476754.288,,57.154,54.795,
1476854.286,,57.017,54.803,
1476954.280,,56.798,55.073,
1477054.281,,56.913,55.569,
1477154.277,,57.319,54.763,
1477254.271,,56.970,54.388,
1477354.269,,56.979,53.903,
1477454.267,,56.675,52.832,
1477554.267,,56.203,52.564,
1477654.261,,55.852,52.941,
1477754.259,,55.663,53.119,
1477854.257,,55.457,53.423,
1477954.251,,56.010,53.923,
1478054.249,,56.255,53.668,
1478154.249,,56.841,53.846,
1478254.245,,56.630,54.278,
1478354.245,,57.368,53.972,
1478454.239,,57.052,53.714,
1478554.234,,56.973,54.314,
1478654.235,,57.254,54.919,
1478754.232,,57.148,54.775,
1478854.225,,57.221,55.017,
1478954.225,,57.195,54.271,
1479054.220,,57.037,54.788,
1479154.220,,57.017,53.850,
1479254.213,,56.441,53.526,
1479354.211,,56.373,53.975,
1479454.214,,56.584,54.252,
1479554.208,,56.566,54.583,
1479654.206,,56.597,54.746,
1479754.203,,56.477,54.179,
1479854.196,,56.319,54.270,
1479954.196,,56.541,53.844,
1480054.190,,55.662,55.433,
1480154.194,,56.066,57.082,
1480254.187,,56.510,57.658,
1480354.188,,55.606,58.534,
1480454.179,,56.243,58.255,
1480554.177,,55.456,57.132,
1480654.177,,55.023,57.028,
1480754.177,,55.077,58.110,
1480854.174,,55.972,57.636,
1480954.169,,55.350,56.415,
1481054.167,,54.932,56.344,
1481154.160,,54.243,55.664,
1481254.158,,54.653,55.738,
1481354.155,,55.587,56.046,
1481454.151,,55.593,55.819,
1481554.153,,54.752,54.560,
1481654.151,,54.538,54.481,
1481754.146,,54.718,54.745,
1481854.146,,54.768,55.502,
1481954.140,,55.961,56.738,
1482054.141,,56.234,56.306,
1482154.134,,55.408,55.179,
1482254.133,,54.876,54.936,
1482354.130,,54.837,55.240,
1482454.128,,55.351,55.101,
1482554.120,,55.059,54.838,
1482654.119,,54.895,54.538,
1482754.120,,55.090,55.508,
1482854.114,,55.530,55.639,
1482954.114,,55.150,54.594,
1483054.110,,54.759,54.730,
1483154.107,,55.544,55.841,
1483254.104,,55.944,56.643,
1483354.098,,56.360,57.517,
1483454.101,,56.502,56.851,
1483554.093,,56.386,56.565,
1483654.089,,56.204,56.737,
1483754.090,,55.980,56.523,
1483854.085,,55.922,56.140,
1483954.083,,56.045,55.805,
1484054.083,,56.462,55.951,
1484154.081,,56.408,56.170,
1484254.077,,56.513,55.619,
1484354.071,,56.123,54.188,
1484454.072,,56.004,54.091,
1484554.064,,56.118,53.882,
1484654.063,,56.156,54.043,
1484754.063,,56.000,54.668,
1484854.057,,55.951,54.954,
1484954.057,,55.715,56.030,
1485054.055,,56.012,56.307,
1485154.052,,56.269,56.470,
1485254.050,,56.618,55.994,
1485354.045,,56.457,56.192,
1485454.039,,56.825,56.639,
1485554.039,,56.536,56.083,
1485654.033,,55.940,55.511,
1485754.035,,56.725,56.078,
1485854.027,,56.670,55.661,
1485954.029,,56.206,57.423,
1486054.023,,56.365,57.399,
1486154.019,,56.444,56.360,
1486254.020,,56.465,55.737,
1486354.016,,56.414,55.859,
1486454.016,,55.846,55.896,
1486554.010,,56.655,56.540,
1486653.999,,56.686,56.171,
1486754.003,,56.654,55.943,
1486853.999,,56.266,55.114,
1486953.997,,56.235,55.521,
1487054.000,,55.966,55.637,
1487153.997,,55.785,56.500,
1487253.988,,56.420,57.353,
1487353.989,,56.407,56.653,
1487453.985,,56.138,56.502,
1487553.981,,56.437,56.723,
1487653.979,,56.542,57.414,
1487753.974,,56.400,57.954,
1487853.972,,56.553,58.033,
1487953.970,,56.484,57.935,
1488053.966,,56.259,57.126,
1488153.961,,56.275,56.828,
1488253.957,,56.385,57.968,
1488353.956,,56.615,57.667,
1488453.952,,56.741,57.004,
1488553.943,,56.691,56.644,
1488653.943,,56.998,56.365,
1488753.938,,56.990,57.031,
1488853.933,,56.784,57.220,
1488953.928,,56.776,57.049,
1489053.921,,56.677,56.442,
1489153.921,,56.627,55.705,
1489253.918,,56.023,55.198,
1489353.912,,56.231,54.634,
1489453.905,,56.252,54.882,
1489553.904,,56.396,55.379,
1489653.898,,56.893,55.272,
1489753.894,,57.015,55.620,
1489853.888,,57.289,55.733,
1489953.887,,57.370,56.185,
1490053.884,,57.678,55.534,
1490153.874,,57.061,55.637,
1490253.874,,56.993,55.717,
1490353.866,,56.880,55.280,
1490453.863,,56.649,55.495,
1490553.858,,56.504,56.467,
1490653.855,,56.412,56.430,
1490753.852,,56.265,57.910,
1490853.849,,55.988,57.642,
1490953.846,,56.338,56.501,
1491053.837,,56.691,56.507,
1491153.833,,57.111,56.804,
1491253.828,,57.240,57.294,
1491353.826,,57.600,58.094,
1491453.819,,57.732,58.115,
1491553.820,,57.151,57.411,
1491653.814,,56.731,56.713,
1491753.809,,56.659,56.687,
1491853.803,,56.971,56.721,
1491953.805,,57.141,56.475,
1492053.795,,57.207,55.975,
1492153.790,,57.353,56.258,
1492253.786,,57.122,56.575,
1492353.782,,57.401,56.026,
1492453.781,,56.518,54.610,
1492553.777,,56.543,54.309,
1492653.775,,56.577,54.669,
1492753.769,,56.628,54.163,
1492853.762,,56.471,54.295,
1492953.758,,56.663,54.307,
1493053.755,,56.961,54.481,
1493153.748,,57.289,54.503,
1493253.745,,56.915,53.779,
1493353.745,,57.022,53.971,
1493453.740,,56.674,53.462,
1493553.732,,56.432,53.762,
1493653.727,,56.476,54.590,
1493753.726,,56.981,54.878,
1493853.718,,57.100,55.148,
1493953.720,,56.843,54.655,
1494053.716,,56.086,53.500,
1494153.707,,55.982,53.079,
1494253.708,,56.028,53.250,
1494353.700,,56.268,53.335,
1494453.698,,56.562,53.418,
1494553.692,,56.262,53.217,
1494653.689,,56.186,53.401,
1494753.686,,56.147,53.057,
1494853.681,,56.030,53.021,
1494953.676,,56.109,53.671,
1495053.674,,56.234,54.071,
1495153.670,,56.830,54.632,
1495253.663,,56.841,54.952,
1495353.660,,57.470,56.060,
1495453.658,,57.267,55.890,
1495553.647,,56.953,54.395,
1495653.648,,56.493,53.464,
1495753.641,,56.505,53.584,
1495853.637,,56.346,53.158,
1495953.633,,55.675,54.448,
1496053.635,,55.796,54.464,
1496153.631,,56.194,54.260,
1496253.630,,55.531,52.850,
1496353.624,,55.287,53.415,
1496453.619,,56.225,54.319,
1496553.619,,56.497,54.414,
1496653.617,,56.802,54.531,
1496753.615,,56.959,54.595,
1496853.611,,57.112,54.636,
1496953.610,,57.054,54.288,
1497053.610,,56.832,53.513,
1497153.603,,56.570,53.432,
1497253.605,,56.763,53.911,
1497353.603,,56.661,53.822,
1497453.599,,56.731,53.714,
1497553.593,,56.769,53.830,
1497653.594,,57.132,53.969,
1497753.591,,57.064,53.693,
1497853.584,,56.661,53.538,
1497953.582,,56.834,53.351,
1498053.584,,56.786,52.799,
1498153.577,,56.753,53.208,
1498253.574,,57.067,53.374,
1498353.572,,57.068,53.604,
1498453.574,,57.087,54.074,
1498553.571,,57.222,53.896,
1498653.569,,57.071,53.641,
1498753.565,,56.738,52.351,
1498853.564,,56.419,52.890,
1498953.559,,56.562,53.827,
1499053.556,,56.614,53.629,
1499153.552,,56.407,53.545,
1499253.549,,56.400,53.690,
1499353.550,,56.726,53.630,
1499453.549,,56.664,54.798,
1499553.542,,56.863,55.027,
1499653.546,,56.961,54.763,
1499753.536,,56.945,54.764,
1499853.540,,56.671,54.994,
1499953.531,,56.988,54.847,
1500053.529,,56.980,54.495,
1500153.532,,56.655,54.128,
1500253.525,,56.607,54.116,
1500353.523,,56.668,54.935,
1500453.520,,56.513,54.819,
1500553.519,,56.302,55.258,
1500653.514,,56.016,54.945,
1500753.514,,56.231,55.415,
1500853.512,,56.221,55.421,
1500953.512,,55.940,54.598,
1501053.510,,55.977,54.312,
1501153.504,,56.119,54.545,
1501253.501,,56.385,54.188,
1501353.499,,56.060,54.188,
1501453.497,,56.009,54.014,
1501553.494,,56.586,54.809,
1501653.495,,56.599,55.053,
1501753.490,,56.003,54.547,
1501853.491,,56.018,54.962,
1501953.484,Input1*2*0,55.501,54.548,
1502053.481,Input1*2*1,55.023,54.319,
1502153.479,,55.376,54.264,
1502253.478,,56.358,60.774,
1502353.477,,56.506,63.052,
1502453.473,,56.444,64.013,
1502553.468,,56.528,62.775,
1502653.469,,56.178,61.638,
1502753.467,,56.605,60.715,
1502853.464,,56.724,59.609,
1502953.458,,56.663,58.648,
1503053.454,,56.584,58.069,
1503153.453,,56.658,57.544,
1503253.452,,56.712,57.174,
1503353.451,,56.672,56.357,
1503453.447,,56.543,55.860,
1503553.446,,56.514,55.150,
1503653.444,,56.380,54.337,
1503753.442,,56.414,54.591,
1503853.438,,56.814,55.101,
1503953.435,,57.096,55.375,
1504053.431,,57.109,55.303,
1504153.428,,56.879,55.392,
1504253.428,,56.922,55.725,
1504353.430,,57.189,55.793,
1504453.427,,57.015,55.587,
1504553.425,,56.915,55.247,
1504653.420,,56.900,54.868,
1504753.416,,56.964,54.676,
1504853.417,,56.608,54.604,
1504953.417,,56.480,54.259,
1505053.415,,56.758,53.993,
1505153.413,,56.640,53.140,
1505253.406,,56.414,53.639,
1505353.407,,56.488,53.381,
1505453.405,,56.669,53.326,
1505553.400,,56.803,52.566,
1505653.397,,56.078,51.990,
1505753.397,,55.824,51.503,
1505853.395,,55.830,51.464,
1505953.395,,56.244,51.767,
1506053.395,,56.332,51.683,
1506153.392,,56.367,51.386,
1506253.388,,55.574,51.318,
1506353.388,,56.151,51.046,
1506453.387,,55.642,51.204,
1506553.379,,55.255,51.724,
1506653.377,,55.998,52.812,
1506753.375,,56.422,52.911,
1506853.378,,56.630,53.353,
1506953.373,,56.704,53.188,
1507053.369,,56.449,52.383,
1507153.367,,56.078,52.361,
1507253.366,,56.403,52.811,
1507353.363,,56.352,52.827,
1507453.362,,56.249,52.402,
1507553.359,,55.975,52.638,
1507653.360,,56.206,53.068,
1507753.356,,56.228,52.670,
1507853.358,,56.085,51.545,
1507953.351,,55.432,50.938,
1508053.349,,55.687,51.216,
1508153.347,,55.651,52.021,
1508253.351,,56.135,51.978,
1508353.347,,55.985,50.720,
1508453.340,,55.061,50.889,
1508553.344,,54.985,52.456,
1508653.341,,55.226,52.547,
1508753.338,,55.111,52.429,
1508853.338,,54.726,52.434,
1508953.333,,55.594,53.247,
1509053.333,,55.433,52.279,
1509153.329,,55.095,52.583,
1509253.328,,55.993,53.056,
1509353.322,,56.510,52.724,
1509453.325,,56.439,53.081,
1509553.322,,56.691,53.180,
1509653.318,,57.026,53.489,
1509753.320,,56.576,53.241,
1509853.316,,56.697,53.716,
1509953.313,,56.767,54.150,
1510053.310,,56.767,53.870,
1510153.307,,56.696,54.026,
1510253.309,,56.668,54.274,
1510353.305,,56.614,54.321,
1510453.304,,56.615,54.000,
1510553.299,,56.588,53.436,
1510653.296,,56.474,52.908,
1510753.294,,56.432,52.871,
1510853.294,,56.491,53.462,
1510953.292,,56.467,53.107,
1511053.293,,56.529,53.086,
1511153.286,,56.560,53.355,
1511253.287,,56.565,52.931,
1511353.286,,56.688,53.630,
1511453.284,,56.407,52.946,
1511553.280,,56.616,53.411,
1511653.277,,56.636,53.391,
1511753.279,,56.736,53.066,
1511853.273,,56.274,52.801,
1511953.268,,56.032,52.777,
1512053.265,,56.013,53.158,
1512153.262,,56.567,53.733,
1512253.262,,55.720,52.888,
1512353.254,,55.302,53.078,
1512453.249,,55.863,54.143,
1512553.249,,56.088,53.854,
1512653.243,,56.497,53.821,
1512753.238,,56.950,54.481,
1512853.238,,57.241,53.726,
1512953.232,,56.852,54.095,
1513053.225,,57.174,53.873,
1513153.224,,57.083,53.940,
1513253.218,,57.284,54.665,
1513353.217,,56.655,54.662,
1513453.210,,56.655,54.719,
1513553.208,,56.324,54.331,
1513653.201,,55.907,53.665,
1513753.200,,56.175,53.532,
1513853.198,,56.307,53.549,
1513953.193,,56.525,53.406,
1514053.191,,56.709,53.743,
1514153.188,,56.711,53.443,
1514253.178,,56.767,53.243,
1514353.180,,56.798,53.208,
1514453.175,,56.704,53.440,
1514553.170,,56.705,53.673,
1514653.165,,56.666,53.790,
1514753.164,,56.798,53.845,
1514853.156,,56.525,53.991,
1514953.138,,56.746,54.268,
1515053.148,,56.909,54.703,
1515153.143,,56.786,54.492,
1515253.145,,56.834,53.991,
1515353.135,,57.173,54.647,
1515453.132,,57.675,55.135,
1515553.128,,57.590,55.000,
1515653.127,,57.584,54.305,
1515753.123,,57.338,54.979,
1515853.122,,57.914,54.959,
1515953.116,,57.240,54.340,
1516053.108,,56.828,54.265,
1516153.107,,56.872,54.738,
1516253.100,,56.707,54.358,
1516353.097,,56.514,53.854,
1516453.096,,56.356,53.488,
1516553.091,,56.452,53.339,
1516653.090,,56.384,53.662,
1516753.087,,56.635,54.606,
1516853.077,,56.819,54.306,
1516953.076,,56.671,53.994,
1517053.072,,56.768,54.124,
1517153.067,,56.527,54.068,
1517253.063,,56.650,54.054,
1517353.065,,56.914,53.941,
1517453.058,,57.181,53.672,
1517553.053,,56.824,53.260,
1517653.045,,56.352,53.457,
1517753.047,,57.097,53.727,
1517853.039,,57.015,53.533,
1517953.038,,57.219,52.974,
1518053.032,,56.631,53.626,
1518153.031,,57.019,54.044,
1518253.024,,56.857,53.497,
1518353.019,,56.539,52.842,
1518453.020,,56.370,53.365,
1518553.012,,56.493,54.119,
1518653.009,,56.344,55.182,
1518753.009,,56.282,56.085,
1518853.001,,56.099,56.495,
1518952.997,,56.376,56.183,
1519052.995,,56.279,55.489,
1519152.990,,56.372,54.584,
1519252.984,,56.634,54.409,
1519352.983,,56.085,54.581,
1519452.981,,56.133,55.824,
1519552.973,,56.101,55.727,
1519652.970,,56.051,55.712,
1519752.963,,56.227,55.650,
1519852.962,,56.145,55.472,
1519952.959,,56.035,55.411,
1520052.958,,56.270,55.292,
1520152.951,,56.410,55.436,
1520252.949,,56.606,55.999,
1520352.947,,56.945,55.851,
1520452.942,,56.690,55.296,
1520552.934,,56.633,54.995,
1520652.933,,56.615,54.721,
1520752.927,,56.297,54.810,
1520852.924,,56.231,54.967,
1520952.926,,56.512,55.042,
1521052.917,,56.467,55.927,
1521152.913,,56.792,55.639,
1521252.912,,55.765,53.224,
1521352.911,,55.461,54.153,
1521452.906,,54.987,53.068,
1521552.898,,54.827,53.545,
1521652.899,,55.291,54.196,
1521752.896,,55.143,54.243,
1521852.892,,55.191,54.564,
1521952.885,,55.267,54.819,
1522052.883,,55.383,54.620,
1522152.877,,55.536,54.148,
1522252.873,,55.598,53.675,
1522352.869,,55.986,53.972,
1522452.870,,55.633,54.027,
1522552.863,,55.628,53.474,
1522652.859,,55.276,52.991,
1522752.860,,55.037,53.137,
1522852.856,,55.950,55.332,
1522952.854,,56.352,55.215,
1523052.850,,56.345,53.380,
1523152.842,,55.004,53.078,
1523252.840,,55.183,52.936,
1523352.840,,55.111,52.817,
1523452.835,,55.075,53.682,
1523552.832,,55.258,53.533,
1523652.826,,55.411,53.547,
1523752.820,,55.588,54.459,
1523852.815,,56.483,55.834,
1523952.815,,56.735,55.605,
1524052.811,,56.684,55.877,
1524152.805,,56.813,56.079,
1524252.805,,57.049,55.291,
1524352.803,,56.999,54.521,
1524452.794,,56.794,53.568,
1524552.792,,56.245,52.689,
1524652.786,,56.240,52.834,
1524752.787,,56.071,52.620,
1524852.785,,55.818,52.014,
1524952.782,,55.856,52.221,
1525052.775,,55.670,52.349,
1525152.772,,56.359,54.256,
1525252.766,,56.658,54.676,
1525352.766,,56.929,55.235,
1525452.762,,57.337,55.380,
1525552.759,,56.821,55.558,
1525652.756,,56.393,53.859,
1525752.752,,55.890,53.117,
1525852.748,,55.468,52.732,
1525952.745,,56.170,53.351,
1526052.738,,56.454,53.384,
1526152.732,,56.815,53.929,
1526252.731,,56.890,54.457,
1526352.731,,57.023,54.658,
1526452.727,,56.811,54.533,
1526552.723,,56.499,54.397,
1526652.715,,56.520,54.226,
1526752.716,,56.621,53.771,
1526852.713,,56.023,52.531,
1526952.705,,56.014,52.413,
1527052.701,,55.980,53.159,
1527152.697,,56.219,52.852,
1527252.697,,56.183,52.423,
1527352.690,,55.925,52.259,
1527452.692,,55.889,52.294,
1527552.683,,56.110,52.179,
1527652.682,,56.094,52.175,
1527752.679,,56.226,52.842,
1527852.675,,56.774,53.304,
1527952.670,,56.182,52.728,
1528052.670,,55.675,51.816,
1528152.669,,55.550,51.611,
1528252.661,,56.110,52.457,
1528352.658,,56.728,53.367,
1528452.655,,56.832,53.624,
1528552.653,,56.682,53.659,
1528652.652,,56.393,53.310,
1528752.648,,56.496,53.344,
1528852.648,,56.647,54.185,
1528952.644,,56.815,54.736,
1529052.643,,56.938,54.621,
1529152.639,,56.843,55.232,
1529252.636,,56.828,54.945,
1529352.632,,56.470,53.348,
1529452.630,,56.463,52.974,
1529552.628,,56.309,52.601,
1529652.628,,56.220,53.001,
1529752.626,,56.193,53.164,
1529852.619,,56.232,53.400,
1529952.617,,55.871,53.051,
1530052.614,,55.652,53.125,
1530152.612,,55.847,53.620,
1530252.609,,56.038,54.475,
1530352.605,,56.279,55.107,
1530452.605,,56.406,55.146,
1530552.603,,56.567,55.898,
1530652.597,,56.771,55.830,
1530752.600,,56.559,55.484,
1530852.592,,56.473,54.946,
1530952.593,,56.616,54.272,
1531052.591,,56.495,53.831,
1531152.583,,56.457,54.012,
1531252.586,,56.589,54.227,
1531352.581,,56.246,53.993,
1531452.578,,56.008,54.545,
1531552.578,,56.449,54.793,
1531652.570,,56.657,54.906,
1531752.570,,56.816,55.022,
1531852.563,,56.809,55.186,
1531952.561,,56.656,53.973,
1532052.563,,56.150,53.659,
1532152.560,,55.959,53.639,
1532252.554,,56.022,53.603,
1532352.551,,56.067,53.395,
1532452.548,,55.790,52.891,
1532552.548,,55.824,52.544,
1532652.545,,55.763,52.226,
1532752.541,,55.577,52.604,
1532852.541,,55.962,53.072,
1532952.537,,56.252,52.760,
1533052.532,,56.195,52.736,
1533152.535,,56.453,53.083,
1533252.531,,56.496,53.020,
1533352.528,,56.532,53.535,
1533452.521,,57.014,53.479,
1533552.521,,56.693,52.755,
1533652.516,,56.028,52.303,
1533752.514,,55.823,52.659,
1533852.512,,56.280,52.663,
1533952.512,,56.360,52.801,
1534052.505,,56.258,52.800,
1534152.502,,56.629,54.105,
1534252.501,,56.623,53.673,
1534352.502,,56.434,54.030,
1534452.499,,54.935,51.670,
1534552.495,,54.716,51.828,
1534652.493,,54.758,52.110,
1534752.487,,54.994,51.897,
1534852.488,,55.399,51.709,
1534952.483,,55.054,51.433,
1535052.481,,55.769,53.770,
1535152.479,,56.482,53.299,
1535252.473,,55.036,52.011,
1535352.475,,55.295,52.311,
1535452.467,,55.382,51.917,
1535552.469,,54.875,52.693,
1535652.462,,56.038,53.561,
1535752.462,,56.118,53.597,
1535852.458,,54.958,51.818,
1535952.455,,54.633,52.064,
1536052.454,,54.727,52.291,
1536152.444,,55.380,53.808,
1536252.445,,55.914,53.871,
1536352.436,,56.516,54.412,
1536452.436,,55.757,52.031,
1536552.432,,54.745,51.644,
1536652.428,,55.134,51.881,
1536752.423,,54.882,52.588,
1536852.419,,56.167,53.275,
1536952.412,,56.524,53.093,
1537052.409,,56.048,51.506,
1537152.410,,54.673,50.900,
1537252.401,,55.207,51.536,
1537352.399,,54.899,51.085,
1537452.396,,55.116,51.463,
1537552.388,,54.777,51.625,
1537652.389,,55.077,51.786,
1537752.386,,55.604,53.143,
1537852.379,,55.491,53.437,
1537952.376,,55.484,54.884,
1538052.373,,56.086,54.828,
1538152.370,,56.623,54.562,
1538252.366,,56.756,54.320,
1538352.358,,56.614,53.520,
1538452.356,,56.223,53.142,
1538552.354,,55.730,52.102,
1538652.349,,55.443,51.880,
1538752.346,,55.574,51.981,
1538852.342,,55.349,51.891,
1538952.338,,55.319,51.639,
1539052.333,,55.114,51.655,
1539152.328,,54.816,51.530,
1539252.321,,54.510,52.057,
1539352.317,,55.513,52.115,
1539452.313,,55.780,53.080,
1539552.313,,55.647,52.758,
1539652.309,,56.292,53.169,
1539752.303,,56.161,52.621,
1539852.302,,56.001,51.453,
1539952.297,,55.545,51.693,
1540052.289,,55.926,51.755,
1540152.284,,55.573,51.450,
1540252.281,,55.744,51.508,
1540352.279,,55.600,51.424,
1540452.278,,55.615,51.769,
1540552.274,,56.065,52.156,
1540652.265,,56.279,51.913,
1540752.264,,56.500,53.030,
1540852.256,,56.712,52.777,
1540952.258,,56.821,53.378,
1541052.254,,56.739,53.231,
1541152.249,,56.409,52.565,
1541252.242,,56.370,53.094,
1541352.240,,56.552,52.726,
1541452.238,,56.203,52.498,
1541552.230,,56.101,52.541,
1541652.229,,56.310,52.772,
1541752.222,,56.275,52.467,
1541852.217,,56.394,52.909,
1541952.218,,55.970,52.819,
1542052.208,,56.345,53.298,
1542152.210,,56.519,53.162,
1542252.202,,56.513,53.542,
1542352.198,,56.364,53.519,
1542452.193,,56.200,53.317,
1542552.190,,56.201,52.067,
1542652.188,,55.824,51.323,
1542752.181,,55.474,52.053,
1542852.180,,55.980,52.640,
1542952.173,,56.362,52.918,
1543052.172,,56.425,53.033,
1543152.168,,56.247,52.866,
1543252.163,,56.490,53.795,
1543352.159,,56.575,53.957,
1543452.154,,56.568,52.664,
1543552.155,,55.526,52.898,
1543652.150,,57.316,54.382,
1543752.141,,57.099,54.052,
1543852.138,,56.493,54.040,
1543952.138,,56.409,53.226,
1544052.137,,56.056,52.487,
1544152.128,,56.168,52.538,
1544252.132,,56.418,51.995,
1544352.124,,56.171,52.301,
1544452.122,,56.495,52.412,
1544552.121,,56.380,52.366,
1544652.117,,56.170,52.248,
1544752.119,,56.570,52.290,
1544852.116,,56.655,52.137,
1544952.109,,56.538,51.187,
1545052.104,,55.797,51.426,
1545152.106,,56.060,51.822,
1545252.102,,56.003,52.186,
1545352.102,,55.755,52.726,
1545452.096,,55.780,53.185,
1545552.093,,56.211,53.984,
1545652.089,,56.182,55.073,
1545752.087,,56.371,54.687,
1545852.086,,56.601,55.945,
1545952.087,,56.715,56.136,
1546052.079,,56.731,56.092,
1546152.077,,56.799,56.225,
1546252.075,,56.620,54.930,
1546352.076,,55.690,54.953,
1546452.073,,56.503,54.820,
1546552.067,,56.796,55.307,
1546652.067,,56.993,54.839,
1546752.065,,56.871,54.598,
1546852.062,,56.390,54.586,
1546952.055,,56.955,54.980,
1547052.052,,56.961,54.957,
1547152.051,,57.503,55.610,
1547252.047,,57.311,55.352,
1547352.049,,57.422,54.922,
1547452.045,,57.058,54.587,
1547552.039,,57.561,53.646,
1547652.039,,56.619,53.788,
1547752.035,,56.184,54.269,
1547852.030,,56.615,54.726,
1547952.033,,56.814,54.480,
1548052.029,,56.684,54.845,
1548152.024,,56.996,54.877,
1548252.024,,56.873,54.493,
1548352.016,,56.676,54.255,
1548452.017,,56.928,52.940,
1548552.013,,56.347,52.981,
1548652.012,,56.467,53.079,
1548752.008,,56.644,52.683,
1548852.004,,56.756,52.459,
1548952.001,,56.812,52.495,
1549052.004,,56.821,53.386,
1549152.001,,57.328,53.564,
1549251.997,,56.896,54.165,
1549351.992,,56.929,54.153,
1549451.990,,56.581,53.832,
1549551.989,,56.301,54.082,
1549651.986,,56.049,53.523,
1549751.980,,55.740,54.112,
1549851.983,,55.853,54.072,
1549951.976,,55.842,54.721,
1550051.971,,56.709,55.817,
1550151.972,,57.148,55.621,
1550251.968,,56.662,55.303,
1550351.963,,56.735,54.876,
1550451.962,,56.436,54.253,
1550551.961,,56.273,54.008,
1550651.961,,55.628,54.275,
1550751.956,,55.294,53.711,
1550851.950,,55.910,54.608,
1550951.947,,56.393,54.377,
1551051.949,,56.737,54.267,
1551151.946,,56.820,54.518,
1551251.941,,56.653,54.434,
1551351.938,,56.511,54.406,
1551451.936,,56.099,53.483,
1551551.931,,55.342,53.109,
1551651.931,,55.480,53.271,
1551751.927,,55.816,54.211,
1551851.927,,56.688,54.601,
1551951.922,,56.149,53.798,
1552051.923,,55.889,53.934,
1552151.919,,56.612,54.546,
1552251.913,,56.778,55.306,
1552351.907,,56.822,55.392,
1552451.903,,57.109,55.856,
1552551.901,,56.939,55.449,
1552651.903,,56.611,54.375,
1552751.897,,56.074,54.050,
1552851.896,,56.093,53.703,
1552951.892,,56.013,53.348,
1553051.886,,56.052,52.997,
1553151.881,,55.990,52.994,
1553251.877,,56.168,53.594,
1553351.878,,56.113,53.724,
1553451.874,,56.193,54.156,
1553551.872,,56.362,54.581,
1553651.864,,56.239,54.132,
1553751.862,,56.266,53.686,
1553851.862,,56.309,53.463,
1553951.859,,56.312,53.369,
1554051.851,,56.219,53.084,
1554151.853,,56.315,52.954,
1554251.844,,56.279,53.065,
1554351.843,,56.339,52.966,
1554451.843,,56.344,53.688,
1554551.840,,56.100,53.523,
1554651.834,,56.014,52.846,
1554751.830,,55.694,53.362,
1554851.824,,56.075,54.634,
1554951.823,,56.406,55.190,
1555051.818,,56.454,54.694,
1555151.816,,56.628,53.965,
1555251.812,,56.523,53.527,
1555351.813,,56.568,53.476,
1555451.807,,56.516,53.369,
1555551.803,,56.488,53.162,
1555651.803,,56.379,53.052,
1555751.801,,56.329,53.049,
1555851.796,,55.831,52.837,
1555951.788,,55.697,52.158,
1556051.786,,56.450,52.371,
1556151.782,,56.808,52.594,
1556251.782,,56.958,52.935,
1556351.776,,56.572,52.581,
1556451.775,,56.557,51.947,
1556551.770,,56.302,51.882,
1556651.769,,56.816,52.727,
1556751.764,,57.297,52.843,
1556851.759,,56.956,52.616,
1556951.757,,56.698,53.303,
1557051.754,,57.186,52.917,
1557151.750,,56.948,52.652,
1557251.750,,56.914,53.225,
1557351.744,,56.851,53.328,
1557451.742,,56.692,53.003,
1557551.740,,56.441,52.385,
1557651.734,,56.487,52.145,
1557751.729,,56.277,52.281,
1557851.726,,55.920,51.780,
1557951.728,,55.490,51.090,
1558051.726,,55.571,51.924,
1558151.718,,56.420,51.973,
1558251.713,,56.024,51.702,
1558351.712,,56.045,51.500,
1558451.708,,56.306,51.492,
1558551.703,,56.492,52.470,
1558651.702,,56.719,52.734,
1558751.697,,56.773,52.663,
1558851.694,,57.169,53.528,
1558951.694,,57.364,53.714,
1559051.692,,57.011,53.655,
1559151.683,,56.936,53.047,
1559251.685,,56.732,53.239,
1559351.678,,56.414,53.203,
1559451.680,,56.246,53.422,
1559551.671,,56.266,54.234,
1559651.668,,56.230,54.077,
1559751.667,,56.353,55.769,
1559851.660,,56.723,56.927,
1559951.663,,56.785,56.055,
1560051.658,,57.014,55.527,
1560151.653,,56.851,55.614,
1560251.652,,56.816,55.674,
1560351.642,,56.594,55.448,
1560451.639,,56.688,55.582,
1560551.642,,56.529,55.703,
1560651.633,,56.380,55.261,
1560751.633,,56.322,54.780,
1560851.629,,56.286,54.436,
1560951.621,,56.243,54.548,
1561051.621,,56.378,55.520,
1561151.614,,56.054,55.091,
1561251.617,,56.269,54.447,
1561351.606,,56.286,54.505,
1561451.609,,56.717,54.566,
1561551.604,,56.053,52.928,
1561651.596,,55.749,52.248,
1561751.597,,55.441,53.341,
1561851.592,,56.228,53.649,
1561951.591,,56.352,54.075,
1562051.585,,56.709,54.129,
1562151.582,,56.864,53.618,
1562251.577,,56.404,53.780,
1562351.571,,56.751,54.580,
1562451.567,,57.023,54.222,
1562551.565,,57.007,53.966,
1562651.566,,57.089,54.239,
1562751.558,,57.029,54.053,
1562851.554,,56.924,53.693,
1562951.550,,56.781,53.789,
1563051.549,,56.793,54.602,
1563151.542,,56.964,55.167,
1563251.543,,56.754,54.585,
1563351.535,,56.624,54.541,
1563451.533,,56.624,54.329,
1563551.531,,56.793,54.172,
1563651.525,,56.640,53.836,
1563751.527,,56.621,53.779,
1563851.522,,56.374,53.154,
1563951.514,,56.484,53.602,
1564051.513,,56.425,53.247,
1564151.512,,56.169,52.858,
1564251.503,,56.244,53.337,
1564351.505,,56.919,53.931,
1564451.500,,56.865,53.996,
1564551.498,,56.999,54.297,
1564651.495,,57.072,55.049,
1564751.489,,56.332,54.070,
1564851.484,,56.051,54.045,
1564951.481,,56.547,54.975,
1565051.478,,56.740,54.350,
1565151.477,,56.403,54.084,
1565251.472,,56.427,53.886,
1565351.467,,56.320,52.392,
1565451.460,,55.684,52.116,
1565551.461,,55.477,52.084,
1565651.458,,56.518,52.577,
1565751.451,,56.601,52.718,
1565851.450,,56.563,53.216,
1565951.446,,56.985,54.334,
1566051.441,,57.284,54.379,
1566151.438,,56.776,53.308,
1566251.436,,56.497,53.177,
1566351.431,,56.663,53.429,
1566451.430,,56.709,53.576,
1566551.421,,57.008,53.927,
1566651.418,,57.141,54.344,
1566751.420,,57.299,53.910,
1566851.416,,56.425,54.169,
1566951.408,,56.968,55.565,
1567051.408,,57.227,55.292,
1567151.400,,57.063,55.117,
1567251.400,,57.003,54.395,
1567351.393,,56.314,54.553,
1567451.390,,56.655,56.083,
1567551.390,,56.996,56.479,
1567651.384,,56.239,57.113,
1567751.378,,56.982,57.803,
1567851.379,,56.776,57.326,
1567951.371,,56.437,58.309,
1568051.370,,56.870,58.735,
1568151.364,,56.502,57.268,
1568251.362,,56.488,56.835,
1568351.358,,56.611,57.297,
1568451.354,,56.475,56.670,
1568551.351,,56.393,56.552,
1568651.348,,56.634,57.097,
1568751.347,,56.503,56.768,
1568851.341,,55.644,56.035,
1568951.338,,55.396,56.201,
1569051.335,,56.455,55.792,
1569151.332,,56.057,56.007,
1569251.327,,56.930,56.900,
1569351.324,,57.356,56.601,
1569451.318,,57.156,55.924,
1569551.314,,56.783,55.917,
1569651.314,,56.405,55.138,
1569751.310,,56.536,56.666,
1569851.307,,57.204,58.146,
1569951.305,,56.960,57.739,
1570051.301,,56.491,57.146,
1570151.297,,56.636,57.090,
1570251.293,,56.732,57.138,
1570351.286,,56.723,57.635,
1570451.284,,56.867,57.543,
1570551.284,,56.739,57.480,
1570651.280,,56.908,57.005,
1570751.277,,56.671,56.450,
1570851.273,,56.559,55.826,
1570951.268,,55.945,55.459,
1571051.266,,55.906,55.433,
1571151.263,,56.434,55.145,
1571251.253,,55.962,55.824,
1571351.250,,56.524,56.053,
1571451.247,,56.485,56.366,
1571551.249,,56.142,55.524,
1571651.239,,56.116,54.833,
1571751.236,,56.138,54.481,
1571851.234,,56.325,54.600,
1571951.234,,56.480,54.875,
1572051.229,,56.476,55.100,
1572151.228,,56.630,54.978,
1572251.221,,56.382,55.153,
1572351.214,,56.549,55.481,
1572451.216,,56.350,55.580,
1572551.211,,56.427,54.716,
1572651.209,,56.287,53.997,
1572751.200,,55.807,53.552,
1572851.202,,56.126,54.763,
1572951.194,,56.001,56.018,
1573051.193,,56.235,55.628,
1573151.190,,56.137,55.142,
1573251.188,,56.116,54.583,
1573351.178,,55.232,53.676,
1573451.177,,55.790,54.220,
1573551.175,,56.443,54.736,
1573651.168,,56.568,55.408,
1573751.167,,56.486,54.953,
1573851.166,,56.207,54.391,
1573951.163,,56.481,54.295,
1574051.157,,56.420,54.001,
1574151.156,,56.611,54.023,
1574251.151,,56.592,53.766,
1574351.149,,56.532,53.647,
1574451.143,,56.580,53.097,
1574551.141,,56.656,52.537,
1574651.133,,56.356,52.448,
1574751.132,,56.333,52.809,
1574851.127,,56.881,52.922,
1574951.125,,56.813,52.723,
1575051.120,,56.735,53.588,
1575151.115,,56.738,53.928,
1575251.116,,56.759,54.517,
1575351.113,,56.751,55.358,
1575451.109,,56.316,56.312,
1575551.106,,56.490,55.703,
1575651.098,,56.527,56.314,
1575751.099,,57.017,56.323,
1575851.090,,57.100,56.602,
1575951.094,,57.214,56.173,
1576051.087,,56.922,56.052,
1576151.084,,56.611,56.024,
1576251.083,,56.670,56.359,
1576351.084,,56.360,55.524,
1576451.082,,55.923,55.590,
1576551.077,,56.422,56.127,
1576651.074,,56.623,56.438,
1576751.074,,56.790,56.047,
1576851.072,,56.775,56.437,
1576951.075,,56.803,55.648,
1577051.070,,56.472,55.285,
1577151.066,,56.213,56.249,
1577251.063,,56.592,56.742,
1577351.067,,56.485,56.142,
1577451.065,,56.245,54.936,
1577551.061,,56.234,54.528,
1577651.060,,55.911,54.088,
1577751.054,,55.950,54.077,
1577851.058,,55.824,54.135,
1577951.056,,55.704,54.296,
1578051.051,,56.190,54.874,
1578151.048,,56.649,54.807,
1578251.045,,56.553,54.581,
1578351.044,,56.438,54.454,
1578451.043,,56.236,53.949,
1578551.043,,55.991,53.174,
1578651.039,,55.652,53.437,
1578751.038,,56.615,54.793,
1578851.037,,56.868,54.822,
1578951.032,,57.056,53.695,
1579051.034,,56.779,53.249,
1579151.029,,56.518,53.007,
1579251.029,,56.099,53.407,
1579351.027,,56.509,53.717,
1579451.023,,55.933,52.610,
1579551.025,,55.940,52.702,
1579651.023,,56.325,53.280,
1579751.016,,56.677,53.298,
1579851.014,,56.549,52.864,
1579951.016,,56.171,52.791,
1580051.017,,56.009,52.996,
1580151.009,,56.214,53.834,
1580251.009,,55.841,53.728,
1580351.010,,55.813,54.198,
1580451.003,,56.223,54.798,
1580551.004,,56.295,54.084,
1580651.003,,55.957,53.129,
1580751.003,,55.824,53.145,
1580850.999,,55.808,52.791,
1580950.997,,55.825,53.415,
1581050.992,,55.962,53.485,
1581150.993,,56.111,53.535,
1581250.994,,55.914,52.663,
1581350.988,,55.916,53.368,
1581450.989,,56.166,53.694,
1581550.985,,56.169,54.101,
1581650.981,,56.421,54.182,
1581750.983,,56.457,54.059,
1581850.982,,56.534,53.500,
1581950.979,,56.049,52.901,
1582050.979,,56.034,53.130,
1582150.971,,56.370,54.017,
1582250.970,,56.914,54.334,
1582350.968,,56.676,53.760,
1582450.969,,56.218,52.856,
1582550.968,,56.116,53.577,
1582650.965,,56.390,53.894,
1582750.960,,56.469,54.253,
1582850.962,,56.606,54.246,
1582950.960,,56.621,53.807,
1583050.959,,56.506,54.115,
1583150.958,,56.715,53.914,
1583250.956,,56.118,53.867,
1583350.951,,56.513,54.036,
1583450.947,,56.666,54.018,
1583550.946,,56.868,54.394,
1583650.946,,56.972,53.852,
1583750.944,,56.823,53.533,
1583850.944,,56.780,53.037,
1583950.938,,56.826,53.422,
1584050.932,,56.859,53.877,
1584150.935,,56.819,53.826,
1584250.929,,56.655,53.468,
1584350.928,,56.553,52.990,
1584450.925,,56.557,52.759,
1584550.918,,56.460,52.731,
1584650.914,,56.507,52.728,
1584750.912,,56.618,52.106,
1584850.909,,56.092,51.575,
1584950.901,,56.668,52.751,
1585050.901,,56.796,52.731,
1585150.896,,56.160,53.350,
1585250.894,,56.172,52.720,
1585350.891,,56.114,53.513,
1585450.888,,56.880,53.499,
1585550.885,,56.288,54.505,
1585650.879,,56.455,54.829,
1585750.875,,56.395,55.315,
1585850.871,,56.250,54.998,
1585950.872,,56.294,55.042,
1586050.864,,56.206,55.613,
1586150.866,,56.447,55.258,
1586250.860,,56.098,55.086,
1586350.854,,55.876,53.800,
1586450.851,,55.556,53.540,
1586550.848,,55.600,53.482,
1586650.847,,55.615,54.717,
1586750.841,,55.921,55.826,
1586850.839,,56.151,56.326,
1586950.836,,56.210,57.074,
1587050.832,,56.488,56.863,
1587150.830,,56.374,56.167,
1587250.825,,56.262,55.472,
1587350.820,,56.312,55.739,
1587450.821,,56.225,55.790,
1587550.818,,56.667,55.505,
1587650.810,,56.765,55.089,
1587750.809,,56.675,54.281,
1587850.803,,56.293,53.832,
1587950.798,,56.141,54.265,
1588050.801,,56.293,53.775,
1588150.794,,56.335,53.857,
1588250.792,,56.148,52.862,
1588350.790,,55.889,52.273,
1588450.786,,55.586,51.961,
1588550.781,,56.064,52.057,
1588650.775,,56.328,52.512,
1588750.776,,55.594,51.383,
1588850.770,,55.283,51.881,
1588950.766,,54.976,52.902,
1589050.767,,55.854,53.308,
1589150.757,,55.854,53.042,
1589250.758,,56.189,53.231,
1589350.753,,56.138,53.054,
1589450.753,,56.147,53.651,
1589550.745,,56.165,53.476,
1589650.745,,56.290,53.448,
1589750.739,,56.065,52.061,
1589850.737,,55.218,51.622,
1589950.732,,55.653,52.107,
1590050.732,,56.130,52.202,
1590150.726,,56.211,52.156,
1590250.725,,56.424,52.244,
1590350.720,,56.655,52.775,
1590450.718,,56.710,52.385,
1590550.712,,56.377,52.113,
1590650.706,,56.401,52.401,
1590750.706,,56.667,52.916,
1590850.702,,56.578,52.625,
1590950.701,,56.236,52.348,
1591050.697,,56.144,52.255,
1591150.690,,56.533,53.213,
1591250.690,,56.680,52.609,
1591350.687,,56.425,51.728,
1591450.683,,56.091,51.869,
1591550.676,,56.242,52.756,
1591650.672,,56.468,52.847,
1591750.674,,56.858,53.148,
1591850.670,,56.845,53.366,
1591950.662,,57.126,53.753,
1592050.658,,56.786,52.903,
1592150.657,,56.692,52.486,
1592250.651,,56.285,52.055,
1592350.646,,56.623,52.655,
1592450.645,,56.545,52.734,
1592550.639,,56.324,53.044,
1592650.640,,56.455,53.463,
1592750.633,,56.578,53.430,
1592850.628,,56.739,52.878,
1592950.625,,55.879,53.274,
1593050.621,,56.684,53.704,
1593150.619,,56.797,53.739,
1593250.616,,56.701,53.720,
1593350.611,,56.290,52.638,
1593450.611,,56.263,52.744,
1593550.606,,56.022,52.863,
1593650.600,,56.315,52.967,
1593750.597,,55.774,53.706,
1593850.594,,55.745,53.894,
1593950.588,,55.645,54.365,
1594050.583,,56.525,54.711,
1594150.582,,55.924,53.134,
1594250.577,,55.224,52.603,
1594350.575,,54.867,51.874,
1594450.569,,55.342,52.787,
1594550.569,,55.539,53.377,
1594650.567,,55.911,54.091,
1594750.559,,56.323,53.475,
1594850.560,,56.038,53.053,
1594950.555,,56.217,51.844,
1595050.551,,55.639,51.410,
1595150.547,,56.040,51.080,
1595250.542,,55.427,50.810,
1595350.537,,55.135,50.122,
1595450.535,,54.460,50.736,
1595550.532,,54.235,50.787,
1595650.530,,54.040,51.650,
1595750.525,,54.087,51.746,
1595850.517,,54.432,51.785,
1595950.514,,54.995,52.416,
1596050.509,,55.799,53.079,
1596150.511,,55.679,52.321,
1596250.503,,55.591,52.568,
1596350.497,,55.915,54.171,
1596450.494,,56.416,54.089,
1596550.493,,56.496,53.787,
1596650.491,,56.455,53.625,
1596750.483,,56.180,53.560,
1596850.481,,56.590,53.501,
1596950.476,,56.339,53.614,
1597050.474,,56.770,53.993,
1597150.469,,56.017,54.435,
1597250.469,,56.189,54.163,
1597350.467,,55.874,54.804,
1597450.462,,56.189,53.942,
1597550.455,,55.740,54.076,
1597650.453,,55.847,52.723,
1597750.452,,55.061,52.846,
1597850.446,,55.683,54.715,
1597950.439,,55.657,54.450,
1598050.439,,54.486,53.306,
1598150.434,,54.588,52.651,
1598250.433,,54.801,53.390,
1598350.424,,55.993,53.999,
1598450.425,,56.105,53.378,
1598550.421,,55.845,53.181,
1598650.418,,55.328,51.974,
1598750.414,,55.120,51.205,
1598850.411,,55.185,51.693,
1598950.402,,55.141,51.507,
1599050.398,,55.451,51.613,
1599150.394,,55.653,51.820,
1599250.396,,56.201,52.525,
1599350.393,,56.315,52.889,
1599450.384,,56.423,53.602,
1599550.381,,56.432,53.959,
1599650.379,,55.929,53.876,
1599750.371,,56.175,54.649,
1599850.372,,56.504,54.962,
1599950.367,,56.475,55.641,
1600050.365,,56.817,55.632,
1600150.363,,55.746,54.393,
1600250.359,,55.438,54.489,
1600350.358,,56.584,55.381,
1600450.359,,56.692,55.041,
1600550.352,,56.576,54.304,
1600650.350,,56.417,53.623,
1600750.347,,55.878,53.088,
1600850.351,,55.786,52.516,
1600950.345,,55.321,52.440,
1601050.342,,55.397,52.724,
1601150.341,,56.281,54.242,
1601250.343,,57.012,54.819,
1601350.336,,56.505,53.557,
1601450.333,,56.052,53.034,
1601550.336,,55.828,53.274,
1601650.327,,55.941,52.385,
1601750.330,,55.389,52.118,
1601850.326,,55.664,53.402,
1601950.326,,56.336,53.517,
1602050.319,,56.381,53.543,
1602150.317,,56.395,54.328,
1602250.318,,56.125,53.848,
1602350.313,,56.035,53.523,
1602450.312,,56.369,53.351,
1602550.310,,56.301,53.031,
1602650.307,,56.153,52.536,
1602750.303,,56.000,52.143,
1602850.301,,55.778,53.228,
1602950.300,,56.151,53.313,
1603050.297,,56.526,53.442,
1603150.295,,56.643,53.439,
1603250.298,,56.660,53.600,
1603350.291,,56.539,53.890,
1603450.293,,56.620,53.773,
1603550.287,,56.006,53.462,
1603650.287,,55.985,53.254,
1603750.285,,55.608,52.661,
1603850.278,,55.612,52.562,
1603950.279,,55.886,54.228,
1604050.276,,55.641,54.359,
1604150.274,,55.261,54.036,
1604250.275,,55.534,54.651,
1604350.271,,56.151,54.607,
1604450.264,,56.049,54.908,
1604550.264,,56.411,55.683,
1604650.266,,56.431,55.343,
1604750.264,,56.282,55.808,
1604850.261,,56.272,55.593,
1604950.255,,56.436,55.530,
1605050.251,,56.657,55.286,
1605150.251,,56.763,55.119,
1605250.253,,56.772,55.028,
1605350.249,,56.496,54.489,
1605450.248,,56.677,54.098,
1605550.243,,56.031,53.103,
1605650.242,,56.334,53.877,
1605750.241,,56.416,53.746,
1605850.239,,55.875,53.212,
1605950.237,,56.150,53.494,
1606050.231,,56.144,52.994,
1606150.229,,56.131,52.970,
1606250.227,,56.157,52.734,
1606350.226,,55.881,52.765,
1606450.220,,55.963,52.762,
1606550.218,,56.173,52.204,
1606650.215,,56.236,52.666,
1606750.214,,56.496,53.574,
1606850.215,,56.588,53.426,
1606950.215,,56.269,52.300,
1607050.206,,55.625,51.158,
1607150.208,,55.571,52.109,
1607250.207,,56.252,52.777,
1607350.199,,56.370,52.940,
1607450.202,,56.199,52.861,
1607550.201,,56.251,52.919,
1607650.193,,56.140,52.634,
1607750.195,,56.272,52.764,
1607850.188,,56.614,53.130,
1607950.188,,56.555,52.361,
1608050.184,,56.268,51.422,
1608150.184,,56.096,51.175,
1608250.176,,56.080,51.386,
1608350.172,,56.375,51.618,
1608450.170,,56.529,51.974,
1608550.171,,56.557,52.267,
1608650.167,,56.801,52.718,
1608750.166,,56.552,52.623,
1608850.157,,56.458,52.385,
1608950.159,,56.210,52.173,
1609050.150,,56.552,52.407,
1609150.146,,56.227,52.389,
1609250.146,,56.454,52.798,
1609350.146,,56.327,52.717,
1609450.142,,56.581,52.808,
1609550.136,,56.522,52.589,
1609650.134,,56.264,52.926,
1609750.133,,56.541,53.054,
1609850.128,,56.563,52.638,
1609950.126,,55.948,52.135,
1610050.120,,55.738,52.093,
1610150.117,,55.620,52.401,
1610250.114,,55.712,52.637,
1610350.109,,55.695,52.606,
1610450.107,,55.289,52.136,
1610550.107,,55.526,52.684,
1610650.101,,56.094,53.242,
1610750.096,,55.935,53.228,
1610850.095,,56.239,54.073,
1610950.094,,56.289,53.923,
1611050.087,,56.306,53.736,
1611150.087,,56.518,53.710,
1611250.080,,56.612,53.618,
1611350.080,,56.536,52.840,
1611450.079,,56.365,51.950,
1611550.072,,55.887,51.450,
1611650.069,,56.177,52.271,
1611750.067,,56.300,52.717,
1611850.062,,56.348,52.212,
1611950.058,,56.545,52.273,
1612050.059,,56.634,52.435,
1612150.053,,56.508,52.928,
1612250.054,,56.775,53.059,
1612350.048,,56.343,52.838,
1612450.044,,56.147,52.101,
1612550.044,,56.030,51.898,
1612650.038,,56.272,52.469,
1612750.033,,56.374,52.657,
1612850.032,,56.647,53.172,
1612950.026,,56.569,52.842,
1613050.027,,56.470,52.316,
1613150.022,,56.557,52.627,
1613250.020,,56.234,51.882,
1613350.016,,56.111,51.601,
1613450.010,,55.853,51.777,
1613550.011,,55.740,51.380,
1613650.003,,55.879,51.651,
1613750.006,,56.031,51.803,
1613850.002,,55.845,51.584,
1613949.999,,55.835,51.925,
1614049.994,,55.497,51.426,
1614149.988,,55.388,51.855,
1614249.990,,55.372,51.045,
1614349.985,,55.274,51.914,
1614449.981,,56.165,52.991,
1614549.976,,56.351,53.024,
1614649.973,,56.092,52.412,
1614749.974,,55.923,51.795,
1614849.967,,55.792,51.486,
1614949.964,,55.837,51.603,
1615049.960,,55.749,52.076,
1615149.961,,55.938,51.639,
1615249.956,,55.924,51.704,
1615349.950,,56.201,52.134,
1615449.951,,56.342,52.167,
1615549.942,,56.187,52.221,
1615649.942,,56.392,52.239,
1615749.938,,56.724,52.914,
1615849.934,,56.495,52.535,
1615949.935,,56.487,52.565,
1616049.934,,56.560,52.277,
1616149.926,,56.548,52.267,
1616249.925,,56.708,52.500,
1616349.925,,56.183,51.832,
1616449.922,,55.855,51.156,
1616549.920,,55.103,52.321,
1616649.916,,54.667,52.695,
1616749.910,,56.154,53.463,
1616849.908,,56.167,53.711,
1616949.905,,56.349,53.634,
1617049.901,,56.439,53.666,
1617149.898,,56.610,54.111,
1617249.898,,56.708,54.957,
1617349.894,,57.054,55.599,
1617449.889,,56.887,55.713,
1617549.888,,57.465,54.806,
1617649.888,,56.845,54.371,
1617749.883,,56.036,53.242,
1617849.878,,55.883,53.085,
1617949.877,,56.373,52.948,
1618049.875,,56.404,52.943,
1618149.876,,56.336,52.803,
1618249.870,,56.341,52.821,
1618349.864,,56.397,52.771,
1618449.868,,56.751,52.950,
1618549.865,,56.846,53.293,
1618649.859,,56.874,52.948,
1618749.853,,56.645,52.784,
1618849.856,,56.187,52.687,
1618949.855,,56.434,52.584,
1619049.850,,56.001,52.039,
1619149.848,,55.839,51.987,
1619249.845,,55.519,51.717,
1619349.839,,55.627,51.873,
1619449.839,,55.973,51.859,
1619549.835,,56.297,51.760,
1619649.830,,56.099,51.388,
1619749.830,,56.030,51.693,
1619849.828,,56.187,51.796,
1619949.827,,56.296,52.112,
1620049.818,,56.516,52.003,
1620149.821,,56.168,51.786,
1620249.813,,55.972,51.824,
1620349.815,,56.213,51.557,
1620449.811,,55.920,51.209,
1620549.804,,55.900,51.107,
1620649.806,,55.938,51.392,
1620749.804,,55.976,51.258,
1620849.801,,56.172,51.205,
1620949.798,,56.095,51.625,
1621049.794,,56.123,52.423,
1621149.788,,55.899,53.082,
1621249.787,,55.883,53.044,
1621349.783,,56.159,52.644,
1621449.782,,55.765,53.304,
1621549.780,,55.720,53.416,
1621649.776,,55.717,53.340,
1621749.772,,55.601,52.523,
1621849.774,,55.378,52.332,
1621949.772,,55.295,52.611,
1622049.766,Input1*2*0;Input1*2*1,55.496,53.039,
1622149.762,,55.660,52.368,
1622249.761,,55.425,52.253,
1622349.759,,55.530,57.833,
1622449.752,,55.851,60.113,
1622549.756,,56.110,59.716,
1622649.753,,56.427,58.717,
1622749.750,,56.254,58.010,
1622849.746,,56.348,56.965,
1622949.744,,56.296,56.448,
1623049.739,,56.272,55.135,
1623149.733,,55.626,54.956,
1623249.735,,56.122,55.295,
1623349.732,,56.292,54.969,
1623449.730,,55.781,54.272,
1623549.724,,56.407,55.543,
1623649.723,,56.763,55.144,
1623749.717,,56.730,54.733,
1623849.719,,57.086,54.412,
1623949.716,,56.878,54.578,
1624049.713,,57.020,55.107,
1624149.708,,56.742,54.236,
1624249.703,,56.659,54.777,
1624349.701,,56.696,54.909,
1624449.698,,56.809,55.183,
1624549.690,,56.243,54.825,
1624649.690,,55.936,54.372,
1624749.683,,55.709,54.254,
1624849.678,,55.751,55.002,
1624949.675,,55.885,54.838,
1625049.675,,56.056,54.037,
1625149.672,,55.944,53.731,
1625249.669,,55.740,53.068,
1625349.661,,55.875,53.123,
1625449.656,,56.288,52.895,
1625549.654,,56.478,52.497,
1625649.648,,56.225,52.485,
1625749.644,,56.348,52.361,
1625849.647,,56.150,51.801,
1625949.639,,56.152,51.702,
1626049.635,,55.822,50.962,
1626149.634,,55.388,51.009,
1626249.632,,55.316,50.774,
1626349.623,,54.624,51.165,
1626449.619,,55.458,51.289,
1626549.619,,54.737,51.061,
1626649.611,,55.207,50.994,
1626749.613,,54.910,50.958,
1626849.606,,55.571,51.382,
1626949.602,,55.971,51.817,
1627049.599,,56.182,51.395,
1627149.593,,56.197,51.732,
1627249.596,,56.169,51.707,
1627349.591,,56.186,52.355,
1627449.583,,56.133,52.648,
1627549.580,,56.009,52.660,
1627649.580,,56.186,53.355,
1627749.574,,56.119,53.852,
1627849.573,,56.062,53.653,
1627949.567,,55.865,53.882,
1628049.564,,55.640,53.700,
1628149.561,,55.479,53.957,
1628249.557,,55.794,54.018,
1628349.552,,55.788,53.809,
1628449.547,,55.835,53.806,
1628549.545,,55.762,53.985,
1628649.542,,55.954,54.208,
1628749.534,,55.761,53.598,
1628849.530,,55.958,54.380,
1628949.528,,56.569,54.654,
1629049.526,,56.736,54.388,
1629149.522,,56.685,54.626,
1629249.521,,56.539,54.659,
1629349.518,,56.572,54.494,
1629449.514,,56.697,54.651,
1629549.510,,56.858,54.260,
1629649.506,,56.365,54.576,
1629749.504,,56.695,54.487,
1629849.496,,56.600,54.474,
1629949.490,,56.363,53.785,
1630049.492,,56.233,53.821,
1630149.484,,56.288,54.189,
1630249.483,,56.601,54.253,
1630349.478,,56.753,54.214,
1630449.475,,56.681,54.377,
1630549.470,,56.449,54.468,
1630649.468,,56.495,54.458,
1630749.465,,56.421,54.152,
1630849.458,,56.388,54.596,
1630949.453,,56.336,54.632,
1631049.452,,56.446,54.537,
1631149.446,,56.460,54.604,
1631249.445,,56.403,54.255,
1631349.443,,56.709,54.896,
1631449.440,,56.510,54.531,
1631549.437,,56.550,54.090,
1631649.432,,56.489,54.901,
1631749.424,,56.717,54.501,
1631849.425,,56.140,53.971,
1631949.423,,56.232,54.109,
1632049.418,,56.224,54.841,
1632149.413,,55.983,54.717,
1632249.412,,56.188,54.180,
1632349.409,,56.248,53.738,
1632449.407,,56.260,53.781,
1632549.406,,56.466,53.408,
1632649.404,,56.454,53.514,
1632749.405,,56.622,54.155,
1632849.402,,56.532,54.469,
1632949.401,,56.271,54.083,
1633049.392,,56.263,54.672,
1633149.390,,56.419,55.371,
1633249.392,,56.248,55.575,
1633349.387,,56.004,55.295,
1633449.386,,56.757,54.694,
1633549.384,,56.260,54.488,
1633649.380,,56.530,55.100,
1633749.382,,57.284,55.789,
1633849.378,,57.160,56.051,
1633949.374,,56.945,55.373,
1634049.370,,56.611,54.759,
1634149.371,,56.404,55.243,
1634249.366,,56.872,55.669,
1634349.368,,57.100,55.222,
1634449.365,,57.193,54.705,
1634549.362,,56.533,54.291,
1634649.357,,56.264,54.621,
1634749.354,,56.144,55.729,
1634849.351,,56.525,55.950,
1634949.354,,56.019,55.642,
1635049.348,,56.120,56.021,
1635149.344,,56.163,55.555,
1635249.346,,55.981,54.729,
1635349.343,,55.871,54.375,
1635449.338,,55.601,54.210,
1635549.335,,56.100,54.142,
1635649.331,,56.266,54.566,
1635749.335,,55.947,53.887,
1635849.332,,55.525,53.512,
1635949.326,,55.482,53.879,
1636049.328,,55.379,53.947,
1636149.326,,55.501,54.165,
1636249.320,,55.275,53.592,
1636349.319,,55.424,54.773,
1636449.313,,56.075,54.409,
1636549.316,,56.242,54.220,
1636649.313,,56.117,53.227,
1636749.312,,55.799,52.368,
1636849.306,,55.757,52.408,
1636949.305,,56.017,52.671,
1637049.304,,56.532,52.884,
1637149.303,,56.549,53.129,
1637249.299,,56.543,53.188,
1637349.296,,56.632,53.246,
1637449.293,,56.288,52.934,
1637549.290,,55.855,53.640,
1637649.285,,54.769,52.287,
1637749.285,,53.716,51.895,
1637849.286,,53.604,52.414,
1637949.282,,53.406,51.775,
1638049.281,,54.138,54.098,
1638149.276,,55.808,53.517,
1638249.272,,55.917,53.045,
1638349.272,,55.313,52.938,
1638449.271,,54.767,50.852,
1638549.265,,54.081,50.694,
1638649.266,,52.838,49.595,
1638749.266,,52.429,49.167,
1638849.258,,54.500,51.170,
1638949.255,,55.768,52.140,
1639049.258,,56.043,52.442,
1639149.253,,56.134,52.934,
1639249.255,,55.896,53.308,
1639349.252,,55.797,53.449,
1639449.246,,56.026,53.340,
1639549.247,,56.030,53.444,
1639649.239,,56.057,53.324,
1639749.241,,55.928,52.915,
1639849.234,,56.136,52.627,
1639949.230,,56.138,52.836,
1640049.231,,55.719,52.214,
1640149.225,,55.151,52.746,
1640249.221,,55.597,51.637,
1640349.217,,54.490,51.511,
1640449.211,,54.494,50.787,
1640549.208,,54.585,50.323,
1640649.205,,54.331,49.823,
1640749.203,,54.343,50.542,
1640849.195,,54.684,51.879,
1640949.189,,55.279,51.426,
1641049.190,,54.422,50.762,
1641149.185,,53.725,50.652,
1641249.180,,54.773,52.686,
1641349.170,,55.933,52.815,
1641449.172,,56.167,52.862,
1641549.162,,56.386,52.665,
1641649.164,,56.262,52.662,
1641749.159,,56.222,52.714,
1641849.154,,56.593,53.457,
1641949.147,,56.752,52.899,
1642049.145,,56.917,52.482,
1642149.141,,56.806,52.315,
1642249.133,,56.485,52.144,
1642349.128,,56.406,52.197,
1642449.126,,56.465,53.096,
1642549.126,,56.465,53.355,
1642649.122,,56.504,52.859,
1642749.117,,55.749,52.143,
1642849.113,,55.603,52.193,
1642949.106,,55.431,52.178,
1643049.103,,55.317,51.942,
1643149.098,,55.473,52.250,
1643249.096,,55.427,52.143,
1643349.092,,55.370,52.206,
1643449.082,,55.675,52.123,
1643549.079,,55.505,51.677,
1643649.077,,55.694,52.174,
1643749.071,,55.730,51.884,
1643849.065,,55.727,52.183,
1643949.061,,55.491,52.086,
1644049.063,,55.389,52.415,
1644149.055,,55.543,52.761,
1644249.049,,55.774,53.614,
1644349.050,,56.217,53.978,
1644449.045,,56.079,53.948,
1644549.036,,56.163,54.372,
1644649.036,,56.356,54.586,
1644749.028,,56.706,54.535,
1644849.024,,56.860,54.770,
1644949.019,,57.122,54.469,
1645049.017,,56.759,54.364,
1645149.011,,55.974,54.242,
1645249.012,,57.148,54.035,
1645349.007,,55.423,54.087,
1645449.001,,56.707,54.655,
1645548.999,,56.600,54.973,
1645648.990,,56.455,54.630,
1645748.990,,56.074,53.935,
1645848.986,,55.769,53.418,
1645948.981,,55.589,53.183,
1646048.972,,55.570,52.854,
1646148.967,,55.709,52.207,
1646248.966,,55.693,52.796,
1646348.961,,56.292,53.056,
1646448.956,,56.309,52.948,
1646548.957,,56.413,52.859,
1646648.948,,56.283,52.715,
1646748.948,,56.413,52.342,
1646848.944,,56.107,52.398,
1646948.939,,56.245,52.127,
1647048.936,,56.045,52.659,
1647148.930,,56.416,52.966,
1647248.924,,56.586,53.238,
1647348.921,,56.903,53.476,
1647448.912,,56.882,52.539,
1647548.913,,56.388,51.606,
1647648.905,,56.030,51.358,
1647748.903,,55.942,51.671,
1647848.900,,56.021,51.791,
1647948.895,,55.802,51.862,
1648048.893,,55.532,51.669,
1648148.891,,55.502,52.178,
1648248.884,,56.049,52.226,
1648348.884,,56.261,52.629,
1648448.883,,56.401,52.475,
1648548.879,,56.348,51.781,
1648648.873,,56.496,52.177,
1648748.875,,55.960,51.007,
1648848.865,,55.086,50.518,
1648948.867,,54.730,51.003,
1649048.859,,55.169,51.629,
1649148.862,,55.524,52.335,
1649248.858,,55.933,52.785,
1649348.850,,55.797,53.074,
1649448.849,,56.041,53.403,
1649548.845,,55.936,52.995,
1649648.844,,55.722,52.790,
1649748.844,,55.697,53.193,
1649848.836,,55.746,52.663,
1649948.838,,55.756,51.796,
1650048.831,,55.771,51.688,
1650148.832,,55.784,51.760,
1650248.827,,56.027,51.726,
1650348.821,,55.811,51.941,
1650448.821,,55.681,51.923,
1650548.817,,55.611,52.108,
1650648.813,,55.758,52.750,
1650748.812,,55.839,52.623,
1650848.806,,56.100,52.582,
1650948.806,,56.337,52.490,
1651048.804,,55.836,52.852,
1651148.798,,56.171,52.933,
1651248.799,,55.817,52.671,
1651348.794,,56.170,53.032,
1651448.790,,56.030,52.842,
1651548.790,,55.925,53.012,
1651648.783,,55.918,53.037,
1651748.782,,55.950,52.786,
1651848.779,,55.999,52.509,
1651948.772,,55.860,52.334,
1652048.772,,55.917,52.085,
1652148.769,,55.933,52.188,
1652248.768,,56.252,52.088,
1652348.765,,56.233,51.731,
1652448.761,,56.128,52.508,
1652548.757,,56.595,52.670,
1652648.756,,56.406,52.262,
1652748.753,,56.651,53.014,
1652848.745,,56.249,52.441,
1652948.744,,55.876,52.012,
1653048.741,,55.748,52.305,
1653148.737,,56.024,52.703,
1653248.733,,56.272,52.636,
1653348.729,,56.254,52.311,
1653448.731,,56.166,51.808,
1653548.724,,56.203,51.878,
1653648.721,,55.725,51.783,
1653748.718,,55.401,51.911,
1653848.719,,55.064,51.323,
1653948.712,,55.012,51.257,
1654048.712,,54.874,51.717,
1654148.705,,55.647,52.914,
1654248.706,,56.340,54.455,
1654348.702,,56.636,53.950,
1654448.699,,56.417,53.476,
1654548.696,,56.812,54.331,
1654648.693,,56.555,54.208,
1654748.688,,56.226,53.956,
1654848.687,,56.007,53.619,
1654948.683,,55.918,54.142,
1655048.684,,55.914,54.073,
1655148.678,,55.861,54.095,
1655248.678,,55.807,53.617,
1655348.672,,55.770,53.928,
1655448.667,,56.040,53.650,
1655548.666,,56.291,53.951,
1655648.662,,55.360,53.037,
1655748.662,,55.696,52.735,
1655848.654,,55.424,52.103,
1655948.657,,54.782,51.346,
1656048.654,,54.090,51.362,
1656148.654,,54.770,52.251,
1656248.646,,55.354,52.135,
1656348.647,,55.297,52.173,
1656448.643,,55.578,52.166,
1656548.644,,55.563,52.661,
1656648.639,,55.696,52.610,
1656748.637,,55.854,52.509,
1656848.633,,55.849,52.190,
1656948.637,,55.769,51.750,
1657048.634,,55.681,52.092,
1657148.632,,55.953,51.639,
1657248.627,,55.567,51.112,
1657348.626,,54.900,51.743,
1657448.622,,55.110,51.491,
1657548.619,,55.224,51.357,
1657648.617,,55.370,51.312,
1657748.619,,55.125,50.998,
1657848.613,,55.425,50.709,
1657948.616,,55.172,50.539,
1658048.611,,55.322,50.979,
1658148.608,,55.493,52.064,
1658248.608,,55.544,52.468,
1658348.604,,55.520,52.686,
1658448.607,,55.535,52.103,
1658548.603,,55.674,51.876,
1658648.598,,55.611,52.416,
1658748.600,,55.282,52.840,
1658848.598,,55.660,53.586,
1658948.594,,55.970,53.737,
1659048.594,,55.732,53.125,
1659148.593,,55.916,53.242,
1659248.590,,55.863,54.258,
1659348.589,,55.515,54.910,
1659448.582,,54.873,54.454,
1659548.582,,53.664,52.794,
1659648.581,,52.610,53.033,
1659748.579,,55.329,55.632,
1659848.578,,55.993,55.240,
1659948.573,,55.629,54.652,
1660048.574,,54.610,52.668,
1660148.568,,53.969,53.966,
1660248.568,,55.015,54.400,
1660348.567,,55.072,53.446,
1660448.561,,55.305,53.954,
1660548.559,,55.044,53.280,
1660648.558,,55.002,52.881,
1660748.555,,55.633,52.293,
1660848.554,,54.546,52.484,
1660948.551,,55.118,52.253,
1661048.550,,55.034,52.727,
1661148.547,,55.437,53.245,
1661248.548,,55.411,52.668,
1661348.543,,55.296,52.311,
1661448.546,,55.656,52.520,
1661548.539,,55.603,52.267,
1661648.537,,55.093,52.714,
1661748.540,,54.792,51.756,
1661848.533,,54.925,52.446,
1661948.534,,55.216,51.546,
1662048.528,,54.644,51.044,
1662148.526,,54.805,51.647,
1662248.529,,55.271,51.290,
1662348.528,,55.271,51.909,
1662448.521,,55.500,52.303,
1662548.521,,54.983,51.023,
1662648.521,,55.456,51.873,
1662748.514,,55.896,52.949,
1662848.513,,56.131,52.871,
1662948.512,,55.909,52.948,
1663048.511,,56.134,52.511,
1663148.507,,55.986,51.779,
1663248.507,,55.875,51.493,
1663348.502,,56.122,51.519,
1663448.503,,55.732,50.760,
1663548.503,,55.268,50.570,
1663648.500,,55.395,50.730,
1663748.499,,55.568,51.067,
1663848.492,,55.788,51.590,
1663948.489,,56.191,51.598,
1664048.488,,55.924,52.090,
1664148.482,,55.708,51.308,
1664248.473,,55.066,50.678,
1664348.471,,54.861,51.761,
1664448.463,,55.421,51.750,
1664548.458,,55.873,51.588,
1664648.456,,55.692,51.549,
1664748.451,,56.028,52.337,
1664848.446,,56.557,53.361,
1664948.439,,56.682,53.962,
1665048.435,,56.937,54.360,
1665148.426,,56.375,53.802,
1665248.422,,56.284,53.162,
1665348.419,,56.510,53.420,
1665448.415,,56.373,53.341,
1665548.406,,56.497,53.062,
1665648.405,,56.508,52.857,
1665748.396,,56.426,53.100,
1665848.389,,56.364,52.965,
1665948.387,,56.301,53.250,
1666048.381,,56.126,54.029,
1666148.379,,56.547,54.440,
1666248.372,,56.504,54.704,
1666348.363,,56.413,54.403,
1666448.359,,56.270,54.645,
1666548.352,,56.383,55.148,
1666648.351,,56.474,54.483,
1666748.343,,56.332,53.843,
1666848.336,,56.333,53.829,
1666948.334,,56.331,54.027,
1667048.327,,56.538,54.624,
1667148.322,,56.665,54.431,
1667248.321,,56.564,54.011,
1667348.315,,56.468,53.893,
1667448.306,,56.874,54.706,
1667548.304,,56.542,54.099,
1667648.298,,56.303,53.588,
1667748.291,,56.260,52.986,
1667848.290,,56.118,53.000,
1667948.281,,56.483,52.933,
1668048.275,,56.168,53.087,
1668148.270,,56.149,53.198,
1668248.264,,56.094,52.851,
1668348.265,,55.991,53.166,
1668448.254,,55.843,53.041,
1668548.255,,55.898,53.194,
1668648.245,,55.927,52.428,
1668748.239,,55.351,52.590,
1668848.238,,55.299,52.371,
1668948.234,,55.238,51.902,
1669048.225,,55.200,52.202,
1669148.218,,55.374,52.319,
1669248.216,,55.972,52.694,
1669348.207,,56.073,53.426,
1669448.208,,56.111,53.125,
1669548.201,,55.773,52.550,
1669648.193,,55.921,52.642,
1669748.188,,55.885,51.868,
1669848.181,,55.798,51.577,
1669948.178,,55.987,51.667,
1670048.172,,56.026,51.617,
1670148.169,,56.079,51.897,
1670248.165,,56.254,51.407,
1670348.156,,56.017,51.486,
1670448.153,,56.199,51.658,
1670548.149,,55.947,51.698,
1670648.142,,55.639,51.798,
1670748.140,,55.365,51.213,
1670848.132,,55.437,51.700,
1670948.128,,55.535,51.744,
1671048.123,,55.872,52.280,
1671148.114,,55.622,51.911,
1671248.111,,54.795,51.818,
1671348.107,,55.585,52.819,
1671448.100,,55.888,52.991,
1671548.095,,55.662,53.607,
1671648.088,,56.387,53.824,
1671748.085,,56.017,53.643,
1671848.077,,56.708,53.652,
1671948.081,,56.328,53.172,
1672048.075,,56.220,53.112,
1672148.074,,55.841,53.672,
1672248.070,,54.751,53.208,
1672348.065,,55.272,53.470,
1672448.067,,54.247,52.492,
1672548.061,,54.808,54.814,
1672648.062,,55.295,54.620,
1672748.056,,54.920,54.300,
1672848.051,,55.316,53.641,
1672948.049,,53.981,52.516,
1673048.050,,54.680,54.597,
1673148.044,,55.680,55.302,
1673248.044,,55.814,55.103,
1673348.039,,56.105,55.374,
1673448.039,,56.030,55.696,
1673548.032,,56.113,55.150,
1673648.031,,56.050,54.877,
1673748.031,,56.017,54.499,
1673848.024,,55.031,51.742,
1673948.026,,54.343,52.560,
1674048.023,,55.508,53.903,
1674148.018,,55.256,53.952,
1674248.018,,54.489,52.786,
1674348.013,,54.704,54.506,
1674448.014,,55.826,53.847,
1674548.007,,55.671,54.026,
1674648.007,,55.030,53.284,
1674748.002,,55.477,54.759,
1674847.999,,56.247,54.846,
1674947.996,,56.193,55.426,
1675047.997,,56.464,55.723,
1675147.994,,56.341,55.881,
1675247.988,,56.059,55.396,
1675347.989,,54.801,53.265,
1675447.982,,55.121,53.729,
1675547.984,,55.672,54.760,
1675647.978,,55.467,55.206,
1675747.978,,55.343,55.223,
1675847.973,,55.341,54.929,
1675947.972,,55.241,55.899,
1676047.965,,55.656,55.492,
1676147.964,,55.445,55.852,
1676247.964,,55.556,56.425,
1676347.964,,55.795,56.601,
1676447.960,,55.653,56.037,
1676547.958,,55.596,54.561,
1676647.955,,55.419,54.530,
1676747.951,,55.630,55.269,
1676847.950,,56.162,55.259,
1676947.943,,56.264,55.472,
1677047.939,,56.018,54.261,
1677147.937,,55.380,52.166,
1677247.939,,53.965,52.404,
1677347.933,,55.344,55.059,
1677447.930,,55.863,55.430,
1677547.932,,55.499,55.674,
1677647.926,,55.626,55.551,
1677747.925,,55.663,56.078,
1677847.917,,55.814,55.881,
1677947.921,,55.713,53.676,
1678047.918,,54.979,54.212,
1678147.913,,55.727,55.801,
1678247.907,,55.770,56.022,
1678347.906,,55.639,54.677,
1678447.904,,55.699,54.636,
1678547.904,,55.611,54.901,
1678647.897,,55.304,56.498,
1678747.899,,55.604,55.828,
1678847.893,,55.553,55.359,
1678947.889,,54.234,54.728,
1679047.891,,55.068,57.009,
1679147.888,,55.513,56.976,
1679247.883,,55.611,57.120,
1679347.881,,55.734,56.707,
1679447.876,,55.427,55.652,
1679547.876,,54.533,55.449,
1679647.873,,55.604,55.661,
1679747.870,,55.730,56.210,
1679847.867,,55.624,57.709,
1679947.863,,55.554,57.140,
1680047.863,,54.536,56.544,
1680147.859,,55.384,57.578,
1680247.860,,55.579,57.244,
1680347.857,,55.410,56.271,
1680447.853,,55.141,55.110,
1680547.852,,54.479,54.529,
1680647.854,,55.081,55.812,
1680747.850,,55.697,56.492,
1680847.847,,55.858,55.325,
1680947.842,,55.661,55.362,
1681047.845,,55.615,55.172,
1681147.842,,55.381,55.545,
1681247.842,,55.376,55.529,
1681347.840,,54.365,55.214,
1681447.835,,55.291,56.473,
1681547.838,,55.811,56.024,
1681647.833,,55.544,56.063,
1681747.829,,55.428,56.037,
1681847.829,,54.905,56.324,
1681947.825,,56.073,56.691,
1682047.826,,56.200,56.721,
1682147.820,,55.881,55.702,
1682247.820,,55.912,55.458,
1682347.822,,56.002,55.731,
1682447.814,,55.988,55.414,
1682547.813,,55.761,55.086,
1682647.811,,55.117,54.343,
1682747.814,,55.086,53.715,
1682847.807,,55.456,54.596,
1682947.809,,56.259,54.502,
1683047.803,,56.149,54.283,
1683147.806,,55.937,54.199,
1683247.800,,55.638,53.121,
1683347.801,,54.820,52.593,
1683447.800,,55.152,52.382,
1683547.796,,55.360,53.733,
1683647.791,,56.014,53.753,
1683747.792,,55.735,54.265,
1683847.792,,56.066,55.015,
1683947.788,,55.984,55.841,
1684047.787,,56.092,55.598,
1684147.786,,55.970,55.277,
1684247.781,,55.903,54.534,
1684347.783,,55.052,53.328,
1684447.778,,53.867,52.982,
1684547.777,,54.369,55.422,
1684647.777,,55.728,55.310,
1684747.770,,55.637,54.563,
1684847.773,,55.041,52.903,
1684947.766,,53.652,51.461,
1685047.770,,54.047,51.844,
1685147.762,,54.472,52.057,
1685247.762,,55.076,52.316,
1685347.758,,55.362,51.971,
1685447.763,,55.253,52.408,
1685547.759,,56.331,52.484,
1685647.756,,56.421,52.262,
1685747.756,,56.410,52.502,
1685847.755,,56.518,52.504,
1685947.750,,56.408,52.893,
1686047.745,,56.534,53.610,
1686147.745,,56.469,53.639,
1686247.746,,56.314,53.809,
1686347.745,,56.479,53.736,
1686447.739,,56.317,52.852,
1686547.737,,55.698,51.993,
1686647.740,,55.730,52.449,
1686747.734,,56.060,52.687,
1686847.729,,55.952,53.004,
1686947.733,,55.984,53.354,
1687047.729,,55.741,53.133,
1687147.730,,55.821,52.883,
1687247.724,,55.469,52.824,
1687347.720,,55.489,52.681,
1687447.725,,55.182,52.443,
1687547.721,,55.066,52.614,
1687647.715,,54.899,52.482,
1687747.718,,54.895,53.278,
1687847.716,,55.618,53.092,
1687947.709,,55.603,52.453,
1688047.708,,55.382,52.521,
1688147.704,,55.360,52.872,
1688247.701,,55.580,52.979,
1688347.699,,55.754,53.748,
1688447.697,,55.571,53.988,
1688547.696,,55.981,54.051,
1688647.693,,55.806,53.998,
1688747.685,,55.740,53.961,
1688847.683,,56.171,54.491,
1688947.683,,56.389,54.712,
1689047.678,,56.637,54.500,
1689147.676,,56.315,54.432,
1689247.670,,56.233,54.720,
1689347.669,,56.507,54.542,
1689447.669,,56.442,53.911,
1689547.662,,56.290,53.020,
1689647.660,,56.163,55.290,
1689747.659,,56.723,56.283,
1689847.657,,56.551,55.240,
1689947.657,,56.303,54.138,
1690047.649,,56.063,54.277,
1690147.649,,55.848,54.013,
1690247.648,,55.499,53.920,
1690347.639,,55.463,53.408,
1690447.639,,55.468,54.351,
1690547.640,,56.085,54.842,
1690647.636,,56.150,54.123,
1690747.629,,55.516,53.518,
1690847.629,,55.496,53.730,
1690947.623,,55.611,53.618,
1691047.620,,55.779,53.213,
1691147.622,,55.754,53.220,
1691247.618,,55.984,53.254,
1691347.613,,55.591,53.615,
1691447.609,,55.888,53.564,
1691547.611,,56.197,54.552,
1691647.607,,56.162,56.405,
1691747.599,,55.986,56.297,
1691847.600,,55.848,56.215,
1691947.596,,55.812,56.107,
1692047.593,,55.855,57.209,
1692147.592,,56.198,57.003,
1692247.586,,55.736,56.314,
1692347.587,,55.758,56.348,
1692447.582,,56.474,57.407,
1692547.583,,56.900,57.649,
1692647.574,,56.687,57.264,
1692747.575,,57.106,57.444,
1692847.568,,56.869,57.373,
1692947.567,,56.420,57.201,
1693047.562,,56.717,56.877,
1693147.566,,56.735,56.561,
1693247.560,,56.840,56.515,
1693347.558,,56.085,55.226,
1693447.555,,56.705,56.066,
1693547.548,,56.809,55.981,
1693647.548,,57.053,56.449,
1693747.546,,56.868,56.618,
1693847.542,,57.045,57.590,
1693947.542,,56.890,57.492,
1694047.537,,56.569,56.816,
1694147.535,,56.390,56.442,
1694247.530,,55.873,55.607,
1694347.528,,55.469,56.238,
1694447.522,,55.391,56.378,
1694547.519,,55.566,56.459,
1694647.520,,55.904,56.471,
1694747.515,,55.835,56.119,
1694847.511,,56.377,56.098,
1694947.509,,56.535,55.904,
1695047.510,,56.509,56.947,
1695147.507,,56.335,57.483,
1695247.501,,56.457,56.911,
1695347.503,,56.522,56.615,
1695447.498,,56.594,56.140,
1695547.496,,56.009,55.024,
1695647.492,,55.355,55.195,
1695747.485,,55.509,55.570,
1695847.482,,56.154,55.627,
1695947.480,,56.228,55.803,
1696047.481,,56.232,55.764,
1696147.472,,56.386,55.290,
1696247.473,,56.556,55.528,
1696347.469,,56.524,56.081,
1696447.462,,56.352,55.761,
1696547.459,,56.554,55.335,
1696647.458,,56.650,55.611,
1696747.453,,56.750,55.547,
1696847.447,,56.599,55.465,
1696947.449,,56.709,55.009,
1697047.444,,56.381,55.297,
1697147.436,,56.576,54.763,
1697247.434,,56.463,54.159,
1697347.431,,56.138,54.136,
1697447.426,,56.089,54.104,
1697547.425,,55.995,53.697,
1697647.421,,56.245,53.886,
1697747.414,,56.392,53.187,
1697847.415,,55.863,54.110,
1697947.408,,56.152,53.507,
1698047.408,,56.031,53.704,
1698147.401,,56.298,54.419,
1698247.397,,56.118,54.305,
1698347.394,,55.939,54.029,
1698447.391,,56.007,53.865,
1698547.391,,55.746,53.440,
1698647.388,,55.966,53.179,
1698747.385,,55.808,52.318,
1698847.380,,55.650,53.374,
1698947.376,,56.507,53.587,
1699047.371,,56.508,53.091,
1699147.368,,56.507,53.068,
1699247.364,,56.510,53.885,
1699347.342,,56.474,54.187,
1699447.358,,56.357,53.469,
1699547.351,,55.439,52.394,
1699647.348,,55.615,52.653,
1699747.349,,56.533,52.559,
1699847.343,,56.005,52.157,
1699947.337,,55.998,52.504,
1700047.334,,56.418,52.971,
1700147.334,,56.293,52.923,
1700247.326,,56.597,53.927,
1700347.323,,56.799,53.801,
1700447.322,,56.713,53.410,
1700547.321,,56.861,53.490,
1700647.314,,56.335,53.146,
1700747.308,,56.439,53.015,
1700847.307,,57.043,53.900,
1700947.301,,56.772,54.419,
1701047.303,,56.512,53.105,
1701147.295,,55.837,53.245,
1701247.296,,56.039,53.469,
1701347.287,,56.191,53.678,
1701447.285,,56.216,53.003,
1701547.282,,56.265,53.075,
1701647.276,,56.393,52.958,
1701747.272,,56.171,52.947,
1701847.272,,55.591,51.874,
1701947.265,,54.496,51.252,
1702047.264,,54.166,51.473,
1702147.258,,54.526,52.974,
1702247.258,,54.474,52.645,
1702347.251,,55.084,52.853,
1702447.251,,55.451,52.675,
1702547.248,,54.568,52.596,
1702647.241,,54.415,53.332,
1702747.237,,55.243,53.346,
1702847.238,,55.455,53.684,
1702947.232,,55.966,54.038,
1703047.227,,56.075,53.329,
1703147.224,,54.287,52.005,
1703247.225,,55.519,54.017,
1703347.221,,55.868,54.123,
1703447.218,,55.802,53.803,
1703547.208,,55.765,53.011,
1703647.208,,55.332,51.325,
1703747.207,,54.589,51.386,
1703847.199,,54.713,51.414,
1703947.195,,55.657,51.944,
1704047.200,,55.932,52.004,
1704147.194,,56.146,52.059,
1704247.194,,56.152,51.956,
1704347.192,,56.493,53.396,
1704447.186,,56.487,54.024,
1704547.188,,56.913,53.348,
1704647.182,,56.677,53.040,
1704747.180,,56.577,52.787,
1704847.185,,56.233,51.721,
1704947.179,,55.238,51.049,
1705047.179,,54.873,51.193,
1705147.173,,55.648,52.021,
1705247.172,,56.157,52.232,
1705347.171,,56.290,52.425,
1705447.171,,56.458,52.554,
1705547.166,,56.316,51.834,
1705647.165,,55.287,51.443,
1705747.167,,55.686,52.698,
1705847.159,,56.114,53.193,
1705947.157,,56.576,53.886,
1706047.162,,56.550,54.198,
1706147.160,,56.785,54.287,
1706247.152,,56.674,53.642,
1706347.154,,56.405,53.382,
1706447.148,,56.081,53.533,
1706547.146,,56.213,53.242,
1706647.148,,56.418,52.951,
1706747.142,,56.279,53.195,
1706847.145,,56.291,53.168,
1706947.144,,56.395,53.080,
1707047.137,,56.493,53.525,
1707147.134,,55.934,52.988,
1707247.133,,55.821,52.481,
1707347.134,,55.708,52.650,
1707447.135,,55.839,52.543,
1707547.132,,55.726,52.188,
1707647.129,,55.693,52.464,
1707747.123,,56.222,53.195,
1707847.122,,56.189,53.394,
1707947.122,,56.316,52.681,
1708047.123,,55.694,52.831,
1708147.122,,56.197,53.693,
1708247.114,,56.026,54.385,
1708347.113,,56.126,55.687,
1708447.109,,56.167,56.406,
1708547.113,,56.095,56.754,
1708647.106,,56.009,58.074,
1708747.105,,56.263,57.975,
1708847.106,,56.175,57.158,
1708947.102,,55.732,56.319,
1709047.101,,55.767,55.700,
1709147.101,,55.510,54.958,
1709247.095,,55.158,54.384,
1709347.092,,55.963,54.278,
1709447.091,,56.157,54.965,
1709547.090,,56.231,55.657,
1709647.089,,56.444,56.295,
1709747.090,,56.640,55.637,
1709847.083,,56.664,54.983,
1709947.082,,56.424,54.637,
1710047.080,,56.304,53.967,
1710147.080,,56.077,54.036,
1710247.079,,55.526,52.812,
1710347.073,,54.432,51.342,
1710447.076,,53.779,51.531,
1710547.072,,54.757,52.030,
1710647.074,,55.254,52.290,
1710747.068,,55.608,52.342,
1710847.066,,55.751,52.074,
1710947.065,,55.117,51.211,
1711047.065,,55.441,52.570,
1711147.059,,56.248,52.897,
1711247.060,,56.517,52.915,
1711347.056,,56.618,53.496,
1711447.058,,56.681,54.147,
1711547.052,,57.109,53.828,
1711647.054,,56.034,52.939,
1711747.048,,55.754,52.549,
1711847.046,,55.499,52.090,
1711947.041,,55.391,52.062,
1712047.043,,55.361,51.955,
1712147.036,,55.307,52.659,
1712247.035,,55.580,53.265,
1712347.028,,55.702,52.799,
1712447.025,,55.954,52.170,
1712547.025,,55.398,52.491,
1712647.021,,55.942,52.714,
1712747.017,,55.822,52.086,
1712847.011,,55.815,51.982,
1712947.010,,55.811,52.794,
1713047.005,,55.946,53.273,
1713147.001,,56.396,53.784,
1713246.999,,56.388,54.313,
1713346.993,,56.459,54.029,
1713446.991,,56.347,54.004,
1713546.990,,56.380,54.424,
1713646.985,,56.332,54.572,
1713746.982,,56.188,54.156,
1713846.978,,55.832,54.245,
1713946.974,,55.756,54.115,
1714046.970,,56.009,53.969,
1714146.966,,55.913,53.818,
1714246.963,,56.122,54.042,
1714346.956,,56.335,54.329,
1714446.957,,56.981,54.774,
1714546.949,,57.160,54.506,
1714646.946,,56.922,53.836,
1714746.942,,56.467,53.407,
1714846.942,,56.107,52.848,
1714946.939,,55.943,53.376,
1715046.932,,55.731,53.089,
1715146.926,,55.925,53.531,
1715246.923,,55.722,53.052,
1715346.920,,55.750,52.575,
1715446.916,,55.860,52.422,
1715546.913,,55.846,52.323,
1715646.913,,55.452,51.785,
1715746.907,,55.185,51.286,
1715846.903,,55.132,50.947,
1715946.899,,54.744,50.675,
1716046.896,,54.869,51.097,
1716146.893,,54.845,50.911,
1716246.887,,54.944,51.225,
1716346.883,,55.444,52.498,
1716446.884,,55.679,52.975,
1716546.876,,56.229,52.509,
1716646.876,,55.731,52.215,
1716746.874,,55.519,51.703,
1716846.864,,54.908,51.347,
1716946.867,,55.177,51.723,
1717046.863,,55.631,51.878,
1717146.856,,55.481,51.910,
1717246.856,,55.403,51.262,
1717346.850,,54.458,51.328,
1717446.849,,54.757,51.713,
1717546.845,,55.113,52.497,
1717646.840,,55.569,53.205,
1717746.836,,55.985,53.751,
1717846.830,,56.206,53.833,
1717946.829,,56.289,53.743,
1718046.823,,56.607,54.138,
1718146.819,,56.466,53.468,
1718246.820,,56.181,53.218,
1718346.815,,55.989,53.200,
1718446.810,,56.116,53.337,
1718546.803,,56.662,52.922,
1718646.804,,56.854,52.892,
1718746.799,,56.768,52.996,
1718846.793,,56.614,52.843,
1718946.794,,56.550,52.004,
1719046.789,,55.832,51.709,
1719146.783,,55.417,51.262,
1719246.778,,55.091,51.738,
1719346.774,,56.000,52.648,
1719446.776,,56.073,52.721,
1719546.768,,55.839,52.254,
1719646.768,,56.639,53.136,
1719746.760,,56.905,52.999,
1719846.758,,56.381,53.594,
1719946.759,,56.469,53.581,
1720046.755,,57.029,54.488,
1720146.750,,56.955,54.917,
1720246.747,,57.036,54.438,
1720346.745,,56.925,54.352,
1720446.742,,56.869,53.335,
1720546.734,,56.360,52.391,
1720646.733,,56.087,51.998,
1720746.725,,56.013,52.145,
1720846.724,,56.012,51.659,
1720946.723,,55.711,51.558,
1721046.719,,55.886,51.858,
1721146.710,,56.240,52.501,
1721246.711,,56.126,52.384,
1721346.709,,56.117,52.234,
1721446.699,,55.765,51.616,
1721546.699,,54.849,51.391,
1721646.695,,54.791,51.836,
1721746.690,,55.104,52.514,
1721846.688,,55.251,52.739,
1721946.682,,55.691,52.617,
1722046.681,,55.594,52.450,
1722146.680,,56.110,52.349,
1722246.675,,55.789,52.061,
1722346.672,,55.939,52.938,
1722446.664,,56.548,53.222,
1722546.661,,56.375,53.913,
1722646.663,,56.491,54.134,
1722746.654,,56.672,54.642,
1722846.656,,56.549,55.300,
1722946.653,,56.673,55.211,
1723046.643,,56.147,54.913,
1723146.639,,55.898,54.577,
1723246.637,,56.084,53.997,
1723346.632,,55.730,54.050,
1723446.629,,55.396,53.211,
1723546.630,,55.339,53.023,
1723646.622,,55.394,52.983,
1723746.620,,55.470,52.916,
1723846.618,,55.103,52.835,
1723946.612,,55.911,53.342,
1724046.611,,56.351,53.047,
1724146.603,,56.500,53.334,
1724246.601,,56.454,52.838,
1724346.599,,56.099,52.888,
1724446.597,,56.267,52.789,
1724546.593,,56.330,52.651,
1724646.590,,56.219,52.384,
1724746.582,,56.493,53.243,
1724846.582,,56.119,52.849,
1724946.581,,55.946,52.714,
1725046.578,,55.958,52.711,
1725146.574,,56.382,52.739,
1725246.567,,56.542,53.152,
1725346.564,,56.667,53.212,
1725446.558,,56.617,52.703,
1725546.553,,56.726,52.705,
1725646.553,,56.346,51.978,
1725746.546,,56.157,52.844,
1725846.547,,56.627,52.815,
1725946.545,,56.558,52.542,
1726046.542,,56.320,52.457,
1726146.535,,56.190,52.023,
1726246.533,,55.840,51.754,
1726346.530,,56.135,51.658,
1726446.524,,56.116,51.878,
1726546.524,,56.107,52.208,
1726646.515,,56.185,53.021,
1726746.512,,56.062,53.118,
1726846.512,,56.224,52.688,
1726946.507,,55.929,52.440,
1727046.505,,56.401,52.183,
1727146.498,,56.258,52.282,
1727246.500,,56.214,53.203,
1727346.494,,56.195,53.344,
1727446.486,,56.144,54.064,
1727546.488,,56.219,53.643,
1727646.484,,56.172,53.112,
1727746.475,,55.590,52.797,
1727846.477,,55.952,53.560,
1727946.471,,56.390,54.095,
1728046.469,,56.616,54.555,
1728146.466,,56.684,54.984,
1728246.467,,56.619,55.019,
1728346.458,,56.554,54.804,
1728446.457,,56.388,54.373,
1728546.458,,56.145,54.052,
1728646.453,,56.379,53.688,
1728746.449,,56.530,53.415,
1728846.448,,56.911,53.369,
1728946.440,,56.564,53.173,
1729046.444,,56.740,53.794,
1729146.436,,56.870,54.649,
1729246.437,,56.495,53.704,
1729346.430,,55.946,53.352,
1729446.431,,56.243,53.379,
1729546.424,,56.014,53.287,
1729646.421,,56.005,52.576,
1729746.421,,55.642,52.321,
1729846.418,,55.996,52.422,
1729946.415,,56.372,52.545,
1730046.411,,56.657,52.876,
1730146.410,,56.058,52.148,
1730246.407,,56.068,51.726,
1730346.403,,56.289,51.830,
1730446.400,,56.360,52.842,
1730546.397,,56.487,52.232,
1730646.392,,56.033,51.949,
1730746.393,,56.320,52.471,
1730846.392,,56.978,52.931,
1730946.389,,57.079,53.470,
1731046.383,,57.069,52.773,
1731146.379,,56.704,52.702,
1731246.378,,56.787,52.362,
1731346.375,,56.011,51.323,
1731446.371,,55.990,51.292,
1731546.368,,55.631,51.646,
1731646.363,,55.749,52.491,
1731746.361,,55.780,51.764,
1731846.362,,55.455,51.811,
1731946.361,,56.315,52.461,
1732046.355,,56.434,52.641,
1732146.354,,56.100,52.781,
1732246.351,,56.375,53.301,
1732346.349,,56.189,53.622,
1732446.346,,56.573,54.618,
1732546.339,,56.872,54.985,
1732646.336,,56.954,54.323,
1732746.338,,55.931,54.237,
1732846.333,,56.653,53.974,
1732946.333,,55.451,52.915,
1733046.328,,55.822,54.444,
1733146.321,,56.186,53.962,
1733246.322,,56.538,54.340,
1733346.317,,57.003,55.412,
1733446.312,,56.562,53.946,
1733546.309,,56.403,53.505,
1733646.310,,56.386,53.840,
1733746.306,,56.562,54.299,
1733846.305,,56.703,54.040,
1733946.298,,56.423,53.649,
1734046.295,,55.972,54.132,
1734146.293,,56.785,54.024,
1734246.289,,56.898,54.157,
1734346.291,,56.533,53.593,
1734446.283,,56.837,53.694,
1734546.285,,56.135,53.016,
1734646.278,,55.596,52.822,
1734746.278,,55.369,53.274,
1734846.274,,55.178,53.281,
1734946.276,,55.292,53.873,
1735046.271,,55.723,53.360,
1735146.270,,55.459,53.080,
1735246.266,,55.829,53.284,
1735346.261,,56.123,53.811,
1735446.261,,56.387,53.757,
1735546.259,,56.343,53.402,
1735646.255,,56.168,53.049,
1735746.248,,55.745,52.459,
1735846.249,,56.073,52.534,
1735946.245,,56.438,52.400,
1736046.238,,56.444,52.411,
1736146.234,,56.491,52.834,
1736246.234,,56.713,52.680,
1736346.228,,56.574,53.360,
1736446.229,,56.251,54.275,
1736546.228,,56.232,53.859,
1736646.224,,56.166,53.217,
1736746.220,,56.310,53.320,
1736846.218,,56.625,53.144,
1736946.212,,56.295,52.769,
1737046.209,,56.090,52.585,
1737146.205,,56.214,52.176,
1737246.205,,55.534,51.743,
1737346.196,,55.651,52.402,
1737446.197,,56.051,52.718,
1737546.195,,56.626,53.333,
1737646.191,,56.372,54.430,
1737746.187,,56.801,55.228,
1737846.186,,56.866,54.846,
1737946.179,,57.178,54.227,
1738046.175,,56.484,52.618,
1738146.173,,55.749,52.892,
1738246.171,,55.998,53.161,
1738346.167,,55.551,52.642,
1738446.165,,55.113,53.453,
1738546.162,,55.522,53.913,
1738646.160,,55.835,53.564,
1738746.153,,56.044,55.289,
1738846.149,,56.209,54.948,
1738946.150,,56.454,55.397,
1739046.147,,56.921,55.330,
1739146.144,,56.933,54.948,
1739246.139,,56.408,54.962,
1739346.136,,56.523,55.129,
1739446.134,,56.347,54.733,
1739546.132,,55.982,54.248,
1739646.129,,55.662,54.119,
1739746.121,,55.818,53.964,
1739846.122,,55.321,52.596,
1739946.120,,55.320,53.758,
1740046.115,,56.188,53.843,
1740146.110,,55.890,53.351,
1740246.105,,55.541,53.610,
1740346.103,,55.679,53.213,
1740446.102,,55.570,54.232,
1740546.099,,55.594,54.360,
1740646.094,,55.545,53.675,
1740746.093,,55.348,54.267,
1740846.091,,55.786,53.875,
1740946.085,,56.022,54.788,
1741046.084,,56.309,54.955,
1741146.078,,56.543,54.225,
1741246.075,,56.480,54.422,
1741346.070,,57.034,54.364,
1741446.069,,56.690,53.559,
1741546.064,,56.113,53.317,
1741646.061,,55.967,53.220,
1741746.057,,56.043,53.530,
1741846.055,,56.538,54.045,
1741946.056,,56.549,54.254,
1742046.052,Input1*2*0,56.558,54.548,
1742146.047,Input1*2*1,56.570,54.688,
1742246.047,,56.474,54.616,
1742346.042,,55.635,57.165,
1742446.039,,55.910,61.115,
1742546.038,,55.945,61.461,
1742646.028,,56.162,60.287,
1742746.025,,56.009,59.024,
1742846.025,,56.085,57.859,
1742946.020,,56.097,57.076,
1743046.019,,56.067,56.381,
1743146.017,,56.101,56.310,
1743246.012,,55.837,55.142,
1743346.009,,55.969,54.953,
1743446.007,,56.388,55.305,
1743546.003,,56.531,55.741,
1743645.997,,56.518,55.833,
1743745.998,,56.807,55.155,
1743845.990,,56.494,55.099,
1743945.987,,56.753,55.267,
1744045.989,,56.635,55.335,
1744145.978,,56.156,54.582,
1744245.980,,55.919,53.980,
1744345.977,,55.655,54.306,
1744445.967,,55.496,54.146,
1744545.964,,55.712,54.151,
1744645.962,,56.456,54.455,
1744745.960,,56.583,54.965,
1744845.958,,56.753,55.146,
1744945.954,,56.278,54.937,
1745045.949,,56.194,54.155,
1745145.943,,56.359,54.049,
1745245.943,,56.732,53.750,
1745345.939,,56.866,54.173,
1745445.932,,56.750,54.163,
1745545.929,,56.473,53.849,
1745645.922,,56.502,53.613,
1745745.918,,56.304,53.569,
1745845.921,,56.627,53.513,
1745945.914,,56.515,52.575,
1746045.909,,56.222,52.655,
1746145.906,,56.079,53.208,
1746245.900,,56.176,53.320,
1746345.897,,55.985,52.938,
1746445.897,,55.756,52.654,
1746545.893,,55.389,52.086,
1746645.886,,55.225,51.899,
1746745.882,,55.209,52.461,
1746845.877,,55.521,52.546,
1746945.878,,54.872,51.699,
1747045.868,,55.301,53.496,
1747145.865,,56.060,54.684,
1747245.862,,56.194,55.151,
1747345.860,,56.218,54.922,
1747445.857,,55.902,54.376,
1747545.854,,55.244,53.494,
1747645.847,,55.146,53.377,
1747745.847,,55.758,53.131,
1747845.840,,55.662,52.658,
1747945.836,,55.012,52.161,
1748045.836,,55.128,52.712,
1748145.829,,55.691,53.645,
1748245.824,,55.843,53.771,
1748345.825,,56.172,53.431,
1748445.819,,55.772,52.693,
1748545.816,,56.013,52.877,
1748645.814,,55.971,52.863,
1748745.804,,55.972,53.106,
1748845.802,,56.214,53.617,
1748945.796,,56.340,53.672,
1749045.796,,56.183,53.157,
1749145.795,,56.453,53.619,
1749245.789,,56.419,53.906,
1749345.785,,56.339,53.725,
1749445.780,,56.424,53.692,
1749545.776,,56.059,53.558,
1749645.776,,56.018,53.241,
1749745.771,,55.863,52.501,
1749845.768,,55.474,52.360,
1749945.761,,55.052,51.734,
1750045.761,,55.044,51.332,
1750145.755,,54.730,50.954,
1750245.749,,55.144,51.214,
1750345.746,,55.802,51.644,
1750445.743,,56.067,52.018,
1750545.739,,55.891,53.502,
1750645.733,,56.123,54.843,
1750745.731,,56.207,55.273,
1750845.726,,56.172,55.259,
1750945.723,,56.196,55.336,
1751045.719,,56.146,55.028,
1751145.717,,56.115,54.802,
1751245.715,,56.109,55.183,
1751345.710,,56.054,55.331,
1751445.703,,56.177,55.594,
1751545.702,,56.093,55.363,
1751645.694,,56.181,54.510,
1751745.695,,55.940,54.353,
1751845.689,,55.860,54.266,
1751945.685,,55.780,54.031,
1752045.685,,55.777,54.113,
1752145.682,,55.746,54.238,
1752245.680,,55.868,54.608,
1752345.674,,55.898,54.144,
1752445.671,,56.028,53.911,
1752545.669,,56.083,54.039,
1752645.668,,56.521,55.286,
1752745.665,,56.540,55.263,
1752845.663,,56.460,55.281,
1752945.658,,56.154,54.285,
1753045.655,,56.259,53.609,
1753145.649,,56.040,53.043,
1753245.649,,55.674,52.543,
1753345.643,,55.586,52.041,
1753445.641,,55.305,52.371,
1753545.639,,55.221,52.606,
1753645.633,,55.672,52.619,
1753745.634,,55.535,51.889,
1753845.633,,55.104,52.180,
1753945.625,,55.635,52.450,
1754045.622,,55.938,53.163,
1754145.618,,56.255,53.308,
1754245.616,,56.075,53.177,
1754345.618,,56.225,52.922,
1754445.611,,55.765,52.677,
1754545.610,,55.144,52.810,
1754645.603,,55.093,53.377,
1754745.606,,55.405,53.107,
1754845.599,,54.849,53.335,
1754945.598,,55.452,54.124,
1755045.591,,55.969,54.652,
1755145.590,,56.205,54.586,
1755245.587,,56.531,54.409,
1755345.586,,56.602,54.101,
1755445.584,,56.462,53.665,
1755545.582,,56.278,53.081,
1755645.579,,55.968,52.635,
1755745.573,,55.877,52.266,
1755845.567,,55.552,52.088,
1755945.564,,55.931,52.331,
1756045.563,,55.929,53.237,
1756145.557,,56.374,54.271,
1756245.556,,56.693,54.439,
1756345.556,,56.614,53.823,
1756445.555,,56.241,53.629,
1756545.548,,55.680,52.936,
1756645.547,,55.981,52.587,
1756745.546,,56.010,52.720,
1756845.539,,55.931,53.240,
1756945.538,,56.197,53.375,
1757045.536,,56.406,53.338,
1757145.534,,56.182,53.284,
1757245.529,,56.312,53.626,
1757345.524,,56.222,54.124,
1757445.520,,55.627,53.641,
1757545.521,,55.699,53.491,
1757645.516,,55.389,53.832,
1757745.511,,56.507,54.560,
1757845.507,,56.798,54.524,
1757945.505,,56.571,55.062,
1758045.503,,57.018,56.322,
1758145.501,,57.099,55.838,
1758245.500,,56.852,55.420,
1758345.492,,56.617,54.452,
1758445.495,,55.953,53.683,
1758545.489,,55.708,52.785,
1758645.484,,55.601,52.660,
1758745.466,,55.227,52.512,
1758845.483,,55.675,53.351,
1758945.477,,55.416,52.748,
1759045.476,,55.161,52.007,
1759145.472,,55.163,51.473,
1759245.470,,55.091,51.595,
1759345.468,,55.275,51.727,
1759445.462,,55.160,52.029,
1759545.461,,55.435,51.616,
1759645.458,,55.510,51.318,
1759745.454,,55.142,51.229,
1759845.448,,55.422,51.879,
1759945.446,,56.065,52.086,
1760045.442,,56.247,52.836,
1760145.437,,56.377,53.388,
1760245.437,,56.622,53.458,
1760345.435,,56.808,54.383,
1760445.430,,56.700,53.847,
1760545.429,,56.423,53.455,
1760645.426,,55.831,52.996,
1760745.422,,55.908,52.743,
1760845.418,,55.914,53.022,
1760945.416,,56.067,53.454,
1761045.413,,55.625,53.038,
1761145.408,,55.582,52.405,
1761245.408,,55.366,51.902,
1761345.406,,55.574,51.826,
1761445.399,,55.451,52.061,
1761545.399,,55.718,52.097,
1761645.392,,55.796,52.012,
1761745.393,,55.991,52.003,
1761845.383,,55.739,52.072,
1761945.380,,55.923,52.338,
1762045.379,,56.020,52.625,
1762145.380,,56.211,53.038,
1762245.371,,56.504,53.077,
1762345.372,,56.297,53.404,
1762445.365,,56.373,53.588,
1762545.365,,56.280,53.392,
1762645.362,,56.172,53.504,
1762745.357,,55.918,53.077,
1762845.353,,55.646,52.235,
1762945.349,,55.486,51.989,
1763045.351,,55.562,51.421,
1763145.347,,55.332,51.543,
1763245.343,,55.580,51.823,
1763345.340,,55.629,52.111,
1763445.339,,55.493,51.732,
1763545.336,,55.026,50.899,
1763645.332,,54.768,50.853,
1763745.324,,54.513,50.658,
1763845.324,,55.082,51.027,
1763945.320,,55.692,51.911,
1764045.315,,55.961,51.914,
1764145.313,,56.071,51.806,
1764245.308,,56.098,52.131,
1764345.311,,55.946,52.980,
1764445.305,,55.512,52.976,
1764545.301,,55.415,52.862,
1764645.297,,55.793,53.111,
1764745.297,,56.245,53.056,
1764845.293,,56.112,52.758,
1764945.290,,55.717,52.363,
1765045.282,,55.477,51.962,
1765145.285,,54.565,51.281,
1765245.276,,53.698,51.224,
1765345.274,,53.543,51.189,
1765445.273,,53.712,51.882,
1765545.267,,53.837,53.040,
1765645.268,,54.395,54.457,
1765745.261,,54.420,54.850,
1765845.257,,55.151,56.106,
1765945.257,,55.889,55.857,
1766045.253,,55.531,54.347,
1766145.249,,54.645,53.081,
1766245.244,,54.343,53.231,
1766345.245,,54.862,53.911,
1766445.240,,54.828,52.974,
1766545.240,,54.891,54.418,
1766645.231,,56.192,54.717,
1766745.232,,56.337,55.005,
1766845.230,,56.640,55.192,
1766945.228,,56.354,54.692,
1767045.224,,56.219,53.717,
1767145.218,,55.497,52.940,
1767245.214,,55.644,53.487,
1767345.210,,55.437,53.219,
1767445.207,,55.460,53.089,
1767545.205,,55.869,53.067,
1767645.206,,55.796,52.827,
1767745.198,,55.720,52.737,
1767845.199,,55.632,52.230,
1767945.191,,55.706,52.281,
1768045.195,,55.758,52.576,
1768145.193,,55.772,52.427,
1768245.191,,55.890,52.195,
1768345.186,,54.912,52.645,
1768445.184,,55.520,53.523,
1768545.183,,56.240,53.680,
1768645.178,,56.317,52.862,
1768745.175,,56.053,51.757,
1768845.177,,55.697,51.864,
1768945.173,,55.709,51.762,
1769045.171,,55.829,52.038,
1769145.167,,55.950,52.366,
1769245.165,,56.251,52.815,
1769345.169,,56.215,52.938,
1769445.163,,56.292,53.459,
1769545.163,,56.417,53.844,
1769645.163,,55.730,53.725,
1769745.155,,55.808,53.479,
1769845.152,,55.566,53.822,
1769945.151,,55.574,54.349,
1770045.153,,55.492,54.080,
1770145.150,,55.672,54.450,
1770245.146,,55.489,54.005,
1770345.149,,55.465,55.509,
1770445.146,,56.033,55.210,
1770545.140,,55.443,54.135,
1770645.142,,55.245,55.235,
1770745.140,,55.912,55.331,
1770845.132,,55.920,54.730,
1770945.135,,55.438,53.915,
1771045.133,,55.261,53.883,
1771145.129,,55.592,53.690,
1771245.131,,55.576,53.555,
1771345.127,,55.651,53.211,
1771445.123,,55.620,53.273,
1771545.120,,55.591,53.510,
1771645.117,,55.289,53.124,
1771745.116,,56.029,53.722,
1771845.118,,55.759,53.109,
1771945.113,,55.619,53.004,
1772045.113,,55.025,53.566,
1772145.106,,55.421,54.155,
1772245.110,,55.912,54.128,
1772345.107,,55.862,53.839,
1772445.105,,55.955,54.365,
1772545.102,,56.313,54.775,
1772645.099,,56.278,55.596,
1772745.096,,56.126,55.272,
1772845.096,,55.407,54.502,
1772945.093,,55.282,53.836,
1773045.092,,55.243,53.561,
1773145.092,,54.883,53.641,
1773245.085,,54.765,53.886,
1773345.086,,55.517,54.791,
1773445.081,,55.185,55.810,
1773545.082,,55.478,56.930,
1773645.077,,55.156,57.035,
1773745.075,,55.287,56.848,
1773845.078,,55.940,57.194,
1773945.071,,55.858,56.752,
1774045.067,,55.538,56.160,
1774145.068,,55.526,55.585,
1774245.064,,55.557,55.539,
1774345.063,,56.167,55.086,
1774445.062,,56.078,54.968,
1774545.059,,55.851,55.113,
1774645.059,,55.817,54.790,
1774745.057,,55.522,54.815,
1774845.055,,55.890,54.910,
1774945.051,,55.560,54.949,
1775045.048,,55.252,54.711,
1775145.048,,55.227,54.462,
1775245.048,,55.405,54.743,
1775345.043,,55.177,54.165,
1775445.040,,54.909,52.888,
1775545.039,,54.519,52.053,
1775645.034,,54.799,52.485,
1775745.033,,55.542,52.933,
1775845.031,,56.171,52.781,
1775945.028,,56.422,52.534,
1776045.025,,55.930,52.455,
1776145.021,,55.820,52.274,
1776245.020,,55.594,52.834,
1776345.015,,55.400,52.597,
1776445.010,,55.619,52.891,
1776545.007,,55.436,52.662,
1776645.000,,55.239,52.181,
1776744.999,,55.199,52.104,
1776844.993,,55.052,52.149,
1776944.987,,55.211,51.587,
1777044.988,,54.978,51.343,
1777144.981,,55.266,52.711,
1777244.977,,55.435,52.776,
1777344.974,,55.703,52.429,
1777444.971,,55.672,52.451,
1777544.964,,55.626,52.902,
1777644.958,,55.683,52.764,
1777744.958,,55.728,52.303,
1777844.952,,55.567,52.587,
1777944.950,,55.416,52.648,
1778044.947,,55.363,52.607,
1778144.943,,55.448,52.355,
1778244.939,,55.903,52.283,
1778344.932,,56.204,51.687,
1778444.928,,55.851,51.971,
1778544.926,,55.531,52.129,
1778644.921,,55.474,52.057,
1778744.919,,55.492,51.986,
1778844.912,,55.210,52.299,
1778944.907,,55.323,52.872,
1779044.902,,55.310,52.936,
1779144.902,,55.359,52.886,
1779244.897,,55.376,52.935,
1779344.891,,55.370,52.894,
1779444.890,,55.572,52.585,
1779544.884,,55.712,53.028,
1779644.878,,55.849,53.387,
1779744.875,,55.796,52.852,
1779844.876,,55.204,53.176,
1779944.868,,55.928,53.681,
1780044.864,,56.048,53.864,
1780144.863,,56.246,54.497,
1780244.857,,56.498,54.631,
1780344.850,,56.669,54.755,
1780444.845,,56.695,54.197,
1780544.846,,56.003,54.228,
1780644.840,,56.087,54.113,
1780744.837,,55.981,54.312,
1780844.835,,56.056,54.403,
1780944.827,,55.659,53.946,
1781044.824,,55.365,53.573,
1781144.818,,55.309,54.529,
1781244.816,,55.678,54.124,
1781344.815,,55.760,53.983,
1781444.811,,55.875,53.481,
1781544.805,,55.913,53.223,
1781644.801,,55.963,53.455,
1781744.794,,55.940,53.219,
1781844.791,,56.386,53.255,
1781944.784,,55.404,52.235,
1782044.782,,55.431,52.301,
1782144.783,,55.903,52.429,
1782244.777,,56.007,52.686,
1782344.774,,56.104,53.133,
1782444.769,,55.751,51.771,
1782544.766,,55.337,51.683,
1782644.762,,55.134,51.783,
1782744.758,,55.513,51.795,
1782844.750,,55.888,52.253,
1782944.748,,56.138,53.296,
1783044.742,,56.333,54.413,
1783144.740,,55.928,54.087,
1783244.734,,56.252,54.419,
1783344.729,,55.908,54.430,
1783444.726,,55.780,54.738,
1783544.720,,55.658,54.880,
1783644.720,,55.854,55.508,
1783744.713,,56.181,54.599,
1783844.712,,55.836,52.745,
1783944.709,,54.832,52.683,
1784044.707,,55.575,53.048,
1784144.706,,55.924,52.706,
1784244.703,,55.838,52.951,
1784344.694,,55.065,52.370,
1784444.697,,54.402,52.435,
1784544.689,,54.396,53.516,
1784644.691,,55.031,53.937,
1784744.685,,54.624,53.324,
1784844.687,,55.098,53.533,
1784944.683,,54.916,53.590,
1785044.676,,55.125,54.301,
1785144.679,,55.061,53.344,
1785244.670,,55.024,53.198,
1785344.673,,55.589,53.832,
1785444.667,,55.734,54.101,
1785544.667,,56.085,54.198,
1785644.664,,56.254,53.899,
1785744.658,,56.431,53.272,
1785844.657,,55.574,51.945,
1785944.653,,54.365,52.285,
1786044.652,,54.581,51.886,
1786144.648,,54.535,51.812,
1786244.643,,54.641,52.679,
1786344.641,,55.452,53.417,
1786444.642,,55.017,51.915,
1786544.637,,54.651,51.986,
1786644.634,,54.996,52.857,
1786744.632,,55.419,53.025,
1786844.628,,55.782,53.163,
1786944.627,,55.920,52.780,
1787044.625,,54.479,52.518,
1787144.624,,54.617,52.199,
1787244.616,,54.666,52.288,
1787344.615,,54.830,52.190,
1787444.612,,54.949,53.468,
1787544.608,,55.019,54.041,
1787644.604,,54.939,53.107,
1787744.604,,54.781,52.769,
1787844.603,,54.789,54.055,
1787944.600,,55.320,56.115,
1788044.594,,55.457,55.934,
1788144.595,,55.939,56.375,
1788244.593,,55.984,55.704,
1788344.586,,55.974,55.171,
1788444.587,,56.180,55.375,
1788544.580,,55.766,54.090,
1788644.581,,55.640,53.440,
1788744.580,,55.216,53.049,
1788844.571,,55.406,54.190,
1788944.574,,55.659,54.132,
1789044.568,,56.137,54.634,
1789144.566,,56.008,54.239,
1789244.564,,56.219,54.472,
1789344.558,,56.404,53.858,
1789444.555,,55.835,53.851,
1789544.557,,56.467,53.642,
1789644.551,,55.991,53.455,
1789744.552,,55.874,52.675,
1789844.543,,55.986,52.411,
1789944.542,,55.561,52.673,
1790044.538,,55.221,53.012,
1790144.541,,55.401,53.048,
1790244.535,,55.457,52.656,
1790344.532,,55.618,53.063,
1790444.530,,55.537,52.264,
1790544.525,,54.877,52.433,
1790644.525,,55.402,52.313,
1790744.522,,55.701,52.487,
1790844.521,,55.997,52.327,
1790944.516,,55.692,52.259,
1791044.514,,55.967,53.067,
1791144.511,,55.923,53.619,
1791244.512,,55.891,53.669,
1791344.506,,56.201,53.968,
1791444.502,,56.204,53.688,
1791544.497,,56.164,53.651,
1791644.500,,56.113,53.591,
1791744.493,,56.026,53.715,
1791844.493,,55.897,53.485,
1791944.488,,55.798,54.263,
1792044.483,,55.840,52.939,
1792144.482,,55.457,52.714,
1792244.481,,55.793,52.563,
1792344.475,,55.807,51.682,
1792444.473,,55.452,52.327,
1792544.465,,55.496,53.129,
1792644.464,,55.835,53.454,
1792744.463,,55.901,53.935,
1792844.458,,55.755,54.314,
1792944.454,,55.531,53.960,
1793044.451,,55.789,54.286,
1793144.445,,55.857,55.238,
1793244.441,,55.902,54.616,
1793344.440,,55.164,53.560,
1793444.433,,55.261,53.793,
1793544.430,,55.383,53.315,
1793644.425,,55.453,52.942,
1793744.427,,55.263,52.915,
1793844.420,,55.895,53.143,
1793944.417,,56.333,53.697,
1794044.413,,56.517,53.622,
1794144.410,,56.354,53.724,
1794244.406,,56.474,54.188,
1794344.404,,56.850,53.725,
1794444.398,,56.279,53.403,
1794544.396,,55.739,53.202,
1794644.397,,55.775,52.843,
1794744.390,,55.806,53.439,
1794844.387,,55.827,53.078,
1794944.382,,55.810,53.384,
1795044.381,,55.916,52.861,
1795144.380,,55.916,53.572,
1795244.376,,56.308,53.306,
1795344.370,,55.833,52.864,
1795444.365,,56.129,52.786,
1795544.366,,55.803,52.622,
1795644.357,,55.626,52.578,
1795744.357,,55.681,52.262,
1795844.350,,55.719,52.086,
1795944.346,,55.794,52.007,
1796044.348,,55.880,51.604,
1796144.340,,55.711,51.234,
1796244.337,,55.493,51.135,
1796344.335,,55.396,51.620,
1796444.328,,55.179,51.337,
1796544.328,,55.136,51.455,
1796644.321,,55.216,51.561,
1796744.320,,55.085,51.018,
1796844.315,,54.961,50.707,
1796944.315,,54.984,51.362,
1797044.307,,55.012,52.593,
1797144.305,,55.075,53.781,
1797244.306,,55.179,54.406,
1797344.297,,55.367,55.514,
1797444.298,,55.327,55.867,
1797544.292,,55.544,55.235,
1797644.291,,55.293,55.258,
1797744.282,,55.131,54.660,
1797844.279,,55.313,54.038,
1797944.280,,55.367,53.677,
1798044.272,,55.081,52.637,
1798144.270,,54.913,52.045,
1798244.269,,54.937,51.665,
1798344.266,,54.877,51.737,
1798444.262,,55.193,52.214,
1798544.254,,55.215,52.501,
1798644.253,,55.169,52.609,
1798744.247,,54.995,52.318,
1798844.244,,54.880,52.888,
1798944.242,,55.057,52.688,
1799044.239,,55.114,51.939,
1799144.239,,54.888,52.107,
1799244.231,,55.369,52.322,
1799344.229,,55.014,51.468,
1799444.225,,54.811,51.044,
1799544.221,,54.879,51.090,
1799644.220,,54.769,50.790,
1799744.217,,54.834,50.603,
1799844.211,,54.707,50.590,
1799944.209,,54.640,50.812,
1800044.203,,54.934,50.720,
1800144.205,,54.713,50.388,
1800244.204,,54.834,50.944,
1800344.200,,54.891,51.035,
1800444.194,,54.604,51.062,
1800544.194,,54.547,51.212,
1800644.193,,54.525,51.311,
1800744.186,,54.479,51.447,
1800844.181,,54.600,51.456,
1800944.178,,54.782,51.421,
1801044.182,,54.798,50.853,
1801144.174,,54.512,50.391,
1801244.171,,54.434,50.168,
1801344.171,,54.556,50.524,
1801444.166,,54.896,51.089,
1801544.165,,54.984,51.417,
1801644.159,,54.876,52.102,
1801744.159,,54.929,51.608,
1801844.158,,54.772,52.414,
1801944.152,,54.745,52.456,
1802044.154,,54.867,53.476,
1802144.148,,54.677,53.701,
1802244.143,,54.566,54.652,
1802344.143,,54.671,54.815,
1802444.140,,54.503,54.239,
1802544.137,,54.078,53.862,
1802644.134,,54.388,54.505,
1802744.133,,54.800,55.128,
1802844.126,,55.408,56.000,
1802944.128,,55.204,55.297,
1803044.123,,54.929,54.014,
1803144.119,,54.853,54.263,
1803244.121,,55.371,54.867,
1803344.116,,55.501,55.486,
1803444.116,,55.697,55.274,
1803544.107,,55.489,54.626,
1803644.109,,55.659,53.991,
1803744.107,,55.329,54.262,
1803844.100,,55.535,54.491,
1803944.097,,55.525,54.133,
1804044.093,,55.304,53.647,
1804144.091,,55.357,53.735,
1804244.093,,55.269,53.488,
1804344.088,,55.472,53.657,
1804444.083,,55.690,53.427,
1804544.081,,54.059,52.486,
1804644.079,,54.930,52.676,
1804744.078,,54.898,51.771,
1804844.078,,54.960,53.040,
1804944.070,,54.980,53.170,
1805044.067,,54.882,53.483,
1805144.069,,54.987,53.961,
1805244.061,,55.255,53.938,
1805344.062,,55.494,53.857,
1805444.059,,55.291,54.195,
1805544.053,,55.256,55.039,
1805644.052,,55.111,54.501,
1805744.052,,54.343,53.078,
1805844.044,,54.126,53.949,
1805944.044,,54.978,53.590,
1806044.043,,54.984,53.906,
1806144.037,,55.269,53.553,
1806244.033,,55.476,53.358,
1806344.036,,55.743,53.972,
1806444.032,,55.952,53.946,
1806544.031,,55.703,53.898,
1806644.025,,55.787,53.797,
1806744.021,,55.732,53.288,
1806844.022,,56.069,53.401,
1806944.015,,56.341,53.344,
1807044.012,,56.093,53.459,
1807144.010,,56.146,54.117,
1807244.011,,56.033,53.919,
1807344.008,,55.695,52.948,
1807444.005,,55.405,52.545,
1807544.003,,55.838,52.350,
1807643.997,,55.604,51.985,
1807743.996,,55.586,52.330,
1807843.992,,55.625,52.626,
1807943.985,,55.570,52.655,
1808043.980,,55.550,52.695,
1808143.977,,55.505,52.888,
1808243.977,,55.317,53.332,
1808343.967,,55.576,53.552,
1808443.961,,55.633,53.804,
1808543.957,,56.165,54.817,
1808643.956,,56.245,54.264,
1808743.948,,56.253,53.366,
1808843.944,,55.317,53.196,
1808943.945,,56.343,53.633,
1809043.937,,56.252,53.804,
1809143.935,,56.235,54.369,
1809243.930,,56.113,55.120,
1809343.922,,55.996,55.524,
1809443.918,,55.718,55.712,
1809543.918,,55.621,56.302,
1809643.908,,55.355,55.254,
1809743.908,,54.763,54.729,
1809843.903,,55.090,53.916,
1809943.897,,55.124,54.533,
1810043.888,,56.012,54.591,
1810143.885,,56.129,54.435,
1810243.886,,56.041,53.728,
1810343.879,,55.982,53.462,
1810443.873,,56.086,53.237,
1810543.872,,56.060,53.610,
1810643.867,,56.171,52.720,
1810743.862,,55.396,52.100,
1810843.853,,55.341,52.496,
1810943.853,,55.766,52.448,
1811043.843,,55.892,52.064,
1811143.844,,56.009,52.373,
1811243.835,,55.804,52.992,
1811343.831,,55.645,52.551,
1811443.828,,55.647,52.743,
1811543.823,,55.585,52.752,
1811643.821,,55.835,52.840,
1811743.815,,55.971,53.542,
1811843.811,,56.009,53.128,
1811943.807,,55.329,53.168,
1812043.801,,55.287,53.248,
1812143.798,,55.790,53.485,
1812243.795,,56.004,53.734,
1812343.788,,56.033,53.874,
1812443.786,,56.216,54.570,
1812543.779,,55.950,53.904,
1812643.774,,55.647,53.761,
1812743.771,,55.444,54.055,
1812843.764,,55.505,53.780,
1812943.758,,55.403,54.227,
1813043.754,,55.703,54.765,
1813143.753,,55.358,54.442,
1813243.749,,55.563,54.252,
1813343.742,,55.744,54.641,
1813443.738,,55.726,54.362,
1813543.734,,56.032,54.768,
1813643.725,,56.111,53.998,
1813743.727,,55.046,53.403,
1813843.716,,55.410,53.645,
1813943.717,,55.550,53.118,
1814043.712,,55.518,53.263,
1814143.702,,55.560,53.673,
1814243.698,,55.772,54.091,
1814343.697,,55.881,54.203,
1814443.691,,55.620,53.699,
1814543.689,,55.630,54.213,
1814643.679,,55.884,54.222,
1814743.680,,56.154,54.390,
1814843.676,,56.351,54.102,
1814943.672,,56.279,53.723,
1815043.666,,55.734,53.860,
1815143.659,,55.770,54.728,
1815243.654,,55.959,55.120,
1815343.650,,56.104,55.111,
1815443.646,,55.616,54.667,
1815543.643,,55.333,54.756,
1815643.634,,55.460,54.802,
1815743.631,,55.421,54.770,
1815843.629,,55.272,54.917,
1815943.628,,55.446,54.589,
1816043.626,,55.648,55.521,
1816143.618,,56.097,55.277,
1816243.622,,55.969,55.672,
1816343.619,,56.403,56.216,
1816443.612,,56.220,56.065,
1816543.610,,56.501,55.710,
1816643.613,,55.839,54.656,
1816743.610,,55.512,55.214,
1816843.607,,55.420,55.759,
1816943.600,,55.367,55.289,
1817043.601,,55.286,54.821,
1817143.597,,55.334,54.990,
1817243.596,,55.708,54.547,
1817343.598,,55.685,54.430,
1817443.590,,55.439,54.389,
1817543.588,,54.964,54.461,
1817643.585,,55.596,54.831,
1817743.588,,55.577,54.640,
1817843.585,,55.611,54.757,
1817943.581,,55.304,55.560,
1818043.577,,55.206,55.271,
1818143.574,,55.995,55.859,
1818243.571,,56.022,55.848,
1818343.576,,56.089,55.313,
1818443.568,,55.851,54.841,
1818543.569,,55.676,54.781,
1818643.566,,55.592,54.344,
1818743.566,,55.839,54.156,
1818843.564,,55.769,54.288,
1818943.563,,55.887,54.462,
1819043.557,,55.900,54.169,
1819143.554,,55.987,54.615,
1819243.552,,56.101,54.948,
1819343.550,,56.196,55.030,
1819443.550,,56.214,54.825,
1819543.549,,56.097,53.765,
1819643.543,,55.537,53.733,
1819743.543,,55.599,53.487,
1819843.536,,55.644,53.173,
1819943.536,,55.399,53.056,
1820043.534,,55.185,52.581,
1820143.530,,55.383,53.490,
1820243.532,,55.958,53.200,
1820343.531,,56.117,53.310,
1820443.524,,56.278,54.123,
1820543.521,,56.202,53.963,
1820643.520,,56.142,54.048,
1820743.520,,56.059,53.726,
1820843.520,,54.650,53.269,
1820943.513,,55.683,54.229,
1821043.515,,55.696,53.742,
1821143.513,,55.984,54.189,
1821243.505,,56.329,54.561,
1821343.508,,56.351,54.193,
1821443.507,,56.436,54.146,
1821543.500,,56.416,54.016,
1821643.502,,56.535,53.791,
1821743.497,,56.602,54.156,
1821843.497,,56.594,54.706,
1821943.496,,56.201,53.552,
1822043.490,,55.656,53.312,
1822143.491,,55.715,53.846,
1822243.484,,55.609,54.445,
1822343.481,,56.197,55.071,
1822443.480,,56.296,54.999,
1822543.483,,55.718,53.680,
1822643.477,,55.141,53.422,
1822743.477,,55.030,52.984,
1822843.473,,55.019,53.162,
1822943.473,,55.066,53.454,
1823043.468,,55.408,53.335,
1823143.466,,55.945,54.183,
1823243.466,,55.656,54.036,
1823343.462,,55.530,54.133,
1823443.457,,55.274,54.800,
1823543.456,,56.104,55.396,
1823643.459,,55.992,55.332,
1823743.452,,56.419,56.645,
1823843.454,,56.224,56.568,
1823943.446,,56.238,56.300,
1824043.448,,55.925,55.440,
1824143.445,,56.065,55.145,
1824243.443,,56.204,54.765,
1824343.436,,55.637,54.464,
1824443.432,,55.952,54.493,
1824543.433,,55.953,54.068,
1824643.426,,55.944,53.711,
1824743.424,,55.826,53.888,
1824843.427,,55.677,53.049,
1824943.420,,55.594,53.010,
1825043.420,,55.391,52.956,
1825143.413,,55.466,53.049,
1825243.411,,55.930,53.435,
1825343.413,,56.200,53.252,
1825443.408,,55.750,52.964,
1825543.405,,55.479,53.575,
1825643.403,,55.351,52.847,
1825743.402,,55.006,53.524,
1825843.397,,55.812,55.061,
1825943.395,,56.423,54.922,
1826043.390,,55.636,53.809,
1826143.386,,55.502,53.331,
1826243.387,,55.668,53.074,
1826343.381,,55.714,52.740,
1826443.380,,55.665,52.659,
1826543.374,,55.617,53.007,
1826643.371,,55.776,53.320,
1826743.372,,55.224,52.861,
1826843.371,,55.159,53.477,
1826943.369,,55.378,53.803,
1827043.361,,55.891,53.812,
1827143.362,,55.586,53.801,
1827243.361,,55.618,54.255,
1827343.358,,55.544,55.309,
1827443.351,,55.649,55.285,
1827543.350,,55.600,54.785,
1827643.344,,55.417,53.959,
1827743.343,,55.244,53.013,
1827843.344,,55.409,52.747,
1827943.335,,55.287,52.713,
1828043.333,,55.575,52.971,
1828143.333,,55.560,52.767,
1828243.332,,55.449,51.772,
1828343.328,,55.768,52.393,
1828443.324,,56.338,53.120,
1828543.324,,56.374,53.876,
1828643.317,,56.241,53.573,
1828743.317,,55.962,53.506,
1828843.314,,55.852,53.047,
1828943.310,,55.863,53.742,
1829043.305,,55.403,52.969,
1829143.305,,55.433,52.946,
1829243.305,,55.316,53.318,
1829343.302,,55.519,53.257,
1829443.298,,55.505,53.142,
1829543.295,,55.426,52.443,
1829643.293,,55.654,52.513,
1829743.286,,56.009,52.447,
1829843.288,,55.893,52.856,
1829943.282,,55.884,52.426,
1830043.283,,56.032,52.371,
1830143.280,,56.065,52.737,
1830243.276,,56.240,53.884,
1830343.276,,56.255,54.182,
1830443.271,,56.228,54.620,
1830543.265,,56.417,54.816,
1830643.262,,56.441,54.827,
1830743.261,,56.599,54.047,
1830843.256,,55.945,52.504,
1830943.259,,55.741,51.893,
1831043.255,,55.753,52.137,
1831143.250,,55.690,52.799,
1831243.250,,55.791,53.743,
1831343.248,,55.515,54.908,
1831443.245,,55.643,56.761,
1831543.239,,55.528,58.232,
1831643.235,,55.238,58.390,
1831743.235,,55.153,58.835,
1831843.228,,55.063,58.450,
1831943.229,,55.426,58.282,
1832043.222,,55.600,58.207,
1832143.224,,55.784,57.550,
1832243.216,,55.184,56.586,
1832343.217,,54.937,55.932,
1832443.211,,55.119,56.501,
1832543.207,,55.389,57.165,
1832643.206,,55.344,57.049,
1832743.202,,55.406,58.503,
1832843.200,,56.036,59.736,
1832943.193,,56.521,61.148,
1833043.194,,56.248,61.434,
1833143.187,,56.625,61.651,
1833243.182,,56.634,61.521,
1833343.183,,55.912,60.307,
1833443.174,,56.132,60.391,
1833543.173,,56.433,60.376,
1833643.167,,56.246,59.924,
1833743.164,,55.756,58.551,
1833843.161,,54.977,57.075,
1833943.156,,54.682,56.589,
1834043.155,,55.044,56.806,
1834143.150,,55.181,56.463,
1834243.149,,55.542,57.591,
1834343.146,,56.253,57.991,
1834443.144,,56.480,58.075,
1834543.141,,56.293,58.472,
1834643.133,,56.376,58.767,
1834743.135,,56.172,58.327,
1834843.130,,56.041,58.625,
1834943.124,,55.785,57.957,
1835043.122,,55.844,57.809,
1835143.120,,56.034,57.873,
1835243.119,,56.359,58.207,
1835343.114,,55.506,56.946,
1835443.106,,54.783,56.374,
1835543.104,,55.767,57.325,
1835643.103,,56.027,57.139,
1835743.097,,55.889,56.086,
1835843.094,,55.263,55.813,
1835943.090,,55.386,55.699,
1836043.088,,55.247,55.212,
1836143.087,,54.851,55.089,
1836243.085,,54.660,54.855,
1836343.075,,54.782,55.470,
1836443.077,,55.158,54.966,
1836543.074,,55.123,55.198,
1836643.070,,54.980,55.030,
1836743.065,,54.509,55.339,
1836843.062,,54.124,54.973,
1836943.058,,53.643,54.093,
1837043.053,,53.173,53.618,
1837143.050,,53.062,54.129,
1837243.049,,53.467,55.971,
1837343.045,,54.222,54.738,
1837443.039,,53.722,53.589,
1837543.039,,53.289,52.549,
1837643.031,,53.298,53.073,
1837743.028,,53.567,53.007,
1837843.026,,54.849,54.784,
1837943.025,,55.188,54.462,
1838043.023,,54.679,53.362,
1838143.017,,54.645,54.341,
1838243.013,,55.092,54.291,
1838343.012,,55.286,54.361,
1838443.008,,55.189,54.807,
1838543.002,,55.738,55.545,
1838643.002,,56.211,55.982,
1838742.998,,56.137,56.120,
1838842.994,,56.016,55.833,
1838942.988,,56.080,56.249,
1839042.986,,56.089,55.761,
1839142.985,,56.002,56.110,
1839242.979,,56.261,55.732,
1839342.977,,55.529,55.305,
1839442.971,,55.335,55.052,
1839542.972,,55.281,54.664,
1839642.968,,55.242,54.191,
1839742.959,,55.205,53.538,
1839842.961,,54.779,53.623,
1839942.956,,54.932,53.947,
1840042.951,,55.093,54.217,
1840142.949,,55.204,54.153,
1840242.950,,55.505,53.961,
1840342.946,,55.697,53.918,
1840442.940,,55.522,53.231,
1840542.941,,55.629,54.059,
1840642.937,,55.747,54.918,
1840742.939,,55.910,54.742,
1840842.931,,56.007,54.708,
1840942.932,,55.722,54.569,
1841042.928,,55.292,53.992,
1841142.923,,55.113,55.376,
1841242.922,,55.879,55.685,
1841342.923,,55.846,55.104,
1841442.915,,56.078,55.461,
1841542.916,,55.888,55.032,
1841642.912,,55.903,55.421,
1841742.907,,56.262,55.689,
1841842.909,,55.840,55.266,
1841942.907,,55.679,54.606,
1842042.902,,55.449,54.070,
1842142.901,,55.396,53.665,
1842242.897,,55.021,53.280,
1842342.897,,55.290,53.913,
1842442.890,,55.388,54.656,
1842542.889,,55.607,54.687,
1842642.885,,55.537,54.666,
1842742.884,,55.762,55.654,
1842842.882,,56.076,55.177,
1842942.877,,55.409,54.198,
1843042.877,,55.137,53.145,
1843142.874,,55.193,53.584,
1843242.870,,55.629,53.115,
1843342.869,,55.020,52.794,
1843442.868,,54.194,53.478,
1843542.862,,55.408,53.470,
1843642.861,,55.266,53.420,
1843742.856,,55.706,54.326,
1843842.854,,55.656,53.587,
1843942.850,,55.076,53.760,
1844042.851,,54.777,54.508,
1844142.848,,55.278,55.646,
1844242.845,,55.692,55.757,
1844342.843,,55.875,55.407,
1844442.837,,55.840,54.981,
1844542.839,,55.554,53.661,
1844642.833,,55.132,53.157,
1844742.831,,55.084,53.639,
1844842.829,,55.064,54.260,
1844942.828,,55.039,54.934,
1845042.822,,55.168,55.148,
1845142.822,,55.093,55.033,
1845242.822,,55.138,55.002,
1845342.815,,55.292,55.059,
1845442.814,,55.379,54.510,
1845542.809,,55.371,53.894,
1845642.806,,55.316,53.126,
1845742.803,,55.353,53.758,
1845842.807,,55.696,52.638,
1845942.798,,54.925,53.074,
1846042.796,,55.025,52.994,
1846142.799,,55.375,53.081,
1846242.790,,55.578,54.245,
1846342.791,,55.658,54.653,
1846442.792,,55.833,54.226,
1846542.787,,55.494,53.464,
1846642.782,,55.523,53.488,
1846742.781,,55.520,53.206,
1846842.780,,55.641,53.203,
1846942.774,,55.678,53.630,
1847042.771,,55.565,53.982,
1847142.768,,55.675,53.605,
1847242.767,,55.481,53.759,
1847342.768,,55.588,53.384,
1847442.762,,55.628,53.128,
1847542.758,,55.720,53.604,
1847642.754,,55.672,54.709,
1847742.754,,55.515,55.661,
1847842.754,,55.681,56.281,
1847942.750,,55.805,57.311,
1848042.749,,55.794,57.256,
1848142.746,,55.859,56.635,
1848242.740,,55.786,57.411,
1848342.740,,55.502,57.272,
1848442.736,,55.466,58.489,
1848542.732,,55.497,58.970,
1848642.729,,55.639,58.581,
1848742.726,,55.645,58.127,
1848842.725,,55.521,57.685,
1848942.721,,55.636,57.187,
1849042.721,,55.960,56.819,
1849142.715,,55.905,56.546,
1849242.713,,55.821,56.205,
1849342.708,,55.651,55.251,
1849442.704,,55.654,55.531,
1849542.701,,55.702,55.019,
1849642.698,,55.633,54.946,
1849742.700,,55.932,54.758,
1849842.698,,55.673,54.651,
1849942.691,,55.641,55.170,
1850042.687,,55.852,56.679,
1850142.685,,55.608,56.556,
1850242.685,,55.309,55.445,
1850342.683,,54.691,54.895,
1850442.681,,54.769,54.842,
1850542.674,,55.688,55.788,
1850642.670,,55.965,56.055,
1850742.669,,56.042,56.559,
1850842.666,,56.239,56.194,
1850942.667,,56.093,57.015,
1851042.658,,56.558,58.239,
1851142.657,,56.516,57.506,
1851242.652,,55.833,55.537,
1851342.650,,55.053,54.359,
1851442.652,,55.066,55.671,
1851542.650,,56.097,55.889,
1851642.647,,56.367,56.352,
1851742.639,,56.394,56.680,
1851842.639,,56.167,55.719,
1851942.637,,55.638,54.792,
1852042.631,,55.592,55.241,
1852142.633,,55.406,55.948,
1852242.628,,55.553,57.026,
1852342.627,,55.432,56.663,
1852442.622,,55.330,56.026,
1852542.618,,55.118,55.786,
1852642.618,,55.444,56.099,
1852742.611,,55.293,55.160,
1852842.608,,53.714,54.047,
1852942.606,,53.717,54.573,
1853042.606,,53.913,54.241,
1853142.603,,53.723,53.630,
1853242.601,,54.732,55.652,
1853342.593,,55.228,54.104,
1853442.592,,53.745,52.782,
1853542.591,,53.822,52.409,
1853642.586,,54.096,52.651,
1853742.585,,53.811,52.864,
1853842.579,,53.606,53.359,
1853942.581,,53.886,53.245,
1854042.577,,53.999,52.813,
1854142.572,,54.333,54.938,
1854242.569,,54.926,54.209,
1854342.569,,53.983,52.950,
1854442.564,,53.780,52.265,
1854542.560,,53.957,52.602,
1854642.561,,54.172,53.689,
1854742.560,,55.209,55.264,
1854842.556,,54.915,54.782,
1854942.550,,54.900,54.659,
1855042.548,,54.935,54.997,
1855142.548,,54.863,55.187,
1855242.540,,54.985,54.637,
1855342.542,,55.318,54.222,
1855442.540,,55.389,54.257,
1855542.536,,54.916,55.404,
1855642.529,,54.701,55.431,
1855742.529,,54.529,55.507,
1855842.523,,54.641,55.113,
1855942.523,,54.566,55.340,
1856042.516,,55.332,55.791,
1856142.510,,55.921,56.005,
1856242.511,,55.632,55.780,
1856342.508,,55.779,55.880,
1856442.503,,55.591,55.671,
1856542.495,,55.648,55.428,
1856642.492,,55.613,54.767,
1856742.487,,55.125,54.498,
1856842.485,,55.120,54.693,
1856942.479,,55.485,54.381,
1857042.477,,55.575,54.305,
1857142.475,,55.521,54.699,
1857242.472,,55.496,54.537,
1857342.462,,55.404,54.944,
1857442.463,,55.560,54.726,
1857542.456,,55.388,55.012,
1857642.454,,55.156,55.162,
1857742.449,,55.098,55.254,
1857842.447,,55.290,54.753,
1857942.442,,55.345,54.143,
1858042.434,,55.015,53.918,
1858142.433,,55.324,54.363,
1858242.430,,55.143,54.439,
1858342.426,,55.174,53.410,
1858442.422,,55.396,53.785,
1858542.415,,55.445,53.610,
1858642.410,,55.344,53.553,
1858742.409,,55.949,53.718,
1858842.408,,55.310,53.325,
1858942.402,,55.395,52.564,
1859042.398,,55.531,52.446,
1859142.395,,55.376,52.090,
1859242.386,,55.335,52.037,
1859342.386,,55.182,52.637,
1859442.382,,54.940,53.838,
1859542.375,,54.895,54.013,
1859642.373,,54.666,54.155,
1859742.368,,54.706,54.291,
1859842.366,,55.449,54.314,
1859942.359,,55.680,54.716,
1860042.354,,55.584,54.252,
1860142.352,,55.418,53.051,
1860242.348,,55.059,52.343,
1860342.342,,54.788,51.940,
1860442.338,,54.820,52.170,
1860542.339,,55.399,52.312,
1860642.333,,55.624,52.902,
1860742.329,,55.733,53.702,
1860842.323,,56.016,53.651,
1860942.323,,55.674,53.255,
1861042.318,,55.330,53.352,
1861142.315,,55.108,52.634,
1861242.310,,55.254,53.166,
1861342.307,,55.442,52.999,
1861442.301,,55.504,52.369,
1861542.297,,55.157,52.001,
1861642.295,,55.176,52.288,
1861742.290,,55.125,52.866,
1861842.285,,54.995,53.242,
1861942.279,,55.298,53.868,
1862042.279,,55.294,54.672,
1862142.272,Input1*2*0,55.182,54.499,
1862242.270,Input1*2*1,55.170,54.722,
1862342.267,,55.397,54.236,
1862442.259,,54.691,55.448,
1862542.257,,54.127,58.145,
1862642.255,,54.102,57.853,
1862742.250,,53.956,57.636,
1862842.248,,53.946,56.822,
1862942.240,,53.973,55.609,
1863042.234,,53.997,55.885,
1863142.235,,55.030,56.079,
1863242.226,,54.293,53.572,
1863342.228,,54.145,53.146,
1863442.222,,54.100,53.899,
1863542.220,,54.990,54.589,
1863642.210,,55.163,54.749,
1863742.209,,55.291,54.629,
1863842.206,,55.348,54.374,
1863942.205,,55.297,54.087,
1864042.198,,55.043,53.849,
1864142.195,,55.228,54.012,
1864242.195,,55.266,53.714,
1864342.192,,55.503,53.633,
1864442.190,,55.690,53.846,
1864542.187,,55.946,54.029,
1864642.183,,55.646,54.099,
1864742.181,,55.440,53.747,
1864842.180,,55.885,53.795,
1864942.177,,55.942,53.788,
1865042.174,,55.833,54.275,
1865142.177,,55.625,54.018,
1865242.173,,55.255,52.280,
1865342.167,,54.613,52.627,
1865442.169,,55.218,52.628,
1865542.165,,55.311,53.771,
1865642.161,,55.288,54.034,
1865742.160,,54.760,53.795,
1865842.159,,54.631,53.817,
1865942.152,,55.043,55.458,
1866042.156,,55.480,54.431,
1866142.153,,54.852,53.891,
1866242.147,,55.089,53.957,
1866342.145,,54.651,54.905,
1866442.144,,55.556,55.060,
1866542.139,,55.829,54.769,
1866642.136,,55.968,54.615,
1866742.139,,55.808,54.370,
1866842.135,,55.689,53.738,
1866942.130,,55.209,54.419,
1867042.128,,55.632,55.111,
1867142.130,,55.549,54.879,
1867242.124,,55.059,53.894,
1867342.125,,55.491,54.441,
1867442.117,,55.737,54.559,
1867542.119,,55.424,54.253,
1867642.112,,55.817,53.659,
1867742.114,,55.334,52.364,
1867842.108,,54.960,51.396,
1867942.111,,54.377,50.656,
1868042.104,,54.263,51.175,
1868142.103,,54.471,51.816,
1868242.101,,54.792,51.826,
1868342.097,,54.949,52.234,
1868442.096,,54.451,52.236,
1868542.093,,54.890,52.684,
1868642.094,,54.686,53.356,
1868742.090,,55.280,53.665,
1868842.085,,54.961,53.300,
1868942.081,,54.844,53.705,
1869042.082,,55.029,53.503,
1869142.079,,54.792,52.499,
1869242.076,,53.991,51.897,
1869342.076,,54.081,51.518,
1869442.073,,54.473,51.794,
1869542.071,,55.117,52.038,
1869642.069,,55.162,52.831,
1869742.064,,55.442,53.131,
1869842.063,,55.093,52.616,
1869942.063,,54.961,53.420,
1870042.059,,55.266,53.470,
1870142.054,,54.629,52.298,
1870242.057,,53.902,51.997,
1870342.050,,53.983,52.363,
1870442.049,,54.095,52.560,
1870542.047,,54.198,52.467,
1870642.044,,54.294,52.588,
1870742.039,,54.984,53.909,
1870842.039,,55.140,52.929,
1870942.035,,54.121,51.691,
1871042.035,,54.308,51.523,
1871142.035,,54.520,51.066,
1871242.029,,54.648,52.053,
1871342.026,,54.913,52.267,
1871442.026,,54.019,50.484,
1871542.025,,54.277,50.229,
1871642.022,,54.125,50.823,
1871742.016,,53.844,50.524,
1871842.013,,54.417,51.975,
1871942.010,,54.827,53.196,
1872042.007,,54.066,51.738,
1872142.009,,53.875,51.550,
1872242.000,,54.164,52.742,
1872342.003,,54.891,54.477,
1872442.001,,55.186,54.421,
1872541.994,,54.032,53.128,
1872641.989,,54.166,52.491,
1872741.991,,54.288,53.452,
1872841.985,,53.988,53.236,
1872941.983,,54.161,53.370,
1873041.977,,54.459,54.707,
1873141.975,,54.696,56.113,
1873241.970,,54.708,55.207,
1873341.970,,54.873,54.905,
1873441.970,,55.126,54.031,
1873541.962,,54.003,53.443,
1873641.962,,53.534,53.910,
1873741.959,,53.928,53.605,
1873841.953,,54.464,53.949,
1873941.952,,55.157,54.581,
1874041.950,,55.229,53.638,
1874141.947,,55.200,53.036,
1874241.941,,55.303,54.926,
1874341.943,,55.997,54.925,
1874441.939,,55.752,54.297,
1874541.935,,55.249,54.121,
1874641.931,,55.106,54.497,
1874741.926,,55.304,54.723,
1874841.924,,55.599,53.374,
1874941.924,,54.617,53.244,
1875041.920,,54.552,53.621,
1875141.915,,54.439,52.831,
1875241.913,,54.267,53.231,
1875341.910,,54.426,53.977,
1875441.906,,54.837,53.321,
1875541.905,,54.745,53.639,
1875641.902,,55.102,53.859,
1875741.896,,54.538,52.821,
1875841.896,,54.508,52.640,
1875941.895,,54.646,52.974,
1876041.889,,54.951,53.111,
1876141.887,,54.777,52.065,
1876241.883,,54.602,51.735,
1876341.877,,54.820,52.495,
1876441.876,,54.485,52.363,
1876541.872,,54.228,52.443,
1876641.870,,54.091,51.676,
1876741.870,,54.108,52.190,
1876841.867,,54.390,52.119,
1876941.862,,54.755,52.618,
1877041.858,,55.140,53.168,
1877141.855,,55.132,53.010,
1877241.850,,54.976,53.328,
1877341.852,,55.150,53.518,
1877441.843,,55.249,53.535,
1877541.840,,55.340,53.899,
1877641.837,,55.118,53.954,
1877741.837,,55.176,54.355,
1877841.836,,55.377,54.783,
1877941.831,,55.977,54.383,
1878041.825,,55.932,54.702,
1878141.824,,56.217,54.537,
1878241.819,,55.852,53.979,
1878341.822,,55.939,53.500,
1878441.813,,55.822,53.617,
1878541.812,,55.581,52.716,
1878641.808,,55.071,51.789,
1878741.810,,54.886,51.327,
1878841.806,,55.178,51.603,
1878941.802,,55.492,51.803,
1879041.799,,55.262,52.893,
1879141.794,,55.150,54.536,
1879241.794,,55.081,55.967,
1879341.786,,55.523,60.489,
1879441.788,,55.832,61.671,
1879541.784,,55.528,61.088,
1879641.781,,55.394,60.032,
1879741.776,,55.421,60.300,
1879841.771,,55.391,59.713,
1879941.772,,55.372,59.136,
1880041.770,,55.444,58.525,
1880141.762,,55.417,58.228,
1880241.758,,55.356,58.552,
1880341.759,,55.487,59.603,
1880441.756,,55.621,59.660,
1880541.749,,55.371,59.001,
1880641.748,,55.379,58.405,
1880741.745,,55.465,57.718,
1880841.736,,55.419,57.245,
1880941.735,,55.483,57.480,
1881041.733,,55.464,57.631,
1881141.731,,55.499,57.636,
1881241.727,,55.608,58.249,
1881341.723,,55.561,58.490,
1881441.719,,55.574,58.905,
1881541.717,,55.682,59.653,
1881641.713,,55.780,59.105,
1881741.710,,55.695,58.554,
1881841.702,,55.373,57.403,
1881941.704,,55.283,56.964,
1882041.699,,55.400,56.714,
1882141.695,,55.325,56.409,
1882241.693,,55.199,55.737,
1882341.691,,55.231,55.968,
1882441.683,,55.289,56.212,
1882541.679,,55.219,56.059,
1882641.679,,55.297,55.701,
1882741.676,,55.302,56.050,
1882841.668,,55.468,56.538,
1882941.665,,55.561,56.238,
1883041.660,,55.507,56.789,
1883141.662,,55.802,57.159,
1883241.660,,55.978,57.729,
1883341.650,,55.435,56.991,
1883441.653,,55.421,56.676,
1883541.647,,55.618,56.845,
1883641.646,,55.301,56.716,
1883741.636,,55.395,56.469,
1883841.634,,55.338,57.235,
1883941.632,,55.710,59.025,
1884041.631,,55.690,59.386,
1884141.628,,55.696,58.430,
1884241.619,,55.601,57.981,
1884341.618,,55.496,58.815,
1884441.615,,55.468,59.253,
1884541.611,,55.584,59.590,
1884641.610,,55.649,60.111,
1884741.603,,55.612,59.752,
1884841.600,,55.347,58.717,
1884941.600,,55.393,58.790,
1885041.592,,55.545,58.458,
1885141.594,,55.383,58.347,
1885241.591,,55.484,58.550,
1885341.584,,55.457,58.124,
1885441.584,,55.492,57.349,
1885541.578,,55.493,56.725,
1885641.577,,55.309,56.515,
1885741.569,,55.438,56.311,
1885841.565,,55.313,55.769,
1885941.567,,55.199,55.547,
1886041.560,,55.262,55.962,
1886141.560,,55.255,55.867,
1886241.554,,55.291,56.359,
1886341.547,,55.615,56.013,
1886441.547,,55.383,55.709,
1886541.544,,55.335,55.407,
1886641.537,,55.418,56.205,
1886741.533,,55.487,56.250,
1886841.533,,55.504,55.675,
1886941.530,,55.443,55.015,
1887041.526,,55.468,54.937,
1887141.521,,55.377,54.765,
1887241.522,,55.353,54.927,
1887341.516,,55.246,55.186,
1887441.514,,55.306,55.466,
1887541.510,,55.251,56.838,
1887641.507,,55.101,57.478,
1887741.505,,55.243,56.938,
1887841.497,,55.281,57.303,
1887941.495,,55.545,57.462,
1888041.495,,55.259,57.438,
1888141.493,,55.565,56.868,
1888241.484,,55.452,56.047,
1888341.485,,55.541,55.646,
1888441.477,,55.446,54.974,
1888541.475,,55.447,55.052,
1888641.473,,55.298,55.038,
1888741.468,,55.277,54.404,
1888841.471,,55.129,54.748,
1888941.468,,55.315,55.059,
1889041.460,,55.277,55.148,
1889141.455,,55.228,55.121,
1889241.455,,55.484,55.215,
1889341.454,,55.328,55.141,
1889441.447,,55.355,55.324,
1889541.446,,55.408,55.629,
1889641.442,,54.699,55.474,
1889741.437,,54.968,54.984,
1889841.434,,54.944,54.969,
1889941.437,,55.203,54.919,
1890041.434,,55.295,56.540,
1890141.426,,55.401,56.276,
1890241.421,,55.347,55.836,
1890341.421,,55.291,55.836,
1890441.420,,55.297,56.452,
1890541.415,,55.248,56.395,
1890641.415,,55.469,56.716,
1890741.407,,55.545,56.724,
1890841.405,,55.578,56.205,
1890941.406,,55.642,56.201,
1891041.400,,55.486,55.904,
1891141.394,,55.499,56.332,
1891241.392,,55.441,56.845,
1891341.393,,55.573,56.997,
1891441.389,,55.535,56.765,
1891541.383,,55.463,56.656,
1891641.381,,55.576,57.312,
1891741.380,,55.697,56.754,
1891841.374,,55.632,56.575,
1891941.373,,55.732,56.749,
1892041.370,,55.823,57.172,
1892141.367,,55.858,57.107,
1892241.363,,55.858,56.344,
1892341.356,,56.080,55.913,
1892441.353,,56.074,55.505,
1892541.354,,56.086,55.157,
1892641.350,,55.871,55.479,
1892741.344,,55.700,55.863,
1892841.341,,56.112,56.512,
1892941.343,,56.004,56.150,
1893041.337,,56.205,55.844,
