{"Light":{"Led410Enable":true;"Led470Enable":true;"Led560Enable":false;"Led410Value":50.0;"Led470Value":50.0;"Led560Value":50.0};"Excitation":{"mode":1;"discontinuous":false;"interval_time":20;"continuous_time":20};"Channels":[{"Name":"CH1";"Roi1":"334.008450704227;168.054929577467;111.532394366198;111.532394366198";"Roi2":"319;227;111.532394366198;111.532394366198"}];"AllMarking":[{"id":0;"type":1;"opened":true;"name":"STIM";"Levels":0;"color":"#FFFF0000";"key":0;"threshold":0.0;"all":true;"channels":["AllChannel";"CH1"];"enable":true};{"id":0;"type":1;"opened":true;"name":"WHEEL";"Levels":0;"color":"#FF4F81BD";"key":0;"threshold":0.0;"all":true;"channels":["AllChannel";"CH1"];"enable":true};{"id":0;"type":2;"opened":true;"name":"Input1";"Levels":0;"color":"#FFFF0000";"key":0;"threshold":0.0;"all":true;"channels":["AllChannel";"CH1"];"enable":true};{"id":0;"type":2;"opened":true;"name":"Input2";"Levels":0;"color":"#FF4F81BD";"key":0;"threshold":0.0;"all":true;"channels":["AllChannel";"CH1"];"enable":true};{"id":0;"type":2;"opened":true;"name":"Input3";"Levels":0;"color":"#FF00B050";"key":0;"threshold":0.0;"all":true;"channels":["AllChannel";"CH1"];"enable":true};{"id":0;"type":2;"opened":true;"name":"Input4";"Levels":0;"color":"#FFFF0000";"key":0;"threshold":0.0;"all":true;"channels":["AllChannel";"CH1"];"enable":true}];"Fps":20.0}
TimeStamp,Events,CH1-410,CH1-470,
0.000,,69.133,67.504,
99.996,,68.850,69.513,
199.998,,68.770,64.155,
299.999,,68.778,59.446,
399.998,,68.635,57.528,
499.993,,68.310,55.811,
599.995,,67.759,53.307,
699.996,,67.569,52.029,
799.997,,67.238,51.663,
899.994,,67.200,53.230,
999.996,,67.135,56.491,
1099.999,,67.164,57.647,
1199.998,,67.045,57.210,
1299.997,,66.797,57.394,
1399.995,,66.785,58.683,
1499.997,,66.692,59.015,
1599.997,,66.646,57.694,
1699.996,,66.647,57.958,
1799.995,,66.474,59.347,
1899.996,,66.352,59.888,
1999.999,,66.228,56.727,
2099.999,,66.285,54.148,
2199.995,,66.336,53.502,
2299.996,,65.723,53.181,
2399.998,,65.724,51.046,
2499.995,,66.089,50.247,
2599.995,,65.995,49.703,
2699.995,,66.060,51.232,
2799.997,,65.788,51.989,
2899.994,,65.651,53.023,
2999.995,,65.725,52.076,
3099.993,,65.705,51.508,
3199.993,,65.830,53.213,
3299.994,,65.798,54.823,
3399.998,,65.589,56.596,
3499.995,,65.670,57.506,
3599.999,,65.725,57.518,
3699.997,,65.676,54.240,
3799.994,,65.771,53.101,
3899.999,,65.729,54.069,
3999.999,,65.556,55.356,
4099.993,,65.707,57.578,
4199.999,,65.787,55.591,
4299.995,,65.591,52.665,
4399.994,,65.557,51.060,
4500.000,,65.338,49.919,
4599.994,,65.598,49.286,
4699.995,,65.357,49.511,
4799.995,,65.220,50.313,
4899.998,,65.527,49.503,
4999.994,,65.379,49.427,
5099.999,,65.372,50.342,
5199.995,,65.668,49.308,
5299.994,,65.576,49.212,
5399.996,,65.482,50.517,
5499.997,,65.318,50.012,
5599.996,,65.314,49.545,
5699.998,,65.562,49.247,
5799.995,,65.520,50.385,
5899.996,,65.659,51.984,
5999.996,,65.317,51.252,
6099.994,,65.213,50.366,
6200.000,,65.126,50.330,
6299.999,,65.196,51.014,
6399.997,,65.141,53.266,
6499.995,,65.180,52.929,
6599.995,,65.224,51.861,
6699.998,,65.219,50.669,
6799.996,,65.255,50.327,
6899.999,,65.208,50.255,
6999.993,,65.287,52.332,
7099.997,,65.357,52.108,
7199.996,,65.257,53.369,
7299.994,,65.196,54.289,
7399.997,,65.049,54.055,
7499.999,,65.060,53.004,
7599.998,,65.174,51.890,
7699.998,,65.070,50.711,
7799.999,,65.318,52.695,
7899.996,,65.137,55.755,
7999.995,,65.136,56.298,
8099.993,,65.206,53.411,
8199.993,,65.483,51.426,
8299.995,,65.038,49.467,
8399.997,,64.910,49.089,
8499.997,,65.037,49.297,
8599.999,,65.114,49.844,
8699.998,,64.961,51.174,
8799.999,,65.012,50.866,
8899.996,,65.192,50.227,
8999.997,,65.147,50.737,
9099.999,,65.062,52.049,
9199.994,,65.278,53.625,
9299.995,,65.371,52.778,
9399.999,,65.437,51.217,
9499.997,,64.845,50.339,
9599.995,,64.991,51.364,
9699.995,,65.053,52.627,
9800.000,,65.249,52.708,
9899.999,,64.954,51.053,
9999.994,,65.044,50.396,
10099.996,,65.216,50.999,
10199.998,,65.535,51.325,
10299.995,,65.208,50.110,
10399.997,,64.884,52.288,
10499.995,,64.955,52.161,
10599.995,,64.963,52.600,
10699.994,,65.137,52.865,
10799.999,,65.442,51.893,
10899.998,,65.608,50.312,
10999.995,,65.518,49.535,
11099.995,,65.556,48.747,
11199.995,,65.614,48.674,
11299.997,,65.512,49.638,
11399.997,,65.607,50.553,
11499.996,,65.236,50.003,
11599.998,,65.176,51.347,
11699.999,,65.232,51.449,
11800.000,,65.347,51.156,
11899.995,,65.123,50.163,
11999.994,,64.938,51.638,
12099.998,,65.043,53.002,
12199.995,,65.000,52.754,
12299.999,,65.273,51.111,
12399.999,,65.284,50.350,
12499.996,,65.108,49.618,
12599.998,,64.987,50.100,
12699.994,,64.775,49.740,
12799.994,,65.049,50.064,
12899.995,,65.075,49.311,
12999.996,,64.960,48.379,
13099.994,,64.882,48.382,
13199.998,,64.735,48.652,
13299.995,,64.383,49.672,
13399.995,,64.394,50.911,
13499.998,,64.423,53.156,
13599.994,,64.497,55.942,
13699.996,,64.409,54.907,
13799.997,,64.726,52.985,
13899.998,,64.540,53.733,
13999.994,,64.443,57.177,
14100.000,,64.516,57.499,
14199.997,,64.725,54.887,
14299.996,,64.578,54.054,
14400.000,,64.409,52.917,
14499.996,,64.449,52.513,
14599.995,,64.655,50.999,
14699.995,,64.639,50.960,
14799.994,,64.737,51.148,
14899.994,,64.802,51.917,
14999.995,,64.780,52.411,
15100.000,,64.754,50.834,
15199.998,,64.717,50.310,
15299.997,,64.596,50.949,
15399.998,,64.443,51.450,
15499.998,,64.426,51.578,
15599.994,,64.449,55.597,
15699.995,,64.354,57.862,
15799.994,,64.346,57.339,
15899.998,,64.219,57.447,
15999.991,,64.605,55.730,
16099.988,,64.289,54.403,
16199.986,,64.279,54.986,
16299.980,,64.329,53.519,
16399.975,,64.442,53.571,
16499.974,,64.452,55.469,
16599.965,,64.510,56.046,
16699.958,,64.460,55.023,
16799.959,,64.428,52.580,
16899.952,,64.337,51.527,
16999.948,,64.603,51.188,
17099.940,,64.848,50.551,
17199.935,,64.557,50.009,
17299.935,,64.660,50.468,
17399.928,,64.596,52.206,
17499.924,,64.525,52.444,
17599.916,,64.736,51.209,
17699.915,,64.587,50.097,
17799.909,,64.651,49.440,
17899.902,,64.508,48.807,
17999.896,,64.353,48.674,
18099.893,,64.384,48.555,
18199.888,,64.605,48.027,
18299.883,,64.518,47.571,
18399.877,,64.639,47.478,
18499.868,,64.567,47.283,
18599.862,,64.720,47.347,
18699.858,,64.641,47.181,
18799.855,,64.678,48.862,
18899.847,,64.509,49.798,
18999.842,,64.683,48.780,
19099.834,,64.665,48.688,
19199.829,,64.676,48.500,
19299.823,,64.437,47.768,
19399.820,,64.439,47.350,
19499.809,,64.526,47.265,
19599.805,,64.352,47.789,
19699.801,,64.532,49.096,
19799.796,,64.432,49.798,
19899.786,,64.238,49.966,
19999.782,,64.357,49.406,
20099.776,,64.303,49.497,
20199.766,,64.145,49.872,
20299.763,,64.212,49.481,
20399.753,,64.283,49.063,
20499.745,,64.293,49.448,
20599.742,,64.407,50.621,
20699.734,,64.455,50.882,
20799.726,,64.394,49.526,
20899.720,,64.341,48.182,
20999.711,,64.338,47.888,
21099.705,,64.383,47.598,
21199.702,,64.414,48.601,
21299.690,,64.492,49.854,
21399.683,,64.396,49.147,
21499.681,,64.394,51.386,
21599.673,,64.270,52.445,
21699.665,,64.322,51.946,
21799.656,,64.223,51.109,
21899.649,,64.290,52.178,
21999.643,,64.329,52.044,
22099.635,,64.160,51.190,
22199.629,,64.170,52.061,
22299.616,,64.374,53.346,
22399.612,,64.421,51.463,
22499.604,,64.120,50.030,
22599.595,,64.219,48.818,
22699.590,,64.107,48.689,
22799.584,,64.169,48.933,
22899.574,,64.322,49.717,
22999.569,,64.185,49.373,
23099.560,,64.150,52.405,
23199.549,,64.342,55.264,
23299.543,,64.285,54.401,
23399.536,,64.202,53.508,
23499.527,,64.245,53.072,
23599.520,,64.361,52.165,
23699.510,,64.312,51.451,
23799.498,,64.292,50.420,
23899.492,,64.323,49.902,
23999.488,,64.325,50.380,
24099.484,,64.376,51.695,
24199.482,,64.317,51.426,
24299.483,,64.339,51.922,
24399.481,,64.277,52.387,
24499.473,,64.244,51.876,
24599.469,,64.109,50.452,
24699.467,,64.078,51.028,
24799.468,,64.055,53.296,
24899.463,,64.082,53.971,
24999.461,,64.152,54.369,
25099.458,,64.141,51.716,
25199.457,,63.856,50.354,
25299.449,,64.046,51.189,
25399.445,,64.158,52.360,
25499.448,,64.123,54.033,
25599.446,,64.250,53.034,
25699.436,,64.166,52.423,
25799.440,,64.121,50.562,
25899.434,,64.081,50.434,
25999.427,,64.194,52.512,
26099.425,,64.317,55.030,
26199.424,,64.294,54.217,
26299.420,,64.313,51.963,
26399.419,,64.207,49.920,
26499.417,,64.131,49.304,
26599.410,,64.203,50.430,
26699.412,,64.050,50.668,
26799.407,,64.015,51.815,
26899.404,,63.931,52.193,
26999.402,,63.846,54.021,
27099.397,,63.920,52.694,
27199.394,,64.039,50.710,
27299.394,,64.046,49.311,
27399.390,,63.992,49.418,
27499.382,,64.200,48.935,
27599.384,,64.149,49.476,
27699.378,,63.945,50.166,
27799.378,,64.284,52.939,
27899.372,,64.123,54.238,
27999.366,,64.172,55.601,
28099.364,,64.228,55.889,
28199.366,,64.197,54.932,
28299.361,,64.390,54.905,
28399.355,,64.167,58.746,
28499.353,,64.183,57.596,
28599.352,,64.242,55.574,
28699.346,,64.149,52.957,
28799.345,,64.131,50.647,
28899.343,,64.139,49.277,
28999.336,,64.177,49.616,
29099.337,,64.005,50.232,
29199.328,,63.880,53.248,
29299.325,,63.981,54.392,
29399.325,,63.869,54.203,
29499.322,,64.090,51.927,
29599.317,,64.100,49.972,
29699.315,,64.001,48.750,
29799.308,,63.950,48.866,
29899.310,,63.960,49.396,
29999.308,,63.872,50.068,
30099.304,,63.951,51.199,
30199.301,,63.898,51.480,
30299.292,,63.956,50.037,
30399.289,,63.881,49.547,
30499.291,,63.794,49.939,
30599.287,,63.881,50.788,
30699.283,,63.752,49.928,
30799.279,,63.834,50.762,
30899.274,,63.899,51.581,
30999.275,,63.815,51.793,
31099.271,,63.991,51.261,
31199.267,,63.853,50.160,
31299.261,,63.932,50.806,
31399.256,,64.037,53.418,
31499.258,,63.948,54.066,
31599.251,,63.877,54.109,
31699.249,,63.884,51.889,
31799.247,,63.963,52.129,
31899.245,,63.883,51.130,
31999.239,,63.914,50.236,
32099.236,,63.861,51.009,
32199.230,,63.775,50.824,
32299.223,,63.652,52.228,
32399.221,,63.853,53.463,
32499.210,,63.834,52.908,
32599.210,,63.697,52.752,
32699.202,,63.847,51.685,
32799.199,,63.821,50.380,
32899.193,,63.901,49.276,
32999.187,,63.889,49.892,
33099.188,,63.860,50.618,
33199.180,,63.855,49.808,
33299.174,,63.736,49.759,
33399.169,,64.055,48.930,
33499.166,,63.861,47.745,
33599.159,,64.068,47.372,
33699.152,,63.789,47.887,
33799.147,,63.567,47.864,
33899.149,,63.815,48.446,
33999.141,,63.905,49.774,
34099.137,,63.740,50.006,
34199.134,,63.550,48.857,
34299.123,,63.857,48.878,
34399.121,,63.736,48.513,
34499.112,,63.628,50.707,
34599.109,,63.710,52.043,
34699.107,,63.902,51.928,
34799.102,,63.848,50.707,
34899.093,,64.089,51.297,
34999.091,,63.962,52.075,
35099.088,,63.990,51.589,
35199.081,,63.962,51.066,
35299.075,,64.089,50.442,
35399.072,,63.976,50.061,
35499.064,,63.941,49.349,
35599.061,,63.980,49.114,
35699.055,,63.898,50.157,
35799.046,,63.831,51.253,
35899.045,,63.106,49.552,
35999.039,,62.948,49.005,
36099.031,,63.193,49.304,
36199.026,,63.681,49.138,
36299.024,,63.966,48.703,
36399.019,,63.996,48.221,
36499.008,,63.855,48.721,
36599.003,,63.683,49.116,
36698.997,,63.563,50.175,
36798.997,,63.731,50.769,
36898.987,,63.712,51.342,
36998.982,,63.699,50.895,
37098.978,,63.691,50.233,
37198.976,,63.647,49.301,
37298.967,,63.559,49.249,
37398.961,,63.393,48.058,
37498.956,,63.469,47.650,
37598.948,,63.672,47.831,
37698.949,,63.590,48.779,
37798.942,,63.714,48.664,
37898.937,,63.735,48.641,
37998.932,,63.670,48.130,
38098.925,,63.711,48.011,
38198.921,,63.762,47.491,
38298.912,,63.653,47.422,
38398.907,,63.561,47.854,
38498.898,,63.677,48.041,
38598.897,,63.648,47.942,
38698.888,,63.694,47.020,
38798.886,,63.672,47.079,
38898.878,,63.857,46.799,
38998.875,,63.741,47.233,
39098.867,,63.743,47.540,
39198.860,,63.784,47.490,
39298.856,,63.783,47.335,
39398.849,,63.743,48.277,
39498.846,,63.711,49.049,
39598.836,,63.779,49.631,
39698.833,,63.719,50.987,
39798.825,,63.554,53.000,
39898.818,,63.463,51.900,
39998.817,,63.357,52.379,
40098.814,,63.449,52.875,
40198.817,,63.495,53.250,
40298.816,,63.485,54.508,
40398.811,,63.305,55.723,
40498.807,,63.490,55.973,
40598.807,,63.501,53.400,
40698.805,,63.444,52.297,
40798.804,,63.397,51.948,
40898.805,,63.400,51.107,
40998.798,,63.227,50.106,
41098.796,,63.417,50.110,
41198.796,,63.323,49.173,
41298.794,,63.407,48.483,
41398.797,,63.388,49.802,
41498.792,,63.508,49.342,
41598.793,,63.510,50.552,
41698.791,,63.472,52.226,
41798.789,,63.431,52.429,
41898.787,,63.384,53.048,
41998.781,,63.500,50.861,
42098.780,,63.481,49.444,
42198.784,,63.603,49.981,
42298.776,,63.550,50.693,
42398.774,,63.373,51.171,
42498.778,,63.419,52.403,
42598.772,,63.453,51.141,
42698.775,,63.279,50.913,
42798.767,,63.262,50.847,
42898.772,,63.391,51.270,
42998.765,,63.352,51.896,
43098.765,,63.543,50.456,
43198.766,,63.461,50.280,
43298.765,,63.448,50.120,
43398.759,,63.366,49.099,
43498.761,,63.405,48.371,
43598.758,,63.479,47.709,
43698.753,,63.507,48.050,
43798.754,,63.514,50.008,
43898.750,,63.295,49.694,
43998.750,,63.461,50.163,
44098.748,,63.544,51.410,
44198.746,,63.605,51.973,
44298.746,,63.420,51.843,
44398.744,,63.447,50.153,
44498.745,,63.657,49.142,
44598.742,,63.472,48.873,
44698.738,,63.527,50.101,
44798.737,,63.449,50.074,
44898.738,,63.511,48.997,
44998.739,,63.408,49.514,
45098.734,,63.483,50.076,
45198.729,,63.606,51.453,
45298.731,,63.517,52.319,
45398.727,,63.354,50.635,
45498.730,,63.568,49.026,
45598.728,,63.678,49.949,
45698.725,,63.338,49.663,
45798.723,,63.336,49.344,
45898.724,,63.343,49.835,
45998.719,,63.388,49.061,
46098.721,,63.340,49.580,
46198.717,,63.041,51.319,
46298.714,,63.420,52.574,
46398.711,,63.391,53.490,
46498.713,,63.444,52.341,
46598.714,,63.275,50.768,
46698.711,,63.415,49.155,
46798.712,,63.530,49.007,
46898.706,,63.431,48.571,
46998.706,,63.573,48.263,
47098.706,,63.474,49.165,
47198.704,,63.401,50.887,
47298.703,,63.464,51.931,
47398.702,,63.352,51.480,
47498.696,,63.577,49.985,
47598.700,,63.492,50.587,
47698.698,,63.568,50.298,
47798.697,,63.444,49.247,
47898.691,,63.496,49.632,
47998.693,,63.376,50.317,
48098.684,,63.399,51.021,
48198.687,,63.456,52.811,
48298.684,,63.320,53.630,
48398.676,,63.383,54.200,
48498.676,,63.294,53.445,
48598.670,,63.297,54.154,
48698.672,,63.273,55.209,
48798.664,,63.227,54.666,
48898.665,,63.180,55.850,
48998.663,,62.690,55.009,
49098.657,,63.125,51.777,
49198.657,,63.459,50.053,
49298.655,,63.301,48.899,
49398.650,,63.214,48.041,
49498.649,,63.288,48.046,
49598.646,,63.387,47.906,
49698.643,,63.360,47.159,
49798.640,,63.347,47.492,
49898.636,,63.352,47.112,
49998.632,,63.370,47.007,
50098.628,,63.378,47.671,
50198.629,,63.467,47.803,
50298.623,,63.329,48.755,
50398.617,,63.280,48.978,
50498.614,,63.250,48.450,
50598.613,,63.251,49.493,
50698.612,,63.299,49.339,
50798.612,,63.323,49.221,
50898.606,,63.331,48.954,
50998.604,,63.269,49.941,
51098.600,,63.455,49.542,
51198.598,,63.522,49.410,
51298.595,,63.476,49.635,
51398.589,,63.137,49.988,
51498.591,,63.245,49.394,
51598.584,,63.204,49.375,
51698.580,,63.329,48.928,
51798.577,,62.961,50.882,
51898.579,,62.685,52.109,
51998.574,,62.263,52.015,
52098.567,,62.271,50.564,
52198.565,,62.021,51.144,
52298.566,,62.397,51.109,
52398.559,,62.781,52.234,
52498.558,,62.317,51.262,
52598.554,,62.364,49.225,
52698.554,,62.841,48.227,
52798.547,,62.465,48.538,
52898.547,,62.375,48.083,
52998.543,,62.409,47.702,
53098.539,,62.690,49.157,
53198.538,,62.445,49.779,
53298.534,,62.423,49.643,
53398.529,,62.667,48.449,
53498.528,,62.384,47.937,
53598.527,,62.636,48.009,
53698.521,,62.248,48.500,
53798.518,,62.361,47.433,
53898.519,,62.589,48.012,
53998.513,,62.112,48.404,
54098.512,,62.086,49.973,
54198.509,,62.205,52.210,
54298.508,,62.062,54.768,
54398.501,,62.048,56.098,
54498.498,,62.007,54.374,
54598.494,,61.887,52.124,
54698.491,,62.119,51.804,
54798.491,,61.832,49.707,
54898.490,,61.931,48.434,
54998.484,,62.008,47.655,
55098.484,,62.191,47.509,
55198.476,,62.216,46.880,
55298.473,,61.894,46.038,
55398.474,,61.964,45.669,
55498.469,,62.111,45.196,
55598.465,,61.740,45.279,
55698.465,,61.904,46.516,
55798.464,,61.843,47.628,
55898.461,,61.660,48.650,
55998.454,,61.518,48.708,
56098.451,,61.548,48.960,
56198.447,,61.830,48.969,
56298.442,,61.729,47.581,
56398.443,,61.734,46.720,
56498.437,,61.749,46.646,
56598.437,,61.761,46.298,
56698.429,,61.840,45.554,
56798.424,,61.354,45.464,
56898.426,,61.394,46.683,
56998.420,,61.581,47.523,
57098.414,,61.453,46.501,
57198.413,,61.209,45.428,
57298.409,,61.083,45.767,
57398.405,,61.454,46.774,
57498.405,,61.885,48.266,
57598.395,,62.762,48.052,
57698.395,,62.888,47.929,
57798.390,,62.720,48.512,
57898.390,,62.836,48.471,
57998.386,,62.812,50.370,
58098.382,,62.551,50.833,
58198.373,,62.714,50.801,
58298.371,,62.795,51.351,
58398.371,,62.687,50.186,
58498.368,,62.684,51.968,
58598.361,,62.587,52.220,
58698.359,,62.671,52.141,
58798.358,,62.753,51.171,
58898.353,,62.664,49.911,
58998.349,,62.807,49.865,
59098.344,,62.897,50.197,
59198.339,,62.779,50.090,
59298.339,,62.821,48.508,
59398.331,,62.690,47.907,
59498.329,,62.726,49.286,
59598.323,,62.721,49.653,
59698.321,,62.990,50.674,
59798.317,,62.769,53.369,
59898.312,,63.021,53.397,
59998.310,,62.939,51.957,
60098.304,,62.869,51.194,
60198.305,,62.873,50.576,
60298.304,,62.832,52.147,
60398.299,,62.752,52.611,
60498.293,,62.950,50.674,
60598.290,,63.006,49.745,
60698.288,,62.763,49.941,
60798.280,,62.881,52.619,
60898.278,,62.794,54.803,
60998.273,,62.923,53.787,
61098.270,,62.680,52.498,
61198.271,,62.769,52.219,
61298.266,,62.804,51.440,
61398.257,,62.680,53.066,
61498.254,,62.736,56.715,
61598.251,,62.633,60.317,
61698.252,,62.558,62.090,
61798.245,,62.702,63.334,
61898.242,,62.740,57.548,
61998.238,,62.586,53.358,
62098.236,,62.795,50.690,
62198.230,,62.688,49.909,
62298.226,,62.671,49.930,
62398.222,,62.612,48.807,
62498.220,,62.595,49.657,
62598.213,,62.445,52.584,
62698.211,,62.414,50.915,
62798.205,,62.533,49.446,
62898.205,,62.521,50.084,
62998.202,,62.541,49.434,
63098.195,,62.697,49.312,
63198.194,,62.641,49.275,
63298.189,,62.587,50.111,
63398.187,,62.769,49.108,
63498.181,,62.626,48.426,
63598.176,,62.700,48.949,
63698.178,,62.695,50.222,
63798.171,,62.429,50.050,
63898.165,,62.284,49.203,
63998.160,,62.252,48.634,
64098.163,,62.202,49.270,
64198.157,,62.356,49.403,
64298.153,,62.488,48.565,
64398.151,,62.591,48.871,
64498.150,,62.738,49.464,
64598.145,,62.709,48.431,
64698.138,,62.543,50.649,
64798.134,,62.527,51.803,
64898.131,,62.551,53.777,
64998.130,,62.540,55.644,
65098.127,,62.497,57.362,
65198.122,,62.678,55.801,
65298.118,,62.504,54.158,
65398.117,,62.524,52.721,
65498.110,,62.670,51.975,
65598.111,,62.417,50.040,
65698.103,,62.280,50.568,
65798.103,,62.001,52.153,
65898.099,,61.658,52.403,
65998.097,,62.130,51.143,
66098.089,,61.988,51.044,
66198.090,,61.587,48.977,
66298.085,,62.266,48.109,
66398.083,,62.097,48.030,
66498.073,,62.112,48.321,
66598.071,,62.203,48.689,
66698.067,,61.919,48.730,
66798.069,,62.361,49.935,
66898.061,,62.024,51.079,
66998.058,,61.988,51.711,
67098.057,,62.235,50.710,
67198.052,,61.983,51.447,
67298.047,,62.044,54.339,
67398.048,,62.330,53.764,
67498.041,,62.031,50.820,
67598.039,,62.282,50.084,
67698.032,,62.202,52.241,
67798.029,,61.800,51.182,
67898.027,,62.208,52.053,
67998.022,,62.086,51.530,
68098.023,,61.593,52.275,
68198.019,,62.307,51.325,
68298.009,,62.171,49.400,
68398.010,,62.053,48.315,
68498.009,,62.266,48.570,
68598.005,,61.896,47.592,
68697.995,,62.373,49.767,
68797.992,,62.214,52.151,
68897.994,,61.982,49.674,
68997.989,,62.424,49.109,
69097.983,,62.094,49.212,
69197.980,,62.335,50.070,
69297.974,,62.217,49.418,
69397.975,,61.918,49.277,
69497.970,,62.049,48.334,
69597.964,,61.881,48.155,
69697.963,,61.792,49.648,
69797.958,,61.927,52.814,
69897.958,,61.733,52.799,
69997.954,,61.838,53.422,
70097.951,,61.662,53.808,
70197.942,,61.595,51.626,
70297.943,,61.944,51.362,
70397.935,,61.656,49.880,
70497.935,,61.931,49.783,
70597.929,,61.789,49.554,
70697.926,,61.707,48.673,
70797.924,,61.980,47.647,
70897.921,,61.745,47.982,
70997.915,,61.838,48.202,
71097.915,,62.125,48.678,
71197.908,,61.821,49.275,
71297.907,,62.020,49.218,
71397.905,,61.940,49.189,
71497.901,,61.857,50.649,
71597.896,,61.883,51.181,
71697.892,,61.747,50.046,
71797.888,,61.841,51.824,
71897.881,,61.941,49.899,
71997.879,,61.596,48.403,
72097.881,,61.747,48.077,
72197.872,,61.686,48.790,
72297.871,,61.688,48.635,
72397.866,,61.970,48.936,
72497.866,,61.886,49.215,
72597.863,,61.780,50.028,
72697.857,,61.809,51.145,
72797.861,,61.709,50.046,
72897.854,,61.790,50.026,
72997.851,,61.570,50.411,
73097.852,,61.764,49.453,
73197.848,,61.655,49.115,
73297.841,,61.515,47.325,
73397.838,,61.829,46.470,
73497.836,,61.622,45.966,
73597.836,,61.995,47.057,
73697.833,,61.707,47.907,
73797.830,,62.270,47.421,
73897.822,,62.397,47.621,
73997.825,,62.543,47.555,
74097.816,,62.304,49.550,
74197.820,,62.165,52.256,
74297.817,,61.924,53.228,
74397.808,,62.254,52.684,
74497.811,,62.407,51.424,
74597.808,,62.547,50.321,
74697.800,,62.321,52.912,
74797.802,,62.528,52.050,
74897.795,,62.329,50.225,
74997.792,,62.540,49.755,
75097.789,,62.454,49.434,
75197.788,,62.493,51.153,
75297.788,,62.443,50.670,
75397.780,,62.330,51.082,
75497.778,,62.568,50.150,
75597.778,,62.547,50.042,
75697.776,,62.577,49.706,
75797.767,,62.583,50.157,
75897.765,,62.480,50.623,
75997.766,,62.464,50.569,
76097.758,,62.292,50.638,
76197.761,,62.192,50.417,
76297.758,,62.387,49.741,
76397.757,,62.211,50.192,
76497.750,,62.229,52.708,
76597.750,,62.170,54.063,
76697.745,,62.189,51.794,
76797.741,,62.186,51.634,
76897.735,,62.173,50.397,
76997.734,,62.176,51.091,
77097.730,,62.223,53.016,
77197.728,,62.185,51.659,
77297.724,,62.247,50.473,
77397.720,,62.255,48.889,
77497.721,,62.241,47.840,
77597.721,,62.381,47.929,
77697.719,,62.315,48.964,
77797.716,,61.991,51.365,
77897.707,,62.017,55.306,
77997.708,,61.891,57.016,
78097.703,,61.939,57.285,
78197.704,,61.653,54.143,
78297.696,,61.803,53.270,
78397.696,,62.039,51.547,
78497.693,,61.981,49.526,
78597.687,,62.196,48.314,
78697.687,,62.120,48.188,
78797.680,,61.857,47.493,
78897.683,,61.588,47.612,
78997.681,,61.974,50.006,
79097.672,,61.709,52.362,
79197.674,,61.583,51.348,
79297.672,,61.924,51.412,
79397.668,,61.626,51.518,
79497.664,,61.685,51.447,
79597.661,,61.953,51.881,
79697.657,,61.630,50.938,
79797.656,,61.992,50.930,
79897.654,,61.637,50.909,
79997.649,,61.378,49.820,
80097.645,,61.956,49.083,
80197.638,,61.835,49.077,
80297.633,,62.218,49.552,
80397.630,,61.978,49.265,
80497.628,,61.789,48.161,
80597.625,,62.067,49.611,
80697.618,,62.074,51.036,
80797.618,,61.718,49.720,
80897.614,,62.149,51.027,
80997.609,,61.679,52.212,
81097.602,,61.130,49.943,
81197.600,,61.837,48.375,
81297.597,,61.446,48.493,
81397.588,,61.745,48.171,
81497.587,,61.313,47.721,
81597.585,,61.517,48.319,
81697.577,,61.724,48.845,
81797.571,,61.453,49.363,
81897.568,,62.172,49.928,
81997.563,,61.975,48.221,
82097.561,,61.917,47.686,
82197.554,,61.923,49.154,
82297.553,,62.023,51.754,
82397.550,,62.032,51.814,
82497.543,,61.927,50.399,
82597.539,,62.095,48.618,
82697.538,,62.098,47.500,
82797.529,,62.246,47.922,
82897.531,,62.022,49.202,
82997.525,,62.198,48.890,
83097.518,,62.184,49.399,
83197.513,,61.976,48.723,
83297.508,,61.801,48.037,
83397.505,,62.024,47.245,
83497.503,,62.343,47.216,
83597.498,,62.239,48.776,
83697.498,,62.344,50.308,
83797.489,,62.307,49.546,
83897.486,,62.299,48.714,
83997.482,,62.371,47.725,
84097.478,,62.402,46.827,
84197.472,,62.258,46.666,
84297.468,,62.198,47.511,
84397.468,,62.425,48.347,
84497.463,,62.427,48.981,
84597.456,,62.460,50.169,
84697.452,,62.383,49.681,
84797.447,,62.329,51.055,
84897.446,,62.155,51.636,
84997.437,,62.322,50.480,
85097.439,,62.222,48.677,
85197.434,,62.270,47.880,
85297.430,,62.284,48.076,
85397.420,,62.120,48.419,
85497.421,,62.114,48.880,
85597.417,,62.078,49.568,
85697.412,,62.157,48.961,
85797.403,,62.328,48.529,
85897.402,,62.315,49.428,
85997.394,,62.320,49.021,
86097.394,,62.123,48.467,
86197.390,,62.237,48.851,
86297.385,,62.294,48.994,
86397.384,,62.488,49.456,
86497.377,,62.453,51.375,
86597.371,,62.390,50.706,
86697.370,,61.879,49.909,
86797.361,,61.754,49.777,
86897.356,,61.991,50.019,
86997.352,,62.301,50.448,
87097.353,,62.059,50.744,
87197.349,,62.088,50.335,
87297.343,,62.187,49.484,
87397.341,,61.992,48.572,
87497.335,,61.701,47.615,
87597.328,,61.994,47.769,
87697.327,,61.874,49.847,
87797.322,,61.640,51.887,
87897.320,,61.566,50.123,
87997.311,,61.949,51.237,
88097.306,,61.584,54.714,
88197.303,,61.302,51.708,
88297.302,,61.857,49.680,
88397.298,,61.714,49.554,
88497.296,,61.735,49.483,
88597.291,,61.837,49.209,
88697.287,,61.767,48.765,
88797.286,,61.281,49.612,
88897.282,,61.713,48.022,
88997.279,,61.552,47.114,
89097.273,,61.419,47.160,
89197.273,,61.657,48.041,
89297.268,,61.440,47.650,
89397.261,,61.442,46.668,
89497.259,,61.611,46.999,
89597.259,,61.471,48.262,
89697.255,,61.589,48.764,
89797.248,,61.488,50.894,
89897.245,,61.469,50.028,
89997.242,,61.944,50.688,
90097.237,,61.895,51.664,
90197.240,,61.911,50.782,
90297.233,,61.974,49.180,
90397.227,,62.013,48.401,
90497.223,,62.097,48.438,
90597.220,,62.032,47.470,
90697.222,,62.002,46.536,
90797.218,,61.992,46.684,
90897.213,,62.086,47.813,
90997.211,,61.868,47.659,
91097.204,,61.970,47.689,
91197.201,,61.672,48.521,
91297.197,,61.882,49.802,
91397.197,,61.864,50.349,
91497.191,,61.967,49.562,
91597.185,,61.999,49.849,
91697.185,,62.032,48.128,
91797.178,,62.197,47.554,
91897.179,,62.277,47.743,
91997.175,,61.923,49.102,
92097.169,,62.220,49.714,
92197.164,,62.382,50.659,
92297.164,,62.154,52.097,
92397.158,,62.116,56.602,
92497.154,,62.267,55.971,
92597.151,,61.971,52.589,
92697.149,,61.949,50.319,
92797.145,Input1*2*0,61.898,48.427,
92897.141,Input1*2*1,62.044,47.232,
92997.138,,61.955,47.291,
93097.132,,61.808,48.055,
93197.132,,61.751,49.252,
93297.131,,61.869,47.886,
93397.123,,61.767,47.067,
93497.123,,61.853,46.539,
93597.117,,61.809,46.115,
93697.115,,61.879,46.358,
93797.107,,61.970,46.675,
93897.107,,61.953,46.640,
93997.106,,61.646,46.130,
94097.100,,61.675,46.989,
94197.094,,61.800,47.796,
94297.092,,61.987,48.080,
94397.088,,61.999,48.559,
94497.083,,62.080,49.744,
94597.084,,62.135,50.922,
94697.080,,62.089,49.616,
94797.073,,62.070,48.734,
94897.071,,62.029,47.872,
94997.070,,61.656,47.136,
95097.068,,61.738,47.512,
95197.063,,61.415,47.365,
95297.060,,61.558,46.500,
95397.056,,61.852,46.227,
95497.047,,61.851,46.337,
95597.044,,61.786,46.718,
95697.044,,61.410,46.761,
95797.040,,61.441,45.974,
95897.039,,61.616,46.061,
95997.034,,61.646,46.955,
96097.030,,61.867,47.511,
96197.029,,61.736,47.690,
96297.021,,61.714,48.242,
96397.017,,61.950,49.472,
96497.018,,61.830,49.544,
96597.013,,61.863,47.686,
96697.011,,61.841,47.150,
96797.007,,61.794,47.290,
96897.005,,61.883,48.460,
96996.997,,61.965,48.105,
97096.998,,61.881,47.287,
97196.994,,61.805,48.509,
97296.988,,61.778,48.355,
97396.986,,61.924,48.103,
97496.984,,61.800,48.800,
97596.978,,61.701,50.023,
97696.977,,61.586,49.389,
97796.972,,61.819,48.801,
97896.966,,61.700,48.882,
97996.963,,61.595,49.540,
98096.959,,61.692,50.193,
98196.959,,61.742,48.257,
98296.952,,61.823,49.222,
98396.950,,61.825,49.474,
98496.947,,61.844,48.752,
98596.942,,61.795,48.321,
98696.940,,61.666,48.043,
98796.939,,61.654,48.739,
98896.934,,61.512,47.991,
98996.927,,61.516,49.114,
99096.929,,61.673,50.917,
99196.922,,61.656,49.736,
99296.921,,61.707,50.051,
99396.917,,61.602,49.470,
99496.913,,61.777,49.343,
99596.907,,61.854,48.205,
99696.909,,61.791,48.888,
99796.903,,61.956,48.752,
99896.901,,61.905,48.705,
99996.899,,61.952,49.801,
100096.891,,61.728,49.856,
100196.888,,61.736,48.107,
100296.885,,61.691,47.886,
100396.885,,61.611,47.212,
100496.878,,61.739,48.270,
100596.878,,61.790,48.333,
100696.875,,61.593,47.449,
100796.868,,61.599,47.675,
100896.863,,61.703,47.232,
100996.861,,61.657,47.253,
101096.861,,61.764,48.634,
101196.852,,61.661,49.277,
101296.849,,61.677,48.861,
101396.847,,61.610,48.668,
101496.842,,61.953,47.972,
101596.839,,61.839,46.905,
101696.836,,61.827,46.952,
101796.834,,61.868,47.695,
101896.834,,61.936,48.437,
101996.830,,61.916,47.854,
102096.822,,61.798,47.553,
102196.824,,61.655,47.946,
102296.816,,61.693,46.982,
102396.816,,61.591,46.530,
102496.808,,61.345,45.752,
102596.808,,61.202,46.173,
102696.801,,61.308,47.276,
102796.800,,61.676,48.402,
102896.799,,61.702,49.684,
102996.796,,61.464,51.679,
103096.791,,61.577,52.573,
103196.790,,61.512,51.186,
103296.784,,61.738,49.747,
103396.780,,61.721,49.468,
103496.773,,61.853,50.295,
103596.776,,61.940,48.887,
103696.769,,61.790,47.328,
103796.766,,61.953,47.539,
103896.764,,62.021,48.116,
103996.761,,61.955,47.271,
104096.761,,61.887,46.796,
104196.759,,62.022,46.738,
104296.755,,62.030,47.428,
104396.750,,62.023,48.157,
104496.753,,62.045,48.627,
104596.751,,62.201,49.438,
104696.747,,62.030,49.615,
104796.745,,61.806,48.779,
104896.741,,61.874,47.985,
104996.745,,61.806,48.401,
105096.743,,61.709,49.780,
105196.741,,61.986,50.633,
105296.739,,61.972,49.618,
105396.739,,62.050,48.773,
105496.737,,62.075,47.973,
105596.729,,62.074,46.840,
105696.729,,62.000,46.678,
105796.725,,62.012,48.631,
105896.726,,62.053,50.957,
105996.722,,62.010,51.963,
106096.723,,61.920,51.359,
106196.721,,61.959,49.470,
106296.718,,62.066,50.040,
106396.714,,61.940,49.793,
106496.714,,61.733,49.743,
106596.714,,61.580,50.070,
106696.714,,61.227,51.173,
106796.711,,61.584,51.317,
106896.709,,61.956,48.895,
106996.708,,62.059,47.702,
107096.705,,62.081,47.102,
107196.704,,62.134,46.944,
107296.700,,62.006,46.669,
107396.697,,62.024,47.247,
107496.699,,62.027,46.688,
107596.699,,61.774,46.814,
107696.697,,61.923,47.504,
107796.690,,62.139,47.123,
107896.690,,62.096,47.291,
107996.685,,62.247,47.755,
108096.686,,62.174,46.858,
108196.687,,62.210,46.231,
108296.683,,62.241,46.530,
108396.680,,62.122,47.700,
108496.677,,62.078,48.242,
108596.679,,62.088,47.680,
108696.673,,62.133,47.043,
108796.677,,62.105,47.002,
108896.674,,61.640,46.711,
108996.672,,61.807,47.252,
109096.673,,61.710,47.827,
109196.667,,61.744,47.044,
109296.666,,61.881,47.397,
109396.666,,61.907,48.491,
109496.662,,61.950,49.997,
109596.658,,61.757,49.290,
109696.657,,61.666,49.950,
109796.654,,61.695,48.296,
109896.657,,61.634,47.293,
109996.656,,61.131,48.039,
110096.650,,61.350,48.809,
110196.649,,61.519,48.286,
110296.650,,61.446,47.571,
110396.645,,61.538,46.362,
110496.645,,61.479,47.408,
110596.646,,61.316,48.564,
110696.641,,61.346,48.280,
110796.642,,61.639,47.608,
110896.641,,61.160,47.979,
110996.636,,61.709,48.132,
111096.637,,61.802,47.969,
111196.631,,61.696,47.444,
111296.636,,61.348,46.611,
111396.628,,61.438,46.939,
111496.629,,61.697,48.531,
111596.624,,61.626,50.412,
111696.625,,61.720,49.217,
111796.623,,61.591,47.197,
111896.619,,61.803,46.424,
111996.616,,61.764,47.281,
112096.617,,61.662,47.236,
112196.612,,61.711,47.033,
112296.607,,61.616,49.310,
112396.604,,61.405,49.892,
112496.601,,61.553,49.263,
112596.595,,61.716,49.202,
112696.591,,61.768,50.108,
112796.588,,61.708,49.115,
112896.589,,61.812,47.746,
112996.584,,61.808,47.844,
113096.581,,61.514,48.915,
113196.576,,61.088,48.728,
113296.570,,61.434,47.959,
113396.566,,61.308,46.902,
113496.568,,60.790,47.319,
113596.565,,60.994,48.976,
113696.559,,61.080,48.689,
113796.554,,60.617,49.009,
113896.551,,60.621,50.257,
113996.546,,60.805,49.072,
114096.544,,60.524,47.788,
114196.537,,60.829,47.426,
114296.535,,60.706,47.355,
114396.533,,60.066,47.393,
114496.530,,60.777,46.223,
114596.523,,60.795,46.672,
114696.519,,60.345,46.529,
114796.518,,60.988,46.538,
114896.514,,61.477,45.972,
114996.508,,61.734,45.225,
115096.505,,61.732,44.742,
115196.502,,61.582,44.793,
115296.501,,61.711,46.158,
115396.497,,61.522,46.686,
115496.490,,61.542,48.847,
115596.487,,61.510,50.871,
115696.487,,61.471,50.721,
115796.480,,61.366,50.948,
115896.478,,61.579,52.038,
115996.475,,61.600,51.383,
116096.474,,61.587,52.233,
116196.470,,61.607,52.596,
116296.467,,61.439,52.071,
116396.460,,61.209,49.838,
116496.456,,61.250,49.200,
116596.452,,61.300,49.176,
116696.447,,61.203,48.236,
116796.442,,61.423,47.593,
116896.439,,61.540,49.289,
116996.436,,61.446,49.710,
117096.431,,61.210,48.858,
117196.428,,61.229,48.456,
117296.427,,61.161,49.369,
117396.427,,61.266,49.307,
117496.422,,61.365,49.254,
117596.414,,61.404,49.343,
117696.414,,61.294,48.218,
117796.407,,61.292,48.177,
117896.407,,61.406,47.146,
117996.399,,61.489,46.859,
118096.396,,61.376,47.105,
118196.395,,61.212,48.210,
118296.394,,61.360,51.052,
118396.390,,61.335,51.731,
118496.385,,61.233,50.280,
118596.377,,61.419,48.425,
118696.375,,61.359,47.888,
118796.371,,61.372,47.263,
118896.370,,61.449,47.393,
118996.367,,61.468,47.802,
119096.361,,61.363,47.843,
119196.354,,61.320,48.965,
119296.351,,61.309,48.789,
119396.350,,61.388,48.711,
119496.348,,61.176,50.490,
119596.341,,61.160,51.905,
119696.340,,61.286,51.995,
119796.339,,61.432,50.267,
119896.331,,61.438,48.008,
119996.326,,61.427,49.049,
120096.325,,61.453,48.576,
120196.325,,61.233,48.997,
120296.323,,61.201,49.954,
120396.320,,61.206,50.928,
120496.314,,61.326,51.019,
120596.313,,61.508,50.834,
120696.311,,61.595,51.559,
120796.306,,61.475,53.847,
120896.303,,61.107,52.207,
120996.302,,61.261,53.548,
121096.305,,61.251,53.619,
121196.301,,61.226,52.027,
121296.296,,61.234,49.140,
121396.297,,61.388,48.352,
121496.292,,61.288,48.115,
121596.290,,61.180,48.003,
121696.287,,61.260,51.056,
121796.280,,61.301,52.358,
121896.279,,61.287,50.384,
121996.278,,61.183,48.306,
122096.278,,61.422,46.863,
122196.275,,61.288,46.823,
122296.270,,61.320,48.483,
122396.266,,61.282,49.440,
122496.268,,61.263,49.354,
122596.263,,61.295,50.578,
122696.262,,61.326,48.885,
122796.261,,61.324,48.322,
122896.253,,61.391,50.240,
122996.251,,61.133,51.274,
123096.254,,61.267,53.464,
123196.252,,61.383,52.305,
123296.243,,61.540,50.263,
123396.242,,61.602,48.427,
123496.239,,61.626,48.217,
123596.236,,61.536,48.260,
123696.237,,61.538,47.242,
123796.230,,61.282,46.916,
123896.234,,61.336,45.946,
123996.229,,61.055,46.554,
124096.224,,61.351,46.530,
124196.223,,61.254,46.808,
124296.218,,61.165,48.531,
124396.220,,61.258,50.293,
124496.219,,61.012,49.133,
124596.211,,60.904,50.150,
124696.210,,61.090,49.356,
124796.206,,61.349,48.688,
124896.204,,61.448,48.053,
124996.201,,61.447,47.365,
125096.198,,61.396,47.333,
125196.198,,61.393,46.486,
125296.199,,61.543,47.046,
125396.195,,61.336,47.634,
125496.194,,61.601,46.745,
125596.190,,61.812,46.760,
125696.190,,61.545,47.654,
125796.186,,61.524,47.416,
125896.183,,61.479,47.967,
125996.180,,61.593,48.313,
126096.174,,61.538,47.310,
126196.175,,61.369,46.667,
126296.174,,61.411,51.055,
126396.167,,61.365,52.406,
126496.163,,61.404,52.215,
126596.161,,61.275,50.350,
126696.160,,61.273,49.358,
126796.159,,61.277,50.700,
126896.155,,61.380,49.874,
126996.151,,61.276,49.077,
127096.151,,61.210,49.160,
127196.150,,61.282,50.300,
127296.149,,61.210,49.308,
127396.143,,61.287,49.089,
127496.139,,61.375,48.563,
127596.139,,61.248,48.700,
127696.133,,61.216,49.019,
127796.135,,61.256,51.455,
127896.129,,61.281,52.847,
127996.128,,61.266,51.970,
128096.126,,61.450,51.017,
128196.125,,61.031,49.357,
128296.117,,60.995,48.470,
128396.112,,60.938,47.922,
128496.110,,60.996,47.835,
128596.109,,61.121,46.648,
128696.106,,61.061,45.935,
128796.105,,60.658,46.874,
128896.096,,60.610,47.232,
128996.095,,60.431,48.013,
129096.092,,60.347,48.590,
129196.088,,60.297,47.480,
129296.083,,60.341,46.538,
129396.085,,60.588,47.089,
129496.079,,60.680,48.901,
129596.079,,60.781,52.033,
129696.071,,60.719,53.894,
129796.067,,60.618,51.278,
129896.069,,61.169,48.851,
129996.062,,61.066,47.967,
130096.062,,61.141,48.038,
130196.058,,61.105,47.919,
130296.054,,61.161,47.717,
130396.047,,61.114,47.379,
130496.045,,61.119,46.541,
130596.044,,61.105,45.610,
130696.039,,60.988,45.066,
130796.037,,60.866,44.912,
130896.029,,60.786,45.168,
130996.027,,60.612,46.493,
131096.028,,60.754,46.916,
131196.025,,60.743,47.501,
131296.019,,61.162,48.367,
131396.017,,61.180,48.748,
131496.009,,61.227,47.834,
131596.009,,61.094,46.718,
131696.008,,61.213,45.733,
131796.000,,61.296,45.418,
131895.999,,61.429,47.580,
131995.994,,61.316,47.555,
132095.989,,61.297,47.308,
132195.991,,61.400,47.294,
132295.984,,61.547,47.063,
132395.985,,61.569,46.593,
132495.977,,61.465,46.276,
132595.975,,61.525,45.971,
132695.969,,61.506,45.699,
132795.965,,61.441,45.289,
132895.968,,61.434,45.630,
132995.962,,61.381,48.201,
133095.957,,61.390,48.463,
133195.957,,61.468,47.095,
133295.948,,61.561,46.203,
133395.946,,61.596,47.055,
133495.948,,61.618,48.700,
133595.942,,61.722,48.198,
133695.941,,61.624,46.790,
133795.936,,61.537,45.686,
133895.931,,61.520,45.302,
133995.931,,61.520,46.800,
134095.923,,61.361,46.972,
134195.920,,61.394,47.707,
134295.921,,61.475,48.136,
134395.912,,61.397,48.011,
134495.910,,61.417,47.459,
134595.908,,61.419,48.279,
134695.904,,61.393,47.607,
134795.900,,61.409,46.786,
134895.896,,61.185,46.529,
134995.897,,61.387,46.831,
135095.892,,61.350,46.786,
135195.891,,61.491,46.178,
135295.885,,61.575,45.428,
135395.883,,61.504,45.149,
135495.879,,61.617,45.030,
135595.875,,61.651,45.503,
135695.873,,61.648,46.533,
135795.870,,61.375,46.898,
135895.865,,61.568,47.692,
135995.863,,61.554,47.109,
136095.860,,61.530,47.354,
136195.858,,61.538,47.654,
136295.852,,61.498,46.716,
136395.846,,61.568,46.147,
136495.848,,61.529,46.084,
136595.840,,61.527,46.752,
136695.838,,61.388,48.298,
136795.833,,61.339,49.321,
136895.832,,61.424,48.161,
136995.828,,61.371,46.994,
137095.823,,61.606,46.195,
137195.818,,61.444,45.446,
137295.815,,61.595,44.991,
137395.817,,61.525,44.751,
137495.813,,61.405,44.579,
137595.808,,61.488,44.835,
137695.805,,61.329,45.014,
137795.802,,61.371,45.370,
137895.794,,61.401,45.280,
137995.796,,61.376,45.518,
138095.791,,61.411,48.488,
138195.784,,61.394,50.649,
138295.786,,61.510,49.718,
138395.778,,61.544,47.643,
138495.778,,61.423,46.457,
138595.772,,61.430,45.901,
138695.769,,61.363,45.509,
138795.766,,61.368,48.722,
138895.766,,61.479,52.203,
138995.762,,61.374,53.654,
139095.754,,61.408,51.542,
139195.754,,61.471,50.203,
139295.747,,61.514,48.200,
139395.749,,61.474,46.762,
139495.743,,61.643,46.257,
139595.738,,61.625,45.546,
139695.734,,61.603,45.581,
139795.730,,61.548,49.337,
139895.726,,61.643,53.078,
139995.728,,61.556,52.894,
140095.723,,61.607,51.735,
140195.717,,61.788,49.426,
140295.719,,61.720,47.908,
140395.710,,61.664,46.787,
140495.710,,61.719,45.879,
140595.708,,61.682,45.195,
140695.704,,61.495,45.000,
140795.698,,61.527,45.882,
140895.694,,61.471,48.859,
140995.692,,61.436,50.585,
141095.685,,61.461,51.857,
141195.688,,61.420,51.078,
141295.683,,61.441,50.485,
141395.675,,61.439,48.995,
141495.673,,61.477,47.697,
141595.669,,61.444,47.808,
141695.666,,61.430,46.527,
141795.661,,61.542,45.854,
141895.662,,61.412,45.520,
141995.657,,61.566,45.330,
142095.656,,61.649,45.177,
142195.649,,61.684,45.352,
142295.648,,61.628,45.778,
142395.645,,61.662,45.558,
142495.640,,61.593,46.085,
142595.633,,61.752,47.306,
142695.630,,61.722,49.331,
142795.631,,61.612,50.324,
142895.628,,61.657,48.464,
142995.622,,61.594,47.008,
143095.622,,61.800,46.090,
143195.616,,61.709,45.418,
143295.616,,61.717,45.842,
143395.613,,61.809,47.027,
143495.604,,61.789,47.462,
143595.603,,61.856,46.841,
143695.600,,61.864,45.950,
143795.593,,61.937,45.515,
143895.589,,61.888,45.113,
143995.592,,61.843,44.957,
144095.588,,61.948,45.116,
144195.581,,61.876,45.080,
144295.578,,61.683,45.263,
144395.576,,61.869,46.397,
144495.571,,61.650,46.053,
144595.568,,61.806,46.807,
144695.563,,61.805,46.823,
144795.565,,61.884,47.726,
144895.558,,61.829,47.852,
144995.552,,61.969,47.327,
145095.554,,61.774,47.993,
145195.545,,61.738,47.937,
145295.544,,61.645,46.616,
145395.543,,61.726,45.884,
145495.536,,61.732,45.266,
145595.534,,61.754,45.280,
145695.529,,61.705,45.244,
145795.530,,61.830,45.798,
145895.526,,61.711,47.745,
145995.522,,61.760,50.458,
146095.514,,61.809,50.548,
146195.517,,61.999,50.761,
146295.509,,61.825,51.175,
146395.503,,61.866,50.860,
146495.505,,61.904,48.677,
146595.497,,61.800,47.203,
146695.497,,61.473,46.029,
146795.495,,61.553,45.514,
146895.487,,61.582,45.142,
146995.487,,61.425,44.904,
147095.485,,61.355,45.830,
147195.480,,61.480,46.975,
147295.473,,61.608,47.807,
147395.473,,61.710,47.146,
147495.468,,61.718,47.007,
147595.463,,61.779,46.167,
147695.464,,61.746,45.627,
147795.462,,61.483,45.240,
147895.456,,61.485,45.145,
147995.450,,61.655,45.028,
148095.448,,61.441,45.309,
148195.442,,61.438,47.925,
148295.442,,61.480,47.977,
148395.440,,61.520,46.958,
148495.433,,61.449,47.137,
148595.433,,61.416,47.689,
148695.429,,61.404,48.420,
148795.424,,61.582,47.206,
148895.420,,61.452,45.825,
148995.415,,61.341,45.343,
149095.413,,61.512,45.118,
149195.411,,61.636,44.887,
149295.409,,61.539,45.229,
149395.401,,61.641,45.946,
149495.403,,61.661,45.691,
149595.396,,61.718,45.134,
149695.396,,61.650,44.975,
149795.390,,61.529,45.088,
149895.387,,61.667,45.647,
149995.380,,61.582,46.376,
150095.379,,61.484,47.673,
150195.375,,61.636,50.805,
150295.370,,61.611,50.198,
150395.373,,61.613,48.422,
150495.368,,61.634,47.284,
150595.363,,61.561,46.041,
150695.356,,61.470,45.525,
150795.354,,61.488,44.987,
150895.350,,61.591,44.798,
150995.348,,61.517,44.882,
151095.348,,61.655,45.041,
151195.343,,61.688,45.248,
151295.336,,61.712,45.272,
151395.334,,61.723,46.650,
151495.335,,61.776,48.096,
151595.329,,61.685,46.691,
151695.327,,61.643,46.192,
151795.319,,61.784,46.573,
151895.319,,61.716,46.010,
151995.314,,61.614,46.416,
152095.314,,61.677,47.029,
152195.309,,61.605,46.092,
152295.308,,61.538,45.533,
152395.305,,61.506,45.181,
152495.304,,61.555,44.788,
152595.302,,61.539,44.768,
152695.304,,61.612,45.543,
152795.299,,61.454,45.693,
152895.293,,61.745,45.268,
152995.294,,61.810,44.890,
153095.294,,61.783,44.729,
153195.292,,61.834,44.494,
153295.287,,61.559,44.218,
153395.282,,61.565,46.403,
153495.286,,61.369,49.718,
153595.279,,61.148,52.819,
153695.275,,61.178,54.672,
153795.276,,61.434,55.283,
153895.276,,61.628,54.657,
153995.272,,61.542,53.650,
154095.272,,61.496,53.552,
154195.270,,61.714,54.136,
154295.268,,61.432,52.962,
154395.260,,61.399,53.170,
154495.263,,61.340,52.490,
154595.259,,61.201,52.437,
154695.259,,61.354,55.322,
154795.256,,61.298,56.417,
154895.252,,61.380,55.049,
154995.250,,61.170,52.615,
155095.250,,61.154,50.662,
155195.244,,61.180,50.922,
155295.247,,61.138,54.367,
155395.239,,61.280,55.646,
155495.240,,61.342,56.932,
155595.240,,61.339,56.176,
155695.235,,61.396,54.139,
155795.231,,61.469,53.807,
155895.227,,61.486,51.767,
155995.227,,61.411,52.860,
156095.224,,61.541,53.402,
156195.223,,61.429,52.134,
156295.221,,61.407,52.917,
156395.221,,61.484,55.110,
156495.219,,61.464,54.666,
156595.219,,61.497,52.885,
156695.215,,61.513,51.550,
156795.209,,61.569,51.216,
156895.207,,61.548,49.729,
156995.206,,61.630,49.393,
157095.202,,61.682,50.384,
157195.205,,61.743,50.380,
157295.204,,61.662,50.212,
157395.199,,61.674,51.414,
157495.200,,61.451,52.970,
157595.191,,61.677,52.827,
157695.190,,61.736,52.049,
157795.189,,61.691,51.742,
157895.188,,61.772,51.245,
157995.184,,61.881,51.947,
158095.180,,61.943,53.098,
158195.181,,61.776,52.403,
158295.180,,61.696,53.637,
158395.174,,61.786,51.880,
158495.172,,61.865,52.751,
158595.176,,61.732,53.755,
158695.170,,61.758,52.633,
158795.169,,61.716,51.615,
158895.165,,61.894,49.654,
158995.165,,61.982,48.208,
159095.162,,62.004,47.537,
159195.157,,61.746,47.519,
159295.156,,61.556,48.788,
159395.159,,61.639,48.839,
159495.156,,61.622,51.345,
159595.152,,61.610,51.404,
159695.149,,61.650,50.960,
159795.150,,61.595,49.776,
159895.148,,61.743,50.444,
159995.139,,61.697,50.509,
160095.140,,61.617,49.595,
160195.130,,61.643,49.293,
160295.130,,61.703,48.935,
160395.124,,61.569,48.418,
160495.125,,61.729,48.617,
160595.115,,61.642,47.870,
160695.111,,61.563,48.521,
160795.112,,61.505,49.402,
160895.105,,61.694,50.799,
160995.101,,61.469,49.775,
161095.098,,61.529,50.167,
161195.097,,61.514,51.796,
161295.092,,61.650,51.113,
161395.084,,61.792,51.067,
161495.084,,61.648,50.494,
161595.077,,61.834,48.957,
161695.071,,61.762,48.205,
161795.069,,61.719,48.318,
161895.070,,61.732,48.829,
161995.065,,61.617,49.497,
162095.059,,61.579,50.634,
162195.053,,61.635,49.172,
162295.050,,61.753,48.673,
162395.047,,61.585,48.885,
162495.041,,61.699,49.164,
162595.038,,61.654,49.623,
162695.035,,61.596,50.103,
162795.032,,61.517,50.203,
162895.030,,61.516,48.741,
162995.021,,61.393,47.630,
163095.018,,61.489,46.681,
163195.017,,61.347,46.808,
163295.009,,61.379,48.666,
163395.004,,61.250,49.214,
163495.003,,61.377,51.088,
163595.002,,61.396,51.246,
163694.998,,61.257,49.531,
163794.990,,61.448,49.143,
163894.987,,61.447,49.405,
163994.984,,61.510,50.411,
164094.976,,61.505,50.822,
164194.974,,61.420,50.601,
164294.970,,61.393,51.450,
164394.970,,61.471,50.369,
164494.967,,61.354,49.003,
164594.962,,61.387,47.693,
164694.958,,61.368,48.128,
164794.954,,61.368,49.693,
164894.950,,61.312,48.255,
164994.941,,61.326,47.221,
165094.939,,61.480,46.698,
165194.932,,61.407,47.228,
165294.931,,61.422,46.662,
165394.929,,61.314,46.374,
165494.923,,61.429,47.524,
165594.918,,61.339,47.691,
165694.917,,61.382,47.631,
165794.915,,61.283,47.969,
165894.907,,61.332,47.294,
165994.900,,61.252,46.884,
166094.899,,61.331,48.091,
166194.898,,61.328,47.814,
166294.890,,61.232,49.663,
166394.885,,61.370,49.813,
166494.887,,61.498,49.799,
166594.878,,61.319,50.216,
166694.876,,61.393,48.744,
166794.870,,61.252,48.215,
166894.871,,61.089,49.375,
166994.864,,61.224,49.072,
167094.863,,61.235,47.560,
167194.856,,61.307,47.087,
167294.854,,61.327,46.424,
167394.849,,61.523,46.351,
167494.846,,61.546,45.739,
167594.841,,61.312,45.684,
167694.839,,61.155,48.366,
167794.833,,60.913,50.171,
167894.830,,61.142,49.594,
167994.827,,61.191,49.009,
168094.826,,60.937,49.197,
168194.820,,61.175,48.255,
168294.823,,61.209,48.711,
168394.821,,61.270,48.981,
168494.816,,61.226,49.217,
168594.817,,61.182,48.033,
168694.819,,61.218,47.794,
168794.812,,61.252,47.168,
168894.811,,61.110,47.216,
168994.813,,61.283,47.627,
169094.809,,61.205,48.452,
169194.808,,61.008,48.683,
169294.806,,61.103,48.080,
169394.806,,60.868,49.211,
169494.802,,61.115,50.091,
169594.805,,61.112,49.736,
169694.804,,61.224,48.834,
169794.799,,61.225,48.737,
169894.800,,61.134,48.674,
169994.800,,61.003,47.861,
170094.796,,60.892,46.820,
170194.798,,60.949,47.303,
170294.791,,61.018,48.582,
170394.794,,61.125,48.119,
170494.792,,60.905,48.280,
170594.791,,61.023,46.966,
170694.789,,61.042,46.646,
170794.788,,61.116,46.905,
170894.784,,60.925,48.550,
170994.782,,60.966,49.221,
171094.784,,60.978,49.160,
171194.781,,61.075,49.750,
171294.782,,60.903,48.777,
171394.777,,60.993,48.024,
171494.778,,60.975,49.041,
171594.771,,60.843,49.867,
171694.772,,60.778,48.098,
171794.773,,61.073,47.633,
171894.774,,61.024,47.846,
171994.771,,61.079,48.368,
172094.767,,61.148,49.653,
172194.765,,61.029,52.466,
172294.762,,61.086,51.768,
172394.762,,61.014,50.245,
172494.759,,60.847,50.124,
172594.761,,61.058,48.999,
172694.762,,61.189,49.682,
172794.756,,61.095,50.429,
172894.758,,61.126,49.482,
172994.757,,61.078,47.785,
173094.758,,61.069,47.443,
173194.751,,61.134,47.244,
173294.751,,61.191,46.872,
173394.753,,61.069,46.803,
173494.749,,61.057,46.003,
173594.750,,61.134,46.462,
173694.743,,61.072,48.647,
173794.746,,60.991,49.561,
173894.745,,60.965,50.181,
173994.740,,61.046,49.873,
174094.740,,61.011,49.786,
174194.742,,60.929,48.331,
174294.738,,61.104,47.843,
174394.737,,60.922,48.546,
174494.734,,61.184,48.949,
174594.735,,61.240,47.321,
174694.735,,61.298,46.633,
174794.731,,61.196,46.189,
174894.731,,61.132,47.464,
174994.728,,61.084,49.092,
175094.724,,61.091,48.649,
175194.725,,61.086,47.572,
175294.722,,61.066,47.222,
175394.723,,61.168,47.035,
175494.719,,61.175,47.611,
175594.721,,61.039,49.087,
175694.721,,60.950,48.628,
175794.716,,61.016,48.921,
175894.715,,61.021,50.385,
175994.711,,60.970,49.728,
176094.712,,60.998,49.971,
176194.703,,60.998,49.472,
176294.700,,61.080,49.682,
176394.700,,61.007,48.861,
176494.695,,60.840,49.317,
176594.694,,60.906,52.164,
176694.690,,61.052,52.343,
176794.682,,60.937,53.071,
176894.680,,60.787,53.050,
176994.676,,60.928,50.641,
177094.671,,61.013,48.877,
177194.668,,61.049,48.797,
177294.666,,61.059,48.660,
177394.663,,61.054,48.199,
177494.661,,60.987,47.393,
177594.652,,61.024,47.250,
177694.651,,60.956,47.738,
177794.648,,60.931,48.409,
177894.640,,60.774,48.015,
177994.640,,61.038,47.973,
178094.638,,61.142,48.407,
178194.633,,61.035,47.428,
178294.626,,61.056,46.486,
178394.624,,61.074,46.250,
178494.622,,61.099,46.397,
178594.615,,61.008,47.282,
178694.615,,61.080,47.681,
178794.609,,60.988,48.489,
178894.604,,61.152,47.614,
178994.604,,61.010,47.156,
179094.586,,60.405,47.559,
179194.596,,60.538,47.469,
179294.591,,60.829,48.748,
179394.586,,60.908,48.720,
179494.585,,60.956,48.624,
179594.583,,60.876,50.180,
179694.577,,60.619,48.483,
179794.572,,60.135,46.905,
179894.572,,60.912,46.315,
179994.564,,61.012,45.780,
180094.560,,61.069,45.161,
180194.557,,61.137,45.939,
180294.554,,61.054,47.024,
180394.547,,61.003,47.707,
180494.544,,60.743,47.810,
180594.542,,60.337,46.573,
180694.542,,60.595,45.426,
180794.536,,60.053,44.617,
180894.531,,59.747,44.347,
180994.525,,59.948,44.612,
181094.523,,60.013,45.090,
181194.518,,60.754,45.528,
181294.514,,60.809,45.821,
181394.515,,60.722,47.070,
181494.506,,60.845,49.310,
181594.503,,60.957,49.435,
181694.500,,60.757,48.709,
181794.500,,60.876,47.596,
181894.491,,60.965,47.086,
181994.489,,60.986,48.461,
182094.487,,60.874,50.356,
182194.480,,60.878,49.326,
182294.481,,60.819,50.277,
182394.477,,60.763,49.517,
182494.468,,60.973,48.189,
182594.466,,60.746,46.742,
182694.465,,60.723,46.375,
182794.461,,60.796,46.040,
182894.455,,60.849,47.053,
182994.452,,60.749,46.478,
183094.446,,60.783,46.233,
183194.447,,60.848,48.439,
183294.443,,60.784,50.238,
183394.434,,60.847,51.418,
183494.435,,60.682,51.943,
183594.432,,60.429,50.146,
183694.425,,60.440,48.550,
183794.421,,60.557,47.327,
183894.419,,60.513,47.206,
183994.417,,60.538,47.616,
184094.417,,60.460,48.789,
184194.409,,60.451,47.723,
184294.407,,60.592,46.854,
184394.408,,60.668,46.227,
184494.401,,60.499,47.392,
184594.401,,60.493,48.499,
184694.401,,60.478,47.777,
184794.395,,60.642,46.813,
184894.394,,60.583,45.890,
184994.388,,60.610,45.642,
185094.386,,60.718,45.929,
185194.383,,60.662,47.243,
185294.380,,60.646,48.251,
185394.382,,60.593,48.533,
185494.378,,60.742,49.241,
185594.374,,60.746,52.455,
185694.374,,60.978,52.624,
185794.372,,60.900,51.682,
185894.366,,60.848,51.929,
185994.364,,60.664,50.603,
186094.362,,60.526,49.637,
186194.360,,60.653,48.861,
186294.358,,60.772,49.391,
186394.352,,60.732,48.881,
186494.350,,60.767,47.430,
186594.350,,60.787,47.278,
186694.346,,60.732,48.094,
186794.344,,60.686,48.821,
186894.337,,60.815,48.570,
186994.337,,60.906,47.647,
187094.332,,60.944,48.197,
187194.329,,61.054,49.870,
187294.332,,61.122,50.604,
187394.330,,61.023,49.688,
187494.322,,61.047,48.744,
187594.325,,60.973,47.719,
187694.318,,60.900,47.505,
187794.317,,60.896,51.634,
187894.317,,61.082,50.759,
187994.312,,61.024,49.738,
188094.306,,60.983,49.461,
188194.308,,60.983,48.408,
188294.306,,61.064,48.825,
188394.299,,60.869,47.615,
188494.300,,60.897,49.216,
188594.298,,60.887,50.820,
188694.291,,61.093,52.163,
188794.293,,61.044,55.583,
188894.290,,61.016,55.095,
188994.285,,60.743,52.798,
189094.280,,60.684,50.032,
189194.282,,60.918,49.628,
189294.277,,60.760,49.613,
189394.272,,60.799,48.291,
189494.270,,60.903,47.783,
189594.271,,61.019,49.677,
189694.270,,61.026,53.894,
189794.262,,60.898,53.768,
189894.264,,60.971,51.950,
189994.261,,61.037,51.332,
190094.254,,60.894,50.874,
190194.256,,60.856,49.912,
190294.253,,60.797,48.177,
190394.246,,60.928,47.813,
190494.247,,60.906,46.965,
190594.242,,60.860,47.915,
190694.244,,61.033,49.840,
190794.237,,60.831,50.982,
190894.239,,60.803,49.960,
190994.232,,60.930,50.528,
191094.234,,61.071,49.512,
191194.230,,60.917,48.794,
191294.223,,60.928,50.783,
191394.225,,60.979,50.291,
191494.217,,61.073,49.990,
191594.215,,61.043,49.329,
191694.213,,61.051,48.281,
191794.215,,61.030,46.952,
191894.208,,60.954,46.541,
191994.205,,60.900,46.814,
192094.207,,61.116,46.885,
192194.205,,60.943,47.027,
192294.198,,60.948,47.499,
192394.195,,61.053,48.238,
192494.196,,61.104,47.500,
192594.194,,60.911,48.595,
192694.191,,60.955,48.839,
192794.189,,60.942,48.475,
192894.183,,60.990,49.234,
192994.180,,60.900,48.175,
193094.175,,60.805,48.212,
193194.177,,60.961,47.268,
193294.172,,61.147,46.388,
193394.168,,61.155,46.162,
193494.170,,60.974,46.691,
193594.168,,60.965,46.077,
193694.165,,60.956,46.031,
193794.156,,60.880,47.137,
193894.157,,60.888,47.598,
193994.151,,60.919,48.352,
194094.149,,60.805,49.050,
194194.150,,60.848,50.314,
194294.144,,61.103,52.425,
194394.140,,60.894,52.868,
194494.140,,60.955,52.129,
194594.138,,60.909,54.505,
194694.136,,60.892,56.161,
194794.130,,61.135,56.508,
194894.128,,60.886,54.220,
194994.130,,61.022,50.734,
195094.128,,60.835,48.442,
195194.123,,60.520,48.548,
195294.119,,60.376,48.889,
195394.117,,60.330,48.264,
195494.113,,60.222,48.742,
195594.108,,60.487,48.993,
195694.109,,60.834,48.652,
195794.105,,60.872,49.278,
195894.104,,60.820,47.620,
195994.097,,61.019,47.081,
196094.100,,60.858,48.216,
196194.094,,60.709,48.711,
196294.093,,60.902,49.335,
196394.093,,60.759,51.776,
196494.087,,60.928,52.402,
196594.083,,61.042,51.244,
196694.083,,60.769,50.302,
196794.082,,60.874,49.146,
196894.079,,60.791,52.408,
196994.071,,60.761,53.898,
197094.073,,60.648,54.462,
197194.070,,60.516,52.368,
197294.068,,60.658,52.684,
197394.060,,60.588,50.000,
197494.061,,60.403,49.365,
197594.056,,60.719,47.880,
197694.059,,60.697,47.762,
197794.055,,60.610,47.518,
197894.052,,60.626,47.176,
197994.045,,60.467,48.451,
198094.045,,60.491,48.631,
198194.039,,60.672,48.568,
198294.037,,60.479,48.355,
198394.036,,60.810,47.984,
198494.031,,60.702,48.921,
198594.033,,60.500,48.374,
198694.027,,60.551,47.413,
198794.027,,60.543,46.678,
198894.024,,60.412,46.197,
198994.023,,60.675,45.837,
199094.017,,60.582,46.701,
199194.014,,60.516,46.393,
199294.013,,60.535,47.395,
199394.012,,60.655,49.309,
199494.006,,60.404,49.968,
199594.003,,60.658,49.412,
199694.002,,60.474,48.178,
199793.997,,60.760,47.357,
199893.994,,60.812,49.274,
199993.993,,60.360,48.654,
200093.990,,60.555,48.802,
200193.986,,60.405,49.360,
200293.979,,60.399,47.321,
200393.977,,60.681,46.157,
200493.972,,60.722,46.403,
200593.969,,60.696,48.332,
200693.966,,60.802,47.711,
200793.959,,60.664,48.445,
200893.960,,60.540,49.753,
200993.957,,60.592,49.508,
201093.951,,60.646,48.319,
201193.946,,60.664,47.604,
201293.941,,60.965,47.007,
201393.941,,60.911,46.646,
201493.937,,60.837,47.991,
201593.934,,60.813,48.556,
201693.930,,60.700,49.773,
201793.922,,60.901,49.404,
201893.920,,60.843,49.376,
201993.915,,60.861,47.722,
202093.914,,60.973,46.232,
202193.909,,60.347,46.160,
202293.906,,60.443,45.926,
202393.897,,60.449,46.068,
202493.897,,60.435,46.251,
202593.893,,60.570,46.665,
202693.888,,60.320,47.908,
202793.887,,60.456,46.889,
202893.879,,60.470,45.911,
202993.878,,60.692,46.223,
203093.876,,60.748,46.891,
203193.868,,60.573,47.365,
203293.867,,60.621,47.545,
203393.860,,60.572,48.866,
203493.861,,60.722,48.479,
203593.852,,60.614,47.017,
203693.847,,60.786,46.395,
203793.849,,60.792,47.970,
203893.843,,60.753,48.145,
203993.838,,60.676,48.172,
204093.834,,60.697,47.914,
204193.834,,60.620,48.710,
204293.824,,60.646,48.721,
204393.822,,60.693,47.833,
204493.821,,60.781,47.186,
204593.819,,60.604,48.107,
204693.809,,60.458,49.177,
204793.805,,60.643,51.528,
204893.803,,60.419,49.992,
204993.802,,60.551,49.447,
205093.800,,60.675,48.354,
205193.792,,60.697,48.569,
205293.791,,60.658,48.707,
205393.787,,60.773,48.574,
205493.778,,60.761,47.625,
205593.774,,60.814,48.815,
205693.775,,60.408,48.047,
205793.769,,60.465,48.252,
205893.769,,60.579,49.244,
205993.763,,60.620,49.440,
206093.758,,60.403,50.079,
206193.757,,60.286,51.096,
206293.748,,60.427,50.330,
206393.745,,60.466,50.117,
206493.742,,60.242,50.083,
206593.738,,60.251,48.663,
206693.736,,60.396,48.860,
206793.729,,60.333,48.152,
206893.724,,60.455,47.587,
206993.722,,60.486,47.720,
207093.721,,60.364,46.727,
207193.714,,60.528,46.558,
207293.711,,60.569,47.997,
207393.705,,60.475,48.923,
207493.704,,60.179,47.375,
207593.698,,60.318,48.450,
207693.697,,59.869,48.107,
207793.695,,60.043,49.191,
207893.691,,60.235,49.169,
207993.688,,60.220,48.786,
208093.682,,60.077,48.893,
208193.678,,60.278,50.897,
208293.674,,60.139,49.446,
208393.676,,60.158,48.049,
208493.667,,60.228,47.097,
208593.668,,59.980,48.414,
208693.663,,60.380,50.592,
208793.662,,59.824,48.990,
208893.658,,60.267,49.764,
208993.656,,59.822,51.562,
209093.651,,59.858,51.097,
209193.651,,60.133,50.937,
209293.647,,59.481,51.537,
209393.643,,59.958,51.984,
209493.643,,59.467,51.830,
209593.637,,59.226,49.122,
209693.634,,59.828,48.982,
209793.634,,59.442,52.156,
209893.630,,59.645,50.494,
209993.623,,59.527,48.755,
210093.626,,59.019,46.975,
210193.621,,59.429,47.432,
210293.614,,58.830,48.076,
210393.613,,58.964,47.387,
210493.612,,59.294,46.264,
210593.609,,58.799,45.062,
210693.602,,58.778,43.959,
210793.604,,58.996,43.532,
210893.601,,58.635,43.655,
210993.595,,58.838,43.367,
211093.593,,59.775,43.780,
211193.589,,60.019,43.856,
211293.586,,59.644,43.800,
211393.587,,59.112,45.353,
211493.579,,60.184,46.780,
211593.578,,59.651,46.631,
211693.573,,60.332,46.865,
211793.572,,60.427,46.651,
211893.572,,60.444,47.052,
211993.566,,60.480,46.456,
212093.566,,60.488,46.866,
212193.562,,60.256,47.467,
212293.557,,60.219,46.658,
212393.557,,60.334,46.903,
212493.549,,60.164,47.919,
212593.551,,60.218,47.947,
212693.548,,60.172,48.521,
212793.544,,60.336,47.464,
212893.538,Input1*2*0,60.235,48.084,
212993.534,Input1*2*1,60.452,48.118,
213093.537,,60.637,49.493,
213193.530,,60.533,50.843,
213293.529,,60.487,51.373,
213393.525,,60.491,49.026,
213493.520,,60.460,47.265,
213593.520,,60.444,46.173,
213693.515,,60.525,45.385,
213793.513,,60.481,46.021,
213893.508,,60.448,47.901,
213993.506,,60.420,48.601,
214093.504,,60.338,47.675,
214193.499,,60.358,46.599,
214293.497,,60.499,46.178,
214393.494,,60.254,46.342,
214493.491,,60.479,46.168,
214593.487,,60.325,47.640,
214693.484,,60.341,48.546,
214793.482,,60.406,47.969,
214893.484,,60.511,48.624,
214993.476,,60.363,49.550,
215093.476,,60.003,48.162,
215193.471,,60.489,47.593,
215293.470,,60.276,49.337,
215393.463,,60.311,50.542,
215493.465,,60.260,49.966,
215593.462,,60.272,47.927,
215693.459,,60.344,46.954,
215793.457,,60.357,46.613,
215893.449,,60.218,45.517,
215993.451,,59.622,45.007,
216093.443,,59.646,44.398,
216193.445,,60.104,45.185,
216293.441,,59.606,47.577,
216393.434,,59.272,48.859,
216493.432,,60.018,48.311,
216593.430,,59.790,47.323,
216693.428,,59.558,47.089,
216793.426,,59.913,47.091,
216893.423,,59.743,46.915,
216993.422,,59.829,45.742,
217093.416,,60.292,45.127,
217193.414,,60.285,44.845,
217293.412,,60.407,44.500,
217393.409,,60.200,44.056,
217493.409,,60.052,45.528,
217593.404,,60.161,46.725,
217693.402,,60.187,47.138,
217793.397,,60.224,47.754,
217893.391,,60.302,47.886,
217993.389,,60.363,47.286,
218093.389,,60.078,46.919,
218193.384,,60.293,47.392,
218293.381,,60.373,48.639,
218393.384,,60.212,50.314,
218493.379,,60.410,49.589,
218593.376,,60.352,50.840,
218693.372,,60.500,48.732,
218793.371,,60.524,47.053,
218893.368,,60.522,46.467,
218993.361,,60.601,48.360,
219093.362,,60.674,49.371,
219193.360,,60.400,48.887,
219293.352,,60.481,48.723,
219393.350,,60.273,47.949,
219493.347,,60.362,49.045,
219593.344,,60.262,49.895,
219693.342,,60.345,51.179,
219793.338,,60.405,48.999,
219893.339,,60.528,49.185,
219993.338,,60.185,48.102,
220093.329,,60.237,46.473,
220193.330,,60.303,45.618,
220293.323,,59.978,46.634,
220393.325,,59.891,46.876,
220493.319,,60.221,48.792,
220593.317,,60.166,50.776,
220693.318,,60.079,52.459,
220793.315,,59.979,53.172,
220893.312,,60.169,51.430,
220993.306,,59.802,50.593,
221093.306,,59.842,50.463,
221193.298,,60.007,49.473,
221293.295,,59.734,47.392,
221393.296,,59.835,47.907,
221493.291,,59.508,46.964,
221593.292,,59.296,46.190,
221693.284,,59.648,46.281,
221793.281,,59.066,47.481,
221893.284,,59.177,49.316,
221993.280,,58.869,48.257,
222093.273,,58.803,48.313,
222193.274,,58.878,48.731,
222293.272,,59.217,48.196,
222393.265,,58.830,47.269,
222493.265,,59.420,45.892,
222593.262,,59.504,45.212,
222693.262,,58.712,44.121,
222793.255,,59.381,45.003,
222893.256,,58.838,45.285,
222993.253,,58.875,44.718,
223093.251,,59.065,45.602,
223193.245,,59.098,45.630,
223293.243,,59.958,46.238,
223393.242,,60.161,45.358,
223493.237,,59.742,44.487,
223593.231,,59.096,43.693,
223693.229,,58.788,45.176,
223793.228,,58.741,45.529,
223893.228,,59.151,45.432,
223993.218,,59.128,45.556,
224093.212,,60.115,45.586,
224193.207,,60.271,45.883,
224293.206,,60.330,46.549,
224393.197,,60.373,47.800,
224493.199,,60.422,47.061,
224593.189,,60.272,47.049,
224693.185,,60.210,48.215,
224793.179,,60.409,49.314,
224893.179,,60.267,51.022,
224993.169,,60.338,50.332,
225093.169,,60.200,49.108,
225193.165,,60.124,47.915,
225293.155,,60.220,47.695,
225393.151,,60.425,47.309,
225493.147,,60.329,46.774,
225593.144,,60.435,47.479,
225693.140,,60.380,49.044,
225793.131,,60.431,51.443,
225893.127,,60.292,50.508,
225993.120,,60.442,49.429,
226093.118,,60.490,47.511,
226193.110,,60.619,47.743,
226293.109,,60.371,47.674,
226393.107,,60.311,49.157,
226493.097,,60.406,48.353,
226593.094,,60.346,47.590,
226693.091,,60.385,48.544,
226793.084,,60.464,48.910,
226893.077,,60.403,48.957,
226993.076,,60.240,48.016,
227093.072,,60.390,47.093,
227193.068,,60.475,47.689,
227293.058,,60.176,48.747,
227393.059,,60.523,50.912,
227493.048,,60.360,50.151,
227593.047,,60.377,50.607,
227693.043,,60.258,52.336,
227793.035,,60.322,52.624,
227893.028,,60.072,53.184,
227993.025,,60.181,52.146,
228093.022,,59.993,51.336,
228193.016,,60.123,49.531,
228293.011,,60.008,48.891,
228393.007,,60.164,47.068,
228493.002,,59.875,47.692,
228592.999,,59.938,49.414,
228692.993,,59.874,51.088,
228792.988,,60.076,50.875,
228892.983,,60.037,50.014,
228992.981,,59.983,47.928,
229092.974,,60.000,46.568,
229192.971,,60.073,45.783,
229292.964,,60.164,45.760,
229392.961,,59.887,46.578,
229492.953,,60.088,46.519,
229592.945,,60.250,46.410,
229692.943,,60.131,46.945,
229792.940,,60.081,47.661,
229892.937,,60.084,50.942,
229992.931,,60.254,52.617,
230092.926,,60.160,51.188,
230192.921,,60.300,50.473,
230292.916,,60.280,49.116,
230392.909,,60.182,48.396,
230492.903,,60.183,47.231,
230592.899,,60.462,46.383,
230692.897,,60.260,46.703,
230792.887,,60.339,47.010,
230892.887,,60.266,48.967,
230992.877,,60.178,48.788,
231092.878,,60.306,48.893,
231192.873,,60.313,48.124,
231292.868,,60.426,48.821,
231392.861,,60.288,47.454,
231492.858,,60.319,48.454,
231592.852,,59.903,48.957,
231692.843,,60.136,48.466,
231792.842,,60.178,47.356,
231892.835,,60.048,46.492,
231992.835,,60.094,45.467,
232092.828,,60.182,46.048,
232192.829,,60.242,47.441,
232292.827,,60.393,48.641,
232392.824,,60.393,47.478,
232492.824,,60.297,46.167,
232592.818,,60.395,45.691,
232692.817,,60.450,46.070,
232792.810,,60.312,45.394,
232892.808,,60.201,45.120,
232992.809,,60.333,45.607,
233092.804,,60.436,45.479,
233192.803,,60.417,46.936,
233292.797,,60.497,46.833,
233392.798,,60.384,48.033,
233492.794,,60.300,49.569,
233592.791,,60.316,50.337,
233692.787,,60.245,50.365,
233792.785,,60.113,50.251,
233892.785,,60.076,48.895,
233992.783,,60.008,49.004,
234092.778,,60.073,48.925,
234192.777,,60.276,48.227,
234292.775,,60.361,46.604,
234392.771,,60.433,46.769,
234492.774,,60.342,48.087,
234592.770,,60.249,47.353,
234692.766,,59.882,46.272,
234792.764,,59.846,46.080,
234892.758,,60.107,45.647,
234992.755,,60.086,45.633,
235092.755,,60.115,46.233,
235192.749,,59.539,46.379,
235292.749,,59.528,47.282,
235392.745,,59.651,48.450,
235492.742,,59.742,49.320,
235592.743,,59.743,49.197,
235692.739,,59.721,47.665,
235792.735,,59.967,47.733,
235892.735,,59.929,47.739,
235992.730,,60.227,48.035,
236092.730,,60.172,48.362,
236192.728,,60.189,48.662,
236292.727,,60.101,48.669,
236392.726,,60.192,47.072,
236492.719,,60.099,49.910,
236592.715,,60.193,53.881,
236692.717,,60.255,52.983,
236792.711,,60.097,51.627,
236892.709,,60.221,50.726,
236992.706,,60.191,49.149,
237092.706,,60.165,48.117,
237192.701,,60.086,46.752,
237292.697,,59.988,47.070,
237392.697,,60.030,48.057,
237492.694,,60.132,47.396,
237592.693,,60.122,45.775,
237692.691,,60.211,45.009,
237792.690,,60.113,44.827,
237892.689,,60.032,45.933,
237992.683,,59.919,47.301,
238092.682,,59.664,47.573,
238192.676,,59.662,46.467,
238292.675,,59.781,45.722,
238392.673,,59.774,44.912,
238492.669,,59.970,44.834,
238592.667,,59.978,45.230,
238692.669,,60.204,44.842,
238792.660,,60.377,45.229,
238892.663,,60.422,44.958,
238992.659,,60.439,45.423,
239092.654,,60.409,46.030,
239192.652,,60.382,47.140,
239292.648,,60.310,46.001,
239392.651,,60.352,45.961,
239492.649,,60.204,45.952,
239592.640,,60.178,46.262,
239692.642,,60.265,45.871,
239792.639,,60.048,46.717,
239892.635,,60.211,46.493,
239992.636,,60.107,46.132,
240092.634,,60.162,46.384,
240192.630,,60.196,46.955,
240292.624,,60.318,46.606,
240392.624,,60.265,46.072,
240492.621,,60.158,45.298,
240592.622,,60.132,45.446,
240692.617,,60.159,46.483,
240792.611,,60.199,46.354,
240892.609,,60.262,45.663,
240992.608,,59.949,45.917,
241092.609,,60.117,46.398,
241192.602,,60.180,47.111,
241292.599,,60.053,46.634,
241392.595,,59.997,47.045,
241492.598,,59.924,48.092,
241592.596,,60.064,48.847,
241692.589,,59.932,47.283,
241792.586,,59.978,45.762,
241892.587,,59.835,45.836,
241992.581,,60.076,46.352,
242092.581,,60.031,46.723,
242192.578,,60.049,46.791,
242292.575,,59.855,46.526,
242392.576,,60.082,48.915,
242492.572,,59.987,49.796,
242592.566,,60.166,50.614,
242692.570,,60.016,48.648,
242792.565,,60.010,48.075,
242892.561,,60.129,46.413,
242992.561,,59.949,45.269,
243092.554,,60.073,44.889,
243192.551,,59.973,45.185,
243292.551,,60.009,45.627,
243392.551,,60.005,45.182,
243492.547,,60.071,46.249,
243592.544,,59.986,45.742,
243692.541,,60.020,46.899,
243792.542,,60.131,46.906,
243892.534,,60.262,45.767,
243992.533,,60.225,45.079,
244092.530,,60.178,46.071,
244192.528,,60.019,48.245,
244292.525,,60.114,49.914,
244392.521,,60.083,49.044,
244492.520,,60.099,49.032,
244592.517,,60.122,47.905,
244692.515,,60.076,46.686,
244792.511,,60.063,46.279,
244892.511,,59.981,45.686,
244992.511,,60.083,45.896,
245092.507,,60.035,46.506,
245192.504,,60.064,46.724,
245292.502,,60.078,47.280,
245392.500,,60.148,48.454,
245492.494,,60.107,48.127,
245592.494,,60.184,47.893,
245692.490,,60.124,47.567,
245792.489,,60.143,47.361,
245892.485,,60.183,47.336,
245992.486,,60.173,46.504,
246092.483,,60.109,46.433,
246192.476,,60.209,47.238,
246292.474,,60.155,48.791,
246392.474,,60.201,48.061,
246492.474,,60.177,47.228,
246592.467,,60.319,46.192,
246692.469,,60.168,46.011,
246792.462,,60.070,45.189,
246892.462,,60.166,44.858,
246992.463,,60.131,44.889,
247092.457,,59.935,44.900,
247192.458,,60.001,44.900,
247292.450,,59.991,45.013,
247392.451,,59.968,45.751,
247492.450,,60.065,46.608,
247592.442,,60.002,47.026,
247692.440,,59.945,46.726,
247792.437,,60.043,47.144,
247892.437,,60.168,46.790,
247992.433,,60.457,45.877,
248092.433,,60.453,45.224,
248192.431,,60.590,44.974,
248292.426,,60.606,44.616,
248392.429,,60.606,44.577,
248492.426,,60.644,44.239,
248592.421,,60.736,44.274,
248692.419,,60.694,44.762,
248792.413,,60.591,45.527,
248892.414,,60.528,46.217,
248992.415,,60.440,46.216,
249092.411,,60.401,46.153,
249192.409,,60.233,47.508,
249292.402,,60.312,48.695,
249392.405,,60.172,47.898,
249492.397,,60.261,47.959,
249592.398,,60.256,49.545,
249692.394,,60.384,49.354,
249792.396,,60.282,49.180,
249892.389,,60.410,49.454,
249992.390,,60.579,49.306,
250092.385,,60.408,49.343,
250192.385,,60.360,49.826,
250292.381,,60.387,48.842,
250392.377,,60.396,49.279,
250492.377,,60.202,48.549,
250592.376,,60.252,46.948,
250692.373,,60.181,46.948,
250792.370,,60.304,46.094,
250892.370,,60.251,46.219,
250992.365,,60.311,45.920,
251092.364,,60.260,46.017,
251192.365,,60.293,46.718,
251292.360,,60.244,46.843,
251392.354,,60.271,47.036,
251492.353,,60.229,49.131,
251592.351,,60.305,50.012,
251692.346,,60.335,49.873,
251792.347,,60.362,48.716,
251892.344,,60.478,48.733,
251992.342,,60.371,47.237,
252092.342,,60.477,48.126,
252192.341,,60.406,46.915,
252292.334,,60.579,46.067,
252392.333,,60.354,46.838,
252492.332,,60.404,47.986,
252592.326,,60.316,48.870,
252692.326,,60.305,49.624,
252792.323,,60.372,48.738,
252892.323,,60.303,47.622,
252992.317,,60.148,47.303,
253092.315,,60.147,47.639,
253192.318,,60.297,46.278,
253292.316,,60.110,46.233,
253392.309,,60.256,46.886,
253492.305,,60.366,46.731,
253592.303,,60.300,45.456,
253692.305,,60.447,45.166,
253792.304,,60.378,46.527,
253892.299,,60.380,46.998,
253992.296,,60.250,46.714,
254092.293,,60.458,46.360,
254192.295,,60.286,45.967,
254292.289,,60.243,45.182,
254392.289,,60.279,44.454,
254492.282,,60.371,43.924,
254592.280,,60.405,44.145,
254692.282,,60.382,44.583,
254792.280,,60.365,45.863,
254892.277,,60.327,46.522,
254992.270,,60.352,47.680,
255092.268,,60.315,49.236,
255192.266,,60.237,48.291,
255292.269,,60.194,48.083,
255392.265,,60.251,47.035,
255492.262,,60.230,45.796,
255592.261,,60.227,46.028,
255692.256,,60.235,46.900,
255792.254,,60.119,46.670,
255892.256,,59.969,45.537,
255992.247,,60.041,45.695,
256092.244,,59.983,46.473,
256192.242,,59.970,47.068,
256292.240,,59.922,46.997,
256392.234,,60.052,47.224,
256492.230,,60.159,47.965,
256592.224,,60.038,48.462,
256692.221,,60.096,46.891,
256792.222,,59.925,45.806,
256892.217,,60.068,45.107,
256992.211,,60.085,45.193,
257092.205,,60.101,45.523,
257192.203,,60.208,45.966,
257292.202,,60.336,45.998,
257392.197,,60.370,45.977,
257492.194,,60.346,45.808,
257592.188,,60.440,45.958,
257692.187,,60.399,46.463,
257792.181,,60.250,46.518,
257892.179,,60.232,45.629,
257992.175,,60.043,44.482,
258092.174,,60.242,44.539,
258192.167,,60.278,45.700,
258292.165,,60.284,46.390,
258392.160,,60.427,46.304,
258492.158,,60.473,46.860,
258592.152,,60.409,47.483,
258692.148,,60.415,47.171,
258792.145,,60.440,46.776,
258892.143,,60.276,46.695,
258992.135,,60.344,46.092,
259092.135,,60.337,45.098,
259192.130,,60.265,44.883,
259292.128,,60.379,44.745,
259392.126,,60.260,44.760,
259492.121,,60.301,46.357,
259592.117,,60.315,47.782,
259692.115,,60.270,46.444,
259792.107,,60.146,45.110,
259892.105,,60.220,44.518,
259992.103,,60.288,44.711,
260092.100,,60.259,45.701,
260192.091,,60.265,46.816,
260292.093,,60.267,47.685,
260392.088,,60.075,46.881,
260492.079,,60.054,46.278,
260592.075,,60.066,46.118,
260692.072,,59.954,46.480,
260792.074,,60.076,46.310,
260892.068,,60.041,46.936,
260992.061,,59.980,46.835,
261092.063,,60.034,45.587,
261192.057,,60.024,45.321,
261292.052,,60.137,45.755,
261392.046,,60.174,46.450,
261492.042,,59.938,46.578,
261592.042,,59.919,46.100,
261692.035,,59.980,45.354,
261792.031,,59.989,45.082,
261892.032,,59.916,45.354,
261992.028,,60.113,46.361,
262092.025,,59.925,47.306,
262192.019,,60.053,47.418,
262292.017,,59.911,46.336,
262392.009,,59.998,46.474,
262492.009,,60.160,46.283,
262592.006,,59.959,45.800,
262692.002,,60.002,47.177,
262791.998,,59.947,47.999,
262891.991,,59.998,47.853,
262991.987,,60.056,47.807,
263091.987,,59.915,46.878,
263191.981,,59.956,46.943,
263291.976,,60.084,46.829,
263391.974,,59.982,46.201,
263491.970,,59.937,45.680,
263591.969,,59.983,45.342,
263691.960,,60.120,45.665,
263791.955,,59.906,45.882,
263891.955,,59.928,46.748,
263991.953,,60.199,45.533,
264091.946,,60.175,44.934,
264191.947,,60.186,46.149,
264291.944,,60.173,46.229,
264391.936,,60.135,47.272,
264491.934,,60.153,47.651,
264591.933,,60.226,47.853,
264691.927,,60.150,47.757,
264791.923,,60.203,46.357,
264891.922,,60.079,45.704,
264991.918,,60.096,46.256,
265091.913,,59.660,47.102,
265191.907,,60.191,46.238,
265291.906,,60.295,45.164,
265391.902,,60.278,46.086,
265491.902,,60.146,46.844,
265591.895,,60.134,47.099,
265691.890,,60.095,48.302,
265791.887,,60.172,47.855,
265891.886,,60.248,47.910,
265991.881,,59.996,47.951,
266091.881,,60.158,47.225,
266191.873,,60.173,46.198,
266291.870,,60.027,46.263,
266391.872,,60.099,45.637,
266491.868,,60.137,45.245,
266591.865,,60.090,46.038,
266691.857,,60.104,46.341,
266791.855,,60.201,46.860,
266891.853,,60.215,46.696,
266991.848,,60.211,47.539,
267091.847,,60.311,46.415,
267191.839,,60.238,45.387,
267291.840,,60.471,45.547,
267391.832,,60.483,46.245,
267491.832,,60.536,47.439,
267591.825,,60.510,49.549,
267691.828,,60.502,48.634,
267791.822,,60.354,46.578,
267891.815,,60.289,45.481,
267991.811,,60.262,45.089,
268091.808,,60.292,45.114,
268191.808,,60.365,45.399,
268291.801,,60.368,46.779,
268391.802,,60.364,47.691,
268491.800,,60.273,48.475,
268591.793,,60.330,48.205,
268691.791,,60.289,46.420,
268791.785,,60.302,45.366,
268891.787,,60.384,45.646,
268991.781,,60.504,45.415,
269091.773,,60.365,44.898,
269191.776,,60.268,45.938,
269291.769,,60.424,47.724,
269391.767,,60.211,47.860,
269491.763,,60.063,47.069,
269591.759,,60.126,47.258,
269691.758,,60.122,47.058,
269791.755,,60.174,47.439,
269891.746,,60.210,47.786,
269991.748,,60.154,46.964,
270091.745,,60.131,49.003,
270191.736,,60.264,49.417,
270291.736,,60.228,48.460,
270391.733,,60.102,47.620,
270491.731,,60.043,46.490,
270591.724,,60.056,45.323,
270691.721,,60.071,45.001,
270791.719,,59.998,45.456,
270891.714,,59.897,45.203,
270991.709,,60.147,45.065,
271091.706,,60.178,45.729,
271191.708,,60.111,46.533,
271291.698,,60.012,46.757,
271391.696,,60.083,46.172,
271491.694,,60.023,45.294,
271591.688,,60.097,46.201,
271691.684,,60.079,47.367,
271791.686,,60.113,48.733,
271891.677,,60.100,49.131,
271991.679,,60.182,49.770,
272091.678,,60.304,49.329,
272191.669,,60.254,48.663,
272291.670,,60.201,47.414,
272391.667,,60.126,47.648,
272491.666,,60.046,46.350,
272591.658,,60.040,45.876,
272691.661,,60.043,45.569,
272791.652,,60.098,45.347,
272891.656,,59.844,46.494,
272991.653,,59.920,46.909,
273091.651,,59.878,45.890,
273191.645,,59.861,45.030,
273291.642,,59.907,45.819,
273391.642,,59.930,47.916,
273491.635,,59.706,50.398,
273591.637,,59.825,49.880,
273691.628,,60.020,48.261,
273791.625,,59.961,47.504,
273891.627,,59.866,47.163,
273991.619,,59.808,47.772,
274091.620,,59.925,47.505,
274191.615,,59.946,46.628,
274291.615,,59.856,46.848,
274391.614,,59.794,47.139,
274491.612,,59.700,46.036,
274591.606,,59.758,45.121,
274691.606,,59.784,44.170,
274791.598,,59.789,44.012,
274891.600,,59.959,44.218,
274991.593,,60.181,45.060,
275091.590,,60.125,46.008,
275191.588,,59.863,47.575,
275291.586,,59.972,48.281,
275391.582,,59.871,47.459,
275491.582,,59.868,46.744,
275591.577,,59.894,46.794,
275691.577,,59.991,45.987,
275791.575,,59.985,45.682,
275891.567,,60.075,45.942,
275991.570,,60.040,45.616,
276091.568,,59.948,45.286,
276191.564,,59.979,45.354,
276291.558,,60.007,44.760,
276391.554,,59.937,44.918,
276491.555,,59.908,45.465,
276591.551,,59.988,45.449,
276691.551,,59.945,46.064,
276791.545,,59.868,46.015,
276891.544,,59.972,45.647,
276991.538,,60.063,46.617,
277091.541,,60.048,46.914,
277191.533,,59.971,45.585,
277291.530,,60.310,46.160,
277391.528,,60.300,48.265,
277491.526,,60.168,47.863,
277591.526,,60.042,47.592,
277691.524,,59.992,46.392,
277791.519,,59.957,45.136,
277891.518,,60.170,44.677,
277991.514,,60.137,44.194,
278091.512,,60.041,44.069,
278191.505,,60.182,44.222,
278291.506,,60.321,44.643,
278391.505,,60.226,45.889,
278491.499,,60.088,47.127,
278591.496,,60.110,47.468,
278691.497,,60.053,48.240,
278791.488,,60.154,46.682,
278891.489,,60.119,46.667,
278991.488,,60.115,46.052,
279091.486,,60.248,45.432,
279191.480,,60.299,45.194,
279291.481,,60.226,44.301,
279391.479,,60.086,43.833,
279491.469,,60.063,44.413,
279591.473,,60.135,47.201,
279691.467,,60.003,48.545,
279791.468,,60.090,47.293,
279891.460,,60.216,47.132,
279991.459,,60.265,47.295,
280091.459,,60.275,46.342,
280191.454,,60.267,47.441,
280291.449,,60.333,47.392,
280391.449,,60.131,46.638,
280491.448,,60.084,46.097,
280591.443,,60.170,46.081,
280691.442,,60.252,46.458,
280791.435,,60.142,46.486,
280891.435,,60.271,46.495,
280991.432,,60.158,46.444,
281091.430,,60.189,45.607,
281191.426,,60.085,45.932,
281291.422,,60.090,45.829,
281391.421,,60.104,45.035,
281491.414,,60.114,44.557,
281591.413,,60.204,44.654,
281691.409,,60.136,46.491,
281791.406,,59.982,46.185,
281891.404,,60.033,45.886,
281991.404,,59.884,45.993,
282091.399,,59.898,46.550,
282191.396,,60.010,47.469,
282291.395,,59.784,46.208,
282391.391,,60.015,45.006,
282491.390,,60.080,44.344,
282591.389,,60.164,43.992,
282691.383,,60.224,45.131,
282791.380,,60.299,47.490,
282891.380,,60.199,47.536,
282991.375,,60.228,46.861,
283091.372,,60.253,46.652,
283191.368,,60.291,45.477,
283291.369,,60.232,45.182,
283391.366,,60.222,45.378,
283491.364,,60.201,45.427,
283591.360,,60.132,45.212,
283691.356,,60.307,45.760,
283791.358,,60.281,45.448,
283891.351,,60.200,45.568,
283991.352,,60.111,45.041,
284091.345,,60.103,44.463,
284191.344,,60.469,44.086,
284291.341,,60.502,46.662,
284391.340,,60.421,47.924,
284491.332,,60.393,46.443,
284591.330,,60.406,45.333,
284691.332,,60.167,45.026,
284791.330,,60.235,44.572,
284891.325,,60.210,44.291,
284991.321,,60.154,46.864,
285091.322,,60.213,50.586,
285191.320,,60.293,51.745,
285291.314,,60.351,49.825,
285391.311,,60.297,48.402,
285491.310,,60.098,47.113,
285591.306,,60.336,46.723,
285691.301,,60.323,47.464,
285791.303,,60.251,48.856,
285891.298,,60.201,49.883,
285991.293,,60.072,48.909,
286091.295,,60.184,48.046,
286191.286,,60.192,46.887,
286291.290,,60.144,46.081,
286391.287,,60.041,45.776,
286491.283,,60.108,45.752,
286591.281,,60.179,45.042,
286691.273,,60.230,46.364,
286791.273,,60.075,47.357,
286891.272,,60.016,47.978,
286991.268,,60.023,48.964,
287091.262,,59.930,47.614,
287191.262,,59.891,46.608,
287291.258,,60.062,45.713,
287391.259,,59.993,45.208,
287491.256,,60.045,45.630,
287591.249,,60.076,46.726,
287691.247,,60.037,47.027,
287791.248,,60.134,46.705,
287891.243,,60.033,45.532,
287991.242,,60.133,45.459,
288091.240,,60.053,46.295,
288191.236,,59.953,46.210,
288291.234,,59.969,46.447,
288391.233,,59.898,47.222,
288491.226,,60.121,46.499,
288591.222,,60.049,46.783,
288691.221,,59.948,46.683,
288791.221,,60.005,48.329,
288891.219,,59.866,48.074,
288991.213,,59.857,46.900,
289091.211,,59.911,45.986,
289191.213,,59.896,46.085,
289291.209,,59.829,47.270,
289391.207,,59.932,49.805,
289491.201,,60.020,57.406,
289591.195,,59.991,56.101,
289691.195,,60.092,54.251,
289791.190,,59.872,54.199,
289891.194,,59.980,53.712,
289991.190,,59.805,54.116,
290091.188,,59.813,51.732,
290191.181,,59.692,48.807,
290291.179,,59.656,46.914,
290391.178,,59.748,46.624,
290491.178,,59.759,46.748,
290591.174,,59.798,46.012,
290691.173,,59.972,45.438,
290791.167,,59.823,45.872,
290891.164,,59.929,46.884,
290991.165,,59.905,47.242,
291091.158,,60.032,46.631,
291191.157,,59.969,46.530,
291291.155,,60.005,46.970,
291391.149,,60.019,47.049,
291491.151,,59.832,47.555,
291591.146,,59.826,46.343,
291691.144,,59.792,46.751,
291791.142,,59.979,46.806,
291891.136,,59.915,46.606,
291991.135,,60.048,47.696,
292091.133,,60.016,46.813,
292191.131,,59.893,46.495,
292291.132,,59.989,46.509,
292391.125,,60.175,47.796,
292491.127,,60.044,48.116,
292591.123,,60.077,47.568,
292691.115,,60.113,46.457,
292791.119,,60.211,45.744,
292891.116,,60.026,46.598,
292991.108,,60.014,47.178,
293091.109,,60.085,48.026,
293191.105,,60.106,48.067,
293291.102,,60.087,47.735,
293391.099,,60.054,46.653,
293491.095,,59.990,46.580,
293591.098,,59.958,45.862,
293691.092,,59.905,45.537,
293791.087,,60.021,45.016,
293891.084,,59.888,44.252,
293991.084,,59.810,43.908,
294091.083,,59.815,44.256,
294191.082,,59.800,45.289,
294291.077,,59.864,45.506,
294391.071,,59.918,46.180,
294491.071,,59.884,45.606,
294591.066,,59.883,45.350,
294691.064,,59.968,45.552,
294791.062,,60.072,46.708,
294891.059,,59.903,46.757,
294991.059,,59.995,46.657,
295091.058,,60.013,47.120,
295191.055,,60.067,47.925,
295291.049,,59.993,47.961,
295391.045,,60.066,47.143,
295491.044,,60.090,48.044,
295591.042,,60.155,48.387,
295691.042,,59.915,48.598,
295791.037,,59.967,47.118,
295891.036,,59.995,47.004,
295991.032,,60.041,47.812,
296091.031,,60.085,48.665,
296191.026,,60.017,49.563,
296291.019,,60.088,48.909,
296391.017,,60.114,48.082,
296491.009,,59.926,47.089,
296591.006,,60.012,46.598,
296691.005,,60.008,46.922,
296791.002,,59.807,46.956,
296890.997,,59.952,45.731,
296990.992,,59.736,45.995,
297090.987,,59.761,46.030,
297190.982,,59.832,45.789,
297290.981,,59.705,46.477,
297390.976,,59.767,49.744,
297490.969,,59.689,50.778,
297590.971,,59.575,49.347,
297690.964,,59.681,48.177,
297790.958,,59.575,47.935,
297890.957,,59.749,47.847,
297990.952,,59.808,47.537,
298090.947,,59.618,46.879,
298190.948,,59.717,45.602,
298290.942,,59.820,45.433,
298390.933,,59.849,45.183,
298490.933,,59.913,45.062,
298590.926,,60.072,44.235,
298690.923,,59.903,44.081,
298790.918,,59.902,44.520,
298890.918,,59.913,45.243,
298990.915,,60.033,44.900,
299090.912,,60.059,44.653,
299190.905,,60.191,45.910,
299290.901,,60.111,46.572,
299390.895,,60.115,47.796,
299490.893,,60.024,47.134,
299590.891,,59.839,46.532,
299690.884,,59.866,45.968,
299790.878,,59.910,45.332,
299890.874,,59.999,48.676,
299990.875,,59.930,49.670,
300090.865,,59.909,49.520,
300190.866,,60.003,49.959,
300290.863,,60.065,49.051,
300390.859,,60.140,48.405,
300490.855,,59.674,47.444,
300590.850,,60.265,46.073,
300690.845,,60.272,44.977,
300790.843,,60.171,44.269,
300890.837,,59.773,43.772,
300990.836,,59.827,43.730,
301090.829,,59.805,44.154,
301190.822,,59.823,44.387,
301290.819,,59.681,44.809,
301390.815,,59.766,46.500,
301490.816,,59.700,47.375,
301590.808,,59.777,48.362,
301690.806,,59.980,47.718,
301790.801,,59.944,48.039,
301890.796,,59.914,48.047,
301990.793,,59.801,46.898,
302090.786,,59.731,45.888,
302190.786,,59.998,45.697,
302290.779,,59.876,45.876,
302390.775,,59.578,47.029,
302490.773,,59.582,47.508,
302590.766,,59.807,48.067,
302690.766,,59.678,46.905,
302790.763,,59.775,46.696,
302890.758,,59.773,50.367,
302990.751,,59.559,50.770,
303090.749,,59.785,50.151,
303190.747,,59.816,47.624,
303290.739,,59.812,46.232,
303390.736,,59.629,46.925,
303490.730,,59.620,47.337,
303590.731,,59.936,48.608,
303690.727,,59.767,48.347,
303790.720,,59.824,47.239,
303890.714,,59.744,46.773,
303990.712,,59.853,46.402,
304090.715,,59.828,46.336,
304190.711,,59.899,46.025,
304290.707,,59.818,45.915,
304390.705,,59.778,46.842,
304490.699,,59.853,47.330,
304590.698,,60.068,48.371,
304690.694,,59.940,47.442,
304790.697,,59.653,47.518,
304890.695,,59.784,46.898,
304990.687,,59.739,45.834,
305090.687,,59.952,45.705,
305190.685,,60.027,46.180,
305290.687,,59.935,46.530,
305390.680,,59.856,47.128,
305490.676,,59.691,47.392,
305590.677,,59.776,49.883,
305690.672,,59.818,48.839,
305790.673,,59.844,47.208,
305890.670,,59.768,48.200,
305990.667,,59.860,50.071,
306090.667,,59.776,50.075,
306190.663,,59.683,49.031,
306290.659,,59.799,48.117,
306390.661,,59.795,49.168,
306490.655,,59.830,49.394,
306590.650,,59.881,48.221,
306690.654,,59.922,46.854,
306790.648,,59.875,45.583,
306890.647,,59.791,46.264,
306990.642,,59.952,47.039,
307090.642,,59.893,46.656,
307190.636,,59.661,47.195,
307290.634,,59.556,47.341,
307390.631,,59.902,48.165,
307490.633,,59.933,46.248,
307590.628,,59.765,45.742,
307690.628,,59.813,47.179,
307790.626,,59.903,49.863,
307890.624,,59.808,49.890,
307990.617,,59.832,48.505,
308090.620,,59.741,46.567,
308190.617,,59.679,45.828,
308290.611,,59.813,45.567,
308390.612,,59.838,46.151,
308490.610,,59.815,49.361,
308590.605,,59.834,51.619,
308690.600,,59.787,51.024,
308790.603,,59.901,49.477,
308890.601,,59.760,49.429,
308990.597,,59.810,48.985,
309090.593,,59.837,47.891,
309190.589,,59.944,46.125,
309290.588,,60.033,45.806,
309390.586,,59.688,48.604,
309490.582,,59.733,52.053,
309590.583,,59.682,52.067,
309690.579,,59.790,52.220,
309790.577,,59.826,51.165,
309890.573,,59.650,50.108,
309990.574,,59.609,51.127,
310090.573,,59.682,50.256,
310190.568,,59.840,47.753,
310290.563,,59.869,47.075,
310390.564,,59.803,46.622,
310490.559,,59.876,45.849,
310590.560,,59.939,45.287,
310690.558,,59.799,44.879,
310790.556,,59.923,45.363,
310890.552,,59.868,46.502,
310990.552,,60.044,46.311,
311090.550,,59.998,45.125,
311190.547,,60.097,44.519,
311290.540,,60.085,44.780,
311390.539,,59.943,45.095,
311490.538,,59.924,46.025,
311590.538,,59.945,46.268,
311690.532,,59.946,46.699,
311790.529,,59.940,46.643,
311890.531,,59.987,46.156,
311990.523,,59.973,45.748,
312090.518,,60.017,45.374,
312190.517,,59.935,44.745,
312290.514,,59.896,45.712,
312390.504,,59.937,46.517,
312490.502,,59.891,48.018,
312590.501,,59.848,49.368,
312690.494,,59.772,47.837,
312790.493,,59.680,46.151,
312890.486,,59.753,45.532,
312990.479,,59.711,46.200,
313090.474,,59.757,47.075,
313190.470,,59.673,46.875,
313290.466,,59.778,46.650,
313390.468,,59.679,46.644,
313490.459,,59.669,47.196,
313590.459,,59.048,48.908,
313690.449,,58.392,47.600,
313790.448,,58.215,46.511,
313890.446,,59.236,45.750,
313990.441,,59.733,45.199,
314090.438,,59.703,44.902,
314190.430,,59.845,44.779,
314290.430,,59.844,44.666,
314390.423,,59.795,44.849,
314490.419,,59.868,44.849,
314590.415,,59.918,44.880,
314690.410,,59.762,45.009,
314790.405,,59.845,45.748,
314890.399,,59.727,46.071,
314990.398,,59.887,46.302,
315090.395,,59.890,47.053,
315190.391,,59.906,46.776,
315290.386,,59.757,46.100,
315390.381,,59.901,45.427,
315490.377,,59.892,46.192,
315590.369,,59.965,46.308,
315690.369,,59.956,45.309,
315790.365,,60.034,45.242,
315890.357,,60.028,45.394,
315990.357,,59.801,45.384,
316090.353,,59.886,44.795,
316190.348,,59.673,44.691,
316290.343,,59.845,44.093,
316390.341,,59.796,43.885,
316490.335,,59.737,43.946,
316590.331,,59.871,44.642,
316690.323,,59.783,46.180,
316790.323,,59.721,46.930,
316890.317,,59.669,47.141,
316990.311,,59.421,46.468,
317090.305,,59.573,47.350,
317190.305,,59.561,46.642,
317290.299,,59.545,45.988,
317390.295,,59.622,46.291,
317490.293,,59.628,45.592,
317590.287,,59.642,47.382,
317690.284,,59.495,48.633,
317790.279,,59.747,48.268,
317890.271,,59.531,46.869,
317990.270,,59.699,47.062,
318090.267,,59.627,47.463,
318190.258,,59.641,46.901,
318290.254,,59.268,45.910,
318390.254,,58.533,45.865,
318490.248,,59.218,46.643,
318590.246,,59.637,46.007,
318690.240,,59.811,45.121,
318790.234,,59.956,44.512,
318890.233,,59.814,44.494,
318990.228,,59.885,45.296,
319090.221,,59.745,45.040,
319190.219,,59.730,45.848,
319290.215,,59.764,46.199,
319390.208,,59.809,46.489,
319490.203,,59.821,47.521,
319590.203,,59.391,46.633,
319690.195,,59.676,45.462,
319790.193,,59.773,45.255,
319890.187,,59.716,44.964,
319990.184,,59.768,45.978,
320090.182,,59.837,46.477,
320190.182,,59.800,46.767,
320290.181,,59.882,46.935,
320390.179,,59.880,47.515,
320490.179,,59.839,48.377,
320590.173,,59.917,48.499,
320690.173,,60.118,47.401,
320790.174,,60.088,47.454,
320890.168,,60.091,46.533,
320990.169,,60.038,46.433,
321090.165,,59.886,47.026,
321190.167,,59.818,47.168,
321290.160,,59.724,45.972,
321390.159,,59.676,44.689,
321490.161,,59.751,44.397,
321590.154,,59.904,45.470,
321690.157,,59.829,46.874,
321790.156,,59.750,47.771,
321890.153,,59.801,46.814,
321990.146,,59.692,46.948,
322090.146,,59.004,49.317,
322190.145,,59.190,49.116,
322290.146,,58.921,49.807,
322390.141,,59.031,47.949,
322490.140,,58.965,46.849,
322590.136,,58.833,48.147,
322690.139,,59.270,47.797,
322790.132,,59.003,49.288,
322890.132,,59.006,48.316,
322990.131,,58.924,50.105,
323090.127,,58.838,49.755,
323190.124,,58.816,51.422,
323290.126,,58.672,51.625,
323390.124,,58.866,49.850,
323490.125,,59.142,49.522,
323590.120,,58.878,50.078,
323690.117,,58.683,50.797,
323790.116,,58.815,50.391,
323890.117,,58.817,51.075,
323990.115,,58.912,50.693,
324090.112,,58.775,51.197,
324190.107,,58.565,51.358,
324290.108,,58.572,51.922,
324390.105,,58.780,53.138,
324490.107,,58.627,52.875,
324590.104,,59.124,50.416,
324690.098,,59.378,48.690,
324790.097,,59.687,48.463,
324890.099,,59.626,46.769,
324990.095,,59.811,45.852,
325090.093,,59.881,46.021,
325190.095,,59.649,45.115,
325290.088,,59.825,44.381,
325390.087,,59.767,44.588,
325490.087,,59.716,45.427,
325590.081,,59.763,45.906,
325690.082,,59.750,46.715,
325790.084,,59.760,48.270,
325890.078,,59.851,49.674,
325990.078,,59.760,48.621,
326090.079,,59.803,47.828,
326190.076,,59.861,48.259,
326290.072,,59.796,47.741,
326390.070,,59.800,48.313,
326490.070,,59.759,48.364,
326590.065,,59.695,47.120,
326690.066,,59.686,46.423,
326790.063,,59.748,47.601,
326890.058,,59.848,49.596,
326990.057,,59.904,49.264,
327090.055,,59.658,48.541,
327190.054,,59.259,46.841,
327290.052,,59.350,45.428,
327390.049,,59.439,44.788,
327490.049,,59.597,45.248,
327590.051,,59.766,46.270,
327690.047,,59.665,45.567,
327790.047,,59.584,45.785,
327890.047,,59.857,47.751,
327990.042,,59.470,51.495,
328090.038,,58.501,51.505,
328190.034,,58.501,50.184,
328290.032,,58.276,48.565,
328390.028,,58.747,47.421,
328490.027,,59.476,46.607,
328590.023,,58.678,46.417,
328690.018,,58.810,46.053,
328790.018,,58.855,45.257,
328890.012,,59.538,44.800,
328990.013,,59.743,44.380,
329090.010,,60.004,44.481,
329190.008,,59.910,46.219,
329290.001,,59.729,49.035,
329390.001,,59.838,48.697,
329489.998,,59.723,46.614,
329589.994,,59.351,45.430,
329689.989,,59.693,46.253,
329789.986,,59.792,46.501,
329889.984,,59.704,46.686,
329989.984,,59.685,46.242,
330089.982,,59.731,47.210,
330189.976,,59.669,47.723,
330289.973,,59.734,47.952,
330389.968,,59.738,46.992,
330489.965,,59.704,47.518,
330589.963,,59.639,47.938,
330689.963,,59.898,47.275,
330789.962,,59.790,48.215,
330889.958,,59.622,51.731,
330989.956,,59.598,52.469,
331089.952,,59.654,49.651,
331189.949,,59.515,47.042,
331289.941,,59.488,46.521,
331389.940,,59.355,45.754,
331489.938,,59.332,45.419,
331589.934,,58.902,45.903,
331689.933,,59.146,45.316,
331789.928,,59.433,45.383,
331889.929,,59.507,46.426,
331989.923,,59.466,47.300,
332089.919,,59.518,46.953,
332189.920,,59.128,47.555,
332289.915,,59.111,48.387,
332389.915,,59.075,47.691,
332489.909,,59.422,47.502,
332589.905,,59.486,47.966,
332689.903,,59.416,48.072,
332789.902,,59.311,46.141,
332889.898,,59.453,45.049,
332989.895,Input1*2*0,59.524,45.007,
333089.891,Input1*2*1,59.343,45.314,
333189.889,,59.425,46.438,
333289.883,,59.385,47.289,
333389.883,,59.540,46.235,
333489.883,,59.594,44.812,
333589.876,,59.569,44.152,
333689.875,,59.484,43.987,
333789.872,,59.534,43.964,
333889.872,,59.710,44.086,
333989.866,,59.730,44.119,
334089.860,,59.497,45.339,
334189.858,,59.534,46.142,
334289.854,,59.524,45.635,
334389.852,,59.570,46.259,
334489.854,,59.635,47.025,
334589.850,,59.557,47.509,
334689.849,,59.610,47.266,
334789.841,,59.578,46.960,
334889.837,,59.566,47.604,
334989.838,,59.672,46.522,
335089.834,,59.711,46.802,
335189.831,,59.613,47.110,
335289.826,,59.629,47.257,
335389.821,,59.617,47.114,
335489.820,,59.638,45.940,
335589.822,,59.663,45.721,
335689.813,,59.578,46.258,
335789.813,,59.697,47.079,
335889.811,,59.708,46.573,
335989.806,,59.686,46.162,
336089.801,,59.740,45.448,
336189.799,,59.623,45.336,
336289.792,,59.628,45.399,
336389.785,,59.532,45.705,
336489.783,,59.519,45.769,
336589.778,,59.601,44.982,
336689.775,,59.634,45.216,
336789.770,,59.547,46.181,
336889.765,,59.536,45.607,
336989.761,,59.523,44.689,
337089.757,,59.619,44.790,
337189.752,,59.605,44.510,
337289.749,,59.612,45.328,
337389.746,,59.623,45.118,
337489.739,,59.688,44.677,
337589.737,,59.341,45.717,
337689.730,,59.601,47.056,
337789.725,,59.605,47.672,
337889.721,,59.515,48.849,
337989.715,,59.506,48.065,
338089.713,,59.498,46.893,
338189.709,,59.533,46.230,
338289.703,,59.455,46.793,
338389.701,,59.629,46.436,
338489.693,,59.674,46.323,
338589.693,,59.689,46.099,
338689.689,,59.652,45.646,
338789.682,,59.665,46.297,
338889.675,,59.657,45.703,
338989.676,,59.809,45.587,
339089.671,,59.851,45.431,
339189.664,,59.708,45.024,
339289.657,,59.700,44.267,
339389.653,,59.660,44.328,
339489.650,,59.740,45.220,
339589.648,,59.758,46.307,
339689.641,,59.723,47.573,
339789.639,,59.226,48.547,
339889.633,,59.348,50.175,
339989.625,,59.307,50.374,
340089.621,,59.492,50.228,
340189.620,,59.744,48.294,
340289.616,,59.648,47.717,
340389.614,,59.647,46.459,
340489.609,,59.116,46.505,
340589.604,,59.325,46.522,
340689.601,,59.440,47.763,
340789.595,,59.567,46.764,
340889.587,,59.651,45.773,
340989.585,,59.477,44.860,
341089.577,,59.143,45.169,
341189.574,,59.299,48.623,
341289.574,,59.354,52.247,
341389.555,,59.156,53.220,
341489.559,,59.071,51.838,
341589.557,,59.292,51.834,
341689.551,,59.063,50.960,
341789.547,,58.866,48.417,
341889.545,,59.325,49.590,
341989.537,,59.010,49.475,
342089.535,,58.721,49.187,
342189.528,,59.338,49.950,
342289.529,,58.963,51.796,
342389.519,,58.659,50.144,
342489.518,,59.137,50.137,
342589.512,,58.809,49.889,
342689.509,,58.922,49.195,
342789.501,,59.140,48.424,
342889.502,,58.424,47.047,
342989.497,,58.760,45.330,
343089.489,,58.751,44.669,
343189.487,,58.535,45.591,
343289.484,,58.943,44.869,
343389.476,,58.783,44.286,
343489.473,,59.299,44.068,
343589.471,,59.438,43.525,
343689.463,,59.548,43.291,
343789.458,,59.316,44.275,
343889.457,,59.101,45.593,
343989.449,,59.530,47.691,
344089.448,,59.262,50.190,
344189.442,,59.210,50.316,
344289.445,,59.339,50.029,
344389.442,,59.348,48.462,
344489.436,,59.237,47.545,
344589.434,,59.426,46.238,
344689.427,,59.531,45.914,
344789.425,,59.489,45.328,
344889.422,,59.437,45.682,
344989.421,,59.467,45.696,
345089.415,,59.397,45.311,
345189.416,,59.473,46.208,
345289.410,,59.101,46.291,
345389.408,,59.365,45.206,
345489.401,,59.474,46.066,
345589.397,,59.449,48.043,
345689.394,,59.711,48.958,
345789.393,,59.539,48.001,
345889.392,,59.233,46.267,
345989.389,,59.526,44.806,
346089.387,,59.645,44.207,
346189.381,,59.559,44.181,
346289.375,,59.475,44.349,
346389.373,,59.308,44.464,
346489.374,,59.421,45.253,
346589.370,,59.451,47.403,
346689.368,,59.171,49.775,
346789.361,,59.485,49.097,
346889.362,,59.576,48.487,
346989.357,,59.290,48.114,
347089.351,,59.483,46.396,
347189.350,,59.451,45.405,
347289.347,,59.547,44.707,
347389.340,,59.600,44.576,
347489.342,,59.537,44.163,
347589.336,,59.451,44.602,
347689.334,,59.481,44.657,
347789.330,,59.464,44.625,
347889.328,,59.446,45.039,
347989.320,,59.306,45.498,
348089.319,,59.369,47.136,
348189.317,,59.036,50.065,
348289.312,,59.516,51.919,
348389.309,,59.290,52.472,
348489.309,,59.465,51.168,
348589.305,,59.324,49.899,
348689.301,,59.360,50.187,
348789.297,,59.116,51.527,
348889.297,,59.158,49.913,
348989.293,,59.311,48.693,
349089.291,,58.782,47.593,
349189.287,,58.390,46.179,
349289.282,,58.836,46.645,
349389.277,,58.875,46.863,
349489.273,,58.385,46.380,
349589.273,,58.659,44.794,
349689.269,,58.819,44.211,
349789.264,,57.662,44.056,
349889.264,,58.297,43.279,
349989.257,,57.982,43.716,
350089.259,,58.944,43.595,
350189.252,,59.330,43.612,
350289.247,,59.382,43.824,
350389.244,,59.412,44.589,
350489.241,,59.399,45.530,
350589.240,,59.305,45.652,
350689.234,,59.331,44.538,
350789.231,,59.285,43.928,
350889.233,,59.112,44.443,
350989.229,,59.251,45.263,
351089.227,,59.087,46.206,
351189.223,,58.832,47.050,
351289.220,,58.992,48.719,
351389.214,,59.321,49.040,
351489.213,,59.153,47.506,
351589.208,,59.331,46.171,
351689.208,,59.287,45.465,
351789.200,,59.346,45.566,
351889.197,,59.247,45.777,
351989.196,,59.253,48.807,
352089.195,,59.275,51.074,
352189.187,,59.496,53.519,
352289.188,,59.181,53.761,
352389.185,,59.201,51.210,
352489.182,,59.492,51.636,
352589.178,,59.289,50.889,
352689.176,,59.298,49.259,
352789.177,,59.219,47.966,
352889.170,,59.144,47.268,
352989.166,,59.241,46.291,
353089.169,,59.308,46.292,
353189.164,,59.069,48.232,
353289.164,,59.209,49.400,
353389.157,,59.170,50.144,
353489.156,,59.193,48.937,
353589.155,,59.321,47.754,
353689.153,,59.180,46.430,
353789.149,,59.364,45.105,
353889.144,,59.131,44.393,
353989.143,,59.330,45.582,
354089.139,,59.051,46.205,
354189.136,,59.254,47.838,
354289.135,,59.086,47.686,
354389.130,,59.087,46.338,
354489.124,,59.325,47.302,
354589.124,,59.151,48.091,
354689.121,,59.086,47.748,
354789.121,,59.234,48.491,
354889.116,,59.086,50.160,
354989.116,,59.076,52.111,
355089.115,,59.134,52.557,
355189.106,,59.009,50.619,
355289.108,,59.182,50.525,
355389.106,,59.182,50.502,
355489.103,,59.296,50.730,
355589.097,,59.049,48.277,
355689.092,,59.128,46.605,
355789.092,,59.222,46.323,
355889.087,,59.289,46.149,
355989.087,,59.277,46.383,
356089.085,,59.341,48.042,
356189.078,,59.333,46.817,
356289.082,,59.472,46.960,
356389.077,,59.398,46.149,
356489.072,,59.128,45.172,
356589.070,,59.436,44.962,
356689.070,,59.166,44.397,
356789.066,,59.227,44.175,
356889.066,,59.138,44.151,
356989.057,,58.897,44.915,
357089.060,,59.206,45.800,
357189.052,,58.866,46.431,
357289.054,,58.955,47.011,
357389.050,,58.677,47.072,
357489.043,,59.098,46.341,
357589.045,,59.128,46.704,
357689.044,,59.102,46.751,
357789.039,,59.279,46.406,
357889.035,,59.190,46.844,
357989.034,,59.129,47.477,
358089.029,,59.227,47.860,
358189.031,,59.416,46.166,
358289.024,,59.440,44.758,
358389.026,,59.336,44.289,
358489.017,,59.513,44.368,
358589.018,,59.390,45.896,
358689.018,,59.298,47.820,
358789.012,,59.067,49.722,
358889.009,,59.154,50.330,
358989.006,,59.195,49.536,
359089.006,,59.317,49.904,
359188.998,,59.259,49.440,
359289.000,,59.114,47.488,
359388.999,,59.343,45.803,
359488.996,,59.346,44.576,
359588.990,,59.237,43.938,
359688.987,,59.152,43.995,
359788.986,,58.835,44.874,
359888.982,,59.162,44.919,
359988.976,,59.202,44.971,
360088.977,,59.082,44.608,
360188.971,,59.229,44.487,
360288.966,,59.160,44.758,
360388.967,,59.638,46.006,
360488.958,,59.505,47.451,
360588.960,,58.842,47.240,
360688.957,,59.100,46.465,
360788.952,,59.125,45.625,
360888.944,,59.003,46.541,
360988.944,,59.096,46.418,
361088.940,,58.946,47.100,
361188.934,,59.092,48.246,
361288.933,,59.107,48.272,
361388.930,,59.140,50.611,
361488.923,,59.111,50.911,
361588.922,,59.209,48.961,
361688.922,,59.177,47.165,
361788.919,,59.083,47.861,
361888.914,,59.068,47.745,
361988.906,,59.143,47.403,
362088.904,,58.916,48.378,
362188.904,,59.001,48.145,
362288.900,,59.004,47.588,
362388.894,,59.049,47.898,
362488.891,,59.008,49.835,
362588.886,,59.148,50.110,
362688.888,,59.018,49.375,
362788.878,,59.052,51.332,
362888.880,,59.272,50.321,
362988.875,,59.337,48.746,
363088.870,,59.248,47.394,
363188.869,,59.150,46.429,
363288.866,,59.223,45.542,
363388.861,,59.347,45.538,
363488.857,,59.411,46.835,
363588.856,,59.404,47.153,
363688.853,,59.342,46.571,
363788.848,,59.149,45.230,
363888.843,,59.285,44.686,
363988.842,,59.289,44.295,
364088.833,,59.455,45.156,
364188.830,,59.314,46.967,
364288.828,,59.422,47.156,
364388.826,,59.410,45.975,
364488.824,,59.240,45.010,
364588.819,,59.279,45.079,
364688.815,,59.288,45.372,
364788.812,,59.354,44.761,
364888.808,,59.396,45.001,
364988.802,,59.347,44.536,
365088.802,,59.240,45.760,
365188.795,,59.295,47.935,
365288.793,,59.387,48.772,
365388.793,,59.250,48.412,
365488.788,,59.252,46.427,
365588.784,,59.160,45.122,
365688.777,,59.107,44.182,
365788.775,,59.348,44.347,
365888.776,,59.286,44.659,
365988.770,,59.210,45.209,
366088.763,,59.181,45.553,
366188.764,,59.114,46.562,
366288.762,,59.286,46.811,
366388.754,,59.242,46.600,
366488.755,,59.098,46.121,
366588.747,,59.181,45.998,
366688.742,,59.211,46.442,
366788.740,,59.226,47.660,
366888.742,,59.194,47.279,
366988.735,,59.273,46.402,
367088.734,,59.291,46.285,
367188.729,,59.201,46.158,
367288.727,,59.250,45.721,
367388.718,,59.208,45.179,
367488.716,,59.286,44.728,
367588.715,,59.319,44.756,
367688.707,,59.415,44.549,
367788.708,,59.453,44.542,
367888.702,,59.360,44.661,
367988.702,,59.347,44.933,
368088.699,,59.212,44.445,
368188.696,,59.323,43.680,
368288.689,,59.378,43.410,
368388.689,,59.258,43.628,
368488.685,,59.359,44.074,
368588.683,,59.410,44.599,
368688.675,,59.276,45.400,
368788.672,,59.184,46.211,
368888.675,,59.299,45.874,
368988.668,,59.304,45.559,
369088.670,,59.410,44.503,
369188.667,,59.477,43.859,
369288.657,,59.468,44.262,
369388.656,,59.382,45.355,
369488.654,,59.191,46.515,
369588.654,,59.232,49.661,
369688.647,,59.168,49.404,
369788.647,,59.264,51.863,
369888.642,,59.154,52.351,
369988.638,,59.239,50.493,
370088.635,,59.299,48.872,
370188.630,,59.256,49.673,
370288.630,,59.228,49.933,
370388.623,,59.299,49.326,
370488.623,,59.235,47.756,
370588.621,,59.219,45.914,
370688.618,,59.325,45.130,
370788.615,,59.442,45.783,
370888.609,,59.241,46.010,
370988.606,,59.305,47.398,
371088.607,,59.240,47.006,
371188.603,,59.337,46.475,
371288.597,,59.341,46.752,
371388.595,,59.320,48.430,
371488.589,,59.441,48.184,
371588.590,,59.306,47.019,
371688.584,,59.382,47.804,
371788.585,,59.434,48.297,
371888.583,,59.236,46.574,
371988.580,,59.273,46.190,
372088.573,,59.225,47.891,
372188.569,,59.180,48.769,
372288.568,,59.126,49.068,
372388.567,,59.270,48.735,
372488.559,,59.116,48.582,
372588.561,,59.294,49.738,
372688.555,,59.224,48.216,
372788.550,,59.184,46.109,
372888.546,,59.317,45.387,
372988.547,,59.319,46.464,
373088.540,,59.315,47.942,
373188.542,,59.278,46.846,
373288.536,,59.315,47.431,
373388.530,,59.335,46.305,
373488.532,,59.346,45.007,
373588.530,,59.332,44.903,
373688.526,,59.403,45.144,
373788.522,,59.324,45.373,
373888.517,,59.224,45.662,
373988.518,,59.262,45.588,
374088.509,,59.343,46.710,
374188.506,,59.322,46.479,
374288.503,,59.298,46.539,
374388.500,,59.343,47.032,
374488.503,,59.230,46.147,
374588.494,,59.451,46.340,
374688.495,,59.528,46.072,
374788.491,,59.296,45.614,
374888.490,,59.373,44.759,
374988.481,,59.275,44.808,
375088.481,,59.199,45.920,
375188.481,,59.388,45.709,
375288.477,,59.348,45.918,
375388.473,,59.295,45.525,
375488.469,,59.338,44.951,
375588.468,,59.187,45.713,
375688.464,,59.280,45.959,
375788.462,,59.445,45.733,
375888.457,,59.338,46.272,
375988.451,,59.272,47.514,
376088.450,,59.266,47.984,
376188.446,,59.252,49.173,
376288.445,,59.326,49.355,
376388.437,,59.310,48.746,
376488.437,,59.359,47.480,
376588.433,,59.400,46.960,
376688.425,,59.357,45.878,
376788.426,,59.244,45.324,
376888.421,,59.243,46.671,
376988.417,,59.249,47.708,
377088.411,,59.229,48.663,
377188.406,,59.256,48.024,
377288.403,,59.345,48.715,
377388.403,,59.148,49.171,
377488.397,,59.217,49.856,
377588.395,,59.129,51.464,
377688.391,,59.075,49.357,
377788.385,,59.104,47.570,
377888.385,,58.930,46.881,
377988.381,,58.951,47.843,
378088.374,,58.632,49.135,
378188.371,,59.002,48.127,
378288.372,,59.058,46.332,
378388.364,,59.085,45.097,
378488.362,,59.087,44.525,
378588.357,,58.988,45.495,
378688.353,,59.125,45.978,
378788.353,,59.095,46.650,
378888.346,,59.226,46.122,
378988.342,,59.200,45.578,
379088.339,,59.177,45.061,
379188.335,,59.306,45.687,
379288.333,,59.230,46.091,
379388.332,,59.266,46.169,
379488.325,,59.252,46.678,
379588.325,,59.191,46.191,
379688.310,,59.219,45.354,
379788.314,,59.104,46.175,
379888.312,,58.977,47.313,
379988.304,,59.295,47.351,
380088.303,,59.350,45.567,
380188.302,,59.178,44.503,
380288.295,,58.997,44.372,
380388.295,,59.204,45.028,
380488.291,,59.014,46.112,
380588.286,,58.915,46.541,
380688.282,,59.138,45.218,
380788.278,,59.151,45.044,
380888.274,,59.148,45.290,
380988.271,,59.277,44.994,
381088.268,,59.023,45.551,
381188.262,,59.055,45.748,
381288.258,,59.241,47.367,
381388.257,,59.006,46.666,
381488.252,,59.178,46.570,
381588.247,,59.267,48.532,
381688.248,,59.070,49.142,
381788.240,,58.956,48.710,
381888.238,,58.984,46.932,
381988.235,,59.118,45.631,
382088.232,,59.150,45.156,
382188.227,,59.109,46.195,
382288.225,,59.187,46.714,
382388.219,,59.168,46.037,
382488.219,,59.157,46.598,
382588.209,,59.002,47.122,
382688.211,,59.066,47.097,
382788.208,,59.274,47.206,
382888.199,,59.210,47.489,
382988.199,,59.131,48.060,
383088.194,,58.920,47.868,
383188.188,,58.982,48.723,
383288.189,,59.078,47.850,
383388.184,,59.125,47.456,
383488.182,,59.196,46.210,
383588.174,,59.073,45.742,
383688.169,,59.178,46.292,
383788.166,,59.079,47.292,
383888.165,,59.142,49.358,
383988.163,,59.301,49.123,
384088.158,,59.181,47.207,
384188.161,,59.286,45.538,
384288.155,,59.238,45.138,
384388.157,,59.185,45.037,
384488.155,,59.331,45.222,
384588.147,,59.344,46.015,
384688.148,,59.384,46.356,
384788.146,,59.378,45.462,
384888.141,,59.400,45.622,
384988.140,,59.396,45.500,
385088.137,,59.356,44.577,
385188.133,,59.408,45.856,
385288.135,,59.244,49.434,
385388.134,,59.071,51.459,
385488.130,,59.177,51.189,
385588.127,,59.175,50.796,
385688.128,,59.276,48.996,
385788.126,,59.420,46.646,
385888.122,,59.419,45.287,
385988.121,,59.432,44.927,
386088.119,,59.386,47.862,
386188.113,,59.380,50.275,
386288.110,,59.254,49.353,
386388.107,,59.508,49.986,
386488.111,,59.445,50.123,
386588.109,,59.303,50.339,
386688.102,,59.205,50.246,
386788.101,,59.336,49.582,
386888.099,,59.490,47.239,
386988.098,,59.339,45.835,
387088.092,,59.140,46.116,
387188.090,,59.317,47.962,
387288.091,,59.355,48.884,
387388.087,,59.384,47.545,
387488.082,,59.403,47.734,
387588.081,,59.464,48.377,
387688.080,,59.369,46.851,
387788.081,,59.403,45.668,
387888.080,,59.301,45.727,
387988.075,,59.341,46.342,
388088.069,,59.302,48.031,
388188.071,,59.134,48.065,
388288.068,,58.912,47.839,
388388.069,,59.064,47.701,
388488.064,,58.734,46.493,
388588.059,,58.679,46.510,
388688.061,,58.711,46.553,
388788.060,,58.739,47.670,
388888.053,,59.007,47.644,
388988.050,,59.084,47.930,
389088.050,,59.173,48.246,
389188.048,,59.237,47.629,
389288.048,,59.206,48.244,
389388.048,,59.086,47.468,
389488.042,,58.845,46.026,
389588.038,,58.974,45.898,
389688.038,,59.162,45.934,
389788.037,,58.948,45.557,
389888.034,,59.366,45.688,
389988.031,,59.248,46.439,
390088.029,,59.296,46.476,
390188.024,,59.086,49.613,
390288.027,,59.100,50.702,
390388.020,,59.221,49.837,
390488.023,,59.237,51.206,
390588.017,,59.216,49.379,
390688.015,,59.308,47.992,
390788.014,,59.145,48.064,
390888.008,,59.102,47.879,
390988.012,,59.145,48.062,
391088.010,,58.961,46.910,
391188.002,,59.098,46.507,
391288.006,,58.971,47.332,
391388.002,,59.226,46.455,
391488.000,,59.064,46.257,
391587.996,,59.137,48.187,
391687.995,,59.027,47.313,
391787.992,,59.166,47.070,
391887.989,,58.949,47.584,
391987.989,,59.247,47.356,
392087.983,,59.229,46.224,
392187.976,,59.299,47.296,
392287.973,,59.036,47.759,
392387.973,,59.278,48.266,
392487.970,,59.235,49.292,
392587.960,,59.312,48.062,
392687.959,,59.234,46.149,
392787.954,,59.205,45.982,
392887.953,,59.382,45.855,
392987.949,,59.201,45.934,
393087.944,,59.037,45.964,
393187.943,,59.325,46.347,
393287.935,,59.269,46.388,
393387.934,,58.883,45.006,
393487.929,,59.150,45.067,
393587.923,,59.039,45.350,
393687.919,,59.282,44.695,
393787.915,,59.272,44.046,
393887.911,,59.292,43.537,
393987.906,,59.267,43.659,
394087.906,,59.156,45.332,
394187.903,,58.889,46.460,
394287.900,,59.275,45.853,
394387.891,,59.093,46.053,
394487.891,,59.098,46.669,
394587.886,,59.078,46.370,
394687.883,,58.589,46.155,
394787.880,,59.069,44.836,
394887.874,,58.721,44.555,
394987.874,,58.835,44.704,
395087.866,,59.128,46.230,
395187.860,,58.748,46.314,
395287.859,,59.266,46.784,
395387.855,,59.007,47.711,
395487.855,,58.684,46.946,
395587.851,,59.149,46.676,
395687.843,,58.958,46.819,
395787.841,,58.854,47.321,
395887.837,,58.814,48.338,
395987.831,,58.793,46.890,
396087.825,,58.403,45.474,
396187.828,,58.828,45.572,
396287.818,,58.309,46.325,
396387.817,,58.786,46.616,
396487.815,,58.583,48.004,
396587.811,,58.590,47.032,
396687.807,,58.969,47.368,
396787.801,,58.743,45.978,
396887.794,,59.189,44.788,
396987.791,,58.474,46.089,
397087.793,,58.581,47.475,
397187.784,,58.773,47.249,
397287.781,,58.530,45.998,
397387.775,,59.010,46.752,
397487.778,,58.506,47.049,
397587.774,,58.650,45.612,
397687.767,,58.936,45.500,
397787.762,,58.351,46.105,
397887.762,,58.778,46.271,
397987.755,,58.690,45.413,
398087.748,,58.486,45.487,
398187.747,,59.029,44.989,
398287.741,,58.629,46.477,
398387.738,,58.934,45.483,
398487.738,,59.103,45.427,
398587.733,,58.961,45.232,
398687.726,,58.983,44.666,
398787.724,,59.112,45.911,
398887.721,,59.129,46.872,
398987.719,,59.062,47.404,
399087.710,,59.015,46.819,
399187.708,,58.970,47.779,
399287.703,,58.961,47.482,
399387.699,,59.001,45.692,
399487.697,,59.089,45.360,
399587.692,,59.341,45.438,
399687.690,,59.060,45.891,
399787.686,,59.286,46.482,
399887.684,,59.254,46.822,
399987.676,,59.252,46.478,
400087.674,,59.279,45.759,
400187.675,,59.082,45.356,
400287.668,,59.237,44.476,
400387.672,,59.046,44.115,
400487.668,,59.065,45.882,
400587.665,,59.229,45.447,
400687.662,,59.220,44.422,
400787.660,,59.289,44.013,
400887.658,,59.396,43.923,
400987.652,,59.118,45.294,
401087.648,,58.061,46.198,
401187.645,,58.576,47.813,
401287.642,,58.363,48.332,
401387.643,,58.646,49.295,
401487.642,,58.399,51.143,
401587.635,,58.330,51.709,
401687.637,,58.469,51.201,
401787.633,,58.703,51.979,
401887.628,,58.822,50.130,
401987.625,,59.055,48.523,
402087.628,,58.692,46.917,
402187.621,,58.224,46.589,
402287.618,,58.837,47.823,
402387.620,,58.704,47.788,
402487.618,,58.943,46.749,
402587.613,,58.942,45.289,
402687.611,,58.983,44.927,
402787.607,,58.987,45.355,
402887.606,,58.960,44.994,
402987.604,,59.055,45.415,
403087.599,,58.857,45.502,
403187.595,,59.111,45.442,
403287.595,,58.932,45.064,
403387.593,,58.901,44.178,
403487.589,,58.977,43.657,
403587.586,,58.901,43.617,
403687.586,,58.840,44.118,
403787.583,,58.914,43.850,
403887.576,,58.860,44.334,
403987.579,,58.795,43.724,
404087.576,,59.102,43.670,
404187.572,,58.927,45.291,
404287.568,,59.030,46.790,
404387.569,,59.041,46.093,
404487.566,,58.734,45.246,
404587.562,,58.819,46.067,
404687.560,,58.599,46.199,
404787.555,,58.869,45.939,
404887.550,,58.657,46.592,
404987.552,,58.773,47.348,
405087.546,,58.815,46.853,
405187.545,,58.683,45.984,
405287.543,,58.659,46.022,
405387.543,,59.009,46.647,
405487.540,,58.905,47.171,
405587.535,,58.941,47.294,
405687.532,,58.913,47.351,
405787.531,,59.129,46.264,
405887.528,,59.058,45.946,
405987.525,,59.042,44.711,
406087.525,,59.139,45.060,
406187.517,,59.175,46.893,
406287.516,,59.043,46.343,
406387.513,,59.183,45.600,
406487.513,,58.808,44.406,
406587.510,,58.897,44.180,
406687.505,,58.998,43.985,
406787.505,,58.864,44.726,
406887.502,,58.741,45.538,
406987.497,,58.667,45.784,
407087.493,,58.789,45.232,
407187.497,,58.939,44.247,
407287.490,,58.920,43.970,
407387.487,,58.917,45.055,
407487.486,,58.904,47.118,
407587.487,,58.870,47.424,
407687.480,,58.924,47.684,
407787.476,,58.878,46.798,
407887.476,,58.672,45.976,
407987.471,,58.684,45.790,
408087.475,,58.828,46.411,
408187.471,,58.720,48.104,
408287.469,,58.842,46.768,
408387.467,,58.796,45.796,
408487.466,,58.747,44.874,
408587.465,,58.811,44.185,
408687.457,,58.661,43.882,
408787.459,,58.841,44.017,
408887.458,,58.671,45.536,
408987.457,,58.754,45.476,
409087.456,,58.688,44.109,
409187.452,,58.877,43.557,
409287.447,,58.672,43.102,
409387.445,,58.823,43.047,
409487.448,,58.939,43.988,
409587.442,,58.713,45.001,
409687.444,,58.891,45.512,
409787.436,,58.940,45.946,
409887.434,,58.816,46.616,
409987.433,,58.991,49.062,
410087.431,,58.997,50.315,
410187.428,,59.097,49.853,
410287.430,,59.008,50.792,
410387.426,,58.843,50.694,
410487.427,,58.739,48.120,
410587.426,,58.830,46.940,
410687.423,,58.910,48.307,
410787.418,,58.791,48.079,
410887.420,,58.870,46.456,
410987.414,,58.951,46.992,
411087.416,,59.254,47.800,
411187.411,,59.141,48.182,
411287.413,,59.206,46.888,
411387.409,,59.083,47.044,
411487.403,,59.210,48.527,
411587.402,,59.414,50.192,
411687.403,,59.423,50.895,
411787.402,,59.359,50.172,
411887.398,,59.318,50.166,
411987.396,,59.417,49.419,
412087.392,,59.257,46.920,
412187.394,,59.298,46.160,
412287.391,,59.233,46.162,
412387.388,,59.121,46.366,
412487.384,,58.860,46.564,
412587.385,,58.799,47.199,
412687.381,,58.752,47.922,
412787.379,,58.810,47.678,
412887.380,,58.681,46.547,
412987.379,,58.854,46.543,
413087.374,,59.082,47.366,
413187.375,,58.971,47.704,
413287.368,,59.045,46.581,
413387.368,,58.974,46.049,
413487.365,,58.861,45.214,
413587.364,,58.737,44.992,
413687.365,,58.875,45.900,
413787.359,,58.816,47.007,
413887.362,,58.896,45.678,
413987.357,,58.965,45.556,
414087.357,,58.905,44.599,
414187.351,,59.049,44.350,
414287.351,,59.054,45.441,
414387.353,,59.113,47.637,
414487.351,,59.121,46.175,
414587.343,,59.127,45.754,
414687.345,,58.987,47.167,
414787.340,,58.879,47.194,
414887.337,,58.906,46.300,
414987.340,,58.977,46.510,
415087.334,,58.900,49.551,
415187.336,,58.807,50.291,
415287.332,,58.835,49.691,
415387.332,,58.830,49.957,
415487.327,,58.664,47.437,
415587.326,,58.879,47.437,
415687.327,,58.670,50.360,
415787.324,,58.886,53.946,
415887.320,,58.379,53.966,
415987.318,,58.355,52.081,
416087.318,,58.738,49.578,
416187.313,,58.949,47.552,
416287.306,,58.989,46.522,
416387.304,,58.928,47.124,
416487.303,,58.721,47.415,
416587.299,,58.671,48.709,
416687.300,,58.831,48.294,
416787.298,,58.563,48.509,
416887.290,,58.365,46.853,
416987.290,,58.544,47.122,
417087.287,,58.871,45.696,
417187.286,,58.870,45.542,
417287.279,,58.791,45.596,
417387.281,,58.871,46.419,
417487.273,,58.810,45.636,
417587.273,,58.882,44.854,
417687.269,,59.077,45.522,
417787.270,,59.050,45.887,
417887.267,,58.903,46.199,
417987.260,,59.012,46.178,
418087.256,,58.878,45.878,
418187.255,,59.043,45.235,
418287.256,,59.114,44.522,
418387.250,,58.931,45.931,
418487.245,,58.941,48.349,
418587.247,,59.061,50.014,
418687.244,,59.177,48.740,
418787.239,,59.018,46.741,
418887.233,,59.005,45.919,
418987.233,,59.018,45.615,
419087.231,,59.073,45.377,
419187.231,,59.091,45.858,
419287.227,,59.144,45.656,
419387.222,,59.131,45.224,
419487.222,,59.154,46.683,
419587.214,,59.115,46.762,
419687.217,,58.966,46.362,
419787.209,,58.895,45.454,
419887.205,,59.021,45.446,
419987.206,,58.960,45.310,
420087.205,,58.631,45.212,
420187.200,,58.588,45.375,
420287.200,,59.003,46.055,
420387.195,,59.019,46.044,
420487.195,,58.940,45.526,
420587.188,,59.016,44.572,
420687.184,,59.059,44.430,
420787.183,,58.961,44.466,
420887.183,,59.125,45.249,
420987.177,,58.997,46.341,
421087.175,,58.968,45.960,
421187.172,,58.646,45.031,
421287.172,,58.508,44.164,
421387.165,,58.587,43.953,
421487.161,,58.370,45.063,
421587.163,,58.410,45.733,
421687.156,,58.451,48.412,
421787.152,,58.485,47.089,
421887.150,,58.325,45.702,
421987.151,,58.546,46.411,
422087.143,,58.786,47.566,
422187.140,,58.619,47.254,
422287.141,,58.509,45.983,
422387.135,,58.566,45.067,
422487.137,,58.686,44.532,
422587.135,,58.672,45.294,
422687.131,,58.874,47.077,
422787.124,,58.837,47.785,
422887.122,,58.812,48.575,
422987.118,,58.787,48.315,
423087.118,,58.721,47.527,
423187.117,,58.807,46.181,
423287.115,,58.867,44.754,
423387.106,,58.835,44.269,
423487.106,,58.894,43.892,
423587.100,,58.856,45.524,
423687.104,,58.705,47.994,
423787.097,,58.717,47.387,
423887.097,,58.712,45.646,
423987.089,,58.725,46.467,
424087.089,,58.709,46.606,
424187.085,,58.729,45.793,
424287.077,,58.875,44.859,
424387.075,,58.825,43.983,
424487.068,,58.815,43.439,
424587.064,,58.944,43.713,
424687.062,,58.706,44.094,
424787.053,,58.889,45.184,
424887.047,,58.930,46.478,
424987.045,,58.875,45.400,
425087.038,,58.955,45.306,
425187.034,,58.854,44.732,
425287.033,,58.983,45.546,
425387.027,,58.918,46.099,
425487.025,,58.838,50.415,
425587.021,,58.736,52.631,
425687.014,,58.866,53.376,
425787.006,,58.499,51.865,
425887.006,,58.595,50.222,
425987.000,,58.517,51.317,
426086.995,,58.278,51.310,
426186.993,,58.577,49.452,
426286.987,,58.602,49.741,
426386.982,,58.200,49.084,
426486.977,,58.527,48.188,
426586.976,,58.266,46.982,
426686.967,,58.146,48.143,
426786.964,,58.779,46.731,
426886.957,,58.725,45.705,
426986.952,,58.754,45.187,
427086.950,,58.740,44.958,
427186.943,,58.798,45.878,
427286.938,,58.792,44.747,
427386.933,,59.058,44.131,
427486.935,,58.916,45.595,
427586.927,,58.818,46.439,
427686.926,,58.831,45.790,
427786.919,,58.812,46.265,
427886.916,,58.924,46.651,
427986.913,,58.734,47.495,
428086.903,,58.676,47.602,
428186.902,,58.681,48.214,
428286.895,,58.747,48.355,
428386.894,,58.538,47.097,
428486.888,,58.931,46.784,
428586.882,,58.898,46.244,
428686.875,,58.920,45.500,
428786.873,,58.904,46.231,
428886.866,,58.843,46.878,
428986.861,,58.963,45.767,
429086.856,,58.964,45.618,
429186.853,,58.885,44.980,
429286.850,,58.945,45.620,
429386.848,,58.913,46.246,
429486.844,,58.934,45.398,
429586.836,,59.001,44.457,
429686.833,,58.965,44.354,
429786.830,,58.807,44.265,
429886.821,,58.824,44.490,
429986.820,,59.076,45.372,
430086.811,,59.162,45.758,
430186.813,,59.060,45.440,
430286.804,,59.085,44.539,
430386.798,,59.096,45.014,
430486.794,,59.181,45.825,
430586.793,,59.126,46.506,
430686.786,,58.963,46.975,
430786.779,,58.782,47.118,
430886.776,,58.744,46.845,
430986.776,,58.862,46.136,
431086.768,,58.875,44.925,
431186.761,,58.781,44.606,
431286.761,,59.023,45.411,
431386.756,,59.191,45.025,
431486.750,,58.978,45.180,
431586.743,,59.072,44.912,
431686.742,,59.061,44.860,
431786.736,,59.101,44.650,
431886.735,,59.123,45.574,
431986.729,,59.068,45.593,
432086.728,,58.932,45.976,
432186.722,,59.060,46.549,
432286.723,,58.971,47.041,
432386.715,,58.986,46.397,
432486.716,,58.927,45.746,
432586.710,,58.914,45.142,
432686.709,,58.909,45.366,
432786.702,,58.867,44.753,
432886.706,,58.857,44.039,
432986.702,,59.035,43.833,
433086.698,,58.980,44.772,
433186.693,,58.978,45.843,
433286.692,,59.009,45.753,
433386.691,,59.094,45.152,
433486.682,,59.220,46.457,
433586.679,,59.030,47.378,
433686.679,,58.949,49.350,
433786.673,,58.930,47.662,
433886.676,,58.791,46.116,
433986.668,,58.895,45.984,
434086.669,,58.850,45.238,
434186.663,,59.039,44.810,
434286.660,,58.984,46.228,
434386.656,,58.919,46.329,
434486.656,,59.018,47.068,
434586.650,,59.129,47.868,
434686.651,,59.018,46.656,
434786.647,,58.970,45.914,
434886.643,,58.983,45.098,
434986.640,,59.042,44.928,
435086.641,,59.192,45.434,
435186.636,,59.119,46.339,
435286.634,,59.138,46.194,
435386.632,,59.207,45.144,
435486.625,,59.044,45.193,
435586.622,,59.037,44.755,
435686.619,,59.086,45.428,
435786.617,,59.117,46.682,
435886.612,,59.050,46.886,
435986.611,,59.144,45.994,
436086.609,,59.210,45.894,
436186.603,,59.171,46.625,
436286.600,,59.185,46.448,
436386.601,,59.180,46.370,
436486.597,,59.164,47.372,
436586.593,,59.261,47.786,
436686.592,,59.201,48.394,
436786.585,,59.114,48.296,
436886.585,,58.878,48.239,
436986.580,,58.634,47.182,
437086.583,,58.683,46.084,
437186.579,,58.277,45.928,
437286.573,,58.719,46.323,
437386.568,,58.853,47.322,
437486.565,,58.819,47.629,
437586.563,,58.931,48.693,
437686.560,,58.885,50.449,
437786.562,,59.029,51.888,
437886.559,,58.895,50.635,
437986.552,,58.740,48.277,
438086.553,,58.843,46.651,
438186.544,,58.936,45.937,
438286.545,,58.982,44.843,
438386.538,,58.937,44.855,
438486.542,,58.981,44.777,
438586.538,,59.061,44.733,
438686.533,,59.110,44.929,
438786.526,,58.893,45.352,
438886.527,,58.692,46.510,
438986.522,,58.952,46.754,
439086.524,,58.852,46.188,
439186.521,,58.926,44.779,
439286.515,,58.991,44.597,
439386.510,,58.962,45.015,
439486.511,,58.873,46.194,
439586.508,,58.953,46.889,
439686.506,,58.902,47.018,
439786.502,,58.888,47.264,
439886.498,,58.957,46.459,
439986.497,,59.002,46.079,
440086.490,,59.118,46.046,
440186.487,,59.255,46.277,
440286.484,,59.219,47.791,
440386.486,,58.964,48.131,
440486.480,,59.145,47.487,
440586.478,,59.207,46.256,
440686.477,,59.212,44.897,
440786.471,,59.256,44.720,
440886.472,,59.259,44.663,
440986.466,,59.300,44.358,
441086.461,,59.151,44.697,
441186.458,,59.043,45.571,
441286.456,,58.951,47.390,
441386.452,,58.993,47.644,
441486.451,,58.984,47.957,
441586.446,,59.054,46.915,
441686.448,,59.023,47.596,
441786.443,,59.168,47.336,
441886.441,,59.163,46.452,
441986.441,,59.180,45.606,
442086.437,,58.978,45.654,
442186.435,,58.918,45.098,
442286.432,,58.990,44.678,
442386.430,,58.875,43.776,
442486.427,,58.945,43.393,
442586.418,,59.009,43.521,
442686.419,,58.951,45.055,
442786.419,,58.943,47.123,
442886.415,,59.040,46.989,
442986.407,,59.027,46.566,
443086.404,,59.080,46.998,
443186.403,,58.732,48.133,
443286.403,,58.962,47.894,
443386.399,,59.126,48.316,
443486.392,,59.155,47.441,
443586.393,,59.096,47.773,
443686.391,,59.086,47.951,
443786.387,,59.004,47.635,
443886.386,,58.993,47.501,
443986.382,,59.048,46.874,
444086.379,,59.052,46.494,
444186.377,,58.955,45.455,
444286.374,,58.815,44.535,
444386.373,,58.685,44.834,
444486.366,,58.924,46.427,
444586.366,,58.939,47.793,
444686.359,,58.933,47.860,
444786.356,,59.117,47.984,
444886.359,,59.207,46.774,
444986.351,,59.357,45.519,
445086.353,,59.281,44.704,
445186.347,,59.267,44.152,
445286.345,,59.127,44.362,
445386.338,,59.153,46.027,
445486.342,,59.017,48.843,
445586.339,,58.977,51.191,
445686.334,,59.048,50.952,
445786.331,,59.018,49.252,
445886.331,,58.840,48.780,
445986.327,,58.845,47.912,
446086.322,,59.017,45.931,
446186.320,,59.102,44.911,
446286.318,,59.112,43.993,
446386.317,,58.979,43.712,
446486.308,,59.110,44.196,
446586.307,,59.007,44.211,
446686.303,,58.932,45.912,
446786.305,,58.891,46.520,
446886.302,,58.900,45.715,
446986.296,,58.989,46.944,
447086.293,,59.115,47.524,
447186.293,,58.987,45.664,
447286.285,,59.159,44.582,
447386.282,,58.915,45.198,
447486.285,,58.910,46.036,
447586.280,,58.815,45.517,
447686.279,,58.923,45.898,
447786.272,,58.936,47.151,
447886.274,,59.029,47.042,
447986.268,,58.925,46.147,
448086.269,,58.658,46.830,
448186.261,,58.958,47.421,
448286.260,,58.715,46.397,
448386.258,,59.087,46.469,
448486.257,,59.098,45.514,
448586.258,,59.150,44.247,
448686.253,,58.972,44.016,
448786.249,,58.971,43.573,
448886.246,,59.062,44.060,
448986.244,,59.066,45.103,
449086.245,,59.029,45.929,
449186.238,,58.780,45.778,
449286.240,,58.809,44.567,
449386.237,,59.094,43.952,
449486.234,,58.966,44.550,
449586.231,,58.952,45.357,
449686.225,,58.765,45.938,
449786.227,,58.868,46.185,
449886.222,,58.771,46.986,
449986.225,,58.748,46.203,
450086.221,,58.797,47.091,
450186.216,,58.841,47.743,
450286.214,,58.847,48.073,
450386.211,,58.788,47.026,
450486.212,,58.871,46.077,
450586.210,,59.022,47.101,
450686.208,,58.738,47.330,
450786.203,,58.736,46.636,
450886.198,,58.835,46.397,
450986.201,,58.912,45.369,
451086.197,,58.956,44.061,
451186.196,,58.931,43.749,
451286.193,,58.854,44.105,
451386.190,,58.835,44.842,
451486.183,,58.834,44.293,
451586.181,,59.026,44.252,
451686.183,,58.976,44.845,
451786.181,,59.007,44.996,
451886.173,,58.842,44.341,
451986.173,,59.057,43.734,
452086.170,,58.971,43.533,
452186.166,,58.963,43.800,
452286.169,,59.026,45.052,
452386.162,,58.806,47.189,
452486.163,,58.731,47.372,
452586.160,,58.829,48.453,
452686.156,,58.727,48.412,
452786.155,,58.807,47.991,
452886.154,,58.818,47.612,
452986.148,Input1*2*0,58.714,47.496,
453086.146,Input1*2*1,58.917,49.920,
453186.149,,58.863,50.608,
453286.140,,58.888,52.539,
453386.143,,58.870,50.517,
453486.142,,58.869,47.906,
453586.139,,58.780,46.172,
453686.137,,58.736,44.854,
453786.132,,58.624,43.943,
453886.133,,58.601,43.573,
453986.129,,58.471,43.464,
454086.122,,58.525,43.237,
454186.124,,58.645,42.850,
454286.123,,58.567,42.973,
454386.119,,58.637,43.128,
454486.116,,58.644,43.424,
454586.109,,58.559,44.091,
454686.112,,58.683,44.853,
454786.110,,58.740,44.631,
454886.103,,58.618,44.237,
454986.101,,58.663,44.325,
455086.104,,58.711,43.832,
455186.099,,58.628,44.159,
455286.094,,58.522,45.188,
455386.092,,58.556,44.739,
455486.093,,58.491,44.170,
455586.087,,58.431,44.113,
455686.085,,58.500,44.336,
455786.085,,58.516,44.702,
455886.082,,58.435,44.723,
455986.076,,58.515,44.640,
456086.077,,58.340,44.804,
456186.070,,58.599,44.120,
456286.067,,58.595,43.370,
456386.067,,58.471,43.789,
456486.060,,58.577,44.417,
456586.057,,58.614,45.691,
456686.051,,58.496,45.391,
456786.048,,58.835,45.425,
456886.047,,58.744,45.384,
456986.041,,58.681,44.898,
457086.040,,58.605,43.958,
457186.033,,58.638,44.170,
457286.031,,58.662,45.492,
457386.028,,58.702,45.718,
457486.024,,58.504,46.282,
457586.020,,58.419,45.617,
457686.020,,58.391,46.478,
457786.015,,58.174,46.473,
457886.011,,58.401,48.546,
457986.006,,58.425,48.599,
458086.007,,58.629,46.970,
458185.998,,58.685,46.447,
458285.995,,58.609,46.162,
458385.993,,58.731,45.316,
458485.988,,58.701,44.943,
458585.987,,58.738,45.471,
458685.984,,58.641,45.160,
458785.980,,58.628,44.417,
458885.974,,58.553,44.106,
458985.974,,58.498,44.359,
459085.970,,58.541,45.022,
459185.966,,58.616,44.753,
459285.962,,58.499,46.050,
459385.956,,58.579,46.986,
459485.952,,58.596,48.212,
459585.951,,58.359,49.374,
459685.944,,58.401,48.373,
459785.944,,58.667,49.360,
459885.937,,58.803,50.398,
459985.935,,58.714,48.777,
460085.933,,58.710,46.624,
460185.928,,58.627,46.084,
460285.923,,58.723,47.271,
460385.921,,58.633,48.246,
460485.917,,58.559,47.685,
460585.914,,58.779,46.626,
460685.912,,58.595,47.320,
460785.904,,58.669,48.440,
460885.904,,58.683,47.219,
460985.902,,58.686,45.623,
461085.896,,58.730,46.060,
461185.890,,58.798,45.734,
461285.886,,58.716,45.898,
461385.884,,58.955,46.360,
461485.880,,58.966,45.668,
461585.877,,58.862,45.902,
461685.871,,58.727,45.248,
461785.870,,58.766,45.842,
461885.863,,58.809,46.368,
461985.865,,58.742,45.175,
462085.858,,58.713,45.174,
462185.856,,58.806,45.426,
462285.855,,58.831,45.272,
462385.846,,58.860,45.127,
462485.847,,59.021,44.162,
462585.842,,58.970,44.053,
462685.838,,59.077,44.009,
462785.832,,59.164,43.502,
462885.829,,58.787,44.306,
462985.826,,58.771,44.704,
463085.822,,58.933,45.384,
463185.818,,58.888,47.033,
463285.813,,58.873,47.746,
463385.810,,58.757,46.683,
463485.809,,58.834,47.741,
463585.805,,58.773,47.262,
463685.800,,58.814,45.590,
463785.797,,58.830,45.466,
463885.792,,58.900,45.891,
463985.789,,58.910,46.507,
464085.784,,59.011,45.862,
464185.785,,58.819,45.431,
464285.778,,58.864,45.440,
464385.777,,58.934,44.903,
464485.772,,58.987,46.543,
464585.768,,58.791,46.162,
464685.767,,58.881,46.291,
464785.758,,58.891,45.567,
464885.759,,58.800,45.512,
464985.752,,58.757,44.433,
465085.748,,58.921,44.637,
465185.743,,58.707,46.321,
465285.740,,59.027,46.887,
465385.736,,58.940,45.556,
465485.736,,58.874,44.939,
465585.730,,59.052,45.752,
465685.724,,58.967,47.253,
465785.720,,59.009,48.693,
465885.721,,59.053,49.617,
465985.719,,59.187,49.286,
466085.709,,59.115,47.431,
466185.705,,59.140,46.321,
466285.705,,59.247,45.860,
466385.701,,59.144,45.176,
466485.698,,58.964,44.861,
466585.691,,59.031,44.756,
466685.692,,59.061,45.379,
466785.686,,59.256,45.411,
466885.678,,59.266,44.673,
466985.680,,59.190,43.946,
467085.673,,59.116,43.770,
467185.672,,58.963,44.297,
467285.669,,59.063,44.616,
467385.664,,59.079,44.544,
467485.657,,58.983,44.908,
467585.651,,58.705,44.927,
467685.648,,58.800,44.975,
467785.647,,58.968,45.430,
467885.646,,58.756,45.141,
467985.642,,59.017,46.250,
468085.638,,59.122,47.397,
468185.630,,59.181,47.886,
468285.627,,59.250,46.666,
468385.618,,58.998,47.276,
468485.623,,59.101,49.408,
468585.620,,59.062,50.107,
468685.613,,58.935,49.929,
468785.612,,58.912,49.393,
468885.605,,58.907,47.927,
468985.605,,58.917,46.481,
469085.595,,58.973,46.831,
469185.597,,58.982,48.351,
469285.591,,58.867,46.484,
469385.585,,58.986,45.182,
469485.580,,59.018,44.404,
469585.577,,59.128,44.565,
469685.576,,59.260,44.970,
469785.575,,59.250,45.829,
469885.569,,59.143,46.371,
469985.563,,59.240,46.388,
470085.564,,59.238,46.155,
470185.557,,59.219,47.160,
470285.554,,59.117,47.924,
470385.548,,59.162,48.476,
470485.543,,59.219,52.753,
470585.542,,59.033,51.141,
470685.537,,58.938,51.339,
470785.536,,58.689,49.579,
470885.533,,58.815,47.657,
470985.525,,58.658,45.931,
471085.524,,58.807,44.927,
471185.518,,58.853,46.460,
471285.514,,58.895,48.606,
471385.514,,58.818,48.532,
471485.507,,58.939,46.802,
471585.504,,58.853,45.653,
471685.501,,58.833,44.811,
471785.496,,58.836,44.462,
471885.490,,58.836,44.809,
471985.490,,59.002,45.565,
472085.488,,58.922,45.768,
472185.481,,59.054,45.225,
472285.479,,59.102,45.071,
472385.474,,59.015,44.491,
472485.471,,59.052,44.099,
472585.469,,58.916,44.175,
472685.466,,58.771,44.603,
472785.465,,58.922,44.967,
472885.462,,58.943,44.282,
472985.456,,59.032,44.937,
473085.459,,59.063,45.196,
473185.456,,59.022,46.258,
473285.453,,58.902,46.760,
473385.450,,58.918,47.024,
473485.447,,58.786,45.526,
473585.442,,58.929,44.902,
473685.440,,58.898,45.994,
473785.433,,59.117,47.511,
473885.434,,59.334,49.139,
473985.427,,59.367,50.321,
474085.423,,59.218,50.551,
474185.424,,59.279,52.382,
474285.423,,59.099,52.988,
474385.416,,58.989,53.635,
474485.413,,59.003,52.052,
474585.408,,58.895,50.504,
474685.408,,58.863,49.741,
474785.407,,58.729,48.077,
474885.400,,58.814,46.905,
474985.400,,58.704,45.746,
475085.395,,58.718,44.502,
475185.394,,58.857,44.133,
475285.391,,58.553,43.978,
475385.388,,58.340,43.812,
475485.383,,58.311,44.048,
475585.378,,58.669,44.191,
475685.378,,58.761,44.765,
475785.373,,58.693,45.260,
475885.370,,58.926,45.294,
475985.370,,58.978,44.712,
476085.367,,58.980,45.935,
476185.364,,58.800,46.364,
476285.360,,59.190,46.262,
476385.360,,59.011,46.299,
476485.352,,58.849,47.964,
476585.354,,58.984,46.395,
476685.350,,59.150,46.047,
476785.346,,58.912,45.491,
476885.344,,58.910,45.114,
476985.337,,58.941,44.340,
477085.338,,59.179,44.398,
477185.332,,59.085,44.538,
477285.333,,58.995,45.277,
477385.324,,59.142,47.083,
477485.326,,59.144,46.047,
477585.321,,59.143,45.927,
477685.315,,59.128,46.152,
477785.318,,59.075,46.350,
477885.311,,59.096,46.209,
477985.310,,59.102,46.681,
478085.305,,59.156,45.688,
478185.303,,59.282,45.695,
478285.297,,59.286,47.354,
478385.300,,59.230,47.707,
478485.293,,59.136,48.174,
478585.290,,59.258,49.372,
478685.286,,58.938,47.480,
478785.283,,59.159,45.670,
478885.285,,59.104,44.924,
478985.280,,59.025,46.078,
479085.274,,58.959,46.651,
479185.275,,58.942,46.975,
479285.273,,59.023,45.931,
479385.267,,58.971,44.683,
479485.264,,59.009,44.638,
479585.263,,58.978,45.228,
479685.259,,58.976,46.504,
479785.252,,58.967,47.407,
479885.254,,59.015,47.889,
479985.251,,58.885,46.735,
480085.244,,58.993,45.244,
480185.244,,59.010,44.641,
480285.243,,59.075,45.488,
480385.239,,59.080,44.840,
480485.235,,59.145,44.424,
480585.236,,59.185,44.624,
480685.234,,59.109,47.260,
480785.229,,58.986,50.404,
480885.230,,58.807,49.083,
480985.228,,58.784,48.203,
481085.223,,58.769,46.285,
481185.221,,58.779,45.607,
481285.220,,58.945,44.813,
481385.212,,58.943,44.975,
481485.213,,58.933,45.508,
481585.212,,58.937,45.373,
481685.207,,59.002,44.455,
481785.207,,59.029,45.142,
481885.205,,58.925,46.306,
481985.199,,59.092,46.548,
482085.197,,59.261,47.004,
482185.194,,59.104,45.906,
482285.190,,59.218,46.324,
482385.192,,59.370,46.194,
482485.191,,59.304,45.593,
482585.183,,59.281,45.204,
482685.182,,58.955,44.868,
482785.181,,59.014,44.151,
482885.176,,59.376,44.534,
482985.176,,59.298,44.431,
483085.174,,59.363,44.006,
483185.172,,59.283,44.517,
483285.170,,59.420,44.676,
483385.164,,59.326,44.583,
483485.167,,59.400,44.659,
483585.160,,59.347,45.152,
483685.161,,59.179,45.278,
483785.157,,59.160,46.512,
483885.154,,59.177,47.438,
483985.153,,59.000,47.745,
484085.148,,59.312,46.550,
484185.148,,59.020,45.154,
484285.146,,59.052,44.085,
484385.140,,59.192,43.996,
484485.138,,59.295,45.775,
484585.134,,59.318,47.389,
484685.134,,59.041,47.872,
484785.130,,59.020,47.557,
484885.126,,58.998,46.635,
484985.129,,58.711,45.887,
485085.126,,58.743,44.971,
485185.124,,58.739,44.747,
485285.119,,58.679,44.822,
485385.114,,58.753,45.504,
485485.113,,58.901,45.989,
485585.113,,59.027,45.624,
485685.108,,59.007,45.365,
485785.108,,59.091,45.219,
485885.105,,59.052,46.476,
485985.104,,59.047,48.221,
486085.098,,59.008,48.257,
486185.095,,59.032,48.732,
486285.097,,59.177,49.408,
486385.090,,59.082,47.962,
486485.088,,59.248,45.873,
486585.089,,59.154,45.240,
486685.082,,59.179,44.906,
486785.079,,59.144,45.324,
486885.083,,59.136,45.136,
486985.075,,59.053,45.619,
487085.073,,58.936,45.724,
487185.074,,58.958,46.547,
487285.073,,59.014,48.834,
487385.066,,58.954,49.681,
487485.063,,58.999,47.328,
487585.064,,58.797,45.500,
487685.061,,58.569,45.259,
487785.057,,58.350,45.085,
487885.054,,58.345,45.317,
487985.049,,58.096,45.640,
488085.048,,58.173,46.133,
488185.043,,58.498,46.165,
488285.042,,58.621,45.415,
488385.036,,58.735,44.555,
488485.033,,58.972,44.710,
488585.028,,58.953,45.932,
488685.028,,59.123,45.977,
488785.024,,59.103,45.744,
488885.019,,59.097,45.009,
488985.017,,58.959,44.491,
489085.010,,59.083,44.249,
489185.005,,59.051,44.005,
489285.002,,58.988,44.831,
489385.000,,58.845,45.496,
489484.998,,58.906,45.310,
489584.993,,58.914,44.392,
489684.992,,58.956,44.880,
489784.988,,58.848,45.403,
489884.982,,58.880,47.165,
489984.976,,58.886,47.108,
490084.976,,58.945,45.835,
490184.972,,58.975,45.091,
490284.969,,59.048,45.071,
490384.962,,59.039,45.721,
490484.960,,58.712,46.001,
490584.956,,58.934,46.389,
490684.953,,58.901,46.768,
490784.947,,58.925,47.132,
490884.944,,59.013,47.125,
490984.940,,59.001,46.434,
491084.937,,59.042,46.105,
491184.935,,58.851,45.095,
491284.927,,58.677,44.165,
491384.924,,58.732,44.015,
491484.925,,58.810,44.129,
491584.920,,58.902,44.967,
491684.914,,58.842,46.508,
491784.910,,59.106,47.810,
491884.906,,58.985,46.211,
491984.901,,58.819,45.433,
492084.897,,58.910,44.926,
492184.898,,58.957,45.288,
492284.890,,59.040,45.856,
492384.887,,59.152,45.511,
492484.883,,59.001,45.076,
492584.882,,59.068,44.903,
492684.880,,59.036,45.105,
492784.875,,59.031,45.322,
492884.869,,58.889,44.839,
492984.869,,59.004,45.049,
493084.862,,58.990,45.173,
493184.858,,58.962,45.369,
493284.852,,58.962,45.720,
493384.849,,58.955,46.422,
493484.851,,58.896,46.982,
493584.840,,58.794,45.707,
493684.842,,58.803,45.114,
493784.839,,58.761,44.774,
493884.833,,58.720,44.871,
493984.826,,58.569,45.335,
494084.822,,58.909,44.762,
494184.824,,58.914,44.698,
494284.816,,58.872,45.547,
494384.813,,58.768,45.242,
494484.811,,58.897,44.895,
494584.810,,58.866,44.466,
494684.803,,59.016,44.265,
494784.802,,58.918,44.037,
494884.797,,58.803,43.774,
494984.790,,58.899,43.556,
495084.785,,59.052,44.918,
495184.786,,59.098,46.345,
495284.778,,58.930,47.528,
495384.774,,59.021,49.134,
495484.773,,58.684,48.807,
495584.766,,58.795,47.945,
495684.769,,58.853,46.024,
495784.759,,58.826,45.824,
495884.759,,58.660,45.774,
495984.756,,58.592,46.652,
496084.753,,59.088,47.233,
496184.749,,58.555,47.636,
496284.752,,58.522,47.502,
496384.747,,58.636,47.175,
496484.746,,58.903,47.363,
496584.748,,59.079,46.326,
496684.744,,59.011,46.278,
496784.739,,59.129,45.566,
496884.740,,58.998,45.661,
496984.739,,58.877,44.620,
497084.733,,59.163,43.879,
497184.733,,59.148,43.333,
497284.734,,58.916,43.870,
497384.729,,58.921,45.047,
497484.724,,58.914,45.238,
497584.724,,59.014,45.097,
497684.721,,58.998,47.385,
497784.718,,58.821,47.342,
497884.716,,58.946,45.801,
497984.714,,58.940,45.678,
498084.715,,58.917,45.658,
498184.711,,58.968,46.194,
498284.712,,58.906,46.144,
498384.707,,58.787,45.943,
498484.708,,58.789,44.930,
498584.703,,58.675,45.192,
498684.705,,58.572,46.030,
498784.702,,58.585,49.713,
498884.702,,58.728,51.395,
498984.697,,58.805,49.860,
499084.694,,58.875,48.896,
499184.693,,58.841,47.100,
499284.690,,58.833,49.413,
499384.692,,58.766,50.147,
499484.687,,58.727,48.981,
499584.689,,58.856,48.502,
499684.686,,58.759,47.698,
499784.684,,58.738,46.181,
499884.680,,58.749,45.818,
499984.678,,58.770,45.903,
500084.677,,58.903,47.714,
500184.673,,58.956,47.601,
500284.672,,58.758,45.831,
500384.672,,58.921,45.217,
500484.668,,59.126,44.929,
500584.667,,59.082,44.349,
500684.664,,59.078,43.722,
500784.665,,59.110,43.937,
500884.664,,58.889,43.963,
500984.656,,58.983,43.970,
501084.655,,59.025,44.634,
501184.656,,58.893,45.612,
501284.655,,59.022,45.839,
501384.652,,59.175,45.628,
501484.649,,59.064,45.850,
501584.651,,59.083,45.932,
501684.649,,59.050,45.873,
501784.647,,59.130,45.372,
501884.644,,59.197,44.518,
501984.639,,59.322,44.251,
502084.639,,59.186,43.732,
502184.636,,59.109,43.374,
502284.631,,58.973,43.455,
502384.635,,58.918,43.420,
502484.632,,58.847,43.211,
502584.628,,58.852,43.563,
502684.628,,58.751,43.165,
502784.622,,58.760,43.874,
502884.624,,58.789,45.147,
502984.619,,58.795,45.501,
503084.620,,58.912,46.347,
503184.620,,58.821,48.047,
503284.615,,58.751,47.168,
503384.613,,58.744,45.895,
503484.610,,58.926,45.510,
503584.608,,58.922,45.019,
503684.604,,58.948,45.223,
503784.602,,59.214,44.964,
503884.602,,59.039,44.656,
503984.597,,59.054,46.451,
504084.594,,59.066,46.084,
504184.590,,58.944,47.806,
504284.585,,58.947,48.002,
504384.581,,58.784,48.333,
504484.583,,59.043,49.625,
504584.577,,59.080,49.917,
504684.573,,59.044,48.796,
504784.568,,58.962,48.986,
504884.564,,58.963,47.411,
504984.564,,58.935,45.986,
505084.561,,58.869,47.871,
505184.555,,58.911,50.158,
505284.551,,58.781,49.886,
505384.546,,58.920,48.992,
505484.542,,59.071,48.520,
505584.537,,58.935,47.281,
505684.536,,58.993,46.458,
505784.528,,59.119,45.289,
505884.526,,59.139,44.910,
505984.522,,59.197,44.720,
506084.522,,59.200,44.401,
506184.519,,59.064,44.803,
506284.511,,59.054,44.995,
506384.505,,59.116,46.497,
506484.504,,59.034,47.541,
506584.503,,59.118,47.032,
506684.495,,59.015,46.860,
506784.493,,58.837,47.525,
506884.489,,58.945,49.304,
506984.485,,58.900,47.596,
507084.481,,58.766,46.696,
507184.477,,58.789,46.331,
507284.476,,58.855,45.924,
507384.474,,58.807,45.378,
507484.468,,58.914,45.198,
507584.464,,59.072,44.632,
507684.461,,59.034,44.884,
507784.457,,59.074,46.334,
507884.454,,59.289,47.632,
507984.449,,59.006,47.823,
508084.440,,59.308,47.344,
508184.437,,59.323,48.049,
508284.435,,59.167,48.196,
508384.433,,59.228,47.319,
508484.430,,59.272,48.503,
508584.425,,59.137,51.327,
508684.418,,59.035,49.434,
508784.416,,58.965,47.588,
508884.411,,58.915,46.243,
508984.413,,59.011,47.083,
509084.403,,58.906,48.122,
509184.401,,58.938,48.508,
509284.397,,59.005,47.733,
509384.395,,59.100,46.370,
509484.393,,59.114,44.970,
509584.385,,58.839,43.946,
509684.381,,58.994,43.575,
509784.378,,59.068,44.011,
509884.375,,59.047,45.397,
509984.372,,59.075,46.451,
510084.370,,59.117,47.181,
510184.364,,58.955,46.553,
510284.360,,59.018,45.957,
510384.357,,58.953,46.059,
510484.351,,58.894,45.824,
510584.347,,58.813,45.890,
510684.344,,58.870,46.777,
510784.341,,58.855,48.053,
510884.337,,58.960,48.957,
510984.332,,58.977,47.619,
511084.332,,59.036,46.502,
511184.324,,59.050,45.440,
511284.323,,59.191,45.075,
511384.321,,59.180,46.246,
511484.313,,59.144,46.820,
511584.311,,59.158,46.747,
511684.308,,59.144,46.204,
511784.300,,59.192,45.010,
511884.301,,59.158,45.487,
511984.296,,59.206,45.656,
512084.296,,59.196,45.147,
512184.289,,59.019,45.497,
512284.287,,59.359,45.367,
512384.287,,59.067,44.266,
512484.284,,59.093,44.419,
512584.275,,59.113,44.404,
512684.275,,59.106,44.668,
512784.272,,59.081,46.882,
512884.269,,58.874,48.077,
512984.265,,58.776,49.208,
513084.266,,58.642,48.735,
513184.263,,58.599,49.507,
513284.259,,58.453,50.087,
513384.255,,58.369,51.469,
513484.250,,58.543,51.972,
513584.251,,58.604,51.388,
513684.244,,58.570,49.119,
513784.243,,58.562,47.473,
513884.243,,58.503,46.439,
513984.239,,58.607,45.329,
514084.234,,58.810,44.471,
514184.228,,58.651,43.931,
514284.227,,58.811,43.438,
514384.224,,58.748,43.055,
514484.219,,58.708,42.867,
514584.218,,58.715,43.120,
514684.217,,58.733,43.464,
514784.210,,58.894,44.066,
514884.211,,58.867,44.054,
514984.204,,59.119,45.562,
515084.205,,59.107,46.339,
515184.201,,59.138,46.341,
515284.197,,59.118,46.920,
515384.195,,58.993,45.960,
515484.192,,58.700,44.623,
515584.189,,58.738,43.623,
515684.183,,58.704,43.406,
515784.183,,58.761,43.325,
515884.178,,58.607,43.841,
515984.176,,58.597,43.816,
516084.173,,58.428,43.617,
516184.169,,58.649,43.634,
516284.167,,58.888,44.291,
516384.169,,58.739,45.007,
516484.164,,58.752,45.723,
516584.158,,58.787,46.192,
516684.157,,58.890,44.944,
516784.155,,58.842,45.338,
516884.152,,58.788,46.780,
516984.150,,59.015,47.690,
517084.142,,59.032,47.801,
517184.143,,58.996,47.094,
517284.141,,58.925,45.529,
517384.133,,58.824,44.838,
517484.136,,58.732,44.511,
517584.132,,58.917,45.174,
517684.126,,58.651,44.445,
517784.124,,58.763,44.579,
517884.123,,58.845,44.437,
517984.117,,58.784,45.083,
518084.119,,58.886,44.959,
518184.111,,58.705,44.820,
518284.110,,58.801,45.687,
518384.105,,58.787,46.223,
518484.105,,58.803,46.289,
518584.101,,58.880,45.864,
518684.099,,58.932,45.456,
518784.097,,58.914,45.179,
518884.090,,58.932,45.137,
518984.092,,58.901,44.251,
519084.086,,58.876,43.646,
519184.086,,58.811,44.191,
519284.082,,58.590,44.730,
519384.077,,58.709,44.228,
519484.073,,58.750,47.230,
519584.073,,58.670,50.247,
519684.068,,58.751,51.671,
519784.069,,58.951,50.554,
519884.063,,58.874,49.228,
519984.058,,58.923,47.057,
520084.059,,58.570,45.410,
520184.055,,58.552,45.363,
520284.050,,58.758,45.459,
520384.047,,58.748,44.731,
520484.042,,58.790,43.778,
520584.040,,58.741,43.198,
520684.038,,58.644,43.689,
520784.038,,58.849,44.982,
520884.031,,58.288,44.990,
520984.033,,58.552,44.629,
521084.028,,58.834,45.700,
521184.023,,58.917,46.267,
521284.025,,58.993,46.838,
521384.020,,58.986,46.436,
521484.016,,58.868,46.998,
521584.015,,58.848,46.033,
521684.009,,58.633,45.112,
521784.007,,58.579,44.932,
521884.005,,58.587,47.039,
521984.003,,58.719,45.734,
522084.000,,58.737,46.708,
522183.997,,58.867,46.891,
522283.990,,58.869,47.022,
522383.987,,58.901,47.627,
522483.989,,58.894,47.317,
522583.985,,58.863,46.754,
522683.983,,58.995,46.532,
522783.974,,58.882,45.604,
522883.973,,58.995,45.079,
522983.968,,58.928,44.978,
523083.967,,58.775,45.510,
523183.968,,58.844,45.184,
523283.965,,59.009,44.814,
523383.960,,58.942,43.851,
523483.956,,58.834,43.720,
523583.956,,58.879,45.306,
523683.949,,58.942,47.983,
523783.945,,58.906,48.584,
523883.942,,58.880,48.883,
523983.945,,59.036,48.532,
524083.938,,59.050,47.201,
524183.938,,58.953,46.097,
524283.935,,58.951,45.028,
524383.927,,58.852,44.960,
524483.930,,58.913,44.845,
524583.922,,58.966,43.990,
524683.920,,58.872,43.771,
524783.916,,58.881,44.931,
524883.917,,58.876,46.300,
524983.910,,58.679,45.713,
525083.912,,58.923,44.494,
525183.906,,58.820,44.259,
525283.907,,58.816,44.540,
525383.897,,58.803,45.092,
525483.898,,58.745,44.614,
525583.896,,58.851,44.573,
525683.894,,58.644,43.642,
525783.890,,58.735,43.278,
525883.885,,58.630,43.934,
525983.885,,58.662,45.132,
526083.877,,58.772,46.778,
526183.880,,58.743,47.431,
526283.872,,58.740,47.266,
526383.870,,58.918,45.851,
526483.867,,58.912,45.402,
526583.862,,58.967,44.960,
526683.862,,59.099,45.979,
526783.860,,58.999,46.538,
526883.857,,59.000,45.085,
526983.854,,59.041,44.581,
527083.852,,59.046,44.364,
527183.846,,58.894,44.653,
527283.846,,58.859,44.310,
527383.839,,59.047,44.038,
527483.836,,59.257,43.433,
527583.833,,59.197,43.532,
527683.830,,59.245,44.535,
527783.826,,58.951,45.796,
527883.825,,59.026,46.330,
527983.824,,58.935,46.860,
528083.820,,58.830,46.452,
528183.817,,58.827,45.600,
528283.811,,58.862,44.357,
528383.810,,58.629,43.747,
528483.806,,58.727,43.495,
528583.801,,58.671,43.081,
528683.802,,58.780,43.504,
528783.796,,58.713,43.734,
528883.794,,58.847,43.779,
528983.793,,58.951,45.102,
529083.790,,58.878,46.007,
529183.787,,59.042,45.566,
529283.780,,58.880,45.540,
529383.774,,58.730,44.717,
529483.774,,58.763,46.014,
529583.771,,58.756,45.843,
529683.768,,58.686,44.443,
529783.766,,58.706,43.874,
529883.764,,58.750,44.437,
529983.759,,58.943,45.007,
530083.752,,58.966,47.412,
530183.749,,58.695,47.123,
530283.750,,58.800,45.534,
530383.742,,58.719,44.595,
530483.744,,58.892,45.619,
530583.735,,58.830,45.949,
530683.736,,58.903,46.104,
530783.731,,58.901,46.954,
530883.725,,59.022,45.861,
530983.727,,58.990,45.299,
531083.720,,58.969,47.393,
531183.718,,58.818,48.023,
531283.717,,58.934,48.909,
531383.713,,58.940,48.247,
531483.706,,58.887,47.264,
531583.707,,58.863,46.618,
531683.699,,58.913,48.364,
531783.701,,58.943,48.527,
531883.691,,58.697,48.867,
531983.690,,58.529,48.580,
532083.686,,58.668,48.530,
532183.686,,58.685,46.595,
532283.681,,58.689,45.453,
532383.680,,58.552,46.184,
532483.674,,58.561,46.208,
532583.673,,58.640,45.957,
532683.665,,58.650,45.304,
532783.665,,58.677,44.059,
532883.663,,58.713,43.820,
532983.660,,58.825,44.230,
533083.652,,58.802,44.547,
533183.653,,58.791,45.200,
533283.650,,58.935,45.104,
533383.645,,58.874,44.358,
533483.643,,59.098,44.775,
533583.638,,59.027,44.751,
533683.635,,59.091,45.619,
533783.631,,59.027,46.343,
533883.626,,59.047,47.493,
533983.623,,59.019,47.131,
534083.624,,59.054,46.897,
534183.617,,58.948,45.854,
534283.617,,58.903,44.528,
534383.614,,59.010,44.220,
534483.606,,59.198,44.425,
534583.603,,59.088,45.532,
534683.601,,59.026,46.384,
534783.601,,59.109,47.286,
534883.593,,58.917,49.615,
534983.589,,58.937,50.595,
535083.588,,58.823,48.455,
535183.584,,58.817,47.992,
535283.585,,58.844,48.071,
535383.580,,58.766,48.385,
535483.574,,58.734,49.297,
535583.573,,58.844,49.987,
535683.570,,58.778,49.387,
535783.564,,58.561,48.040,
535883.565,,58.767,46.566,
535983.563,,58.907,45.122,
536083.554,,58.868,44.655,
536183.557,,58.841,44.658,
536283.555,,58.837,44.417,
536383.552,,58.828,45.106,
536483.548,,58.766,45.995,
536583.548,,58.890,46.940,
536683.544,,58.815,46.836,
536783.538,,58.721,46.737,
536883.535,,58.693,46.641,
536983.537,,58.735,46.612,
537083.530,,58.753,45.831,
537183.533,,58.877,46.975,
537283.527,,58.863,47.769,
537383.526,,58.838,46.061,
537483.521,,58.852,45.614,
537583.524,,59.043,45.219,
537683.520,,59.090,45.307,
537783.518,,58.972,46.098,
537883.514,,58.992,46.784,
537983.508,,59.206,48.124,
538083.510,,59.041,49.115,
538183.509,,58.954,49.776,
538283.507,,59.056,51.717,
538383.503,,58.919,50.713,
538483.502,,58.957,51.990,
538583.499,,58.882,49.481,
538683.491,,58.832,48.426,
538783.488,,58.952,48.269,
538883.491,,58.846,48.430,
538983.484,,58.914,47.224,
539083.485,,59.041,46.988,
539183.484,,59.103,46.040,
539283.482,,59.048,44.844,
539383.474,,59.102,43.963,
539483.474,,59.005,43.595,
539583.472,,59.062,44.091,
539683.473,,58.966,44.747,
539783.464,,59.146,44.542,
539883.465,,58.810,43.894,
539983.462,,58.822,44.848,
540083.457,,58.896,47.004,
540183.456,,58.934,48.064,
540283.455,,58.889,48.666,
540383.449,,58.841,48.546,
540483.447,,59.031,48.097,
540583.446,,58.976,48.721,
540683.446,,59.036,47.559,
540783.445,,59.021,46.608,
540883.438,,59.022,46.329,
540983.437,,59.061,46.061,
541083.436,,58.805,46.694,
541183.433,,58.892,46.618,
541283.433,,58.916,46.134,
541383.429,,58.851,45.691,
541483.428,,58.743,45.249,
541583.420,,58.795,45.398,
541683.422,,58.793,46.443,
541783.420,,58.899,47.622,
541883.414,,58.758,48.239,
541983.416,,58.797,47.746,
542083.414,,58.812,46.491,
542183.409,,58.916,46.226,
542283.407,,58.857,47.356,
542383.401,,58.824,49.103,
542483.402,,58.792,48.882,
542583.398,,58.858,49.438,
542683.398,,58.860,48.577,
542783.393,,58.762,46.736,
542883.393,,58.737,45.571,
542983.387,,59.083,46.287,
543083.389,,59.086,48.017,
543183.381,,58.968,48.558,
543283.383,,58.964,50.187,
543383.383,,58.783,50.586,
543483.375,,58.975,48.703,
543583.373,,58.651,49.573,
543683.372,,58.437,48.802,
543783.366,,58.736,47.800,
543883.369,,58.934,47.750,
543983.364,,58.961,47.037,
544083.363,,58.962,46.794,
544183.355,,58.914,47.331,
544283.353,,58.975,47.269,
544383.355,,59.063,49.098,
544483.349,,58.908,50.650,
544583.349,,58.896,49.986,
544683.346,,59.045,48.411,
544783.337,,59.011,46.699,
544883.340,,58.953,45.590,
544983.335,,58.882,44.977,
545083.330,,58.904,46.240,
545183.326,,59.034,46.456,
545283.322,,58.876,47.097,
545383.322,,58.906,46.676,
545483.317,,58.974,45.142,
545583.314,,58.946,44.309,
545683.310,,58.960,44.401,
545783.313,,59.038,44.650,
545883.305,,59.014,46.075,
545983.302,,59.002,47.952,
546083.303,,58.950,47.390,
546183.299,,58.695,47.625,
546283.295,,58.980,47.368,
546383.293,,58.888,46.152,
546483.287,,58.666,45.398,
546583.283,,58.676,45.152,
546683.280,,58.458,45.341,
546783.282,,58.515,46.413,
546883.280,,58.511,46.694,
546983.276,,58.613,46.723,
547083.271,,58.548,45.461,
547183.267,,58.422,44.467,
547283.266,,58.569,44.030,
547383.264,,58.762,43.951,
547483.256,,58.520,44.100,
547583.255,,58.691,45.145,
547683.256,,58.723,45.828,
547783.248,,58.765,45.764,
547883.250,,58.802,44.832,
547983.247,,58.825,43.979,
548083.243,,58.638,43.696,
548183.236,,58.620,43.812,
548283.239,,58.431,43.829,
548383.234,,58.418,43.996,
548483.231,,58.595,44.752,
548583.224,,58.660,45.679,
548683.221,,58.568,45.719,
548783.218,,58.769,45.185,
548883.214,,58.855,44.965,
548983.212,,58.903,45.143,
549083.214,,58.723,46.466,
549183.211,,58.863,46.917,
549283.208,,58.874,45.771,
549383.203,,58.777,44.980,
549483.198,,58.923,45.755,
549583.194,,58.765,46.517,
549683.193,,58.663,44.954,
549783.192,,58.684,44.350,
549883.186,,58.645,44.990,
549983.186,,58.663,45.058,
550083.181,,58.603,44.887,
550183.177,,58.785,44.795,
550283.173,,58.756,45.904,
550383.170,,58.890,47.647,
550483.171,,58.981,48.481,
550583.163,,58.861,49.095,
550683.166,,58.982,50.495,
550783.163,,59.047,49.374,
550883.159,,59.012,49.996,
550983.156,,59.039,50.059,
551083.151,,58.806,48.910,
551183.148,,58.815,48.617,
551283.148,,58.753,46.556,
551383.140,,58.778,44.871,
551483.137,,58.682,43.700,
551583.136,,58.731,43.226,
551683.137,,58.715,43.855,
551783.131,,58.657,44.573,
551883.127,,58.759,45.376,
551983.124,,58.942,45.473,
552083.120,,58.839,46.489,
552183.120,,58.875,45.431,
552283.113,,58.888,45.070,
552383.113,,58.954,45.053,
552483.108,,59.087,44.728,
552583.104,,59.126,44.286,
552683.099,,59.026,44.230,
552783.098,,58.909,45.268,
552883.094,,58.899,45.069,
552983.090,,58.833,45.791,
553083.090,,58.776,44.858,
553183.088,,58.743,45.881,
553283.079,,58.777,46.173,
553383.076,,58.777,45.037,
553483.074,,58.912,44.390,
553583.070,,58.844,44.603,
553683.066,,58.832,45.207,
553783.065,,58.424,45.762,
553883.064,,58.727,45.258,
553983.059,,58.724,44.005,
554083.056,,58.650,43.696,
554183.055,,58.725,43.945,
554283.049,,58.614,44.372,
554383.043,,58.372,45.040,
554483.044,,58.542,44.680,
554583.038,,58.632,44.853,
554683.038,,58.504,44.179,
554783.034,,58.644,44.544,
554883.031,,58.840,45.217,
554983.025,,58.647,47.016,
555083.024,,58.770,46.991,
555183.021,,58.938,46.195,
555283.018,,58.849,46.315,
555383.015,,58.811,47.201,
555483.011,,58.923,46.548,
555583.005,,58.955,46.345,
555683.003,,58.728,45.687,
555782.999,,58.755,44.968,
555882.995,,58.758,46.012,
555982.994,,58.676,45.696,
556082.989,,58.903,45.115,
556182.984,,58.773,45.634,
556282.984,,58.783,45.334,
556382.977,,58.842,46.487,
556482.980,,58.779,46.238,
556582.975,,58.670,47.092,
556682.973,,58.668,47.418,
556782.965,,58.712,47.830,
556882.965,,58.739,46.378,
556982.963,,58.881,45.135,
557082.954,,58.771,44.197,
557182.950,,58.843,43.311,
557282.953,,58.766,42.837,
557382.944,,58.674,42.684,
557482.944,,58.669,43.418,
557582.938,,58.695,43.729,
557682.935,,58.549,43.948,
557782.931,,58.752,43.514,
557882.929,,58.684,42.977,
557982.929,,58.791,43.026,
558082.926,,58.658,42.698,
558182.923,,58.787,43.456,
558282.920,,58.588,44.638,
558382.915,,58.726,45.989,
558482.914,,58.476,46.950,
558582.893,,58.572,46.818,
558682.906,,58.604,46.218,
558782.901,,58.535,44.819,
558882.899,,58.835,44.405,
558982.895,,59.019,44.319,
559082.891,,58.808,44.072,
559182.891,,58.939,44.608,
559282.887,,58.540,44.822,
559382.882,,58.580,45.508,
559482.878,,58.719,45.014,
559582.876,,58.565,44.167,
559682.869,,58.725,44.528,
559782.866,,58.898,46.549,
559882.863,,58.694,45.979,
559982.865,,58.773,45.864,
560082.860,,58.616,45.593,
560182.860,,58.800,44.485,
560282.854,,58.806,45.580,
560382.852,,58.809,45.938,
560482.852,,58.747,45.705,
560582.852,,58.825,46.979,
560682.849,,58.507,45.726,
560782.847,,58.526,45.050,
560882.839,,58.572,45.823,
560982.836,,58.629,45.153,
561082.838,,58.539,46.549,
561182.834,,58.524,48.074,
561282.833,,58.433,48.541,
561382.829,,58.630,48.183,
561482.830,,58.632,46.768,
561582.823,,58.678,47.304,
561682.825,,58.870,49.917,
561782.820,,58.597,49.083,
561882.821,,58.566,47.349,
561982.818,,58.552,46.512,
562082.812,,58.991,46.876,
562182.811,,58.563,49.255,
562282.810,,58.332,49.874,
562382.806,,58.170,50.550,
562482.802,,58.184,48.628,
562582.804,,58.344,46.431,
562682.798,,58.454,45.567,
562782.796,,58.298,44.985,
562882.791,,58.850,45.510,
562982.790,,59.023,46.863,
563082.791,,58.689,49.596,
563182.786,,58.546,50.445,
563282.785,,58.385,50.508,
563382.786,,58.240,48.921,
563482.779,,58.272,48.107,
563582.778,,58.534,47.033,
563682.777,,58.561,45.467,
563782.773,,58.492,45.744,
563882.774,,58.733,46.480,
563982.772,,58.555,47.149,
564082.765,,58.613,48.088,
564182.763,,58.389,47.417,
564282.761,,58.404,46.986,
564382.757,,58.438,45.945,
564482.754,,58.471,45.033,
564582.756,,58.487,44.852,
564682.755,,58.736,45.706,
564782.747,,58.697,44.637,
564882.745,,58.479,43.999,
564982.748,,58.463,44.505,
565082.742,,58.487,45.388,
565182.741,,58.349,44.584,
565282.735,,58.449,44.321,
565382.735,,58.487,45.276,
565482.735,,58.427,47.267,
565582.732,,58.650,46.738,
565682.726,,58.666,46.334,
565782.729,,58.516,46.355,
565882.722,,58.431,45.685,
565982.724,,58.343,46.820,
566082.717,,58.247,47.153,
566182.717,,58.288,47.988,
566282.713,,58.394,49.302,
566382.710,,58.390,48.577,
566482.709,,58.512,47.646,
566582.711,,58.640,46.849,
566682.703,,58.341,46.311,
566782.706,,58.430,46.212,
566882.701,,58.515,45.735,
566982.699,,58.293,45.535,
567082.693,,58.330,45.754,
567182.697,,58.495,45.027,
567282.694,,58.419,45.352,
567382.690,,58.346,45.602,
567482.686,,58.551,44.923,
567582.682,,58.568,46.053,
567682.681,,58.532,47.853,
567782.678,,58.600,47.673,
567882.680,,58.589,47.658,
567982.672,,58.590,48.902,
568082.668,,58.328,48.839,
568182.666,,58.367,47.846,
568282.666,,58.360,47.810,
568382.661,,58.372,48.203,
568482.658,,58.573,47.121,
568582.655,,58.533,48.126,
568682.648,,58.700,48.131,
568782.651,,58.683,47.386,
568882.642,,58.578,46.760,
568982.638,,58.634,48.120,
569082.639,,58.558,47.466,
569182.632,,58.663,46.195,
569282.629,,58.688,46.779,
569382.628,,58.554,47.279,
569482.627,,58.497,48.144,
569582.621,,58.463,47.075,
569682.620,,58.538,47.174,
569782.615,,58.385,46.943,
569882.610,,58.405,46.048,
569982.605,,58.483,45.086,
570082.607,,58.603,43.851,
570182.600,,58.566,43.594,
570282.595,,58.478,44.003,
570382.597,,58.490,44.144,
570482.594,,58.513,43.642,
570582.587,,58.440,44.001,
570682.586,,58.534,44.349,
570782.578,,58.416,43.570,
570882.580,,58.296,44.222,
570982.577,,58.350,45.053,
571082.573,,58.290,44.243,
571182.571,,58.602,44.373,
571282.566,,58.359,44.338,
571382.561,,58.391,45.027,
571482.557,,58.505,45.548,
571582.552,,58.466,45.676,
571682.552,,58.377,47.305,
571782.549,,58.238,48.125,
571882.545,,58.309,49.061,
571982.539,,58.229,46.660,
572082.538,,58.084,45.400,
572182.534,,58.043,44.848,
572282.535,,58.305,44.464,
572382.530,,58.043,46.585,
572482.526,,58.007,46.499,
572582.525,,58.193,47.758,
572682.520,,57.917,49.879,
572782.514,,57.919,50.717,
572882.512,,58.113,50.772,
572982.506,Input1*2*0,58.079,50.024,
573082.507,Input1*2*1,57.780,48.216,
573182.501,,58.165,48.579,
573282.496,,57.661,47.995,
573382.496,,57.926,47.166,
573482.495,,57.915,45.760,
573582.488,,58.253,44.549,
573682.487,,58.289,43.654,
573782.480,,58.341,43.676,
573882.475,,58.128,43.549,
573982.475,,57.624,43.025,
574082.471,,57.096,44.340,
574182.467,,57.294,44.648,
574282.466,,56.932,44.313,
574382.464,,57.119,42.968,
574482.462,,57.700,43.765,
574582.456,,58.084,43.848,
574682.454,,58.447,43.378,
574782.450,,58.461,43.057,
574882.442,,58.608,43.540,
574982.442,,58.396,43.834,
575082.440,,58.615,43.667,
575182.436,,58.567,44.025,
575282.435,,58.459,43.398,
575382.428,,58.387,44.156,
575482.423,,58.455,44.561,
575582.420,,58.562,45.862,
575682.421,,58.460,47.142,
575782.416,,58.197,47.042,
575882.409,,58.336,46.853,
575982.411,,58.197,47.295,
576082.405,,58.526,46.155,
576182.399,,58.475,44.799,
576282.398,,58.487,43.564,
576382.390,,58.517,43.459,
576482.386,,58.498,43.682,
576582.387,,58.560,42.971,
576682.383,,58.515,42.958,
576782.380,,58.535,43.058,
576882.371,,58.407,43.232,
576982.369,,58.463,42.910,
577082.365,,58.469,43.014,
577182.364,,58.444,43.469,
577282.360,,58.394,44.356,
577382.356,,58.481,44.916,
577482.353,,58.570,46.171,
577582.345,,58.625,46.773,
577682.341,,58.580,48.520,
577782.338,,58.566,49.083,
577882.334,,58.500,48.457,
577982.331,,58.139,47.095,
578082.328,,57.668,46.832,
578182.325,,57.493,47.139,
578282.320,,57.619,46.852,
578382.312,,57.581,47.110,
578482.315,,57.365,45.759,
578582.308,,57.335,45.694,
578682.307,,57.561,46.316,
578782.303,,57.275,45.083,
578882.295,,57.375,44.708,
578982.293,,57.625,44.116,
579082.288,,57.294,45.188,
579182.284,,57.324,48.068,
579282.281,,57.731,49.649,
579382.276,,57.558,48.810,
579482.274,,57.141,47.042,
579582.269,,57.860,45.824,
579682.266,,57.141,45.797,
579782.261,,57.196,45.697,
579882.257,,57.179,46.425,
579982.253,,56.912,44.769,
580082.250,,57.317,46.673,
580182.249,,56.647,47.751,
580282.241,,56.760,45.966,
580382.236,,56.866,46.746,
580482.234,,56.637,45.868,
580582.232,,57.209,45.199,
580682.228,,57.692,44.417,
580782.225,,57.881,43.760,
580882.217,,57.239,43.554,
580982.213,,56.630,45.403,
581082.208,,56.395,46.623,
581182.209,,57.157,45.636,
581282.202,,58.255,44.332,
581382.196,,58.510,44.492,
581482.196,,58.416,46.101,
581582.191,,58.460,46.981,
581682.185,,58.344,47.443,
581782.185,,58.210,47.602,
581882.179,,58.086,46.243,
581982.174,,58.101,45.078,
582082.172,,58.032,45.553,
582182.171,,58.275,46.404,
582282.164,,57.975,45.829,
582382.161,,57.856,45.431,
582482.156,,58.003,45.446,
582582.152,,58.285,46.177,
582682.147,,58.141,49.162,
582782.143,,58.418,50.448,
582882.140,,58.139,51.710,
582982.138,,58.382,50.134,
583082.132,,58.445,47.535,
583182.127,,58.368,47.063,
583282.127,,57.845,48.039,
583382.123,,57.639,50.544,
583482.120,,57.976,49.479,
583582.111,,57.628,48.657,
583682.111,,57.513,47.572,
583782.109,,57.998,46.030,
583882.099,,57.538,45.730,
583982.097,,57.538,46.450,
584082.094,,57.600,46.688,
584182.095,,57.418,45.155,
584282.090,,57.732,43.638,
584382.084,,57.663,44.055,
584482.084,,57.395,46.168,
584582.077,,57.565,50.491,
584682.077,,57.647,50.264,
584782.070,,57.543,50.313,
584882.064,,57.829,49.841,
584982.064,,57.929,48.854,
585082.059,,57.922,48.961,
585182.059,,57.983,49.788,
585282.055,,57.524,49.114,
585382.053,,57.841,49.084,
585482.043,,57.833,49.159,
585582.042,,57.585,47.183,
585682.038,,57.736,45.955,
585782.033,,57.707,45.459,
585882.031,,58.024,44.757,
585982.030,,58.015,45.204,
586082.029,,58.130,45.580,
586182.024,,57.955,45.744,
586282.020,,58.205,45.064,
586382.017,,58.124,46.526,
586482.013,,58.273,48.296,
586582.011,,57.884,48.839,
586682.006,,58.230,50.393,
586782.003,,58.141,49.819,
586881.994,,58.030,48.969,
586981.993,,58.139,47.354,
587081.992,,58.263,47.207,
587181.984,,58.041,46.752,
587281.986,,58.122,47.878,
587381.977,,58.144,49.459,
587481.979,,58.023,48.537,
587581.976,,58.086,49.563,
587681.969,,58.186,47.277,
587781.963,,58.302,45.497,
587881.961,,58.357,44.141,
587981.960,,58.150,43.607,
588081.954,,57.936,44.028,
588181.953,,58.204,45.140,
588281.947,,58.121,46.995,
588381.944,,58.152,47.081,
588481.943,,58.069,48.639,
588581.939,,57.898,49.319,
588681.937,,58.177,48.478,
588781.934,,58.129,47.052,
588881.928,,58.149,46.477,
588981.921,,58.236,48.239,
589081.923,,58.289,49.155,
589181.914,,58.297,50.168,
589281.914,,57.958,50.273,
589381.908,,58.207,49.371,
589481.905,,58.128,51.235,
589581.904,,58.106,51.456,
589681.900,,58.108,49.275,
589781.895,,58.163,46.669,
589881.891,,57.985,45.139,
589981.891,,57.984,45.065,
590081.887,,57.783,44.031,
590181.878,,57.683,43.776,
590281.881,,57.648,43.821,
590381.873,,57.718,44.546,
590481.870,,57.871,45.609,
590581.871,,58.236,45.881,
590681.862,,58.285,46.245,
590781.859,,58.317,47.504,
590881.861,,58.844,47.241,
590981.856,,58.135,46.278,
591081.853,,57.958,45.567,
591181.844,,57.688,46.063,
591281.841,,57.861,46.803,
591381.840,,57.812,48.124,
591481.837,,57.730,48.898,
591581.833,,57.890,49.525,
591681.831,,56.225,47.590,
591781.824,,57.131,46.048,
591881.824,,56.198,44.366,
591981.817,,57.123,43.330,
592081.818,,56.591,43.972,
592181.816,,55.895,43.671,
592281.811,,56.773,44.565,
592381.807,,56.134,44.877,
592481.804,,56.563,44.251,
592581.799,,57.375,44.349,
592681.800,,57.080,46.734,
592781.799,,56.922,46.097,
592881.796,,57.563,44.249,
592981.792,,57.290,43.861,
593081.786,,57.054,45.248,
593181.784,,57.282,46.697,
593281.783,,57.291,46.596,
593381.780,,57.291,45.241,
593481.774,,57.811,44.913,
593581.775,,57.606,45.724,
593681.767,,57.504,46.521,
593781.767,,57.691,47.054,
593881.762,,57.328,49.571,
593981.765,,57.492,51.089,
594081.760,,57.478,49.860,
594181.755,,57.212,47.086,
594281.752,,57.594,44.937,
594381.747,,57.287,44.095,
594481.744,,56.913,44.174,
594581.743,,57.467,45.249,
594681.744,,57.035,45.959,
594781.741,,57.414,47.431,
594881.736,,56.949,50.713,
594981.734,,57.016,47.874,
595081.727,,57.096,47.830,
595181.725,,56.699,47.554,
595281.724,,57.445,46.130,
595381.720,,56.827,45.522,
595481.721,,57.282,46.196,
595581.718,,57.197,48.676,
595681.712,,56.773,47.027,
595781.711,,57.357,46.133,
595881.707,,57.067,45.121,
595981.707,,56.834,43.879,
596081.700,,57.374,45.159,
596181.696,,56.887,47.311,
596281.693,,57.065,46.088,
596381.690,,57.110,44.535,
596481.686,,56.541,44.426,
596581.683,,57.084,43.501,
596681.685,,56.665,43.306,
596781.682,,56.569,43.158,
596881.677,,56.950,43.795,
596981.672,,56.133,43.803,
597081.672,,56.992,42.988,
597181.669,,56.842,42.946,
597281.669,,57.091,44.662,
597381.663,,57.734,46.472,
597481.660,,57.892,45.552,
597581.657,,57.892,46.550,
597681.652,,57.862,49.962,
597781.649,,57.791,52.006,
597881.646,,57.872,52.914,
597981.644,,57.968,51.622,
598081.645,,57.893,48.820,
598181.641,,57.865,48.597,
598281.637,,57.932,47.051,
598381.637,,58.193,46.465,
598481.631,,57.927,45.847,
598581.629,,58.107,44.805,
598681.625,,57.930,43.807,
598781.624,,57.874,44.053,
598881.620,,57.940,45.731,
598981.613,,57.938,47.647,
599081.617,,57.978,46.696,
599181.609,,58.025,45.959,
599281.608,,57.957,44.791,
599381.607,,57.876,44.899,
599481.602,,58.082,44.730,
599581.597,,58.127,45.910,
599681.594,,57.989,46.879,
599781.595,,58.030,46.401,
599881.593,,57.917,45.622,
599981.584,,57.645,44.035,
600081.584,,57.886,43.945,
600181.583,,57.568,45.934,
600281.579,,57.443,46.493,
600381.578,,57.698,45.363,
600481.569,,57.436,45.150,
600581.571,,57.716,44.801,
600681.563,,57.522,45.445,
600781.564,,57.658,45.300,
600881.561,,57.798,45.834,
600981.553,,57.560,45.256,
601081.550,,57.786,44.354,
601181.548,,57.782,44.456,
601281.550,,57.524,46.128,
601381.540,,57.541,45.627,
601481.543,,57.365,45.587,
601581.536,,57.410,47.111,
601681.535,,57.594,47.255,
601781.529,,57.074,47.164,
601881.526,,57.595,47.421,
601981.527,,56.938,47.458,
602081.522,,56.991,45.060,
602181.517,,57.294,44.200,
602281.513,,56.795,43.906,
602381.511,,57.297,44.652,
602481.508,,56.939,45.206,
602581.507,,56.995,44.482,
602681.502,,57.349,43.533,
602781.496,,57.371,43.392,
602881.497,,57.548,43.340,
602981.496,,57.591,45.220,
603081.490,,57.531,45.815,
603181.485,,57.759,44.947,
603281.483,,57.355,45.436,
603381.478,,57.482,45.365,
603481.480,,57.314,46.001,
603581.473,,56.972,47.134,
603681.468,,57.378,46.828,
603781.470,,56.968,47.745,
603881.466,,57.337,45.851,
603981.461,,57.031,46.323,
604081.455,,57.365,45.400,
604181.453,,57.552,45.343,
604281.454,,56.806,47.480,
604381.449,,57.044,48.446,
604481.448,,56.878,48.175,
604581.443,,56.542,47.243,
604681.442,,56.681,46.581,
604781.436,,56.236,46.134,
604881.434,,56.593,45.679,
604981.431,,56.653,45.830,
605081.426,,56.467,44.712,
605181.421,,56.380,43.109,
605281.423,,56.300,42.361,
605381.421,,55.768,41.916,
605481.412,,56.380,42.514,
605581.414,,56.573,43.496,
605681.411,,57.112,44.158,
605781.403,,57.759,44.908,
605881.405,,57.777,45.814,
605981.396,,57.980,47.141,
606081.392,,57.655,48.205,
606181.395,,57.770,47.239,
606281.387,,57.520,45.945,
606381.385,,57.628,47.659,
606481.380,,57.865,49.791,
606581.379,,57.993,50.214,
606681.379,,58.160,49.199,
606781.374,,58.271,47.042,
606881.370,,58.203,47.609,
606981.369,,58.147,47.838,
607081.364,,58.138,46.288,
607181.359,,58.245,46.681,
607281.360,,58.298,47.254,
607381.353,,58.264,46.830,
607481.348,,58.117,46.464,
607581.351,,58.156,47.612,
607681.344,,58.401,46.103,
607781.341,,58.342,44.641,
607881.336,,58.313,44.005,
607981.335,,58.150,44.329,
608081.335,,58.201,44.700,
608181.330,,58.117,44.579,
608281.328,,58.051,43.984,
608381.325,,57.939,43.213,
608481.322,,57.901,43.439,
608581.320,,57.732,44.699,
608681.312,,58.081,45.034,
608781.313,,58.220,44.658,
608881.313,,58.017,45.255,
608981.307,,58.151,44.261,
609081.306,,58.116,44.625,
609181.302,,58.047,46.070,
609281.300,,57.685,45.349,
609381.292,,58.003,46.289,
609481.295,,57.999,48.231,
609581.287,,58.195,49.613,
609681.289,,58.466,47.400,
609781.283,,58.121,46.215,
609881.280,,58.268,46.576,
609981.279,,58.112,45.728,
610081.273,,58.080,44.495,
610181.276,,57.720,44.215,
610281.267,,57.680,46.429,
610381.267,,57.685,46.746,
610481.263,,57.217,45.567,
610581.260,,57.393,44.536,
610681.257,,57.441,43.944,
610781.256,,56.959,43.400,
610881.251,,57.780,42.980,
610981.251,,57.706,42.726,
611081.244,,56.799,42.345,
611181.244,,58.026,42.503,
611281.239,,58.111,42.311,
611381.239,,58.221,43.211,
611481.234,,58.168,47.037,
611581.229,,58.073,50.049,
611681.231,,58.096,49.896,
611781.228,,58.014,48.280,
611881.226,,57.974,46.858,
611981.219,,58.007,46.351,
612081.221,,58.062,45.995,
612181.214,,57.965,45.520,
612281.213,,58.106,45.291,
612381.209,,57.870,45.195,
612481.207,,58.137,44.875,
612581.204,,58.249,45.726,
612681.202,,58.125,48.298,
612781.200,,58.247,50.113,
612881.195,,58.190,48.576,
612981.193,,58.205,47.519,
613081.187,,58.191,47.780,
613181.185,,58.154,46.445,
613281.182,,58.350,45.049,
613381.183,,58.313,45.268,
613481.176,,58.209,45.941,
613581.174,,58.399,45.232,
613681.171,,58.414,45.755,
613781.166,,58.385,45.368,
613881.163,,58.327,45.558,
613981.164,,58.281,46.448,
614081.163,,58.066,49.424,
614181.158,,57.799,48.187,
614281.152,,57.613,46.772,
614381.154,,57.512,46.610,
614481.150,,57.649,46.389,
614581.143,,57.487,46.456,
614681.143,,57.305,46.827,
614781.139,,57.486,47.275,
614881.140,,56.995,46.753,
614981.136,,57.535,46.108,
615081.129,,57.212,45.679,
615181.132,,57.057,45.639,
615281.125,,57.659,45.330,
615381.119,,57.331,44.380,
615481.122,,57.456,43.392,
615581.116,,57.502,43.182,
615681.112,,57.373,42.648,
615781.109,,57.756,43.061,
615881.109,,57.335,43.082,
615981.107,,57.583,42.986,
616081.103,,57.612,44.398,
616181.094,,57.042,45.814,
616281.091,,57.534,45.099,
616381.090,,57.508,44.091,
616481.086,,57.307,43.497,
616581.083,,57.742,44.031,
616681.077,,57.499,44.577,
616781.077,,57.448,43.932,
616881.072,,57.482,43.345,
616981.068,,57.387,44.125,
617081.064,,57.064,44.537,
617181.064,,57.622,44.712,
617281.061,,57.516,44.646,
617381.055,,57.767,44.239,
617481.054,,58.018,43.493,
617581.047,,57.918,43.255,
617681.041,,57.808,44.036,
617781.044,,57.679,43.966,
617881.036,,57.490,43.785,
617981.033,,57.730,44.508,
618081.030,,57.717,44.802,
618181.024,,57.935,44.779,
618281.024,,57.676,44.730,
618381.021,,57.657,45.704,
618481.018,,57.923,47.786,
618581.011,,57.958,46.431,
618681.013,,58.175,44.522,
618781.008,,58.026,44.211,
618881.006,,58.005,45.406,
618980.997,,57.879,46.901,
619080.995,,58.032,46.767,
619180.994,,57.750,46.131,
619280.990,,57.912,46.233,
619380.988,,57.493,44.374,
619480.984,,58.070,43.748,
619580.980,,58.319,43.328,
619680.977,,58.129,43.662,
619780.970,,58.105,43.553,
619880.965,,57.906,43.010,
619980.965,,57.767,44.119,
620080.961,,57.852,44.826,
620180.956,,57.746,46.205,
620280.954,,57.901,47.023,
620380.949,,58.058,46.287,
620480.945,,58.135,46.109,
620580.942,,57.986,47.425,
620680.940,,58.336,47.319,
620780.932,,58.205,47.520,
620880.935,,58.242,46.323,
620980.927,,58.169,44.640,
621080.922,,58.092,44.701,
621180.919,,58.160,44.915,
621280.918,,58.159,43.894,
621380.915,,58.256,43.036,
621480.908,,58.159,42.616,
621580.908,,58.169,42.415,
621680.901,,58.113,42.266,
621780.899,,58.048,42.524,
621880.895,,58.067,42.610,
621980.896,,58.073,44.090,
622080.891,,58.066,45.391,
622180.885,,57.962,46.926,
622280.882,,58.036,48.947,
622380.877,,57.891,48.837,
622480.873,,56.967,47.112,
622580.871,,57.134,45.233,
622680.868,,57.453,44.320,
622780.866,,58.042,43.467,
622880.864,,58.003,43.209,
622980.857,,57.984,42.623,
623080.855,,58.086,42.382,
623180.850,,58.009,42.897,
623280.845,,57.965,43.312,
623380.842,,57.912,43.323,
623480.844,,57.768,42.786,
623580.837,,57.801,43.548,
623680.836,,57.931,44.256,
623780.831,,57.646,43.615,
623880.825,,57.604,46.957,
623980.822,,57.944,49.678,
624080.821,,58.026,50.577,
624180.819,,57.603,48.456,
624280.818,,57.900,46.270,
624380.811,,58.036,45.452,
624480.809,,57.816,46.668,
624580.804,,57.648,47.524,
624680.805,,57.766,48.183,
624780.797,,57.824,46.434,
624880.796,,57.841,44.823,
624980.794,,57.816,43.747,
625080.794,,58.010,43.532,
625180.787,,57.706,44.365,
625280.785,,57.916,43.855,
625380.781,,57.720,44.035,
625480.780,,57.692,43.994,
625580.774,,57.812,44.936,
625680.770,,57.721,45.751,
625780.771,,57.924,47.675,
625880.766,,57.701,46.373,
625980.764,,57.725,45.843,
626080.761,,57.986,45.557,
626180.761,,57.901,46.202,
626280.758,,57.945,45.955,
626380.754,,57.810,45.597,
626480.749,,57.953,44.622,
626580.749,,57.851,44.620,
626680.745,,57.786,45.293,
626780.742,,57.874,45.413,
626880.739,,57.896,44.223,
626980.735,,57.959,43.560,
627080.733,,57.944,43.726,
627180.732,,58.052,43.853,
627280.725,,57.853,43.326,
627380.720,,57.940,43.903,
627480.720,,58.083,43.645,
627580.715,,58.233,44.483,
627680.717,,57.993,45.660,
627780.713,,58.006,44.921,
627880.710,,57.959,44.551,
627980.708,,57.642,44.497,
628080.699,,57.686,45.672,
628180.703,,58.048,45.565,
628280.698,,58.175,45.600,
628380.697,,58.181,44.604,
628480.692,,58.201,45.724,
628580.687,,58.102,46.481,
628680.684,,58.247,46.851,
628780.684,,58.250,45.018,
628880.680,,58.216,44.215,
628980.679,,58.117,43.876,
629080.671,,58.062,44.928,
629180.668,,58.012,45.554,
629280.668,,57.916,44.290,
629380.663,,57.880,43.588,
629480.659,,58.052,43.323,
629580.658,,58.012,42.892,
629680.652,,58.045,43.958,
629780.655,,58.073,44.616,
629880.649,,57.970,44.911,
629980.645,,58.102,45.712,
630080.641,,58.129,45.132,
630180.639,,58.148,46.668,
630280.639,,58.110,50.161,
630380.636,,58.240,50.783,
630480.629,,58.211,50.184,
630580.627,,58.173,47.724,
630680.625,,58.196,46.272,
630780.621,,58.264,46.526,
630880.618,,58.128,46.436,
630980.616,,58.108,45.814,
631080.613,,58.218,45.619,
631180.614,,58.089,44.668,
631280.607,,58.043,44.009,
631380.608,,57.975,44.350,
631480.602,,57.965,44.574,
631580.602,,58.047,44.010,
631680.598,,57.990,43.844,
631780.591,,58.100,43.968,
631880.588,,58.055,44.282,
631980.588,,58.137,45.626,
632080.585,,58.240,46.685,
632180.584,,58.246,46.505,
632280.578,,58.059,46.227,
632380.581,,58.281,45.010,
632480.574,,58.353,43.857,
632580.571,,58.364,43.467,
632680.568,,58.309,44.127,
632780.570,,58.358,44.970,
632880.564,,58.186,45.202,
632980.563,,58.045,45.472,
633080.560,,58.054,45.286,
633180.557,,58.083,45.159,
633280.558,,58.123,45.944,
633380.552,,58.123,46.646,
633480.551,,57.925,46.298,
633580.551,,58.091,45.961,
633680.542,,57.678,45.766,
633780.544,,57.738,44.775,
633880.539,,58.001,43.723,
633980.540,,58.062,43.244,
634080.537,,58.206,43.724,
634180.536,,58.083,43.959,
634280.532,,58.036,44.191,
634380.531,,58.085,44.172,
634480.524,,57.981,44.918,
634580.524,,57.861,43.905,
634680.520,,57.959,43.311,
634780.516,,58.081,43.297,
634880.514,,58.068,43.188,
634980.512,,57.634,42.436,
635080.512,,57.647,42.759,
635180.508,,57.580,43.809,
635280.508,,57.561,44.994,
635380.501,,57.091,46.227,
635480.503,,57.515,45.510,
635580.502,,57.397,44.136,
635680.499,,57.605,43.122,
635780.496,,57.773,42.948,
635880.489,,57.716,42.813,
635980.489,,58.076,42.201,
636080.483,,58.155,41.900,
636180.483,,58.060,41.826,
636280.483,,58.111,41.949,
636380.481,,58.170,43.226,
636480.476,,58.170,45.571,
636580.476,,58.101,46.120,
636680.468,,58.137,44.739,
636780.465,,58.061,45.098,
636880.468,,57.749,44.202,
636980.466,,57.505,42.749,
637080.459,,57.579,42.349,
637180.458,,57.491,42.805,
637280.458,,57.597,43.768,
637380.455,,57.724,43.461,
637480.452,,57.670,43.468,
637580.446,,57.924,43.063,
637680.446,,57.926,43.135,
637780.444,,57.956,43.111,
637880.442,,57.935,43.899,
637980.438,,58.149,45.403,
638080.438,,57.902,46.896,
638180.433,,58.071,46.570,
638280.430,,58.009,47.220,
638380.425,,58.271,47.764,
638480.429,,58.024,47.332,
638580.422,,58.008,47.058,
638680.421,,58.094,46.051,
638780.418,,58.221,44.311,
638880.419,,57.951,43.243,
638980.412,,57.975,43.352,
639080.414,,57.995,43.959,
639180.410,,57.953,44.409,
639280.403,,57.570,44.577,
639380.401,,57.641,45.402,
639480.403,,57.613,46.908,
639580.402,,57.659,46.429,
639680.398,,57.756,47.210,
639780.395,,57.723,47.404,
639880.394,,57.722,47.932,
639980.386,,58.170,47.137,
640080.384,,58.278,46.355,
640180.382,,58.200,44.921,
640280.378,,58.250,43.946,
640380.372,,58.070,42.901,
640480.370,,58.115,42.374,
640580.367,,57.967,42.778,
640680.362,,57.716,43.682,
640780.356,,57.756,46.184,
640880.357,,57.748,46.325,
640980.348,,57.737,46.235,
641080.350,,57.797,46.791,
641180.342,,57.890,45.861,
641280.336,,58.096,47.725,
641380.334,,57.800,49.838,
641480.331,,57.940,49.065,
641580.331,,57.828,47.185,
641680.325,,57.954,45.323,
641780.320,,58.105,45.071,
641880.314,,57.998,46.847,
641980.315,,58.060,46.729,
642080.310,,57.806,46.649,
642180.307,,57.836,47.202,
642280.303,,57.828,47.001,
642380.297,,57.805,47.392,
642480.296,,57.791,47.342,
642580.289,,57.928,48.525,
642680.285,,57.891,46.981,
642780.285,,57.785,47.167,
642880.278,,57.810,46.724,
642980.276,,57.962,45.720,
643080.276,,57.935,44.728,
643180.270,,57.927,44.547,
643280.265,,57.849,44.459,
643380.263,,57.914,46.549,
643480.261,,57.805,47.501,
643580.257,,57.800,47.098,
643680.249,,57.938,47.636,
643780.246,,57.845,48.642,
643880.244,,57.956,48.274,
643980.243,,57.802,46.834,
644080.238,,58.047,46.086,
644180.232,,57.838,45.616,
644280.228,,57.888,45.380,
644380.228,,57.903,48.581,
644480.219,,57.890,47.788,
644580.216,,58.050,48.995,
644680.216,,58.023,49.221,
644780.209,,57.967,49.679,
644880.207,,57.902,48.493,
644980.203,,57.847,47.222,
645080.200,,57.865,46.042,
645180.197,,58.021,45.238,
645280.191,,57.986,44.429,
645380.185,,58.057,43.960,
645480.182,,57.906,44.734,
645580.183,,57.466,45.591,
645680.178,,58.057,45.901,
645780.174,,57.853,45.504,
645880.168,,57.996,44.183,
645980.165,,58.075,43.546,
646080.163,,57.982,43.814,
646180.155,,57.816,43.278,
646280.154,,57.726,42.868,
646380.151,,58.334,42.533,
646480.146,,58.090,43.574,
646580.140,,57.934,44.945,
646680.139,,57.842,46.311,
646780.134,,57.659,45.443,
646880.129,,57.775,46.685,
646980.127,,57.823,47.537,
647080.121,,57.897,46.792,
647180.124,,57.839,45.005,
647280.118,,57.794,44.875,
647380.116,,57.761,45.128,
647480.112,,58.077,46.784,
647580.109,,57.936,48.372,
647680.105,,58.086,47.339,
647780.101,,58.082,46.222,
647880.093,,58.177,45.442,
647980.093,,58.123,45.562,
648080.089,,58.062,45.820,
648180.086,,58.027,44.720,
648280.087,,58.181,44.076,
648380.083,,58.213,44.289,
648480.084,,58.068,45.309,
648580.079,,58.000,45.601,
648680.078,,58.062,44.416,
648780.076,,57.830,44.190,
648880.075,,57.553,44.591,
648980.076,,57.452,45.285,
649080.069,,57.588,45.484,
649180.073,,57.438,45.758,
649280.067,,57.224,45.193,
649380.066,,57.408,44.260,
649480.066,,57.618,45.349,
649580.062,,57.823,46.622,
649680.060,,57.900,47.419,
649780.063,,58.013,47.290,
649880.055,,58.070,46.869,
649980.058,,58.082,47.349,
650080.056,,58.000,46.684,
650180.054,,57.849,48.065,
650280.051,,57.363,47.738,
650380.050,,57.235,47.693,
650480.044,,57.467,47.021,
650580.047,,57.904,46.587,
650680.043,,58.044,44.934,
650780.038,,57.989,43.595,
650880.038,,57.836,43.023,
650980.041,,57.738,43.168,
651080.039,,57.912,44.725,
651180.033,,57.887,45.602,
651280.030,,57.858,45.606,
651380.033,,58.041,44.630,
651480.032,,57.997,44.283,
651580.028,,57.879,44.109,
651680.023,,57.899,43.978,
651780.022,,57.800,44.546,
651880.022,,57.821,44.811,
651980.023,,57.795,44.842,
652080.019,,57.853,44.303,
652180.012,,57.963,45.833,
652280.013,,57.896,45.963,
652380.012,,57.800,45.359,
652480.007,,57.718,45.773,
652580.009,,57.690,45.472,
652680.006,,57.631,44.336,
652780.007,,57.675,44.454,
652880.002,,57.920,44.398,
652979.999,,57.988,43.857,
653080.002,,58.052,44.091,
653179.999,,58.282,45.274,
653279.998,,58.283,46.055,
653379.997,,58.191,49.437,
653479.989,,58.149,48.503,
653579.992,,58.013,48.908,
653679.990,,58.059,48.304,
653779.987,,58.011,48.261,
653879.985,,57.974,46.684,
653979.985,,57.988,45.833,
654079.979,,57.921,44.935,
654179.978,,57.857,44.250,
654279.979,,57.887,43.731,
654379.974,,57.990,43.235,
654479.975,,57.854,42.651,
654579.973,,57.967,42.297,
654679.968,,57.948,42.249,
654779.971,,58.083,42.034,
654879.966,,58.016,42.389,
654979.962,,58.013,42.753,
655079.960,,57.879,44.353,
655179.963,,57.989,45.938,
655279.958,,57.886,47.015,
655379.957,,57.895,45.375,
655479.958,,57.985,44.480,
655579.956,,57.894,44.116,
655679.950,,57.828,44.412,
655779.950,,57.857,44.803,
655879.951,,57.780,44.633,
655979.947,,57.642,43.730,
656079.942,,57.844,43.556,
656179.938,,57.938,44.519,
656279.933,,57.880,44.302,
656379.935,,58.008,44.218,
656479.928,,58.003,44.471,
656579.926,,57.947,44.154,
656679.926,,58.110,43.953,
656779.920,,58.131,45.605,
656879.919,,58.045,46.022,
656979.915,,58.000,44.624,
657079.909,,57.940,43.692,
657179.907,,58.036,43.564,
657279.903,,58.110,44.215,
657379.897,,58.141,44.682,
657479.897,,58.156,44.826,
657579.897,,58.138,45.570,
657679.894,,58.094,45.402,
657779.889,,58.168,45.856,
657879.881,,57.968,45.206,
657979.883,,57.959,45.459,
658079.881,,57.952,45.201,
658179.872,,58.076,44.655,
658279.873,,58.155,44.599,
658379.865,,57.819,44.793,
658479.865,,57.736,45.229,
658579.863,,57.666,44.710,
658679.860,,57.823,44.858,
658779.856,,57.914,45.262,
658879.851,,57.949,44.393,
658979.850,,58.077,43.516,
659079.844,,58.191,44.561,
659179.840,,58.235,43.787,
659279.837,,58.307,43.723,
659379.839,,58.384,43.898,
659479.830,,58.475,43.147,
659579.828,,58.464,42.698,
659679.823,,58.483,43.135,
659779.822,,58.486,44.998,
659879.816,,58.361,45.858,
659979.813,,58.112,46.626,
660079.811,,58.185,46.852,
660179.813,,58.113,46.609,
660279.806,,58.110,45.780,
660379.806,,57.943,44.495,
660479.800,,57.928,43.272,
660579.794,,57.969,43.251,
660679.797,,57.970,44.415,
660779.792,,57.994,44.735,
660879.785,,57.887,44.456,
660979.781,,58.125,44.935,
661079.781,,58.228,45.542,
661179.780,,58.439,47.883,
661279.772,,58.354,48.393,
661379.771,,58.202,47.556,
661479.766,,58.053,46.869,
661579.761,,58.099,45.639,
661679.758,,58.061,45.309,
661779.760,,57.998,45.668,
661879.754,,57.894,45.618,
661979.750,,57.854,46.101,
662079.747,,57.949,44.822,
662179.746,,57.955,44.054,
662279.742,,58.018,44.349,
662379.741,,57.997,45.264,
662479.735,,58.056,45.625,
662579.729,,58.126,44.405,
662679.729,,58.052,44.198,
662779.723,,58.215,44.097,
662879.726,,57.954,44.702,
662979.720,,57.908,46.921,
663079.713,,57.882,46.851,
663179.715,,58.050,46.745,
663279.707,,58.006,46.465,
663379.706,,58.036,44.805,
663479.700,,58.030,44.205,
663579.698,,58.181,44.258,
663679.696,,57.970,44.927,
663779.694,,57.849,44.397,
663879.689,,57.955,43.621,
663979.685,,57.896,43.453,
664079.682,,58.066,42.891,
664179.677,,57.911,43.318,
664279.675,,58.025,44.633,
664379.669,,58.089,44.673,
664479.664,,58.249,44.268,
664579.664,,58.185,44.363,
664679.661,,58.182,43.914,
664779.651,,58.203,43.622,
664879.653,,58.101,44.012,
664979.646,,58.108,44.690,
665079.640,,58.395,44.515,
665179.639,,58.196,43.781,
665279.634,,58.227,42.898,
665379.631,,58.242,43.586,
665479.626,,58.093,45.316,
665579.619,,57.852,47.619,
665679.620,,58.141,48.810,
665779.612,,58.295,48.168,
665879.612,,58.260,47.045,
665979.604,,58.056,45.734,
666079.602,,57.993,45.781,
666179.601,,58.061,46.560,
666279.593,,57.947,46.358,
666379.593,,57.836,44.907,
666479.585,,57.918,44.669,
666579.585,,57.977,44.468,
666679.578,,57.952,45.892,
666779.575,,57.904,47.694,
666879.573,,57.908,47.591,
666979.563,,57.951,47.376,
667079.560,,58.010,46.110,
667179.559,,57.959,45.758,
667279.556,,57.945,45.337,
667379.550,,58.047,44.793,
667479.549,,58.133,45.043,
667579.541,,58.149,45.042,
667679.537,,58.111,44.647,
667779.537,,58.040,45.417,
667879.533,,58.056,47.223,
667979.524,,58.009,46.860,
668079.520,,58.031,46.885,
668179.517,,57.870,47.200,
668279.514,,57.918,46.464,
668379.509,,58.139,46.331,
668479.505,,58.178,47.928,
668579.503,,57.813,48.307,
668679.500,,57.994,46.825,
668779.494,,58.164,47.247,
668879.490,,57.916,47.101,
668979.484,,58.174,46.988,
669079.480,,58.224,47.092,
669179.480,,58.283,46.028,
669279.472,,58.193,45.488,
669379.468,,58.454,46.063,
669479.466,,58.367,45.951,
669579.462,,58.225,45.141,
669679.457,,58.181,45.446,
669779.455,,57.932,47.367,
669879.448,,57.889,48.681,
669979.448,,57.887,49.200,
670079.442,,57.914,48.841,
670179.438,,57.841,48.556,
670279.433,,58.012,46.532,
670379.433,,58.019,45.766,
670479.425,,58.008,45.681,
670579.420,,58.045,45.776,
670679.419,,58.037,47.391,
670779.417,,57.963,47.562,
670879.409,,58.148,47.640,
670979.407,,58.278,46.960,
671079.402,,58.187,45.933,
671179.400,,58.114,46.286,
671279.396,,58.149,45.269,
671379.392,,58.040,46.155,
671479.387,,58.271,48.754,
671579.383,,58.195,48.899,
671679.376,,58.016,49.144,
671779.377,,57.965,48.178,
671879.368,,57.954,46.713,
671979.371,,57.884,45.990,
672079.366,,57.967,44.829,
672179.363,,57.677,44.675,
672279.361,,57.732,44.449,
672379.358,,58.097,45.665,
672479.359,,58.210,45.072,
672579.355,,58.272,43.995,
672679.355,,58.230,43.271,
672779.350,,58.243,43.791,
672879.351,,58.220,45.557,
672979.345,,58.164,46.497,
673079.346,,58.111,47.175,
673179.345,,58.224,45.844,
673279.341,,58.062,45.724,
673379.341,,58.079,44.396,
673479.339,,58.089,43.908,
673579.330,,58.201,44.123,
673679.333,,58.110,45.216,
673779.332,,58.217,46.642,
673879.328,,58.144,47.390,
673979.322,,58.166,46.202,
674079.326,,58.138,47.012,
674179.320,,58.084,46.994,
674279.318,,58.178,45.399,
674379.313,,58.205,45.456,
674479.311,,58.123,46.642,
674579.314,,58.081,48.058,
674679.310,,58.107,47.767,
674779.310,,57.910,47.172,
674879.302,,57.796,45.346,
674979.305,,58.012,44.676,
675079.302,,58.144,46.070,
675179.299,,58.058,46.780,
675279.299,,57.913,47.228,
675379.298,,58.158,47.003,
675479.290,,58.131,46.765,
675579.289,,58.012,46.197,
675679.287,,58.049,45.587,
675779.283,,57.938,45.197,
675879.283,,58.018,45.385,
675979.284,,57.969,46.026,
676079.280,,58.021,45.429,
676179.278,,58.144,45.843,
676279.279,,57.912,45.000,
676379.272,,57.821,43.895,
676479.274,,57.912,43.588,
676579.268,,57.875,43.461,
676679.267,,58.010,44.044,
676779.264,,58.099,45.456,
676879.261,,58.059,48.353,
676979.260,,57.982,48.528,
677079.262,,57.902,46.205,
677179.254,,57.902,44.555,
677279.257,,57.981,43.667,
677379.255,,57.961,43.167,
677479.251,,58.022,43.244,
677579.245,,57.924,44.134,
677679.247,,57.921,44.489,
677779.245,,58.012,43.942,
677879.240,,58.170,43.955,
677979.240,,58.160,43.933,
678079.234,,58.407,43.241,
678179.236,,58.339,42.644,
678279.235,,58.321,42.503,
678379.233,,58.186,43.359,
678479.228,,57.963,44.041,
678579.230,,57.930,44.112,
678679.225,,58.071,44.611,
678779.223,,58.190,44.376,
678879.218,,58.059,45.064,
678979.220,,57.926,44.155,
679079.216,,57.857,43.907,
679179.216,,57.827,44.516,
679279.212,,57.762,44.817,
679379.213,,57.827,45.005,
679479.210,,57.956,44.688,
679579.208,,57.978,45.343,
679679.204,,57.999,45.750,
679779.200,,58.034,50.090,
679879.199,,57.916,52.283,
679979.197,,57.767,50.686,
680079.190,,57.759,48.469,
680179.191,,57.967,47.078,
680279.186,,57.921,45.911,
680379.181,,57.800,45.281,
680479.182,,57.702,45.607,
680579.174,,57.616,45.038,
680679.170,,57.692,43.975,
680779.167,,57.709,43.273,
680879.164,,58.103,42.951,
680979.162,,58.057,42.447,
681079.162,,58.049,42.672,
681179.155,,58.119,43.728,
681279.155,,58.077,44.357,
681379.149,,58.295,43.958,
681479.146,,58.193,44.504,
681579.145,,58.263,45.765,
681679.141,,58.212,46.713,
681779.134,,58.156,45.523,
681879.137,,57.930,44.525,
681979.133,,57.896,45.012,
682079.123,,57.919,45.990,
682179.124,,57.844,45.979,
682279.121,,57.793,47.567,
682379.115,,57.855,47.941,
682479.115,,57.879,48.686,
682579.112,,57.901,49.311,
682679.106,,57.963,48.769,
682779.104,,57.961,46.413,
682879.099,,57.866,44.869,
682979.099,,57.855,44.161,
683079.094,,57.944,43.537,
683179.092,,57.738,44.596,
683279.090,,57.816,45.565,
683379.084,,57.900,46.925,
683479.083,,57.972,46.937,
683579.079,,57.776,45.441,
683679.072,,57.846,44.363,
683779.071,,57.943,45.366,
683879.071,,57.873,46.327,
683979.062,,57.627,46.206,
684079.065,,57.691,46.649,
684179.059,,57.776,47.214,
684279.053,,57.690,48.250,
684379.052,,57.722,47.337,
684479.046,,57.788,45.456,
684579.043,,57.963,44.420,
684679.039,,57.861,43.729,
684779.036,,57.951,43.467,
684879.035,,57.905,44.231,
684979.032,,57.733,45.546,
685079.027,,57.860,46.819,
685179.023,,58.048,48.053,
685279.019,,58.103,46.778,
685379.016,,57.974,46.601,
685479.017,,58.272,49.022,
685579.014,,58.251,48.718,
685679.007,,58.266,48.631,
685779.002,,58.058,47.993,
685879.001,,58.049,48.379,
685979.001,,57.935,46.362,
686078.994,,57.873,45.829,
686178.991,,57.858,45.544,
686278.989,,57.855,45.589,
686378.988,,57.889,46.331,
686478.980,,57.910,45.138,
686578.977,,57.948,44.173,
686678.974,,57.961,44.937,
686778.971,,58.072,45.933,
686878.969,,57.841,46.944,
686978.969,,57.782,47.275,
687078.965,,58.175,46.085,
687178.961,,57.983,45.215,
687278.959,,58.198,44.731,
687378.952,,58.001,44.823,
687478.948,,58.022,44.526,
687578.946,,58.017,44.795,
687678.946,,57.856,45.956,
687778.938,,58.084,45.037,
687878.938,,58.043,44.185,
687978.931,,58.064,44.459,
688078.930,,57.965,45.189,
688178.927,,57.912,44.387,
688278.927,,57.965,45.136,
688378.926,,57.970,46.926,
688478.924,,57.979,47.961,
688578.918,,57.878,47.216,
688678.914,,57.935,46.401,
688778.914,,58.103,44.635,
688878.915,,58.058,43.694,
688978.908,,58.038,43.638,
689078.905,,58.039,44.546,
689178.907,,58.155,44.367,
689278.905,,58.239,43.951,
689378.903,,58.257,43.906,
689478.895,,58.163,44.056,
689578.892,,58.121,44.801,
689678.890,,57.888,44.715,
689778.893,,57.953,44.465,
689878.891,,57.893,43.472,
689978.889,,57.903,43.152,
690078.881,,58.056,43.610,
690178.879,,57.930,44.364,
690278.877,,57.890,45.707,
690378.878,,58.107,46.175,
690478.875,,58.113,45.040,
690578.874,,58.180,45.260,
690678.868,,58.197,44.995,
690778.869,,58.144,46.161,
690878.865,,58.316,45.825,
690978.862,,58.106,45.314,
691078.859,,58.206,45.036,
691178.857,,58.145,45.635,
691278.851,,58.010,46.230,
691378.852,,57.954,45.864,
691478.848,,57.908,46.812,
691578.849,,57.843,46.242,
691678.845,,58.047,45.204,
691778.843,,57.920,43.972,
691878.839,,57.882,43.926,
691978.839,,57.945,43.850,
692078.834,,58.031,43.313,
692178.832,,58.149,43.493,
692278.826,,58.128,43.318,
692378.827,,58.123,44.579,
692478.828,,58.059,45.712,
692578.822,,58.176,44.342,
692678.823,,58.088,43.466,
692778.821,,58.065,43.542,
692878.813,,58.140,43.283,
692978.816,,58.073,43.225,
693078.808,Input1*2*0,58.013,43.966,
693178.808,Input1*2*1,58.040,43.426,
693278.806,,57.967,43.080,
693378.804,,58.056,45.759,
693478.800,,58.095,47.119,
693578.796,,57.912,46.315,
693678.797,,57.905,45.160,
693778.794,,57.917,46.279,
693878.793,,57.727,47.046,
693978.790,,57.922,46.223,
694078.786,,57.755,45.497,
694178.784,,57.839,44.433,
694278.784,,57.806,43.890,
694378.778,,57.847,44.061,
694478.774,,57.741,44.372,
694578.772,,57.900,43.755,
694678.774,,57.853,43.160,
694778.768,,58.103,42.671,
694878.764,,58.209,43.352,
694978.763,,58.133,44.696,
695078.761,,58.167,47.161,
695178.756,,58.300,47.953,
695278.758,,58.271,46.413,
695378.753,,58.319,46.339,
695478.751,,58.352,45.561,
695578.748,,58.128,45.150,
695678.746,,57.974,43.907,
695778.748,,58.063,43.475,
695878.745,,57.889,43.495,
695978.737,,57.910,43.263,
696078.737,,57.837,42.993,
696178.734,,57.748,42.487,
696278.731,,57.711,42.426,
696378.724,,57.886,42.627,
696478.721,,57.820,42.133,
696578.716,,58.003,42.113,
696678.709,,58.019,43.211,
696778.708,,58.026,44.755,
696878.703,,57.935,46.151,
696978.704,,57.853,46.665,
697078.695,,57.769,47.661,
697178.696,,57.766,47.710,
697278.691,,57.871,45.809,
697378.688,,57.818,45.042,
697478.680,,57.781,44.967,
697578.679,,58.025,44.963,
697678.674,,57.977,44.382,
697778.669,,57.962,44.109,
697878.670,,58.007,43.766,
697978.663,,57.939,43.055,
698078.659,,57.961,43.190,
698178.659,,57.835,43.307,
698278.653,,57.992,43.408,
698378.650,,57.963,43.060,
698478.648,,57.905,42.936,
698578.643,,57.996,44.227,
698678.635,,57.875,44.905,
698778.633,,57.996,44.150,
698878.632,,57.960,44.175,
698978.628,,57.990,44.658,
699078.623,,58.068,45.371,
699178.622,,58.209,46.178,
699278.616,,58.078,45.996,
699378.611,,57.929,44.808,
699478.605,,57.984,44.625,
699578.602,,57.926,45.384,
699678.599,,58.096,46.077,
699778.597,,58.109,45.414,
699878.593,,58.046,44.610,
699978.590,,57.992,44.633,
700078.587,,57.983,44.205,
700178.580,,57.997,44.588,
700278.576,,57.986,46.315,
700378.570,,57.952,47.669,
700478.573,,57.986,48.318,
700578.567,,58.183,50.009,
700678.562,,58.017,50.487,
700778.559,,57.955,49.374,
700878.552,,58.134,48.842,
700978.553,,58.114,49.358,
701078.548,,58.127,49.967,
701178.543,,58.151,49.310,
701278.539,,58.116,47.584,
701378.536,,58.011,47.095,
701478.533,,57.986,45.146,
701578.528,,57.994,43.971,
701678.521,,57.917,43.260,
701778.520,,58.002,42.665,
701878.513,,57.956,43.083,
701978.515,,58.037,42.991,
702078.510,,58.061,43.237,
702178.507,,58.106,44.247,
702278.500,,58.139,44.349,
702378.499,,58.096,45.618,
702478.491,,58.134,46.425,
702578.489,,58.109,46.501,
702678.487,,58.207,45.713,
702778.483,,58.012,45.730,
702878.481,,58.147,46.133,
702978.475,,58.253,47.181,
703078.469,,58.003,49.025,
703178.470,,58.040,48.318,
703278.465,,58.059,45.878,
703378.462,,57.981,44.725,
703478.456,,58.095,46.174,
703578.450,,57.906,45.731,
703678.448,,57.831,44.439,
703778.442,,57.741,43.443,
703878.443,,57.857,42.737,
703978.437,,57.836,43.148,
704078.435,,57.752,43.511,
704178.431,,57.648,44.696,
704278.429,,57.720,46.653,
704378.424,,57.919,47.381,
704478.418,,58.005,46.697,
704578.412,,57.997,44.920,
704678.414,,58.235,44.223,
704778.406,,58.083,43.660,
704878.405,,57.704,43.054,
704978.397,,57.992,43.612,
705078.399,,57.969,43.262,
705178.393,,58.018,43.042,
705278.389,,57.964,42.553,
705378.382,,58.012,42.285,
705478.379,,57.981,42.409,
705578.377,,57.986,42.919,
705678.376,,57.946,43.885,
705778.373,,58.115,43.950,
705878.365,,58.122,43.303,
705978.365,,58.102,43.959,
706078.358,,58.117,44.984,
706178.354,,58.034,45.471,
706278.352,,58.040,47.964,
706378.347,,57.950,46.534,
706478.346,,57.947,44.964,
706578.337,,57.878,44.434,
706678.333,,57.554,45.957,
706778.335,,57.652,47.660,
706878.327,,57.812,48.700,
706978.323,,57.894,49.297,
707078.322,,57.880,48.486,
707178.318,,57.911,46.483,
707278.317,,57.681,45.155,
707378.313,,57.812,44.244,
707478.304,,57.903,43.966,
707578.303,,57.880,43.472,
707678.301,,58.030,43.832,
707778.296,,57.936,43.050,
707878.288,,58.013,42.570,
707978.285,,57.898,43.021,
708078.285,,57.938,44.359,
708178.279,,57.968,45.061,
708278.277,,57.961,45.374,
708378.273,,57.971,44.818,
708478.268,,57.969,43.618,
708578.268,,57.718,42.969,
708678.259,,57.922,42.615,
708778.257,,58.025,43.097,
708878.254,,58.126,43.513,
708978.250,,58.274,44.274,
709078.247,,58.015,46.555,
709178.244,,57.910,46.584,
709278.239,,57.771,46.188,
709378.235,,57.775,47.945,
709478.228,,57.810,47.698,
709578.225,,57.688,46.910,
709678.225,,57.769,45.939,
709778.221,,57.757,45.976,
709878.213,,57.855,45.551,
709978.215,,57.822,45.530,
710078.206,,57.983,44.054,
710178.204,,57.949,43.601,
710278.204,,58.003,43.520,
710378.196,,57.841,43.003,
710478.192,,58.016,42.321,
710578.190,,57.992,42.168,
710678.183,,57.991,42.604,
710778.183,,57.999,44.015,
710878.181,,58.053,45.786,
710978.172,,58.016,46.721,
711078.170,,57.761,47.867,
711178.167,,58.078,46.594,
711278.162,,58.154,44.704,
711378.162,,58.249,43.440,
711478.153,,58.101,42.844,
711578.153,,58.053,43.121,
711678.150,,57.967,44.106,
711778.143,,57.955,43.746,
711878.141,,58.069,44.173,
711978.138,,57.937,45.949,
712078.134,,58.136,47.078,
712178.134,,58.069,47.095,
712278.134,,57.985,47.187,
712378.131,,58.056,47.265,
712478.128,,58.191,46.282,
712578.128,,58.244,45.662,
712678.128,,58.107,46.278,
712778.119,,58.161,45.757,
712878.121,,57.963,44.540,
712978.118,,57.970,44.391,
713078.115,,57.857,44.864,
713178.116,,57.996,48.124,
713278.110,,57.826,48.614,
713378.109,,57.718,49.291,
713478.107,,57.767,48.161,
713578.103,,57.820,46.518,
713678.105,,57.972,44.692,
713778.100,,58.052,43.752,
713878.102,,57.924,42.824,
713978.101,,58.013,42.502,
714078.093,,58.049,42.563,
714178.095,,57.794,42.493,
714278.094,,57.847,42.056,
714378.089,,57.797,41.881,
714478.086,,57.757,42.317,
714578.084,,57.685,42.690,
714678.081,,57.831,44.340,
714778.084,,57.809,45.219,
714878.076,,58.102,45.635,
714978.078,,57.938,44.411,
715078.078,,58.015,43.343,
715178.072,,57.841,43.005,
715278.074,,57.647,43.135,
715378.066,,57.670,43.573,
715478.068,,57.641,43.593,
715578.062,,57.767,45.071,
715678.062,,57.637,46.374,
715778.059,,57.691,47.731,
715878.061,,57.857,45.440,
715978.055,,57.980,44.255,
716078.056,,57.835,44.242,
716178.054,,57.764,44.340,
716278.051,,57.797,44.633,
716378.050,,57.677,43.358,
716478.044,,58.024,42.567,
716578.041,,57.906,42.672,
716678.042,,57.876,42.959,
716778.037,,57.853,44.638,
716878.038,,57.888,45.481,
716978.036,,57.988,46.277,
717078.035,,57.630,46.600,
717178.030,,57.767,45.001,
717278.029,,57.799,43.718,
717378.025,,57.562,43.858,
717478.027,,57.656,44.081,
717578.022,,57.400,44.006,
717678.021,,57.581,44.238,
717778.020,,57.735,43.483,
717878.014,,57.683,42.959,
717978.014,,57.647,42.931,
718078.016,,57.807,42.737,
718178.010,,57.844,42.452,
718278.008,,57.863,42.085,
718378.005,,57.550,42.624,
718478.004,,57.881,45.033,
718578.000,,57.935,46.428,
718678.003,,57.614,46.479,
718777.995,,57.697,46.436,
718877.997,,57.805,45.617,
718977.994,,57.760,45.006,
719077.990,,57.747,44.848,
719177.987,,57.711,45.122,
719277.988,,57.797,45.582,
719377.982,,57.958,44.566,
719477.986,,58.027,44.989,
719577.979,,57.868,44.330,
719677.981,,57.944,43.439,
719777.974,,57.977,43.543,
719877.975,,58.010,43.881,
719977.975,,58.022,43.639,
720077.967,,58.098,44.274,
720177.966,,58.023,44.329,
720277.961,,58.104,44.642,
720377.955,,58.195,44.881,
720477.952,,58.177,45.589,
720577.954,,58.020,46.309,
720677.945,,58.107,46.079,
720777.946,,57.873,46.712,
720877.943,,57.944,45.579,
720977.938,,58.029,45.715,
721077.934,,58.061,49.505,
721177.926,,57.914,48.711,
721277.926,,57.951,46.828,
721377.920,,57.932,46.381,
721477.916,,57.893,45.501,
721577.917,,57.948,45.454,
721677.912,,57.922,44.637,
721777.909,,58.016,44.960,
721877.902,,57.984,44.858,
721977.903,,57.814,45.053,
722077.897,,57.949,44.258,
722177.893,,57.987,43.764,
722277.890,,57.812,44.006,
722377.885,,57.725,44.500,
722477.881,,57.929,46.025,
722577.878,,58.027,45.585,
722677.875,,58.017,44.873,
722777.871,,58.194,43.838,
722877.867,,58.096,43.858,
722977.867,,58.100,44.694,
723077.862,,58.041,45.423,
723177.861,,57.986,45.822,
723277.857,,58.004,45.493,
723377.849,,57.937,45.689,
723477.847,,57.936,45.442,
723577.845,,57.870,45.549,
723677.837,,57.929,46.231,
723777.836,,57.755,46.514,
723877.831,,57.669,45.050,
723977.828,,57.671,43.705,
724077.826,,57.818,43.266,
724177.825,,57.930,43.849,
724277.822,,57.990,44.167,
724377.812,,57.992,44.822,
724477.814,,57.950,44.502,
724577.809,,57.747,45.100,
724677.802,,57.825,45.355,
724777.799,,57.887,45.419,
724877.798,,57.699,44.677,
724977.792,,57.724,44.809,
725077.791,,57.773,45.471,
725177.788,,57.837,46.776,
725277.785,,57.829,45.790,
725377.777,,57.836,45.147,
725477.775,,57.727,46.894,
725577.769,,57.788,48.177,
725677.770,,57.766,47.497,
725777.765,,57.677,45.461,
725877.761,,57.683,45.156,
725977.760,,57.795,47.738,
726077.756,,57.758,46.896,
726177.754,,57.718,47.314,
726277.748,,57.694,45.951,
726377.741,,57.735,44.520,
726477.739,,57.733,43.535,
726577.734,,57.694,43.287,
726677.733,,57.933,43.024,
726777.730,,57.902,43.323,
726877.726,,58.136,44.797,
726977.721,,58.249,45.404,
727077.718,,58.119,44.498,
727177.712,,58.151,43.413,
727277.710,,58.222,43.036,
727377.708,,58.225,43.170,
727477.705,,58.187,43.729,
727577.700,,58.125,43.671,
727677.700,,57.837,43.980,
727777.692,,57.825,43.655,
727877.691,,57.888,43.569,
727977.685,,57.772,42.772,
728077.682,,57.923,42.683,
728177.685,,57.849,43.457,
728277.677,,57.902,44.068,
728377.675,,57.919,44.492,
728477.675,,57.937,45.130,
728577.673,,57.877,46.197,
728677.666,,57.593,46.459,
728777.665,,57.557,46.634,
728877.662,,57.522,45.221,
728977.662,,57.467,44.022,
729077.655,,57.498,44.144,
729177.653,,57.567,43.465,
729277.649,,57.674,43.111,
729377.651,,57.806,44.333,
729477.645,,57.643,44.129,
729577.643,,57.720,43.796,
729677.636,,57.691,43.650,
729777.636,,57.615,43.440,
729877.634,,57.809,44.566,
729977.633,,57.671,44.865,
730077.629,,57.740,44.504,
730177.626,,57.771,45.440,
730277.621,,58.000,44.598,
730377.622,,57.937,44.687,
730477.614,,58.019,44.144,
730577.614,,57.958,42.996,
730677.613,,57.981,42.837,
730777.608,,57.982,43.537,
730877.606,,57.933,46.317,
730977.603,,57.941,47.898,
731077.601,,57.936,47.469,
731177.594,,57.849,47.524,
731277.595,,57.941,45.595,
731377.589,,58.009,44.350,
731477.591,,58.006,44.960,
731577.587,,58.051,45.704,
731677.584,,57.987,45.496,
731777.580,,58.020,45.991,
731877.576,,57.847,46.000,
731977.574,,57.949,45.882,
732077.573,,57.686,46.159,
732177.571,,57.706,45.432,
732277.551,,57.801,44.094,
732377.562,,57.734,43.187,
732477.558,,57.485,42.919,
732577.560,,57.559,42.369,
732677.556,,57.470,42.385,
732777.552,,57.780,43.595,
732877.549,,57.724,43.667,
732977.548,,57.676,43.708,
733077.546,,57.214,43.146,
733177.543,,57.415,42.558,
733277.539,,57.718,42.655,
733377.533,,57.620,43.030,
733477.530,,57.876,43.934,
733577.526,,57.853,44.510,
733677.526,,57.866,45.413,
733777.524,,57.688,46.480,
733877.522,,57.481,45.741,
733977.514,,57.425,46.130,
734077.514,,57.439,45.521,
734177.514,,57.418,45.355,
734277.509,,57.402,46.141,
734377.504,,57.452,46.209,
734477.502,,57.716,46.394,
734577.497,,57.828,47.586,
734677.497,,57.883,48.018,
734777.496,,57.835,49.169,
734877.489,,57.579,48.595,
734977.488,,57.302,47.486,
735077.484,,57.365,45.703,
735177.486,,57.307,44.175,
735277.483,,57.270,43.305,
735377.476,,57.673,44.019,
735477.476,,57.740,45.308,
735577.474,,57.886,45.477,
735677.471,,57.934,45.592,
735777.464,,57.869,44.625,
735877.464,,58.016,44.083,
735977.458,,57.924,44.483,
736077.455,,57.895,44.752,
736177.455,,57.904,44.421,
736277.448,,57.949,43.387,
736377.446,,57.799,43.581,
736477.443,,57.780,44.143,
736577.439,,57.763,45.337,
736677.441,,57.826,46.701,
736777.433,,57.816,47.214,
736877.429,,57.765,49.156,
736977.428,,57.899,49.075,
737077.423,,57.861,47.315,
737177.424,,57.937,47.153,
737277.422,,58.039,46.583,
737377.419,,58.040,45.366,
737477.416,,58.078,44.693,
737577.412,,58.100,44.217,
737677.409,,58.074,45.475,
737777.400,,57.734,45.083,
737877.398,,57.851,44.150,
737977.400,,57.992,43.878,
738077.396,,57.944,43.667,
738177.391,,57.954,42.970,
738277.385,,58.112,42.498,
738377.385,,57.997,42.808,
738477.381,,57.953,44.469,
738577.378,,57.878,46.314,
738677.372,,57.942,48.218,
738777.370,,57.919,46.466,
738877.370,,57.946,45.874,
738977.365,,58.036,45.990,
739077.362,,58.099,44.793,
739177.357,,58.030,44.074,
739277.357,,57.909,44.843,
739377.353,,57.987,46.372,
739477.352,,57.981,45.505,
739577.345,,57.900,46.413,
739677.340,,57.734,46.695,
739777.340,,57.748,46.927,
739877.336,,57.787,47.205,
739977.334,,57.731,46.661,
740077.331,,57.790,45.664,
740177.328,,57.873,45.190,
740277.326,,57.653,44.239,
740377.318,,57.737,44.211,
740477.320,,57.743,43.320,
740577.311,,57.834,43.211,
740677.311,,57.773,43.553,
740777.310,,57.845,43.751,
740877.302,,57.887,44.324,
740977.303,,57.828,45.952,
741077.298,,57.826,47.723,
741177.293,,57.862,48.557,
741277.291,,57.971,46.886,
741377.288,,57.857,45.423,
741477.282,,57.976,44.738,
741577.285,,58.025,43.746,
741677.278,,58.061,43.035,
741777.276,,58.064,42.969,
741877.270,,58.058,43.096,
741977.269,,57.980,43.126,
742077.264,,58.105,43.804,
742177.262,,58.150,44.155,
742277.258,,57.988,44.783,
742377.254,,58.022,43.502,
742477.255,,57.977,42.650,
742577.249,,57.953,42.388,
742677.248,,57.711,41.985,
742777.243,,57.726,42.116,
742877.240,,57.788,42.951,
742977.235,,57.812,43.922,
743077.232,,57.797,44.158,
743177.234,,57.914,43.725,
743277.230,,57.927,43.289,
743377.227,,58.060,43.186,
743477.220,,57.968,42.619,
743577.222,,58.176,43.314,
743677.212,,58.135,44.360,
743777.212,,57.947,44.822,
743877.209,,57.895,44.540,
743977.204,,57.892,45.352,
744077.204,,57.882,46.393,
744177.198,,57.914,46.543,
744277.200,,57.853,45.352,
744377.192,,57.977,45.262,
744477.194,,58.051,46.101,
744577.186,,58.021,46.068,
744677.183,,58.111,44.583,
744777.184,,58.136,44.015,
744877.179,,57.821,44.482,
744977.179,,58.007,45.220,
745077.172,,58.235,45.335,
745177.172,,57.821,46.296,
745277.169,,57.862,46.548,
745377.162,,57.885,45.761,
745477.164,,57.887,45.630,
745577.157,,57.845,44.882,
745677.154,,57.894,43.893,
745777.151,,57.896,43.633,
745877.152,,57.813,44.820,
745977.143,,58.031,45.738,
746077.146,,58.008,46.332,
746177.140,,57.969,45.893,
746277.134,,58.066,44.423,
746377.131,,58.040,43.929,
746477.130,,58.055,43.546,
746577.131,,58.183,43.749,
746677.128,,58.116,45.138,
746777.119,,58.064,46.741,
746877.117,,58.083,47.183,
746977.116,,57.979,46.563,
747077.110,,57.878,46.960,
747177.112,,57.897,45.787,
747277.107,,57.876,45.188,
747377.103,,57.974,45.421,
747477.104,,57.852,44.241,
747577.100,,57.809,43.438,
747677.092,,57.843,43.195,
747777.094,,57.639,43.481,
747877.090,,57.755,44.495,
747977.083,,57.588,44.819,
748077.084,,57.634,45.066,
748177.082,,57.785,45.334,
748277.079,,57.792,45.537,
748377.073,,57.854,45.793,
748477.068,,57.843,46.534,
748577.071,,57.954,46.099,
748677.065,,57.998,45.575,
748777.065,,57.972,47.193,
748877.057,,57.941,48.223,
748977.054,,57.980,48.274,
749077.056,,57.861,47.169,
749177.053,,57.811,45.794,
749277.051,,57.850,44.993,
749377.047,,57.752,46.254,
749477.039,,57.765,48.133,
749577.037,,57.845,48.061,
749677.037,,57.738,48.371,
749777.029,,57.752,48.827,
749877.033,,57.815,48.790,
749977.024,,57.807,47.855,
750077.024,,57.717,45.903,
750177.021,,57.807,45.044,
750277.017,,57.961,45.138,
750377.013,,57.897,45.487,
750477.014,,57.778,45.069,
750577.010,,57.775,44.582,
750677.004,,57.744,44.268,
750777.004,,57.793,43.914,
750876.999,,57.826,43.831,
750976.997,,57.788,43.638,
751076.995,,57.907,44.879,
751176.993,,57.813,44.854,
751276.985,,57.844,45.195,
751376.985,,57.887,45.533,
751476.978,,57.892,45.315,
751576.982,,57.785,44.599,
751676.975,,57.786,44.137,
751776.975,,57.856,43.173,
751876.968,,57.956,43.399,
751976.964,,57.795,43.821,
752076.967,,57.822,43.791,
752176.960,,57.774,44.952,
752276.960,,57.841,45.651,
752376.954,,57.740,45.265,
752476.955,,57.433,44.187,
752576.950,,57.074,42.967,
752676.949,,57.437,42.585,
752776.944,,57.780,42.259,
752876.946,,57.719,42.565,
752976.938,,57.757,44.304,
753076.938,,57.608,45.419,
753176.938,,57.741,45.142,
753276.934,,57.812,46.251,
753376.927,,58.024,46.450,
753476.926,,58.051,46.199,
753576.928,,58.059,47.319,
753676.922,,57.975,46.114,
753776.919,,58.033,44.698,
753876.913,,57.793,44.670,
753976.914,,57.679,44.739,
754076.910,,57.518,44.718,
754176.907,,57.011,45.047,
754276.909,,57.338,44.614,
754376.906,,57.655,46.974,
754476.901,,57.845,49.966,
754576.900,,57.925,49.447,
754676.894,,57.753,47.529,
754776.892,,57.705,46.340,
754876.888,,57.796,45.488,
754976.887,,57.499,44.539,
755076.888,,57.549,43.904,
755176.883,,57.656,44.404,
755276.883,,57.776,45.186,
755376.876,,57.639,46.460,
755476.878,,57.636,46.704,
755576.873,,57.874,46.267,
755676.869,,57.737,46.583,
755776.869,,57.770,45.262,
755876.862,,57.754,44.300,
755976.865,,57.911,44.052,
756076.857,,58.046,44.415,
756176.857,,58.054,45.091,
756276.855,,57.930,44.369,
756376.851,,58.132,44.502,
756476.851,,58.008,44.978,
756576.845,,58.028,44.481,
756676.844,,57.931,44.852,
756776.837,,57.933,45.721,
756876.837,,57.859,46.940,
756976.836,,57.826,45.439,
757076.829,,57.902,45.051,
757176.833,,57.952,45.533,
757276.827,,57.937,45.606,
757376.822,,58.009,45.208,
757476.822,,58.048,45.687,
757576.818,,58.098,45.392,
757676.814,,58.028,44.616,
757776.814,,57.996,45.200,
757876.814,,57.973,46.012,
757976.811,,57.998,44.936,
758076.804,,57.922,43.783,
758176.801,,57.970,44.400,
758276.802,,57.879,44.578,
758376.800,,57.768,46.376,
758476.795,,57.786,45.812,
758576.796,,57.902,44.379,
758676.792,,57.766,43.984,
758776.786,,57.844,47.664,
758876.784,,57.727,48.523,
758976.780,,57.770,47.232,
759076.783,,57.836,46.142,
759176.780,,57.845,46.612,
759276.778,,57.755,47.074,
759376.773,,57.831,45.835,
759476.766,,57.702,46.126,
759576.767,,57.892,45.792,
759676.761,,57.846,45.513,
759776.763,,57.858,45.548,
759876.756,,57.886,46.452,
759976.754,,57.859,45.176,
760076.750,,58.061,44.583,
760176.751,,58.020,44.112,
760276.750,,58.008,45.272,
760376.747,,57.869,45.202,
760476.746,,57.927,46.696,
760576.744,,57.869,47.136,
760676.738,,57.825,47.254,
760776.734,,57.766,48.811,
760876.733,,57.750,48.519,
760976.728,,57.785,46.834,
761076.726,,57.905,47.036,
761176.725,,57.836,47.522,
761276.720,,57.856,48.921,
761376.720,,57.726,47.164,
761476.714,,57.738,45.196,
761576.717,,57.820,44.097,
761676.713,,57.788,43.782,
761776.713,,57.758,44.576,
761876.708,,57.830,44.071,
761976.702,,57.650,44.231,
762076.703,,57.673,44.039,
762176.701,,57.634,43.157,
762276.697,,57.626,42.794,
762376.695,,57.779,42.569,
762476.695,,57.729,42.842,
762576.690,,57.825,42.709,
762676.685,,57.743,42.783,
762776.685,,57.831,43.132,
762876.679,,57.790,42.666,
762976.681,,57.677,42.752,
763076.678,,57.700,43.072,
763176.674,,57.741,42.493,
763276.672,,57.831,42.334,
763376.671,,57.784,43.423,
763476.665,,57.818,43.646,
763576.662,,57.805,45.236,
763676.659,,57.617,45.517,
763776.657,,57.753,46.126,
763876.657,,57.728,45.247,
763976.650,,57.753,45.086,
764076.651,,57.702,44.271,
764176.651,,57.675,44.457,
764276.643,,57.781,44.274,
764376.644,,57.656,45.416,
764476.638,,57.787,46.021,
764576.638,,57.774,46.768,
764676.637,,57.774,44.968,
764776.633,,57.896,43.413,
764876.633,,57.867,43.104,
764976.628,,57.849,43.046,
765076.627,,57.953,43.415,
765176.623,,57.893,43.681,
765276.618,,57.826,45.756,
765376.619,,57.913,46.169,
765476.614,,57.912,45.706,
765576.610,,57.912,46.411,
765676.609,,57.872,48.319,
765776.604,,57.830,49.823,
765876.603,,57.754,51.616,
765976.602,,57.832,52.503,
766076.598,,57.850,53.123,
766176.599,,57.799,52.648,
766276.597,,57.818,51.754,
766376.593,,57.780,50.144,
766476.586,,57.904,47.239,
766576.588,,57.883,46.117,
766676.582,,57.774,46.453,
766776.583,,57.796,46.927,
766876.581,,57.736,47.734,
766976.578,,57.691,49.678,
767076.575,,57.528,50.180,
767176.569,,57.714,49.099,
767276.569,,57.729,46.769,
767376.564,,57.702,45.072,
767476.560,,57.758,44.030,
767576.564,,57.727,43.278,
767676.558,,57.845,42.690,
767776.557,,57.820,42.723,
767876.550,,57.792,42.875,
767976.552,,57.823,43.297,
768076.546,,57.900,43.768,
768176.545,,57.839,43.929,
768276.541,,57.711,44.068,
768376.521,,57.772,46.360,
768476.531,,57.686,47.798,
768576.526,,57.639,48.193,
768676.524,,57.764,48.077,
768776.515,,57.698,48.857,
768876.516,,57.667,47.466,
768976.511,,57.475,46.056,
769076.509,,57.436,44.477,
769176.504,,57.526,44.227,
769276.501,,57.519,45.436,
769376.498,,57.565,47.296,
769476.494,,57.464,49.411,
769576.490,,57.331,48.840,
769676.483,,57.389,47.417,
769776.483,,57.529,47.734,
769876.479,,57.470,47.940,
769976.476,,57.608,46.625,
770076.466,,57.780,45.055,
770176.461,,57.704,43.875,
770276.464,,57.796,43.901,
770376.455,,57.814,45.539,
770476.453,,57.842,46.660,
770576.448,,57.734,46.029,
770676.444,,57.823,45.147,
770776.439,,57.808,43.976,
770876.436,,57.573,44.447,
770976.431,,57.613,44.121,
771076.432,,57.696,43.906,
771176.426,,57.894,44.371,
771276.420,,57.799,44.420,
771376.418,,57.805,43.876,
771476.412,,57.764,44.869,
771576.411,,57.841,44.810,
771676.408,,57.903,46.250,
771776.401,,57.880,48.501,
771876.396,,57.726,49.746,
771976.397,,57.762,48.804,
772076.392,,57.706,47.709,
772176.388,,57.637,46.585,
772276.384,,57.698,46.501,
772376.380,,57.788,46.946,
772476.373,,57.804,46.963,
772576.372,,57.540,45.332,
772676.366,,57.622,44.745,
772776.366,,57.706,43.975,
772876.364,,57.644,43.103,
772976.359,,57.727,42.497,
773076.351,,57.841,43.071,
773176.350,,57.842,44.492,
773276.347,,57.760,45.146,
773376.341,,57.771,45.902,
773476.338,,57.835,48.021,
773576.337,,57.852,48.596,
773676.331,,57.750,50.545,
773776.325,,57.818,51.376,
773876.319,,57.776,49.455,
773976.319,,57.807,46.731,
774076.318,,57.797,44.699,
774176.308,,57.565,44.257,
774276.306,,57.632,44.121,
774376.303,,57.559,43.623,
774476.302,,57.532,43.719,
774576.298,,57.594,44.244,
774676.292,,57.732,43.642,
774776.289,,57.744,43.423,
774876.287,,57.827,43.001,
774976.280,,57.829,43.023,
775076.273,,57.744,43.583,
775176.273,,57.631,43.396,
775276.267,,57.876,43.705,
775376.262,,57.891,44.015,
775476.262,,57.765,43.571,
775576.255,,57.716,43.246,
775676.254,,57.966,45.109,
775776.251,,57.878,45.790,
775876.244,,57.685,46.060,
775976.242,,57.610,45.374,
776076.240,,57.528,44.988,
776176.234,,57.440,44.770,
776276.236,,57.328,45.952,
776376.231,,57.789,47.507,
776476.225,,57.693,48.267,
776576.229,,57.732,48.923,
776676.226,,57.769,48.254,
776776.219,,57.719,48.465,
776876.219,,57.779,47.375,
776976.216,,57.753,45.749,
777076.212,,57.813,45.803,
777176.207,,57.951,44.512,
777276.207,,57.985,43.602,
777376.207,,58.072,43.311,
777476.199,,58.101,43.572,
777576.202,,57.989,43.467,
777676.195,,58.031,44.319,
777776.191,,57.936,45.441,
777876.194,,57.979,45.888,
777976.189,,57.977,47.102,
778076.188,,57.864,48.295,
778176.180,,57.835,47.775,
778276.181,,57.779,47.474,
778376.177,,57.791,47.762,
778476.175,,57.783,47.181,
778576.169,,57.643,45.927,
778676.172,,57.709,44.208,
778776.165,,57.673,43.147,
778876.161,,57.636,43.110,
778976.159,,57.735,44.130,
779076.159,,57.730,45.168,
779176.157,,57.739,44.717,
779276.152,,57.847,45.677,
779376.148,,57.882,46.659,
779476.144,,57.751,45.787,
779576.147,,57.742,46.430,
779676.143,,57.752,45.893,
779776.139,,57.776,46.188,
779876.138,,57.724,47.287,
779976.133,,57.753,46.967,
780076.133,,57.813,45.101,
780176.129,,57.831,44.667,
780276.128,,57.635,44.341,
780376.120,,57.728,44.823,
780476.116,,57.857,45.207,
780576.114,,57.817,44.567,
780676.116,,57.963,44.046,
780776.108,,57.888,44.116,
780876.109,,57.922,44.836,
780976.109,,57.935,44.752,
781076.106,,58.015,44.929,
781176.098,,57.969,45.596,
781276.101,,57.762,44.800,
781376.096,,57.581,44.419,
781476.094,,57.691,44.768,
781576.093,,57.722,44.819,
781676.088,,57.781,45.232,
781776.083,,57.761,44.351,
781876.082,,57.700,44.236,
781976.081,,57.719,45.383,
782076.078,,57.776,46.404,
782176.076,,57.822,46.026,
782276.070,,57.807,47.413,
782376.066,,57.720,47.111,
782476.063,,57.691,46.374,
782576.064,,57.644,45.138,
782676.057,,57.708,44.667,
782776.059,,57.490,45.194,
782876.056,,57.723,45.145,
782976.051,,57.489,44.800,
783076.052,,57.664,44.400,
783176.046,,57.681,44.190,
783276.041,,57.671,45.393,
783376.043,,57.683,44.191,
783476.038,,57.741,43.481,
783576.034,,57.653,43.705,
783676.032,,57.724,44.588,
783776.028,,57.748,45.667,
783876.026,,57.802,44.827,
783976.027,,57.783,44.094,
784076.024,,57.933,44.878,
784176.021,,57.813,46.435,
784276.014,,57.840,46.921,
784376.011,,57.710,46.001,
784476.012,,57.698,44.481,
784576.003,,57.666,43.394,
784676.000,,57.591,43.729,
784776.002,,57.871,43.911,
784875.996,,57.853,45.078,
784975.990,,57.880,46.628,
785075.987,,58.041,46.388,
785175.989,,57.997,46.736,
785275.986,,57.982,46.098,
785375.979,,57.976,46.724,
785475.976,,57.881,46.243,
785575.974,,57.708,45.034,
785675.970,,57.493,46.153,
785775.966,,57.568,45.310,
785875.963,,57.578,45.307,
785975.960,,57.579,45.736,
786075.958,,57.651,44.825,
786175.953,,57.608,45.099,
786275.952,,57.692,46.627,
786375.949,,57.838,46.173,
786475.950,,57.791,45.244,
786575.946,,57.904,44.736,
786675.940,,57.878,45.650,
786775.940,,57.890,46.173,
786875.932,,57.911,45.076,
786975.934,,57.902,45.077,
787075.931,,57.818,45.475,
787175.928,,57.796,43.979,
787275.921,,57.825,42.933,
787375.917,,57.606,42.482,
787475.913,,57.694,43.064,
787575.913,,57.818,44.025,
787675.907,,57.721,45.289,
787775.909,,57.868,45.790,
787875.905,,57.757,45.740,
787975.903,,57.830,45.845,
788075.895,,57.799,44.864,
788175.893,,57.831,43.612,
788275.888,,57.714,43.278,
788375.886,,57.626,43.453,
788475.883,,57.663,44.101,
788575.880,,57.637,43.220,
788675.875,,57.657,42.475,
788775.874,,57.676,42.580,
788875.870,,57.623,44.290,
788975.870,,57.677,45.512,
789075.867,,57.821,44.553,
789175.865,,57.650,43.794,
789275.862,,57.776,43.561,
789375.858,,57.729,43.400,
789475.853,,57.825,43.458,
789575.851,,57.835,43.967,
789675.848,,57.860,44.305,
789775.841,,57.958,43.778,
789875.843,,57.747,43.606,
789975.834,,57.764,44.325,
790075.834,,57.648,45.734,
790175.832,,57.881,46.515,
790275.827,,57.704,46.641,
790375.823,,57.742,45.977,
790475.819,,57.654,46.432,
790575.822,,57.791,45.231,
790675.813,,57.711,45.824,
790775.811,,57.730,45.103,
790875.809,,57.635,43.886,
790975.803,,57.524,43.730,
791075.802,,57.556,45.222,
791175.803,,57.736,45.013,
791275.799,,57.706,45.383,
791375.796,,57.740,46.772,
791475.793,,57.644,47.742,
791575.786,,57.355,46.208,
791675.787,,57.268,45.854,
791775.779,,57.486,46.146,
791875.777,,57.765,46.667,
791975.772,,58.018,46.172,
792075.775,,57.743,46.024,
792175.771,,57.934,45.293,
792275.763,,57.786,45.549,
792375.764,,57.658,45.180,
792475.757,,57.649,44.530,
792575.751,,57.918,44.179,
792675.747,,57.678,43.340,
792775.748,,57.726,43.462,
792875.741,,57.628,43.123,
792975.736,,57.688,43.748,
793075.725,,57.847,44.680,
793175.733,,57.804,45.295,
793275.726,,57.919,44.763,
793375.725,,57.985,44.540,
793475.722,,58.019,45.002,
793575.715,,58.122,45.878,
793675.714,,58.036,45.986,
793775.710,,58.091,46.373,
793875.706,,58.035,45.353,
793975.702,,58.147,44.632,
794075.701,,58.083,43.996,
794175.696,,57.935,44.464,
794275.689,,57.922,45.850,
794375.690,,57.880,47.425,
794475.685,,57.963,46.773,
794575.681,,57.930,45.608,
794675.675,,57.863,46.039,
794775.674,,57.850,47.205,
794875.672,,57.804,48.079,
794975.664,,57.770,47.300,
795075.662,,57.755,45.996,
795175.658,,57.794,46.840,
795275.658,,57.717,46.003,
795375.649,,57.651,44.464,
795475.649,,57.726,45.081,
795575.644,,57.629,48.301,
795675.639,,57.611,50.327,
795775.635,,57.349,48.975,
795875.632,,57.652,47.741,
795975.629,,57.741,48.082,
796075.629,,57.725,47.744,
796175.625,,57.584,46.893,
796275.618,,57.613,46.335,
796375.619,,57.729,46.215,
796475.613,,57.664,46.683,
796575.607,,57.767,45.198,
796675.609,,57.802,44.212,
796775.601,,57.737,44.061,
796875.601,,57.751,43.766,
796975.593,,57.866,43.722,
797075.593,,57.797,45.785,
797175.586,,57.725,46.410,
797275.583,,57.799,45.205,
797375.577,,57.878,45.049,
797475.576,,57.857,45.130,
797575.572,,57.934,45.413,
797675.566,,57.758,45.568,
797775.565,,57.554,45.345,
797875.560,,57.701,46.621,
797975.560,,57.595,45.234,
798075.555,,57.651,45.393,
798175.552,,57.707,45.585,
798275.545,,57.764,45.737,
798375.546,,57.826,44.867,
798475.541,,57.814,44.446,
798575.538,,57.774,44.490,
798675.536,,57.961,43.446,
798775.532,,57.890,43.027,
798875.526,,57.859,43.061,
798975.525,,57.803,42.563,
799075.521,,57.672,42.932,
799175.513,,57.641,45.497,
799275.509,,57.633,46.864,
799375.505,,57.631,46.204,
799475.504,,57.619,46.254,
799575.501,,57.703,46.035,
799675.498,,57.738,45.096,
799775.493,,57.740,45.186,
799875.487,,57.829,45.554,
799975.489,,57.852,46.647,
800075.486,,57.902,45.310,
800175.481,,57.884,44.317,
800275.478,,57.933,45.790,
800375.481,,57.848,46.566,
800475.476,,57.798,46.133,
800575.472,,57.793,45.075,
800675.470,,57.570,45.095,
800775.469,,57.647,44.019,
800875.465,,57.885,44.073,
800975.464,,57.730,44.125,
801075.462,,57.515,44.130,
801175.465,,57.496,44.131,
801275.460,,57.606,43.825,
801375.454,,57.687,43.052,
801475.455,,57.684,42.772,
801575.451,,57.529,44.193,
801675.450,,57.445,44.236,
801775.447,,57.601,43.609,
801875.449,,57.524,43.745,
801975.447,,57.702,43.961,
802075.441,,57.510,44.359,
802175.443,,57.574,45.662,
802275.436,,57.569,48.119,
802375.437,,57.494,47.447,
802475.435,,57.619,45.743,
802575.431,,57.791,44.334,
802675.432,,57.559,43.727,
802775.424,,57.384,43.701,
802875.425,,57.502,44.401,
802975.426,,57.602,43.347,
803075.424,,57.702,43.074,
803175.418,,57.758,44.032,
803275.413,,57.695,45.533,
803375.416,,57.708,47.177,
803475.411,,57.660,46.420,
803575.410,,57.706,45.992,
803675.405,,57.700,44.419,
803775.404,,57.548,43.507,
803875.406,,57.694,43.037,
803975.401,,57.458,43.022,
804075.398,,57.740,43.778,
804175.396,,57.593,45.480,
804275.393,,57.532,45.850,
804375.392,,57.682,46.444,
804475.387,,57.815,46.828,
804575.392,,57.663,46.317,
804675.385,,57.690,45.255,
804775.382,,57.565,43.911,
804875.384,,57.769,43.162,
804975.377,,57.763,43.051,
805075.376,,57.814,43.916,
805175.373,,57.808,44.226,
805275.375,,57.835,44.316,
805375.369,,57.760,45.398,
805475.367,,57.724,45.849,
805575.368,,57.703,45.568,
805675.366,,57.742,45.876,
805775.361,,57.886,46.500,
805875.364,,57.834,45.779,
805975.360,,57.583,45.246,
806075.354,,57.678,44.703,
806175.353,,57.830,44.237,
806275.351,,57.824,44.062,
806375.351,,57.827,44.048,
806475.349,,57.706,46.562,
806575.346,,57.723,46.908,
806675.343,,57.641,45.387,
806775.343,,57.629,46.095,
806875.342,,57.524,45.177,
806975.337,,57.449,44.802,
807075.331,,57.482,45.693,
807175.335,,57.334,45.652,
807275.331,,57.497,45.561,
807375.330,,57.410,46.390,
807475.326,,57.505,47.540,
807575.321,,57.649,45.515,
807675.324,,57.542,44.042,
807775.322,,57.581,43.078,
807875.318,,57.658,43.383,
807975.311,,57.572,43.870,
808075.309,,57.530,45.883,
808175.305,,57.563,46.938,
808275.302,,57.680,47.521,
808375.300,,57.574,46.214,
808475.296,,57.718,45.098,
808575.292,,57.821,45.966,
808675.293,,57.810,46.285,
808775.287,,57.939,46.616,
808875.285,,57.888,46.809,
808975.280,,57.816,46.988,
809075.278,,57.778,45.698,
809175.274,,57.736,44.313,
809275.276,,57.655,44.432,
809375.272,,57.610,45.127,
809475.263,,57.579,44.924,
809575.261,,57.525,44.546,
809675.257,,57.407,44.099,
809775.255,,57.536,43.973,
809875.251,,57.490,42.961,
809975.248,,57.518,42.809,
810075.245,,57.501,43.886,
810175.245,,57.576,45.119,
810275.242,,57.521,46.105,
810375.236,,57.492,45.890,
810475.231,,57.548,46.065,
810575.227,,57.583,45.276,
810675.231,,57.408,44.456,
810775.223,,57.428,43.518,
810875.218,,57.433,44.270,
810975.214,,57.474,43.838,
811075.215,,57.539,43.324,
811175.212,,57.520,44.303,
811275.210,,57.449,44.599,
811375.202,,57.681,44.635,
811475.204,,57.742,43.422,
811575.198,,57.571,43.589,
811675.198,,57.799,45.708,
811775.190,,57.723,46.077,
811875.188,,57.640,44.767,
811975.183,,57.678,45.108,
812075.179,,57.657,44.531,
812175.177,,57.576,43.481,
812275.177,,57.694,43.021,
812375.173,,57.731,43.110,
812475.167,,57.672,43.925,
812575.163,,57.651,46.556,
812675.161,,57.606,46.910,
812775.160,,57.591,47.275,
812875.154,,57.539,48.047,
812975.150,,57.458,47.427,
813075.146,Input1*2*0,57.547,46.441,
813175.146,Input1*2*1,57.573,46.260,
813275.146,,57.621,45.522,
813375.137,,57.673,46.777,
813475.134,,57.613,52.028,
813575.133,,57.491,51.100,
813675.131,,57.594,48.506,
813775.124,,57.621,46.083,
813875.122,,57.636,44.594,
813975.118,,57.431,43.596,
814075.120,,57.583,43.441,
814175.115,,57.525,43.810,
814275.110,,57.485,43.041,
814375.107,,57.500,42.883,
814475.104,,57.616,42.640,
814575.098,,57.751,42.628,
814675.096,,57.679,43.523,
814775.094,,57.731,44.654,
814875.090,,57.619,44.773,
814975.090,,57.655,45.420,
815075.085,,57.584,46.648,
815175.078,,57.467,46.217,
815275.082,,57.534,44.957,
815375.073,,57.517,44.346,
815475.074,,57.491,45.107,
815575.069,,57.595,45.096,
815675.068,,57.586,46.108,
815775.060,,57.511,47.286,
815875.058,,57.552,49.415,
815975.053,,57.301,50.162,
816075.054,,57.263,50.018,
816175.053,,57.437,47.482,
816275.044,,57.433,46.289,
816375.040,,57.473,46.150,
816475.037,,57.542,46.553,
816575.037,,57.390,46.750,
816675.031,,57.274,46.030,
816775.030,,57.313,44.954,
816875.026,,57.309,46.463,
816975.023,,57.299,47.694,
817075.024,,57.347,46.758,
817175.018,,57.485,46.406,
817275.016,,57.493,45.766,
817375.014,,57.522,44.539,
817475.011,,57.585,44.685,
817575.008,,57.513,45.108,
817675.002,,57.568,46.144,
817774.998,,57.586,44.807,
817874.998,,57.772,43.931,
817974.995,,57.645,43.597,
818074.988,,57.635,43.428,
818174.989,,57.707,45.078,
818274.982,,57.608,46.329,
818374.978,,57.460,46.289,
818474.979,,57.513,48.671,
818574.975,,57.523,48.343,
818674.974,,57.564,46.287,
818774.966,,57.586,45.051,
818874.964,,57.566,44.109,
818974.964,,57.423,43.559,
819074.956,,57.433,42.814,
819174.958,,57.513,42.466,
819274.954,,57.536,43.332,
819374.946,,57.607,44.544,
819474.945,,57.533,44.767,
819574.947,,57.671,45.329,
819674.943,,57.662,45.757,
819774.939,,57.674,44.448,
819874.932,,57.711,43.636,
819974.935,,57.789,42.915,
820074.925,,57.689,43.270,
820174.924,,57.680,43.870,
820274.923,,57.693,44.632,
820374.918,,57.470,44.081,
820474.912,,57.602,43.860,
820574.912,,57.576,44.196,
820674.911,,57.431,44.596,
820774.907,,57.428,45.099,
820874.905,,57.390,44.830,
820974.899,,57.346,45.336,
821074.894,,57.333,45.246,
821174.891,,57.351,45.689,
821274.893,,57.184,47.621,
821374.889,,57.276,47.819,
821474.884,,57.352,47.551,
821574.881,,57.437,46.406,
821674.881,,57.458,44.920,
821774.874,,57.620,44.282,
821874.872,,57.584,43.422,
821974.868,,57.578,43.119,
822074.859,,57.551,43.063,
822174.860,,57.715,43.426,
822274.858,,57.657,44.435,
822374.856,,57.567,45.656,
822474.855,,57.632,45.682,
822574.848,,57.662,46.985,
822674.847,,57.647,48.114,
822774.841,,57.546,49.332,
822874.841,,57.484,50.680,
822974.836,,57.467,50.582,
823074.837,,57.225,48.799,
823174.831,,57.345,48.175,
823274.828,,57.372,46.586,
823374.829,,57.516,45.320,
823474.826,,57.412,44.463,
823574.820,,57.429,43.358,
823674.819,,57.519,43.091,
823774.814,,57.541,43.790,
823874.809,,57.579,44.777,
823974.807,,57.413,45.233,
824074.801,,57.620,45.308,
824174.800,,57.583,44.965,
824274.797,,57.713,44.052,
824374.789,,57.741,43.958,
824474.790,,57.833,43.690,
824574.784,,57.705,43.203,
824674.782,,57.807,43.111,
824774.777,,57.861,43.374,
824874.774,,57.509,42.955,
824974.770,,57.983,43.095,
825074.764,,57.985,45.343,
825174.759,,58.009,47.176,
825274.755,,57.915,48.863,
825374.753,,57.742,48.342,
825474.750,,57.731,46.463,
825574.744,,57.571,46.487,
825674.739,,57.313,46.841,
825774.733,,57.348,46.518,
825874.733,,57.380,45.461,
825974.725,,57.428,45.192,
826074.722,,57.341,47.453,
826174.723,,57.371,49.500,
826274.720,,57.384,47.265,
826374.712,,57.449,46.767,
826474.711,,57.455,46.298,
826574.705,,57.573,45.070,
826674.698,,57.535,43.677,
826774.695,,57.579,43.183,
826874.694,,57.600,43.053,
826974.691,,57.468,43.424,
827074.685,,57.521,43.937,
827174.685,,57.461,46.091,
827274.679,,57.405,46.763,
827374.674,,57.423,48.046,
827474.669,,57.522,46.080,
827574.667,,57.650,45.139,
827674.662,,57.626,45.016,
827774.660,,57.480,44.540,
827874.656,,57.452,44.680,
827974.651,,57.389,44.158,
828074.643,,57.297,44.576,
828174.642,,57.305,46.000,
828274.638,,57.251,45.544,
828374.635,,57.306,46.008,
828474.630,,57.285,45.765,
828574.627,,57.393,47.754,
828674.620,,57.478,48.953,
828774.620,,57.555,46.812,
828874.616,,57.593,45.142,
828974.615,,57.566,44.164,
829074.605,,57.614,43.768,
829174.600,,57.682,43.530,
829274.597,,57.568,44.626,
829374.599,,57.488,45.035,
829474.592,,57.538,44.017,
829574.590,,57.623,44.000,
829674.588,,57.607,43.451,
829774.579,,57.527,43.406,
829874.576,,57.483,43.588,
829974.573,,57.499,43.409,
830074.568,,57.545,43.641,
830174.562,,57.405,43.431,
830274.564,,57.389,43.843,
830374.557,,57.020,43.968,
830474.552,,57.198,43.334,
830574.551,,57.153,43.686,
830674.544,,57.459,44.113,
830774.539,,57.328,43.848,
830874.540,,57.360,45.152,
830974.531,,57.293,44.587,
831074.531,,57.258,44.078,
831174.526,,57.306,44.243,
831274.523,,57.343,43.421,
831374.521,,57.392,42.912,
831474.517,,57.477,43.318,
831574.510,,57.499,43.848,
831674.505,,57.390,44.706,
831774.504,,57.559,45.102,
831874.499,,57.553,46.650,
831974.494,,57.533,45.496,
832074.492,,57.581,45.341,
832174.491,,57.564,46.756,
832274.493,,57.593,46.607,
832374.486,,57.781,47.677,
832474.490,,57.700,47.659,
832574.483,,57.675,45.863,
832674.483,,57.709,44.942,
832774.478,,57.610,45.976,
832874.481,,57.479,48.145,
832974.476,,57.544,48.089,
833074.478,,57.509,48.717,
833174.470,,57.501,47.652,
833274.470,,57.492,46.833,
833374.469,,57.564,45.649,
833474.465,,57.537,45.212,
833574.468,,57.656,45.305,
833674.463,,57.589,46.879,
833774.462,,57.664,47.426,
833874.456,,57.735,45.975,
833974.456,,57.769,45.794,
834074.452,,57.716,47.173,
834174.457,,57.825,46.420,
834274.448,,57.516,45.662,
834374.453,,57.268,44.148,
834474.445,,57.408,42.985,
834574.449,,57.497,42.627,
834674.442,,57.274,42.472,
834774.438,,57.461,42.454,
834874.440,,57.703,42.406,
834974.434,,57.671,43.983,
835074.433,,57.651,45.430,
835174.437,,57.626,47.802,
835274.431,,57.534,48.199,
835374.428,,57.559,46.069,
835474.426,,57.540,44.200,
835574.427,,57.363,43.818,
835674.424,,57.490,43.821,
835774.419,,57.449,44.362,
835874.419,,57.411,43.605,
835974.415,,57.489,42.972,
836074.415,,57.361,42.927,
836174.416,,57.217,42.375,
836274.409,,57.398,42.124,
836374.407,,57.514,42.106,
836474.405,,57.450,42.499,
836574.404,,57.481,43.430,
836674.404,,57.563,43.913,
836774.406,,57.632,43.643,
836874.398,,57.762,42.887,
836974.400,,57.750,42.237,
837074.398,,57.475,42.442,
837174.397,,57.596,43.331,
837274.392,,57.516,44.251,
837374.393,,57.575,45.209,
837474.388,,57.523,46.126,
837574.386,,57.634,47.189,
837674.384,,57.419,47.688,
837774.383,,57.438,47.110,
837874.380,,57.390,47.862,
837974.377,,56.963,47.227,
838074.376,,56.781,45.190,
838174.377,,57.006,44.507,
838274.373,,57.234,44.819,
838374.372,,57.341,44.002,
838474.367,,57.409,43.306,
838574.365,,57.619,44.053,
838674.367,,57.497,45.721,
838774.364,,57.611,45.666,
838874.360,,57.373,45.726,
838974.358,,57.431,47.279,
839074.360,,57.404,46.048,
839174.353,,57.588,44.740,
839274.355,,57.638,44.832,
839374.355,,57.594,43.842,
839474.352,,57.657,43.054,
839574.347,,57.566,42.926,
839674.349,,57.433,43.585,
839774.343,,57.419,44.172,
839874.342,,57.554,44.983,
839974.341,,57.480,44.251,
840074.334,,57.571,43.127,
840174.326,,57.662,42.980,
840274.326,,57.631,43.592,
840374.321,,57.528,44.010,
840474.320,,57.661,45.157,
840574.317,,57.568,45.111,
840674.310,,57.619,44.681,
840774.302,,57.536,45.217,
840874.302,,57.567,46.816,
840974.299,,57.559,48.376,
841074.296,,57.465,49.614,
841174.286,,57.403,48.324,
841274.282,,57.560,48.557,
841374.282,,57.531,46.840,
841474.275,,57.452,45.627,
841574.274,,57.463,46.488,
841674.271,,57.579,46.851,
841774.264,,57.620,46.222,
841874.262,,57.548,45.403,
841974.257,,57.606,44.669,
842074.254,,57.662,45.069,
842174.249,,57.552,44.137,
842274.244,,57.731,43.108,
842374.239,,57.512,42.886,
842474.237,,57.507,43.611,
842574.230,,57.577,45.013,
842674.225,,57.553,45.208,
842774.223,,57.584,44.822,
842874.220,,57.624,44.644,
842974.215,,57.583,44.993,
843074.212,,57.543,46.465,
843174.211,,57.583,46.497,
843274.205,,57.657,44.565,
843374.197,,57.589,43.593,
843474.192,,57.679,43.214,
843574.194,,57.555,43.157,
843674.185,,57.559,42.946,
843774.184,,57.555,44.523,
843874.180,,57.436,46.168,
843974.173,,57.681,45.261,
844074.173,,57.446,44.660,
844174.169,,57.443,44.671,
844274.165,,57.570,45.031,
844374.157,,57.474,43.607,
844474.158,,57.849,42.764,
844574.151,,57.430,43.983,
844674.144,,57.577,44.707,
844774.139,,57.621,43.955,
844874.137,,57.485,43.419,
844974.133,,57.449,44.636,
845074.133,,57.488,45.044,
845174.124,,57.427,44.714,
845274.122,,57.469,45.839,
845374.117,,57.426,46.466,
845474.112,,57.512,45.612,
845574.112,,57.494,44.358,
845674.109,,57.523,43.340,
845774.101,,57.544,42.680,
845874.098,,57.636,42.453,
845974.096,,57.672,42.168,
846074.090,,57.736,42.498,
846174.082,,57.705,43.897,
846274.079,,57.348,44.731,
846374.078,,57.493,44.668,
846474.076,,57.458,45.360,
846574.067,,57.617,46.136,
846674.064,,57.448,47.205,
846774.061,,57.509,46.180,
846874.060,,57.352,44.383,
846974.052,,57.360,43.467,
847074.046,,57.357,43.328,
847174.044,,57.475,44.381,
847274.042,,57.536,44.664,
847374.040,,57.548,45.000,
847474.033,,57.458,45.052,
847574.031,,57.550,44.223,
847674.027,,57.521,44.352,
847774.022,,57.667,43.332,
847874.017,,57.636,43.242,
847974.013,,57.637,43.741,
848074.007,,57.617,43.924,
848174.004,,57.612,44.883,
848273.998,,57.752,44.760,
848373.996,,57.732,45.420,
848473.991,,57.778,44.591,
848573.987,,57.789,45.078,
848673.981,,57.711,46.189,
848773.981,,57.746,46.886,
848873.975,,57.709,45.540,
848973.969,,57.698,44.186,
849073.969,,57.615,44.024,
849173.965,,57.610,43.469,
849273.958,,57.585,43.328,
849373.957,,57.561,44.193,
849473.949,,57.429,44.710,
849573.946,,57.536,45.582,
849673.944,,57.556,47.866,
849773.941,,57.412,49.858,
849873.936,,57.436,49.426,
849973.926,,57.455,48.018,
850073.929,,57.454,48.383,
850173.923,,57.226,48.474,
850273.919,,57.498,49.727,
850373.911,,57.320,48.436,
850473.913,,57.347,47.935,
850573.908,,57.560,46.287,
850673.900,,57.323,45.757,
850773.895,,57.064,44.406,
850873.894,,57.211,43.857,
850973.886,,57.482,43.590,
851073.888,,57.238,43.064,
851173.883,,57.330,42.539,
851273.875,,57.151,43.211,
851373.870,,57.238,43.771,
851473.871,,57.312,43.870,
851573.862,,57.283,43.790,
851673.857,,57.275,43.893,
851773.855,,57.632,45.718,
851873.851,,57.700,46.129,
851973.846,,57.718,46.211,
852073.846,,57.630,46.440,
852173.839,,57.743,47.212,
852273.834,,57.721,47.654,
852373.828,,57.719,47.151,
852473.824,,57.573,46.876,
852573.824,,57.531,46.149,
852673.816,,57.673,45.161,
852773.814,,57.570,44.721,
852873.813,,57.782,45.456,
852973.807,,57.760,44.507,
853073.802,,57.744,43.833,
853173.795,,57.762,44.075,
853273.794,,57.719,45.168,
853373.787,,57.653,46.056,
853473.785,,57.658,45.389,
853573.780,,57.660,44.812,
853673.779,,57.719,44.327,
853773.777,,57.702,46.378,
853873.771,,57.654,47.778,
853973.764,,57.613,46.324,
854073.760,,57.677,44.974,
854173.756,,57.598,43.748,
854273.750,,57.635,43.528,
854373.749,,57.567,43.205,
854473.746,,57.551,42.747,
854573.737,,57.569,43.004,
854673.739,,57.457,43.292,
854773.733,,57.409,43.441,
854873.730,,57.480,45.241,
854973.724,,57.373,45.958,
855073.720,,57.448,44.549,
855173.714,,57.442,44.557,
855273.712,,57.433,45.252,
855373.705,,57.486,46.232,
855473.705,,57.458,46.888,
855573.701,,57.553,48.096,
855673.696,,57.474,46.124,
855773.689,,57.564,44.852,
855873.689,,57.465,44.720,
855973.685,,57.589,45.911,
856073.684,,57.545,45.212,
856173.683,,57.584,44.678,
856273.681,,57.622,44.948,
856373.681,,57.446,45.314,
856473.677,,57.444,44.087,
856573.678,,57.545,42.878,
856673.673,,57.347,42.093,
856773.676,,57.447,42.287,
856873.670,,57.311,42.727,
856973.672,,57.526,44.664,
857073.667,,57.394,45.310,
857173.667,,57.396,45.532,
857273.662,,57.545,44.717,
857373.661,,57.405,44.704,
857473.659,,57.419,46.357,
857573.663,,57.258,47.383,
857673.659,,57.215,48.881,
857773.660,,57.125,49.209,
857873.657,,57.237,48.984,
857973.657,,57.249,47.447,
858073.654,,57.561,47.953,
858173.653,,57.521,47.690,
858273.651,,57.608,47.409,
858373.649,,57.529,46.224,
858473.645,,57.556,46.717,
858573.646,,57.566,47.032,
858673.641,,57.625,47.393,
858773.638,,57.597,48.921,
858873.638,,57.493,48.445,
858973.639,,57.530,47.673,
859073.635,,57.533,47.576,
859173.632,,57.533,50.698,
859273.635,,57.419,49.669,
859373.632,,57.437,48.427,
859473.616,,57.432,48.995,
859573.629,,57.430,49.214,
859673.625,,57.441,51.255,
859773.628,,57.281,50.290,
859873.625,,57.292,48.695,
859973.620,,57.356,49.353,
860073.619,,57.313,51.181,
860173.616,,57.412,51.749,
860273.613,,57.456,51.183,
860373.612,,57.402,50.143,
860473.615,,57.386,50.016,
860573.614,,57.518,49.206,
860673.612,,57.491,49.469,
860773.610,,57.502,49.199,
860873.607,,57.519,50.066,
860973.609,,57.540,48.439,
861073.603,,57.446,47.841,
861173.600,,57.611,48.245,
861273.600,,57.536,46.944,
861373.600,,57.531,45.586,
861473.597,,57.619,44.748,
861573.598,,57.567,44.128,
861673.592,,57.462,43.570,
861773.595,,57.459,44.486,
861873.589,,57.461,43.956,
861973.591,,57.517,43.107,
862073.589,,57.434,42.565,
862173.584,,57.498,42.594,
862273.583,,57.425,42.608,
862373.581,,57.415,42.759,
862473.581,,57.324,42.678,
862573.580,,57.324,43.532,
862673.576,,57.422,44.473,
862773.578,,57.354,44.612,
862873.576,,57.368,45.783,
862973.571,,57.251,46.318,
863073.573,,57.322,47.936,
863173.572,,57.402,49.181,
863273.570,,57.541,48.491,
863373.568,,57.600,46.363,
863473.568,,57.541,45.669,
863573.567,,57.449,45.752,
863673.560,,57.385,46.639,
863773.563,,57.277,47.322,
863873.558,,57.363,47.505,
863973.559,,57.358,45.779,
864073.554,,57.405,45.611,
864173.546,,57.321,46.082,
864273.546,,57.408,46.263,
864373.544,,57.408,44.953,
864473.534,,57.541,43.932,
864573.536,,57.478,43.263,
864673.530,,57.545,44.097,
864773.523,,57.485,45.036,
864873.524,,57.434,45.465,
864973.518,,57.448,45.856,
865073.517,,57.498,44.521,
865173.508,,57.528,45.366,
865273.509,,57.455,45.593,
865373.507,,57.498,45.067,
865473.498,,57.527,45.383,
865573.494,,57.476,45.900,
865673.492,,57.407,47.469,
865773.491,,57.450,47.517,
865873.482,,57.493,45.798,
865973.484,,57.438,45.551,
866073.476,,57.464,45.217,
866173.470,,57.376,44.586,
866273.470,,57.496,43.425,
866373.463,,57.486,42.846,
866473.465,,57.503,44.247,
866573.461,,57.341,46.637,
866673.452,,57.445,45.917,
866773.451,,57.456,45.474,
866873.448,,57.372,44.266,
866973.444,,57.438,43.790,
867073.438,,57.483,43.801,
867173.434,,57.433,43.714,
867273.434,,57.385,44.632,
867373.426,,57.449,45.488,
867473.425,,57.285,45.176,
867573.424,,57.156,44.001,
867673.415,,57.310,44.576,
867773.411,,57.202,44.658,
867873.411,,57.322,45.289,
867973.407,,57.551,45.780,
868073.406,,57.502,45.494,
868173.397,,57.459,45.641,
868273.393,,57.562,44.755,
868373.390,,57.530,43.727,
868473.386,,57.400,43.828,
868573.386,,57.364,44.453,
868673.383,,57.372,44.424,
868773.377,,57.356,45.535,
868873.373,,57.324,44.152,
868973.368,,57.308,43.015,
869073.367,,57.145,42.889,
869173.358,,57.283,43.980,
869273.359,,57.419,45.103,
869373.351,,57.502,45.597,
869473.349,,57.519,45.149,
869573.347,,57.602,44.207,
869673.343,,57.608,44.713,
869773.337,,57.658,45.104,
869873.335,,57.861,45.633,
869973.330,,57.786,45.346,
870073.331,,57.734,44.295,
870173.321,,57.725,44.061,
870273.323,,57.650,44.464,
870373.319,,57.781,44.565,
870473.312,,57.678,43.849,
870573.309,,57.688,44.024,
870673.304,,57.544,45.523,
870773.304,,57.635,46.133,
870873.298,,57.579,45.902,
870973.293,,57.526,45.829,
871073.290,,57.430,45.456,
871173.287,,57.372,44.008,
871273.283,,57.109,43.618,
871373.282,,57.162,43.728,
871473.276,,57.310,44.815,
871573.273,,57.123,44.206,
871673.269,,57.059,43.220,
871773.261,,57.225,43.975,
871873.262,,57.168,43.993,
871973.260,,57.213,44.058,
872073.256,,57.222,44.687,
872173.248,,57.061,46.048,
872273.246,,57.036,46.576,
872373.243,,57.005,45.804,
872473.239,,57.039,46.150,
872573.235,,57.066,44.438,
872673.238,,57.137,43.110,
872773.231,,56.781,42.278,
872873.227,,57.013,42.158,
872973.226,,57.082,41.873,
873073.222,,57.167,41.978,
873173.222,,57.397,43.225,
873273.213,,57.458,46.441,
873373.210,,57.250,47.358,
873473.211,,57.353,46.244,
873573.204,,57.660,45.779,
873673.202,,57.623,46.100,
873773.201,,57.670,46.396,
873873.194,,57.612,47.389,
873973.195,,57.620,48.634,
874073.189,,57.658,48.237,
874173.186,,57.477,46.574,
874273.187,,57.573,46.014,
874373.183,,57.518,45.345,
874473.177,,57.381,45.328,
874573.173,,57.300,44.508,
874673.173,,57.228,43.419,
874773.166,,57.349,45.498,
874873.168,,57.154,48.671,
874973.160,,57.196,49.745,
875073.160,,57.209,50.405,
875173.159,,57.242,49.397,
875273.154,,57.349,47.460,
875373.146,,57.426,46.366,
875473.147,,57.588,45.689,
875573.143,,57.451,45.281,
875673.137,,57.101,44.812,
875773.140,,57.188,44.034,
875873.130,,57.146,43.433,
875973.129,,57.247,44.938,
876073.129,,57.400,46.225,
876173.124,,57.172,45.578,
876273.120,,57.438,44.800,
876373.119,,57.530,45.349,
876473.111,,57.422,45.361,
876573.108,,57.551,44.312,
876673.105,,57.799,44.126,
876773.104,,57.606,44.737,
876873.104,,57.703,43.688,
876973.098,,57.616,43.542,
877073.095,,57.665,44.518,
877173.094,,57.559,44.470,
877273.088,,57.549,44.571,
877373.085,,57.632,44.320,
877473.079,,57.597,43.885,
877573.081,,57.508,44.358,
877673.078,,57.360,45.272,
877773.074,,57.458,44.261,
877873.067,,57.473,44.161,
877973.065,,57.571,45.094,
878073.062,,57.605,47.447,
878173.059,,57.561,48.887,
878273.058,,57.612,50.534,
878373.054,,57.603,52.978,
878473.053,,57.538,52.878,
878573.046,,57.579,50.902,
878673.041,,57.496,48.066,
878773.038,,57.163,45.719,
878873.035,,56.944,44.214,
878973.037,,56.796,44.189,
879073.028,,56.906,45.732,
879173.028,,56.582,45.984,
879273.027,,56.321,43.945,
879373.021,,56.138,43.021,
879473.021,,56.034,43.796,
879573.017,,56.357,43.279,
879673.011,,55.889,42.990,
879773.011,,55.324,42.783,
879873.009,,55.095,42.784,
879973.005,,56.190,43.486,
880072.999,,56.162,43.304,
880173.000,,56.461,43.249,
880272.991,,55.958,42.727,
880372.993,,55.638,42.471,
880472.986,,56.517,43.079,
880572.982,,56.839,43.252,
880672.985,,57.077,42.691,
880772.975,,57.325,42.521,
880872.973,,57.573,43.463,
880972.975,,57.583,43.565,
881072.968,,57.006,44.263,
881172.969,,56.637,44.885,
881272.960,,57.003,45.321,
881372.961,,57.129,45.191,
881472.960,,57.080,44.537,
881572.953,,57.323,43.636,
881672.949,,57.371,43.355,
881772.950,,57.390,44.076,
881872.948,,57.403,44.290,
881972.942,,57.346,45.183,
882072.936,,56.855,45.628,
882172.935,,56.822,45.590,
882272.929,,56.358,45.296,
882372.929,,55.960,46.188,
882472.924,,56.666,45.969,
882572.927,,56.840,44.624,
882672.921,,57.105,44.944,
882772.920,,57.176,43.755,
882872.916,,56.548,42.363,
882972.912,,56.226,41.440,
883072.906,,56.627,41.197,
883172.903,,56.325,40.730,
883272.899,,56.175,40.800,
883372.902,,56.793,41.824,
883472.896,,57.153,43.134,
883572.890,,57.353,43.797,
883672.893,,57.430,44.364,
883772.886,,57.501,45.130,
883872.884,,57.502,46.616,
883972.880,,57.557,47.202,
884072.876,,57.303,47.344,
884172.878,,57.239,46.524,
884272.875,,57.243,45.335,
884372.866,,57.006,44.207,
884472.868,,56.871,43.428,
884572.861,,56.621,42.905,
884672.858,,56.885,42.382,
884772.854,,56.863,42.035,
884872.855,,56.787,41.691,
884972.853,,56.675,41.918,
885072.847,,56.842,42.819,
885172.842,,57.275,44.441,
885272.838,,57.528,45.636,
885372.834,,57.280,45.502,
885472.837,,57.279,48.153,
885572.835,,57.420,48.381,
885672.826,,57.285,48.376,
885772.828,,57.293,48.047,
885872.822,,57.287,45.641,
885972.818,,57.429,45.174,
886072.814,,57.291,45.895,
886172.810,,57.392,46.556,
886272.812,,57.520,47.142,
886372.807,,57.291,45.912,
886472.807,,57.219,47.180,
886572.798,,57.575,46.147,
886672.800,,57.513,45.955,
886772.795,,57.410,47.580,
886872.791,,57.493,48.765,
886972.789,,57.554,48.833,
887072.783,,57.525,49.740,
887172.786,,57.427,49.692,
887272.779,,57.294,48.060,
887372.775,,57.403,49.978,
887472.776,,57.476,52.569,
887572.772,,57.511,51.645,
887672.769,,57.418,51.772,
887772.762,,57.211,49.417,
887872.763,,57.345,46.806,
887972.755,,57.462,45.177,
888072.759,,57.589,43.938,
888172.753,,57.562,43.025,
888272.752,,57.705,43.677,
888372.746,,57.563,45.004,
888472.746,,57.550,44.807,
888572.744,,57.583,44.738,
888672.742,,57.566,44.419,
888772.734,,57.528,43.295,
888872.732,,57.413,42.556,
888972.730,,57.741,42.201,
889072.726,,57.697,42.012,
889172.721,,57.703,42.630,
889272.723,,57.716,42.633,
889372.717,,57.568,42.847,
889472.717,,57.420,43.519,
889572.713,,57.401,44.971,
889672.712,,57.520,46.022,
889772.706,,57.391,46.255,
889872.701,,57.459,46.259,
889972.701,,57.505,45.110,
890072.701,,57.223,44.097,
890172.692,,57.217,44.223,
890272.693,,57.372,43.195,
890372.689,,57.366,42.411,
890472.689,,57.624,42.757,
890572.687,,57.544,44.274,
890672.681,,57.508,45.581,
890772.678,,57.509,45.476,
890872.676,,57.550,45.760,
890972.671,,57.593,46.544,
891072.669,,57.500,46.702,
891172.666,,57.556,45.887,
891272.661,,57.606,46.265,
891372.663,,57.702,47.218,
891472.661,,57.548,47.876,
891572.654,,57.549,46.865,
891672.654,,57.636,47.038,
891772.648,,57.642,48.353,
891872.645,,57.530,48.545,
891972.646,,57.512,47.795,
892072.640,,57.508,45.861,
892172.641,,57.457,45.117,
892272.632,,57.476,44.518,
892372.629,,57.545,44.075,
892472.626,,57.499,44.215,
892572.623,,57.604,43.405,
892672.626,,57.583,42.655,
892772.619,,57.420,42.493,
892872.617,,57.568,42.480,
892972.613,,57.513,42.485,
893072.612,,57.566,43.269,
893172.612,,57.678,42.536,
893272.606,,57.722,42.634,
893372.602,,57.603,43.677,
893472.603,,57.599,44.362,
893572.597,,57.536,45.714,
893672.597,,57.473,45.918,
893772.593,,57.383,44.962,
893872.588,,57.307,43.837,
893972.587,,57.240,43.441,
894072.585,,57.301,44.141,
894172.579,,57.307,44.580,
894272.574,,57.388,44.666,
894372.574,,57.345,43.703,
894472.568,,57.356,43.756,
894572.569,,57.282,43.145,
894672.567,,57.248,43.474,
894772.566,,57.305,44.252,
894872.563,,57.220,44.250,
894972.557,,57.197,43.102,
895072.553,,57.326,42.758,
895172.554,,57.240,43.739,
895272.547,,57.523,44.382,
895372.549,,57.583,44.183,
895472.540,,57.505,43.987,
895572.539,,57.527,43.706,
895672.537,,57.362,43.886,
895772.533,,57.431,44.054,
895872.530,,57.359,43.922,
895972.526,,57.305,43.125,
896072.528,,57.463,42.433,
896172.521,,57.385,43.510,
896272.523,,57.521,45.026,
896372.519,,57.229,45.181,
896472.519,,57.335,44.906,
896572.513,,57.449,45.893,
896672.514,,57.369,46.432,
896772.512,,57.648,45.953,
896872.510,,57.463,46.002,
896972.506,,57.335,45.391,
897072.504,,57.320,45.196,
897172.503,,57.274,45.439,
897272.495,,57.149,44.772,
897372.493,,57.225,44.482,
897472.492,,57.322,43.815,
897572.488,,57.116,43.180,
897672.490,,57.190,43.121,
897772.488,,57.320,44.190,
897872.486,,57.245,44.015,
897972.480,,57.344,42.949,
898072.482,,57.189,42.303,
898172.481,,57.122,42.750,
898272.478,,57.398,43.185,
898372.474,,57.478,44.874,
898472.472,,57.315,45.441,
898572.471,,57.264,45.735,
898672.467,,57.286,44.488,
898772.461,,57.349,44.611,
898872.462,,57.499,45.454,
898972.462,,57.554,44.780,
899072.454,,57.532,44.855,
899172.454,,57.517,45.266,
899272.449,,57.646,44.621,
899372.453,,57.694,45.012,
899472.450,,57.645,46.185,
899572.447,,57.478,45.542,
899672.445,,57.526,43.697,
899772.438,,57.506,42.710,
899872.438,,57.128,42.350,
899972.433,,57.358,43.548,
900072.431,,57.454,45.156,
900172.430,,57.282,45.692,
900272.431,,57.440,45.342,
900372.427,,57.523,45.343,
900472.421,,57.438,44.638,
900572.422,,57.392,43.876,
900672.418,,57.080,43.594,
900772.416,,57.107,43.623,
900872.414,,57.109,45.581,
900972.410,,56.956,45.716,
901072.412,,56.920,44.695,
901172.407,,57.191,44.008,
901272.405,,57.203,43.321,
901372.401,,57.355,43.781,
901472.402,,57.369,44.286,
901572.396,,57.227,43.467,
901672.394,,57.271,42.712,
901772.394,,57.423,42.513,
901872.393,,57.417,42.430,
901972.391,,57.399,42.116,
902072.384,,57.503,41.972,
902172.388,,57.474,42.147,
902272.384,,57.422,43.231,
902372.383,,57.477,44.082,
902472.379,,57.457,44.209,
902572.375,,57.374,44.694,
902672.374,,57.253,44.171,
902772.373,,57.301,43.217,
902872.369,,57.366,43.868,
902972.366,,57.519,43.845,
903072.360,,57.257,43.474,
903172.365,,57.238,43.884,
903272.358,,57.164,44.333,
903372.355,,57.167,44.900,
903472.358,,57.338,45.293,
903572.352,,57.204,44.935,
903672.347,,57.431,45.270,
903772.351,,57.421,44.907,
903872.345,,57.433,46.404,
903972.342,,57.482,45.810,
904072.340,,57.419,45.611,
904172.334,,57.401,45.347,
904272.332,,57.337,44.892,
904372.326,,57.400,44.128,
904472.327,,57.344,43.431,
904572.320,,57.491,43.841,
904672.320,,57.380,43.738,
904772.313,,57.397,44.977,
904872.311,,57.532,44.061,
904972.309,,57.585,42.858,
905072.302,,57.485,42.494,
905172.301,,57.341,43.669,
905272.301,,57.356,46.045,
905372.297,,57.155,46.131,
905472.289,,57.297,45.049,
905572.286,,57.207,44.423,
905672.284,,57.141,43.602,
905772.278,,57.206,43.177,
905872.276,,57.156,44.208,
905972.275,,57.215,43.919,
906072.273,,57.281,43.359,
906172.266,,57.427,43.357,
906272.266,,57.425,43.529,
906372.261,,57.410,44.431,
906472.254,,57.401,45.502,
906572.250,,57.393,44.354,
906672.249,,57.402,43.870,
906772.248,,57.408,43.906,
906872.246,,57.519,44.379,
906972.238,,57.487,44.099,
907072.234,,57.501,44.709,
907172.234,,57.458,44.709,
907272.228,,57.185,47.863,
907372.224,,56.930,52.812,
907472.221,,56.986,53.552,
907572.217,,56.887,55.911,
907672.213,,56.631,53.115,
907772.208,,56.950,49.936,
907872.210,,57.162,47.549,
907972.202,,56.916,47.232,
908072.201,,56.791,47.257,
908172.198,,56.964,46.414,
908272.192,,56.321,46.160,
908372.193,,56.025,45.265,
908472.188,,56.311,44.677,
908572.185,,56.021,43.962,
908672.182,,56.376,42.934,
908772.174,,56.276,42.448,
908872.175,,56.338,41.852,
908972.170,,56.342,42.463,
909072.168,,56.174,42.905,
909172.162,,56.725,42.824,
909272.157,,56.625,42.572,
909372.156,,56.841,42.179,
909472.150,,56.872,42.798,
909572.153,,57.047,44.365,
909672.144,,57.200,45.021,
909772.141,,57.155,45.775,
909872.141,,57.165,45.790,
909972.136,,57.198,46.361,
910072.135,,57.223,47.522,
910172.130,,57.249,47.395,
910272.126,,57.294,47.272,
910372.123,,57.567,46.720,
910472.120,,57.617,45.574,
910572.116,,57.592,45.339,
910672.114,,57.588,45.904,
910772.106,,57.681,46.398,
910872.105,,57.608,46.376,
910972.104,,57.607,47.193,
911072.100,,57.560,49.150,
911172.094,,57.539,47.937,
911272.095,,57.510,46.351,
911372.088,,57.468,45.911,
911472.086,,57.431,45.294,
911572.080,,57.384,44.980,
911672.078,,57.364,45.261,
911772.077,,57.330,45.030,
911872.071,,57.332,44.257,
911972.068,,57.534,44.806,
912072.065,,57.336,43.951,
912172.059,,57.508,43.078,
912272.058,,57.481,43.914,
912372.057,,57.462,43.557,
912472.051,,57.380,43.249,
912572.048,,57.341,43.987,
912672.046,,57.251,45.281,
912772.042,,57.235,45.076,
912872.039,,57.245,46.063,
912972.036,,57.188,47.264,
913072.029,,57.329,46.023,
913172.030,,57.351,45.488,
913272.025,,57.467,44.998,
913372.024,,57.419,45.071,
913472.018,,57.309,44.546,
913572.019,,57.301,44.822,
913672.016,,57.140,44.567,
913772.008,,57.236,45.182,
913872.006,,57.353,45.807,
913972.004,,57.418,45.520,
914071.999,,57.448,44.508,
914171.994,,57.407,44.280,
914271.996,,57.380,45.003,
914371.991,,57.537,45.046,
914471.984,,57.205,45.294,
914571.984,,57.158,44.773,
914671.982,,57.394,43.811,
914771.978,,57.338,43.789,
914871.972,,57.265,43.224,
914971.973,,57.534,43.042,
915071.970,,57.412,43.498,
915171.968,,57.312,43.483,
915271.959,,57.365,43.333,
915371.960,,57.239,44.297,
915471.955,,57.260,44.700,
915571.951,,57.296,49.704,
915671.946,,57.064,50.997,
915771.945,,57.299,50.194,
915871.941,,57.186,53.085,
915971.938,,57.171,50.783,
916071.936,,57.270,50.729,
916171.931,,57.218,49.017,
916271.927,,57.245,48.219,
916371.923,,57.128,47.617,
916471.923,,57.307,45.873,
916571.919,,57.270,44.586,
916671.914,,57.501,43.546,
916771.914,,57.412,43.521,
916871.908,,57.428,43.630,
916971.907,,57.310,43.449,
917071.904,,57.420,44.065,
917171.903,,57.291,45.220,
917271.897,,57.311,45.684,
917371.892,,57.337,45.796,
917471.889,,57.290,44.960,
917571.890,,57.293,43.620,
917671.886,,57.322,43.087,
917771.880,,57.277,42.629,
917871.875,,57.233,43.161,
917971.875,,57.275,43.094,
918071.873,,57.249,43.321,
918171.864,,57.214,43.234,
918271.863,,57.349,42.997,
918371.857,,57.306,44.104,
918471.855,,57.227,43.541,
918571.854,,57.073,42.943,
918671.847,,57.240,43.955,
918771.851,,57.223,45.855,
918871.842,,57.071,47.065,
918971.838,,57.095,48.131,
919071.841,,57.065,47.341,
919171.833,,57.135,46.284,
919271.833,,57.190,45.947,
919371.829,,57.254,46.114,
919471.823,,57.177,46.815,
919571.824,,57.107,46.653,
919671.819,,57.246,46.496,
919771.816,,57.069,44.703,
919871.809,,56.998,44.289,
919971.807,,57.180,44.476,
920071.806,,57.347,44.556,
920171.800,,57.362,44.456,
920271.795,,57.650,44.246,
920371.796,,57.635,45.406,
920471.794,,57.622,46.915,
920571.791,,57.306,48.099,
920671.788,,57.416,47.799,
920771.786,,57.458,46.325,
920871.779,,57.583,45.433,
920971.779,,57.427,45.287,
921071.773,,57.425,45.609,
921171.769,,57.385,52.705,
921271.765,,57.288,56.624,
921371.765,,57.294,52.458,
921471.760,,57.211,53.084,
921571.760,,57.318,51.454,
921671.752,,57.362,48.332,
921771.755,,57.424,46.693,
921871.752,,57.382,45.917,
921971.749,,57.385,44.835,
922071.739,,57.375,43.798,
922171.738,,57.456,43.014,
922271.739,,57.494,42.662,
922371.736,,57.429,43.127,
922471.731,,57.147,42.881,
922571.729,,57.226,42.615,
922671.727,,57.124,43.527,
922771.720,,57.064,45.729,
922871.717,,57.078,47.721,
922971.712,,57.000,47.187,
923071.710,,57.142,46.122,
923171.709,,57.018,44.800,
923271.705,,56.781,45.042,
923371.702,,57.060,44.117,
923471.701,,57.072,44.570,
923571.695,,56.873,45.839,
923671.694,,56.953,46.520,
923771.686,,57.140,45.400,
923871.689,,57.303,44.508,
923971.685,,57.327,45.377,
924071.683,,57.373,45.449,
924171.675,,57.342,45.698,
924271.671,,57.490,45.339,
924371.672,,57.517,43.996,
924471.665,,57.463,44.942,
924571.662,,57.281,45.381,
924671.658,,57.311,44.880,
924771.660,,57.346,44.939,
924871.657,,57.439,44.830,
924971.655,,57.333,44.093,
925071.647,,57.176,44.544,
925171.643,,57.115,46.028,
925271.642,,57.166,45.167,
925371.641,,57.116,44.996,
925471.636,,57.080,45.028,
925571.630,,57.319,44.768,
925671.626,,57.327,45.410,
925771.628,,57.319,46.233,
925871.626,,57.214,47.139,
925971.621,,57.138,48.103,
926071.619,,57.124,46.376,
926171.614,,57.186,44.448,
926271.609,,57.207,43.992,
926371.610,,57.194,44.713,
926471.602,,57.220,45.941,
926571.601,,57.227,45.818,
926671.595,,57.158,46.175,
926771.595,,57.157,45.074,
926871.590,,57.322,43.759,
926971.590,,57.295,43.291,
927071.582,,57.215,43.317,
927171.579,,57.106,42.876,
927271.576,,57.129,42.386,
927371.576,,57.177,43.430,
927471.574,,57.205,43.401,
927571.573,,57.143,44.177,
927671.566,,57.228,45.242,
927771.563,,57.224,45.190,
927871.558,,57.476,45.584,
927971.561,,57.345,45.885,
928071.556,,57.225,47.059,
928171.552,,57.492,46.956,
928271.547,,57.541,47.211,
928371.547,,57.378,47.245,
928471.547,,57.333,45.686,
928571.545,,57.446,44.528,
928671.540,,57.478,43.638,
928771.541,,57.400,43.436,
928871.539,,57.285,43.615,
928971.536,,57.150,43.416,
929071.530,,57.235,43.817,
929171.529,,57.262,47.780,
929271.524,,57.188,47.101,
929371.528,,57.089,46.170,
929471.521,,57.062,46.137,
929571.517,,56.929,44.917,
929671.519,,56.860,43.465,
929771.513,,56.832,42.859,
929871.510,,56.855,42.788,
929971.509,,56.785,43.602,
930071.510,,56.815,43.936,
930171.506,,56.809,43.589,
930271.503,,56.816,42.849,
930371.500,,57.074,43.446,
930471.499,,57.044,44.636,
930571.499,,56.986,43.995,
930671.492,,57.352,43.371,
930771.490,,57.298,42.968,
930871.489,,57.313,43.333,
930971.485,,57.518,43.506,
931071.484,,57.306,43.309,
931171.481,,57.358,43.208,
931271.482,,57.538,44.504,
931371.474,,57.460,45.272,
931471.476,,57.445,45.774,
931571.475,,57.486,45.136,
931671.471,,57.556,44.990,
931771.469,,57.402,44.528,
931871.464,,57.305,45.016,
931971.459,,57.236,44.402,
932071.460,,57.223,43.634,
932171.458,,57.263,44.267,
932271.453,,57.069,44.212,
932371.453,,57.066,44.345,
932471.450,,57.094,44.373,
932571.449,,57.172,44.292,
932671.443,,57.209,44.182,
932771.441,,57.297,43.423,
932871.442,,57.088,42.972,
932971.439,,56.899,43.591,
933071.439,,57.015,43.983,
933171.432,Input1*2*0,56.932,43.189,
933271.431,Input1*2*1,57.015,43.597,
933371.429,,57.159,43.969,
933471.429,,57.175,46.847,
933571.423,,57.162,49.460,
933671.423,,57.237,48.447,
933771.417,,57.214,47.865,
933871.419,,57.096,46.566,
933971.412,,57.140,45.431,
934071.415,,57.069,47.076,
934171.413,,57.074,45.986,
934271.408,,57.137,46.700,
934371.405,,57.017,45.235,
934471.400,,57.069,45.247,
934571.397,,57.037,45.997,
934671.397,,57.042,45.169,
934771.393,,57.202,44.595,
934871.390,,57.364,44.019,
934971.391,,57.396,44.324,
935071.392,,57.284,43.896,
935171.388,,57.303,43.878,
935271.384,,57.331,44.140,
935371.379,,57.216,43.442,
935471.380,,57.189,43.921,
935571.377,,57.151,45.031,
935671.375,,57.235,45.172,
935771.370,,57.460,43.691,
935871.367,,57.236,43.312,
935971.365,,57.374,44.021,
936071.369,,57.358,44.875,
936171.366,,57.391,45.605,
936271.365,,57.138,45.462,
936371.357,,57.298,45.087,
936471.361,,57.197,45.057,
936571.354,,57.128,47.133,
936671.351,,56.991,46.902,
936771.351,,57.170,46.944,
936871.350,,57.150,47.322,
936971.349,,57.074,47.481,
937071.345,,57.220,46.725,
937171.346,,57.140,46.903,
937271.343,,57.137,47.250,
937371.343,,57.145,46.997,
937471.339,,56.965,46.808,
937571.337,,57.004,46.055,
937671.338,,57.003,45.484,
937771.337,,56.920,45.538,
937871.332,,57.025,46.169,
937971.331,,57.142,46.873,
938071.326,,57.071,46.085,
938171.327,,56.991,45.012,
938271.323,,57.160,45.769,
938371.324,,56.997,46.983,
938471.323,,57.202,47.104,
938571.317,,57.273,45.714,
938671.314,,57.146,45.016,
938771.315,,57.108,44.899,
938871.310,,57.071,44.071,
938971.311,,57.121,44.728,
939071.310,,57.064,45.834,
939171.310,,57.172,45.662,
939271.305,,57.155,47.285,
939371.302,,57.162,47.486,
939471.301,,57.165,45.819,
939571.300,,57.175,44.461,
939671.298,,57.133,44.549,
939771.293,,57.155,45.915,
939871.297,,57.126,46.017,
939971.289,,57.095,46.812,
940071.287,,57.180,47.684,
940171.286,,57.152,46.710,
940271.285,,57.313,46.593,
940371.286,,57.338,45.366,
940471.281,,57.234,44.524,
940571.278,,57.234,44.007,
940671.278,,57.343,44.001,
940771.277,,57.404,44.936,
940871.276,,57.323,45.940,
940971.276,,57.392,46.207,
941071.272,,57.373,45.160,
941171.269,,57.415,43.653,
941271.267,,57.319,43.553,
941371.268,,57.480,42.948,
941471.266,,57.490,43.586,
941571.262,,57.453,44.758,
941671.260,,57.450,44.016,
941771.261,,57.419,44.313,
941871.253,,57.413,44.667,
941971.253,,57.374,45.845,
942071.254,,57.321,46.350,
942171.252,,57.135,45.930,
942271.252,,57.140,45.262,
942371.247,,57.229,43.963,
942471.244,,57.332,43.434,
942571.242,,57.398,44.278,
942671.240,,57.342,43.170,
942771.240,,57.089,42.278,
942871.236,,57.380,41.963,
942971.236,,57.256,42.043,
943071.230,,57.064,42.389,
943171.229,,56.970,42.223,
943271.230,,57.113,42.481,
943371.225,,57.091,44.564,
943471.227,,57.300,46.690,
943571.226,,57.118,48.388,
943671.223,,57.149,47.622,
943771.219,,57.237,46.429,
943871.220,,57.235,47.278,
943971.217,,57.296,48.822,
944071.213,,57.155,48.855,
944171.202,,57.307,48.421,
944271.198,,57.310,49.074,
944371.200,,57.321,46.471,
944471.194,,57.358,44.804,
944571.185,,57.150,43.822,
944671.183,,57.076,44.491,
944771.182,,57.169,44.738,
944871.173,,57.314,44.578,
944971.173,,57.488,45.058,
945071.165,,57.308,43.782,
945171.161,,57.241,43.377,
945271.160,,57.206,43.224,
945371.153,,57.375,42.450,
945471.153,,57.429,41.806,
945571.146,,57.483,41.435,
945671.141,,57.385,41.573,
945771.139,,57.359,41.954,
945871.134,,57.183,41.786,
945971.132,,57.194,42.017,
946071.127,,57.307,42.420,
946171.123,,57.263,43.489,
946271.114,,57.365,45.784,
946371.110,,57.386,45.952,
946471.107,,57.528,44.725,
946571.104,,57.616,44.915,
946671.098,,57.635,45.029,
946771.094,,57.439,46.197,
946871.089,,57.409,46.763,
946971.084,,57.375,47.363,
947071.083,,57.161,45.905,
947171.080,,57.101,44.427,
947271.076,,57.037,43.060,
947371.071,,57.144,42.745,
947471.070,,57.049,43.114,
947571.061,,57.110,43.621,
947671.058,,57.247,43.682,
947771.052,,57.306,43.781,
947871.048,,56.896,43.963,
947971.043,,56.964,43.815,
948071.041,,57.008,43.180,
948171.040,,57.011,43.429,
948271.030,,57.053,43.678,
948371.025,,56.999,44.239,
948471.025,,56.991,45.207,
948571.018,,57.121,46.350,
948671.013,,57.262,46.388,
948771.014,,57.191,45.486,
948871.005,,57.133,43.624,
948971.006,,57.280,43.231,
949070.999,,57.020,42.737,
949170.991,,57.116,42.977,
949270.990,,57.052,43.019,
949370.985,,56.882,43.134,
949470.982,,56.993,43.810,
949570.979,,57.057,44.654,
949670.975,,56.986,44.773,
949770.972,,56.962,44.039,
949870.964,,56.914,44.344,
949970.957,,57.045,45.364,
950070.959,,57.029,45.514,
950170.951,,57.141,45.913,
950270.945,,56.973,46.668,
950370.942,,56.945,46.539,
950470.940,,56.940,48.155,
950570.937,,57.190,46.022,
950670.929,,57.193,44.719,
950770.927,,57.142,43.241,
950870.922,,57.141,42.901,
950970.915,,57.127,43.841,
951070.916,,57.210,44.614,
951170.909,,57.080,45.151,
951270.907,,57.150,45.855,
951370.901,,57.179,45.928,
951470.898,,57.164,57.449,
951570.889,,56.980,61.765,
951670.888,,57.083,59.377,
951770.881,,57.174,56.828,
951870.881,,57.171,53.638,
951970.875,,57.172,50.733,
952070.872,,57.200,48.392,
952170.869,,57.036,47.603,
952270.862,,57.040,46.675,
952370.858,,57.036,46.037,
952470.856,,57.128,45.078,
952570.853,,57.005,45.361,
952670.850,,57.139,44.510,
952770.845,,57.059,43.225,
952870.836,,57.332,42.947,
952970.833,,57.188,43.138,
953070.833,,57.259,43.579,
953170.825,,57.310,43.618,
953270.821,,57.409,42.637,
953370.820,,57.340,42.594,
953470.816,,57.249,42.810,
953570.810,,57.224,43.541,
953670.811,,57.220,43.504,
953770.801,,57.165,43.282,
953870.803,,56.724,43.202,
953970.795,,57.109,43.438,
954070.794,,57.182,44.446,
954170.787,,57.248,43.390,
954270.784,,57.349,43.064,
954370.781,,57.388,43.754,
954470.774,,57.078,44.214,
954570.769,,57.263,44.280,
954670.765,,57.080,45.194,
954770.764,,56.990,45.024,
954870.763,,57.180,43.625,
954970.755,,57.039,42.552,
955070.751,,56.970,42.543,
955170.749,,57.047,43.024,
955270.747,,57.217,43.433,
955370.741,,57.163,43.187,
955470.733,,57.207,43.193,
955570.733,,57.309,45.525,
955670.731,,57.242,46.737,
955770.726,,57.228,45.611,
955870.717,,57.262,45.400,
955970.714,,57.176,44.969,
956070.709,,57.180,43.752,
956170.708,,57.239,43.080,
956270.701,,57.234,42.928,
956370.698,,57.285,42.418,
956470.694,,57.170,42.886,
956570.693,,57.270,44.229,
956670.688,,57.202,44.292,
956770.686,,57.377,45.212,
956870.679,,57.383,45.226,
956970.677,,57.293,45.573,
957070.672,,57.264,45.184,
957170.668,,57.333,45.743,
957270.667,,57.321,45.729,
957370.661,,57.204,45.892,
957470.656,,57.151,46.142,
957570.649,,57.192,45.238,
957670.649,,57.148,44.231,
957770.645,,57.249,43.537,
957870.637,,57.191,42.795,
957970.639,,57.246,42.900,
958070.631,,57.221,42.900,
958170.630,,57.314,43.377,
958270.626,,57.315,43.795,
958370.621,,57.199,44.634,
958470.615,,57.085,43.943,
958570.615,,57.211,43.023,
958670.606,,57.258,43.134,
958770.603,,57.072,44.365,
958870.602,,57.116,45.639,
958970.595,,57.082,45.863,
959070.593,,57.142,46.063,
959170.591,,57.147,45.082,
959270.584,,57.225,44.406,
959370.578,,57.369,44.943,
959470.575,,57.296,44.534,
959570.575,,57.315,43.598,
959670.571,,57.405,43.182,
959770.562,,57.451,42.926,
959870.562,,57.195,43.077,
959970.556,,57.122,42.890,
960070.556,,57.181,42.289,
960170.550,,57.140,42.212,
960270.542,,57.249,43.674,
960370.544,,57.087,45.424,
960470.534,,57.070,46.530,
960570.533,,57.044,46.775,
960670.529,,57.088,47.240,
960770.527,,57.163,45.822,
960870.525,,57.003,44.044,
960970.521,,57.109,43.204,
961070.512,,56.928,44.017,
961170.513,,56.957,44.824,
961270.505,,56.907,47.949,
961370.508,,56.973,48.620,
961470.501,,56.833,48.316,
961570.496,,56.981,47.501,
961670.492,,57.102,46.090,
961770.491,,57.189,45.565,
961870.486,,57.174,44.334,
961970.483,,57.369,44.403,
962070.477,,57.373,45.174,
962170.475,,57.201,47.775,
962270.469,,57.183,47.186,
962370.465,,57.017,47.604,
962470.461,,57.128,46.454,
962570.461,,57.165,45.231,
962670.453,,57.071,44.368,
962770.452,,57.035,43.618,
962870.446,,57.106,43.689,
962970.443,,57.075,43.831,
963070.441,,57.023,44.830,
963170.436,,56.867,44.450,
963270.430,,57.293,43.470,
963370.428,,57.139,44.798,
963470.427,,57.069,46.143,
963570.420,,57.008,46.808,
963670.419,,57.082,46.433,
963770.416,,57.080,45.352,
963870.411,,56.998,44.541,
963970.411,,57.021,45.050,
964070.400,,57.026,44.709,
964170.400,,56.925,43.547,
964270.399,,57.170,43.437,
964370.390,,57.201,43.373,
964470.391,,56.889,43.623,
964570.382,,56.971,44.265,
964670.380,,56.961,43.446,
964770.380,,57.044,43.004,
964870.370,,57.150,43.813,
964970.367,,57.176,44.689,
965070.368,,57.112,45.760,
965170.364,,57.079,46.009,
965270.361,,57.029,44.960,
965370.352,,56.969,45.346,
965470.349,,57.006,45.414,
965570.349,,56.976,44.555,
965670.340,,56.929,44.384,
965770.340,,57.000,44.441,
965870.339,,57.213,44.590,
965970.330,,57.166,43.374,
966070.332,,57.123,43.411,
966170.325,,57.184,44.563,
966270.321,,57.158,44.410,
966370.316,,57.154,43.987,
966470.313,,57.196,44.573,
966570.310,,57.146,46.022,
966670.307,,57.247,45.339,
966770.304,,57.247,44.766,
966870.300,,57.220,45.178,
966970.297,,57.208,44.396,
967070.292,,57.253,44.710,
967170.284,,57.233,44.853,
967270.281,,57.296,45.053,
967370.280,,57.248,45.770,
967470.277,,57.317,45.175,
967570.273,,57.294,45.076,
967670.270,,57.309,46.490,
967770.266,,57.322,47.596,
967870.262,,57.138,46.462,
967970.257,,57.113,46.769,
968070.254,,56.969,46.479,
968170.251,,57.100,47.257,
968270.249,,57.097,47.675,
968370.251,,57.080,47.036,
968470.243,,56.978,45.753,
968570.245,,57.107,43.875,
968670.239,,57.023,42.881,
968770.242,,56.928,42.271,
968870.239,,56.984,41.676,
968970.234,,56.823,41.770,
969070.232,,56.909,42.597,
969170.230,,56.937,43.330,
969270.230,,56.939,43.918,
969370.224,,57.075,44.083,
969470.222,,57.070,43.034,
969570.221,,57.183,42.709,
969670.220,,57.244,42.304,
969770.216,,57.195,42.922,
969870.210,,57.282,43.595,
969970.211,,57.290,43.988,
970070.209,,57.073,43.432,
970170.204,,57.138,44.014,
970270.205,,57.037,45.331,
970370.199,,56.953,47.178,
970470.197,,57.042,46.283,
970570.193,,57.179,44.959,
970670.195,,57.034,44.155,
970770.189,,57.023,44.102,
970870.185,,57.073,44.387,
970970.183,,57.026,44.887,
971070.182,,57.150,44.416,
971170.178,,57.131,43.249,
971270.179,,57.130,42.984,
971370.179,,57.367,42.869,
971470.171,,57.218,42.311,
971570.167,,57.085,42.043,
971670.165,,56.974,42.602,
971770.166,,57.114,42.993,
971870.163,,57.056,44.188,
971970.158,,57.234,45.689,
972070.155,,57.051,45.731,
972170.158,,57.100,44.204,
972270.156,,57.276,44.489,
972370.150,,57.091,44.697,
972470.148,,57.122,44.181,
972570.148,,57.304,45.803,
972670.141,,57.300,44.932,
972770.139,,57.349,43.935,
972870.140,,57.387,44.657,
972970.134,,57.334,44.553,
973070.132,,57.507,45.962,
973170.129,,57.294,45.858,
973270.131,,57.183,44.959,
973370.125,,57.136,44.290,
973470.125,,57.110,43.168,
973570.118,,57.249,42.563,
973670.118,,57.219,42.811,
973770.115,,57.313,42.732,
973870.116,,57.309,42.496,
973970.109,,57.194,41.986,
974070.112,,57.247,41.823,
974170.107,,57.226,41.878,
974270.105,,57.301,43.450,
974370.101,,57.414,46.297,
974470.102,,57.291,48.381,
974570.099,,57.286,47.798,
974670.096,,57.300,47.783,
974770.093,,57.339,47.804,
974870.087,,57.235,47.978,
974970.085,,57.200,46.981,
975070.085,,57.076,46.634,
975170.082,,57.014,44.990,
975270.082,,56.921,43.895,
975370.079,,57.033,44.096,
975470.074,,56.927,44.863,
975570.070,,56.864,45.132,
975670.068,,56.946,46.388,
975770.069,,57.037,46.616,
975870.063,,56.997,46.447,
975970.061,,57.098,46.873,
976070.057,,57.200,45.860,
976170.056,,57.197,46.237,
976270.054,,57.161,46.327,
976370.050,,57.234,47.708,
976470.049,,56.889,48.076,
976570.047,,57.040,46.291,
976670.045,,57.393,45.150,
976770.042,,57.143,44.398,
976870.038,,57.233,44.221,
976970.039,,57.234,44.601,
977070.035,,57.185,43.648,
977170.031,,57.238,43.599,
977270.030,,57.194,45.290,
977370.029,,57.184,46.592,
977470.025,,57.146,47.569,
977570.024,,57.122,47.434,
977670.017,,57.270,47.422,
977770.018,,57.190,46.509,
977870.017,,56.984,45.747,
977970.014,,57.033,45.926,
978070.007,,57.232,44.644,
978170.006,,57.271,44.835,
978270.003,,57.313,45.569,
978370.001,,57.402,45.865,
978469.999,,57.084,44.540,
978569.999,,57.227,43.852,
978669.995,,57.339,44.212,
978769.990,,56.929,43.655,
978869.988,,56.992,43.580,
978969.990,,57.156,43.216,
979069.989,,57.130,44.232,
979169.981,,57.098,45.368,
979269.981,,57.043,46.000,
979369.979,,57.315,47.683,
979469.976,,57.172,47.552,
979569.974,,56.968,47.929,
979669.972,,56.955,47.702,
979769.965,,57.056,48.483,
979869.968,,56.932,49.591,
979969.965,,56.801,49.149,
980069.963,,56.780,46.772,
980169.954,,56.949,45.638,
980269.955,,57.173,45.151,
980369.956,,57.106,44.082,
980469.948,,57.200,43.672,
980569.947,,57.257,44.786,
980669.947,,57.089,45.233,
980769.946,,57.264,45.771,
980869.937,,57.188,46.543,
980969.940,,57.246,44.612,
981069.934,,57.117,44.059,
981169.934,,57.038,44.008,
981269.933,,57.131,44.648,
981369.929,,57.030,45.905,
981469.927,,56.750,45.431,
981569.925,,57.056,44.513,
981669.923,,57.095,44.344,
981769.915,,57.070,46.390,
981869.914,,57.031,46.602,
981969.912,,56.961,45.681,
982069.914,,57.117,46.497,
982169.910,,57.118,46.644,
982269.905,,57.060,45.489,
982369.903,,57.090,45.133,
982469.900,,56.963,44.680,
982569.895,,56.939,43.536,
982669.897,,57.013,43.278,
982769.893,,57.147,44.222,
982869.888,,57.014,43.974,
982969.886,,57.128,44.097,
983069.882,,57.157,46.277,
983169.885,,57.118,51.072,
983269.882,,57.071,48.843,
983369.878,,57.100,46.934,
983469.876,,57.023,46.485,
983569.874,,57.095,46.444,
983669.873,,57.068,46.647,
983769.869,,57.123,45.050,
983869.864,,57.186,43.947,
983969.862,,57.118,43.001,
984069.863,,57.241,43.565,
984169.857,,57.167,44.129,
984269.858,,56.776,43.411,
984369.850,,56.947,42.599,
984469.848,,56.939,43.076,
984569.847,,57.199,43.189,
984669.846,,57.248,44.611,
984769.846,,57.280,44.931,
984869.841,,57.207,44.686,
984969.834,,57.282,44.586,
985069.831,,57.257,44.847,
985169.835,,57.208,46.068,
985269.828,,57.197,45.835,
985369.828,,57.187,44.768,
985469.821,,57.227,43.910,
985569.824,,57.134,43.236,
985669.816,,57.288,43.370,
985769.817,,57.191,43.337,
985869.816,,57.340,44.031,
985969.808,,57.234,43.023,
986069.809,,57.337,42.172,
986169.806,,57.269,42.461,
986269.803,,57.449,42.940,
986369.799,,57.478,43.725,
986469.799,,57.401,44.628,
986569.795,,57.265,44.676,
986669.792,,57.256,43.860,
986769.787,,57.158,43.767,
986869.785,,57.149,44.459,
986969.783,,57.193,44.433,
987069.783,,57.161,43.195,
987169.778,,56.967,42.756,
987269.775,,56.832,43.193,
987369.772,,56.938,43.949,
987469.768,,56.913,44.215,
987569.770,,56.928,46.724,
987669.769,,56.940,48.145,
987769.766,,56.870,48.416,
987869.758,,57.034,47.061,
987969.758,,56.894,46.556,
988069.758,,56.922,45.928,
988169.751,,56.672,44.504,
988269.749,,56.733,43.458,
988369.745,,56.693,42.476,
988469.747,,56.517,42.386,
988569.740,,56.421,42.658,
988669.736,,56.589,43.014,
988769.739,,56.514,42.962,
988869.735,,56.576,42.598,
988969.731,,56.528,42.048,
989069.729,,56.461,41.765,
989169.726,,56.354,42.352,
989269.724,,56.385,42.982,
989369.720,,56.177,42.277,
989469.717,,56.183,41.386,
989569.717,,56.202,41.437,
989669.711,,56.691,42.574,
989769.713,,56.589,44.150,
989869.710,,56.956,45.788,
989969.708,,56.999,46.293,
990069.703,,57.057,46.039,
990169.701,,56.882,45.458,
990269.695,,57.056,45.574,
990369.696,,56.860,45.023,
990469.689,,57.118,44.823,
990569.690,,57.118,43.507,
990669.688,,57.041,42.771,
990769.686,,57.158,42.910,
990869.680,,57.042,43.454,
990969.679,,57.058,43.865,
991069.677,,57.020,45.186,
991169.670,,57.088,45.594,
991269.670,,56.871,45.409,
991369.665,,56.692,45.584,
991469.666,,56.966,45.103,
991569.666,,56.993,45.486,
991669.660,,57.191,46.392,
991769.657,,57.104,45.790,
991869.656,,57.036,45.192,
991969.655,,57.087,43.683,
992069.651,,57.254,42.981,
992169.649,,57.108,43.009,
992269.643,,57.040,44.102,
992369.642,,57.101,44.179,
992469.634,,57.181,43.338,
992569.630,,57.267,42.650,
992669.632,,57.220,42.410,
992769.625,,57.345,42.618,
992869.620,,57.299,43.233,
992969.620,,57.246,42.899,
993069.619,,57.255,43.021,
993169.613,,57.107,42.931,
993269.609,,57.227,44.304,
993369.610,,57.100,44.447,
993469.605,,56.907,43.706,
993569.599,,57.054,43.584,
993669.601,,57.111,44.006,
993769.597,,57.097,44.288,
993869.593,,57.101,44.624,
993969.589,,57.165,43.740,
994069.583,,57.193,44.046,
994169.582,,57.210,45.133,
994269.583,,57.174,45.279,
994369.578,,57.236,45.088,
994469.571,,57.197,44.932,
994569.571,,57.156,46.246,
994669.568,,57.045,46.508,
994769.566,,57.097,45.804,
994869.560,,57.072,46.046,
994969.557,,57.022,46.005,
995069.557,,57.134,45.991,
995169.549,,57.252,44.808,
995269.549,,57.331,43.438,
995369.544,,57.352,42.996,
995469.539,,57.507,42.793,
995569.539,,57.471,44.358,
995669.533,,57.539,45.562,
995769.535,,57.638,45.629,
995869.528,,57.553,46.917,
995969.527,,57.567,46.794,
996069.525,,57.633,46.131,
996169.520,,57.689,46.097,
996269.519,,57.747,44.753,
996369.511,,57.741,43.906,
996469.509,,57.785,43.640,
996569.506,,57.623,44.254,
996669.501,,57.307,45.176,
996769.504,,57.159,45.763,
996869.496,,57.424,46.621,
996969.496,,57.451,45.906,
997069.494,,57.473,44.687,
997169.489,,57.467,43.759,
997269.485,,57.505,43.120,
997369.481,,57.370,42.472,
997469.482,,57.337,42.779,
997569.478,,57.339,42.819,
997669.474,,57.141,43.213,
997769.467,,57.137,43.268,
997869.469,,57.307,43.211,
997969.461,,57.485,43.045,
998069.457,,57.510,43.181,
998169.453,,57.483,43.524,
998269.452,,57.413,45.249,
998369.453,,57.305,44.626,
998469.450,,57.316,43.859,
998569.442,,57.251,43.831,
998669.443,,57.262,44.235,
998769.440,,57.410,44.439,
998869.434,,57.238,44.044,
998969.433,,57.095,44.938,
999069.429,,57.204,45.334,
999169.428,,57.161,44.770,
999269.425,,57.067,47.959,
999369.416,,57.078,49.901,
999469.412,,57.034,48.196,
999569.414,,56.960,46.880,
999669.412,,56.983,46.343,
999769.409,,56.924,45.642,
999869.402,,56.721,44.745,
999969.402,,56.903,44.416,
1000069.395,,56.822,43.383,
1000169.389,,56.892,42.963,
1000269.389,,56.693,43.737,
1000369.388,,56.921,44.426,
1000469.380,,56.975,44.723,
1000569.378,,56.903,45.612,
1000669.377,,56.970,45.638,
1000769.369,,57.181,47.819,
1000869.365,,57.159,46.752,
1000969.363,,57.088,47.040,
1001069.357,,57.130,45.328,
1001169.356,,57.290,44.211,
1001269.352,,57.250,43.468,
1001369.346,,57.242,44.368,
1001469.348,,57.340,47.656,
1001569.340,,57.338,47.369,
1001669.339,,57.224,45.249,
1001769.334,,57.146,43.447,
1001869.331,,56.979,42.555,
1001969.327,,56.978,42.307,
1002069.325,,57.233,42.207,
1002169.323,,57.029,43.116,
1002269.315,,56.830,43.575,
1002369.311,,56.906,44.872,
1002469.312,,57.009,44.883,
1002569.306,,56.888,44.612,
1002669.305,,57.096,44.841,
1002769.301,,57.099,44.845,
1002869.297,,57.107,44.711,
1002969.294,,57.118,44.866,
1003069.291,,57.172,44.695,
1003169.287,,57.137,45.375,
1003269.277,,57.246,45.260,
1003369.279,,57.192,44.819,
1003469.275,,57.147,44.356,
1003569.271,,57.195,44.125,
1003669.269,,57.259,43.926,
1003769.261,,57.367,45.099,
1003869.257,,57.388,44.680,
1003969.252,,57.217,44.534,
1004069.254,,57.265,43.421,
1004169.250,,57.235,42.480,
1004269.248,,57.281,42.195,
1004369.242,,57.100,42.528,
1004469.236,,57.101,42.958,
1004569.237,,57.285,43.157,
1004669.228,,57.263,42.682,
1004769.229,,57.238,43.248,
1004869.221,,57.170,43.579,
1004969.220,,56.936,43.363,
1005069.214,,57.092,43.952,
1005169.213,,57.138,45.110,
1005269.206,,57.321,44.428,
1005369.208,,57.169,44.092,
1005469.204,,57.314,43.988,
1005569.195,,57.374,44.468,
1005669.193,,57.338,44.284,
1005769.191,,57.277,44.989,
1005869.190,,57.403,45.633,
1005969.186,,57.551,46.110,
1006069.182,,57.559,45.775,
1006169.178,,57.370,46.964,
1006269.175,,57.366,48.538,
1006369.169,,57.261,47.329,
1006469.165,,57.189,46.449,
1006569.159,,57.159,45.437,
1006669.161,,57.151,44.701,
1006769.157,,57.158,43.543,
1006869.151,,57.174,42.659,
1006969.145,,56.931,44.177,
1007069.144,,57.085,44.448,
1007169.140,,57.066,43.838,
1007269.137,,56.991,44.781,
1007369.135,,57.116,45.712,
1007469.128,,57.039,45.933,
1007569.126,,57.050,45.438,
1007669.122,,57.092,46.052,
1007769.122,,57.165,46.767,
1007869.115,,57.182,46.616,
1007969.114,,57.029,45.775,
1008069.109,,57.132,45.784,
1008169.110,,57.180,46.984,
1008269.103,,57.150,46.498,
1008369.100,,57.091,46.944,
1008469.099,,57.189,46.583,
1008569.098,,57.227,45.363,
1008669.097,,57.221,46.559,
1008769.094,,57.044,47.145,
1008869.087,,57.295,45.792,
1008969.085,,57.344,45.043,
1009069.081,,57.208,44.934,
1009169.083,,57.455,44.831,
1009269.076,,57.224,45.221,
1009369.076,,57.225,44.416,
1009469.071,,57.202,43.529,
1009569.071,,57.123,42.921,
1009669.064,,57.202,42.850,
1009769.064,,57.276,42.530,
1009869.065,,57.217,43.125,
1009969.060,,57.088,43.962,
1010069.061,,57.159,44.363,
1010169.056,,57.258,45.159,
1010269.049,,57.041,44.658,
1010369.049,,57.220,45.398,
1010469.044,,57.123,46.156,
1010569.044,,56.991,46.637,
1010669.043,,57.400,48.897,
1010769.039,,57.420,49.462,
1010869.037,,57.200,47.823,
1010969.035,,56.955,46.297,
1011069.032,,57.145,45.511,
1011169.029,,56.995,46.645,
1011269.026,,56.894,48.320,
1011369.022,,56.929,47.325,
1011469.024,,56.878,47.589,
1011569.019,,56.791,47.582,
1011669.017,,56.836,45.816,
1011769.014,,56.895,44.164,
1011869.009,,56.915,43.603,
1011969.007,,57.050,43.454,
1012069.004,,57.143,43.857,
1012169.002,,56.875,45.165,
1012269.000,,56.907,45.261,
1012368.993,,56.846,47.374,
1012468.991,,56.851,46.930,
1012568.992,,57.007,46.058,
1012668.987,,56.984,47.938,
1012768.983,,57.164,48.769,
1012868.985,,57.093,47.887,
1012968.980,,57.108,47.221,
1013068.975,,57.097,47.301,
1013168.976,,56.969,46.462,
1013268.973,,56.956,46.917,
1013368.972,,56.926,46.612,
1013468.969,,56.865,45.348,
1013568.964,,57.100,45.694,
1013668.965,,56.916,44.359,
1013768.961,,56.976,43.967,
1013868.954,,57.001,44.106,
1013968.953,,57.094,44.212,
1014068.954,,57.159,43.861,
1014168.952,,57.068,44.300,
1014268.949,,57.132,45.766,
1014368.946,,57.269,45.965,
1014468.939,,57.224,44.681,
1014568.942,,57.078,44.135,
1014668.936,,57.216,45.178,
1014768.935,,57.059,46.136,
1014868.931,,57.202,45.441,
1014968.927,,57.144,44.616,
1015068.926,,57.189,44.759,
1015168.920,,57.077,44.376,
1015268.922,,57.192,43.060,
1015368.918,,57.191,42.102,
1015468.912,,57.259,42.100,
1015568.914,,57.140,42.504,
1015668.907,,57.266,42.415,
1015768.910,,57.181,43.065,
1015868.905,,57.128,43.332,
1015968.905,,57.263,43.884,
1016068.898,,57.323,44.405,
1016168.898,,57.242,44.785,
1016268.897,,57.204,45.331,
1016368.890,,57.357,44.869,
1016468.888,,57.400,44.943,
1016568.890,,57.350,44.565,
1016668.886,,57.386,45.135,
1016768.886,,57.167,44.637,
1016868.877,,57.123,44.473,
1016968.876,,57.093,44.893,
1017068.873,,57.213,43.933,
1017168.870,,57.126,43.203,
1017268.869,,57.234,43.736,
1017368.867,,57.080,45.783,
1017468.864,,57.105,47.422,
1017568.862,,56.879,47.365,
1017668.858,,57.128,45.897,
1017768.862,,57.047,45.858,
1017868.853,,57.086,44.603,
1017968.854,,56.906,45.916,
1018068.853,,56.971,46.890,
1018168.846,,57.017,47.285,
1018268.846,,56.715,49.200,
1018368.842,,56.367,48.314,
1018468.845,,56.514,46.152,
1018568.836,,56.461,44.493,
1018668.839,,56.460,43.234,
1018768.837,,56.705,42.635,
1018868.833,,56.783,42.412,
1018968.829,,56.719,42.023,
1019068.828,,57.016,42.824,
1019168.827,,56.998,44.488,
1019268.824,,56.937,47.260,
1019368.817,,56.595,48.134,
1019468.815,,56.863,46.781,
1019568.817,,56.920,44.983,
1019668.812,,56.785,43.810,
1019768.811,,56.778,43.488,
1019868.809,,56.801,44.459,
1019968.806,,56.870,44.107,
1020068.800,,56.742,44.544,
1020168.803,,56.835,45.294,
1020268.795,,57.020,45.209,
1020368.798,,57.101,43.940,
1020468.795,,57.140,43.635,
1020568.789,,57.148,43.128,
1020668.786,,57.010,42.255,
1020768.787,,57.105,41.890,
1020868.786,,57.055,42.219,
1020968.781,,57.175,42.151,
1021068.775,,57.076,42.414,
1021168.773,,57.255,43.787,
1021268.770,,57.073,45.749,
1021368.773,,56.964,45.573,
1021468.768,,57.055,46.463,
1021568.765,,57.182,47.178,
1021668.763,,57.323,47.648,
1021768.762,,57.053,46.712,
1021868.755,,57.135,46.693,
1021968.756,,57.095,46.772,
1022068.751,,57.216,46.370,
1022168.750,,57.177,45.334,
1022268.749,,57.198,43.922,
1022368.745,,57.152,42.897,
1022468.741,,57.266,42.636,
1022568.738,,57.165,42.599,
1022668.739,,57.112,42.789,
1022768.737,,57.070,42.489,
1022868.733,,57.138,42.186,
1022968.731,,57.156,42.768,
1023068.730,,57.210,43.270,
1023168.727,,57.244,43.833,
1023268.721,,57.291,43.105,
1023368.719,,57.261,43.260,
1023468.718,,57.324,42.768,
1023568.714,,57.381,42.634,
1023668.712,,57.271,43.128,
1023768.715,,57.285,44.910,
1023868.706,,57.179,44.747,
1023968.709,,57.154,43.832,
1024068.703,,57.240,42.948,
1024168.702,,57.363,42.646,
1024268.697,,57.252,43.541,
1024368.695,,57.137,43.674,
1024468.691,,57.184,44.725,
1024568.687,,56.880,44.877,
1024668.679,,56.956,46.548,
1024768.678,,56.854,47.092,
1024868.676,,57.066,44.972,
1024968.670,,57.128,44.333,
1025068.668,,57.150,44.806,
1025168.667,,57.202,44.288,
1025268.659,,57.161,44.224,
1025368.660,,57.292,43.368,
1025468.652,,57.180,43.101,
1025568.651,,57.348,43.285,
1025668.649,,57.328,42.608,
1025768.645,,57.359,42.920,
1025868.638,,57.349,44.105,
1025968.640,,57.388,44.456,
1026068.630,,57.311,44.769,
1026168.628,,56.946,44.798,
1026268.623,,56.949,43.965,
1026368.620,,57.295,42.908,
1026468.618,,57.049,42.678,
1026568.615,,57.423,44.464,
1026668.611,,57.198,46.088,
1026768.609,,57.254,46.426,
1026868.608,,57.239,45.541,
1026968.602,,57.220,46.053,
1027068.597,,57.174,48.110,
1027168.596,,57.204,47.369,
1027268.589,,57.131,44.873,
1027368.590,,57.124,44.668,
1027468.583,,57.085,46.256,
1027568.583,,56.996,45.916,
1027668.576,,56.960,43.925,
1027768.573,,56.980,43.429,
1027868.571,,56.967,44.217,
1027968.570,,56.862,43.590,
1028068.565,,56.452,43.081,
1028168.561,,56.917,42.384,
1028268.554,,57.041,41.924,
1028368.551,,57.112,41.648,
1028468.553,,57.131,41.586,
1028568.545,,56.884,42.469,
1028668.541,,56.850,43.630,
1028768.539,,56.870,45.337,
1028868.534,,56.914,46.934,
1028968.534,,57.008,46.370,
1029068.531,,57.010,45.939,
1029168.526,,56.942,45.590,
1029268.521,,57.154,44.721,
1029368.520,,57.143,43.511,
1029468.517,,56.971,42.870,
1029568.511,,56.996,42.670,
1029668.507,,56.921,42.323,
1029768.507,,57.042,42.033,
1029868.502,,57.087,41.971,
1029968.496,,57.045,42.570,
1030068.494,,57.075,42.766,
1030168.489,,57.138,42.929,
1030268.488,,56.989,43.807,
1030368.485,,56.980,44.114,
1030468.480,,56.954,45.931,
1030568.476,,56.937,47.943,
1030668.477,,56.824,48.100,
1030768.470,,56.979,48.621,
1030868.465,,57.095,47.674,
1030968.462,,57.072,45.192,
1031068.461,,56.526,43.971,
1031168.459,,56.806,43.610,
1031268.450,,56.786,43.745,
1031368.451,,56.746,44.281,
1031468.449,,56.900,43.811,
1031568.446,,56.939,44.349,
1031668.442,,56.750,46.209,
1031768.438,,56.845,47.569,
1031868.430,,56.903,46.566,
1031968.430,,56.791,45.154,
1032068.425,,56.821,46.720,
1032168.425,,56.859,46.784,
1032268.422,,56.947,46.304,
1032368.413,,56.882,44.935,
1032468.410,,56.896,43.373,
1032568.409,,56.956,42.705,
1032668.403,,56.922,42.637,
1032768.403,,56.758,43.312,
1032868.397,,56.696,44.506,
1032968.393,,56.661,43.773,
1033068.396,,56.750,44.513,
1033168.391,,56.833,48.604,
1033268.385,,56.752,48.873,
1033368.380,,56.736,47.950,
1033468.376,,56.784,46.328,
1033568.378,,56.737,45.129,
1033668.373,,56.852,44.250,
1033768.370,,56.850,42.856,
1033868.363,,56.852,43.063,
1033968.361,,56.715,45.281,
1034068.362,,56.790,48.622,
1034168.353,,56.628,46.787,
1034268.353,,56.620,45.271,
1034368.347,,56.707,44.416,
1034468.345,,56.935,45.060,
1034568.341,,56.698,46.572,
1034668.338,,56.683,45.323,
1034768.335,,56.736,44.403,
1034868.331,,56.865,44.520,
1034968.331,,56.919,45.479,
1035068.323,,56.807,47.594,
1035168.326,,56.685,49.185,
1035268.319,,56.635,49.464,
1035368.317,,56.675,48.496,
1035468.313,,56.816,46.337,
1035568.307,,56.778,45.207,
1035668.305,,56.742,46.858,
1035768.299,,56.884,48.429,
1035868.302,,56.817,47.434,
1035968.296,,56.812,47.330,
1036068.296,,56.840,45.286,
1036168.288,,56.701,44.297,
1036268.286,,56.785,45.511,
1036368.283,,56.912,47.397,
1036468.276,,56.445,48.193,
1036568.278,,56.143,46.630,
1036668.269,,56.235,44.580,
1036768.266,,56.322,43.639,
1036868.263,,56.522,43.955,
1036968.262,,56.518,44.229,
1037068.259,,56.488,45.243,
1037168.254,,56.578,45.625,
1037268.256,,56.721,46.645,
1037368.247,,56.602,46.415,
1037468.243,,56.656,45.482,
1037568.239,,56.756,45.414,
1037668.239,,56.897,46.029,
1037768.235,,56.673,45.977,
1037868.235,,56.747,44.590,
1037968.227,,56.585,42.939,
1038068.227,,56.793,43.248,
1038168.222,,56.781,44.459,
1038268.218,,56.572,45.566,
1038368.213,,56.591,46.432,
1038468.209,,56.670,45.320,
1038568.207,,56.805,45.501,
1038668.208,,56.637,47.747,
1038768.205,,56.465,48.947,
1038868.196,,56.693,48.990,
1038968.199,,56.603,46.845,
1039068.193,,56.610,46.337,
1039168.192,,56.551,45.670,
1039268.184,,56.513,45.198,
1039368.181,,56.709,46.600,
1039468.179,,56.707,48.033,
1039568.174,,56.456,47.754,
1039668.176,,56.542,46.357,
1039768.168,,56.629,44.687,
1039868.168,,56.733,44.263,
1039968.161,,56.990,44.561,
1040068.160,,56.822,44.119,
1040168.159,,56.754,45.230,
1040268.156,,56.621,46.621,
1040368.153,,56.618,47.179,
1040468.154,,56.577,46.423,
1040568.148,,56.637,44.555,
1040668.150,,56.676,44.436,
1040768.146,,56.576,46.511,
1040868.144,,56.638,46.204,
1040968.140,,56.549,44.353,
1041068.143,,56.596,42.943,
1041168.140,,56.686,42.614,
1041268.138,,56.814,43.516,
1041368.136,,56.573,42.761,
1041468.128,,56.896,42.833,
1041568.129,,56.685,43.831,
1041668.126,,56.754,44.665,
1041768.127,,56.569,46.178,
1041868.124,,56.392,45.733,
1041968.118,,56.617,44.441,
1042068.115,,56.513,43.463,
1042168.118,,56.726,43.067,
1042268.110,,56.839,43.692,
1042368.110,,56.559,45.036,
1042468.109,,56.708,44.550,
1042568.109,,56.635,46.693,
1042668.104,,56.643,49.173,
1042768.105,,56.480,49.577,
1042868.099,,56.590,47.791,
1042968.096,,56.706,46.154,
1043068.097,,56.628,47.632,
1043168.092,,56.657,46.283,
1043268.094,,56.457,45.405,
1043368.092,,56.683,46.464,
1043468.087,,56.369,46.541,
1043568.082,,56.461,44.981,
1043668.083,,56.604,43.614,
1043768.081,,56.666,43.519,
1043868.078,,56.677,44.243,
1043968.075,,56.549,45.429,
1044068.074,,56.847,46.669,
1044168.075,,56.674,46.075,
1044268.066,,56.687,46.356,
1044368.070,,56.928,46.469,
1044468.067,,56.815,44.573,
1044568.061,,57.026,44.224,
1044668.062,,56.852,43.436,
1044768.058,,56.769,44.688,
1044868.054,,56.446,45.362,
1044968.052,,56.562,44.745,
1045068.050,,56.670,46.627,
1045168.052,,56.527,48.345,
1045268.045,,56.700,47.932,
1045368.048,,56.579,45.782,
1045468.047,,56.482,44.701,
1045568.041,,56.517,44.075,
1045668.040,,56.528,43.768,
1045768.038,,56.542,44.964,
1045868.034,,56.695,46.237,
1045968.032,,56.561,45.180,
1046068.029,,56.520,46.069,
1046168.025,,56.244,45.425,
1046268.027,,56.547,45.618,
1046368.022,,56.565,45.637,
1046468.018,,56.470,47.883,
1046568.017,,56.318,49.169,
1046668.015,,56.453,47.523,
1046768.013,,56.376,45.393,
1046868.013,,56.734,45.310,
1046968.010,,56.384,50.758,
1047068.010,,56.487,53.532,
1047168.004,,56.486,53.163,
1047268.003,,56.214,51.192,
1047368.001,,56.085,50.541,
1047468.002,,56.118,49.325,
1047567.998,,56.433,46.708,
1047667.998,,56.291,44.752,
1047767.996,,56.377,43.982,
1047867.992,,56.299,44.047,
1047967.985,,56.003,44.238,
1048067.986,,56.441,45.133,
1048167.979,,56.045,44.279,
1048267.975,,56.352,42.680,
1048367.976,,56.271,42.146,
1048467.970,,56.057,42.695,
1048567.966,,56.257,44.255,
1048667.962,,56.095,45.582,
1048767.962,,55.991,45.928,
1048867.958,,56.283,45.069,
1048967.950,,56.060,44.577,
1049067.947,,56.402,43.789,
1049167.945,,56.212,43.674,
1049267.944,,56.022,43.450,
1049367.937,,56.341,44.390,
1049467.933,,56.156,45.705,
1049567.932,,55.848,44.978,
1049667.925,,56.038,45.015,
1049767.922,,56.037,45.531,
1049867.923,,56.194,46.383,
1049967.920,,56.241,44.753,
1050067.916,,56.142,43.867,
1050167.912,,56.368,42.592,
1050267.909,,56.241,42.002,
1050367.905,,56.391,42.528,
1050467.903,,56.375,43.123,
1050567.899,,56.265,42.991,
1050667.897,,56.446,45.320,
1050767.890,,56.083,46.337,
1050867.887,,56.025,47.269,
1050967.882,,56.329,47.840,
1051067.881,,55.968,47.665,
1051167.877,,56.537,45.724,
1051267.873,,56.010,44.883,
1051367.869,,56.116,44.817,
1051467.864,,55.786,44.635,
1051567.864,,56.322,49.235,
1051667.858,,55.894,53.292,
1051767.859,,56.079,51.690,
1051867.849,,55.897,47.851,
1051967.846,,56.228,45.543,
1052067.843,,56.475,44.835,
1052167.842,,55.798,44.182,
1052267.839,,56.103,43.062,
1052367.837,,56.079,42.120,
1052467.834,,56.657,41.609,
1052567.831,,56.577,42.058,
1052667.824,,56.561,42.526,
1052767.821,,56.372,43.174,
1052867.817,,56.543,46.500,
1052967.814,,56.453,46.858,
1053067.812,,56.505,47.117,
1053167.810,Input1*2*0,56.531,46.697,
1053267.804,Input1*2*1,56.519,44.667,
1053367.800,,56.362,44.296,
1053467.798,,56.420,46.459,
1053567.790,,56.309,45.904,
1053667.787,,56.351,44.665,
1053767.785,,56.406,43.345,
1053867.783,,56.443,42.443,
1053967.777,,56.371,41.810,
1054067.775,,56.357,41.583,
1054167.773,,56.449,41.323,
1054267.768,,56.438,41.570,
1054367.766,,56.513,41.916,
1054467.760,,56.500,42.598,
1054567.756,,56.600,42.314,
1054667.754,,56.651,43.176,
1054767.749,,56.735,43.751,
1054867.748,,56.188,44.609,
1054967.746,,56.634,46.119,
1055067.739,,56.447,48.054,
1055167.737,,56.380,46.968,
1055267.736,,56.023,46.551,
1055367.733,,56.331,45.581,
1055467.725,,56.482,45.193,
1055567.724,,56.568,45.735,
1055667.723,,56.389,45.366,
1055767.716,,56.522,44.100,
1055867.715,,56.385,45.102,
1055967.709,,56.221,44.539,
1056067.702,,56.341,45.345,
1056167.697,,56.335,46.025,
1056267.695,,56.578,46.027,
1056367.693,,56.640,44.209,
1056467.691,,56.405,43.710,
1056567.684,,56.434,44.393,
1056667.680,,56.299,46.292,
1056767.676,,56.439,46.544,
1056867.668,,56.151,45.778,
1056967.668,,56.600,44.217,
1057067.662,,56.196,43.739,
1057167.654,,56.618,42.917,
1057267.651,,56.723,42.937,
1057367.647,,56.462,42.737,
1057467.646,,56.410,44.129,
1057567.639,,56.583,45.609,
1057667.632,,56.246,47.318,
1057767.632,,56.404,47.966,
1057867.626,,56.352,48.564,
1057967.625,,56.531,47.205,
1058067.621,,56.428,45.459,
1058167.615,,56.496,45.069,
1058267.611,,56.627,44.631,
1058367.606,,56.252,43.907,
1058467.601,,56.111,44.472,
1058567.599,,56.417,46.332,
1058667.591,,56.292,47.566,
1058767.586,,56.339,47.424,
1058867.584,,56.326,45.225,
1058967.577,,56.271,44.106,
1059067.572,,56.496,43.263,
1059167.573,,56.707,43.726,
1059267.567,,56.446,44.899,
1059367.560,,56.571,44.923,
1059467.555,,56.591,46.814,
1059567.556,,56.577,47.229,
1059667.551,,56.707,45.245,
1059767.542,,56.349,44.017,
1059867.541,,56.512,43.573,
1059967.536,,56.656,43.507,
1060067.533,,56.296,45.142,
1060167.525,,55.859,46.274,
1060267.519,,56.292,45.056,
1060367.519,,56.112,43.292,
1060467.511,,56.373,42.532,
1060567.512,,56.351,42.172,
1060667.505,,56.443,42.155,
1060767.502,,56.360,42.599,
1060867.500,,56.237,44.311,
1060967.495,,56.200,44.014,
1061067.485,,56.253,43.867,
1061167.481,,56.356,42.711,
1061267.481,,56.408,43.015,
1061367.473,,56.331,42.466,
1061467.471,,56.491,41.925,
1061567.463,,56.474,42.561,
1061667.464,,56.237,43.085,
1061767.456,,56.325,42.870,
1061867.454,,56.221,43.192,
1061967.451,,56.558,43.406,
1062067.445,,56.174,43.892,
1062167.443,,56.316,43.913,
1062267.435,,56.340,42.990,
1062367.432,,56.326,42.118,
1062467.430,,56.441,42.233,
1062567.423,,56.376,42.857,
1062667.418,,56.447,42.345,
1062767.415,,56.539,41.820,
1062867.412,,56.561,41.683,
1062967.404,,56.604,42.171,
1063067.400,,56.501,42.578,
1063167.397,,56.415,44.780,
1063267.394,,56.390,45.824,
1063367.389,,56.430,44.864,
1063467.386,,56.286,45.555,
1063567.383,,56.375,45.845,
1063667.375,,56.444,45.887,
1063767.370,,56.415,44.741,
1063867.365,,56.458,44.728,
1063967.360,,56.562,44.229,
1064067.361,,56.597,43.964,
1064167.358,,56.554,44.525,
1064267.357,,56.458,44.933,
1064367.357,,56.460,45.878,
1064467.353,,56.307,45.165,
1064567.348,,56.404,47.022,
1064667.343,,56.499,46.638,
1064767.345,,56.582,45.760,
1064867.343,,56.503,44.811,
1064967.341,,56.524,44.348,
1065067.339,,56.656,43.911,
1065167.330,,56.176,44.345,
1065267.329,,56.555,45.434,
1065367.332,,56.362,46.041,
1065467.325,,56.429,44.668,
1065567.323,,56.532,43.511,
1065667.321,,56.560,42.627,
1065767.319,,56.527,42.057,
1065867.317,,56.617,42.211,
1065967.312,,56.848,42.916,
1066067.311,,56.826,43.725,
1066167.306,,56.734,43.282,
1066267.307,,56.650,42.687,
1066367.301,,56.542,44.215,
1066467.301,,56.617,45.379,
1066567.296,,56.682,46.437,
1066667.298,,56.551,48.821,
1066767.296,,56.240,49.020,
1066867.290,,56.125,48.229,
1066967.288,,56.077,46.950,
1067067.289,,56.275,47.483,
1067167.287,,56.243,48.087,
1067267.283,,56.233,48.798,
1067367.280,,56.290,47.004,
1067467.280,,56.315,46.450,
1067567.274,,56.165,46.987,
1067667.275,,56.275,46.300,
1067767.272,,56.235,46.562,
1067867.266,,56.036,47.214,
1067967.266,,56.319,45.550,
1068067.262,,55.899,43.995,
1068167.257,,55.969,43.529,
1068267.258,,56.077,44.811,
1068367.256,,55.637,46.083,
1068467.254,,56.194,46.892,
1068567.248,,55.992,45.706,
1068667.245,,55.748,43.624,
1068767.244,,56.276,43.424,
1068867.242,,55.882,44.105,
1068967.238,,55.962,44.174,
1069067.237,,55.818,44.025,
1069167.235,,55.767,45.636,
1069267.235,,55.999,46.244,
1069367.227,,55.452,46.157,
1069467.229,,55.757,44.077,
1069567.222,,55.416,43.696,
1069667.222,,55.374,42.924,
1069767.219,,55.852,43.204,
1069867.216,,55.727,45.145,
1069967.215,,56.070,46.794,
1070067.212,,56.122,46.532,
1070167.211,,55.727,45.250,
1070267.204,,56.115,46.298,
1070367.202,,55.646,48.509,
1070467.200,,56.019,48.192,
1070567.200,,55.681,48.893,
1070667.198,,55.439,47.481,
1070767.198,,55.890,46.000,
1070867.191,,54.895,45.411,
1070967.189,,55.903,44.994,
1071067.190,,55.222,44.230,
1071167.184,,55.386,42.702,
1071267.183,,55.875,42.475,
1071367.183,,55.524,43.341,
1071467.174,,55.604,42.481,
1071567.177,,55.710,42.180,
1071667.171,,55.548,41.803,
1071767.169,,56.279,41.813,
1071867.165,,56.360,41.667,
1071967.168,,56.425,41.537,
1072067.164,,56.413,42.739,
1072167.157,,56.422,42.901,
1072267.153,,56.086,42.685,
1072367.149,,56.004,42.613,
1072467.150,,56.016,42.681,
1072567.146,,56.054,43.752,
1072667.142,,56.343,44.314,
1072767.142,,56.520,44.270,
1072867.138,,56.210,43.651,
1072967.130,,56.396,42.980,
1073067.130,,56.470,42.676,
1073167.129,,56.366,43.161,
1073267.123,,56.430,44.154,
1073367.121,,56.378,44.354,
1073467.116,,56.387,45.965,
1073567.115,,56.401,47.210,
1073667.107,,56.572,46.676,
1073767.107,,55.995,45.415,
1073867.102,,55.681,43.950,
1073967.099,,55.507,45.225,
1074067.095,,55.532,46.491,
1074167.093,,55.878,46.659,
1074267.087,,55.225,44.807,
1074367.086,,55.729,43.631,
1074467.087,,55.737,44.195,
1074567.079,,55.148,44.194,
1074667.074,,55.927,43.348,
1074767.076,,55.308,42.563,
1074867.068,,55.849,41.730,
1074967.065,,55.593,41.594,
1075067.063,,55.416,41.684,
1075167.063,,56.130,41.633,
1075267.058,,55.750,41.401,
1075367.054,,55.527,41.330,
1075467.050,,55.980,42.924,
1075567.051,,55.501,43.009,
1075667.046,,56.034,43.872,
1075767.044,,55.645,43.968,
1075867.035,,56.245,43.010,
1075967.038,,56.340,43.007,
1076067.034,,56.191,42.385,
1076167.030,,56.235,42.264,
1076267.025,,56.206,42.258,
1076367.021,,56.110,42.290,
1076467.022,,56.231,42.847,
1076567.013,,56.439,43.782,
1076667.011,,56.412,43.659,
1076767.008,,56.401,44.655,
1076867.008,,56.392,47.312,
1076967.000,,56.376,47.205,
1077067.001,,56.390,45.800,
1077166.994,,56.262,46.445,
1077266.993,,56.172,46.147,
1077366.990,,56.229,47.775,
1077466.989,,56.424,47.318,
1077566.985,,56.609,45.320,
1077666.977,,56.508,43.485,
1077766.979,,56.756,42.889,
1077866.974,,56.461,42.446,
1077966.973,,56.553,42.620,
1078066.969,,56.440,42.851,
1078166.963,,56.204,43.860,
1078266.963,,56.240,43.844,
1078366.955,,56.229,46.550,
1078466.954,,56.439,46.183,
1078566.953,,56.313,45.861,
1078666.949,,56.438,45.098,
1078766.946,,56.392,45.353,
1078866.944,,56.536,44.917,
1078966.940,,56.424,44.045,
1079066.938,,56.434,44.515,
1079166.931,,56.374,45.794,
1079266.928,,56.387,48.124,
1079366.925,,56.232,47.654,
1079466.925,,56.290,47.642,
1079566.918,,56.311,45.950,
1079666.913,,56.286,44.097,
1079766.912,,56.331,43.367,
1079866.907,,56.157,43.461,
1079966.909,,56.244,45.246,
1080066.904,,56.216,46.318,
1080166.900,,56.243,47.089,
1080266.896,,56.198,46.712,
1080366.897,,56.345,45.032,
1080466.895,,56.377,44.261,
1080566.887,,56.241,44.369,
1080666.888,,56.446,45.447,
1080766.880,,56.388,45.770,
1080866.879,,56.583,48.193,
1080966.877,,56.509,47.536,
1081066.872,,56.294,45.638,
1081166.874,,56.562,44.472,
1081266.870,,56.468,43.843,
1081366.866,,56.315,43.680,
1081466.864,,56.346,43.926,
1081566.861,,56.279,43.191,
1081666.857,,56.235,43.458,
1081766.853,,56.346,42.672,
1081866.852,,56.327,43.269,
1081966.846,,56.413,46.171,
1082066.843,,56.361,47.951,
1082166.842,,56.278,48.307,
1082266.838,,56.223,46.154,
1082366.836,,56.380,44.691,
1082466.829,,56.536,43.888,
1082566.827,,56.868,43.683,
1082666.825,,56.842,44.113,
1082766.820,,56.847,45.464,
1082866.822,,56.871,46.129,
1082966.818,,56.846,46.237,
1083066.812,,56.840,46.292,
1083166.814,,56.786,45.228,
1083266.808,,56.761,44.990,
1083366.804,,56.665,43.584,
1083466.801,,56.677,42.985,
1083566.799,,56.610,43.900,
1083666.794,,56.575,46.000,
1083766.796,,56.408,45.182,
1083866.789,,56.222,45.683,
1083966.786,,56.218,45.950,
1084066.783,,56.483,45.522,
1084166.781,,56.570,44.707,
1084266.779,,56.592,45.360,
1084366.776,,56.587,44.818,
1084466.776,,56.715,43.503,
1084566.773,,56.595,43.991,
1084666.768,,56.550,43.916,
1084766.762,,56.375,43.451,
1084866.759,,56.361,42.529,
1084966.755,,56.230,41.982,
1085066.752,,56.188,41.585,
1085166.750,,56.028,42.011,
1085266.748,,56.202,42.705,
1085366.743,,56.264,43.236,
1085466.745,,56.285,42.800,
1085566.743,,56.317,42.443,
1085666.739,,56.441,42.578,
1085766.734,,56.537,42.180,
1085866.733,,56.624,42.500,
1085966.726,,56.655,43.023,
1086066.727,,56.767,43.650,
1086166.722,,56.774,44.897,
1086266.720,,56.656,46.766,
1086366.718,,56.807,46.515,
1086466.716,,56.853,46.273,
1086566.711,,56.787,44.462,
1086666.710,,56.732,43.791,
1086766.707,,56.754,43.954,
1086866.698,,56.832,44.201,
1086966.700,,56.865,45.135,
1087066.694,,56.676,44.819,
1087166.695,,56.732,44.246,
1087266.688,,56.736,45.062,
1087366.688,,56.605,46.258,
1087466.681,,56.461,46.944,
1087566.679,,56.623,45.255,
1087666.677,,56.738,44.340,
1087766.677,,56.691,43.283,
1087866.671,,56.504,42.716,
1087966.664,,56.673,44.140,
1088066.663,,56.460,45.734,
1088166.657,,56.320,46.691,
1088266.653,,56.363,46.961,
1088366.652,,56.523,46.394,
1088466.645,,56.658,45.784,
1088566.644,,56.515,44.485,
1088666.639,,56.472,45.870,
1088766.633,,56.427,46.921,
1088866.633,,56.470,46.260,
1088966.629,,56.392,44.282,
1089066.626,,56.306,42.941,
1089166.619,,56.348,42.320,
1089266.617,,56.267,42.460,
1089366.616,,56.462,44.765,
1089466.607,,56.494,45.969,
1089566.602,,56.516,46.251,
1089666.602,,56.654,46.562,
1089766.598,,56.573,45.869,
1089866.591,,56.507,45.126,
1089966.590,,56.509,44.681,
1090066.586,,56.723,43.696,
1090166.583,,56.889,43.028,
1090266.578,,56.711,43.076,
1090366.575,,56.771,43.773,
1090466.573,,56.640,46.387,
1090566.567,,56.761,46.592,
1090666.565,,56.619,46.627,
1090766.560,,56.668,46.045,
1090866.553,,56.671,44.290,
1090966.552,,56.694,43.279,
1091066.544,,56.677,43.226,
1091166.540,,56.705,43.073,
1091266.538,,56.728,42.669,
1091366.535,,56.698,42.554,
1091466.529,,56.622,42.395,
1091566.530,,56.740,43.519,
1091666.527,,56.733,42.862,
1091766.518,,56.581,43.795,
1091866.515,,56.762,43.456,
1091966.512,,56.580,43.058,
1092066.507,,56.335,43.853,
1092166.508,,56.523,44.544,
1092266.498,,56.605,46.034,
1092366.500,,56.533,45.696,
1092466.491,,56.560,44.988,
1092566.490,,56.592,44.450,
1092666.483,,56.653,43.708,
1092766.483,,56.583,43.908,
1092866.479,,56.599,43.364,
1092966.475,,56.684,45.171,
1093066.473,,56.668,45.929,
1093166.468,,56.638,45.275,
1093266.465,,56.552,43.464,
1093366.459,,56.662,42.361,
1093466.454,,56.608,41.954,
1093566.451,,56.455,41.888,
1093666.444,,56.479,42.464,
1093766.444,,56.044,42.377,
1093866.435,,55.297,41.584,
1093966.432,,55.663,41.268,
1094066.428,,55.893,41.967,
1094166.425,,55.832,44.589,
1094266.425,,55.409,47.934,
1094366.420,,55.840,47.256,
1094466.417,,56.223,45.572,
1094566.411,,56.261,43.850,
1094666.405,,55.765,42.370,
1094766.405,,55.509,42.171,
1094866.400,,55.887,43.970,
1094966.394,,56.016,44.484,
1095066.389,,56.105,43.083,
1095166.385,,55.890,42.435,
1095266.386,,55.829,43.320,
1095366.379,,55.981,44.063,
1095466.375,,55.949,45.405,
1095566.375,,55.787,44.924,
1095666.370,,56.062,44.844,
1095766.365,,56.117,45.947,
1095866.360,,56.106,47.114,
1095966.360,,55.964,46.625,
1096066.354,,55.991,47.908,
1096166.349,,55.879,48.227,
1096266.348,,55.766,48.682,
1096366.343,,55.544,46.861,
1096466.341,,55.523,45.349,
1096566.341,,55.400,44.121,
1096666.340,,55.092,43.614,
1096766.333,,55.242,43.005,
1096866.330,,55.339,43.802,
1096966.329,,55.707,44.196,
1097066.323,,55.829,43.754,
1097166.322,,55.534,44.103,
1097266.323,,55.355,45.401,
1097366.316,,55.387,47.799,
1097466.314,,55.486,47.215,
1097566.309,,55.659,45.799,
1097666.310,,55.813,44.005,
1097766.306,,55.772,44.076,
1097866.300,,55.743,43.312,
1097966.303,,55.849,42.281,
1098066.295,,55.878,42.065,
1098166.295,,55.831,41.693,
1098266.292,,55.865,42.101,
1098366.292,,56.034,42.910,
1098466.286,,55.843,43.397,
1098566.280,,55.875,42.491,
1098666.282,,55.955,42.856,
1098766.275,,56.087,42.722,
1098866.276,,56.119,43.510,
1098966.274,,55.879,44.048,
1099066.271,,55.972,43.519,
1099166.263,,56.139,43.817,
1099266.265,,56.048,43.786,
1099366.257,,56.044,43.532,
1099466.261,,56.128,43.605,
1099566.254,,56.020,43.315,
1099666.254,,55.861,42.536,
1099766.250,,55.964,42.447,
1099866.244,,55.826,44.143,
1099966.241,,55.855,46.225,
1100066.241,,55.753,46.298,
1100166.236,,55.944,47.007,
1100266.232,,55.948,47.556,
1100366.231,,56.024,46.504,
1100466.228,,55.833,44.421,
1100566.229,,55.910,43.232,
1100666.224,,55.737,42.842,
1100766.222,,55.799,44.756,
1100866.218,,55.860,45.669,
1100966.217,,55.601,45.180,
1101066.211,,55.684,46.140,
1101166.210,,55.731,45.430,
1101266.206,,55.807,45.478,
1101366.202,,56.009,44.498,
1101466.202,,55.976,44.052,
1101566.198,,56.113,44.487,
1101666.191,,55.820,45.398,
1101766.190,,56.107,44.154,
1101866.190,,55.899,42.926,
1101966.187,,56.129,42.063,
1102066.185,,56.143,41.447,
1102166.183,,56.092,41.470,
1102266.179,,55.990,41.849,
1102366.177,,56.029,43.357,
1102466.172,,56.032,44.580,
1102566.172,,56.015,44.603,
1102666.169,,56.096,45.932,
1102766.161,,56.105,45.560,
1102866.159,,56.068,44.106,
1102966.160,,56.190,43.631,
1103066.157,,56.088,42.931,
1103166.152,,55.997,42.824,
1103266.151,,56.065,43.219,
1103366.149,,56.066,44.450,
1103466.140,,56.059,44.361,
1103566.140,,55.909,44.026,
1103666.136,,56.158,42.791,
1103766.136,,56.192,42.550,
1103866.134,,56.217,42.732,
1103966.129,,56.158,42.718,
1104066.125,,55.908,44.923,
1104166.125,,56.126,45.554,
1104266.128,,55.971,45.068,
1104366.124,,56.095,43.474,
1104466.120,,56.080,42.589,
1104566.120,,56.017,43.510,
1104666.120,,55.591,44.042,
1104766.118,,55.707,43.347,
1104866.114,,55.678,42.918,
1104966.116,,55.742,43.236,
1105066.111,,55.787,42.717,
1105166.112,,55.927,41.888,
1105266.112,,56.146,41.625,
1105366.109,,56.188,41.911,
1105466.103,,55.967,43.092,
1105566.106,,56.167,44.054,
1105666.101,,56.248,43.922,
1105766.101,,56.194,43.152,
1105866.099,,56.086,42.382,
1105966.097,,56.166,42.002,
1106066.092,,56.248,42.154,
1106166.092,,56.156,42.508,
1106266.095,,56.241,44.080,
1106366.092,,56.346,43.555,
1106466.087,,56.474,43.450,
1106566.085,,56.433,43.113,
1106666.083,,56.428,42.789,
1106766.086,,56.442,42.337,
1106866.082,,56.373,42.078,
1106966.080,,56.477,42.122,
1107066.078,,56.324,42.282,
1107166.081,,56.280,42.165,
1107266.079,,56.490,43.304,
1107366.074,,56.311,42.471,
1107466.071,,56.378,42.023,
1107566.068,,56.458,42.595,
1107666.072,,56.630,42.932,
1107766.066,,56.297,42.195,
1107866.066,,56.187,41.484,
1107966.064,,56.162,42.336,
1108066.065,,56.423,42.741,
1108166.064,,56.371,43.294,
1108266.057,,56.484,45.263,
1108366.060,,56.291,47.726,
1108466.058,,56.355,47.840,
1108566.054,,56.306,46.007,
1108666.056,,56.304,47.368,
1108766.054,,56.343,46.554,
1108866.052,,56.022,46.639,
1108966.051,,55.950,46.383,
1109066.050,,55.933,44.181,
1109166.043,,55.913,43.073,
1109266.045,,56.043,43.238,
1109366.043,,56.140,42.937,
1109466.039,,56.078,43.078,
1109566.040,,56.004,42.417,
1109666.034,,55.765,41.960,
1109766.033,,55.933,44.452,
1109866.036,,56.053,48.100,
1109966.033,,56.037,48.082,
1110066.033,,55.810,46.996,
1110166.032,,55.688,45.220,
1110266.028,,55.360,44.072,
1110366.026,,55.574,43.248,
1110466.026,,55.833,42.440,
1110566.024,,56.046,42.978,
1110666.018,,56.127,42.784,
1110766.021,,56.206,42.363,
1110866.016,,56.149,41.848,
1110966.019,,56.035,42.265,
1111066.014,,55.990,41.508,
1111166.014,,56.070,41.300,
1111266.010,,56.364,41.774,
1111366.011,,56.457,42.759,
1111466.007,,56.130,43.368,
1111566.003,,56.023,43.433,
1111666.003,,56.011,42.659,
1111766.001,,55.953,41.821,
1111866.002,,56.072,41.927,
1111965.995,,56.230,42.880,
1112065.995,,56.117,44.618,
1112165.987,,56.014,46.138,
1112265.982,,56.021,45.989,
1112365.980,,56.203,44.815,
1112465.979,,56.283,46.205,
1112565.972,,56.089,46.810,
1112665.968,,56.235,45.258,
1112765.965,,56.087,45.381,
1112865.963,,56.044,44.579,
1112965.957,,56.032,44.338,
1113065.949,,56.072,44.914,
1113165.951,,55.890,45.212,
1113265.941,,55.995,44.032,
1113365.943,,56.007,43.637,
1113465.937,,56.023,42.454,
1113565.935,,55.536,41.614,
1113665.925,,55.844,41.423,
1113765.924,,56.157,41.678,
1113865.923,,56.125,42.118,
1113965.912,,56.014,41.604,
1114065.909,,56.101,41.334,
1114165.910,,55.896,41.832,
1114265.905,,55.941,42.883,
1114365.900,,55.993,43.064,
1114465.893,,55.948,42.283,
1114565.889,,55.902,41.455,
1114665.884,,56.211,41.054,
1114765.881,,56.222,41.622,
1114865.879,,56.238,42.684,
1114965.874,,56.237,43.739,
1115065.872,,56.111,43.981,
1115165.864,,56.136,44.873,
1115265.861,,56.208,44.176,
1115365.857,,56.100,43.079,
1115465.855,,55.962,43.972,
1115565.847,,56.013,44.780,
1115665.848,,56.116,44.462,
1115765.844,,56.129,44.897,
1115865.835,,56.189,45.235,
1115965.833,,56.013,44.884,
1116065.829,,56.080,43.785,
1116165.828,,56.140,43.134,
1116265.821,,56.188,43.241,
1116365.814,,56.126,42.619,
1116465.809,,56.125,43.029,
1116565.809,,56.032,43.643,
1116665.802,,56.085,42.406,
1116765.800,,56.069,42.863,
1116865.795,,56.035,43.557,
1116965.792,,55.871,43.043,
1117065.790,,56.056,43.080,
1117165.782,,56.081,43.803,
1117265.776,,56.028,44.152,
1117365.772,,56.212,43.872,
1117465.773,,56.101,45.496,
1117565.770,,56.080,45.258,
1117665.762,,55.975,43.740,
1117765.756,,55.813,42.458,
1117865.756,,55.842,42.185,
1117965.753,,55.910,42.615,
1118065.743,,55.902,42.669,
1118165.741,,56.208,41.949,
1118265.739,,56.232,41.798,
1118365.734,,56.229,41.373,
1118465.729,,56.145,40.962,
1118565.728,,56.259,40.972,
1118665.718,,56.182,41.848,
1118765.715,,56.332,43.780,
1118865.716,,56.527,44.739,
1118965.710,,56.472,45.357,
1119065.703,,56.420,45.508,
1119165.702,,56.469,46.143,
1119265.696,,56.275,45.676,
1119365.693,,56.239,44.996,
1119465.692,,56.209,44.327,
1119565.686,,56.325,44.765,
1119665.680,,56.286,46.742,
1119765.673,,56.231,46.625,
1119865.674,,56.288,47.630,
1119965.669,,56.209,47.022,
1120065.667,,56.319,45.802,
1120165.663,,56.342,44.295,
1120265.660,,56.403,43.563,
1120365.660,,56.439,45.929,
1120465.652,,56.522,51.094,
1120565.651,,56.382,50.336,
1120665.651,,56.513,50.883,
1120765.648,,56.407,50.402,
1120865.646,,56.361,47.768,
1120965.640,,56.411,46.398,
1121065.634,,56.285,45.689,
1121165.631,,56.340,45.505,
1121265.630,,56.240,44.976,
1121365.630,,56.292,45.227,
1121465.627,,56.281,44.160,
1121565.623,,56.430,43.218,
1121665.622,,56.257,42.494,
1121765.613,,56.470,41.914,
1121865.612,,56.399,42.038,
1121965.608,,56.338,42.322,
1122065.611,,56.222,43.171,
1122165.602,,56.295,44.129,
1122265.599,,56.354,44.143,
1122365.601,,56.331,43.697,
1122465.594,,56.391,43.661,
1122565.593,,56.331,43.243,
1122665.592,,56.311,43.562,
1122765.590,,56.460,43.066,
1122865.583,,56.410,42.694,
1122965.579,,56.462,43.643,
1123065.575,,56.413,43.493,
1123165.577,,56.320,42.982,
1123265.575,,56.450,44.149,
1123365.566,,56.445,46.129,
1123465.570,,56.335,44.280,
1123565.562,,56.364,42.813,
1123665.559,,56.347,42.295,
1123765.557,,56.294,42.140,
1123865.555,,56.213,41.716,
1123965.553,,56.350,42.375,
1124065.546,,56.345,42.984,
1124165.542,,56.425,44.342,
1124265.545,,56.429,44.270,
1124365.541,,56.607,43.146,
1124465.535,,56.423,42.701,
1124565.535,,56.463,42.547,
1124665.528,,56.478,43.314,
1124765.529,,56.447,44.519,
1124865.528,,56.374,44.434,
1124965.519,,56.244,44.508,
1125065.523,,56.208,45.282,
1125165.519,,56.257,45.240,
1125265.513,,56.156,44.565,
1125365.514,,56.158,44.442,
1125465.506,,56.159,44.330,
1125565.504,,56.229,43.308,
1125665.504,,56.092,42.740,
1125765.499,,55.949,42.703,
1125865.499,,56.099,42.969,
1125965.495,,55.883,42.900,
1126065.487,,56.315,41.938,
1126165.486,,56.244,41.356,
1126265.485,,56.191,41.346,
1126365.480,,56.267,42.079,
1126465.477,,56.279,42.326,
1126565.475,,56.288,43.181,
1126665.476,,56.358,46.969,
1126765.469,,56.264,45.849,
1126865.470,,56.381,45.029,
1126965.467,,56.383,45.806,
1127065.459,,56.407,54.490,
1127165.460,,56.253,54.543,
1127265.458,,56.261,52.416,
1127365.451,,56.269,51.899,
1127465.450,,56.398,50.722,
1127565.444,,56.360,49.277,
1127665.443,,56.374,49.969,
1127765.440,,56.273,47.572,
1127865.436,,56.241,46.999,
1127965.434,,56.347,50.706,
1128065.437,,56.210,48.316,
1128165.430,,56.521,45.836,
1128265.432,,56.548,44.197,
1128365.425,,56.543,43.472,
1128465.425,,56.577,42.701,
1128565.422,,56.578,42.454,
1128665.420,,56.544,43.130,
1128765.419,,56.540,43.058,
1128865.421,,56.496,44.284,
1128965.418,,56.500,46.427,
1129065.414,,56.510,45.568,
1129165.415,,56.367,44.274,
1129265.412,,56.379,43.601,
1129365.412,,56.505,44.379,
1129465.410,,56.557,46.863,
1129565.406,,56.541,46.969,
1129665.407,,56.554,46.058,
1129765.405,,56.603,45.822,
1129865.398,,56.346,45.312,
1129965.397,,56.344,44.082,
1130065.396,,56.408,43.745,
1130165.396,,56.364,44.039,
1130265.396,,56.183,44.142,
1130365.394,,56.241,44.326,
1130465.388,,56.243,45.328,
1130565.385,,56.234,45.639,
1130665.383,,56.180,47.493,
1130765.386,,56.278,46.735,
1130865.379,,56.330,44.647,
1130965.382,,56.541,43.446,
1131065.376,,56.526,42.542,
1131165.375,,56.607,42.484,
1131265.375,,56.469,41.993,
1131365.373,,56.412,41.748,
1131465.371,,56.330,42.164,
1131565.373,,56.360,41.733,
1131665.367,,56.474,41.384,
1131765.366,,56.450,41.393,
1131865.362,,56.509,42.242,
1131965.365,,56.283,42.671,
1132065.362,,56.490,44.604,
1132165.362,,56.469,45.560,
1132265.355,,56.553,45.525,
1132365.355,,56.384,45.079,
1132465.350,,56.609,44.963,
1132565.355,,56.705,44.006,
1132665.349,,56.561,43.470,
1132765.347,,56.735,43.004,
1132865.348,,56.634,43.011,
1132965.347,,56.621,43.133,
1133065.346,,56.596,43.410,
1133165.341,,56.556,44.694,
1133265.337,,56.398,44.544,
1133365.336,,56.499,45.087,
1133465.337,,56.389,44.910,
1133565.335,,56.383,43.954,
1133665.335,,56.386,42.872,
1133765.333,,56.269,41.992,
1133865.325,,56.329,41.290,
1133965.325,,56.328,41.197,
1134065.327,,56.354,42.843,
1134165.321,,56.225,44.543,
1134265.318,,56.334,44.937,
1134365.316,,56.308,44.247,
1134465.315,,56.377,43.360,
1134565.316,,56.405,42.266,
1134665.311,,56.440,42.159,
1134765.310,,56.177,42.543,
1134865.312,,56.275,43.116,
1134965.308,,56.273,43.626,
1135065.305,,56.332,43.744,
1135165.307,,56.334,42.846,
1135265.305,,56.337,42.465,
1135365.298,,56.361,42.128,
1135465.302,,56.429,41.914,
1135565.301,,56.530,42.891,
1135665.295,,56.465,43.149,
1135765.296,,56.581,42.791,
1135865.291,,56.608,43.423,
1135965.292,,56.678,43.390,
1136065.288,,56.588,45.384,
1136165.281,,56.549,46.727,
1136265.282,,56.449,47.528,
1136365.279,,56.536,46.961,
1136465.274,,56.452,46.322,
1136565.271,,56.358,45.950,
1136665.265,,56.314,45.107,
1136765.268,,56.265,43.660,
1136865.264,,56.306,43.627,
1136965.256,,56.300,44.407,
1137065.254,,56.232,43.668,
1137165.250,,56.360,42.890,
1137265.251,,56.192,43.521,
1137365.249,,56.360,43.391,
1137465.244,,56.193,43.333,
1137565.243,,56.226,43.055,
1137665.235,,56.222,44.465,
1137765.231,,56.341,45.817,
1137865.229,,56.211,45.034,
1137965.232,,56.284,44.187,
1138065.227,,56.437,43.749,
1138165.224,,56.409,43.360,
1138265.219,,56.298,42.945,
1138365.218,,56.342,42.840,
1138465.211,,56.462,44.125,
1138565.207,,56.433,44.575,
1138665.208,,56.416,44.691,
1138765.204,,56.406,44.163,
1138865.204,,56.458,43.328,
1138965.201,,56.389,44.043,
1139065.198,,56.336,44.077,
1139165.191,,56.325,44.111,
1139265.191,,56.524,43.423,
1139365.183,,56.442,43.310,
1139465.181,,56.459,43.336,
1139565.179,,56.419,44.242,
1139665.175,,56.404,44.045,
1139765.175,,56.559,43.933,
1139865.163,,56.520,44.266,
1139965.170,,56.333,42.887,
1140065.163,,56.327,43.904,
1140165.162,,56.353,43.449,
1140265.161,,56.419,42.763,
1140365.157,,56.385,42.568,
1140465.155,,56.493,42.750,
1140565.150,,56.492,42.766,
1140665.145,,56.438,42.998,
1140765.144,,56.510,42.626,
1140865.142,,56.408,42.690,
1140965.134,,56.555,44.013,
1141065.137,,56.634,45.179,
1141165.132,,56.489,45.668,
1141265.126,,56.503,45.947,
1141365.128,,56.506,46.501,
1141465.120,,56.486,45.225,
1141565.121,,56.459,44.222,
1141665.120,,56.427,45.349,
1141765.116,,56.342,45.294,
1141865.110,,56.454,44.731,
1141965.104,,56.458,43.260,
1142065.105,,56.481,42.344,
1142165.104,,56.568,41.904,
1142265.095,,56.543,41.693,
1142365.097,,56.311,41.712,
1142465.093,,56.383,42.142,
1142565.088,,56.421,43.881,
1142665.087,,56.419,45.372,
1142765.084,,56.639,45.309,
1142865.079,,56.575,45.309,
1142965.077,,56.500,44.883,
1143065.074,,56.543,45.523,
1143165.073,,56.408,43.847,
1143265.071,,56.205,42.584,
1143365.062,,56.360,42.292,
1143465.061,,56.310,42.024,
1143565.061,,56.324,42.938,
1143665.057,,56.267,44.141,
1143765.053,,56.394,44.260,
1143865.047,,56.295,44.847,
1143965.044,,56.250,44.234,
1144065.043,,56.400,43.665,
1144165.040,,56.421,44.023,
1144265.036,,56.371,44.464,
1144365.031,,56.528,43.492,
1144465.029,,56.563,42.571,
1144565.024,,56.537,42.417,
1144665.019,,56.586,43.180,
1144765.011,,56.672,42.976,
1144865.011,,56.575,42.346,
1144965.006,,56.543,41.954,
1145065.001,,56.596,41.898,
1145165.000,,56.488,42.277,
1145264.997,,56.475,42.473,
1145364.988,,56.393,43.226,
1145464.988,,56.339,44.966,
1145564.983,,56.376,45.920,
1145664.974,,56.388,45.008,
1145764.975,,56.370,44.285,
1145864.972,,56.319,43.331,
1145964.964,,56.301,42.165,
1146064.962,,56.342,42.000,
1146164.955,,56.423,41.873,
1146264.952,,56.374,42.492,
1146364.952,,56.481,42.053,
1146464.947,,56.289,41.685,
1146564.940,,56.357,41.808,
1146664.937,,56.385,42.341,
1146764.933,,56.347,42.731,
1146864.928,,56.270,43.936,
1146964.924,,56.274,42.983,
1147064.925,,55.848,42.806,
1147164.918,,56.104,43.028,
1147264.910,,56.220,43.688,
1147364.912,,56.156,44.607,
1147464.906,,56.226,45.287,
1147564.904,,56.021,47.254,
1147664.900,,56.048,47.482,
1147764.895,,56.267,47.444,
1147864.887,,56.222,47.166,
1147964.884,,56.511,48.893,
1148064.879,,56.387,48.963,
1148164.880,,56.284,48.868,
1148264.876,,56.119,48.799,
1148364.867,,56.184,47.316,
1148464.867,,56.215,47.450,
1148564.859,,56.141,45.215,
1148664.857,,56.112,43.566,
1148764.851,,56.114,43.147,
1148864.847,,56.162,42.306,
1148964.846,,56.143,42.793,
1149064.838,,56.177,42.821,
1149164.834,,56.218,42.610,
1149264.833,,56.210,42.861,
1149364.827,,56.228,44.359,
1149464.823,,56.223,44.691,
1149564.823,,56.214,45.110,
1149664.814,,56.057,44.361,
1149764.816,,56.088,43.045,
1149864.812,,56.092,43.197,
1149964.807,,56.056,43.513,
1150064.802,,56.010,43.163,
1150164.797,,56.200,42.592,
1150264.794,,56.094,42.280,
1150364.790,,56.203,41.654,
1150464.789,,56.106,42.087,
1150564.784,,56.174,42.608,
1150664.775,,56.408,43.767,
1150764.775,,56.340,43.082,
1150864.770,,56.113,42.445,
1150964.763,,56.206,42.589,
1151064.765,,56.269,42.390,
1151164.756,,56.350,41.998,
1151264.751,,56.119,42.485,
1151364.752,,56.099,42.983,
1151464.743,,56.251,43.880,
1151564.741,,56.254,44.478,
1151664.736,,56.071,43.592,
1151764.730,,56.134,42.749,
1151864.732,,56.110,42.335,
1151964.725,,56.048,41.961,
1152064.726,,56.207,42.279,
1152164.723,,56.273,42.636,
1152264.715,,56.408,42.482,
1152364.716,,56.477,42.851,
1152464.711,,56.420,42.866,
1152564.713,,56.367,42.620,
1152664.707,,56.324,43.727,
1152764.706,,56.411,43.149,
1152864.703,,56.283,43.110,
1152964.701,,56.405,42.663,
1153064.698,,56.468,43.528,
1153164.693,,56.429,43.958,
1153264.689,,56.423,43.363,
1153364.688,,56.403,43.029,
1153464.683,,56.351,42.647,
1153564.681,,56.335,43.317,
1153664.677,,56.104,43.430,
1153764.678,,56.331,44.223,
1153864.672,,56.295,44.161,
1153964.666,,56.294,43.230,
1154064.666,,56.591,42.963,
1154164.662,,56.508,43.055,
1154264.663,,56.354,43.388,
1154364.654,,56.494,43.076,
1154464.656,,56.359,43.598,
1154564.653,,56.137,45.189,
1154664.650,,56.151,45.459,
1154764.649,,56.192,46.574,
1154864.638,,56.074,47.256,
1154964.641,,56.140,46.748,
1155064.638,,56.092,46.603,
1155164.632,,56.304,45.149,
1155264.635,,56.352,45.756,
1155364.631,,56.347,45.806,
1155464.627,,56.427,45.938,
1155564.623,,56.466,44.901,
1155664.619,,56.272,44.872,
1155764.614,,56.292,45.458,
1155864.614,,56.318,44.446,
1155964.610,,56.248,43.829,
1156064.611,,56.409,42.920,
1156164.608,,56.398,42.255,
1156264.602,,56.429,42.443,
1156364.601,,56.225,43.601,
1156464.599,,56.191,43.462,
1156564.595,,56.216,43.852,
1156664.589,,56.250,44.715,
1156764.589,,56.211,44.196,
1156864.587,,56.318,44.379,
1156964.584,,56.135,45.967,
1157064.579,,56.268,47.813,
1157164.577,,56.296,46.831,
1157264.577,,56.671,46.063,
1157364.569,,56.603,44.625,
1157464.570,,56.422,43.434,
1157564.563,,56.294,42.905,
1157664.565,,56.261,43.958,
1157764.559,,56.180,44.750,
1157864.560,,56.226,44.786,
1157964.553,,56.318,43.776,
1158064.553,,56.299,44.343,
1158164.551,,56.344,44.480,
1158264.544,,56.390,44.261,
1158364.540,,56.420,43.536,
1158464.539,,56.449,43.858,
1158564.538,,56.389,44.557,
1158664.533,,56.472,44.260,
1158764.529,,56.514,44.202,
1158864.530,,56.526,45.119,
1158964.524,,56.555,45.574,
1159064.523,,56.571,44.847,
1159164.523,,56.584,44.834,
1159264.517,,56.670,45.480,
1159364.515,,56.465,45.387,
1159464.510,,56.432,45.226,
1159564.511,,56.373,44.757,
1159664.508,,56.225,44.809,
1159764.502,,56.203,44.570,
1159864.501,,56.231,44.714,
1159964.495,,56.186,44.495,
1160064.495,,56.194,44.951,
1160164.493,,56.289,45.237,
1160264.485,,56.260,45.122,
1160364.483,,56.422,45.017,
1160464.482,,56.321,43.857,
1160564.479,,56.314,43.140,
1160664.475,,56.297,42.923,
1160764.473,,56.524,43.088,
1160864.466,,56.379,43.711,
1160964.464,,56.354,43.903,
1161064.458,,56.375,43.601,
1161164.456,,56.457,44.580,
1161264.455,,56.414,45.119,
1161364.449,,56.358,45.366,
1161464.446,,56.381,46.700,
1161564.440,,56.284,44.882,
1161664.439,,56.289,43.214,
1161764.434,,56.234,42.849,
1161864.432,,56.365,43.234,
1161964.426,,56.193,43.638,
1162064.428,,56.303,43.543,
1162164.422,,56.262,44.428,
1162264.417,,56.236,46.126,
1162364.413,,56.312,45.723,
1162464.411,,56.258,46.445,
1162564.406,,56.310,45.922,
1162664.405,,56.282,45.281,
1162764.400,,56.336,44.759,
1162864.401,,56.191,44.680,
1162964.398,,56.218,44.232,
1163064.394,,56.241,44.800,
1163164.391,,56.323,44.248,
1163264.386,,56.091,43.837,
1163364.379,,56.151,42.865,
1163464.377,,56.161,42.946,
1163564.373,,56.011,43.135,
1163664.374,,56.131,43.510,
1163764.368,,56.196,43.878,
1163864.361,,56.217,47.851,
1163964.363,,56.283,47.562,
1164064.358,,56.321,45.877,
1164164.356,,56.307,44.159,
1164264.354,,56.475,43.061,
1164364.344,,56.470,42.910,
1164464.344,,56.510,43.381,
1164564.338,,56.477,42.749,
1164664.337,,56.452,42.923,
1164764.336,,56.470,42.887,
1164864.331,,56.400,42.937,
1164964.327,,56.400,42.795,
1165064.324,,56.445,43.172,
1165164.322,,56.500,43.935,
1165264.317,,56.394,43.018,
1165364.312,,56.364,42.471,
1165464.311,,56.353,42.336,
1165564.309,,56.350,42.407,
1165664.303,,56.427,42.462,
1165764.298,,56.398,43.786,
1165864.298,,56.339,44.219,
1165964.294,,56.332,44.504,
1166064.286,,56.183,44.098,
1166164.289,,56.283,43.830,
1166264.282,,56.200,42.636,
1166364.281,,56.193,42.208,
1166464.276,,56.209,42.353,
1166564.276,,56.199,43.352,
1166664.267,,56.078,43.808,
1166764.268,,56.056,43.850,
1166864.262,,56.056,44.259,
1166964.259,,55.956,44.377,
1167064.254,,56.046,43.317,
1167164.250,,56.066,42.678,
1167264.246,,56.252,42.481,
1167364.245,,56.392,42.743,
1167464.244,,56.136,42.900,
1167564.239,,56.241,43.786,
1167664.234,,56.159,44.036,
1167764.230,,56.250,43.936,
1167864.230,,56.239,44.129,
1167964.228,,56.273,44.310,
1168064.221,,56.279,43.701,
1168164.221,,56.281,43.299,
1168264.220,,56.326,43.169,
1168364.218,,56.310,43.010,
1168464.216,,56.384,42.358,
1168564.216,,56.361,41.919,
1168664.210,,56.297,43.563,
1168764.206,,56.239,43.907,
1168864.204,,56.252,44.624,
1168964.203,,56.446,44.467,
1169064.199,,56.302,43.106,
1169164.202,,56.258,43.043,
1169264.201,,56.218,43.929,
1169364.199,,56.163,44.906,
1169464.192,,56.156,45.416,
1169564.190,,56.264,45.487,
1169664.190,,56.123,44.190,
1169764.189,,56.160,43.464,
1169864.188,,56.180,43.187,
1169964.179,,56.146,44.143,
1170064.183,,56.279,43.611,
1170164.181,,56.156,45.394,
1170264.175,,56.092,44.096,
1170364.175,,56.244,42.901,
1170464.172,,56.241,43.194,
1170564.171,,56.411,43.425,
1170664.171,,56.361,42.463,
1170764.164,,56.412,42.119,
1170864.164,,56.287,42.589,
1170964.160,,56.336,43.035,
1171064.157,,56.408,43.493,
1171164.159,,56.409,42.403,
1171264.157,,56.445,41.689,
1171364.152,,56.545,41.678,
1171464.132,,56.491,41.894,
1171564.147,,56.394,43.003,
1171664.144,,56.529,43.604,
1171764.146,,56.473,44.601,
1171864.143,,56.252,44.854,
1171964.142,,56.467,45.440,
1172064.134,,56.482,45.156,
1172164.137,,56.589,43.417,
1172264.130,,56.652,42.424,
1172364.131,,56.529,42.882,
1172464.127,,56.472,43.220,
1172564.127,,56.363,43.457,
1172664.121,,56.344,44.789,
1172764.118,,56.352,46.601,
1172864.120,,56.347,48.152,
1172964.117,,56.186,47.935,
1173064.113,,56.243,46.803,
1173164.116,Input1*2*0,56.246,45.283,
1173264.112,Input1*2*1,56.223,44.298,
1173364.111,,56.288,43.773,
1173464.108,,56.293,45.140,
1173564.102,,56.376,48.381,
1173664.105,,56.238,47.423,
1173764.099,,56.276,46.077,
1173864.095,,56.344,44.468,
1173964.098,,56.429,43.205,
1174064.091,,56.367,42.695,
1174164.091,,56.484,42.092,
1174264.087,,56.527,42.520,
1174364.084,,56.467,42.463,
1174464.082,,56.475,42.590,
1174564.082,,56.471,42.659,
1174664.078,,56.421,43.179,
1174764.080,,56.479,42.915,
1174864.080,,56.501,42.688,
1174964.077,,56.420,41.790,
1175064.074,,56.335,41.210,
1175164.071,,56.270,41.472,
1175264.069,,56.171,42.466,
1175364.065,,56.162,42.872,
1175464.061,,56.329,42.258,
1175564.063,,56.327,41.287,
1175664.056,,56.263,41.271,
1175764.056,,56.266,41.778,
1175864.057,,56.190,42.839,
1175964.054,,56.176,43.498,
1176064.047,,56.197,42.530,
1176164.043,,56.261,41.623,
1176264.038,,56.139,41.768,
1176364.041,,56.293,42.092,
1176464.031,,56.407,42.682,
1176564.031,,56.310,43.369,
1176664.026,,56.310,44.862,
1176764.028,,56.387,44.697,
1176864.023,,56.442,44.066,
1176964.016,,56.348,44.566,
1177064.013,,56.407,45.593,
1177164.011,,56.537,44.888,
1177264.010,,56.494,44.711,
1177364.006,,56.365,44.265,
1177464.001,,56.323,44.405,
1177564.001,,56.308,44.290,
1177663.998,,56.378,44.393,
1177763.991,,56.335,43.864,
1177863.985,,56.217,43.282,
1177963.984,,56.233,42.682,
1178063.981,,56.046,41.854,
1178163.978,,56.270,41.394,
1178263.975,,56.398,41.023,
1178363.972,,56.318,41.078,
1178463.966,,56.382,41.866,
1178563.968,,56.413,42.996,
1178663.960,,56.290,43.158,
1178763.956,,56.234,42.656,
1178863.956,,56.200,42.746,
1178963.953,,56.205,43.561,
1179063.946,,56.365,44.812,
1179163.945,,56.013,45.967,
1179263.942,,56.130,44.833,
1179363.941,,55.979,44.163,
1179463.939,,56.080,43.516,
1179563.934,,56.096,43.366,
1179663.927,,56.297,42.627,
1179763.928,,56.266,42.692,
1179863.919,,56.383,42.430,
1179963.916,,56.567,42.140,
1180063.915,,56.584,41.931,
1180163.916,,56.472,41.875,
1180263.910,,56.649,43.008,
1180363.904,,56.441,43.812,
1180463.906,,56.490,43.312,
1180563.901,,56.342,44.434,
1180663.894,,56.201,45.502,
1180763.893,,56.216,47.058,
1180863.893,,56.102,46.610,
1180963.887,,56.045,46.529,
1181063.885,,56.091,45.648,
1181163.878,,56.130,45.142,
1181263.873,,56.031,44.087,
1181363.872,,56.181,43.520,
1181463.867,,56.008,42.809,
1181563.869,,56.097,42.912,
1181663.863,,56.157,43.496,
1181763.861,,56.081,43.169,
1181863.860,,56.152,42.352,
1181963.852,,56.233,42.331,
1182063.848,,56.421,43.715,
1182163.848,,56.273,44.472,
1182263.847,,56.304,44.477,
1182363.843,,56.345,44.395,
1182463.838,,56.291,45.668,
1182563.833,,56.199,46.331,
1182663.831,,56.298,46.410,
1182763.829,,56.405,45.125,
1182863.825,,56.351,45.890,
1182963.820,,56.292,47.597,
1183063.819,,56.202,47.172,
1183163.814,,56.215,45.882,
1183263.809,,56.401,44.223,
1183363.804,,56.366,42.799,
1183463.802,,56.314,41.985,
1183563.798,,56.199,42.111,
1183663.795,,56.164,43.578,
1183763.797,,56.105,44.371,
1183863.790,,56.165,43.397,
1183963.788,,56.159,43.607,
1184063.786,,56.299,43.700,
1184163.777,,56.371,45.437,
1184263.778,,56.563,45.421,
1184363.774,,56.519,45.310,
1184463.770,,56.533,46.504,
1184563.769,,56.325,46.574,
1184663.761,,56.330,46.540,
1184763.760,,56.225,46.992,
1184863.757,,56.302,46.309,
1184963.750,,56.322,45.004,
1185063.752,,56.377,44.231,
1185163.747,,56.233,44.162,
1185263.746,,56.167,43.750,
1185363.738,,56.133,44.636,
1185463.739,,56.262,46.380,
1185563.730,,56.286,45.914,
1185663.730,,56.604,47.717,
1185763.727,,56.564,48.039,
1185863.724,,56.752,47.936,
1185963.716,,56.778,46.278,
1186063.716,,56.812,44.453,
1186163.711,,56.705,43.219,
1186263.711,,56.734,42.527,
1186363.707,,56.665,41.736,
1186463.700,,56.559,41.441,
1186563.698,,56.318,41.583,
1186663.692,,56.208,42.137,
1186763.692,,56.148,42.502,
1186863.687,,56.303,42.489,
1186963.686,,56.148,43.087,
1187063.681,,56.256,43.163,
1187163.674,,56.193,43.023,
1187263.671,,56.238,43.859,
1187363.668,,56.140,43.120,
1187463.669,,56.148,42.586,
1187563.662,,56.280,42.273,
1187663.658,,56.419,42.877,
1187763.657,,56.285,43.119,
1187863.650,,56.023,43.990,
1187963.650,,56.398,44.603,
1188063.644,,56.065,44.399,
1188163.643,,56.140,43.394,
1188263.639,,56.088,42.055,
1188363.639,,56.202,41.582,
1188463.633,,56.323,41.824,
1188563.630,,56.335,44.021,
1188663.626,,56.205,45.614,
1188763.623,,56.262,46.811,
1188863.619,,56.227,46.558,
1188963.613,,56.133,44.880,
1189063.608,,56.298,43.671,
1189163.608,,56.235,43.036,
1189263.601,,56.317,43.348,
1189363.603,,56.211,44.109,
1189463.600,,56.100,45.905,
1189563.591,,55.975,44.069,
1189663.592,,56.098,42.919,
1189763.585,,56.133,42.589,
1189863.583,,56.477,42.324,
1189963.581,,56.250,41.669,
1190063.574,,56.427,42.589,
1190163.575,,56.124,43.470,
1190263.571,,56.106,44.298,
1190363.565,,56.299,44.531,
1190463.560,,56.265,43.273,
1190563.562,,56.223,42.322,
1190663.558,,56.321,42.107,
1190763.554,,56.296,42.214,
1190863.552,,56.293,43.644,
1190963.549,,56.264,43.476,
1191063.540,,56.241,43.253,
1191163.538,,56.089,43.074,
1191263.536,,56.090,42.457,
1191363.535,,56.213,42.244,
1191463.529,,56.101,42.145,
1191563.526,,56.159,42.105,
1191663.522,,56.258,42.888,
1191763.515,,56.014,43.270,
1191863.517,,56.058,43.977,
1191963.508,,56.136,43.806,
1192063.505,,56.214,43.412,
1192163.507,,56.326,43.744,
1192263.501,,56.214,43.113,
1192363.494,,56.224,42.754,
1192463.495,,56.249,43.581,
1192563.491,,56.319,44.245,
1192663.487,,56.322,44.265,
1192763.483,,56.525,44.792,
1192863.482,,56.376,43.957,
1192963.480,,56.448,43.569,
1193063.472,,56.607,42.975,
1193163.470,,56.756,43.142,
1193263.464,,56.771,44.084,
1193363.463,,56.836,44.056,
1193463.462,,56.583,42.996,
1193563.453,,56.453,42.767,
1193663.452,,56.630,43.195,
1193763.450,,56.673,44.903,
1193863.447,,56.395,44.775,
1193963.443,,56.593,46.335,
1194063.437,,56.597,44.697,
1194163.432,,56.404,43.786,
1194263.428,,56.402,43.712,
1194363.429,,56.289,43.833,
1194463.423,,56.388,44.133,
1194563.421,,56.392,44.193,
1194663.418,,56.302,43.033,
1194763.414,,56.288,42.494,
1194863.411,,56.377,42.056,
1194963.409,,56.456,42.785,
1195063.406,,56.389,43.062,
1195163.403,,56.356,42.390,
1195263.397,,56.498,44.094,
1195363.393,,56.430,44.210,
1195463.391,,56.342,43.417,
1195563.388,,56.300,44.028,
1195663.380,,56.352,44.526,
1195763.376,,56.262,44.807,
1195863.378,,56.406,45.711,
1195963.371,,56.393,46.371,
1196063.372,,56.427,46.348,
1196163.365,,56.238,47.056,
1196263.360,,56.151,47.339,
1196363.361,,56.215,46.404,
1196463.356,,56.219,45.499,
1196563.354,,55.915,43.998,
1196663.350,,55.918,43.410,
1196763.344,,56.043,43.257,
1196863.339,,55.960,43.008,
1196963.335,,55.963,43.476,
1197063.338,,56.003,43.871,
1197163.330,,56.277,45.086,
1197263.326,,56.384,45.474,
1197363.324,,56.431,45.782,
1197463.320,,56.369,44.997,
1197563.316,,56.188,44.975,
1197663.312,,56.491,45.057,
1197763.313,,56.499,44.990,
1197863.308,,56.436,45.167,
1197963.307,,56.393,44.385,
1198063.303,,56.325,50.926,
1198163.294,,56.240,49.545,
1198263.296,,56.241,47.120,
1198363.290,,56.226,46.000,
1198463.286,,56.397,45.113,
1198563.280,,56.375,44.056,
1198663.282,,56.303,43.680,
1198763.279,,56.358,43.726,
1198863.273,,56.424,43.253,
1198963.267,,56.475,44.035,
1199063.266,,56.472,43.848,
1199163.264,,56.393,43.122,
1199263.260,,56.547,43.257,
1199363.256,,56.423,43.357,
1199463.252,,56.498,44.047,
1199563.246,,56.420,44.644,
1199663.245,,56.370,46.012,
1199763.243,,56.410,44.803,
1199863.239,,56.409,43.636,
1199963.234,,56.367,44.188,
1200063.232,,56.327,44.243,
1200163.229,,56.322,42.980,
1200263.229,,56.314,43.010,
1200363.230,,56.198,43.143,
1200463.229,,56.209,42.947,
1200563.224,,56.233,42.901,
1200663.222,,56.302,42.610,
1200763.216,,56.205,43.175,
1200863.217,,56.199,43.552,
1200963.215,,55.978,44.034,
1201063.210,,56.199,43.676,
1201163.213,,56.164,43.830,
1201263.212,,56.193,43.891,
1201363.206,,56.453,42.611,
1201463.202,,56.250,42.738,
1201563.200,,56.401,44.863,
1201663.200,,56.458,48.852,
1201763.198,,56.447,48.624,
1201863.200,,56.354,48.144,
1201963.192,,56.401,47.962,
1202063.195,,56.501,46.618,
1202163.191,,56.559,45.325,
1202263.189,,56.481,44.986,
1202363.184,,56.337,45.202,
1202463.187,,56.394,44.010,
1202563.179,,56.334,44.071,
1202663.177,,56.279,44.458,
1202763.178,,56.382,45.054,
1202863.173,,56.402,46.868,
1202963.175,,56.258,46.929,
1203063.171,,56.400,46.361,
1203163.166,,56.412,46.904,
1203263.167,,56.451,47.482,
1203363.164,,56.487,45.731,
1203463.161,,56.314,44.179,
1203563.163,,56.235,43.612,
1203663.156,,56.258,44.119,
1203763.157,,56.308,44.531,
1203863.153,,56.229,44.470,
1203963.153,,56.394,45.474,
1204063.154,,56.336,44.461,
1204163.149,,56.284,43.170,
1204263.145,,56.291,42.534,
1204363.144,,56.330,41.826,
1204463.140,,56.415,42.563,
1204563.138,,56.395,42.784,
1204663.136,,56.346,42.860,
1204763.138,,56.246,42.026,
1204863.136,,56.275,41.919,
1204963.134,,56.242,41.837,
1205063.128,,56.355,41.986,
1205163.132,,56.490,42.674,
1205263.127,,56.469,42.816,
1205363.125,,56.453,43.590,
1205463.121,,56.469,43.026,
1205563.121,,56.615,43.264,
1205663.120,,56.509,42.920,
1205763.118,,56.593,42.786,
1205863.115,,56.542,43.976,
1205963.112,,56.638,44.148,
1206063.109,,56.633,44.075,
1206163.110,,56.530,44.648,
1206263.107,,56.565,45.192,
1206363.101,,56.499,45.449,
1206463.099,,56.423,46.096,
1206563.102,,56.341,45.351,
1206663.096,,56.289,43.926,
1206763.098,,56.388,43.697,
1206863.094,,56.439,42.689,
1206963.088,,56.346,42.060,
1207063.091,,56.329,43.102,
1207163.089,,56.423,44.537,
1207263.085,,56.320,44.332,
1207363.081,,56.226,44.936,
1207463.083,,56.115,45.351,
1207563.080,,56.189,43.568,
1207663.075,,56.165,42.456,
1207763.076,,56.288,43.605,
1207863.072,,55.994,43.320,
1207963.068,,56.264,44.236,
1208063.066,,56.282,43.978,
1208163.055,,56.103,43.702,
1208263.051,,56.155,43.753,
1208363.046,,56.186,42.987,
1208463.042,,56.276,42.811,
1208563.041,,56.330,43.480,
1208663.035,,56.340,44.298,
1208763.027,,56.237,44.848,
1208863.021,,56.294,44.952,
1208963.020,,56.283,44.918,
1209063.014,,56.428,44.691,
1209163.006,,56.593,45.948,
1209263.005,,56.504,44.813,
1209363.002,,56.453,43.899,
1209462.997,,56.465,42.948,
1209562.992,,56.519,42.589,
1209662.984,,56.459,41.680,
1209762.981,,56.522,41.514,
1209862.975,,56.511,42.044,
1209962.966,,56.363,42.515,
1210062.965,,56.431,42.994,
1210162.957,,56.371,42.998,
1210262.952,,56.132,42.554,
1210362.950,,56.256,41.682,
1210462.946,,56.349,41.427,
1210562.939,,56.362,41.688,
1210662.937,,56.327,43.059,
1210762.933,,56.285,44.067,
1210862.929,,56.351,44.097,
1210962.918,,56.108,43.792,
1211062.916,,56.011,43.744,
1211162.908,,56.286,43.525,
1211262.909,,56.052,44.788,
1211362.904,,56.110,46.094,
1211462.894,,55.910,46.340,
1211562.894,,55.939,44.400,
1211662.889,,55.968,43.203,
1211762.879,,55.950,43.699,
1211862.874,,55.874,43.659,
1211962.873,,55.960,44.526,
1212062.868,,56.066,43.429,
1212162.865,,56.089,43.315,
1212262.853,,56.135,43.298,
1212362.850,,56.270,43.922,
1212462.847,,56.337,43.530,
1212562.844,,56.416,43.629,
1212662.836,,56.356,44.209,
1212762.829,,56.518,44.359,
1212862.830,,56.514,44.535,
1212962.821,,56.340,45.219,
1213062.816,,56.441,46.232,
1213162.809,,56.438,45.974,
1213262.804,,56.351,44.785,
1213362.800,,56.322,43.581,
1213462.795,,56.374,42.823,
1213562.795,,56.347,43.743,
1213662.788,,56.419,44.497,
1213762.783,,56.469,43.852,
1213862.781,,56.380,42.801,
1213962.775,,56.519,42.042,
1214062.766,,56.484,41.626,
1214162.766,,56.346,44.123,
1214262.762,,56.304,46.202,
1214362.751,,56.151,46.552,
1214462.747,,56.024,44.345,
1214562.744,,56.103,43.112,
1214662.740,,56.252,43.081,
1214762.734,,56.218,44.342,
1214862.731,,56.180,43.531,
1214962.721,,55.894,45.047,
1215062.719,,55.783,44.257,
1215162.716,,55.775,43.355,
1215262.709,,55.768,43.049,
1215362.702,,55.873,42.505,
1215462.700,,55.827,43.061,
1215562.693,,55.884,42.480,
1215662.691,,56.101,41.998,
1215762.685,,56.089,42.006,
1215862.681,,56.080,43.579,
1215962.679,,56.018,44.318,
1216062.679,,55.958,43.505,
1216162.672,,55.925,43.063,
1216262.671,,55.882,42.733,
1216362.672,,55.888,43.169,
1216462.667,,56.237,43.637,
1216562.663,,56.393,45.546,
1216662.667,,56.380,46.851,
1216762.663,,56.327,46.894,
1216862.657,,56.352,46.969,
1216962.660,,56.406,46.340,
1217062.653,,56.243,44.877,
1217162.650,,56.278,44.158,
1217262.653,,56.288,43.056,
1217362.652,,56.359,43.650,
1217462.646,,56.233,44.967,
1217562.642,,56.284,44.002,
1217662.644,,56.325,44.134,
1217762.642,,56.310,43.903,
1217862.640,,56.231,43.763,
1217962.634,,56.297,43.475,
1218062.637,,56.330,44.181,
1218162.634,,56.369,45.422,
1218262.629,,56.278,44.832,
1218362.629,,56.257,44.713,
1218462.629,,56.325,43.955,
1218562.627,,56.288,43.612,
1218662.621,,56.294,44.614,
1218762.621,,56.199,46.580,
1218862.621,,56.194,48.002,
1218962.620,,56.271,46.572,
1219062.618,,56.286,45.319,
1219162.615,,56.549,45.296,
1219262.610,,56.307,44.877,
1219362.606,,56.001,43.897,
1219462.607,,56.191,43.050,
1219562.604,,56.458,42.517,
1219662.603,,56.268,42.793,
1219762.602,,56.124,43.338,
1219862.598,,56.145,44.371,
1219962.599,,56.568,43.936,
1220062.592,,56.343,43.685,
1220162.595,,56.086,43.767,
1220262.588,,56.374,43.204,
1220362.590,,56.343,43.961,
1220462.583,,56.247,43.024,
1220562.586,,56.277,43.976,
1220662.585,,56.330,44.853,
1220762.578,,56.280,44.241,
1220862.576,,56.230,44.530,
1220962.577,,55.963,44.267,
1221062.573,,56.056,43.193,
1221162.568,,55.931,42.501,
1221262.567,,55.861,42.839,
1221362.565,,55.830,42.216,
1221462.567,,55.893,42.149,
1221562.561,,55.930,42.204,
1221662.563,,55.692,43.562,
1221762.561,,55.806,43.611,
1221862.561,,56.105,43.658,
1221962.555,,56.015,45.723,
1222062.550,,55.910,46.751,
1222162.554,,55.901,46.123,
1222262.547,,56.084,45.156,
1222362.544,,56.097,43.744,
1222462.548,,55.947,42.779,
1222562.546,,55.895,42.132,
1222662.540,,55.810,42.506,
1222762.536,,55.890,43.130,
1222862.539,,56.020,43.931,
1222962.534,,56.035,43.420,
1223062.532,,56.129,43.851,
1223162.530,,56.115,45.022,
1223262.526,,56.092,45.381,
1223362.524,,55.735,44.937,
1223462.523,,55.849,45.245,
1223562.526,,56.001,46.596,
1223662.522,,55.961,47.703,
1223762.520,,55.961,46.903,
1223862.517,,56.032,46.857,
1223962.510,,56.193,46.652,
1224062.513,,56.232,46.176,
1224162.506,,56.254,45.199,
1224262.500,,56.312,44.139,
1224362.501,,56.093,43.583,
1224462.494,,56.070,43.435,
1224562.491,,55.996,43.268,
1224662.488,,56.052,42.764,
1224762.486,,56.131,42.368,
1224862.480,,56.059,43.950,
1224962.474,,56.087,45.346,
1225062.473,,56.038,45.699,
1225162.471,,56.083,45.117,
1225262.468,,56.166,44.923,
1225362.463,,56.205,44.554,
1225462.460,,56.190,43.925,
1225562.455,,56.250,48.326,
1225662.454,,56.179,48.844,
1225762.447,,56.294,48.143,
1225862.442,,56.276,46.329,
1225962.444,,56.269,44.357,
1226062.440,,56.297,43.410,
1226162.437,,56.256,42.992,
1226262.428,,56.235,43.175,
1226362.429,,56.204,45.224,
1226462.426,,55.877,45.192,
1226562.420,,56.243,45.192,
1226662.415,,56.269,45.205,
1226762.411,,56.225,44.796,
1226862.410,,56.183,44.339,
1226962.405,,56.110,43.834,
1227062.404,,56.024,45.918,
1227162.398,,55.904,44.969,
1227262.394,,55.942,43.345,
1227362.390,,56.001,42.829,
1227462.391,,55.875,42.244,
1227562.382,,55.935,41.470,
1227662.382,,56.021,41.519,
1227762.377,,55.719,41.838,
1227862.376,,55.880,42.351,
1227962.368,,56.089,43.159,
1228062.367,,56.314,43.649,
1228162.363,,56.344,43.907,
1228262.360,,56.247,44.282,
1228362.355,,56.353,44.827,
1228462.354,,56.338,43.866,
1228562.352,,56.341,44.003,
1228662.343,,56.298,43.916,
1228762.342,,56.336,43.785,
1228862.339,,56.359,44.084,
1228962.333,,56.250,43.995,
1229062.331,,56.230,44.162,
1229162.327,,56.400,45.061,
1229262.327,,56.201,44.162,
1229362.321,,56.193,43.064,
1229462.320,,56.155,42.476,
1229562.312,,56.127,42.475,
1229662.312,,56.110,41.667,
1229762.303,,56.029,41.784,
1229862.301,,56.116,44.089,
1229962.296,,56.076,44.073,
1230062.295,,56.141,43.934,
1230162.295,,56.069,44.385,
1230262.290,,56.075,44.642,
1230362.284,,56.099,45.992,
1230462.283,,56.019,45.831,
1230562.278,,56.044,46.408,
1230662.275,,56.163,47.447,
1230762.272,,56.102,45.733,
1230862.264,,56.139,44.466,
1230962.260,,56.163,43.080,
1231062.261,,56.006,43.130,
1231162.257,,55.949,43.532,
1231262.253,,56.135,43.122,
1231362.250,,56.156,42.341,
1231462.243,,55.839,42.079,
1231562.240,,56.127,42.497,
1231662.237,,56.124,43.138,
1231762.231,,55.828,45.235,
1231862.233,,55.775,46.936,
1231962.232,,55.873,46.335,
1232062.229,,55.943,45.972,
1232162.224,,55.946,45.089,
1232262.219,,55.985,44.010,
1232362.221,,55.842,43.174,
1232462.218,,56.005,44.273,
1232562.215,,56.154,46.745,
1232662.213,,56.087,48.403,
1232762.207,,56.008,47.381,
1232862.210,,56.066,47.856,
1232962.202,,55.974,46.558,
1233062.204,,56.093,46.205,
1233162.201,,56.088,45.938,
1233262.196,,55.817,46.522,
1233362.191,,55.942,48.657,
1233462.193,,55.912,48.419,
1233562.192,,55.995,48.255,
1233662.183,,55.832,47.928,
1233762.180,,55.640,48.495,
1233862.183,,55.809,49.812,
1233962.175,,55.504,47.945,
1234062.178,,55.879,48.096,
1234162.174,,56.077,48.982,
1234262.167,,56.219,46.936,
1234362.168,,55.819,45.720,
1234462.168,,55.948,45.137,
1234562.166,,56.008,44.202,
1234662.164,,55.785,43.774,
1234762.158,,56.014,43.241,
1234862.154,,55.857,43.320,
1234962.154,,56.017,43.354,
1235062.153,,55.890,43.063,
1235162.149,,55.864,43.265,
1235262.147,,55.748,43.585,
1235362.144,,55.903,43.051,
1235462.140,,55.978,43.272,
1235562.141,,55.878,43.349,
1235662.134,,56.039,42.727,
1235762.136,,56.074,42.033,
1235862.132,,56.045,42.061,
1235962.131,,56.149,42.206,
1236062.128,,56.246,43.777,
1236162.121,,56.182,44.814,
1236262.123,,56.205,44.276,
1236362.117,,56.398,45.300,
1236462.114,,56.033,44.476,
1236562.110,,55.990,43.304,
1236662.113,,55.974,43.239,
1236762.109,,56.138,42.371,
1236862.106,,56.014,42.483,
1236962.100,,55.967,42.317,
1237062.101,,56.136,42.947,
1237162.098,,56.019,43.845,
1237262.093,,56.012,44.649,
1237362.092,,56.038,45.360,
1237462.090,,56.021,44.624,
1237562.091,,55.968,44.353,
1237662.085,,55.938,43.780,
1237762.080,,56.029,43.797,
1237862.077,,55.985,44.830,
1237962.077,,55.945,44.780,
1238062.076,,55.927,44.959,
1238162.070,,55.977,44.219,
1238262.068,,55.607,42.578,
1238362.064,,55.890,41.642,
1238462.062,,55.931,41.435,
1238562.061,,56.001,42.149,
1238662.057,,55.947,44.112,
1238762.056,,55.941,45.964,
1238862.056,,55.981,47.608,
1238962.051,,56.099,47.394,
1239062.047,,56.069,46.050,
1239162.045,,56.086,44.961,
1239262.048,,55.946,44.271,
1239362.043,,55.898,43.420,
1239462.040,,55.355,43.299,
1239562.040,,55.558,42.659,
1239662.038,,55.577,42.998,
1239762.033,,55.590,43.699,
1239862.030,,55.372,43.331,
1239962.030,,55.689,43.677,
1240062.023,,55.750,43.183,
1240162.017,,55.778,42.332,
1240262.016,,55.553,42.461,
1240362.012,,55.673,44.341,
1240462.007,,56.090,45.217,
1240562.003,,55.900,44.960,
1240662.005,,55.882,45.612,
1240762.000,,55.724,46.291,
1240861.997,,55.830,44.591,
1240961.995,,55.940,44.150,
1241061.989,,55.866,45.353,
1241161.987,,55.925,46.047,
1241261.984,,55.956,44.714,
1241361.979,,55.896,44.340,
1241461.978,,55.790,42.957,
1241561.969,,55.934,42.206,
1241661.969,,55.796,42.166,
1241761.963,,55.912,41.404,
1241861.963,,56.205,41.344,
1241961.960,,55.891,42.883,
1242061.955,,55.810,44.235,
1242161.952,,56.000,43.792,
1242261.952,,55.719,42.737,
1242361.947,,55.336,43.559,
1242461.942,,55.506,44.694,
1242561.938,,55.925,43.399,
1242661.937,,55.925,42.755,
1242761.928,,55.868,41.791,
1242861.927,,55.778,40.988,
1242961.926,,55.426,41.253,
1243061.922,,55.544,43.726,
1243161.916,,55.737,44.851,
1243261.912,,55.925,45.201,
1243361.914,,55.791,44.534,
1243461.911,,55.940,43.700,
1243561.906,,55.972,43.708,
1243661.899,,56.097,43.856,
1243761.896,,55.911,44.183,
1243861.897,,55.464,43.841,
1243961.892,,55.575,43.654,
1244061.886,,55.461,46.096,
1244161.884,,55.439,48.212,
1244261.884,,55.547,49.458,
1244361.875,,55.345,49.341,
1244461.873,,55.446,47.227,
1244561.871,,55.473,44.853,
1244661.869,,55.407,43.893,
1244761.867,,55.357,44.445,
1244861.858,,55.144,43.842,
1244961.858,,54.914,42.797,
1245061.854,,55.050,42.851,
1245161.849,,55.116,42.824,
1245261.847,,54.892,42.051,
1245361.844,,55.188,41.893,
1245461.841,,55.452,41.454,
1245561.839,,55.701,41.166,
1245661.835,,55.667,41.563,
1245761.829,,55.809,41.429,
1245861.823,,55.815,42.375,
1245961.823,,55.809,43.029,
1246061.820,,55.861,43.599,
1246161.813,,55.563,44.562,
1246261.816,,55.670,44.538,
1246361.809,,55.563,44.488,
1246461.803,,55.548,44.049,
1246561.800,,55.589,42.988,
1246661.800,,55.663,42.634,
1246761.795,,55.793,43.515,
1246861.795,,55.747,42.430,
1246961.792,,55.588,41.683,
1247061.784,,55.373,42.152,
1247161.782,,55.581,42.161,
1247261.776,,55.597,42.474,
1247361.776,,55.413,44.156,
1247461.774,,55.605,45.696,
1247561.768,,55.690,45.106,
1247661.764,,55.669,44.566,
1247761.763,,55.743,44.559,
1247861.760,,55.855,43.651,
1247961.753,,55.836,42.508,
1248061.756,,55.760,42.914,
1248161.747,,55.737,43.844,
1248261.750,,55.855,44.042,
1248361.748,,55.817,43.132,
1248461.741,,55.925,42.732,
1248561.738,,55.956,43.038,
1248661.735,,55.872,44.850,
1248761.737,,55.845,43.441,
1248861.731,,55.845,43.225,
1248961.730,,55.898,42.935,
1249061.725,,55.860,43.780,
1249161.726,,55.807,45.101,
1249261.718,,55.862,45.614,
1249361.721,,55.875,45.272,
1249461.718,,55.761,44.392,
1249561.714,,55.752,43.377,
1249661.708,,55.652,42.927,
1249761.710,,55.718,43.581,
1249861.706,,55.696,43.028,
1249961.705,,55.772,42.988,
1250061.696,,55.671,42.992,
1250161.693,,55.783,42.838,
1250261.690,,55.735,41.956,
1250361.691,,55.712,41.801,
1250461.690,,55.821,43.471,
1250561.682,,55.870,45.174,
1250661.684,,55.782,45.494,
1250761.678,,55.812,44.856,
1250861.676,,55.605,44.606,
1250961.677,,55.567,44.288,
1251061.673,,55.587,43.708,
1251161.670,,55.673,43.765,
1251261.667,,55.638,43.470,
1251361.665,,55.698,42.514,
1251461.660,,55.903,42.726,
1251561.661,,55.918,43.067,
1251661.655,,55.772,42.001,
1251761.653,,55.749,42.326,
1251861.647,,55.695,44.566,
1251961.645,,55.701,45.326,
1252061.647,,55.757,45.322,
1252161.640,,55.817,44.674,
1252261.641,,55.839,46.982,
1252361.633,,55.704,47.335,
1252461.631,,55.658,45.587,
1252561.633,,55.812,44.028,
1252661.625,,55.808,44.239,
1252761.623,,55.835,43.641,
1252861.623,,55.662,43.269,
1252961.617,,55.657,43.886,
1253061.614,,55.714,43.540,
1253161.614,,55.692,43.254,
1253261.610,,55.736,43.165,
1253361.611,,55.639,44.629,
1253461.606,,55.576,44.901,
1253561.607,,55.687,45.577,
1253661.602,,55.593,43.881,
1253761.598,,55.514,42.951,
1253861.595,,55.520,43.656,
1253961.592,,55.642,43.076,
1254061.587,,55.824,43.260,
1254161.589,,55.683,43.985,
1254261.587,,55.784,45.264,
1254361.583,,55.694,44.810,
1254461.581,,55.537,44.230,
1254561.573,,55.652,42.758,
1254661.572,,55.559,42.469,
1254761.572,,55.707,43.130,
1254861.571,,55.603,43.648,
1254961.566,,55.687,44.001,
1255061.559,,55.637,43.737,
1255161.561,,55.567,43.433,
1255261.559,,55.581,42.649,
1255361.555,,55.520,42.178,
1255461.553,,55.713,42.192,
1255561.552,,55.679,43.364,
1255661.546,,55.546,44.100,
1255761.546,,55.360,44.471,
1255861.542,,55.526,43.721,
1255961.537,,55.478,43.991,
1256061.532,,55.378,44.629,
1256161.530,,55.553,43.518,
1256261.528,,55.469,43.438,
1256361.525,,55.451,44.133,
1256461.526,,55.661,43.467,
1256561.525,,55.646,42.710,
1256661.518,,55.658,42.093,
1256761.514,,55.715,41.435,
1256861.513,,55.737,41.811,
1256961.512,,55.631,41.962,
1257061.510,,55.694,41.623,
1257161.507,,55.818,41.684,
1257261.503,,55.733,41.248,
1257361.502,,55.677,41.644,
1257461.495,,55.376,43.415,
1257561.492,,55.462,44.634,
1257661.495,,55.435,43.732,
1257761.487,,55.543,42.943,
1257861.491,,55.653,42.513,
1257961.485,,55.648,42.994,
1258061.482,,55.642,43.261,
1258161.482,,55.516,42.849,
1258261.478,,55.756,42.983,
1258361.478,,55.768,42.583,
1258461.472,,55.726,42.753,
1258561.469,,55.715,43.896,
1258661.469,,55.842,44.725,
1258761.462,,55.798,44.890,
1258861.460,,55.696,44.394,
1258961.461,,55.714,43.522,
1259061.457,,55.887,42.545,
1259161.451,,55.701,42.938,
1259261.447,,55.853,43.397,
1259361.446,,55.583,43.913,
1259461.446,,55.735,44.541,
1259561.443,,55.778,43.577,
1259661.440,,55.738,43.950,
1259761.434,,55.796,43.332,
1259861.436,,55.634,42.610,
1259961.432,,55.769,41.818,
1260061.426,,55.645,41.570,
1260161.428,,55.791,42.000,
1260261.421,,55.860,43.741,
1260361.421,,55.622,44.973,
1260461.416,,55.700,45.215,
1260561.417,,55.732,44.729,
1260661.412,,55.725,44.903,
1260761.408,,55.490,43.774,
1260861.407,,55.765,43.224,
1260961.405,,55.626,44.179,
1261061.401,,55.632,45.695,
1261161.400,,55.640,45.822,
1261261.399,,55.681,44.818,
1261361.397,,55.595,43.460,
1261461.390,,55.636,43.380,
1261561.388,,55.754,44.128,
1261661.389,,55.815,45.506,
1261761.381,,55.432,46.234,
1261861.380,,55.405,46.028,
1261961.379,,55.599,45.665,
1262061.373,,55.667,44.296,
1262161.374,,55.638,43.058,
1262261.372,,55.579,41.987,
1262361.365,,55.555,41.415,
1262461.365,,55.798,41.171,
1262561.364,,55.773,42.388,
1262661.360,,55.958,43.215,
1262761.358,,55.932,43.220,
1262861.357,,55.840,42.560,
1262961.355,,55.681,42.450,
1263061.350,,55.712,42.688,
1263161.344,,55.746,42.692,
1263261.342,,55.645,43.288,
1263361.343,,55.881,43.316,
1263461.342,,55.811,43.088,
1263561.334,,55.636,43.112,
1263661.335,,55.529,43.070,
1263761.329,,55.346,42.293,
1263861.328,,55.396,43.397,
1263961.322,,55.292,44.611,
1264061.322,,55.435,44.951,
1264161.316,,55.629,44.662,
1264261.313,,55.716,43.838,
1264361.314,,55.527,43.116,
1264461.308,,55.391,44.072,
1264561.304,,55.295,45.067,
1264661.302,,55.560,46.062,
1264761.303,,55.473,46.037,
1264861.296,,55.360,45.254,
1264961.292,,55.582,43.538,
1265061.288,,55.332,42.661,
1265161.289,,55.575,42.866,
1265261.288,,55.741,43.214,
1265361.280,,55.735,42.476,
1265461.279,,55.546,43.334,
1265561.278,,55.587,50.993,
1265661.275,,55.585,51.232,
1265761.269,,55.667,48.988,
1265861.266,,55.558,48.514,
1265961.261,,55.841,46.446,
1266061.261,,55.769,44.366,
1266161.256,,55.903,43.298,
1266261.252,,55.933,42.817,
1266361.252,,55.411,42.388,
1266461.246,,55.631,42.095,
1266561.246,,55.657,42.947,
1266661.243,,55.533,43.086,
1266761.239,,55.475,42.594,
1266861.235,,55.621,41.939,
1266961.234,,55.534,42.259,
1267061.229,,55.628,43.214,
1267161.226,,55.574,42.516,
1267261.222,,55.406,41.927,
1267361.216,,55.184,42.555,
1267461.215,,55.205,43.247,
1267561.216,,55.347,42.859,
1267661.212,,55.400,42.703,
1267761.209,,55.538,42.451,
1267861.204,,55.705,41.928,
1267961.203,,55.526,42.664,
1268061.199,,55.533,43.879,
1268161.193,,55.389,43.797,
1268261.191,,55.654,43.222,
1268361.188,,55.687,42.489,
1268461.188,,55.726,43.857,
1268561.185,,55.929,44.260,
1268661.177,,56.057,43.433,
1268761.175,,56.129,44.013,
1268861.174,,55.897,43.016,
1268961.172,,55.598,43.880,
1269061.163,,55.658,45.336,
1269161.161,,55.659,47.373,
1269261.156,,55.590,46.952,
1269361.160,,55.554,44.600,
1269461.155,,55.637,43.298,
1269561.149,,55.708,43.643,
1269661.144,,55.756,43.886,
1269761.145,,55.767,44.095,
1269861.143,,55.779,44.012,
1269961.136,,55.904,44.256,
1270061.132,,55.879,43.171,
1270161.130,,55.622,42.756,
1270261.131,,55.460,44.484,
1270361.124,,55.551,44.737,
1270461.119,,55.577,43.539,
1270561.120,,55.584,43.439,
1270661.115,,55.545,42.802,
1270761.112,,55.526,42.416,
1270861.108,,55.544,42.398,
1270961.107,,55.484,43.141,
1271061.106,,55.829,44.396,
1271161.102,,55.509,46.710,
1271261.100,,55.678,48.420,
1271361.094,,55.706,49.300,
1271461.092,,55.629,47.499,
1271561.086,,55.707,46.288,
1271661.088,,55.569,46.308,
1271761.084,,55.731,45.417,
1271861.080,,55.666,44.222,
1271961.075,,55.595,44.028,
1272061.074,,55.187,42.577,
1272161.070,,55.373,41.933,
1272261.070,,55.311,42.077,
1272361.062,,55.533,41.976,
1272461.063,,55.304,42.971,
1272561.058,,55.372,42.072,
1272661.056,,55.190,42.023,
1272761.052,,55.125,42.540,
1272861.052,,55.185,42.757,
1272961.050,,55.474,42.591,
1273061.045,,55.505,42.783,
1273161.041,,55.476,42.807,
1273261.037,,55.486,42.354,
1273361.036,,55.534,42.238,
1273461.033,,55.472,41.713,
1273561.033,,55.613,41.391,
1273661.031,,55.836,42.309,
1273761.025,,55.603,42.022,
1273861.023,,55.572,42.326,
1273961.019,,55.743,43.487,
1274061.015,,55.521,44.610,
1274161.015,,55.524,44.405,
1274261.011,,55.655,43.678,
1274361.010,,55.671,42.821,
1274461.006,,55.516,42.522,
1274561.003,,55.492,41.607,
1274661.001,,55.607,41.204,
1274761.000,,55.732,41.935,
1274860.996,,55.606,41.499,
1274960.994,,55.603,42.253,
1275060.989,,55.685,44.431,
1275160.987,,55.666,45.464,
1275260.985,,55.909,45.004,
1275360.983,,55.622,44.973,
1275460.981,,55.587,44.059,
1275560.974,,55.619,45.094,
1275660.973,,55.701,45.097,
1275760.972,,55.311,43.513,
1275860.968,,55.363,42.809,
1275960.963,,55.354,42.702,
1276060.958,,55.353,43.519,
1276160.957,,55.481,43.288,
1276260.958,,55.488,42.338,
1276360.953,,55.584,42.089,
1276460.949,,55.572,42.844,
1276560.944,,55.528,43.005,
1276660.945,,55.691,43.107,
1276760.942,,55.605,44.460,
1276860.937,,55.457,45.391,
1276960.931,,55.372,46.507,
1277060.933,,55.408,47.182,
1277160.926,,55.448,45.299,
1277260.928,,55.283,43.297,
1277360.920,,55.402,42.516,
1277460.923,,55.259,42.026,
1277560.919,,55.366,42.035,
1277660.913,,55.303,42.353,
1277760.910,,55.549,42.407,
1277860.910,,55.476,42.039,
1277960.905,,55.577,42.005,
1278060.904,,55.399,42.831,
1278160.902,,55.348,43.700,
1278260.896,,55.449,44.572,
1278360.896,,55.320,45.327,
1278460.892,,55.050,45.375,
1278560.888,,55.122,46.138,
1278660.884,,55.213,46.283,
1278760.885,,55.039,46.526,
1278860.882,,54.975,47.739,
1278960.879,,54.926,47.937,
1279060.874,,54.995,46.234,
1279160.873,,54.884,45.376,
1279260.868,,54.903,44.352,
1279360.868,,55.196,43.475,
1279460.864,,54.967,43.850,
1279560.863,,54.808,42.944,
1279660.857,,54.992,42.101,
1279760.852,,54.842,42.092,
1279860.854,,54.975,42.713,
1279960.848,,54.708,42.374,
1280060.851,,54.752,42.285,
1280160.844,,54.818,41.922,
1280260.842,,54.971,41.480,
1280360.841,,54.880,42.549,
1280460.839,,54.749,42.107,
1280560.840,,55.185,42.023,
1280660.837,,55.082,41.937,
1280760.837,,54.883,42.388,
1280860.832,,55.416,41.617,
1280960.830,,55.413,41.476,
1281060.828,,55.537,41.827,
1281160.826,,55.549,43.013,
1281260.820,,55.434,43.899,
1281360.821,,55.476,44.659,
1281460.820,,55.438,46.670,
1281560.819,,55.373,46.253,
1281660.814,,55.344,46.949,
1281760.813,,55.453,46.301,
1281860.812,,55.349,45.970,
1281960.806,,55.441,46.895,
1282060.805,,55.319,50.460,
1282160.806,,55.404,49.402,
1282260.801,,55.431,46.916,
1282360.798,,55.377,44.754,
1282460.802,,55.473,44.001,
1282560.799,,55.158,43.428,
1282660.797,,55.077,44.418,
1282760.789,,55.247,44.528,
1282860.792,,55.227,43.050,
1282960.788,,55.383,43.227,
1283060.786,,55.545,43.224,
1283160.784,,55.578,43.361,
1283260.779,,55.556,43.759,
1283360.777,,55.593,43.263,
1283460.776,,55.495,43.435,
1283560.772,,55.407,42.882,
1283660.772,,55.682,44.058,
1283760.774,,55.502,44.212,
1283860.769,,55.550,44.784,
1283960.770,,55.480,44.582,
1284060.767,,55.583,44.041,
1284160.760,,55.552,42.905,
1284260.761,,55.273,43.372,
1284360.758,,55.433,45.017,
1284460.755,,55.228,45.948,
1284560.751,,55.301,45.174,
1284660.749,,55.317,43.580,
1284760.750,,55.216,42.722,
1284860.750,,55.197,42.322,
1284960.748,,55.047,42.343,
1285060.742,,54.963,41.461,
1285160.739,,55.077,41.136,
1285260.743,,54.908,42.980,
1285360.736,,54.920,45.125,
1285460.738,,54.756,46.220,
1285560.735,,54.662,46.186,
1285660.731,,55.077,45.221,
1285760.729,,54.904,44.185,
1285860.729,,55.035,43.532,
1285960.728,,54.835,42.317,
1286060.725,,54.714,41.620,
1286160.721,,54.983,41.460,
1286260.719,,54.850,41.215,
1286360.719,,55.118,42.406,
1286460.717,,54.959,45.063,
1286560.712,,54.858,45.452,
1286660.712,,55.235,44.472,
1286760.705,,55.057,43.292,
1286860.705,,55.216,43.910,
1286960.702,,55.049,44.155,
1287060.703,,55.270,44.371,
1287160.699,,55.010,47.257,
1287260.700,,55.144,46.236,
1287360.693,,54.952,45.098,
1287460.693,,54.819,43.676,
1287560.690,,54.820,42.805,
1287660.688,,54.775,42.385,
1287760.685,,55.021,42.066,
1287860.688,,54.929,43.709,
1287960.681,,54.602,44.393,
1288060.677,,54.845,44.630,
1288160.674,,54.938,42.894,
1288260.670,,54.562,42.381,
1288360.664,,54.797,43.029,
1288460.659,,54.935,42.625,
1288560.653,,55.459,42.442,
1288660.649,,55.529,42.378,
1288760.646,,55.576,43.454,
1288860.638,,55.376,44.245,
1288960.639,,55.440,47.936,
1289060.632,,55.795,49.559,
1289160.624,,55.776,48.188,
1289260.621,,55.706,46.805,
1289360.618,,55.726,47.892,
1289460.611,,55.311,47.709,
1289560.609,,55.420,51.419,
1289660.607,,55.328,51.092,
1289760.602,,55.222,47.456,
1289860.596,,55.284,45.998,
1289960.588,,55.269,45.543,
1290060.584,,55.274,45.569,
1290160.580,,55.343,44.614,
1290260.575,,55.298,44.890,
1290360.575,,55.461,43.643,
1290460.567,,55.465,43.231,
1290560.564,,55.475,43.928,
1290660.560,,55.473,44.235,
1290760.555,,55.554,44.443,
1290860.552,,55.494,45.390,
1290960.547,,55.556,45.562,
1291060.543,,55.723,44.356,
1291160.536,,55.595,43.681,
1291260.532,,55.617,45.256,
1291360.533,,55.480,45.325,
1291460.524,,55.635,45.247,
1291560.522,,55.524,45.099,
1291660.514,,55.551,46.313,
1291760.514,,55.555,45.427,
1291860.509,,55.588,44.984,
1291960.500,,55.517,44.773,
1292060.500,,55.522,44.086,
1292160.497,,55.506,43.254,
1292260.490,,55.552,44.435,
1292360.484,,55.599,43.572,
1292460.482,,55.492,43.117,
1292560.475,,55.558,43.308,
1292660.469,,55.362,44.880,
1292760.471,,55.497,45.226,
1292860.464,,55.423,46.736,
1292960.459,,55.411,46.578,
1293060.452,,55.383,45.048,
1293160.449,,55.496,44.091,
1293260.444,Input1*2*0,55.450,44.315,
1293360.441,Input1*2*1,55.606,45.644,
1293460.440,,55.611,46.579,
1293560.434,,55.426,45.636,
1293660.430,,55.652,46.019,
1293760.423,,55.596,44.216,
1293860.417,,55.611,42.629,
1293960.416,,55.407,42.033,
1294060.410,,55.320,41.561,
1294160.405,,55.523,41.093,
1294260.399,,55.461,41.117,
1294360.399,,55.439,41.411,
1294460.391,,55.407,42.611,
1294560.385,,55.402,42.081,
1294660.380,,55.278,42.828,
1294760.381,,55.264,44.756,
1294860.378,,55.329,44.936,
1294960.368,,55.285,45.613,
1295060.363,,55.325,45.676,
1295160.359,,55.266,44.566,
1295260.359,,55.299,43.870,
1295360.349,,55.340,43.880,
1295460.350,,55.203,42.967,
1295560.343,,55.213,42.425,
1295660.336,,55.224,42.903,
1295760.332,,55.298,42.688,
1295860.327,,55.139,42.974,
1295960.331,,55.290,43.063,
1296060.324,,55.318,42.624,
1296160.318,,55.148,42.163,
1296260.320,,55.436,42.051,
1296360.314,,55.409,43.323,
1296460.310,,55.376,44.934,
1296560.307,,55.306,45.369,
1296660.310,,55.303,45.068,
1296760.307,,55.543,44.263,
1296860.301,,55.562,44.836,
1296960.297,,55.409,44.097,
1297060.294,,55.317,42.791,
1297160.297,,55.305,42.639,
1297260.289,,55.215,42.624,
1297360.286,,55.479,44.533,
1297460.283,,55.445,45.154,
1297560.283,,55.312,46.786,
1297660.282,,55.525,47.409,
1297760.279,,55.648,45.659,
1297860.271,,55.517,48.933,
1297960.271,,55.505,49.842,
1298060.267,,55.438,48.712,
1298160.262,,55.590,46.648,
1298260.265,,55.510,46.545,
1298360.256,,55.499,47.459,
1298460.255,,55.411,46.804,
1298560.257,,55.468,45.547,
1298660.249,,55.404,44.780,
1298760.251,,55.457,44.756,
1298860.244,,55.490,45.776,
1298960.244,,55.640,47.437,
1299060.236,,55.453,45.946,
1299160.235,,55.555,44.678,
1299260.233,,55.452,44.184,
1299360.228,,55.474,43.234,
1299460.229,,55.420,42.205,
1299560.226,,55.320,42.738,
1299660.226,,55.399,42.781,
1299760.222,,55.455,43.872,
1299860.215,,55.572,45.032,
1299960.214,,55.517,44.966,
1300060.214,,55.583,45.582,
1300160.209,,55.484,45.808,
1300260.204,,55.486,44.888,
1300360.204,,55.388,43.607,
1300460.199,,55.402,43.942,
1300560.199,,55.389,43.660,
1300660.197,,55.490,44.757,
1300760.193,,55.342,46.939,
1300860.187,,55.386,46.708,
1300960.188,,55.503,46.205,
1301060.180,,55.643,46.228,
1301160.181,,55.594,44.873,
1301260.181,,55.648,43.667,
1301360.173,,55.525,43.477,
1301460.174,,55.428,42.730,
1301560.169,,55.435,41.594,
1301660.166,,55.444,41.232,
1301760.167,,55.208,41.608,
1301860.159,,55.328,42.486,
1301960.158,,55.419,43.955,
1302060.152,,55.339,44.421,
1302160.153,,55.368,43.917,
1302260.152,,55.320,42.917,
1302360.150,,55.298,43.878,
1302460.143,,55.361,43.430,
1302560.142,,55.421,44.361,
1302660.137,,55.263,46.318,
1302760.136,,55.384,47.238,
1302860.135,,55.305,48.371,
1302960.128,,55.503,47.499,
1303060.130,,55.493,47.779,
1303160.123,,55.355,46.253,
1303260.123,,55.497,45.978,
1303360.118,,55.438,44.665,
1303460.112,,55.412,43.606,
1303560.114,,55.303,43.572,
1303660.111,,55.584,43.526,
1303760.107,,55.557,42.492,
1303860.102,,55.263,42.232,
1303960.102,,55.498,42.604,
1304060.101,,55.428,43.320,
1304160.096,,55.368,43.137,
1304260.093,,55.309,43.405,
1304360.086,,55.650,43.275,
1304460.086,,55.343,43.918,
1304560.083,,55.577,43.045,
1304660.078,,55.489,42.976,
1304760.074,,55.596,42.328,
1304860.074,,55.528,41.443,
1304960.069,,55.528,41.706,
1305060.066,,55.473,41.940,
1305160.059,,55.526,42.624,
1305260.061,,55.484,43.383,
1305360.051,,55.645,43.252,
1305460.048,,55.413,44.118,
1305560.049,,55.406,42.858,
1305660.044,,55.388,42.667,
1305760.044,,55.539,42.211,
1305860.037,,55.506,43.911,
1305960.034,,55.585,43.124,
1306060.029,,55.717,42.683,
1306160.031,,55.715,43.319,
1306260.023,,55.498,46.157,
1306360.018,,55.572,46.347,
1306460.019,,55.481,45.867,
1306560.015,,55.615,47.055,
1306660.010,,55.491,46.953,
1306760.008,,55.479,47.069,
1306860.006,,55.305,46.133,
1306959.999,,55.524,45.058,
1307059.994,,55.324,45.124,
1307159.994,,55.535,44.780,
1307259.994,,55.534,43.395,
1307359.989,,55.548,44.307,
1307459.985,,55.350,44.795,
1307559.982,,55.399,43.458,
1307659.974,,55.566,42.754,
1307759.976,,55.466,42.805,
1307859.968,,55.607,42.983,
1307959.966,,55.569,43.352,
1308059.964,,55.684,42.670,
1308159.964,,55.536,41.719,
1308259.956,,55.409,41.129,
1308359.951,,55.340,41.603,
1308459.953,,55.500,42.646,
1308559.948,,55.333,43.521,
1308659.946,,55.392,44.410,
1308759.944,,55.385,45.291,
1308859.937,,55.336,45.430,
1308959.936,,55.425,43.895,
1309059.930,,55.174,43.113,
1309159.925,,55.478,42.584,
1309259.926,,55.601,41.840,
1309359.919,,55.631,41.889,
1309459.917,,55.665,42.420,
1309559.914,,55.278,42.715,
1309659.909,,55.442,44.060,
1309759.908,,55.424,45.847,
1309859.907,,55.261,46.422,
1309959.900,,55.415,44.631,
1310059.900,,55.406,43.386,
1310159.891,,55.254,43.803,
1310259.889,,55.450,44.221,
1310359.890,,55.317,44.281,
1310459.885,,55.397,43.521,
1310559.881,,55.451,42.561,
1310659.879,,55.588,42.014,
1310759.874,,55.548,42.708,
1310859.873,,55.578,42.947,
1310959.865,,55.700,42.472,
1311059.865,,55.587,41.731,
1311159.862,,55.593,41.827,
1311259.858,,55.594,42.404,
1311359.852,,55.449,43.694,
1311459.852,,55.563,44.362,
1311559.845,,55.356,43.895,
1311659.846,,55.190,45.502,
1311759.841,,55.335,48.270,
1311859.835,,55.321,47.774,
1311959.832,,55.476,47.268,
1312059.831,,55.225,46.010,
1312159.827,,55.380,46.351,
1312259.822,,55.446,47.857,
1312359.821,,55.699,47.467,
1312459.819,,55.664,46.245,
1312559.812,,55.570,47.700,
1312659.808,,55.546,47.219,
1312759.805,,55.380,45.338,
1312859.801,,55.378,44.931,
1312959.797,,55.474,43.821,
1313059.793,,55.422,42.679,
1313159.795,,55.393,42.232,
1313259.788,,55.380,41.543,
1313359.787,,55.458,41.118,
1313459.784,,55.373,40.744,
1313559.776,,55.447,41.282,
1313659.775,,55.423,42.050,
1313759.769,,55.266,41.645,
1313859.769,,55.359,41.553,
1313959.761,,55.342,43.106,
1314059.759,,55.273,46.750,
1314159.754,,55.373,47.081,
1314259.756,,55.344,46.871,
1314359.746,,55.391,45.420,
1314459.748,,55.464,44.718,
1314559.744,,55.479,45.170,
1314659.740,,55.484,44.495,
1314759.732,,55.488,44.803,
1314859.731,,55.522,43.694,
1314959.728,,55.387,43.648,
1315059.729,,55.371,43.140,
1315159.725,,55.381,42.322,
1315259.715,,55.427,42.307,
1315359.716,,55.379,42.900,
1315459.713,,55.457,42.051,
1315559.710,,55.265,42.059,
1315659.706,,55.350,42.011,
1315759.697,,55.398,42.398,
1315859.694,,55.515,43.165,
1315959.695,,55.388,42.240,
1316059.690,,55.602,41.825,
1316159.684,,55.656,42.473,
1316259.681,,55.544,41.745,
1316359.677,,55.443,41.105,
1316459.677,,55.522,41.055,
1316559.673,,55.369,41.122,
1316659.670,,55.371,41.015,
1316759.663,,55.364,40.620,
1316859.661,,55.297,40.254,
1316959.656,,55.223,41.123,
1317059.654,,55.170,42.275,
1317159.648,,55.188,42.409,
1317259.651,,55.308,42.173,
1317359.642,,55.317,43.673,
1317459.644,,55.318,45.514,
1317559.640,,55.437,45.225,
1317659.635,,55.436,44.625,
1317759.627,,55.404,44.347,
1317859.627,,55.353,43.204,
1317959.625,,55.239,42.814,
1318059.618,,55.510,42.880,
1318159.614,,55.266,42.475,
1318259.614,,55.135,42.984,
1318359.608,,55.285,44.074,
1318459.603,,55.160,44.304,
1318559.600,,55.314,44.982,
1318659.596,,55.378,46.271,
1318759.596,,55.464,47.054,
1318859.589,,55.218,45.735,
1318959.585,,55.260,45.148,
1319059.588,,55.163,43.385,
1319159.578,,55.199,42.929,
1319259.575,,55.192,42.771,
1319359.573,,55.404,41.777,
1319459.571,,55.335,41.142,
1319559.566,,55.117,41.649,
1319659.561,,55.386,43.275,
1319759.560,,55.423,42.923,
1319859.556,,55.520,43.906,
1319959.556,,55.574,44.893,
1320059.552,,55.587,44.006,
1320159.549,,55.418,44.236,
1320259.544,,55.447,44.894,
1320359.546,,55.524,44.781,
1320459.522,,55.061,45.300,
1320559.538,,54.933,45.471,
1320659.532,,54.883,44.521,
1320759.534,,54.801,44.770,
1320859.532,,54.761,45.464,
1320959.530,,55.049,44.338,
1321059.524,,55.244,43.700,
1321159.522,,55.250,43.433,
1321259.519,,55.446,43.795,
1321359.514,,55.325,43.858,
1321459.516,,55.085,43.803,
1321559.510,,54.925,43.332,
1321659.509,,54.939,42.705,
1321759.509,,55.152,42.653,
1321859.503,,55.173,45.016,
1321959.500,,54.921,46.072,
1322059.499,,55.447,46.437,
1322159.492,,55.314,46.863,
1322259.492,,54.978,48.513,
1322359.491,,55.612,46.756,
1322459.484,,55.479,47.243,
1322559.483,,54.882,45.854,
1322659.480,,55.457,44.846,
1322759.477,,56.018,47.130,
1322859.477,,55.942,52.723,
1322959.476,,55.336,50.584,
1323059.473,,55.292,49.334,
1323159.469,,55.665,49.209,
1323259.466,,55.294,48.211,
1323359.463,,55.000,49.393,
1323459.463,,55.383,48.364,
1323559.459,,55.771,46.847,
1323659.453,,55.478,45.002,
1323759.450,,55.382,44.939,
1323859.450,,55.242,44.549,
1323959.450,,55.715,43.677,
1324059.446,,55.360,42.858,
1324159.441,,55.618,42.288,
1324259.440,,55.214,41.802,
1324359.435,,55.682,41.823,
1324459.435,,55.987,41.624,
1324559.433,,55.974,40.926,
1324659.428,,55.679,40.606,
1324759.428,,55.541,40.426,
1324859.424,,55.284,40.557,
1324959.420,,55.361,40.679,
1325059.416,,55.506,40.550,
1325159.416,,55.371,41.179,
1325259.412,,55.336,41.780,
1325359.409,,55.300,42.271,
1325459.406,,55.270,42.997,
1325559.407,,55.176,43.370,
1325659.403,,55.069,43.442,
1325759.400,,55.050,43.688,
1325859.397,,55.042,44.584,
1325959.391,,54.923,44.044,
1326059.390,,55.061,43.907,
1326159.389,,55.095,44.124,
1326259.385,,54.971,43.980,
1326359.385,,55.010,43.226,
1326459.379,,54.668,45.972,
1326559.380,,54.869,48.665,
1326659.376,,54.835,48.380,
1326759.374,,55.030,47.163,
1326859.370,,54.961,47.563,
1326959.364,,54.910,46.889,
1327059.362,,55.074,45.166,
1327159.361,,55.014,44.167,
1327259.356,,54.996,43.110,
1327359.356,,55.134,42.269,
1327459.356,,54.982,42.623,
1327559.352,,55.075,42.000,
1327659.350,,55.230,41.388,
1327759.343,,55.362,40.922,
1327859.344,,55.081,41.611,
1327959.341,,55.083,43.582,
1328059.337,,55.182,44.410,
1328159.337,,55.189,44.784,
1328259.329,,55.105,43.580,
1328359.324,,55.407,44.290,
1328459.325,,55.162,45.225,
1328559.319,,55.174,44.647,
1328659.315,,55.245,42.780,
1328759.317,,55.317,41.795,
1328859.314,,55.346,41.163,
1328959.307,,55.291,41.567,
1329059.304,,55.006,41.434,
1329159.303,,55.132,43.063,
1329259.296,,55.250,44.253,
1329359.294,,55.159,43.501,
1329459.291,,55.389,43.095,
1329559.293,,55.684,44.754,
1329659.288,,55.671,44.758,
1329759.282,,55.490,44.915,
1329859.278,,55.649,45.606,
1329959.281,,55.263,45.322,
1330059.275,,55.371,46.451,
1330159.272,,54.951,47.814,
1330259.270,,54.799,47.339,
1330359.265,,55.192,45.411,
1330459.262,,55.052,44.056,
1330559.258,,54.799,43.171,
1330659.255,,55.016,42.615,
1330759.254,,54.856,43.150,
1330859.249,,54.558,42.556,
1330959.248,,54.865,42.164,
1331059.242,,54.430,43.221,
1331159.239,,54.518,43.420,
1331259.240,,55.005,44.696,
1331359.236,,54.785,45.455,
1331459.228,,54.862,45.306,
1331559.228,,54.877,44.971,
1331659.221,,54.859,42.990,
1331759.224,,54.878,42.187,
1331859.217,,54.827,41.171,
1331959.215,,55.148,41.630,
1332059.211,,54.471,41.458,
1332159.206,,54.982,41.402,
1332259.210,,54.833,43.064,
1332359.206,,55.130,43.803,
1332459.201,,55.201,43.005,
1332559.195,,55.244,41.970,
1332659.195,,55.509,41.801,
1332759.194,,55.146,42.117,
1332859.189,,55.110,43.413,
1332959.186,,55.140,43.614,
1333059.180,,55.072,43.308,
1333159.181,,55.355,43.140,
1333259.174,,55.385,43.694,
1333359.175,,55.259,42.355,
1333459.168,,54.809,41.771,
1333559.167,,55.090,43.388,
1333659.162,,55.084,44.977,
1333759.162,,55.243,44.467,
1333859.158,,55.448,44.526,
1333959.150,,55.299,43.318,
1334059.153,,55.280,42.042,
1334159.147,,55.271,41.684,
1334259.142,,55.166,41.485,
1334359.142,,55.166,42.203,
1334459.135,,55.340,42.691,
1334559.136,,55.349,42.031,
1334659.135,,55.560,41.374,
1334759.131,,55.368,41.819,
1334859.124,,55.551,42.859,
1334959.122,,55.306,43.823,
1335059.116,,55.361,43.153,
1335159.116,,55.325,43.652,
1335259.111,,55.213,44.041,
1335359.110,,55.232,43.945,
1335459.105,,55.329,46.829,
1335559.104,,55.334,47.156,
1335659.102,,55.546,45.333,
1335759.097,,55.584,44.447,
1335859.097,,55.583,47.689,
1335959.092,,55.527,50.278,
1336059.086,,55.374,48.685,
1336159.087,,55.272,49.510,
1336259.084,,55.293,47.755,
1336359.082,,55.325,45.798,
1336459.077,,55.402,44.143,
1336559.075,,55.283,43.575,
1336659.074,,55.369,45.449,
1336759.071,,55.466,46.104,
1336859.066,,55.465,46.270,
1336959.065,,55.465,48.030,
1337059.063,,55.544,45.989,
1337159.062,,55.473,46.904,
1337259.056,,55.376,46.957,
1337359.052,,55.450,45.560,
1337459.051,,55.277,44.576,
1337559.046,,55.371,44.473,
1337659.047,,55.273,44.215,
1337759.044,,55.377,44.031,
1337859.041,,55.341,45.265,
1337959.039,,55.496,46.875,
1338059.034,,55.518,45.717,
1338159.034,,55.506,45.021,
1338259.032,,55.381,43.757,
1338359.025,,55.442,43.533,
1338459.023,,55.491,42.997,
1338559.023,,55.156,41.907,
1338659.018,,55.090,41.933,
1338759.014,,55.517,42.842,
1338859.013,,55.140,43.463,
1338959.013,,55.394,44.783,
1339059.008,,55.588,47.217,
1339159.006,,55.031,46.769,
1339259.004,,54.987,45.383,
1339359.002,,55.076,43.721,
1339459.002,,55.162,42.463,
1339558.999,,55.310,42.900,
1339658.996,,55.371,45.221,
1339758.991,,55.371,47.123,
1339858.987,,55.486,46.218,
1339958.987,,55.236,45.954,
1340058.981,,55.594,44.857,
1340158.980,,55.355,44.158,
1340258.974,,55.405,42.770,
1340358.974,,55.182,42.765,
1340458.969,,55.113,42.574,
1340558.967,,55.046,41.848,
1340658.970,,54.953,42.264,
1340758.963,,54.859,44.436,
1340858.961,,55.042,45.352,
1340958.959,,55.087,46.651,
1341058.959,,55.096,46.303,
1341158.954,,54.970,46.354,
1341258.951,,54.929,46.512,
1341358.950,,54.955,47.217,
1341458.945,,55.012,45.177,
1341558.945,,54.907,44.005,
1341658.940,,54.844,42.550,
1341758.936,,54.616,41.737,
1341858.933,,54.547,41.904,
1341958.931,,54.565,42.264,
1342058.932,,54.517,42.287,
1342158.929,,54.369,42.901,
1342258.924,,54.554,43.082,
1342358.920,,54.372,43.705,
1342458.920,,54.440,45.497,
1342558.916,,54.571,45.602,
1342658.913,,54.326,44.601,
1342758.909,,54.588,43.603,
1342858.909,,55.009,42.899,
1342958.903,,54.956,42.638,
1343058.905,,54.836,42.528,
1343158.898,,54.878,42.502,
1343258.895,,54.663,43.254,
1343358.898,,54.624,44.122,
1343458.892,,54.517,42.944,
1343558.888,,55.247,43.350,
1343658.886,,55.628,46.965,
1343758.883,,55.013,46.736,
1343858.880,,54.720,46.489,
1343958.879,,54.576,45.335,
1344058.874,,54.800,44.286,
1344158.870,,54.905,44.936,
1344258.868,,54.858,44.281,
1344358.859,,54.980,42.951,
1344458.858,,54.610,43.635,
1344558.854,,54.947,43.867,
1344658.848,,55.041,45.470,
1344758.849,,55.000,48.197,
1344858.841,,54.954,46.421,
1344958.840,,55.114,44.338,
1345058.836,,55.130,43.290,
1345158.828,,55.225,42.077,
1345258.828,,55.285,41.641,
1345358.823,,55.066,41.741,
1345458.821,,55.028,41.110,
1345558.816,,55.124,40.623,
1345658.816,,55.040,40.765,
1345758.810,,55.081,40.502,
1345858.806,,55.090,40.427,
1345958.798,,54.805,41.454,
1346058.794,,54.817,41.413,
1346158.795,,54.897,41.117,
1346258.791,,55.032,41.904,
1346358.788,,55.000,43.136,
1346458.785,,55.291,45.522,
1346558.778,,55.075,46.519,
1346658.773,,55.261,46.889,
1346758.768,,54.958,45.208,
1346858.767,,55.267,44.454,
1346958.764,,55.058,43.235,
1347058.757,,55.098,42.089,
1347158.754,,55.139,41.195,
1347258.751,,55.166,41.128,
1347358.750,,55.009,42.493,
1347458.741,,55.225,43.957,
1347558.741,,55.193,45.360,
1347658.739,,55.286,48.088,
1347758.731,,55.317,50.155,
1347858.727,,55.368,49.224,
1347958.725,,55.222,48.313,
1348058.718,,55.212,53.925,
1348158.719,,55.272,55.088,
1348258.712,,55.310,53.520,
1348358.709,,55.270,55.637,
1348458.705,,55.206,51.900,
1348558.703,,55.098,47.672,
1348658.697,,54.994,45.035,
1348758.691,,55.184,43.785,
1348858.691,,55.332,44.800,
1348958.688,,55.059,45.854,
1349058.683,,55.430,45.150,
1349158.675,,55.388,44.300,
1349258.673,,55.537,43.243,
1349358.667,,55.422,41.990,
1349458.668,,55.203,41.836,
1349558.662,,55.217,41.501,
1349658.662,,55.398,41.470,
1349758.655,,55.682,41.438,
1349858.654,,55.667,41.783,
1349958.648,,55.589,42.717,
1350058.643,,55.621,42.445,
1350158.642,,55.748,43.335,
1350258.635,,55.621,43.359,
1350358.631,,55.486,42.998,
1350458.627,,55.572,41.575,
1350558.621,,55.490,41.244,
1350658.618,,55.641,42.082,
1350758.614,,55.404,43.499,
1350858.609,,55.197,43.403,
1350958.611,,55.419,43.311,
1351058.607,,55.718,43.179,
1351158.603,,55.698,42.416,
1351258.597,,55.747,41.871,
1351358.591,,55.792,41.254,
1351458.589,,55.918,40.880,
1351558.583,,56.003,41.233,
1351658.583,,55.964,40.804,
1351758.578,,55.991,40.430,
1351858.573,,55.898,40.214,
1351958.574,,55.940,40.067,
1352058.570,,55.983,40.092,
1352158.563,,56.023,39.969,
1352258.565,,55.991,40.460,
1352358.559,,56.001,41.145,
1352458.557,,56.081,40.883,
1352558.557,,56.124,40.666,
1352658.551,,56.190,42.826,
1352758.552,,55.699,43.076,
1352858.546,,55.840,42.218,
1352958.544,,55.621,42.495,
1353058.542,,55.388,43.013,
1353158.538,,55.996,44.070,
1353258.534,,56.025,44.637,
1353358.537,,55.959,43.595,
1353458.533,,55.111,41.860,
1353558.528,,54.638,40.675,
1353658.523,,55.611,40.645,
1353758.526,,55.059,41.090,
1353858.520,,55.151,41.034,
1353958.517,,55.443,40.557,
1354058.515,,55.001,41.960,
1354158.514,,55.331,42.115,
1354258.513,,55.863,43.053,
1354358.509,,56.025,43.598,
1354458.505,,55.724,42.886,
1354558.505,,55.853,43.901,
1354658.503,,56.022,42.423,
1354758.494,,56.103,41.539,
1354858.494,,56.072,41.153,
1354958.495,,56.110,40.984,
1355058.486,,56.057,41.330,
1355158.486,,55.941,41.983,
1355258.482,,55.930,41.615,
1355358.479,,55.926,41.088,
1355458.478,,55.919,41.253,
1355558.478,,55.964,41.628,
1355658.469,,56.083,40.934,
1355758.471,,56.055,40.365,
1355858.469,,55.598,39.808,
1355958.464,,55.672,39.844,
1356058.459,,55.389,40.147,
1356158.460,,55.384,40.403,
1356258.459,,55.244,41.788,
1356358.454,,55.593,43.933,
1356458.450,,55.030,45.798,
1356558.446,,55.358,47.102,
1356658.447,,55.082,45.528,
1356758.442,,55.317,45.234,
1356858.438,,55.886,44.901,
1356958.441,,55.885,44.583,
1357058.438,,55.876,43.841,
1357158.430,,55.880,43.771,
1357258.429,,55.634,42.883,
1357358.426,,55.643,41.889,
1357458.422,,55.678,43.195,
1357558.419,,55.421,42.567,
1357658.417,,55.599,41.972,
1357758.415,,55.510,41.487,
1357858.411,,55.463,42.023,
1357958.415,,55.499,42.511,
1358058.409,,55.623,42.323,
1358158.403,,55.706,43.191,
1358258.404,,55.515,43.577,
1358358.399,,55.739,44.638,
1358458.399,,55.341,45.462,
1358558.394,,55.534,50.112,
1358658.391,,55.017,51.519,
1358758.392,,54.335,50.740,
1358858.385,,54.314,48.880,
1358958.383,,54.883,46.733,
1359058.380,,55.109,45.060,
1359158.378,,54.832,44.635,
1359258.374,,54.958,44.816,
1359358.376,,55.453,45.459,
1359458.371,,55.518,44.700,
1359558.370,,55.657,43.319,
1359658.365,,55.704,42.628,
1359758.362,,55.734,42.918,
1359858.359,,55.698,41.896,
1359958.358,,55.757,41.311,
1360058.354,,55.819,40.696,
1360158.350,,55.363,40.807,
1360258.353,,55.158,41.195,
1360358.348,,55.026,40.869,
1360458.343,,54.923,40.455,
1360558.343,,55.124,41.515,
1360658.337,,55.499,41.822,
1360758.335,,55.383,41.036,
1360858.333,,55.415,40.126,
1360958.328,,55.245,39.364,
1361058.331,,55.014,39.188,
1361158.327,,54.986,40.047,
1361258.321,,54.939,41.826,
1361358.322,,54.876,42.701,
1361458.316,,54.961,43.542,
1361558.316,,55.163,42.440,
1361658.315,,55.424,41.080,
1361758.314,,55.380,40.465,
1361858.308,,55.643,40.611,
1361958.308,,55.532,41.473,
1362058.303,,55.527,41.631,
1362158.300,,55.623,41.529,
1362258.297,,55.490,42.142,
1362358.293,,55.506,41.282,
1362458.290,,55.186,41.518,
1362558.286,,55.257,43.027,
1362658.283,,54.984,42.895,
1362758.286,,54.968,42.119,
1362858.284,,54.931,41.493,
1362958.279,,54.852,41.497,
1363058.272,,54.714,40.515,
1363158.273,,54.902,40.423,
1363258.272,,55.107,41.055,
1363358.270,,55.139,43.408,
1363458.267,,55.220,45.557,
1363558.262,,55.055,46.137,
1363658.260,,54.824,45.969,
1363758.259,,54.582,44.673,
1363858.252,,54.577,43.531,
1363958.250,,54.812,42.025,
1364058.248,,54.815,40.874,
1364158.249,,54.834,40.970,
1364258.246,,54.776,40.987,
1364358.241,,54.708,41.293,
1364458.241,,54.979,41.933,
1364558.233,,54.861,42.519,
1364658.230,,54.676,42.176,
1364758.232,,54.807,41.955,
1364858.230,,54.793,42.352,
1364958.227,,54.635,42.595,
1365058.219,,54.179,41.259,
1365158.219,,54.300,40.664,
1365258.215,,54.757,41.223,
1365358.214,,54.925,41.812,
1365458.214,,54.895,43.027,
1365558.207,,55.071,43.562,
1365658.207,,55.059,43.275,
1365758.201,,55.150,43.040,
1365858.199,,55.160,42.866,
1365958.199,,54.998,42.444,
1366058.197,,54.954,41.750,
1366158.193,,55.077,41.679,
1366258.190,,55.030,40.907,
1366358.186,,55.038,41.198,
1366458.188,,55.098,41.894,
1366558.182,,55.145,41.841,
1366658.178,,55.191,42.226,
1366758.175,,55.025,41.203,
1366858.174,,55.107,40.910,
1366958.173,,55.090,41.284,
1367058.172,,55.192,41.609,
1367158.169,,54.649,41.851,
1367258.165,,55.046,43.243,
1367358.161,,55.028,43.832,
1367458.157,,55.388,44.062,
1367558.158,,55.455,46.368,
1367658.155,,54.640,46.587,
1367758.153,,55.109,46.135,
1367858.145,,54.881,44.509,
1367958.142,,55.057,42.503,
1368058.138,,55.090,41.770,
1368158.136,,55.040,40.883,
1368258.135,,55.187,40.163,
1368358.133,,54.881,40.013,
1368458.129,,55.027,40.796,
1368558.124,,55.172,41.174,
1368658.121,,55.096,42.581,
1368758.118,,55.100,44.392,
1368858.115,,54.928,43.476,
1368958.113,,55.040,42.570,
1369058.107,,54.964,42.810,
1369158.103,,55.029,42.278,
1369258.101,,55.016,41.190,
1369358.095,,54.978,41.394,
1369458.092,,54.954,42.422,
1369558.089,,54.971,41.537,
1369658.083,,55.054,40.654,
1369758.085,,55.148,40.160,
1369858.075,,54.962,39.895,
1369958.076,,54.822,40.156,
1370058.075,,55.041,40.715,
1370158.071,,55.170,40.917,
1370258.063,,54.968,41.817,
1370358.060,,55.038,43.189,
1370458.055,,54.859,45.734,
1370558.057,,54.881,45.733,
1370658.052,,54.820,45.922,
1370758.046,,54.825,44.410,
1370858.044,,54.856,42.863,
1370958.039,,54.664,42.862,
1371058.040,,54.861,43.905,
1371158.033,,54.722,44.290,
1371258.027,,54.691,45.558,
1371358.024,,54.347,45.524,
1371458.026,,54.639,46.867,
1371558.022,,54.859,47.783,
1371658.019,,54.778,47.503,
1371758.014,,54.832,45.635,
1371858.011,,54.817,43.254,
1371958.006,,54.997,41.679,
1372057.999,,54.820,41.576,
1372157.999,,54.698,43.267,
1372257.998,,54.687,45.806,
1372357.991,,54.666,44.318,
1372457.990,,54.786,45.439,
1372557.987,,54.665,45.296,
1372657.982,,54.601,43.846,
1372757.981,,54.481,41.838,
1372857.978,,54.552,40.832,
1372957.969,,54.591,40.867,
1373057.971,,54.367,40.440,
1373157.964,,54.586,39.951,
1373257.964,,54.577,40.331,
1373357.957,,54.667,40.548,
1373457.953,,54.894,40.659,
1373557.948,,54.891,40.067,
1373657.945,,54.962,40.456,
1373757.947,,55.009,41.595,
1373857.940,,54.969,41.652,
1373957.936,,54.980,41.506,
1374057.937,,54.944,41.739,
1374157.928,,54.973,43.089,
1374257.928,,55.059,43.590,
1374357.923,,55.006,42.265,
1374457.916,,54.969,41.592,
1374557.914,,54.920,41.031,
1374657.912,,54.862,40.739,
1374757.913,,55.010,40.453,
1374857.905,,54.822,40.116,
1374957.900,,54.971,40.483,
1375057.897,,54.938,40.337,
1375157.896,,54.841,41.272,
1375257.895,,54.699,42.033,
1375357.886,,54.740,42.122,
1375457.886,,54.650,42.648,
1375557.880,,54.540,42.735,
1375657.880,,54.648,43.797,
1375757.872,,54.716,43.339,
1375857.868,,54.557,43.715,
1375957.870,,54.720,43.720,
1376057.868,,54.752,42.773,
1376157.860,,54.806,42.075,
1376257.862,,54.915,42.380,
1376357.856,,54.911,42.059,
1376457.852,,54.938,41.108,
1376557.851,,55.113,41.204,
1376657.851,,55.171,40.775,
1376757.843,,55.153,40.418,
1376857.840,,55.010,40.822,
1376957.843,,55.033,40.721,
1377057.839,,55.019,40.486,
1377157.836,,55.037,41.042,
1377257.830,,54.993,42.271,
1377357.825,,54.959,42.914,
1377457.828,,54.899,41.720,
1377557.822,,54.815,40.828,
1377657.818,,54.885,40.759,
1377757.820,,54.727,41.029,
1377857.814,,54.780,40.527,
1377957.808,,54.715,39.961,
1378057.811,,54.548,39.904,
1378157.803,,54.267,40.632,
1378257.805,,54.579,40.385,
1378357.801,,54.363,40.271,
1378457.798,,54.326,41.650,
1378557.791,,54.581,43.553,
1378657.792,,54.383,41.905,
1378757.785,,54.321,40.962,
1378857.786,,54.410,40.387,
1378957.779,,54.606,39.960,
1379057.776,,54.413,39.589,
1379157.777,,54.430,39.410,
1379257.775,,54.479,40.205,
1379357.772,,54.510,41.783,
1379457.765,,54.587,42.868,
1379557.761,,54.556,42.685,
1379657.760,,54.635,42.054,
1379757.760,,54.621,41.464,
1379857.756,,54.780,42.061,
1379957.756,,54.590,42.063,
1380057.752,,54.551,41.593,
1380157.745,,54.678,41.634,
1380257.743,,54.729,41.128,
1380357.741,,54.759,40.421,
1380457.740,,54.734,40.985,
1380557.738,,54.761,41.616,
1380657.730,,54.681,42.097,
1380757.730,,54.697,42.873,
1380857.724,,54.757,42.745,
1380957.724,,54.769,42.435,
1381057.723,,54.761,41.861,
1381157.718,,54.666,41.903,
1381257.716,,54.743,41.984,
1381357.713,,54.707,41.778,
1381457.707,,54.651,42.709,
1381557.706,,54.700,41.643,
1381657.704,,54.727,41.678,
1381757.702,,54.655,42.553,
1381857.697,,54.700,43.037,
1381957.697,,54.561,43.067,
1382057.691,,54.519,43.378,
1382157.692,,54.480,42.857,
1382257.685,,54.254,43.398,
1382357.680,,53.805,43.873,
1382457.678,,54.076,44.402,
1382557.679,,53.623,46.116,
1382657.678,,53.423,44.891,
1382757.673,,54.260,43.650,
1382857.670,,54.500,41.783,
1382957.663,,54.588,40.798,
1383057.666,,54.650,40.314,
1383157.663,,54.611,40.472,
1383257.656,,54.669,40.644,
1383357.656,,54.566,41.162,
1383457.652,,54.765,41.806,
1383557.648,,54.649,41.920,
1383657.646,,54.305,41.752,
1383757.641,,54.607,41.501,
1383857.640,,54.720,41.101,
1383957.640,,54.672,40.400,
1384057.637,,54.779,40.813,
1384157.629,,54.705,41.256,
1384257.630,,54.790,41.391,
1384357.624,,54.646,41.313,
1384457.622,,54.709,42.373,
1384557.616,,54.727,43.642,
1384657.618,,54.627,42.715,
1384757.611,,54.401,41.986,
1384857.610,,54.358,41.929,
1384957.609,,54.811,42.354,
1385057.602,,54.671,41.868,
1385157.599,,55.135,41.461,
1385257.600,,55.013,42.157,
1385357.591,,54.513,42.725,
1385457.594,,54.927,42.672,
1385557.587,,54.780,42.584,
1385657.587,,54.844,42.815,
1385757.582,,54.849,43.053,
1385857.578,,54.568,42.136,
1385957.575,,54.933,41.233,
1386057.569,,54.659,41.705,
1386157.566,,54.642,41.536,
1386257.565,,54.672,41.610,
1386357.566,,54.611,42.032,
1386457.560,,54.583,42.608,
1386557.554,,54.672,42.971,
1386657.557,,54.604,42.687,
1386757.549,,54.565,42.138,
1386857.545,,54.575,41.989,
1386957.546,,54.600,41.972,
1387057.541,,54.679,41.091,
1387157.537,,54.760,40.663,
1387257.537,,54.554,40.874,
1387357.532,,54.812,40.406,
1387457.531,,54.765,40.748,
1387557.525,,54.781,41.905,
1387657.521,,54.816,42.276,
1387757.518,,54.796,42.503,
1387857.520,,54.790,43.786,
1387957.511,,54.778,43.625,
1388057.507,,54.875,42.396,
1388157.508,,54.979,42.296,
1388257.507,,54.994,42.265,
1388357.499,,54.935,42.498,
1388457.499,,54.857,42.754,
1388557.492,,54.970,42.741,
1388657.494,,54.922,41.930,
1388757.489,,54.939,41.604,
1388857.487,,54.903,40.596,
1388957.481,,54.498,39.955,
1389057.483,,54.667,40.474,
1389157.475,,54.667,42.376,
1389257.474,,54.872,43.599,
1389357.468,,54.749,43.590,
1389457.465,,54.632,42.000,
1389557.467,,54.692,41.021,
1389657.460,,54.580,40.973,
1389757.457,,54.464,40.671,
1389857.452,,54.413,41.657,
1389957.450,,54.572,41.553,
1390057.451,,54.449,40.659,
1390157.445,,54.615,40.897,
1390257.445,,54.673,40.536,
1390357.436,,54.796,40.011,
1390457.439,,54.781,40.542,
1390557.432,,54.805,41.423,
1390657.432,,54.807,41.953,
1390757.425,,54.876,44.130,
1390857.421,,54.846,44.124,
1390957.420,,54.904,43.183,
1391057.416,,54.945,42.564,
1391157.412,,54.915,42.252,
1391257.408,,54.843,41.688,
1391357.409,,54.769,41.933,
1391457.406,,54.877,41.755,
1391557.404,,54.844,42.050,
1391657.396,,54.836,41.834,
1391757.396,,54.820,41.393,
1391857.393,,54.418,41.222,
1391957.391,,54.265,42.518,
1392057.388,,54.503,42.029,
1392157.386,,54.421,40.915,
1392257.378,,54.407,40.591,
1392357.375,,54.689,40.816,
1392457.371,,54.750,41.374,
1392557.369,,54.689,42.414,
1392657.367,,54.740,45.093,
1392757.365,,54.755,44.535,
1392857.355,,54.663,45.419,
1392957.353,,54.701,45.649,
1393057.349,,54.776,44.884,
1393157.346,,54.738,43.258,
1393257.347,,54.929,42.263,
1393357.340,,54.936,42.852,
1393457.339,,54.807,42.733,
1393557.335,,54.857,42.495,
1393657.328,,54.840,42.926,
1393757.327,,54.906,42.230,
1393857.325,,54.982,41.955,
1393957.322,,54.985,42.511,
1394057.315,,54.898,42.052,
1394157.315,,55.038,42.907,
1394257.309,,55.062,42.193,
1394357.303,,55.042,42.608,
1394457.301,,55.063,42.413,
1394557.296,,54.873,42.233,
1394657.297,,54.901,41.334,
1394757.292,,54.934,40.864,
1394857.285,,54.797,40.700,
1394957.281,,54.684,41.538,
1395057.282,,54.762,43.025,
1395157.279,,54.722,42.242,
1395257.272,,54.809,41.525,
1395357.272,,54.914,41.829,
1395457.268,,54.830,42.696,
1395557.262,,54.784,43.511,
1395657.261,,54.745,44.656,
1395757.257,,54.868,44.293,
1395857.250,,54.734,44.066,
1395957.253,,54.774,44.009,
1396057.246,,54.841,44.117,
1396157.240,,54.797,42.985,
1396257.237,,54.714,42.854,
1396357.236,,54.737,41.630,
1396457.230,,54.761,40.953,
1396557.231,,54.797,40.774,
1396657.226,,54.791,40.598,
1396757.223,,54.769,40.680,
1396857.219,,54.868,40.815,
1396957.215,,54.778,40.618,
1397057.213,,54.713,40.432,
1397157.210,,54.607,40.200,
1397257.206,,54.552,40.350,
1397357.200,,54.649,41.238,
1397457.198,,54.659,42.044,
1397557.193,,54.581,41.921,
1397657.192,,54.589,41.670,
1397757.188,,54.546,43.158,
1397857.181,,54.666,44.656,
1397957.183,,54.613,44.087,
1398057.174,,54.897,44.211,
1398157.174,,54.525,46.053,
1398257.167,,54.586,47.174,
1398357.168,,54.559,45.356,
1398457.162,,54.533,43.040,
1398557.158,,54.482,42.256,
1398657.156,,54.611,42.174,
1398757.153,,54.743,42.050,
1398857.147,,54.703,41.639,
1398957.143,,54.648,42.499,
1399057.140,,54.432,42.384,
1399157.137,,54.406,41.648,
1399257.136,,54.367,42.007,
1399357.128,,54.504,41.493,
1399457.129,,54.510,42.634,
1399557.125,,54.641,42.927,
1399657.121,,54.558,41.478,
1399757.118,,54.552,41.489,
1399857.114,,54.630,42.644,
1399957.113,,54.678,43.719,
1400057.107,,54.579,43.344,
1400157.107,,54.449,42.887,
1400257.100,,54.477,43.326,
1400357.097,,54.351,42.040,
1400457.093,,54.415,40.910,
1400557.093,,54.555,41.085,
1400657.090,,54.672,41.286,
1400757.086,,54.744,40.848,
1400857.085,,54.777,41.511,
1400957.084,,54.855,41.521,
1401057.079,,54.708,42.389,
1401157.078,,54.779,43.448,
1401257.075,,54.827,44.584,
1401357.069,,54.658,43.513,
1401457.066,,54.551,42.698,
1401557.063,,54.541,42.724,
1401657.065,,54.570,43.195,
1401757.059,,54.607,42.360,
1401857.060,,54.610,42.550,
1401957.056,,54.660,41.892,
1402057.051,,54.626,42.129,
1402157.047,,54.669,41.612,
1402257.048,,54.556,41.846,
1402357.042,,54.662,41.784,
1402457.044,,54.601,42.082,
1402557.036,,54.721,43.782,
1402657.033,,54.660,43.469,
1402757.030,,54.621,42.369,
1402857.034,,54.717,42.915,
1402957.030,,54.665,43.491,
1403057.027,,54.763,44.062,
1403157.020,,54.818,44.573,
1403257.019,,54.730,45.935,
1403357.013,,54.642,45.562,
1403457.016,,54.755,43.741,
1403557.014,,54.705,42.614,
1403657.007,,54.815,42.479,
1403757.002,,54.712,44.928,
1403857.005,,54.775,44.825,
1403957.002,,54.819,43.162,
1404056.995,,54.740,42.700,
1404156.992,,54.921,41.851,
1404256.994,,54.625,41.220,
1404356.990,,54.836,40.924,
1404456.985,,54.843,41.196,
1404556.980,,54.864,40.517,
1404656.979,,54.897,40.196,
1404756.981,,54.804,40.625,
1404856.973,,54.919,41.588,
1404956.973,,54.957,41.325,
1405056.967,,54.925,41.832,
1405156.964,,54.971,42.137,
1405256.961,,54.862,43.385,
1405356.964,,54.883,41.995,
1405456.961,,54.888,40.912,
1405556.958,,54.849,42.298,
1405656.951,,55.189,44.496,
1405756.950,,55.074,45.859,
1405856.945,,54.966,48.869,
1405956.948,,54.922,49.524,
1406056.944,,54.891,46.359,
1406156.942,,55.001,44.078,
1406256.933,,54.964,42.787,
1406356.936,,54.914,42.410,
1406456.929,,54.919,43.414,
1406556.932,,54.885,42.688,
1406656.927,,54.852,41.858,
1406756.923,,54.880,40.942,
1406856.921,,54.674,40.381,
1406956.916,,54.851,40.169,
1407056.914,,54.880,40.108,
1407156.914,,54.808,40.602,
1407256.910,,54.715,40.475,
1407356.909,,54.710,40.280,
1407456.902,,54.927,39.998,
1407556.901,,54.882,39.773,
1407656.896,,54.888,39.927,
1407756.893,,54.859,40.589,
1407856.890,,54.791,41.682,
1407956.890,,55.038,43.028,
1408056.884,,54.913,43.110,
1408156.885,,55.019,43.025,
1408256.881,,55.020,43.537,
1408356.875,,54.991,42.131,
1408456.876,,54.767,41.557,
1408556.870,,55.004,41.285,
1408656.866,,54.893,41.116,
1408756.869,,54.936,40.435,
1408856.866,,54.876,40.104,
1408956.860,,54.812,40.038,
1409056.857,,54.799,41.112,
1409156.857,,54.902,40.994,
1409256.851,,54.788,40.446,
1409356.849,,54.898,40.552,
1409456.843,,55.017,40.644,
1409556.845,,54.948,41.523,
1409656.839,,55.079,41.307,
1409756.835,,55.072,41.089,
1409856.836,,54.966,40.914,
1409956.831,,55.067,42.353,
1410056.829,,55.065,42.431,
1410156.824,,55.075,41.235,
1410256.821,,54.882,40.865,
1410356.817,,54.862,41.699,
1410456.818,,54.965,42.621,
1410556.817,,54.855,42.190,
1410656.814,,54.914,42.272,
1410756.809,,54.958,42.239,
1410856.809,,54.822,43.000,
1410956.802,,54.931,44.107,
1411056.801,,55.074,44.458,
1411156.795,,54.941,45.024,
1411256.791,,55.193,44.979,
1411356.792,,55.099,44.615,
1411456.790,,55.005,43.351,
1411556.784,,54.740,43.618,
1411656.782,,54.789,44.151,
1411756.778,,55.027,43.814,
1411856.776,,55.214,42.925,
1411956.771,,55.328,45.369,
1412056.773,,55.300,46.814,
1412156.765,,55.174,50.179,
1412256.765,,55.103,51.436,
1412356.762,,55.118,49.954,
1412456.762,,55.004,47.158,
1412556.759,,54.977,44.782,
1412656.757,,55.007,43.250,
1412756.748,,55.061,41.931,
1412856.752,,54.977,41.230,
1412956.747,,54.933,41.284,
1413056.740,,54.927,41.432,
1413156.739,,54.753,40.859,
1413256.740,,54.857,40.321,
1413356.732,Input1*2*0;Input1*2*1,55.051,40.277,
1413456.735,,55.154,41.302,
1413556.726,,55.137,42.237,
1413656.728,,55.138,47.604,
1413756.719,,55.053,46.507,
1413856.717,,55.086,44.169,
1413956.716,,54.974,42.480,
1414056.716,,54.929,41.365,
1414156.710,,54.912,41.140,
1414256.707,,54.819,41.523,
1414356.704,,54.905,40.808,
1414456.699,,54.860,40.884,
1414556.701,,54.997,41.303,
1414656.698,,54.836,41.536,
1414756.693,,54.901,41.073,
1414856.689,,54.959,41.424,
1414956.689,,54.994,41.851,
1415056.684,,55.041,42.403,
1415156.679,,55.006,42.188,
1415256.678,,55.077,41.968,
1415356.676,,54.764,41.927,
1415456.675,,54.883,41.978,
1415556.670,,54.782,42.491,
1415656.670,,54.773,42.441,
1415756.665,,54.881,44.066,
1415856.662,,54.984,46.227,
1415956.657,,54.865,46.583,
1416056.658,,54.845,46.871,
1416156.655,,54.770,45.555,
1416256.649,,54.661,43.479,
1416356.646,,54.715,42.061,
1416456.640,,54.797,41.471,
1416556.644,,54.776,42.239,
1416656.635,,54.773,41.895,
1416756.632,,54.874,41.817,
1416856.633,,54.853,43.582,
1416956.627,,54.859,43.845,
1417056.623,,54.874,43.742,
1417156.620,,54.954,43.201,
1417256.620,,54.880,42.845,
1417356.615,,54.980,41.715,
1417456.615,,54.905,40.867,
1417556.611,,54.950,40.756,
1417656.607,,55.027,40.833,
1417756.600,,54.978,40.452,
1417856.600,,54.904,41.685,
1417956.595,,54.987,42.424,
1418056.596,,55.002,42.441,
1418156.592,,55.015,42.293,
1418256.590,,55.092,42.910,
1418356.585,,55.089,43.109,
1418456.584,,54.810,43.736,
1418556.577,,54.942,43.979,
1418656.575,,55.006,42.480,
1418756.575,,55.030,42.572,
1418856.570,,54.969,42.374,
1418956.566,,54.962,42.584,
1419056.563,,54.901,43.808,
1419156.559,,54.935,44.071,
1419256.560,,54.946,44.030,
1419356.552,,54.876,42.416,
1419456.554,,54.810,42.729,
1419556.548,,54.865,43.882,
1419656.545,,54.930,43.577,
1419756.541,,54.858,44.032,
1419856.536,,54.895,45.712,
1419956.538,,54.884,46.649,
1420056.532,,54.685,45.066,
1420156.527,,54.761,43.350,
1420256.525,,54.710,43.622,
1420356.525,,54.838,42.890,
1420456.522,,54.923,42.382,
1420556.513,,54.967,43.397,
1420656.512,,55.053,45.170,
1420756.508,,55.132,46.131,
1420856.507,,54.961,50.594,
1420956.503,,55.024,50.102,
1421056.498,,55.033,48.370,
1421156.498,,54.975,45.634,
1421256.494,,55.030,44.662,
1421356.490,,55.012,44.017,
1421456.487,,54.989,43.385,
1421556.486,,54.990,42.401,
1421656.483,,55.041,42.603,
1421756.480,,54.954,42.625,
1421856.478,,55.041,42.892,
1421956.473,,55.114,41.548,
1422056.468,,54.911,41.562,
1422156.470,,55.039,41.297,
1422256.467,,54.964,40.414,
1422356.461,,55.025,40.340,
1422456.457,,55.063,41.092,
1422556.455,,55.076,41.275,
1422656.454,,54.992,41.509,
1422756.451,,54.949,41.781,
1422856.447,,54.906,41.570,
1422956.445,,54.701,41.329,
1423056.442,,54.512,41.813,
1423156.436,,54.315,41.075,
1423256.434,,54.643,41.205,
1423356.432,,54.908,42.473,
1423456.429,,54.911,44.037,
1423556.424,,54.952,45.274,
1423656.424,,54.996,44.547,
1423756.417,,54.956,43.179,
1423856.411,,55.061,41.968,
1423956.408,,55.039,42.514,
1424056.409,,54.863,41.473,
1424156.401,,54.426,40.600,
1424256.398,,54.603,41.217,
1424356.399,,54.683,41.373,
1424456.395,,54.802,40.981,
1424556.394,,54.763,40.487,
1424656.389,,54.935,40.616,
1424756.384,,54.800,40.949,
1424856.380,,54.758,41.969,
1424956.380,,54.935,42.401,
1425056.377,,54.784,43.195,
1425156.371,,54.860,42.843,
1425256.368,,54.853,41.342,
1425356.366,,54.930,40.965,
1425456.362,,54.917,41.011,
1425556.356,,54.799,42.175,
1425656.356,,54.804,42.896,
1425756.354,,54.893,42.792,
1425856.351,,54.854,43.110,
1425956.344,,54.905,44.979,
1426056.345,,54.652,45.165,
1426156.341,,54.664,44.960,
1426256.337,,54.715,44.606,
1426356.332,,54.635,44.113,
1426456.329,,54.878,43.675,
1426556.327,,54.727,44.520,
1426656.323,,54.653,45.489,
1426756.318,,54.731,44.621,
1426856.318,,54.764,43.818,
1426956.317,,54.764,43.042,
1427056.311,,54.387,42.252,
1427156.308,,54.471,41.982,
1427256.305,,54.231,42.447,
1427356.298,,53.988,42.234,
1427456.299,,54.004,44.510,
1427556.295,,53.687,45.746,
1427656.292,,54.396,48.959,
1427756.289,,53.775,50.133,
1427856.288,,53.526,48.874,
1427956.285,,54.236,45.396,
1428056.275,,53.629,43.580,
1428156.275,,53.550,41.914,
1428256.270,,54.385,40.803,
1428356.267,,53.642,40.791,
1428456.265,,54.191,40.366,
1428556.260,,54.400,40.127,
1428656.262,,54.513,40.050,
1428756.259,,54.508,40.070,
1428856.249,,54.629,40.491,
1428956.250,,54.523,40.800,
1429056.246,,54.683,40.890,
1429156.242,,54.482,42.275,
1429256.240,,54.694,42.333,
1429356.235,,54.670,41.808,
1429456.234,,54.806,41.670,
1429556.227,,54.660,41.223,
1429656.227,,54.864,40.833,
1429756.223,,54.547,40.630,
1429856.224,,54.693,40.428,
1429956.218,,54.671,40.503,
1430056.215,,54.794,40.425,
1430156.213,,54.816,40.266,
1430256.207,,54.887,41.438,
1430356.202,,54.871,43.084,
1430456.202,,55.040,42.219,
1430556.196,,55.093,42.270,
1430656.197,,54.809,42.346,
1430756.188,,54.634,42.761,
1430856.190,,54.747,42.671,
1430956.184,,54.750,42.728,
1431056.179,,54.699,43.236,
1431156.181,,54.743,43.125,
1431256.178,,54.629,42.740,
1431356.172,,54.716,41.881,
1431456.165,,54.857,41.950,
1431556.166,,54.915,42.364,
1431656.165,,54.785,42.371,
1431756.156,,54.920,41.626,
1431856.155,,54.994,41.363,
1431956.151,,54.965,40.969,
1432056.149,,54.925,40.929,
1432156.147,,54.956,40.764,
1432256.143,,54.918,41.461,
1432356.143,,54.902,42.419,
1432456.132,,54.848,41.469,
1432556.130,,54.754,40.292,
1432656.129,,54.424,40.282,
1432756.128,,54.585,41.581,
1432856.123,,54.636,42.615,
1432956.122,,54.631,43.072,
1433056.117,,54.732,42.490,
1433156.110,,54.729,41.226,
1433256.107,,54.724,41.489,
1433356.108,,54.691,42.789,
1433456.090,,54.514,41.822,
1433556.101,,54.634,41.796,
1433656.098,,54.595,42.319,
1433756.091,,54.611,43.973,
1433856.089,,54.758,43.291,
1433956.086,,54.754,42.234,
1434056.080,,54.579,42.014,
1434156.080,,54.644,41.288,
1434256.075,,54.670,41.446,
1434356.070,,54.775,41.666,
1434456.068,,54.954,40.943,
1434556.065,,54.982,41.129,
1434656.063,,55.049,41.592,
1434756.059,,55.190,42.272,
1434856.058,,55.049,42.973,
1434956.053,,55.122,42.692,
1435056.051,,55.036,42.731,
1435156.048,,54.985,42.770,
1435256.046,,54.934,41.929,
1435356.042,,54.541,40.812,
1435456.037,,54.326,41.325,
1435556.031,,54.184,42.536,
1435656.032,,53.965,41.635,
1435756.028,,54.678,41.840,
1435856.024,,54.696,41.936,
1435956.022,,54.812,41.857,
1436056.019,,54.853,42.191,
1436156.011,,54.751,41.663,
1436256.012,,54.641,41.858,
1436356.007,,54.774,41.839,
1436456.001,,54.738,41.135,
1436556.001,,54.677,42.807,
1436655.998,,54.633,42.274,
1436755.996,,54.630,41.614,
1436855.987,,54.534,42.343,
1436955.986,,54.557,42.475,
1437055.985,,54.630,42.555,
1437155.980,,54.744,46.170,
1437255.977,,54.524,44.627,
1437355.972,,54.673,44.152,
1437455.967,,54.762,44.960,
1437555.967,,54.789,44.605,
1437655.960,,54.750,44.103,
1437755.961,,54.753,43.939,
1437855.960,,54.695,42.477,
1437955.955,,54.762,42.420,
1438055.954,,54.728,41.634,
1438155.948,,54.862,41.148,
1438255.943,,54.850,41.187,
1438355.941,,54.811,41.156,
1438455.939,,54.848,41.878,
1438555.937,,54.859,42.728,
1438655.931,,54.838,42.908,
1438755.931,,54.894,42.123,
1438855.928,,54.932,41.154,
1438955.924,,54.984,41.113,
1439055.918,,55.020,41.325,
1439155.913,,55.015,41.540,
1439255.912,,54.939,41.499,
1439355.904,,54.907,41.326,
1439455.907,,54.964,41.947,
1439555.903,,55.043,43.583,
1439655.894,,54.988,44.350,
1439755.892,,55.074,44.019,
1439855.888,,55.024,43.944,
1439955.885,,54.961,43.548,
1440055.881,,54.964,42.791,
1440155.884,,55.018,42.346,
1440255.878,,54.963,44.535,
1440355.874,,54.923,44.302,
1440455.874,,54.831,44.621,
1440555.871,,54.775,45.313,
1440655.865,,54.824,44.732,
1440755.865,,54.948,43.554,
1440855.861,,55.049,42.824,
1440955.854,,55.023,42.694,
1441055.851,,55.100,42.430,
1441155.848,,55.130,44.014,
1441255.847,,55.102,44.497,
1441355.842,,54.999,43.411,
1441455.840,,55.111,42.387,
1441555.837,,54.942,41.852,
1441655.832,,54.966,41.335,
1441755.833,,54.842,41.245,
1441855.826,,54.763,41.411,
1441955.823,,54.802,41.221,
1442055.825,,54.848,41.557,
1442155.816,,54.815,41.399,
1442255.813,,54.882,41.060,
1442355.809,,54.853,41.295,
1442455.810,,54.950,41.227,
1442555.809,,55.008,40.653,
1442655.805,,54.880,41.334,
1442755.799,,54.876,42.161,
1442855.794,,55.004,42.238,
1442955.790,,55.086,41.831,
1443055.790,,54.980,41.880,
1443155.787,,55.131,42.121,
1443255.783,,54.904,43.512,
1443355.781,,54.923,42.778,
1443455.774,,55.070,42.086,
1443555.773,,54.989,42.474,
1443655.771,,54.868,42.454,
1443755.770,,54.989,42.801,
1443855.762,,55.079,43.400,
1443955.764,,54.983,42.751,
1444055.760,,54.953,42.246,
1444155.757,,55.030,41.876,
1444255.752,,54.994,41.839,
1444355.746,,54.887,41.377,
1444455.747,,54.867,40.787,
1444555.740,,54.801,40.631,
1444655.737,,54.978,41.071,
1444755.737,,54.978,42.531,
1444855.735,,55.065,42.646,
1444955.733,,55.024,42.974,
1445055.730,,54.969,42.783,
1445155.725,,55.030,42.210,
1445255.724,,55.043,42.239,
1445355.721,,55.004,42.591,
1445455.715,,55.142,43.121,
1445555.709,,55.075,42.856,
1445655.709,,54.998,41.913,
1445755.703,,54.911,42.223,
1445855.704,,54.884,42.011,
1445955.701,,54.783,41.981,
1446055.695,,54.608,40.957,
1446155.694,,54.777,40.214,
1446255.687,,54.945,40.570,
1446355.685,,54.716,42.384,
1446455.681,,54.866,43.271,
1446555.683,,54.877,43.535,
1446655.678,,55.040,43.495,
1446755.674,,55.048,41.790,
1446855.668,,55.110,41.106,
1446955.668,,54.923,40.974,
1447055.665,,54.697,41.345,
1447155.660,,54.800,41.447,
1447255.658,,54.906,40.843,
1447355.655,,54.842,41.319,
1447455.650,,55.021,42.690,
1447555.647,,54.965,42.941,
1447655.642,,54.970,43.856,
1447755.642,,54.903,44.409,
1447855.639,,55.044,44.730,
1447955.638,,55.059,44.609,
1448055.636,,54.983,42.940,
1448155.630,,55.050,41.901,
1448255.624,,55.054,41.753,
1448355.625,,55.147,41.565,
1448455.621,,55.066,41.231,
1448555.619,,54.986,42.274,
1448655.615,,54.891,43.259,
1448755.616,,54.773,42.120,
1448855.608,,54.969,40.840,
1448955.604,,55.072,40.097,
1449055.605,,55.035,40.330,
1449155.600,,54.972,41.462,
1449255.596,,54.942,41.217,
1449355.597,,54.955,41.291,
1449455.591,,54.898,40.546,
1449555.587,,54.889,40.257,
1449655.589,,54.872,40.401,
1449755.582,,54.710,39.841,
1449855.584,,54.873,40.630,
1449955.576,,54.857,40.864,
1450055.576,,54.984,40.830,
1450155.574,,54.875,40.628,
1450255.568,,54.945,41.952,
1450355.567,,54.953,42.978,
1450455.562,,54.891,42.312,
1450555.563,,54.612,41.301,
1450655.559,,54.690,41.619,
1450755.556,,54.982,40.941,
1450855.556,,54.995,40.195,
1450955.553,,54.975,39.950,
1451055.544,,55.079,41.042,
1451155.548,,55.023,43.116,
1451255.544,,55.007,43.726,
1451355.542,,55.107,43.927,
1451455.535,,55.018,44.942,
1451555.534,,55.055,46.546,
1451655.527,,55.083,46.619,
1451755.531,,55.099,47.666,
1451855.523,,55.094,47.797,
1451955.523,,55.106,47.161,
1452055.518,,55.042,47.112,
1452155.516,,54.487,44.534,
1452255.510,,54.487,42.633,
1452355.514,,54.884,41.688,
1452455.508,,55.058,41.343,
1452555.503,,55.187,41.484,
1452655.501,,55.066,43.001,
1452755.498,,54.982,43.396,
1452855.493,,54.703,42.626,
1452955.493,,54.818,41.887,
1453055.491,,54.601,41.951,
1453155.487,,54.681,41.637,
1453255.488,,54.683,41.392,
1453355.486,,54.485,41.999,
1453455.476,,54.770,42.980,
1453555.474,,54.879,43.700,
1453655.476,,54.922,43.174,
1453755.474,,54.764,42.463,
1453855.470,,55.151,41.341,
1453955.468,,55.122,41.056,
1454055.461,,55.088,40.723,
1454155.463,,54.979,41.634,
1454255.460,,55.083,42.174,
1454355.452,,55.097,42.070,
1454455.453,,55.118,41.157,
1454555.449,,55.147,40.614,
1454655.447,,55.090,40.560,
1454755.440,,55.002,39.954,
1454855.436,,55.024,39.480,
1454955.440,,54.897,39.638,
1455055.437,,54.954,39.904,
1455155.429,,54.851,40.824,
1455255.430,,54.950,41.255,
1455355.427,,54.941,41.982,
1455455.423,,54.837,41.697,
1455555.419,,54.799,41.625,
1455655.415,,54.801,41.533,
1455755.415,,54.762,41.018,
1455855.413,,54.778,41.037,
1455955.409,,54.797,40.998,
1456055.407,,54.827,41.297,
1456155.404,,54.638,42.043,
1456255.406,,54.597,42.380,
1456355.403,,54.882,42.983,
1456455.404,,55.016,42.232,
1456555.398,,54.934,42.007,
1456655.401,,55.067,42.365,
1456755.393,,55.026,42.471,
1456855.392,,54.858,41.876,
1456955.394,,54.852,43.457,
1457055.394,,54.740,45.076,
1457155.390,,54.852,43.566,
1457255.388,,54.719,43.341,
1457355.383,,54.779,43.065,
1457455.383,,54.880,42.422,
1457555.382,,54.883,44.395,
1457655.378,,54.794,44.069,
1457755.379,,54.852,45.965,
1457855.374,,54.814,45.706,
1457955.372,,54.935,44.643,
1458055.376,,55.041,43.594,
1458155.370,,55.023,42.350,
1458255.367,,54.978,42.532,
1458355.368,,55.012,43.503,
1458455.368,,54.984,44.599,
1458555.362,,54.946,43.093,
1458655.363,,54.934,43.623,
1458755.362,,54.717,42.956,
1458855.362,,54.684,42.737,
1458955.356,,54.645,43.524,
1459055.359,,54.776,44.602,
1459155.353,,55.009,44.958,
1459255.353,,54.936,45.317,
1459355.352,,54.938,44.517,
1459455.349,,54.775,43.346,
1459555.349,,54.974,41.958,
1459655.349,,54.943,41.478,
1459755.341,,54.824,41.943,
1459855.341,,54.744,41.993,
1459955.340,,54.755,41.772,
1460055.336,,54.806,42.775,
1460155.340,,54.991,42.026,
1460255.335,,54.800,41.449,
1460355.336,,54.866,41.587,
1460455.332,,54.852,42.196,
1460555.329,,54.809,43.806,
1460655.325,,54.929,44.154,
1460755.329,,54.867,43.559,
1460855.323,,54.961,42.768,
1460955.325,,54.922,43.986,
1461055.319,,54.738,43.832,
1461155.320,,54.776,44.005,
1461255.320,,54.742,43.616,
1461355.317,,54.630,43.235,
1461455.313,,54.682,43.267,
1461555.314,,54.815,43.064,
1461655.311,,54.796,42.508,
1461755.307,,54.715,43.146,
1461855.305,,54.718,44.587,
1461955.310,,54.778,43.897,
1462055.307,,54.815,42.796,
1462155.306,,54.877,42.164,
1462255.298,,54.924,41.516,
1462355.301,,54.994,41.354,
1462455.295,,54.928,41.988,
1462555.295,,54.911,41.816,
1462655.291,,55.131,42.549,
1462755.291,,55.145,43.480,
1462855.291,,55.198,43.540,
1462955.290,,55.213,43.388,
1463055.289,,55.150,43.463,
1463155.288,,55.117,42.815,
1463255.284,,55.204,42.496,
1463355.279,,55.168,41.309,
1463455.283,,55.057,41.064,
1463555.279,,55.103,40.545,
1463655.278,,55.078,40.152,
1463755.275,,55.263,40.371,
1463855.277,,55.204,40.635,
1463955.267,,55.131,40.741,
1464055.265,,55.116,40.173,
1464155.263,,55.163,41.109,
1464255.260,,55.152,42.106,
1464355.255,,55.146,42.356,
1464455.252,,55.035,42.774,
1464555.247,,55.075,43.737,
1464655.241,,55.045,44.093,
1464755.237,,54.978,43.831,
1464855.231,,55.036,43.505,
1464955.232,,55.133,42.363,
1465055.228,,54.949,41.910,
1465155.223,,54.921,42.501,
1465255.218,,54.925,43.534,
1465355.213,,54.952,43.874,
1465455.207,,54.944,43.817,
1465555.203,,54.924,44.178,
1465655.204,,54.958,45.357,
1465755.200,,54.976,45.336,
1465855.195,,55.053,43.764,
1465955.187,,55.187,43.351,
1466055.183,,55.047,44.564,
1466155.179,,55.029,44.492,
1466255.179,,55.171,43.063,
1466355.173,,55.286,42.344,
1466455.170,,55.276,41.432,
1466555.168,,55.277,41.511,
1466655.164,,55.229,42.271,
1466755.159,,55.334,42.239,
1466855.157,,55.067,41.949,
1466955.149,,55.165,41.356,
1467055.146,,55.195,42.351,
1467155.145,,54.996,43.104,
1467255.138,,55.070,42.799,
1467355.137,,55.217,44.449,
1467455.129,,55.204,43.386,
1467555.124,,55.102,41.960,
1467655.125,,55.152,41.328,
1467755.115,,55.061,42.267,
1467855.115,,55.108,43.262,
1467955.111,,55.002,43.509,
1468055.107,,54.884,42.753,
1468155.105,,55.003,41.728,
1468255.101,,54.978,41.078,
1468355.096,,55.220,41.159,
1468455.092,,55.053,41.833,
1468555.086,,55.059,41.353,
1468655.084,,55.152,41.710,
1468755.076,,55.360,43.336,
1468855.072,,55.193,44.526,
1468955.069,,55.113,44.599,
1469055.063,,55.022,44.374,
1469155.062,,54.986,44.219,
1469255.055,,55.014,43.674,
1469355.053,,54.985,43.037,
1469455.050,,54.951,42.170,
1469555.049,,55.054,41.602,
1469655.043,,55.076,41.082,
1469755.036,,54.988,41.228,
1469855.033,,55.087,41.201,
1469955.029,,55.129,42.790,
1470055.023,,55.095,44.137,
1470155.019,,55.145,44.361,
1470255.015,,55.228,44.327,
1470355.015,,55.208,42.685,
1470455.007,,55.265,41.997,
1470555.003,,55.152,42.206,
1470654.999,,55.254,42.313,
1470754.996,,55.214,42.936,
1470854.995,,54.886,43.607,
1470954.988,,55.103,45.764,
1471054.984,,55.025,45.733,
1471154.982,,55.157,43.744,
1471254.978,,54.928,44.189,
1471354.976,,55.082,44.383,
1471454.968,,55.096,42.615,
1471554.965,,55.082,41.356,
1471654.962,,54.991,40.512,
1471754.959,,54.947,40.936,
1471854.957,,54.939,41.510,
1471954.949,,54.945,41.466,
1472054.943,,55.013,41.194,
1472154.946,,55.126,41.781,
1472254.938,,54.988,41.867,
1472354.937,,55.147,43.336,
1472454.933,,55.145,44.663,
1472554.930,,55.252,44.503,
1472654.921,,55.022,43.576,
1472754.923,,55.245,43.522,
1472854.917,,55.254,44.343,
1472954.917,,55.194,44.477,
1473054.908,,54.949,44.026,
1473154.905,,54.934,43.547,
1473254.904,,54.962,44.339,
1473354.899,,55.039,44.347,
1473454.893,,54.936,42.744,
1473554.893,,54.863,41.710,
1473654.890,,54.888,41.599,
1473754.888,,54.904,41.964,
1473854.879,,54.841,42.362,
1473954.880,,55.024,41.919,
1474054.874,,55.044,42.167,
1474154.868,,55.037,41.831,
1474254.866,,55.137,41.348,
1474354.859,,55.203,40.635,
1474454.856,,55.213,40.431,
1474554.856,,55.191,40.916,
1474654.854,,54.986,41.525,
1474754.848,,55.090,42.591,
1474854.845,,55.025,42.462,
1474954.839,,54.989,42.630,
1475054.836,,54.916,41.967,
1475154.835,,54.873,42.387,
1475254.831,,54.880,41.726,
1475354.823,,55.030,40.712,
1475454.823,,55.053,40.258,
1475554.820,,55.036,40.449,
1475654.815,,55.040,41.769,
1475754.811,,55.050,42.152,
1475854.805,,55.104,42.058,
1475954.803,,55.116,41.515,
1476054.801,,55.004,43.147,
1476154.798,,55.042,43.473,
1476254.796,,55.037,42.109,
1476354.787,,55.188,42.207,
1476454.788,,55.065,42.029,
1476554.780,,55.052,42.001,
1476654.777,,55.054,42.106,
1476754.773,,55.118,41.951,
1476854.770,,55.073,41.994,
1476954.763,,55.110,41.906,
1477054.761,,55.155,41.835,
1477154.761,,54.926,41.277,
1477254.755,,55.010,40.835,
1477354.749,,55.049,40.772,
1477454.748,,54.928,42.166,
1477554.744,,54.919,42.167,
1477654.737,,54.877,42.244,
1477754.736,,54.996,41.607,
1477854.730,,55.122,41.467,
1477954.730,,55.288,41.059,
1478054.727,,55.333,40.736,
1478154.722,,55.274,42.221,
1478254.722,,55.206,43.623,
1478354.715,,55.275,45.738,
1478454.711,,55.221,44.741,
1478554.710,,55.145,44.340,
1478654.701,,55.306,42.930,
1478754.700,,55.318,41.990,
1478854.694,,55.306,42.696,
1478954.694,,55.334,42.573,
1479054.691,,55.255,42.155,
1479154.684,,55.111,43.516,
1479254.680,,55.044,43.260,
1479354.680,,54.933,42.248,
1479454.672,,54.777,41.656,
1479554.668,,55.133,42.958,
1479654.668,,55.090,43.007,
1479754.662,,55.027,41.939,
1479854.663,,54.919,42.388,
1479954.657,,54.895,42.518,
1480054.653,,54.878,42.301,
1480154.648,,54.877,42.031,
1480254.645,,54.804,41.850,
1480354.642,,54.948,41.712,
1480454.644,,55.008,41.249,
1480554.640,,54.878,42.038,
1480654.638,,54.730,42.847,
1480754.629,,54.736,42.891,
1480854.628,,54.896,44.396,
1480954.629,,55.199,46.313,
1481054.623,,55.191,47.455,
1481154.623,,55.025,46.827,
1481254.618,,54.945,45.322,
1481354.614,,54.819,44.327,
1481454.614,,54.814,44.198,
1481554.606,,55.064,42.890,
1481654.602,,54.985,42.914,
1481754.602,,55.228,44.018,
1481854.597,,55.053,44.223,
1481954.594,,55.057,44.472,
1482054.593,,55.155,44.760,
1482154.587,,55.117,44.833,
1482254.585,,55.076,43.360,
1482354.586,,55.096,42.230,
1482454.581,,55.116,42.593,
1482554.579,,55.069,42.717,
1482654.574,,55.048,42.135,
1482754.573,,54.968,41.893,
1482854.566,,55.131,41.989,
1482954.565,,55.152,42.167,
1483054.562,,55.037,42.505,
1483154.557,,54.955,43.181,
1483254.556,,55.013,43.456,
1483354.554,,55.052,45.550,
1483454.548,,54.974,45.269,
1483554.550,,54.911,43.032,
1483654.543,,55.012,41.816,
1483754.538,,55.084,42.669,
1483854.538,,55.058,43.201,
1483954.535,,55.018,41.855,
1484054.533,,55.048,40.916,
1484154.529,,55.060,40.376,
1484254.523,,55.063,42.376,
1484354.526,,55.213,46.487,
1484454.519,,55.137,46.908,
1484554.516,,55.187,46.698,
1484654.512,,55.173,46.327,
1484754.514,,55.239,45.098,
1484854.506,,55.238,45.308,
1484954.506,,55.239,46.246,
1485054.501,,55.277,44.944,
1485154.499,,55.291,44.092,
1485254.495,,55.514,43.006,
1485354.491,,55.338,41.797,
1485454.488,,55.278,42.000,
1485554.486,,55.078,41.214,
1485654.485,,55.050,41.229,
1485754.477,,54.802,41.203,
1485854.478,,55.059,41.090,
1485954.475,,55.101,41.424,
1486054.473,,55.219,42.303,
1486154.466,,55.256,43.277,
1486254.462,,55.262,42.891,
1486354.463,,55.211,41.814,
1486454.461,,55.284,40.808,
1486554.454,,55.294,40.299,
1486654.451,,55.275,40.518,
1486754.448,,55.183,40.409,
1486854.448,,55.237,40.509,
1486954.442,,55.151,40.993,
1487054.442,,55.011,40.743,
1487154.440,,55.026,40.500,
1487254.436,,55.018,40.515,
1487354.433,,55.048,41.172,
1487454.428,,54.891,41.579,
1487554.425,,54.988,42.322,
1487654.424,,55.092,41.958,
1487754.416,,54.960,42.373,
1487854.415,,55.169,43.915,
1487954.412,,55.146,44.156,
1488054.408,,55.168,43.490,
1488154.409,,55.156,42.446,
1488254.407,,55.153,42.679,
1488354.401,,54.915,42.021,
1488454.398,,55.084,41.507,
1488554.400,,54.989,41.389,
1488654.395,,54.980,42.843,
1488754.389,,54.923,42.433,
1488854.392,,55.086,42.318,
1488954.387,,54.884,42.182,
1489054.382,,55.059,43.422,
1489154.379,,54.965,43.556,
1489254.377,,54.864,42.687,
1489354.374,,55.148,41.816,
1489454.370,,55.045,41.258,
1489554.369,,55.133,41.850,
1489654.369,,55.027,41.599,
1489754.368,,54.997,41.720,
1489854.360,,54.953,42.718,
1489954.361,,54.830,43.295,
1490054.354,,54.848,42.986,
1490154.353,,54.807,41.838,
1490254.353,,54.680,43.309,
1490354.346,,54.824,44.423,
1490454.346,,54.962,44.410,
1490554.341,,54.990,42.966,
1490654.338,,55.006,43.441,
1490754.341,,55.011,42.743,
1490854.335,,55.016,42.635,
1490954.334,,54.908,43.505,
1491054.329,,54.992,43.450,
1491154.330,,55.191,43.856,
1491254.322,,54.999,47.259,
1491354.323,,54.995,46.311,
1491454.317,,54.930,45.982,
1491554.314,,54.893,46.769,
1491654.313,,54.934,44.830,
1491754.312,,54.915,43.262,
1491854.308,,54.951,42.285,
1491954.307,,54.886,42.252,
1492054.300,,54.959,44.387,
1492154.303,,55.043,44.047,
1492254.297,,55.016,42.585,
1492354.293,,55.051,41.987,
1492454.291,,55.033,44.407,
1492554.287,,55.092,45.099,
1492654.284,,54.939,44.202,
1492754.284,,55.033,49.062,
1492854.285,,55.021,49.231,
1492954.278,,54.890,48.280,
1493054.278,,55.055,45.198,
1493154.271,,55.195,43.610,
1493254.270,,55.126,43.673,
1493354.271,,55.145,44.297,
1493454.268,,55.051,45.533,
1493554.266,,55.035,45.581,
1493654.260,,54.968,43.984,
1493754.258,,54.968,42.909,
1493854.253,,55.147,42.219,
1493954.252,,55.151,42.965,
1494054.252,,55.007,43.392,
1494154.250,,55.190,43.020,
1494254.247,,55.153,42.107,
1494354.244,,55.201,42.021,
1494454.241,,55.227,42.261,
1494554.237,,55.230,41.270,
1494654.231,,55.164,40.560,
1494754.233,,55.025,40.636,
1494854.228,,55.113,40.898,
1494954.222,,54.689,40.414,
1495054.225,,54.445,40.357,
1495154.217,,54.209,40.338,
1495254.219,,54.822,40.955,
1495354.217,,54.946,41.487,
1495454.211,,54.995,42.300,
1495554.207,,55.048,43.242,
1495654.207,,55.103,41.955,
1495754.200,,55.082,41.132,
1495854.200,,55.070,41.218,
1495954.200,,55.023,41.345,
1496054.196,,55.086,41.178,
1496154.193,,54.914,40.583,
1496254.189,,54.912,41.174,
1496354.192,,54.885,42.987,
1496454.188,,54.971,42.867,
1496554.188,,54.927,43.062,
1496654.184,,54.833,43.293,
1496754.181,,54.951,43.449,
1496854.179,,54.882,43.400,
1496954.173,,55.002,43.643,
1497054.176,,55.115,42.310,
1497154.173,,55.075,41.087,
1497254.170,,55.160,40.877,
1497354.167,,54.861,41.532,
1497454.168,,54.886,42.973,
1497554.160,,54.988,42.555,
1497654.161,,55.013,44.113,
1497754.158,,54.936,44.577,
1497854.154,,54.993,44.091,
1497954.153,,55.035,42.944,
1498054.154,,54.960,43.112,
1498154.151,,55.037,42.645,
1498254.143,,54.921,41.445,
1498354.147,,55.006,41.231,
1498454.142,,55.010,40.849,
1498554.139,,55.027,40.366,
1498654.140,,54.907,40.007,
1498754.138,,55.104,40.150,
1498854.130,,55.123,41.459,
1498954.129,,55.040,42.647,
1499054.131,,55.086,42.791,
1499154.128,,55.105,42.508,
1499254.123,,54.999,41.581,
1499354.122,,55.120,42.162,
1499454.118,,55.114,42.385,
1499554.117,,55.055,41.794,
1499654.116,,54.970,41.704,
1499754.112,,55.000,42.536,
1499854.109,,54.989,41.396,
1499954.112,,55.031,40.899,
1500054.104,,55.075,41.503,
1500154.107,,55.014,42.428,
1500254.100,,55.083,42.022,
1500354.102,,55.048,42.846,
1500454.099,,55.139,43.056,
1500554.092,,55.206,42.292,
1500654.093,,55.015,42.896,
1500754.087,,55.327,43.404,
1500854.085,,55.159,43.148,
1500954.083,,55.339,42.872,
1501054.086,,55.241,44.293,
1501154.079,,55.176,45.583,
1501254.078,,54.972,44.125,
1501354.075,,54.852,43.626,
1501454.078,,54.838,43.412,
1501554.073,,54.942,43.371,
1501654.073,,54.996,41.987,
1501754.069,,55.017,41.390,
1501854.062,,54.962,41.084,
1501954.063,,55.035,41.091,
1502054.058,,54.892,41.185,
1502154.056,,55.018,41.663,
1502254.054,,55.020,41.027,
1502354.052,,55.075,41.256,
1502454.055,,55.015,41.116,
1502554.048,,54.944,42.485,
1502654.030,,55.103,43.130,
1502754.044,,55.004,43.571,
1502854.046,,55.024,42.725,
1502954.039,,55.016,43.247,
1503054.040,,55.089,43.176,
1503154.035,,55.065,43.616,
1503254.036,,54.994,43.544,
1503354.029,,54.976,42.351,
1503454.029,,55.063,42.214,
1503554.026,,54.938,43.470,
1503654.027,,55.002,43.031,
1503754.021,,55.014,42.455,
1503854.018,,55.081,42.717,
1503954.017,,55.130,42.868,
1504054.011,,55.226,42.607,
1504154.007,,54.975,42.788,
1504254.007,,54.820,42.131,
1504353.999,,54.710,40.921,
1504453.999,,54.705,40.342,
1504553.993,,54.719,40.559,
1504653.990,,54.977,41.574,
1504753.987,,54.888,41.809,
1504853.978,,54.840,41.129,
1504953.977,,54.835,41.067,
1505053.972,,54.767,41.637,
1505153.970,,54.913,41.939,
1505253.967,,54.960,42.622,
1505353.958,,54.982,43.049,
1505453.957,,54.856,43.671,
1505553.949,,55.013,43.684,
1505653.950,,55.075,43.973,
1505753.946,,55.113,43.826,
1505853.942,,55.114,42.305,
1505953.936,,55.083,41.279,
1506053.930,,55.116,41.285,
1506153.928,,55.039,40.864,
1506253.922,,55.094,40.627,
1506353.922,,55.184,40.960,
1506453.919,,55.069,42.034,
1506553.914,,55.045,42.467,
1506653.908,,55.124,42.272,
1506753.901,,55.240,42.573,
1506853.900,,55.413,41.849,
1506953.895,,55.289,40.820,
1507053.892,,55.192,40.387,
1507153.890,,55.180,40.831,
1507253.881,,55.127,41.875,
1507353.881,,55.142,42.940,
1507453.879,,55.131,43.566,
1507553.870,,55.109,43.783,
1507653.870,,55.128,44.309,
1507753.867,,55.233,46.249,
1507853.858,,55.206,46.604,
1507953.858,,55.232,46.172,
1508053.849,,55.136,45.062,
1508153.850,,55.131,43.165,
1508253.840,,55.077,42.246,
1508353.842,,55.128,41.970,
1508453.836,,55.200,41.493,
1508553.831,,55.173,41.993,
1508653.825,,55.195,43.053,
1508753.826,,55.178,43.405,
1508853.819,,55.162,44.412,
1508953.816,,55.074,45.799,
1509053.811,,55.208,45.742,
1509153.808,,55.195,45.583,
1509253.807,,55.174,44.935,
1509353.797,,55.117,43.732,
1509453.795,,55.023,42.684,
1509553.791,,55.150,41.629,
1509653.790,,55.017,41.350,
1509753.785,,55.128,41.531,
1509853.778,,55.170,41.263,
1509953.779,,55.127,42.156,
1510053.769,,54.889,42.486,
1510153.767,,55.053,43.825,
1510253.763,,54.992,43.582,
1510353.759,,55.047,44.829,
1510453.759,,55.117,45.882,
1510553.750,,55.102,45.078,
1510653.751,,55.027,44.118,
1510753.745,,54.898,43.008,
1510853.739,,54.992,42.276,
1510953.737,,54.843,41.796,
1511053.734,,54.954,42.171,
1511153.729,,54.882,41.893,
1511253.720,,54.963,42.592,
1511353.720,,55.020,43.234,
1511453.717,,54.859,41.896,
1511553.712,,54.922,41.007,
1511653.704,,55.006,40.724,
1511753.701,,55.021,41.206,
1511853.697,,55.014,42.159,
1511953.693,,55.067,42.519,
1512053.694,,55.162,42.758,
1512153.693,,54.922,43.175,
1512253.686,,54.862,43.298,
1512353.683,,54.858,43.931,
1512453.683,,55.085,42.929,
1512553.679,,55.091,42.545,
1512653.680,,55.056,42.057,
1512753.672,,55.130,41.933,
1512853.668,,55.015,42.025,
1512953.671,,54.933,42.291,
1513053.663,,54.958,42.231,
1513153.660,,54.945,42.379,
1513253.661,,54.984,42.785,
1513353.658,,54.900,43.865,
1513453.656,,54.976,43.208,
1513553.648,,54.963,42.589,
1513653.651,,54.929,43.641,
1513753.648,,54.955,45.712,
1513853.645,,55.030,46.149,
1513953.641,,55.189,45.613,
1514053.635,,55.178,45.793,
1514153.632,,54.997,44.500,
1514253.631,,54.984,43.041,
1514353.631,,54.917,42.829,
1514453.623,,54.962,42.001,
1514553.619,,54.831,41.737,
1514653.621,,54.864,42.361,
1514753.617,,54.821,41.647,
1514853.614,,54.923,42.081,
1514953.611,,54.905,42.403,
1515053.608,,54.997,42.363,
1515153.606,,55.026,42.656,
1515253.604,,54.909,42.790,
1515353.599,,55.117,43.472,
1515453.596,,55.099,44.448,
1515553.591,,55.183,43.207,
1515653.589,,55.047,43.960,
1515753.587,,55.141,45.829,
1515853.583,,55.151,46.713,
1515953.582,,55.136,44.601,
1516053.580,,55.020,44.070,
1516153.574,,54.992,44.871,
1516253.575,,55.094,44.319,
1516353.568,,55.095,44.189,
1516453.564,,54.944,44.112,
1516553.568,,54.983,43.050,
1516653.561,,55.008,43.091,
1516753.559,,54.802,42.735,
1516853.555,,54.869,41.897,
1516953.552,,54.888,41.451,
1517053.549,,55.021,41.599,
1517153.546,,54.972,42.370,
1517253.545,,54.777,41.982,
1517353.539,,54.781,40.987,
1517453.540,,54.855,40.615,
1517553.537,,54.907,40.214,
1517653.530,,54.891,40.033,
1517753.530,,54.873,40.002,
1517853.525,,54.960,40.686,
1517953.523,,54.918,41.639,
1518053.519,,54.918,41.788,
1518153.518,,54.946,41.765,
1518253.515,,54.940,41.387,
1518353.510,,55.077,41.945,
1518453.508,,55.021,42.171,
1518553.509,,55.075,41.060,
1518653.505,,55.061,40.571,
1518753.504,,55.122,40.668,
1518853.500,,55.060,41.342,
1518953.500,,55.087,42.178,
1519053.491,,55.122,42.404,
1519153.488,,55.047,42.582,
1519253.490,,55.047,43.055,
1519353.488,,54.967,42.907,
1519453.484,,55.073,42.839,
1519553.478,,55.010,43.033,
1519653.478,,55.041,44.479,
1519753.474,,55.035,44.147,
1519853.472,,55.033,41.977,
1519953.466,,54.828,41.002,
1520053.464,,55.045,40.776,
1520153.463,,55.118,41.707,
1520253.461,,55.085,42.653,
1520353.455,,55.001,42.414,
1520453.454,,54.994,42.514,
1520553.450,,54.969,42.477,
1520653.443,,54.982,41.513,
1520753.445,,54.867,41.110,
1520853.440,,54.839,41.404,
1520953.438,,54.832,42.056,
1521053.435,,54.895,41.554,
1521153.431,,54.904,41.476,
1521253.429,,54.926,41.971,
1521353.425,,54.933,42.414,
1521453.419,,55.023,43.703,
1521553.417,,54.902,44.463,
1521653.413,,54.896,44.406,
1521753.410,,55.120,42.514,
1521853.405,,55.190,42.058,
1521953.401,,55.063,42.689,
1522053.398,,54.957,43.368,
1522153.398,,55.044,43.748,
1522253.397,,55.105,45.205,
1522353.390,,55.060,46.525,
1522453.386,,55.018,46.350,
1522553.386,,55.097,44.562,
1522653.382,,55.222,42.940,
1522753.381,,55.155,42.548,
1522853.377,,55.150,43.150,
1522953.370,,55.113,42.176,
1523053.368,,55.020,41.952,
1523153.369,,54.919,41.976,
1523253.361,,55.020,42.656,
1523353.362,,55.096,44.215,
1523453.358,,55.002,45.914,
1523553.352,,55.010,47.558,
1523653.349,,54.894,45.504,
1523753.344,,54.943,43.565,
1523853.344,,54.979,42.761,
1523953.337,,55.000,43.265,
1524053.334,,55.072,42.069,
1524153.334,,55.004,40.932,
1524253.332,,54.955,40.355,
1524353.324,,55.043,40.973,
1524453.327,,55.034,40.605,
1524553.320,,55.018,41.593,
1524653.317,,54.953,41.156,
1524753.315,,54.961,41.263,
1524853.312,,54.943,41.654,
1524953.308,,54.858,40.954,
1525053.302,,54.787,40.446,
1525153.301,,54.723,41.519,
1525253.300,,54.837,41.611,
1525353.297,,54.778,41.192,
1525453.294,,54.877,40.996,
1525553.292,,54.962,40.460,
1525653.287,,54.673,40.872,
1525753.283,,54.943,41.134,
1525853.280,,54.897,41.064,
1525953.279,,54.858,40.469,
1526053.271,,54.917,40.271,
1526153.268,,54.913,40.823,
1526253.270,,54.892,41.573,
1526353.267,,54.691,42.005,
1526453.260,,54.785,43.452,
1526553.256,,54.844,43.078,
1526653.251,,54.875,43.626,
1526753.250,,54.901,43.104,
1526853.251,,55.022,43.599,
1526953.246,,54.962,42.657,
1527053.241,,54.729,42.062,
1527153.236,,54.800,43.504,
1527253.233,,54.804,44.050,
1527353.232,,54.791,42.721,
1527453.231,,54.708,41.397,
1527553.226,,54.750,41.407,
1527653.222,,54.771,42.387,
1527753.218,,55.050,42.074,
1527853.214,,54.995,42.697,
1527953.215,,54.854,42.644,
1528053.208,,54.795,42.987,
1528153.208,,54.887,42.509,
1528253.207,,54.872,41.381,
1528353.202,,54.904,40.898,
1528453.202,,54.932,40.851,
1528553.201,,54.839,40.654,
1528653.197,,54.828,41.039,
1528753.196,,54.743,40.976,
1528853.194,,54.740,41.023,
1528953.190,,54.692,41.820,
1529053.189,,54.804,42.950,
1529153.186,,54.790,42.867,
1529253.181,,54.712,44.482,
1529353.177,,55.102,45.767,
1529453.174,,54.685,43.829,
1529553.176,,54.940,42.077,
1529653.172,,54.960,41.096,
1529753.166,,54.853,40.663,
1529853.168,,55.010,41.100,
1529953.161,,54.899,40.763,
1530053.159,,55.118,40.940,
1530153.156,,55.075,41.853,
1530253.155,,55.076,42.170,
1530353.154,,55.154,42.187,
1530453.149,,54.980,42.979,
1530553.146,,55.002,45.043,
1530653.144,,55.030,44.271,
1530753.142,,54.972,42.402,
1530853.144,,55.070,41.472,
1530953.135,,55.079,41.496,
1531053.137,,55.004,42.297,
1531153.134,,54.922,42.120,
1531253.132,,54.892,43.017,
1531353.125,,54.909,43.133,
1531453.125,,54.923,43.975,
1531553.124,,55.006,43.994,
1531653.122,,55.064,43.739,
1531753.116,,55.042,43.941,
1531853.119,,55.060,45.194,
1531953.111,,54.823,43.527,
1532053.110,,54.897,42.916,
1532153.106,,54.971,42.754,
1532253.105,,54.973,41.737,
1532353.104,,54.843,41.138,
1532453.101,,54.843,41.865,
1532553.099,,54.780,41.405,
1532653.094,,54.859,42.406,
1532753.095,,54.829,43.677,
1532853.093,,54.786,43.023,
1532953.088,,54.876,43.084,
1533053.086,,54.826,42.335,
1533153.085,,54.739,41.447,
1533253.080,,54.838,42.100,
1533353.081,Input1*2*0,54.748,41.622,
1533453.078,Input1*2*1,54.830,41.226,
1533553.072,,54.843,42.705,
1533653.073,,54.801,48.484,
1533753.068,,54.869,48.799,
1533853.064,,54.843,47.158,
1533953.061,,54.923,44.481,
1534053.059,,54.931,42.849,
1534153.056,,54.934,42.091,
1534253.054,,55.078,42.831,
1534353.054,,55.051,43.110,
1534453.048,,55.073,43.325,
1534553.051,,54.909,43.388,
1534653.050,,54.949,43.384,
1534753.047,,55.017,43.130,
1534853.044,,55.056,42.242,
1534953.037,,55.062,41.084,
1535053.036,,55.154,40.826,
1535153.035,,55.047,40.929,
1535253.029,,54.953,40.707,
1535353.029,,55.124,40.382,
1535453.028,,55.072,40.914,
1535553.021,,55.070,41.250,
1535653.023,,54.959,41.504,
1535753.020,,55.012,42.431,
1535853.019,,55.007,43.166,
1535953.013,,55.043,43.878,
1536053.007,,54.980,44.348,
1536153.004,,54.904,44.301,
1536253.004,,54.884,43.446,
1536352.998,,54.962,42.542,
1536452.991,,54.941,41.110,
1536552.991,,54.988,40.275,
1536652.988,,54.696,39.942,
1536752.984,,54.661,40.278,
1536852.975,,54.938,40.803,
1536952.975,,54.701,40.257,
1537052.970,,54.926,40.757,
1537152.965,,54.970,41.726,
1537252.958,,54.905,41.906,
1537352.960,,54.853,41.187,
1537452.954,,54.684,41.595,
1537552.952,,54.709,41.851,
1537652.943,,54.820,41.008,
1537752.938,,54.762,41.098,
1537852.938,,54.784,42.167,
1537952.931,,54.891,48.292,
1538052.932,,54.849,47.615,
1538152.927,,54.825,45.425,
1538252.921,,54.858,44.752,
1538352.919,,54.850,44.483,
1538452.912,,54.997,42.781,
1538552.907,,54.970,42.321,
1538652.904,,55.100,46.290,
1538752.900,,54.919,48.046,
1538852.899,,54.872,45.514,
1538952.896,,54.829,44.613,
1539052.890,,54.908,43.753,
1539152.883,,54.801,42.146,
1539252.882,,54.878,41.260,
1539352.875,,54.953,40.877,
1539452.872,,54.876,40.237,
1539552.871,,54.866,41.337,
1539652.864,,54.524,41.756,
1539752.864,,54.739,41.686,
1539852.854,,54.827,43.487,
1539952.852,,54.968,43.388,
1540052.853,,54.933,43.170,
1540152.845,,54.836,42.625,
1540252.840,,54.843,42.572,
1540352.841,,54.782,42.795,
1540452.831,,54.686,42.309,
1540552.828,,54.625,41.739,
1540652.827,,54.670,41.885,
1540752.820,,54.896,42.421,
1540852.820,,54.707,42.922,
1540952.811,,54.856,43.858,
1541052.810,,54.900,43.412,
1541152.805,,54.852,43.032,
1541252.803,,54.818,43.339,
1541352.801,,54.928,43.262,
1541452.796,,54.903,43.165,
1541552.793,,54.849,42.694,
1541652.787,,54.822,42.811,
1541752.786,,54.915,43.391,
1541852.777,,54.846,43.528,
1541952.775,,54.674,42.636,
1542052.769,,54.786,42.021,
1542152.769,,54.895,40.879,
1542252.762,,54.742,40.215,
1542352.759,,54.606,40.169,
1542452.754,,54.577,41.013,
1542552.751,,54.609,41.249,
1542652.750,,54.556,40.725,
1542752.741,,54.578,40.474,
1542852.738,,54.395,41.536,
1542952.736,,54.463,42.567,
1543052.732,,54.109,42.449,
1543152.727,,53.710,40.973,
1543252.725,,53.766,40.069,
1543352.719,,53.902,39.860,
1543452.713,,54.383,40.462,
1543552.709,,54.484,42.562,
1543652.707,,54.495,43.275,
1543752.706,,54.480,43.842,
1543852.702,,54.620,43.641,
1543952.695,,54.779,42.317,
1544052.692,,54.654,41.199,
1544152.688,,54.831,41.756,
1544252.688,,54.783,41.137,
1544352.681,,54.633,40.643,
1544452.678,,54.686,40.886,
1544552.679,,54.773,41.319,
1544652.672,,54.743,42.039,
1544752.670,,54.727,42.515,
1544852.670,,54.752,42.930,
1544952.664,,54.757,42.506,
1545052.657,,54.736,44.601,
1545152.659,,54.733,45.534,
1545252.650,,54.787,45.281,
1545352.648,,54.698,43.800,
1545452.650,,54.872,43.717,
1545552.646,,54.945,42.921,
1545652.638,,54.896,41.682,
1545752.633,,54.954,41.200,
1545852.636,,54.897,42.608,
1545952.631,,54.745,42.683,
1546052.624,,54.846,41.884,
1546152.622,,54.779,42.472,
1546252.624,,54.838,42.531,
1546352.620,,54.707,43.219,
1546452.610,,54.729,42.469,
1546552.609,,54.585,43.536,
1546652.606,,54.561,42.611,
1546752.600,,54.705,42.038,
1546852.597,,54.650,41.465,
1546952.597,,54.670,41.788,
1547052.595,,54.636,41.893,
1547152.593,,54.629,42.301,
1547252.585,,54.700,42.261,
1547352.582,,54.776,41.642,
1547452.579,,54.742,41.659,
1547552.575,,54.804,42.793,
1547652.577,,54.888,43.104,
1547752.568,,54.759,41.831,
1547852.565,,54.708,41.260,
1547952.563,,54.755,41.140,
1548052.558,,54.747,42.529,
1548152.560,,54.721,42.538,
1548252.557,,54.734,41.382,
1548352.548,,54.694,41.138,
1548452.549,,54.676,41.936,
1548552.543,,54.697,42.460,
1548652.541,,54.665,42.460,
1548752.536,,54.684,43.419,
1548852.537,,54.753,43.365,
1548952.528,,54.699,43.034,
1549052.526,,54.668,43.426,
1549152.521,,54.528,43.358,
1549252.522,,54.715,42.402,
1549352.521,,54.706,42.488,
1549452.512,,54.505,42.100,
1549552.514,,54.598,42.826,
1549652.508,,54.313,42.194,
1549752.501,,54.360,40.947,
1549852.498,,54.362,40.406,
1549952.501,,54.487,40.794,
1550052.496,,54.597,41.285,
1550152.491,,54.683,41.623,
1550252.490,,54.721,43.000,
1550352.483,,54.599,43.143,
1550452.480,,54.700,42.940,
1550552.481,,54.708,42.947,
1550652.478,,54.844,41.905,
1550752.473,,54.787,41.726,
1550852.470,,54.737,43.972,
1550952.467,,54.800,43.848,
1551052.465,,54.760,42.509,
1551152.458,,54.777,41.429,
1551252.453,,54.835,41.218,
1551352.449,,55.075,41.091,
1551452.446,,54.928,40.623,
1551552.449,,54.918,42.121,
1551652.443,,54.692,44.029,
1551752.441,,54.784,43.741,
1551852.434,,54.839,44.151,
1551952.435,,54.871,44.604,
1552052.430,,54.894,44.108,
1552152.426,,54.825,44.211,
1552252.421,,54.913,43.912,
1552352.423,,54.827,43.530,
1552452.416,,54.821,42.434,
1552552.418,,54.929,41.992,
1552652.414,,54.769,41.590,
1552752.412,,54.602,41.889,
1552852.405,,54.618,41.486,
1552952.406,,54.820,41.053,
1553052.402,,54.914,40.885,
1553152.396,,54.841,41.178,
1553252.392,,54.759,41.439,
1553352.391,,54.944,42.235,
1553452.385,,54.757,43.024,
1553552.385,,54.732,42.802,
1553652.379,,54.750,42.488,
1553752.379,,54.756,41.183,
1553852.379,,54.756,40.793,
1553952.370,,54.794,41.288,
1554052.373,,54.706,41.942,
1554152.369,,54.819,41.652,
1554252.366,,54.756,42.182,
1554352.359,,54.665,44.222,
1554452.356,,54.592,45.750,
1554552.355,,54.824,45.118,
1554652.349,,54.785,43.019,
1554752.349,,54.783,41.536,
1554852.343,,54.741,41.337,
1554952.341,,54.914,41.566,
1555052.343,,54.955,42.351,
1555152.340,,54.920,43.524,
1555252.332,,55.042,42.916,
1555352.330,,55.076,46.124,
1555452.326,,55.172,48.437,
1555552.328,,55.166,45.340,
1555652.326,,55.015,44.622,
1555752.323,,55.100,45.167,
1555852.320,,54.937,45.827,
1555952.315,,54.843,44.527,
1556052.311,,54.801,42.610,
1556152.310,,54.839,41.536,
1556252.307,,54.824,41.355,
1556352.298,,54.826,41.247,
1556452.297,,54.743,41.773,
1556552.296,,54.676,41.930,
1556652.293,,54.674,41.314,
1556752.290,,54.697,40.711,
1556852.290,,54.626,40.918,
1556952.285,,54.599,43.066,
1557052.279,,54.802,43.719,
1557152.277,,54.899,44.475,
1557252.273,,54.985,43.091,
1557352.270,,54.774,42.292,
1557452.267,,54.858,42.177,
1557552.264,,54.891,43.468,
1557652.260,,54.868,44.963,
1557752.264,,54.619,44.703,
1557852.254,,54.609,44.052,
1557952.253,,54.616,43.366,
1558052.254,,54.305,42.922,
1558152.250,,54.350,42.126,
1558252.242,,54.521,41.977,
1558352.241,,54.562,41.527,
1558452.238,,54.565,41.945,
1558552.239,,54.313,41.804,
1558652.232,,54.367,41.333,
1558752.233,,54.585,41.440,
1558852.228,,54.818,41.749,
1558952.223,,54.819,43.029,
1559052.219,,54.809,44.157,
1559152.216,,54.884,44.652,
1559252.212,,54.968,45.033,
1559352.212,,55.004,45.270,
1559452.212,,54.962,44.564,
1559552.208,,54.866,44.621,
1559652.203,,54.543,43.951,
1559752.199,,54.608,43.112,
1559852.197,,54.688,42.824,
1559952.196,,54.665,41.997,
1560052.192,,54.643,41.201,
1560152.191,,54.557,41.388,
1560252.185,,54.616,41.897,
1560352.185,,54.533,41.658,
1560452.185,,54.714,41.038,
1560552.176,,54.905,40.592,
1560652.174,,54.724,41.338,
1560752.176,,54.569,42.596,
1560852.172,,54.639,43.154,
1560952.167,,54.500,42.697,
1561052.166,,54.667,42.479,
1561152.165,,54.829,41.620,
1561252.157,,54.748,40.742,
1561352.157,,54.620,41.302,
1561452.156,,54.421,42.343,
1561552.155,,54.621,43.336,
1561652.147,,54.607,43.216,
1561752.143,,54.803,46.026,
1561852.141,,54.759,46.244,
1561952.143,,54.880,44.602,
1562052.137,,54.959,43.286,
1562152.139,,54.864,43.238,
1562252.136,,54.950,42.099,
1562352.131,,54.827,41.375,
1562452.124,,54.837,41.284,
1562552.123,,54.735,41.420,
1562652.122,,54.834,41.393,
1562752.118,,54.819,41.715,
1562852.120,,54.853,42.174,
1562952.112,,54.978,42.790,
1563052.111,,55.022,42.481,
1563152.107,,54.956,42.708,
1563252.106,,54.838,41.878,
1563352.100,,55.023,41.271,
1563452.102,,55.023,41.006,
1563552.095,,54.935,41.099,
1563652.095,,54.942,46.065,
1563752.090,,54.929,47.181,
1563852.093,,54.882,47.042,
1563952.090,,54.811,45.672,
1564052.087,,54.847,43.378,
1564152.079,,54.838,42.374,
1564252.080,,54.855,41.871,
1564352.075,,54.837,42.010,
1564452.073,,54.956,42.517,
1564552.072,,54.913,43.131,
1564652.071,,54.744,42.611,
1564752.069,,54.732,42.351,
1564852.066,,54.603,43.376,
1564952.058,,54.624,42.774,
1565052.061,,54.660,43.037,
1565152.053,,54.611,42.944,
1565252.052,,54.695,43.404,
1565352.047,,54.744,42.186,
1565452.050,,54.777,42.223,
1565552.043,,54.830,43.266,
1565652.039,,54.823,44.029,
1565752.041,,54.806,45.430,
1565852.038,,54.873,44.756,
1565952.034,,54.792,42.443,
1566052.028,,54.537,41.805,
1566152.025,,54.735,42.956,
1566252.025,,54.917,44.044,
1566352.020,,54.920,43.240,
1566452.023,,54.779,42.462,
1566552.017,,54.783,41.504,
1566652.017,,54.674,41.915,
1566752.013,,54.743,41.992,
1566852.012,,54.682,41.453,
1566952.003,,54.628,40.597,
1567052.000,,54.554,40.201,
1567152.001,,54.793,40.773,
1567251.996,,54.668,41.780,
1567351.993,,54.500,42.672,
1567451.994,,54.727,41.599,
1567551.990,,54.827,40.703,
1567651.985,,54.770,40.791,
1567751.984,,54.820,41.585,
1567851.986,,54.789,43.050,
1567951.977,,54.962,43.831,
1568051.973,,54.821,43.123,
1568151.972,,54.775,42.478,
1568251.965,,54.880,41.458,
1568351.965,,54.816,41.310,
1568451.963,,54.897,41.032,
1568551.958,,54.884,40.505,
1568651.950,,54.958,41.649,
1568751.951,,54.905,43.072,
1568851.945,,54.816,43.988,
1568951.940,,54.843,43.669,
1569051.937,,54.800,43.653,
1569151.936,,54.621,44.596,
1569251.930,,54.653,43.340,
1569351.927,,54.677,42.145,
1569451.921,,54.807,41.200,
1569551.918,,54.865,40.484,
1569651.918,,54.796,40.687,
1569751.914,,54.771,41.112,
1569851.909,,54.774,41.886,
1569951.904,,54.500,42.986,
1570051.904,,54.654,42.280,
1570151.901,,54.704,42.134,
1570251.892,,54.859,42.335,
1570351.888,,54.709,43.670,
1570451.883,,54.761,43.462,
1570551.881,,54.882,43.671,
1570651.880,,54.763,42.882,
1570751.878,,54.921,41.999,
1570851.871,,54.969,41.757,
1570951.871,,54.916,40.944,
1571051.864,,55.006,40.909,
1571151.861,,54.893,42.554,
1571251.859,,54.895,42.003,
1571351.855,,54.819,41.790,
1571451.853,,54.654,41.450,
1571551.847,,54.707,42.207,
1571651.844,,54.684,41.926,
1571751.836,,54.616,41.662,
1571851.837,,54.691,41.593,
1571951.833,,54.735,41.433,
1572051.831,,54.767,40.967,
1572151.823,,54.827,41.798,
1572251.820,,54.754,42.205,
1572351.818,,54.741,43.123,
1572451.814,,54.724,44.521,
1572551.811,,54.880,46.501,
1572651.806,,54.813,45.992,
1572751.801,,54.842,43.507,
1572851.797,,54.839,41.969,
1572951.792,,54.857,41.146,
1573051.791,,54.836,41.192,
1573151.785,,54.790,41.769,
1573251.781,,54.750,42.955,
1573351.783,,54.867,45.204,
1573451.776,,54.757,45.230,
1573551.769,,54.631,45.252,
1573651.768,,54.304,43.139,
1573751.767,,54.247,41.639,
1573851.762,,54.515,40.923,
1573951.759,,54.440,40.307,
1574051.753,,54.625,40.783,
1574151.749,,54.746,41.368,
1574251.746,,54.658,41.123,
1574351.740,,54.871,40.517,
1574451.736,,54.610,41.162,
1574551.733,,54.740,41.626,
1574651.732,,54.751,42.264,
1574751.728,,54.718,41.726,
1574851.726,,54.762,40.738,
1574951.723,,54.767,40.423,
1575051.717,,54.643,40.594,
1575151.715,,54.753,40.901,
1575251.712,,54.854,41.685,
1575351.704,,54.908,41.894,
1575451.699,,54.936,41.482,
1575551.701,,54.907,41.768,
1575651.692,,54.982,42.895,
1575751.688,,55.007,42.600,
1575851.686,,54.974,42.619,
1575951.683,,54.969,43.208,
1576051.680,,54.960,45.979,
1576151.678,,54.987,46.043,
1576251.676,,55.019,45.491,
1576351.677,,54.890,44.569,
1576451.673,,54.978,42.707,
1576551.671,,55.025,41.426,
1576651.670,,55.018,40.953,
1576751.665,,54.988,41.176,
1576851.664,,54.880,41.805,
1576951.661,,54.929,41.368,
1577051.657,,54.932,41.373,
1577151.657,,54.945,42.276,
1577251.649,,54.824,42.510,
1577351.649,,54.757,42.625,
1577451.649,,54.745,45.163,
1577551.641,,54.148,44.357,
1577651.641,,54.369,42.334,
1577751.636,,54.471,41.256,
1577851.635,,54.627,40.682,
1577951.632,,54.180,41.274,
1578051.632,,54.123,40.932,
1578151.630,,54.136,41.171,
1578251.626,,54.012,42.559,
1578351.620,,54.393,42.678,
1578451.616,,54.406,42.128,
1578551.613,,54.401,43.297,
1578651.617,,54.536,43.407,
1578751.610,,54.684,42.667,
1578851.606,,54.672,41.967,
1578951.604,,54.524,42.191,
1579051.606,,54.649,41.241,
1579151.598,,54.568,40.759,
1579251.598,,54.689,40.030,
1579351.595,,54.605,39.710,
1579451.593,,54.567,40.056,
1579551.589,,54.658,41.234,
1579651.591,,54.745,42.171,
1579751.582,,54.757,41.705,
1579851.585,,54.825,42.861,
1579951.577,,54.940,43.209,
1580051.578,,54.951,43.708,
1580151.575,,54.868,45.131,
1580251.574,,54.846,45.101,
1580351.572,,54.827,42.985,
1580451.564,,55.001,41.875,
1580551.563,,54.949,41.329,
1580651.559,,54.743,41.600,
1580751.562,,54.696,42.751,
1580851.555,,54.645,43.239,
1580951.557,,54.774,43.337,
1581051.549,,54.721,45.061,
1581151.551,,54.720,45.545,
1581251.548,,54.744,44.745,
1581351.545,,54.639,44.264,
1581451.539,,54.576,43.598,
1581551.535,,54.466,42.820,
1581651.535,,54.363,41.623,
1581751.533,,54.293,43.108,
1581851.532,,54.431,43.734,
1581951.526,,54.758,43.219,
1582051.525,,54.804,42.921,
1582151.525,,54.798,43.290,
1582251.519,,54.616,44.158,
1582351.519,,54.672,43.121,
1582451.515,,54.742,41.848,
1582551.510,,54.772,41.110,
1582651.508,,54.849,40.881,
1582751.509,,54.764,41.233,
1582851.502,,54.884,42.195,
1582951.500,,54.861,43.500,
1583051.502,,54.878,45.934,
1583151.496,,54.861,45.611,
1583251.495,,54.875,46.205,
1583351.488,,54.956,45.865,
1583451.486,,54.884,48.409,
1583551.485,,54.780,48.281,
1583651.481,,54.794,45.567,
1583751.482,,54.760,44.523,
1583851.480,,54.675,43.009,
1583951.472,,54.532,42.013,
1584051.475,,54.595,42.717,
1584151.473,,54.627,42.784,
1584251.468,,54.558,44.001,
1584351.460,,54.672,44.526,
1584451.458,,54.664,44.218,
1584551.456,,54.690,43.908,
1584651.453,,54.757,43.184,
1584751.449,,54.772,43.063,
1584851.447,,54.877,43.149,
1584951.448,,54.711,43.551,
1585051.442,,54.813,42.101,
1585151.439,,54.841,41.180,
1585251.438,,54.789,41.171,
1585351.433,,54.786,41.510,
1585451.434,,54.824,41.021,
1585551.428,,54.960,40.712,
1585651.424,,54.970,40.271,
1585751.421,,54.891,41.161,
1585851.422,,54.881,43.231,
1585951.415,,54.736,47.126,
1586051.411,,54.720,50.175,
1586151.411,,54.521,51.619,
1586251.406,,54.315,51.379,
1586351.405,,54.578,49.485,
1586451.403,,54.671,46.813,
1586551.402,,54.857,44.057,
1586651.399,,54.752,42.191,
1586751.392,,54.582,41.222,
1586851.390,,54.444,40.794,
1586951.387,,54.463,40.355,
1587051.386,,54.476,40.161,
1587151.378,,54.493,39.946,
1587251.379,,54.637,40.355,
1587351.378,,54.632,41.238,
1587451.374,,54.580,41.554,
1587551.367,,54.540,40.978,
1587651.369,,54.691,41.634,
1587751.364,,54.793,43.320,
1587851.361,,54.738,43.260,
1587951.357,,54.639,42.170,
1588051.355,,54.687,41.301,
1588151.349,,54.681,41.727,
1588251.352,,54.682,41.294,
1588351.347,,54.681,42.063,
1588451.342,,54.677,42.958,
1588551.339,,54.632,45.660,
1588651.335,,54.547,44.846,
1588751.334,,54.600,44.691,
1588851.335,,54.586,44.248,
1588951.329,,54.628,43.156,
1589051.329,,54.573,43.250,
1589151.322,,54.566,43.214,
1589251.320,,54.566,44.357,
1589351.320,,54.624,44.683,
1589451.316,,54.632,44.116,
1589551.311,,54.628,42.977,
1589651.306,,54.738,42.586,
1589751.304,,54.769,43.038,
1589851.305,,54.800,43.214,
1589951.302,,54.900,42.099,
1590051.300,,54.927,43.829,
1590151.292,,54.930,45.039,
1590251.292,,54.894,46.675,
1590351.291,,54.822,47.373,
1590451.282,,54.994,45.625,
1590551.284,,54.822,43.696,
1590651.281,,54.912,43.304,
1590751.275,,54.852,42.901,
1590851.276,,54.750,42.309,
1590951.271,,54.934,42.169,
1591051.270,,54.892,42.924,
1591151.263,,54.694,42.988,
1591251.264,,54.482,43.095,
1591351.260,,54.600,43.189,
1591451.256,,54.725,42.215,
1591551.254,,54.171,41.187,
1591651.251,,54.595,41.595,
1591751.247,,54.638,42.949,
1591851.244,,54.640,44.860,
1591951.241,,54.602,44.268,
1592051.238,,54.609,42.600,
1592151.235,,54.906,41.865,
1592251.231,,54.662,42.862,
1592351.224,,54.691,42.917,
1592451.222,,54.744,42.337,
1592551.219,,54.618,41.499,
1592651.215,,54.805,42.309,
1592751.211,,54.900,42.689,
1592851.209,,54.919,42.202,
1592951.204,,54.775,43.355,
1593051.201,,54.717,43.439,
1593151.200,,54.688,43.379,
1593251.195,,54.541,43.237,
1593351.188,,54.543,43.946,
1593451.190,,54.684,43.724,
1593551.181,,54.689,42.427,
1593651.182,,54.798,41.807,
1593751.177,,54.811,42.476,
1593851.173,,54.783,43.119,
1593951.167,,54.814,43.332,
1594051.166,,54.750,43.021,
1594151.164,,54.840,42.882,
1594251.158,,54.938,43.056,
1594351.157,,54.829,42.729,
1594451.153,,54.896,41.850,
1594551.148,,54.797,42.099,
1594651.142,,54.718,44.275,
1594751.144,,54.804,43.543,
1594851.134,,54.691,43.284,
1594951.137,,54.783,43.056,
1595051.128,,54.743,42.241,
1595151.125,,54.702,42.510,
1595251.125,,54.749,43.034,
1595351.117,,54.715,44.159,
1595451.115,,54.703,44.646,
1595551.116,,54.865,45.108,
1595651.109,,54.947,43.660,
1595751.107,,55.043,44.345,
1595851.104,,54.987,45.087,
1595951.102,,55.022,45.826,
1596051.094,,54.946,45.559,
1596151.090,,54.812,43.957,
1596251.089,,54.899,44.576,
1596351.088,,54.767,42.870,
1596451.084,,54.504,42.398,
1596551.075,,54.544,41.586,
1596651.071,,54.800,40.900,
1596751.073,,54.762,41.466,
1596851.069,,54.598,41.954,
1596951.063,,54.624,41.787,
1597051.061,,54.525,40.815,
1597151.055,,54.533,40.721,
1597251.050,,54.562,40.939,
1597351.048,,54.466,41.606,
1597451.046,,54.461,42.818,
1597551.038,,54.554,43.806,
1597651.038,,54.429,44.351,
1597751.038,,54.371,43.426,
1597851.034,,54.503,44.036,
1597951.027,,54.563,42.256,
1598051.026,,54.563,41.385,
1598151.020,,54.703,42.021,
1598251.014,,54.703,42.994,
1598351.012,,54.755,44.034,
1598451.012,,54.684,44.669,
1598551.004,,54.639,43.365,
1598651.005,,54.636,43.933,
1598750.997,,54.690,45.336,
1598850.997,,54.672,43.536,
1598950.995,,54.622,41.909,
1599050.987,,54.670,40.859,
1599150.984,,54.651,40.468,
1599250.978,,54.625,41.038,
1599350.975,,54.669,42.530,
1599450.976,,54.586,43.166,
1599550.968,,54.485,43.316,
1599650.967,,54.449,44.856,
1599750.965,,54.632,44.147,
1599850.957,,54.790,43.597,
1599950.959,,54.736,43.389,
1600050.953,,54.822,42.545,
1600150.951,,54.712,41.475,
1600250.948,,54.643,42.191,
1600350.948,,54.623,41.769,
1600450.941,,54.495,41.365,
1600550.940,,54.507,41.296,
1600650.941,,54.570,42.265,
1600750.937,,54.624,43.362,
1600850.933,,54.551,44.343,
1600950.932,,54.599,45.533,
1601050.927,,54.661,43.942,
1601150.927,,54.718,42.278,
1601250.919,,54.676,41.635,
1601350.920,,54.664,42.055,
1601450.913,,54.662,41.403,
1601550.912,,54.526,40.475,
1601650.911,,54.468,39.957,
1601750.908,,54.379,40.168,
1601850.906,,54.400,41.602,
1601950.899,,54.375,42.783,
1602050.900,,54.177,43.288,
1602150.895,,54.239,44.271,
1602250.895,,54.300,44.559,
1602350.894,,54.439,43.208,
1602450.889,,54.491,42.026,
1602550.889,,54.698,42.389,
1602650.885,,54.649,41.885,
1602750.881,,54.591,42.680,
1602850.876,,54.472,42.841,
1602950.873,,54.313,42.293,
1603050.875,,54.422,42.033,
1603150.866,,54.579,41.525,
1603250.867,,54.626,41.063,
1603350.862,,54.693,40.413,
1603450.864,,54.641,40.046,
1603550.859,,54.547,40.103,
1603650.858,,54.606,40.475,
1603750.856,,54.684,40.972,
1603850.850,,54.669,41.293,
1603950.850,,54.782,42.689,
1604050.844,,54.749,44.160,
1604150.844,,54.593,43.750,
1604250.842,,54.654,43.085,
1604350.836,,54.562,44.351,
1604450.833,,54.569,44.933,
1604550.829,,54.601,43.406,
1604650.825,,54.704,42.709,
1604750.825,,54.712,42.858,
1604850.824,,54.581,43.274,
1604950.822,,54.585,42.819,
1605050.818,,54.526,43.683,
1605150.813,,54.472,43.886,
1605250.808,,54.539,42.736,
1605350.810,,54.609,42.704,
1605450.807,,54.484,44.159,
1605550.804,,54.577,43.802,
1605650.799,,54.351,42.083,
1605750.795,,54.515,40.910,
1605850.798,,54.546,40.473,
1605950.791,,54.550,40.439,
1606050.786,,54.508,40.997,
1606150.786,,54.401,42.277,
1606250.787,,54.431,42.511,
1606350.783,,54.528,43.124,
1606450.781,,54.333,44.208,
1606550.776,,54.422,43.921,
1606650.774,,54.411,42.375,
1606750.773,,54.449,41.120,
1606850.766,,54.176,40.760,
1606950.766,,54.205,40.839,
1607050.761,,54.449,42.723,
1607150.760,,54.393,43.250,
1607250.758,,54.539,43.367,
1607350.753,,54.472,43.566,
1607450.748,,54.433,42.629,
1607550.745,,54.475,42.934,
1607650.748,,54.347,42.502,
1607750.739,,54.235,41.687,
1607850.739,,54.540,41.258,
1607950.736,,54.404,40.635,
1608050.735,,54.355,41.150,
1608150.729,,54.328,41.349,
1608250.730,,54.344,41.371,
1608350.727,,54.434,41.874,
1608450.720,,54.373,42.987,
1608550.719,,54.467,42.314,
1608650.717,,54.461,41.499,
1608750.710,,54.597,41.034,
1608850.711,,54.659,42.366,
1608950.710,,54.561,44.955,
1609050.702,,54.509,46.037,
1609150.701,,54.522,46.254,
1609250.694,,54.603,44.636,
1609350.693,,54.459,43.996,
1609450.695,,54.515,44.552,
1609550.688,,54.491,45.461,
1609650.686,,54.367,45.770,
1609750.685,,54.317,45.903,
1609850.677,,54.164,43.607,
1609950.675,,54.319,41.968,
1610050.675,,54.535,41.492,
1610150.670,,54.272,41.469,
1610250.670,,53.991,41.818,
1610350.667,,54.188,41.165,
1610450.662,,54.218,41.269,
1610550.658,,54.145,40.761,
1610650.658,,54.148,40.903,
1610750.652,,54.344,41.408,
1610850.651,,54.146,40.567,
1610950.645,,54.341,40.180,
1611050.644,,54.154,40.020,
1611150.637,,54.518,40.072,
1611250.634,,54.515,40.188,
1611350.636,,54.519,41.267,
1611450.629,,54.302,41.583,
1611550.627,,54.468,41.792,
1611650.624,,54.376,42.426,
1611750.623,,54.054,44.852,
1611850.622,,54.208,46.332,
1611950.617,,54.013,46.019,
1612050.614,,53.978,43.540,
1612150.610,,54.377,42.328,
1612250.609,,54.270,42.585,
1612350.604,,54.203,43.385,
1612450.602,,54.281,43.442,
1612550.598,,54.620,44.060,
1612650.592,,54.131,44.184,
1612750.590,,54.070,42.738,
1612850.588,,54.242,41.306,
1612950.587,,54.249,40.427,
1613050.580,,54.303,40.276,
1613150.579,,53.966,42.427,
1613250.574,,53.738,45.426,
1613350.571,,53.869,47.125,
1613450.571,,53.651,47.795,
1613550.571,,53.914,47.180,
1613650.565,,53.891,45.853,
1613750.561,,53.911,44.014,
1613850.559,,53.859,42.895,
1613950.556,,53.955,42.824,
1614050.549,,53.927,43.490,
1614150.548,,53.802,43.139,
1614250.547,,53.823,41.963,
1614350.544,,53.921,42.212,
1614450.540,,54.152,43.163,
1614550.534,,54.169,43.908,
1614650.533,,54.082,43.359,
1614750.530,,53.901,42.876,
1614850.529,,54.140,42.577,
1614950.527,,54.409,42.251,
1615050.523,,54.355,42.562,
1615150.520,,54.393,42.302,
1615250.515,,54.008,42.884,
1615350.516,,53.905,43.601,
1615450.511,,54.387,45.399,
1615550.510,,54.225,44.900,
1615650.505,,54.158,45.479,
1615750.501,,54.061,45.015,
1615850.500,,53.652,45.120,
1615950.492,,54.342,46.495,
1616050.496,,54.102,45.521,
1616150.490,,54.171,43.409,
1616250.488,,54.175,41.882,
1616350.488,,54.070,41.527,
1616450.480,,53.940,41.572,
1616550.481,,54.098,42.658,
1616650.480,,54.017,43.756,
1616750.477,,53.773,44.895,
1616850.470,,54.072,42.796,
1616950.468,,54.120,41.431,
1617050.466,,54.206,41.621,
1617150.464,,54.073,42.009,
1617250.462,,53.808,41.032,
1617350.462,,54.058,42.078,
1617450.456,,53.922,42.010,
1617550.453,,54.022,41.125,
1617650.451,,54.220,41.031,
1617750.448,,54.127,40.313,
1617850.447,,53.928,40.192,
1617950.446,,54.123,40.912,
1618050.440,,54.150,42.230,
1618150.438,,54.217,42.789,
1618250.440,,54.361,43.247,
1618350.434,,54.089,43.211,
1618450.430,,54.029,41.704,
1618550.431,,53.570,41.275,
1618650.429,,54.176,41.340,
1618750.422,,54.196,43.881,
1618850.423,,54.158,44.274,
1618950.419,,54.087,42.647,
1619050.418,,53.933,41.068,
1619150.417,,54.047,40.953,
1619250.412,,54.125,41.251,
1619350.408,,54.241,42.405,
1619450.408,,54.145,41.904,
1619550.405,,53.973,41.918,
1619650.402,,54.125,41.539,
1619750.399,,54.172,41.076,
1619850.395,,54.100,40.396,
1619950.391,,54.109,40.604,
1620050.389,,54.110,40.402,
1620150.388,,54.110,40.926,
1620250.386,,53.784,42.248,
1620350.386,,53.854,43.092,
1620450.379,,53.948,43.810,
1620550.377,,53.844,43.168,
1620650.375,,53.981,43.933,
1620750.378,,53.699,44.913,
1620850.369,,53.673,45.941,
1620950.370,,53.458,44.167,
1621050.368,,53.624,43.978,
1621150.365,,53.693,43.112,
1621250.363,,53.967,41.590,
1621350.362,,54.005,40.814,
1621450.360,,54.091,40.752,
1621550.353,,53.313,41.027,
1621650.349,,53.790,41.012,
1621750.350,,53.374,40.360,
1621850.347,,53.442,40.911,
1621950.342,,53.795,41.665,
1622050.342,,53.751,42.194,
1622150.336,,53.803,43.285,
1622250.339,,53.955,43.470,
1622350.332,,53.961,43.456,
1622450.329,,53.856,42.744,
1622550.328,,53.286,41.672,
1622650.328,,53.537,42.282,
1622750.323,,53.575,41.824,
1622850.319,,53.201,41.364,
1622950.321,,53.492,42.871,
1623050.314,,53.621,42.753,
1623150.315,,53.805,42.801,
1623250.310,,53.981,42.425,
1623350.305,,53.936,42.297,
1623450.307,,54.146,42.762,
1623550.306,,54.312,43.504,
1623650.298,,54.200,42.406,
1623750.297,,54.266,42.105,
1623850.293,,54.248,44.953,
1623950.294,,54.231,45.750,
1624050.287,,54.219,44.611,
1624150.286,,54.238,44.799,
1624250.282,,54.309,42.700,
1624350.279,,54.257,42.270,
1624450.275,,54.167,43.222,
1624550.272,,54.277,42.742,
1624650.263,,54.025,42.146,
1624750.260,,53.890,41.590,
1624850.256,,53.938,41.179,
1624950.253,,53.839,40.549,
1625050.252,,53.960,40.131,
1625150.251,,54.150,41.198,
1625250.247,,54.116,42.351,
1625350.242,,54.058,42.502,
1625450.238,,54.164,42.658,
1625550.236,,54.044,43.251,
1625650.227,,54.115,43.091,
1625750.225,,54.233,42.661,
1625850.221,,53.657,41.645,
1625950.216,,53.301,41.224,
1626050.216,,53.848,41.602,
1626150.208,,54.050,44.385,
1626250.210,,54.081,44.904,
1626350.206,,54.087,45.362,
1626450.197,,53.864,45.349,
1626550.196,,54.125,46.514,
1626650.190,,53.509,45.124,
1626750.188,,53.791,43.909,
1626850.187,,53.932,42.671,
1626950.179,,54.022,43.020,
1627050.179,,53.945,42.520,
1627150.177,,53.809,43.540,
1627250.168,,53.914,44.108,
1627350.168,,53.678,45.454,
1627450.160,,54.089,46.113,
1627550.159,,54.074,44.393,
1627650.156,,53.799,42.506,
1627750.150,,54.160,41.311,
1627850.146,,54.292,40.565,
1627950.141,,54.191,39.972,
1628050.141,,53.921,40.752,
1628150.136,,54.188,41.110,
1628250.130,,54.321,40.828,
1628350.126,,54.360,40.844,
1628450.122,,54.403,40.762,
1628550.122,,54.315,40.917,
1628650.114,,54.243,41.205,
1628750.116,,54.289,40.821,
1628850.107,,54.315,41.297,
1628950.104,,54.321,41.533,
1629050.106,,54.365,41.668,
1629150.101,,54.353,41.849,
1629250.095,,54.397,41.529,
1629350.089,,54.335,41.543,
1629450.089,,54.441,42.187,
1629550.086,,54.398,41.904,
1629650.079,,54.385,42.057,
1629750.073,,54.340,41.840,
1629850.074,,53.962,41.866,
1629950.072,,53.752,42.506,
1630050.063,,53.917,44.405,
1630150.062,,53.968,44.125,
1630250.055,,54.226,43.545,
1630350.055,,54.091,43.980,
1630450.053,,53.945,44.309,
1630550.044,,54.010,45.272,
1630650.043,,53.994,45.587,
1630750.038,,53.908,45.334,
1630850.034,,53.780,43.549,
1630950.031,,53.764,43.550,
1631050.026,,53.810,44.149,
1631150.027,,53.726,44.700,
1631250.018,,53.299,45.459,
1631350.017,,53.513,45.554,
1631450.011,,53.683,45.161,
1631550.013,,54.053,43.697,
1631650.003,,54.092,43.302,
1631750.000,,54.167,44.532,
1631849.997,,54.109,44.153,
1631949.994,,54.194,42.607,
1632049.993,,54.299,41.526,
1632149.996,,54.310,41.061,
1632249.990,,54.335,41.496,
1632349.989,,54.390,42.102,
1632449.986,,54.296,43.304,
1632549.986,,53.907,42.411,
1632649.982,,53.974,41.017,
1632749.981,,54.297,40.420,
1632849.980,,54.416,40.442,
1632949.974,,54.425,40.666,
1633049.975,,54.515,40.497,
1633149.974,,54.477,40.029,
1633249.970,,54.487,39.808,
1633349.968,,54.557,40.362,
1633449.963,,54.420,42.905,
1633549.966,,54.484,44.195,
1633649.958,,54.317,43.693,
1633749.957,,54.289,43.578,
1633849.960,,54.196,43.254,
1633949.958,,54.356,42.686,
1634049.951,,54.319,43.051,
1634149.952,,54.270,44.530,
1634249.947,,54.261,44.612,
1634349.949,,54.240,44.430,
1634449.945,,54.245,44.179,
1634549.943,,54.248,43.783,
1634649.939,,54.142,43.602,
1634749.935,,54.261,42.313,
1634849.936,,54.197,42.035,
1634949.937,,53.967,43.395,
1635049.933,,53.973,43.154,
1635149.930,,54.134,42.927,
1635249.927,,54.115,41.348,
1635349.928,,54.457,40.612,
1635449.922,,54.308,40.794,
1635549.923,,54.492,42.456,
1635649.921,,54.219,43.640,
1635749.915,,54.187,43.633,
1635849.916,,54.017,42.963,
1635949.911,,54.063,42.367,
1636049.909,,53.756,41.480,
1636149.912,,53.664,41.384,
1636249.907,,54.186,41.538,
1636349.902,,54.510,40.772,
1636449.903,,54.754,40.663,
1636549.902,,54.474,41.210,
1636649.900,,54.463,42.082,
1636749.895,,54.450,42.339,
1636849.894,,54.485,42.454,
1636949.894,,54.601,41.807,
1637049.889,,54.451,42.374,
1637149.890,,54.482,42.841,
1637249.884,,54.407,41.783,
1637349.887,,54.298,41.559,
1637449.882,,54.309,41.239,
1637549.877,,54.368,40.967,
1637649.875,,54.498,41.591,
1637749.877,,54.405,41.479,
1637849.875,,54.405,41.338,
1637949.874,,54.385,41.268,
1638049.870,,54.384,41.121,
1638149.866,,54.237,40.893,
1638249.865,,54.620,40.854,
1638349.860,,54.611,41.683,
1638449.860,,54.725,42.010,
1638549.858,,54.548,42.608,
1638649.858,,54.620,43.179,
1638749.854,,54.603,43.960,
1638849.854,,54.603,43.648,
1638949.852,,54.448,42.235,
1639049.846,,54.118,41.363,
1639149.846,,54.037,42.587,
1639249.848,,53.968,45.316,
1639349.841,,54.063,43.368,
1639449.843,,53.814,42.430,
1639549.835,,53.316,40.959,
1639649.840,,53.148,40.304,
1639749.837,,53.260,40.340,
1639849.836,,53.538,41.386,
1639949.829,,53.671,41.409,
1640049.822,,53.583,41.127,
1640149.822,,53.052,41.419,
1640249.818,,53.357,41.612,
1640349.815,,53.970,44.134,
1640449.812,,54.100,47.492,
1640549.805,,54.278,49.793,
1640649.800,,54.673,49.194,
1640749.799,,54.763,47.358,
1640849.794,,54.731,45.399,
1640949.794,,54.601,44.723,
1641049.791,,54.590,44.784,
1641149.781,,54.454,44.363,
1641249.777,,54.433,42.226,
1641349.778,,54.388,41.190,
1641449.771,,54.495,40.778,
1641549.768,,54.454,40.622,
1641649.763,,54.572,40.912,
1641749.760,,54.435,40.773,
1641849.754,,54.474,40.215,
1641949.752,,54.405,40.616,
1642049.746,,54.484,40.416,
1642149.744,,54.355,40.636,
1642249.743,,54.211,40.684,
1642349.738,,54.302,40.508,
1642449.731,,54.708,40.022,
1642549.729,,54.627,39.693,
1642649.726,,54.756,39.612,
1642749.721,,54.485,39.746,
1642849.721,,54.375,40.198,
1642949.712,,54.146,40.770,
1643049.707,,54.290,40.488,
1643149.708,,54.351,40.587,
1643249.702,,54.455,40.744,
1643349.700,,54.421,40.305,
1643449.695,,54.474,41.928,
1643549.694,,54.472,42.693,
1643649.690,,54.453,42.171,
1643749.681,,54.397,41.445,
1643849.682,,54.467,41.400,
1643949.673,,54.434,42.111,
1644049.670,,54.473,43.475,
1644149.667,,54.406,42.592,
1644249.662,,54.445,41.706,
1644349.659,,54.527,40.689,
1644449.654,,54.481,40.099,
1644549.653,,54.424,40.594,
1644649.652,,54.489,41.842,
1644749.646,,54.572,43.538,
1644849.642,,54.540,43.316,
1644949.638,,54.291,43.016,
1645049.637,,54.475,43.321,
1645149.629,,54.560,42.890,
1645249.628,,54.609,41.388,
1645349.619,,54.584,40.737,
1645449.617,,54.472,41.183,
1645549.617,,54.001,42.080,
1645649.609,,54.199,42.538,
1645749.609,,54.391,44.703,
1645849.600,,54.386,44.677,
1645949.602,,54.495,42.589,
1646049.597,,54.318,41.957,
1646149.593,,54.366,42.039,
1646249.586,,54.438,42.959,
1646349.584,,54.500,42.935,
1646449.581,,54.494,41.849,
1646549.573,,54.399,41.589,
1646649.574,,54.436,41.225,
1646749.571,,54.473,41.867,
1646849.564,,54.409,42.555,
1646949.560,,54.442,43.039,
1647049.558,,54.400,42.709,
1647149.553,,54.400,41.244,
1647249.550,,54.249,41.515,
1647349.544,,54.408,41.615,
1647449.545,,54.312,40.707,
1647549.540,,54.535,40.544,
1647649.534,,54.270,42.333,
1647749.530,,54.246,43.318,
1647849.526,,54.365,43.085,
1647949.527,,54.267,42.582,
1648049.522,,54.408,42.031,
1648149.518,,54.315,42.053,
1648249.519,,54.330,41.208,
1648349.517,,54.462,41.179,
1648449.516,,54.254,41.551,
1648549.510,,54.535,41.190,
1648649.512,,54.460,40.499,
1648749.512,,54.516,39.912,
1648849.506,,54.624,40.020,
1648949.506,,54.451,41.148,
1649049.500,,54.415,41.209,
1649149.503,,54.385,40.788,
1649249.500,,54.514,42.151,
1649349.497,,54.205,42.930,
1649449.498,,54.370,42.893,
1649549.493,,54.541,43.015,
1649649.489,,54.631,42.778,
1649749.490,,54.465,42.802,
1649849.491,,54.595,42.945,
1649949.483,,54.576,43.971,
1650049.483,,54.460,44.498,
1650149.480,,54.534,43.464,
1650249.479,,54.309,42.842,
1650349.476,,54.360,41.923,
1650449.474,,54.425,41.660,
1650549.470,,54.397,41.503,
1650649.473,,54.333,42.101,
1650749.473,,54.414,44.191,
1650849.467,,54.558,46.063,
1650949.468,,54.496,45.859,
1651049.464,,54.438,44.767,
1651149.461,,54.464,43.412,
1651249.462,,54.477,43.481,
1651349.461,,54.482,43.483,
1651449.455,,54.448,42.929,
1651549.451,,54.654,42.983,
1651649.449,,54.443,45.594,
1651749.448,,54.354,46.614,
1651849.447,,54.442,45.951,
1651949.445,,54.385,44.049,
1652049.442,,54.434,43.614,
1652149.439,,54.495,43.136,
1652249.439,,54.493,42.064,
1652349.438,,54.470,41.735,
1652449.426,,54.178,42.381,
1652549.433,,54.057,42.236,
1652649.430,,54.250,41.931,
1652749.433,,54.268,41.125,
1652849.430,,54.331,40.925,
1652949.428,,54.313,40.315,
1653049.423,,54.402,40.213,
1653149.426,,54.330,40.086,
1653249.423,,54.306,39.933,
1653349.421,,54.478,40.662,
1653449.416,Input1*2*0,54.440,41.253,
1653549.413,Input1*2*1,54.411,41.613,
1653649.411,,54.492,42.083,
1653749.412,,54.491,41.338,
1653849.407,,54.586,41.458,
1653949.410,,54.737,40.986,
1654049.402,,54.808,40.467,
1654149.406,,54.652,40.447,
1654249.405,,54.590,41.086,
1654349.398,,54.472,42.046,
1654449.399,,54.443,42.288,
1654549.396,,54.340,44.306,
1654649.391,,54.391,45.250,
1654749.389,,54.524,44.900,
1654849.391,,54.339,43.238,
1654949.387,,54.404,41.672,
1655049.383,,54.350,40.894,
1655149.384,,54.347,40.816,
1655249.378,,54.376,41.066,
1655349.381,,54.495,40.954,
1655449.375,,54.360,41.837,
1655549.379,,54.447,42.359,
1655649.376,,54.346,42.098,
1655749.369,,54.457,41.564,
1655849.370,,54.295,42.169,
1655949.364,,54.400,41.601,
1656049.365,,54.397,41.547,
1656149.356,,54.338,41.979,
1656249.357,,54.267,42.393,
1656349.354,,54.409,42.533,
1656449.346,,54.168,41.016,
1656549.342,,53.591,40.622,
1656649.340,,53.615,41.262,
1656749.337,,53.648,41.626,
1656849.337,,53.956,40.730,
1656949.328,,54.226,39.897,
1657049.326,,54.104,39.434,
1657149.325,,54.143,40.547,
1657249.319,,54.302,42.931,
1657349.314,,54.184,45.003,
1657449.314,,54.235,45.053,
1657549.309,,54.103,43.847,
1657649.302,,54.091,42.375,
1657749.302,,54.101,41.310,
1657849.295,,54.108,40.997,
1657949.297,,54.440,40.769,
1658049.293,,54.263,40.206,
1658149.290,,54.469,39.848,
1658249.283,,54.561,40.219,
1658349.281,,54.574,40.463,
1658449.275,,54.435,41.092,
1658549.269,,54.434,41.806,
1658649.269,,54.412,43.035,
1658749.269,,54.325,43.115,
1658849.264,,54.294,43.811,
1658949.260,,54.309,43.552,
1659049.253,,54.297,42.747,
1659149.253,,54.370,41.832,
1659249.251,,54.402,41.011,
1659349.245,,54.342,40.679,
1659449.238,,54.400,40.354,
1659549.237,,54.465,42.252,
1659649.232,,54.534,43.511,
1659749.228,,54.483,45.382,
1659849.224,,54.234,45.047,
1659949.222,,54.372,43.467,
1660049.223,,54.440,42.759,
1660149.218,,54.453,42.079,
1660249.215,,54.320,42.761,
1660349.211,,54.294,42.539,
1660449.208,,54.339,42.994,
1660549.200,,54.284,43.397,
1660649.199,,54.364,42.816,
1660749.193,,54.320,43.298,
1660849.189,,54.339,44.599,
1660949.187,,54.389,44.072,
1661049.180,,54.373,43.540,
1661149.178,,54.435,44.369,
1661249.176,,54.282,43.489,
1661349.175,,54.403,42.340,
1661449.170,,54.279,41.284,
1661549.162,,54.283,41.041,
1661649.162,,54.424,41.366,
1661749.158,,54.403,41.579,
1661849.155,,54.359,41.752,
1661949.151,,54.088,41.398,
1662049.148,,53.949,41.292,
1662149.142,,54.148,40.931,
1662249.141,,54.108,40.750,
1662349.133,,54.247,40.915,
1662449.135,,54.247,40.978,
1662549.130,,54.264,41.479,
1662649.129,,54.269,41.863,
1662749.121,,54.313,41.981,
1662849.122,,54.194,41.850,
1662949.117,,54.080,41.127,
1663049.114,,53.876,40.587,
1663149.106,,54.296,40.789,
1663249.105,,54.338,40.802,
1663349.102,,54.253,40.460,
1663449.094,,54.118,41.017,
1663549.095,,54.221,40.427,
1663649.087,,54.179,40.508,
1663749.086,,54.230,41.532,
1663849.084,,54.305,41.205,
1663949.079,,54.320,41.929,
1664049.074,,54.333,42.600,
1664149.067,,54.216,43.135,
1664249.067,,54.271,43.689,
1664349.061,,54.254,44.253,
1664449.052,,54.387,43.138,
1664549.054,,54.272,43.678,
1664649.047,,54.315,45.074,
1664749.043,,54.404,44.507,
1664849.035,,54.254,46.468,
1664949.034,,54.218,47.617,
1665049.030,,54.262,46.333,
1665149.024,,54.144,45.476,
1665249.014,,54.226,43.970,
1665349.012,,54.364,43.116,
1665449.008,,54.304,41.664,
1665549.001,,54.412,41.314,
1665648.999,,54.287,41.463,
1665748.998,,54.102,41.991,
1665848.988,,53.966,43.265,
1665948.988,,54.002,43.124,
1666048.981,,54.209,42.296,
1666148.976,,54.227,42.224,
1666248.971,,54.320,41.943,
1666348.968,,54.252,40.891,
1666448.960,,53.872,40.265,
1666548.955,,54.094,40.720,
1666648.950,,54.381,43.017,
1666748.950,,54.272,44.746,
1666848.944,,54.180,43.736,
1666948.937,,54.233,43.403,
1667048.933,,53.733,42.357,
1667148.927,,54.157,42.040,
1667248.923,,54.526,41.322,
1667348.918,,54.408,40.884,
1667448.912,,54.168,40.534,
1667548.914,,54.472,41.256,
1667648.909,,54.328,41.703,
1667748.904,,54.283,41.696,
1667848.898,,54.390,41.578,
1667948.896,,54.315,42.061,
1668048.891,,54.399,42.016,
1668148.884,,54.439,40.827,
1668248.880,,54.253,40.578,
1668348.872,,54.240,41.639,
1668448.866,,54.371,41.647,
1668548.868,,54.270,41.680,
1668648.858,,54.092,42.258,
1668748.854,,54.308,42.400,
1668848.851,,54.359,43.488,
1668948.845,,54.322,45.876,
1669048.844,,54.296,48.242,
1669148.833,,54.211,47.947,
1669248.831,,54.199,46.808,
1669348.828,,54.178,45.203,
1669448.819,,54.234,43.444,
1669548.819,,54.380,42.399,
1669648.814,,54.435,42.571,
1669748.810,,54.320,42.766,
1669848.801,,54.199,42.753,
1669948.801,,54.324,44.296,
1670048.796,,54.269,43.138,
1670148.789,,54.133,43.895,
1670248.788,,54.076,46.040,
1670348.781,,53.954,46.386,
1670448.777,,53.950,45.042,
1670548.774,,54.114,43.789,
1670648.769,,54.212,44.460,
1670748.760,,54.167,45.591,
1670848.756,,54.187,46.137,
1670948.754,,54.202,46.531,
1671048.745,,54.159,45.779,
1671148.744,,54.280,44.670,
1671248.736,,54.573,43.121,
1671348.736,,54.486,42.037,
1671448.731,,54.499,42.498,
1671548.722,,54.564,42.535,
1671648.721,,54.478,42.037,
1671748.717,,54.471,41.951,
1671848.711,,54.492,42.550,
1671948.711,,54.720,42.650,
1672048.708,,54.517,43.004,
1672148.698,,54.403,43.239,
1672248.696,,54.324,44.245,
1672348.697,,54.271,44.877,
1672448.691,,54.048,44.183,
1672548.690,,54.226,43.876,
1672648.685,,54.336,43.808,
1672748.686,,54.414,42.734,
1672848.683,,54.500,41.469,
1672948.677,,54.395,41.668,
1673048.677,,54.359,41.938,
1673148.670,,54.377,41.782,
1673248.671,,54.326,42.723,
1673348.664,,54.470,43.776,
1673448.662,,54.348,46.938,
1673548.661,,54.320,49.257,
1673648.654,,54.394,49.704,
1673748.653,,54.415,49.286,
1673848.648,,54.409,49.367,
1673948.645,,54.450,49.421,
1674048.643,,54.433,49.304,
1674148.639,,54.474,48.148,
1674248.642,,54.402,45.906,
1674348.638,,54.464,45.423,
1674448.633,,54.442,43.916,
1674548.628,,54.410,44.583,
1674648.625,,54.537,44.692,
1674748.626,,54.531,43.655,
1674848.618,,54.413,44.638,
1674948.618,,54.538,44.559,
1675048.614,,54.465,45.116,
1675148.611,,54.573,46.693,
1675248.607,,54.385,46.483,
1675348.606,,54.488,44.550,
1675448.605,,54.492,43.916,
1675548.603,,54.477,43.813,
1675648.599,,54.517,43.205,
1675748.594,,54.437,43.963,
1675848.588,,54.392,43.131,
1675948.586,,54.456,44.483,
1676048.582,,54.363,44.116,
1676148.585,,54.364,43.132,
1676248.581,,54.557,42.994,
1676348.575,,54.414,43.055,
1676448.576,,54.367,43.669,
1676548.571,,54.363,43.590,
1676648.567,,54.428,43.551,
1676748.563,,54.387,43.514,
1676848.562,,54.462,42.989,
1676948.560,,54.488,42.756,
1677048.555,,54.241,43.790,
1677148.550,,54.425,44.116,
1677248.548,,54.426,42.495,
1677348.545,,54.680,41.299,
1677448.545,,54.359,41.005,
1677548.539,,54.422,41.906,
1677648.540,,54.404,41.766,
1677748.536,,54.373,42.117,
1677848.529,,54.457,44.958,
1677948.527,,54.540,47.744,
1678048.524,,54.495,47.720,
1678148.522,,54.498,45.961,
1678248.517,,54.370,43.506,
1678348.514,,54.471,42.937,
1678448.510,,54.385,43.354,
1678548.513,,54.498,42.765,
1678648.505,,54.581,41.743,
1678748.506,,54.445,40.623,
1678848.503,,54.300,40.157,
1678948.501,,54.435,40.660,
1679048.494,,54.381,40.315,
1679148.490,,54.427,40.904,
1679248.490,,54.591,40.947,
1679348.486,,54.374,40.718,
1679448.482,,54.369,41.402,
1679548.482,,54.414,41.356,
1679648.474,,54.330,41.246,
1679748.475,,54.263,41.483,
1679848.473,,54.241,41.984,
1679948.469,,54.393,41.737,
1680048.465,,54.359,41.578,
1680148.461,,54.305,42.122,
1680248.463,,54.493,42.263,
1680348.458,,54.379,41.177,
1680448.457,,54.341,41.008,
1680548.453,,54.205,40.517,
1680648.445,,54.317,40.640,
1680748.448,,54.460,41.613,
1680848.439,,54.328,45.256,
1680948.440,,54.192,47.945,
1681048.440,,54.263,47.164,
1681148.434,,54.343,46.277,
1681248.431,,54.219,44.404,
1681348.429,,54.385,42.490,
1681448.424,,54.539,41.300,
1681548.424,,54.434,40.921,
1681648.421,,54.445,40.386,
1681748.417,,54.425,40.647,
1681848.412,,54.672,41.413,
1681948.408,,54.624,43.122,
1682048.408,,54.498,43.792,
1682148.403,,54.493,42.528,
1682248.400,,54.763,42.000,
1682348.400,,54.793,41.687,
1682448.394,,54.896,41.163,
1682548.395,,54.880,40.875,
1682648.391,,54.877,40.925,
1682748.390,,54.836,41.707,
1682848.384,,54.740,41.326,
1682948.381,,54.677,41.844,
1683048.376,,54.617,41.501,
1683148.379,,54.563,40.977,
1683248.372,,54.613,40.840,
1683348.371,,54.683,41.233,
1683448.369,,54.470,43.576,
1683548.363,,54.544,45.590,
1683648.359,,54.420,47.258,
1683748.356,,54.459,45.759,
1683848.357,,54.478,44.605,
1683948.356,,54.536,44.057,
1684048.347,,54.597,44.647,
1684148.346,,54.413,45.409,
1684248.342,,54.473,46.936,
1684348.343,,54.304,46.632,
1684448.337,,54.443,44.288,
1684548.334,,54.356,43.113,
1684648.334,,54.015,41.681,
1684748.327,,54.389,41.943,
1684848.330,,53.996,45.796,
1684948.326,,53.631,47.217,
1685048.323,,53.949,48.750,
1685148.321,,54.055,51.099,
1685248.315,,53.723,50.333,
1685348.315,,54.114,46.944,
1685448.310,,54.067,44.998,
1685548.304,,54.193,46.167,
1685648.302,,54.272,48.216,
1685748.304,,54.008,47.959,
1685848.300,,54.048,45.902,
1685948.294,,54.118,43.724,
1686048.291,,54.176,42.859,
1686148.292,,54.203,44.760,
1686248.290,,54.223,47.781,
1686348.281,,54.169,48.449,
1686448.280,,54.347,48.674,
1686548.280,,54.350,46.410,
1686648.274,,54.001,44.237,
1686748.275,,54.262,43.065,
1686848.267,,54.405,43.058,
1686948.267,,54.253,42.472,
1687048.265,,54.507,41.645,
1687148.260,,54.462,40.878,
1687248.260,,54.307,40.698,
1687348.253,,54.301,40.206,
1687448.251,,54.363,40.204,
1687548.247,,54.362,40.389,
1687648.246,,54.352,40.889,
1687748.246,,54.415,42.552,
1687848.240,,54.434,43.796,
1687948.236,,54.493,43.746,
1688048.233,,54.450,44.018,
1688148.231,,54.561,43.215,
1688248.231,,54.443,42.611,
1688348.231,,54.321,42.731,
1688448.225,,54.362,42.636,
1688548.225,,54.292,43.788,
1688648.220,,54.132,43.312,
1688748.220,,53.815,43.198,
1688848.215,,53.793,41.816,
1688948.214,,53.708,41.078,
1689048.212,,54.162,40.869,
1689148.207,,54.379,42.067,
1689248.202,,54.476,43.634,
1689348.202,,54.445,45.064,
1689448.200,,54.487,43.324,
1689548.194,,54.475,41.857,
1689648.196,,54.406,41.314,
1689748.188,,53.992,41.213,
1689848.190,,53.841,42.197,
1689948.186,,53.653,43.773,
1690048.184,,53.787,43.091,
1690148.184,,53.519,43.049,
1690248.180,,53.529,42.904,
1690348.176,,53.506,41.347,
1690448.173,,53.700,40.129,
1690548.172,,53.732,39.775,
1690648.171,,53.540,40.066,
1690748.166,,53.297,40.713,
1690848.165,,53.709,41.640,
1690948.162,,53.872,42.381,
1691048.159,,53.845,42.820,
1691148.151,,53.647,42.800,
1691248.152,,53.554,42.741,
1691348.150,,53.466,42.355,
1691448.150,,53.702,42.162,
1691548.146,,54.017,41.990,
1691648.138,,54.259,41.695,
1691748.141,,54.372,42.056,
1691848.136,,54.324,41.434,
1691948.132,,54.453,41.273,
1692048.131,,54.377,42.413,
1692148.131,,54.359,43.295,
1692248.127,,54.313,43.981,
1692348.124,,53.995,44.575,
1692448.123,,53.873,43.793,
1692548.120,,53.892,43.938,
1692648.114,,54.213,43.617,
1692748.113,,54.311,44.712,
1692848.108,,54.135,45.308,
1692948.104,,54.039,43.794,
1693048.104,,54.200,42.334,
1693148.105,,54.259,42.484,
1693248.102,,54.240,43.129,
1693348.098,,54.206,42.468,
1693448.093,,54.263,43.279,
1693548.089,,54.279,42.132,
1693648.089,,54.379,40.982,
1693748.083,,54.239,40.830,
1693848.084,,54.315,41.338,
1693948.084,,54.493,41.511,
1694048.078,,54.456,42.030,
1694148.077,,54.414,42.464,
1694248.077,,54.546,43.666,
1694348.074,,54.472,43.726,
1694448.071,,54.505,44.903,
1694548.065,,54.421,46.347,
1694648.060,,54.378,47.199,
1694748.058,,54.440,45.711,
1694848.056,,54.481,43.819,
1694948.052,,54.414,44.652,
1695048.053,,54.628,43.632,
1695148.050,,54.394,42.385,
1695248.047,,54.525,41.504,
1695348.044,,54.621,41.465,
1695448.039,,54.408,43.510,
1695548.041,,54.367,44.112,
1695648.035,,54.492,43.984,
1695748.033,,54.440,47.161,
1695848.032,,54.352,48.340,
1695948.026,,54.414,46.956,
1696048.029,,54.400,45.324,
1696148.026,,54.307,43.606,
1696248.023,,54.023,42.088,
1696348.019,,54.014,41.251,
1696448.016,,53.992,40.746,
1696548.011,,53.676,40.578,
1696648.007,,53.631,40.698,
1696748.008,,53.674,41.782,
1696848.002,,53.618,41.769,
1696947.999,,53.886,41.886,
1697048.001,,54.058,42.493,
1697148.000,,53.923,42.262,
1697247.996,,53.932,41.392,
1697347.987,,54.067,41.400,
1697447.989,,54.148,42.015,
1697547.985,,54.183,41.787,
1697647.983,,54.092,41.566,
1697747.983,,54.152,41.552,
1697847.978,,54.197,41.990,
1697947.973,,54.021,41.736,
1698047.973,,54.202,41.234,
1698147.967,,54.454,41.652,
1698247.966,,54.366,42.214,
1698347.960,,54.497,41.285,
1698447.964,,54.418,41.175,
1698547.960,,54.524,42.415,
1698647.954,,54.506,42.586,
1698747.955,,54.423,42.844,
1698847.951,,54.404,44.276,
1698947.946,,54.425,44.549,
1699047.945,,54.516,43.561,
1699147.941,,54.411,42.360,
1699247.938,,54.305,41.099,
1699347.935,,54.295,40.689,
1699447.934,,54.396,40.635,
1699547.930,,54.516,40.370,
1699647.924,,54.455,40.302,
1699747.929,,54.236,40.861,
1699847.923,,54.277,41.143,
1699947.922,,54.340,41.717,
1700047.918,,54.233,42.144,
1700147.912,,54.381,43.192,
1700247.909,,54.560,45.675,
1700347.912,,54.314,45.770,
1700447.904,,54.398,44.643,
1700547.903,,54.426,43.125,
1700647.899,,54.279,42.935,
1700747.899,,54.083,43.506,
1700847.894,,54.135,43.630,
1700947.891,,54.197,43.257,
1701047.889,,54.184,42.663,
1701147.890,,54.190,42.525,
1701247.883,,54.243,41.677,
1701347.883,,54.499,41.007,
1701447.879,,54.416,42.817,
1701547.876,,54.331,43.977,
1701647.872,,54.406,43.214,
1701747.870,,54.398,42.140,
1701847.866,,54.409,41.273,
1701947.862,,54.608,41.577,
1702047.860,,54.579,41.465,
1702147.858,,54.476,40.588,
1702247.858,,54.433,40.654,
1702347.858,,54.389,42.121,
1702447.849,,54.404,42.880,
1702547.849,,54.412,43.123,
1702647.843,,54.390,42.907,
1702747.846,,54.375,43.534,
1702847.837,,54.267,43.363,
1702947.840,,54.517,43.505,
1703047.834,,54.550,43.317,
1703147.835,,54.663,42.699,
1703247.828,,54.587,41.954,
1703347.827,,54.628,41.988,
1703447.823,,54.719,42.097,
1703547.822,,54.518,43.604,
1703647.818,,54.456,44.448,
1703747.819,,54.454,44.580,
1703847.815,,54.225,44.787,
1703947.809,,54.485,45.936,
1704047.811,,54.471,45.699,
1704147.806,,54.419,43.351,
1704247.806,,54.509,41.962,
1704347.799,,54.515,42.007,
1704447.799,,54.561,42.701,
1704547.796,,54.519,41.945,
1704647.791,,54.502,41.733,
1704747.791,,54.659,41.906,
1704847.793,,54.636,42.190,
1704947.784,,54.604,41.441,
1705047.788,,54.556,41.211,
1705147.782,,54.569,41.530,
1705247.783,,54.697,41.703,
1705347.780,,54.542,42.148,
1705447.778,,54.480,44.093,
1705547.776,,54.449,44.169,
1705647.772,,54.423,43.156,
1705747.771,,54.109,43.021,
1705847.763,,53.980,45.294,
1705947.763,,53.842,46.548,
1706047.765,,53.935,46.241,
1706147.757,,53.775,46.520,
1706247.760,,53.769,45.143,
1706347.753,,53.747,44.129,
1706447.754,,53.992,43.284,
1706547.750,,53.929,43.288,
1706647.749,,54.125,42.873,
1706747.746,,54.166,42.901,
1706847.741,,54.170,41.605,
1706947.744,,54.384,41.450,
1707047.738,,54.213,42.259,
1707147.739,,54.171,42.465,
1707247.737,,54.317,41.509,
1707347.734,,54.161,41.082,
1707447.732,,54.113,41.156,
1707547.724,,54.247,42.040,
1707647.728,,54.052,42.667,
1707747.724,,53.889,41.473,
1707847.720,,54.041,40.599,
1707947.716,,54.382,40.320,
1708047.712,,54.229,41.385,
1708147.713,,54.196,43.271,
1708247.711,,53.978,42.582,
1708347.710,,53.775,41.651,
1708447.704,,53.563,41.856,
1708547.701,,53.433,44.152,
1708647.700,,53.745,43.980,
1708747.702,,54.037,43.013,
1708847.700,,54.420,42.339,
1708947.695,,54.305,41.938,
1709047.692,,54.357,42.456,
1709147.687,,54.313,43.177,
1709247.687,,54.351,42.304,
1709347.683,,54.319,41.596,
1709447.684,,54.398,41.899,
1709547.679,,54.271,42.009,
1709647.677,,54.273,43.491,
1709747.674,,54.215,43.967,
1709847.675,,54.206,43.928,
1709947.671,,54.194,43.572,
1710047.671,,54.272,43.891,
1710147.666,,54.214,44.499,
1710247.666,,54.259,43.498,
1710347.660,,54.180,42.385,
1710447.662,,54.235,41.221,
1710547.654,,54.303,41.025,
1710647.651,,54.328,40.999,
1710747.653,,54.403,41.950,
1710847.649,,54.320,43.067,
1710947.651,,54.226,42.140,
1711047.642,,54.301,41.299,
1711147.640,,54.277,41.304,
1711247.638,,54.502,40.839,
1711347.640,,54.414,41.483,
1711447.639,,54.528,43.969,
1711547.637,,54.522,45.115,
1711647.630,,54.472,45.376,
1711747.631,,54.384,45.541,
1711847.625,,54.477,43.446,
1711947.621,,54.468,42.393,
1712047.621,,54.344,41.991,
1712147.617,,54.341,41.813,
1712247.616,,54.137,41.603,
1712347.615,,54.297,41.778,
1712447.610,,54.012,43.224,
1712547.607,,54.043,42.421,
1712647.601,,54.280,41.292,
1712747.600,,54.136,40.780,
1712847.599,,54.178,40.380,
1712947.597,,54.263,40.616,
1713047.590,,54.315,41.700,
1713147.586,,54.501,43.041,
1713247.584,,54.523,42.609,
1713347.582,,54.559,41.189,
1713447.577,,54.558,40.485,
1713547.576,,54.364,40.062,
1713647.574,,54.560,40.442,
1713747.573,,54.590,42.085,
1713847.566,,54.604,42.843,
1713947.564,,54.433,43.393,
1714047.560,,54.503,43.127,
1714147.560,,54.196,42.784,
1714247.558,,54.214,43.719,
1714347.556,,54.227,44.226,
1714447.547,,54.262,43.165,
1714547.544,,54.244,42.302,
1714647.543,,54.203,41.105,
1714747.537,,54.418,40.809,
1714847.536,,54.295,41.572,
1714947.535,,54.288,42.176,
1715047.529,,54.255,42.602,
1715147.526,,54.458,42.619,
1715247.526,,54.321,42.028,
1715347.523,,53.983,42.276,
1715447.520,,54.076,41.970,
1715547.519,,54.235,41.852,
1715647.514,,54.197,43.768,
1715747.514,,54.216,44.675,
1715847.508,,54.235,44.656,
1715947.509,,54.270,45.067,
1716047.506,,54.167,43.492,
1716147.496,,54.201,42.195,
1716247.495,,54.228,41.063,
1716347.493,,54.207,40.594,
1716447.491,,54.261,40.822,
1716547.490,,54.269,40.653,
1716647.484,,54.353,41.396,
1716747.485,,54.324,41.424,
1716847.476,,54.369,41.365,
1716947.478,,54.500,41.767,
1717047.473,,54.454,42.522,
1717147.471,,54.415,42.951,
1717247.469,,54.392,43.153,
1717347.462,,54.273,42.610,
1717447.460,,54.286,41.665,
1717547.460,,54.224,41.531,
1717647.455,,54.312,43.926,
1717747.455,,54.068,44.696,
1717847.449,,54.043,43.307,
1717947.447,,54.083,41.982,
1718047.444,,53.755,40.679,
1718147.437,,53.220,39.749,
1718247.436,,52.873,39.537,
1718347.438,,52.582,41.048,
1718447.435,,53.201,40.964,
1718547.429,,53.174,40.755,
1718647.422,,52.919,40.191,
1718747.424,,53.097,39.709,
1718847.420,,53.468,39.938,
1718947.419,,53.728,40.172,
1719047.415,,53.280,40.061,
1719147.410,,53.257,39.841,
1719247.406,,53.746,41.456,
1719347.408,,54.139,41.345,
1719447.402,,54.208,40.862,
1719547.397,,54.164,40.538,
1719647.396,,54.298,40.380,
1719747.393,,54.254,40.587,
1719847.388,,54.163,41.686,
1719947.385,,54.183,42.266,
1720047.380,,54.128,42.117,
1720147.377,,53.991,41.190,
1720247.375,,54.178,41.452,
1720347.373,,54.084,42.232,
1720447.370,,54.142,42.790,
1720547.363,,54.077,42.441,
1720647.363,,54.033,41.780,
1720747.359,,53.965,41.384,
1720847.352,,54.089,42.094,
1720947.350,,54.076,43.073,
1721047.349,,54.113,44.193,
1721147.343,,54.205,44.386,
1721247.342,,54.132,44.493,
1721347.336,,54.161,44.188,
1721447.334,,54.217,44.450,
1721547.326,,54.083,43.917,
1721647.323,,54.208,43.606,
1721747.320,,54.365,43.525,
1721847.320,,54.182,43.223,
1721947.316,,54.178,43.962,
1722047.309,,54.100,42.845,
1722147.309,,53.865,43.089,
1722247.305,,53.974,41.899,
1722347.302,,54.034,41.328,
1722447.297,,54.130,41.187,
1722547.289,,54.298,41.008,
1722647.291,,54.223,41.119,
1722747.285,,54.179,42.622,
1722847.282,,54.310,43.306,
1722947.275,,54.175,50.280,
1723047.271,,54.104,51.701,
1723147.273,,54.221,50.305,
1723247.267,,54.134,47.815,
1723347.263,,54.232,46.766,
1723447.262,,54.505,46.222,
1723547.257,,54.372,45.154,
1723647.254,,54.225,43.157,
1723747.247,,53.970,42.302,
1723847.242,,54.056,41.291,
1723947.245,,54.151,41.243,
1724047.239,,54.241,41.344,
1724147.235,,54.122,41.470,
1724247.230,,54.216,41.955,
1724347.229,,54.163,42.397,
1724447.226,,54.120,42.826,
1724547.219,,54.102,43.822,
1724647.214,,54.219,43.734,
1724747.212,,54.053,44.169,
1724847.212,,54.136,44.900,
1724947.202,,54.160,45.528,
1725047.201,,54.358,44.966,
1725147.196,,54.367,44.280,
1725247.194,,54.111,45.636,
1725347.188,,54.172,46.345,
1725447.189,,53.735,44.517,
1725547.182,,53.841,43.595,
1725647.180,,53.908,43.171,
1725747.176,,53.990,43.244,
1725847.171,,54.123,43.177,
1725947.168,,54.270,43.548,
1726047.166,,54.111,41.981,
1726147.163,,54.153,41.293,
1726247.156,,54.191,40.689,
1726347.151,,54.231,40.353,
1726447.152,,54.195,40.041,
1726547.149,,54.205,40.259,
1726647.143,,54.330,41.252,
1726747.136,,54.189,42.180,
1726847.137,,54.202,42.403,
1726947.135,,54.120,42.452,
1727047.128,,54.042,42.857,
1727147.121,,54.184,44.136,
1727247.122,,54.166,44.094,
1727347.115,,54.297,42.528,
1727447.114,,54.332,41.969,
1727547.113,,54.177,41.848,
1727647.107,,53.995,42.078,
1727747.105,,54.042,41.917,
1727847.102,,54.297,40.995,
1727947.096,,54.185,40.493,
1728047.091,,54.248,41.987,
1728147.091,,54.178,42.782,
1728247.084,,54.165,42.650,
1728347.082,,54.104,41.551,
1728447.077,,54.136,41.540,
1728547.074,,54.109,41.366,
1728647.073,,54.040,40.939,
1728747.068,,54.166,40.664,
1728847.064,,54.102,40.467,
1728947.067,,53.842,41.141,
1729047.059,,54.018,41.769,
1729147.060,,54.274,42.732,
1729247.057,,54.541,43.275,
1729347.047,,54.290,44.773,
1729447.049,,54.332,44.319,
1729547.042,,54.342,44.163,
1729647.043,,54.276,45.489,
1729747.035,,54.164,45.546,
1729847.035,,54.384,45.604,
1729947.033,,54.294,44.654,
1730047.027,,54.158,43.710,
1730147.024,,54.017,42.201,
1730247.020,,54.214,42.454,
1730347.018,,54.038,43.754,
1730447.014,,54.224,43.977,
1730547.009,,54.093,50.059,
1730647.008,,54.012,50.876,
1730747.003,,54.097,49.667,
1730847.001,,54.254,47.828,
1730946.994,,54.240,45.385,
1731046.992,,53.837,43.739,
1731146.988,,53.426,42.673,
1731246.988,,53.420,41.321,
1731346.986,,53.901,40.759,
1731446.979,,54.017,40.484,
1731546.980,,53.717,41.732,
1731646.974,,54.006,41.795,
1731746.969,,54.061,40.914,
1731846.969,,54.216,41.400,
1731946.963,,54.307,42.329,
1732046.960,,54.195,41.282,
1732146.958,,54.153,40.486,
1732246.952,,54.081,40.031,
1732346.954,,54.065,39.536,
1732446.948,,53.996,39.563,
1732546.947,,53.866,40.395,
1732646.942,,53.912,40.709,
1732746.941,,54.127,40.879,
1732846.938,,54.105,40.542,
1732946.931,,53.996,40.315,
1733046.929,,54.091,41.201,
1733146.928,,54.247,41.985,
1733246.920,,54.230,41.275,
1733346.916,,54.161,40.934,
1733446.918,,54.285,40.669,
1733546.912,,54.295,41.655,
1733646.906,,54.201,42.681,
1733746.906,,54.322,41.770,
1733846.899,,54.455,41.522,
1733946.902,,54.320,42.001,
1734046.892,,54.223,42.058,
1734146.891,,54.113,42.080,
1734246.892,,54.015,41.545,
1734346.888,,54.183,41.436,
1734446.885,,54.064,41.818,
1734546.882,,54.016,42.043,
1734646.878,,54.047,40.928,
1734746.875,,53.952,41.186,
1734846.868,,53.895,41.494,
1734946.866,,53.968,41.294,
1735046.862,,54.108,42.570,
1735146.859,,54.084,43.143,
1735246.853,,54.169,45.150,
1735346.851,,54.175,46.097,
1735446.850,,54.170,44.986,
1735546.848,,53.996,43.849,
1735646.846,,54.113,42.291,
1735746.843,,54.146,41.218,
1735846.833,,54.245,41.103,
1735946.833,,54.180,41.053,
1736046.829,,54.302,40.719,
1736146.828,,54.088,40.912,
1736246.828,,54.077,41.885,
1736346.819,,54.236,42.202,
1736446.819,,53.966,41.910,
1736546.814,,53.922,42.019,
1736646.817,,53.636,41.274,
1736746.812,,53.381,40.840,
1736846.805,,53.442,40.069,
1736946.803,,53.456,40.091,
1737046.803,,53.518,40.386,
1737146.801,,53.500,40.860,
1737246.795,,53.577,40.026,
1737346.796,,53.799,39.795,
1737446.789,,53.888,40.117,
1737546.787,,53.844,40.788,
1737646.784,,53.943,40.375,
1737746.785,,53.946,40.847,
1737846.779,,54.116,41.748,
1737946.775,,54.261,42.219,
1738046.775,,54.101,42.004,
1738146.769,,54.192,42.976,
1738246.769,,54.242,43.261,
1738346.770,,54.006,43.281,
1738446.763,,53.805,43.025,
1738546.759,,53.802,43.049,
1738646.758,,53.734,42.308,
1738746.755,,53.582,42.225,
1738846.754,,53.778,41.612,
1738946.750,,53.661,42.350,
1739046.744,,53.743,44.643,
1739146.742,,53.954,45.761,
1739246.741,,53.904,45.991,
1739346.738,,53.805,45.236,
1739446.734,,53.983,43.890,
1739546.734,,54.000,44.773,
1739646.729,,54.037,43.945,
1739746.730,,53.803,42.550,
1739846.725,,53.947,42.477,
1739946.722,,54.141,41.901,
1740046.716,,54.187,42.542,
1740146.716,,54.178,43.448,
1740246.716,,54.119,44.887,
1740346.709,,54.116,43.977,
1740446.710,,54.111,42.286,
1740546.706,,54.184,41.786,
1740646.701,,54.189,41.579,
1740746.701,,54.068,41.683,
1740846.700,,54.150,41.324,
1740946.690,,54.106,41.185,
1741046.693,,54.041,41.244,
1741146.690,,54.181,41.256,
1741246.687,,54.075,41.008,
1741346.682,,54.142,43.233,
1741446.677,,54.253,44.602,
1741546.680,,54.321,45.650,
1741646.676,,54.254,49.034,
1741746.675,,54.259,49.954,
1741846.670,,54.139,49.439,
1741946.669,,54.209,48.307,
1742046.664,,54.301,46.059,
1742146.662,,54.238,44.900,
1742246.658,,54.199,44.088,
1742346.652,,54.316,44.008,
1742446.652,,54.294,42.841,
1742546.651,,54.212,42.739,
1742646.643,,54.187,42.262,
1742746.642,,54.285,41.269,
1742846.639,,54.275,41.417,
1742946.635,,53.896,41.440,
1743046.635,,53.821,41.009,
1743146.634,,53.917,42.255,
1743246.633,,54.417,42.366,
1743346.623,,54.308,43.108,
1743446.626,,54.390,44.053,
1743546.621,,54.411,44.772,
1743646.620,,54.483,47.230,
1743746.615,,54.393,46.499,
1743846.615,,54.328,45.810,
1743946.608,,54.332,51.447,
1744046.604,,54.326,50.132,
1744146.605,,54.154,47.556,
1744246.596,,54.139,45.257,
1744346.595,,53.952,44.308,
1744446.588,,53.903,44.059,
1744546.584,,54.029,45.370,
1744646.587,,54.171,45.597,
1744746.579,,54.212,45.729,
1744846.577,,54.223,45.516,
1744946.574,,54.289,43.633,
1745046.571,,54.320,42.200,
1745146.568,,54.271,41.529,
1745246.561,,54.365,41.328,
1745346.559,,54.211,42.144,
1745446.555,,54.304,42.096,
1745546.548,,54.291,42.099,
1745646.548,,54.333,42.300,
1745746.546,,54.244,43.046,
1745846.544,,54.287,42.997,
1745946.538,,54.325,42.424,
1746046.533,,54.217,42.618,
1746146.529,,54.445,42.383,
1746246.525,,54.392,41.900,
1746346.526,,54.409,41.498,
1746446.522,,54.339,41.884,
1746546.514,,54.347,42.573,
1746646.515,,54.335,42.361,
1746746.508,,54.306,43.067,
1746846.504,,54.283,43.834,
1746946.502,,54.247,43.162,
1747046.500,,54.170,43.090,
1747146.494,,54.027,43.427,
1747246.491,,53.962,42.853,
1747346.488,,53.693,42.356,
1747446.480,,53.670,43.220,
1747546.481,,53.880,43.153,
1747646.477,,54.054,42.579,
1747746.469,,53.907,41.410,
1747846.468,,54.010,41.560,
1747946.464,,54.037,41.012,
1748046.460,,54.170,40.264,
1748146.458,,54.310,39.733,
1748246.458,,54.271,39.720,
1748346.450,,54.548,39.593,
1748446.445,,54.273,40.238,
1748546.446,,54.484,41.162,
1748646.440,,54.489,41.876,
1748746.439,,54.602,42.396,
1748846.436,,54.558,42.139,
1748946.429,,54.490,41.092,
1749046.422,,54.558,40.921,
1749146.419,,54.653,40.262,
1749246.421,,54.342,39.949,
1749346.414,,54.158,40.376,
1749446.408,,54.203,41.051,
1749546.405,,54.122,41.721,
1749646.404,,54.131,41.669,
1749746.398,,54.255,41.495,
1749846.397,,54.309,42.429,
1749946.396,,54.239,42.175,
1750046.389,,54.155,43.432,
1750146.388,,54.157,43.161,
1750246.385,,54.204,42.773,
1750346.377,,54.358,41.567,
1750446.377,,54.453,40.776,
1750546.372,,54.515,41.469,
1750646.370,,54.418,42.323,
1750746.367,,54.346,42.011,
1750846.361,,54.356,42.516,
1750946.355,,54.218,43.047,
1751046.351,,54.140,44.306,
1751146.354,,54.156,44.169,
1751246.350,,54.238,44.389,
1751346.343,,54.246,45.540,
1751446.336,,54.119,44.099,
1751546.338,,54.132,42.862,
1751646.335,,54.193,42.001,
1751746.328,,54.197,41.270,
1751846.325,,54.323,41.836,
1751946.322,,54.126,42.272,
1752046.321,,54.264,42.347,
1752146.317,,54.211,43.846,
1752246.315,,54.357,44.846,
1752346.314,,54.271,44.629,
1752446.314,,54.263,43.041,
1752546.313,,54.293,42.049,
1752646.310,,54.391,42.824,
1752746.310,,54.350,43.293,
1752846.302,,54.452,42.791,
1752946.300,,54.376,42.819,
1753046.303,,54.446,41.767,
1753146.296,,54.497,41.641,
1753246.296,,54.397,41.506,
1753346.295,,54.351,41.704,
1753446.293,,54.367,42.058,
1753546.288,,54.336,42.110,
1753646.285,,54.440,41.577,
1753746.288,,54.378,41.680,
1753846.283,,54.587,42.287,
1753946.281,,54.364,42.475,
1754046.281,,54.480,43.275,
1754146.276,,54.339,44.261,
1754246.278,,54.264,43.816,
1754346.276,,54.217,43.579,
1754446.271,,54.227,42.312,
1754546.273,,54.233,42.443,
1754646.271,,54.139,43.847,
1754746.263,,53.929,42.747,
1754846.261,,54.191,41.471,
1754946.259,,54.296,41.166,
1755046.257,,54.320,40.950,
1755146.260,,54.239,41.227,
1755246.256,,54.210,42.609,
1755346.254,,54.366,43.340,
1755446.254,,54.320,42.852,
1755546.248,,54.304,44.050,
1755646.246,,54.245,45.878,
1755746.248,,54.246,44.824,
1755846.245,,54.430,42.735,
1755946.240,,54.144,41.185,
1756046.238,,54.309,40.258,
1756146.236,,54.295,40.156,
1756246.235,,54.291,41.092,
1756346.233,,54.123,41.316,
1756446.234,,54.030,41.552,
1756546.231,,53.956,41.743,
1756646.227,,53.862,41.446,
1756746.227,,53.931,42.014,
1756846.224,,53.821,42.682,
1756946.221,,53.751,43.084,
1757046.217,,53.896,42.377,
1757146.214,,54.126,41.313,
1757246.213,,54.398,40.882,
1757346.215,,54.332,40.793,
1757446.213,,54.288,40.790,
1757546.208,,54.423,40.441,
1757646.207,,54.546,40.139,
1757746.205,,54.466,41.488,
1757846.202,,54.302,45.125,
1757946.203,,54.189,45.853,
1758046.195,,53.763,44.902,
1758146.199,,53.828,44.073,
1758246.194,,53.979,42.797,
1758346.190,,54.381,41.509,
1758446.188,,54.224,40.775,
1758546.189,,54.156,40.491,
1758646.189,,54.051,41.089,
1758746.182,,54.109,41.037,
1758846.184,,54.111,42.247,
1758946.183,,54.228,43.979,
1759046.175,,53.930,45.233,
1759146.178,,53.900,44.852,
1759246.174,,54.035,44.108,
1759346.173,,53.857,42.197,
1759446.168,,53.885,41.199,
1759546.170,,54.026,41.129,
1759646.168,,54.230,42.265,
1759746.160,,54.299,43.395,
1759846.160,,54.133,45.020,
1759946.160,,54.211,44.590,
1760046.157,,54.077,45.399,
1760146.152,,54.164,45.401,
1760246.144,,54.176,44.962,
1760346.141,,54.142,43.752,
1760446.141,,54.168,42.764,
1760546.139,,54.245,41.893,
1760646.132,,54.291,41.975,
1760746.130,,54.271,41.442,
1760846.125,,54.203,42.300,
1760946.122,,54.322,43.841,
1761046.121,,54.416,44.178,
1761146.116,,54.337,42.644,
1761246.110,,54.336,41.521,
1761346.106,,54.326,42.008,
1761446.107,,54.268,42.211,
1761546.104,,54.184,43.647,
1761646.096,,54.120,45.245,
1761746.096,,54.338,47.567,
1761846.090,,54.096,50.612,
1761946.090,,54.282,51.176,
1762046.082,,54.104,50.077,
1762146.081,,54.097,47.654,
1762246.080,,54.060,46.308,
1762346.076,,53.981,44.133,
1762446.069,,53.914,42.683,
1762546.066,,54.036,42.420,
1762646.066,,54.256,44.429,
1762746.062,,54.231,44.588,
1762846.057,,54.035,43.393,
1762946.053,,53.929,42.383,
1763046.046,,53.844,42.041,
1763146.045,,54.014,41.557,
1763246.045,,54.138,41.296,
1763346.040,,54.143,41.567,
1763446.033,,54.013,42.322,
1763546.034,,53.917,42.008,
1763646.027,,54.094,42.208,
1763746.025,,54.057,42.349,
1763846.022,,54.093,44.817,
1763946.021,,53.993,44.953,
1764046.017,,54.001,47.212,
1764146.014,,54.178,45.709,
1764246.006,,54.049,43.405,
1764346.007,,54.144,42.213,
1764446.001,,53.965,41.499,
1764545.995,,54.076,41.025,
1764645.993,,53.923,40.503,
1764745.988,,54.127,41.369,
1764845.983,,54.278,43.036,
1764945.984,,53.918,42.823,
1765045.977,,54.053,42.141,
1765145.974,,54.067,41.309,
1765245.968,,54.157,40.486,
1765345.968,,54.145,39.938,
1765445.964,,54.375,40.758,
1765545.958,,54.323,41.269,
1765645.961,,54.269,41.945,
1765745.951,,54.239,41.613,
1765845.954,,54.263,40.933,
1765945.948,,54.092,41.169,
1766045.944,,54.018,41.665,
1766145.938,,54.051,41.828,
1766245.934,,54.022,41.773,
1766345.934,,54.035,40.789,
1766445.931,,53.950,41.363,
1766545.926,,53.873,41.988,
1766645.926,,54.053,41.135,
1766745.916,,54.076,41.750,
1766845.918,,54.146,43.269,
1766945.908,,54.176,43.569,
1767045.910,,54.293,43.642,
1767145.907,,54.194,43.424,
1767245.905,,54.242,43.656,
1767345.895,,54.308,42.327,
1767445.894,,54.227,41.396,
1767545.888,,54.273,41.419,
1767645.886,,54.175,41.567,
1767745.882,,54.186,40.546,
1767845.882,,53.936,39.676,
1767945.875,,54.033,39.778,
1768045.871,,54.148,40.511,
1768145.870,,54.153,40.279,
1768245.862,,53.967,41.398,
1768345.855,,54.024,42.285,
1768445.850,,54.042,42.816,
1768545.848,,54.108,42.714,
1768645.843,,54.190,42.255,
1768745.841,,53.745,41.942,
1768845.837,,53.912,41.154,
1768945.833,,53.866,40.755,
1769045.828,,53.782,41.216,
1769145.818,,53.757,41.189,
1769245.814,,54.011,40.412,
1769345.806,,53.910,40.943,
1769445.806,,53.961,42.393,
1769545.805,,54.069,44.289,
1769645.801,,53.953,46.216,
1769745.791,,54.109,46.473,
1769845.792,,54.051,46.389,
1769945.782,,54.042,44.659,
1770045.783,,53.974,43.948,
1770145.779,,54.026,43.265,
1770245.772,,53.819,43.278,
1770345.765,,53.917,47.049,
1770445.765,,53.853,48.649,
1770545.755,,53.686,49.325,
1770645.751,,53.543,51.060,
1770745.747,,53.578,49.838,
1770845.741,,53.520,49.004,
1770945.739,,53.723,47.909,
1771045.735,,53.922,46.523,
1771145.732,,53.761,45.403,
1771245.724,,53.242,44.509,
1771345.718,,53.342,42.670,
1771445.715,,53.511,41.567,
1771545.713,,53.528,40.646,
1771645.705,,53.452,40.720,
1771745.699,,53.602,42.031,
1771845.701,,53.553,42.510,
1771945.696,,53.373,42.713,
1772045.687,,53.570,42.541,
1772145.683,,53.509,42.481,
1772245.679,,53.324,43.845,
1772345.672,,53.961,44.187,
1772445.674,,53.670,42.608,
1772545.665,,53.811,41.363,
1772645.664,,53.991,40.638,
1772745.654,,53.978,40.025,
1772845.652,,54.076,39.721,
1772945.649,,54.232,39.949,
1773045.644,,54.012,39.931,
1773145.639,,53.887,40.233,
1773245.634,,53.652,40.237,
1773345.633,,53.782,40.231,
1773445.626,Input1*2*0,53.816,39.726,
1773545.623,Input1*2*1,53.897,39.961,
1773645.616,,53.543,41.487,
1773745.614,,53.729,43.810,
1773845.610,,53.714,48.185,
1773945.602,,53.653,51.067,
1774045.597,,53.738,50.283,
1774145.596,,53.759,47.790,
1774245.591,,53.603,46.061,
1774345.587,,53.813,44.789,
1774445.579,,54.014,42.834,
1774545.574,,54.084,41.693,
1774645.570,,53.920,41.820,
1774745.567,,54.022,42.423,
1774845.563,,53.922,41.989,
1774945.554,,53.823,41.659,
1775045.550,,53.884,42.358,
1775145.549,,53.804,41.953,
1775245.539,,53.929,41.242,
1775345.535,,53.944,40.541,
1775445.531,,53.979,40.037,
1775545.531,,53.908,39.616,
1775645.525,,54.091,39.492,
1775745.517,,54.072,39.743,
1775845.513,,53.946,40.536,
1775945.515,,54.032,41.631,
1776045.509,,53.988,44.333,
1776145.509,,54.054,48.256,
1776245.503,,53.986,47.468,
1776345.501,,53.912,45.284,
1776445.502,,54.091,43.948,
1776545.495,,54.065,42.380,
1776645.493,,53.978,41.689,
1776745.495,,53.907,41.397,
1776845.491,,53.918,40.849,
1776945.489,,53.857,40.572,
1777045.483,,53.762,41.287,
1777145.480,,53.713,43.162,
1777245.480,,54.166,42.868,
1777345.481,,54.026,44.168,
1777445.478,,54.106,47.074,
1777545.475,,54.096,48.363,
1777645.470,,54.043,45.961,
1777745.469,,53.928,43.754,
1777845.464,,53.887,42.635,
1777945.460,,53.940,42.302,
1778045.461,,54.032,43.116,
1778145.459,,54.282,43.957,
1778245.453,,54.155,43.872,
1778345.452,,54.110,44.801,
1778445.452,,54.040,46.434,
1778545.446,,54.167,47.201,
1778645.446,,53.964,45.322,
1778745.440,,53.981,43.952,
1778845.444,,53.851,44.888,
1778945.439,,53.885,44.722,
1779045.437,,54.267,44.507,
1779145.431,,54.101,45.528,
1779245.432,,53.948,44.785,
1779345.429,,53.892,44.035,
1779445.425,,53.898,43.482,
1779545.425,,53.856,43.403,
1779645.421,,53.801,43.684,
1779745.416,,53.840,43.050,
1779845.417,,54.126,44.330,
1779945.415,,54.198,45.286,
1780045.409,,53.839,44.764,
1780145.405,,53.701,44.162,
1780245.404,,53.841,43.270,
1780345.401,,53.766,41.907,
1780445.402,,53.925,42.322,
1780545.397,,53.826,43.290,
1780645.397,,54.231,44.237,
1780745.395,,54.193,43.530,
1780845.394,,53.899,42.975,
1780945.391,,53.787,41.956,
1781045.384,,53.884,41.441,
1781145.384,,54.006,41.286,
1781245.382,,53.753,41.114,
1781345.379,,54.173,40.774,
1781445.376,,53.936,41.117,
1781545.374,,53.915,41.594,
1781645.371,,54.055,43.369,
1781745.371,,53.995,43.761,
1781845.369,,54.250,43.384,
1781945.364,,54.093,42.357,
1782045.362,,54.011,41.792,
1782145.357,,53.734,41.470,
1782245.354,,53.681,43.489,
1782345.351,,53.674,44.025,
1782445.353,,53.791,42.987,
1782545.348,,53.948,42.114,
1782645.346,,54.094,42.075,
1782745.344,,54.057,42.699,
1782845.338,,54.002,43.489,
1782945.341,,54.050,43.567,
1783045.334,,54.111,41.964,
1783145.337,,54.031,40.894,
1783245.330,,53.968,40.340,
1783345.326,,54.012,40.207,
1783445.330,,53.867,40.022,
1783545.324,,53.943,40.142,
1783645.324,,54.027,40.041,
1783745.317,,54.141,40.617,
1783845.315,,54.122,41.553,
1783945.314,,54.038,42.315,
1784045.310,,53.967,41.583,
1784145.311,,53.878,40.808,
1784245.303,,53.887,40.160,
1784345.301,,53.917,39.743,
1784445.301,,53.852,39.631,
1784545.301,,53.988,40.265,
1784645.292,,54.047,39.856,
1784745.295,,54.110,39.420,
1784845.290,,53.987,39.713,
1784945.290,,53.808,39.647,
1785045.286,,53.856,39.863,
1785145.280,,53.743,41.289,
1785245.278,,53.658,43.563,
1785345.278,,53.655,44.946,
1785445.278,,53.666,44.591,
1785545.268,,53.624,44.719,
1785645.267,,53.589,44.212,
1785745.267,,53.652,44.643,
1785845.262,,53.775,45.164,
1785945.258,,53.492,45.687,
1786045.259,,53.379,44.044,
1786145.253,,53.305,43.515,
1786245.254,,53.585,42.285,
1786345.250,,53.624,42.008,
1786445.246,,53.762,43.897,
1786545.248,,53.822,44.728,
1786645.244,,53.484,44.814,
1786745.242,,53.493,45.226,
1786845.234,,53.611,46.297,
1786945.233,,53.738,46.688,
1787045.229,,53.893,47.664,
1787145.227,,53.885,47.580,
1787245.225,,54.147,46.291,
1787345.221,,54.174,44.625,
1787445.222,,54.340,44.253,
1787545.218,,53.963,42.678,
1787645.215,,54.241,41.988,
1787745.215,,54.138,42.261,
1787845.210,,54.127,44.353,
1787945.205,,54.104,44.112,
1788045.207,,54.170,44.186,
1788145.202,,54.120,42.577,
1788245.202,,54.029,41.579,
1788345.195,,54.061,41.378,
1788445.192,,53.994,41.525,
1788545.193,,54.135,40.942,
1788645.192,,54.050,41.316,
1788745.189,,54.169,42.443,
1788845.183,,54.082,42.052,
1788945.178,,54.154,42.058,
1789045.180,,54.445,42.231,
1789145.175,,54.383,42.855,
1789245.175,,54.318,42.927,
1789345.169,,54.317,45.448,
1789445.171,,54.335,48.266,
1789545.166,,54.136,46.576,
1789645.166,,54.244,44.869,
1789745.161,,54.219,44.368,
1789845.156,,54.255,44.461,
1789945.153,,54.213,44.063,
1790045.155,,54.079,43.529,
1790145.150,,54.071,44.640,
1790245.146,,53.957,45.727,
1790345.144,,54.108,45.863,
1790445.140,,53.925,44.149,
1790545.136,,53.887,43.657,
1790645.138,,53.955,44.084,
1790745.134,,54.097,44.059,
1790845.131,,54.188,43.043,
1790945.127,,54.211,43.213,
1791045.125,,54.194,44.543,
1791145.123,,54.172,43.752,
1791245.123,,53.978,42.222,
1791345.117,,53.916,41.599,
1791445.117,,54.015,41.393,
1791545.114,,54.164,41.053,
1791645.112,,53.907,41.363,
1791745.108,,53.951,40.848,
1791845.104,,53.949,42.237,
1791945.100,,54.013,42.914,
1792045.096,,53.997,43.250,
1792145.096,,54.099,42.671,
1792245.087,,54.064,41.878,
1792345.083,,53.991,41.728,
1792445.079,,54.125,42.341,
1792545.078,,54.202,42.248,
1792645.075,,54.111,42.333,
1792745.069,,54.008,42.859,
1792845.065,,53.998,42.571,
1792945.060,,54.129,44.942,
1793045.060,,54.104,44.429,
1793145.052,,54.200,42.779,
1793245.054,,54.006,41.905,
1793345.048,,54.168,41.300,
1793445.042,,54.286,40.728,
1793545.037,,54.328,41.332,
1793645.036,,54.331,41.250,
1793745.034,,54.358,40.662,
1793845.029,,54.307,40.188,
1793945.025,,54.275,40.341,
1794045.024,,54.091,39.712,
1794145.017,,54.036,40.159,
1794245.013,,54.006,41.499,
1794345.008,,54.156,41.459,
1794445.005,,54.024,41.730,
1794545.004,,54.005,41.585,
1794644.997,,53.875,42.226,
1794744.996,,53.874,42.482,
1794844.995,,53.953,41.806,
1794944.991,,54.012,41.610,
1795044.986,,53.898,42.565,
1795144.978,,53.891,43.636,
1795244.978,,53.964,43.667,
1795344.976,,54.039,42.616,
1795444.968,,53.988,42.022,
1795544.963,,53.982,41.742,
1795644.964,,54.026,42.705,
1795744.956,,54.024,43.419,
1795844.955,,54.099,43.660,
1795944.949,,54.079,44.096,
1796044.945,,54.174,44.602,
1796144.945,,54.258,43.080,
1796244.937,,54.297,43.028,
1796344.934,,53.999,43.632,
1796444.932,,54.113,44.401,
1796544.929,,54.097,43.751,
1796644.921,,54.078,42.286,
1796744.922,,54.140,41.832,
1796844.916,,54.225,42.870,
1796944.910,,54.380,42.873,
1797044.907,,54.361,44.547,
1797144.907,,54.578,45.195,
1797244.899,,54.403,46.071,
1797344.901,,54.352,45.998,
1797444.894,,54.460,44.771,
1797544.888,,54.342,46.959,
1797644.888,,54.377,46.797,
1797744.886,,54.342,45.011,
1797844.876,,54.247,43.192,
1797944.874,,54.254,42.579,
1798044.870,,54.230,42.025,
1798144.868,,54.259,42.828,
1798244.863,,54.133,42.710,
1798344.859,,54.062,42.806,
1798444.855,,53.971,41.938,
1798544.855,,53.824,40.935,
1798644.847,,53.861,40.639,
1798744.848,,53.943,42.650,
1798844.844,,54.038,43.998,
1798944.841,,54.050,43.390,
1799044.834,,54.137,41.878,
1799144.831,,54.133,41.902,
1799244.823,,54.100,42.085,
1799344.823,,54.163,42.339,
1799444.820,,54.027,42.688,
1799544.813,,53.896,42.274,
1799644.813,,53.973,42.929,
1799744.807,,53.862,43.562,
1799844.800,,53.829,42.510,
1799944.803,,53.838,42.198,
1800044.796,,53.932,42.994,
1800144.793,,54.053,42.967,
1800244.792,,53.906,43.948,
1800344.787,,54.082,44.800,
1800444.787,,54.188,43.990,
1800544.784,,54.236,43.200,
1800644.784,,54.272,43.386,
1800744.778,,54.288,43.268,
1800844.778,,54.358,43.682,
1800944.774,,54.328,45.473,
1801044.769,,54.492,46.523,
1801144.767,,54.372,46.519,
1801244.764,,54.364,47.744,
1801344.758,,54.349,47.658,
1801444.757,,54.266,45.234,
1801544.755,,54.368,45.847,
1801644.753,,54.365,47.042,
1801744.752,,54.231,57.273,
1801844.748,,54.098,56.169,
1801944.742,,54.064,52.382,
1802044.740,,54.096,49.915,
1802144.741,,54.165,47.823,
1802244.732,,54.140,47.069,
1802344.735,,54.099,44.999,
1802444.732,,54.110,44.391,
1802544.728,,54.183,43.576,
1802644.722,,54.174,42.324,
1802744.723,,54.023,42.116,
1802844.715,,53.989,43.054,
1802944.714,,54.205,43.402,
1803044.714,,53.942,42.133,
1803144.713,,54.105,41.454,
1803244.710,,54.251,40.925,
1803344.706,,54.296,40.921,
1803444.702,,54.348,41.316,
1803544.697,,54.364,40.487,
1803644.697,,54.261,40.125,
1803744.691,,54.224,40.475,
1803844.692,,54.268,41.200,
1803944.686,,54.342,41.479,
1804044.684,,54.086,40.663,
1804144.678,,54.116,40.019,
1804244.679,,54.053,39.764,
1804344.677,,54.086,40.347,
1804444.672,,54.197,40.495,
1804544.668,,54.127,40.403,
1804644.670,,54.075,41.196,
1804744.662,,54.169,42.150,
1804844.664,,53.986,42.354,
1804944.660,,54.140,41.325,
1805044.653,,53.964,40.378,
1805144.649,,53.964,40.934,
1805244.652,,54.071,41.603,
1805344.648,,53.909,40.899,
1805444.642,,54.054,42.381,
1805544.642,,54.081,43.115,
1805644.639,,54.060,41.989,
1805744.638,,54.004,41.564,
1805844.630,,54.159,41.549,
1805944.631,,54.092,41.193,
1806044.628,,54.036,41.228,
1806144.624,,54.037,41.567,
1806244.618,,53.980,41.854,
1806344.618,,53.995,41.717,
1806444.613,,54.125,41.035,
1806544.610,,53.875,40.773,
1806644.612,,54.080,41.584,
1806744.604,,53.907,42.813,
1806844.604,,54.217,44.526,
1806944.598,,54.076,45.109,
1807044.599,,54.264,44.391,
1807144.593,,54.188,44.211,
1807244.592,,54.059,44.022,
1807344.588,,53.867,43.639,
1807444.585,,53.865,43.369,
1807544.582,,54.005,44.092,
1807644.581,,53.730,44.799,
1807744.577,,53.753,49.936,
1807844.572,,53.762,51.030,
1807944.573,,53.770,48.696,
1808044.569,,54.052,47.322,
1808144.564,,54.070,45.841,
1808244.558,,53.930,43.591,
1808344.554,,54.091,42.286,
1808444.554,,54.114,42.074,
1808544.546,,54.129,42.997,
1808644.547,,54.075,41.945,
1808744.540,,54.122,41.362,
1808844.539,,54.157,41.223,
1808944.536,,54.133,43.103,
1809044.530,,54.274,44.065,
1809144.528,,54.255,43.775,
1809244.521,,54.190,43.403,
1809344.519,,54.230,42.946,
1809444.517,,54.092,44.570,
1809544.511,,54.055,45.570,
1809644.509,,54.164,45.109,
1809744.504,,54.257,44.014,
1809844.498,,54.321,43.251,
1809944.500,,54.330,44.279,
1810044.496,,54.300,46.128,
1810144.490,,54.177,51.476,
1810244.485,,53.993,49.482,
1810344.485,,53.955,48.877,
1810444.477,,54.069,47.073,
1810544.471,,54.019,44.935,
1810644.472,,53.914,43.325,
1810744.468,,53.987,42.113,
1810844.462,,54.044,41.639,
1810944.459,,53.894,42.018,
1811044.453,,54.029,43.650,
1811144.454,,53.970,43.033,
1811244.449,,53.948,42.517,
1811344.443,,54.059,42.151,
1811444.444,,54.175,41.795,
1811544.438,,54.090,41.654,
1811644.432,,54.088,44.090,
1811744.427,,54.244,48.525,
1811844.423,,54.091,48.323,
1811944.420,,54.109,46.767,
1812044.421,,54.111,45.155,
1812144.412,,54.125,43.759,
1812244.413,,54.136,44.424,
1812344.404,,54.093,44.206,
1812444.401,,54.169,42.677,
1812544.402,,54.180,41.895,
1812644.394,,54.017,42.815,
1812744.391,,54.007,43.265,
1812844.387,,54.031,43.846,
1812944.381,,54.127,43.106,
1813044.380,,54.191,41.798,
1813144.377,,54.207,41.333,
1813244.377,,54.267,45.424,
1813344.372,,54.252,46.839,
1813444.366,,54.231,45.433,
1813544.363,,54.071,47.279,
1813644.359,,54.145,47.423,
1813744.356,,54.144,45.855,
1813844.351,,53.998,43.597,
1813944.346,,53.904,44.712,
1814044.346,,53.778,44.418,
1814144.343,,53.666,45.805,
1814244.338,,53.724,48.046,
1814344.330,,53.879,48.764,
1814444.331,,54.008,47.827,
1814544.323,,53.923,46.648,
1814644.323,,53.884,46.449,
1814744.316,,53.924,44.565,
1814844.312,,53.821,43.037,
1814944.310,,53.693,42.138,
1815044.309,,53.775,41.499,
1815144.305,,53.768,41.059,
1815244.296,,53.844,41.644,
1815344.296,,53.819,42.087,
1815444.294,,53.836,42.372,
1815544.288,,53.814,42.558,
1815644.286,,53.817,42.629,
1815744.279,,53.881,41.502,
1815844.276,,53.914,41.526,
1815944.278,,54.002,42.772,
1816044.274,,53.951,43.779,
1816144.273,,53.926,44.800,
1816244.272,,54.078,45.478,
1816344.269,,54.082,44.175,
1816444.269,,54.009,44.633,
1816544.265,,54.105,45.812,
1816644.265,,54.118,46.439,
1816744.264,,53.999,47.786,
1816844.264,,53.891,47.703,
1816944.261,,53.904,47.682,
1817044.258,,53.855,47.671,
1817144.262,,53.834,46.445,
1817244.256,,53.835,46.576,
1817344.259,,53.812,46.971,
1817444.254,,53.922,45.359,
1817544.255,,53.877,45.351,
1817644.252,,53.991,45.064,
1817744.248,,53.907,43.589,
1817844.247,,53.984,42.703,
1817944.250,,53.927,42.947,
1818044.249,,54.002,42.117,
1818144.245,,54.074,43.178,
1818244.245,,54.056,44.767,
1818344.242,,54.081,44.636,
1818444.244,,54.101,43.546,
1818544.241,,54.087,43.080,
1818644.240,,54.065,42.193,
1818744.235,,54.051,43.092,
1818844.240,,54.077,47.422,
1818944.237,,54.090,47.780,
1819044.232,,53.833,46.134,
1819144.232,,53.839,44.257,
1819244.230,,53.721,42.955,
1819344.231,,53.781,42.441,
1819444.231,,53.713,42.681,
1819544.230,,53.871,43.351,
1819644.226,,53.809,44.636,
1819744.223,,53.839,45.231,
1819844.223,,53.902,44.876,
1819944.225,,53.926,44.501,
1820044.223,,53.951,43.402,
1820144.223,,53.945,43.510,
1820244.222,,53.846,42.698,
1820344.214,,53.873,41.492,
1820444.218,,53.939,41.254,
1820544.206,,54.017,42.634,
1820644.210,,54.161,44.329,
1820744.209,,54.086,43.736,
1820844.212,,54.146,42.380,
1820944.207,,54.162,41.720,
1821044.209,,54.101,41.320,
1821144.209,,54.144,40.573,
1821244.206,,54.035,39.980,
1821344.207,,54.136,40.145,
1821444.200,,54.211,41.479,
1821544.200,,54.037,42.126,
1821644.202,,53.959,42.360,
1821744.196,,54.002,42.955,
1821844.195,,54.002,48.054,
1821944.198,,53.989,52.573,
1822044.195,,53.867,53.468,
1822144.195,,53.524,50.829,
1822244.189,,54.001,48.930,
1822344.194,,53.997,49.411,
1822444.193,,53.963,49.267,
1822544.189,,53.842,47.389,
1822644.188,,53.901,47.058,
1822744.187,,53.790,44.376,
1822844.187,,53.629,43.347,
1822944.186,,53.710,44.352,
1823044.180,,53.787,44.378,
1823144.181,,53.601,47.231,
1823244.178,,53.544,47.651,
1823344.179,,53.698,45.962,
1823444.174,,53.533,43.493,
1823544.176,,53.679,42.677,
1823644.175,,53.889,43.068,
1823744.174,,53.879,42.915,
1823844.172,,53.883,42.833,
1823944.168,,53.913,42.158,
1824044.167,,54.066,42.362,
1824144.160,,54.102,43.445,
1824244.161,,54.019,45.300,
1824344.152,,54.041,43.946,
1824444.153,,53.972,44.958,
1824544.151,,54.002,44.247,
1824644.144,,53.958,43.386,
1824744.140,,53.984,42.412,
1824844.136,,54.002,42.386,
1824944.135,,53.852,44.057,
1825044.128,,53.991,45.662,
1825144.127,,53.960,46.679,
1825244.126,,54.141,46.270,
1825344.118,,54.153,45.152,
1825444.118,,54.225,43.253,
1825544.116,,54.243,41.879,
1825644.107,,54.253,42.262,
1825744.106,,54.179,44.436,
1825844.104,,54.309,46.917,
1825944.102,,54.136,46.773,
1826044.095,,54.260,44.947,
1826144.090,,54.199,45.191,
1826244.088,,54.271,45.625,
1826344.082,,54.055,43.647,
1826444.085,,54.069,43.942,
1826544.082,,54.027,45.446,
1826644.076,,53.986,45.828,
1826744.073,,54.007,43.929,
1826844.065,,54.018,42.597,
1826944.068,,54.052,42.815,
1827044.061,,54.099,42.859,
1827144.060,,54.216,42.857,
1827244.056,,54.169,42.347,
1827344.050,,54.301,42.094,
1827444.046,,54.263,42.054,
1827544.043,,54.302,41.955,
1827644.039,,54.293,41.443,
1827744.034,,54.284,42.404,
1827844.035,,54.230,44.011,
1827944.033,,54.262,44.458,
1828044.030,,54.043,42.978,
1828144.022,,54.113,41.569,
1828244.022,,54.127,40.972,
1828344.017,,54.106,42.193,
1828444.015,,54.182,43.986,
1828544.009,,54.207,45.304,
1828644.008,,54.179,46.519,
1828744.004,,54.186,47.365,
1828844.002,,53.941,48.153,
1828943.996,,54.016,47.572,
1829043.991,,53.981,46.578,
1829143.989,,54.171,46.223,
1829243.983,,54.106,45.048,
1829343.983,,54.171,43.807,
1829443.977,,54.294,42.530,
1829543.975,,54.220,42.078,
1829643.970,,54.150,43.145,
1829743.969,,54.124,43.332,
1829843.963,,54.148,43.409,
1829943.960,,54.130,43.181,
1830043.956,,54.076,42.719,
1830143.952,,54.092,42.480,
1830243.954,,54.185,43.754,
1830343.949,,54.182,43.970,
1830443.944,,54.195,43.256,
1830543.944,,54.191,42.218,
1830643.941,,54.251,42.990,
1830743.933,,54.242,43.438,
1830843.932,,54.137,44.168,
1830943.930,,54.066,44.622,
1831043.922,,54.098,44.464,
1831143.921,,54.048,46.302,
1831243.914,,54.094,45.082,
1831343.912,,54.018,43.298,
1831443.911,,54.067,42.012,
1831543.905,,54.097,41.106,
1831643.903,,54.039,41.455,
1831743.901,,53.898,42.838,
1831843.895,,53.740,44.726,
1831943.895,,53.719,45.221,
1832043.891,,53.644,43.679,
1832143.886,,53.894,42.434,
1832243.885,,54.026,41.749,
1832343.875,,54.040,41.917,
1832443.871,,54.020,43.372,
1832543.869,,54.051,44.075,
1832643.869,,53.942,43.988,
1832743.865,,53.987,43.774,
1832843.856,,53.696,42.063,
1832943.857,,53.952,42.128,
1833043.853,,53.910,42.871,
1833143.846,,54.135,43.384,
1833243.846,,54.091,44.491,
1833343.839,,54.212,45.148,
1833443.837,,54.235,45.112,
1833543.834,,54.197,45.545,
1833643.832,,54.246,45.459,
1833743.826,,54.062,44.412,
1833843.820,,54.144,44.843,
1833943.817,,54.032,44.353,
1834043.817,,54.130,42.589,
1834143.815,,54.109,41.750,
1834243.809,,54.149,41.917,
1834343.801,,54.196,41.465,
1834443.797,,54.164,41.071,
1834543.800,,54.181,41.274,
1834643.794,,54.299,42.128,
1834743.792,,54.324,43.028,
1834843.782,,54.419,43.962,
1834943.781,,54.402,43.937,
1835043.777,,54.346,43.259,
1835143.773,,54.283,42.246,
1835243.772,,54.338,41.914,
1835343.765,,54.247,42.339,
1835443.763,,54.266,42.347,
1835543.758,,54.257,42.075,
1835643.758,,54.141,41.396,
1835743.754,,54.135,41.129,
1835843.749,,54.079,40.789,
1835943.748,,54.029,41.761,
1836043.743,,54.040,41.856,
1836143.741,,54.076,40.880,
1836243.737,,54.068,40.596,
1836343.728,,53.986,41.241,
1836443.730,,53.998,41.609,
1836543.724,,54.054,41.691,
1836643.716,,53.953,42.278,
1836743.716,,53.921,41.376,
1836843.712,,53.996,42.171,
1836943.707,,53.996,43.357,
1837043.702,,53.993,43.428,
1837143.702,,53.990,43.335,
1837243.698,,53.955,42.530,
1837343.693,,53.924,42.241,
1837443.692,,54.015,44.037,
1837543.686,,54.010,43.586,
1837643.683,,53.979,44.208,
1837743.679,,54.054,43.497,
1837843.674,,53.973,42.454,
1837943.674,,54.065,43.098,
1838043.670,,53.959,43.513,
1838143.661,,54.077,44.591,
1838243.660,,53.889,46.067,
1838343.653,,54.026,46.275,
1838443.652,,54.010,46.781,
1838543.651,,53.931,46.244,
1838643.642,,53.894,45.445,
1838743.643,,54.024,48.140,
