{"Light":{"Led410Enable":true;"Led470Enable":true;"Led560Enable":false;"Led410Value":50.0;"Led470Value":50.0;"Led560Value":100.0};"Excitation":{"mode":1;"discontinuous":false;"interval_time":20;"continuous_time":20};"Channels":[{"Name":"CH1";"Roi1":"316.577464788734;247.007042253524;82.8225352112684;82.8225352112684";"Roi2":"319;227;82.8225352112684;82.8225352112684"}];"AllMarking":[{"id":0;"type":1;"opened":true;"name":"STIM";"Levels":0;"color":"#FFFF0000";"key":0;"threshold":0.0;"all":true;"channels":["AllChannel";"CH1"];"enable":true};{"id":0;"type":1;"opened":true;"name":"WHEEL";"Levels":0;"color":"#FF4F81BD";"key":0;"threshold":0.0;"all":true;"channels":["AllChannel";"CH1"];"enable":true};{"id":0;"type":2;"opened":true;"name":"Input1";"Levels":0;"color":"#FFFF0000";"key":0;"threshold":0.0;"all":true;"channels":["AllChannel";"CH1"];"enable":true};{"id":0;"type":2;"opened":true;"name":"Input2";"Levels":0;"color":"#FF4F81BD";"key":0;"threshold":0.0;"all":true;"channels":["AllChannel";"CH1"];"enable":true};{"id":0;"type":2;"opened":true;"name":"Input3";"Levels":0;"color":"#FF00B050";"key":0;"threshold":0.0;"all":true;"channels":["AllChannel";"CH1"];"enable":true};{"id":0;"type":2;"opened":true;"name":"Input4";"Levels":0;"color":"#FFFF0000";"key":0;"threshold":0.0;"all":true;"channels":["AllChannel";"CH1"];"enable":true}];"Fps":30.0}
TimeStamp,Events,CH1-410,CH1-470,
0.000,,1646.546,1445.924,
66.666,,1636.393,1436.395,
133.332,,1619.107,1418.952,
200.002,,1605.868,1407.525,
266.669,,1599.410,1398.799,
333.336,,1587.778,1392.580,
400.000,,1582.615,1381.225,
466.665,,1587.571,1375.566,
533.332,,1562.101,1367.082,
600.004,,1554.718,1357.480,
666.671,,1549.221,1350.809,
733.336,,1542.688,1344.696,
800.004,,1542.536,1341.982,
866.670,,1534.467,1339.076,
933.337,,1533.215,1339.302,
1000.001,,1519.601,1320.998,
1066.669,,1513.537,1333.695,
1133.332,,1520.714,1315.384,
1199.999,,1499.793,1324.131,
1266.668,,1514.122,1321.524,
1333.331,,1495.138,1299.251,
1399.998,,1535.774,1321.210,
1466.668,,1535.226,1319.799,
1533.333,,1511.089,1307.772,
1600.002,,1499.462,1307.241,
1666.665,,1499.304,1301.893,
1733.335,,1493.975,1300.244,
1800.001,,1483.473,1289.626,
1866.667,,1497.052,1288.971,
1933.331,,1484.409,1289.358,
1999.999,,1484.141,1286.039,
2066.666,,1481.040,1286.481,
2133.332,,1493.562,1281.855,
2200.000,,1491.324,1282.341,
2266.671,,1487.689,1277.984,
2333.336,,1491.481,1275.986,
2400.002,,1470.761,1267.278,
2466.667,,1467.004,1268.531,
2533.335,,1465.357,1272.700,
2600.005,,1479.495,1275.209,
2666.668,,1479.196,1276.816,
2733.336,,1487.001,1283.167,
2799.998,,1481.409,1279.593,
2866.667,,1488.017,1277.970,
2933.335,,1480.822,1284.400,
2999.998,,1475.979,1275.783,
3066.668,,1476.353,1275.552,
3133.335,,1468.545,1270.728,
3200.004,,1466.736,1267.802,
3266.667,,1461.949,1272.170,
3333.336,,1467.471,1266.092,
3400.002,,1469.298,1272.010,
3466.669,,1467.798,1263.147,
3533.333,,1471.892,1265.415,
3600.005,,1474.354,1274.001,
3666.667,,1468.171,1268.919,
3733.336,,1472.278,1264.362,
3800.001,,1469.074,1269.841,
3866.669,,1469.270,1263.942,
3933.333,,1472.640,1259.856,
3999.999,,1465.083,1260.770,
4066.669,,1465.210,1256.347,
4133.334,,1466.856,1259.619,
4200.001,,1471.089,1258.372,
4266.668,,1475.940,1251.179,
4333.333,,1464.544,1253.880,
4400.001,,1467.532,1252.722,
4466.671,,1465.255,1252.141,
4533.335,,1460.442,1255.988,
4600.004,,1467.815,1251.934,
4666.669,,1466.262,1252.503,
4733.335,,1466.290,1254.128,
4800.005,,1470.524,1258.600,
4866.665,,1472.426,1262.865,
4933.336,,1470.013,1261.830,
5000.002,,1471.486,1266.361,
5066.670,,1478.297,1266.402,
5133.335,,1479.076,1268.401,
5199.998,,1482.060,1272.619,
5266.666,,1484.735,1279.711,
5333.335,,1479.137,1281.988,
5400.004,,1478.918,1277.840,
5466.665,,1468.855,1279.657,
5533.335,,1466.454,1279.754,
5600.004,,1467.917,1283.975,
5666.665,,1475.799,1283.869,
5733.336,,1473.355,1285.003,
5800.001,,1473.938,1281.126,
5866.671,,1462.245,1275.327,
5933.334,,1469.850,1276.694,
5999.998,,1474.201,1281.057,
6066.665,,1473.316,1284.122,
6133.331,,1473.321,1287.110,
6199.999,,1475.388,1287.680,
6266.667,,1474.308,1290.098,
6333.335,,1473.212,1280.913,
6399.999,,1465.242,1273.007,
6466.671,,1461.167,1275.075,
6533.332,,1468.752,1276.725,
6600.001,,1467.027,1271.692,
6666.671,,1472.891,1271.545,
6733.333,,1469.976,1266.743,
6800.002,,1467.194,1266.228,
6866.668,,1468.013,1264.083,
6933.334,,1464.699,1260.896,
7000.001,,1470.696,1259.546,
7066.665,,1465.108,1254.051,
7133.335,,1464.239,1255.180,
7200.004,,1465.947,1253.853,
7266.667,,1460.638,1250.575,
7333.337,,1464.079,1252.185,
7400.000,,1462.121,1245.301,
7466.667,,1462.989,1253.700,
7533.337,,1480.731,1255.811,
7600.001,,1467.533,1254.600,
7666.668,,1465.201,1249.168,
7733.333,,1460.968,1251.126,
7799.999,,1463.356,1253.655,
7866.670,,1462.099,1253.811,
7933.332,,1462.401,1260.705,
7999.998,,1462.432,1267.860,
8066.665,,1457.671,1265.418,
8133.338,,1455.742,1269.837,
8200.000,,1451.082,1269.465,
8266.665,,1460.688,1276.131,
8333.334,,1452.303,1278.872,
8400.004,,1457.586,1274.881,
8466.671,,1459.729,1279.390,
8533.334,,1451.910,1283.194,
8599.999,,1467.138,1293.235,
8666.671,,1458.488,1288.558,
8733.333,,1464.735,1287.125,
8800.002,,1460.435,1287.919,
8866.665,,1462.546,1279.444,
8933.332,,1465.974,1278.292,
9000.003,,1459.959,1271.996,
9066.669,,1465.229,1269.850,
9133.333,,1460.043,1269.483,
9200.000,,1460.786,1267.535,
9266.665,,1465.423,1263.072,
9333.333,,1462.464,1261.650,
9400.002,,1462.751,1263.107,
9466.666,,1464.019,1257.565,
9533.332,,1459.402,1246.215,
9599.998,,1428.520,1249.564,
9666.666,,1453.157,1259.077,
9733.337,,1465.779,1261.224,
9800.001,,1472.073,1267.724,
9866.665,,1477.624,1270.050,
9933.334,,1474.799,1276.815,
10000.003,,1463.426,1271.956,
10066.667,,1454.560,1273.843,
10133.336,,1451.778,1267.365,
10200.003,,1445.674,1268.034,
10266.665,,1445.503,1267.212,
10333.338,,1454.888,1270.250,
10400.000,,1447.892,1266.079,
10466.666,,1453.762,1265.115,
10533.337,,1443.129,1261.036,
10600.005,,1455.822,1266.994,
10666.666,,1453.457,1263.824,
10733.336,,1454.671,1264.755,
10800.004,,1457.218,1266.580,
10866.668,,1459.588,1264.111,
10933.336,,1455.363,1260.819,
11000.004,,1457.817,1257.050,
11066.670,,1454.798,1255.395,
11133.334,,1457.914,1254.483,
11199.999,,1456.590,1250.481,
11266.669,,1458.914,1251.034,
11333.335,,1460.266,1246.038,
11400.004,,1456.825,1244.515,
11466.670,,1461.277,1243.494,
11533.331,,1454.622,1239.616,
11599.999,,1458.201,1240.222,
11666.671,,1453.957,1235.178,
11733.336,,1455.244,1236.275,
11800.004,,1457.887,1232.290,
11866.670,,1452.942,1231.675,
11933.333,,1457.385,1236.857,
11999.999,,1451.113,1237.483,
12066.666,,1456.956,1241.709,
12133.333,,1457.089,1236.038,
12200.004,,1454.969,1235.567,
12266.670,,1462.544,1239.165,
12333.334,,1472.821,1225.908,
12400.002,,1435.004,1242.313,
12466.669,,1450.501,1238.094,
12533.331,,1432.071,1244.550,
12600.003,,1457.133,1258.239,
12666.666,,1455.266,1259.463,
12733.332,,1461.406,1259.748,
12799.999,,1441.518,1261.027,
12866.667,,1449.575,1265.183,
12933.333,,1447.198,1254.654,
12999.999,,1443.888,1250.390,
13066.666,,1441.812,1252.975,
13133.335,,1437.532,1252.680,
13199.999,,1447.860,1250.071,
13266.669,,1446.671,1248.495,
13333.332,,1445.609,1248.507,
13400.000,,1451.358,1248.410,
13466.671,,1447.632,1245.627,
13533.337,,1450.120,1248.132,
13600.001,,1452.226,1243.303,
13666.669,,1449.072,1242.866,
13733.334,,1455.312,1241.840,
13800.001,,1449.869,1237.931,
13866.669,,1451.614,1240.964,
13933.334,,1452.292,1236.944,
13999.999,,1449.703,1243.602,
14066.666,,1467.615,1244.437,
14133.334,,1454.172,1243.946,
14200.000,,1460.559,1242.535,
14266.671,,1458.525,1243.779,
14333.333,,1452.219,1240.084,
14400.004,,1445.646,1234.482,
14466.665,,1447.305,1233.817,
14533.334,,1451.771,1238.010,
14600.003,,1459.813,1232.588,
14666.670,,1453.596,1233.972,
14733.335,,1461.231,1233.281,
14800.001,,1456.470,1228.337,
14866.670,,1458.484,1229.072,
14933.332,,1460.741,1223.400,
15000.004,,1454.931,1219.356,
15066.668,,1453.100,1228.888,
15133.333,,1459.708,1229.182,
15200.002,,1458.400,1230.497,
15266.666,,1459.675,1231.421,
15333.333,,1443.427,1229.866,
15399.999,,1447.202,1219.756,
15466.666,,1426.827,1221.252,
15533.335,,1450.981,1227.503,
15600.000,,1446.038,1228.303,
15666.671,,1437.409,1228.398,
15733.334,,1434.671,1234.727,
15800.004,,1449.243,1238.191,
15866.670,,1462.049,1275.145,
15933.338,,1451.037,1343.479,
15999.981,,1461.110,1386.910,
16066.628,,1466.973,1400.876,
16133.269,,1458.437,1409.961,
16199.916,,1460.497,1418.385,
16266.560,,1456.893,1410.707,
16333.205,,1456.301,1409.642,
16399.846,,1454.276,1398.092,
16466.494,,1448.810,1391.495,
16533.138,,1455.331,1380.959,
16599.782,,1455.057,1371.638,
16666.423,,1454.224,1364.374,
16733.064,,1444.688,1358.135,
16799.712,,1448.931,1354.566,
16866.355,,1448.299,1344.477,
16932.999,,1450.241,1340.244,
16999.638,,1450.504,1334.210,
17066.281,,1451.080,1327.310,
17132.922,,1450.565,1327.085,
17199.562,,1449.351,1322.344,
17266.205,,1451.043,1321.814,
17332.846,,1445.269,1317.687,
17399.491,,1449.674,1319.679,
17466.135,,1446.137,1318.985,
17532.771,,1447.978,1318.308,
17599.411,,1449.864,1313.887,
17666.054,,1447.616,1309.766,
17732.692,,1452.450,1307.992,
17799.334,,1443.210,1303.728,
17865.973,,1445.882,1298.630,
17932.619,,1438.969,1294.432,
17999.254,,1443.755,1295.012,
18065.899,,1441.849,1291.426,
18132.535,,1460.713,1295.115,
18199.173,,1456.668,1287.409,
18265.814,,1454.623,1289.839,
18332.454,,1452.858,1285.318,
18399.095,,1452.417,1284.529,
18465.732,,1448.513,1275.947,
18532.373,,1444.816,1280.283,
18599.011,,1454.617,1277.036,
18665.646,,1445.602,1275.992,
18732.282,,1448.705,1279.474,
18798.921,,1442.123,1273.230,
18865.557,,1445.090,1275.398,
18932.196,,1447.075,1266.530,
18998.836,,1445.091,1266.301,
19065.469,,1453.608,1262.909,
19132.110,,1448.803,1262.833,
19198.749,,1453.958,1259.140,
19265.385,,1447.534,1255.490,
19332.021,,1448.379,1255.577,
19398.652,,1445.727,1256.562,
19465.293,,1455.048,1255.286,
19531.927,,1451.510,1253.330,
19598.560,,1447.715,1254.729,
19665.195,,1451.595,1254.851,
19731.832,,1452.283,1259.572,
19798.471,,1457.052,1261.708,
19865.102,,1452.863,1266.233,
19931.738,,1458.957,1267.269,
19998.372,,1451.322,1265.427,
20065.005,,1455.976,1267.852,
20131.639,,1455.356,1263.352,
20198.274,,1455.771,1263.370,
20264.913,,1451.272,1259.285,
20331.542,,1450.220,1261.086,
20398.175,,1449.756,1257.298,
20464.814,,1445.644,1260.140,
20531.441,,1450.617,1256.319,
20598.076,,1437.868,1251.180,
20664.713,,1441.210,1252.186,
20731.344,,1433.105,1246.263,
20797.973,,1439.423,1251.331,
20864.607,,1445.628,1249.169,
20931.242,,1454.022,1249.760,
20997.874,,1452.703,1250.353,
21064.501,,1454.608,1254.660,
21131.137,,1447.011,1251.492,
21197.768,,1443.409,1253.917,
21264.394,,1451.305,1247.625,
21331.031,,1443.472,1243.609,
21397.657,,1451.465,1247.162,
21464.292,,1446.699,1238.728,
21530.921,,1443.331,1240.022,
21597.548,,1442.892,1237.210,
21664.180,,1440.299,1231.234,
21730.809,,1446.805,1235.276,
21797.439,,1443.269,1231.244,
21864.071,,1446.571,1235.168,
21930.702,,1448.215,1237.026,
21997.331,,1463.413,1237.396,
22063.956,,1461.985,1240.952,
22130.585,,1462.025,1244.100,
22197.214,,1459.527,1241.949,
22263.842,,1450.458,1241.801,
22330.470,,1453.540,1242.714,
22397.102,,1448.201,1238.216,
22463.729,,1455.236,1238.050,
22530.356,,1443.241,1235.844,
22596.983,,1447.384,1237.541,
22663.609,,1444.896,1236.385,
22730.242,,1453.120,1232.135,
22796.870,,1446.942,1233.120,
22863.491,,1454.111,1230.279,
22930.119,,1458.838,1232.216,
22996.750,,1442.043,1227.747,
23063.375,,1455.574,1227.654,
23130.001,,1445.655,1225.738,
23196.625,,1439.196,1224.361,
23263.253,,1436.825,1224.137,
23329.881,,1438.479,1223.198,
23396.501,,1442.771,1226.674,
23463.130,,1449.002,1223.698,
23529.753,,1444.481,1226.032,
23596.376,,1446.948,1236.810,
23663.006,,1441.173,1224.189,
23729.632,,1436.224,1234.094,
23796.254,,1441.721,1234.678,
23862.880,,1449.330,1241.932,
23929.504,,1446.879,1241.645,
23996.162,,1445.807,1239.588,
24062.821,,1450.494,1245.242,
24129.474,,1449.525,1249.491,
24196.135,,1452.407,1252.964,
24262.794,,1443.388,1252.648,
24329.450,,1442.670,1254.302,
24396.111,,1449.569,1252.608,
24462.771,,1453.614,1254.878,
24529.423,,1459.374,1254.097,
24596.084,,1453.555,1252.497,
24662.743,,1455.821,1254.156,
24729.401,,1455.100,1251.241,
24796.060,,1451.682,1248.801,
24862.715,,1452.897,1251.356,
24929.378,,1451.587,1248.644,
24996.032,,1446.939,1251.638,
25062.697,,1453.288,1251.481,
25129.356,,1454.308,1246.900,
25196.011,,1455.209,1246.374,
25262.669,,1457.542,1244.136,
25329.328,,1450.868,1241.141,
25395.987,,1453.649,1242.307,
25462.646,,1453.928,1242.751,
25529.306,,1449.423,1242.657,
25595.963,,1457.104,1254.259,
25662.620,,1460.225,1245.550,
25729.280,,1445.793,1251.856,
25795.936,,1447.586,1230.204,
25862.595,,1438.364,1247.734,
25929.258,,1445.770,1234.755,
25995.917,,1414.061,1242.576,
26062.576,,1444.606,1240.755,
26129.232,,1437.533,1239.893,
26195.894,,1447.383,1234.538,
26262.550,,1434.034,1233.321,
26329.207,,1445.237,1237.661,
26395.869,,1454.348,1226.584,
26462.528,,1441.652,1226.758,
26529.185,,1441.590,1228.978,
26595.840,,1440.373,1228.588,
26662.501,,1437.102,1220.544,
26729.163,,1437.885,1219.943,
26795.819,,1441.660,1221.246,
26862.475,,1432.411,1220.619,
26929.136,,1426.831,1227.061,
26995.796,,1434.948,1229.765,
27062.457,,1440.497,1228.507,
27129.116,,1438.214,1219.104,
27195.773,,1444.422,1230.531,
27262.429,,1454.903,1234.486,
27329.090,,1466.264,1247.311,
27395.748,,1464.175,1264.489,
27462.406,,1450.981,1276.399,
27529.067,,1439.902,1285.302,
27595.724,,1441.029,1280.304,
27662.388,,1433.039,1290.861,
27729.045,,1443.903,1291.254,
27795.706,,1444.643,1288.973,
27862.360,,1441.310,1284.444,
27929.022,,1447.378,1287.638,
27995.683,,1446.446,1275.114,
28062.342,,1435.819,1280.849,
28129.000,,1443.537,1281.362,
28195.654,,1435.898,1277.634,
28262.314,,1445.367,1277.677,
28328.973,,1441.107,1271.996,
28395.636,,1440.669,1276.652,
28462.296,,1440.194,1272.713,
28528.953,,1438.274,1271.931,
28595.613,,1442.451,1272.023,
28662.270,,1448.955,1271.951,
28728.934,,1434.306,1258.051,
28795.590,,1414.755,1267.206,
28862.247,,1432.240,1267.274,
28928.908,,1415.932,1281.009,
28995.569,,1407.585,1277.749,
29062.228,,1427.026,1282.806,
29128.883,,1410.219,1283.589,
29195.544,,1431.681,1285.252,
29262.201,,1440.274,1287.557,
29328.867,,1428.453,1280.068,
29395.526,,1420.696,1270.126,
29462.183,,1423.713,1270.624,
29528.840,,1425.017,1267.419,
29595.503,,1423.492,1262.046,
29662.162,,1420.304,1262.553,
29728.810,,1434.179,1259.567,
29795.479,,1424.365,1258.527,
29862.139,,1428.992,1259.877,
29928.801,,1420.586,1252.061,
29995.457,,1430.248,1255.488,
30062.117,,1434.573,1251.216,
30128.779,,1423.855,1251.695,
30195.438,,1429.269,1255.474,
30262.097,,1431.502,1277.372,
30328.756,,1433.238,1310.476,
30395.413,,1431.110,1336.819,
30462.071,,1446.991,1345.661,
30528.732,,1436.202,1359.876,
30595.395,,1432.539,1350.498,
30662.056,,1440.143,1366.702,
30728.713,,1431.236,1366.038,
30795.373,,1430.140,1370.821,
30862.028,,1423.591,1365.030,
30928.691,,1417.442,1364.346,
30995.351,,1417.247,1347.496,
31062.007,,1426.540,1346.271,
31128.673,,1418.330,1344.945,
31195.332,,1418.941,1333.322,
31261.989,,1423.751,1337.731,
31328.651,,1421.578,1321.785,
31395.311,,1434.320,1320.670,
31461.968,,1436.956,1323.107,
31528.628,,1424.907,1307.838,
31595.291,,1418.585,1308.447,
31661.947,,1415.478,1299.637,
31728.608,,1424.723,1294.229,
31795.265,,1419.707,1299.499,
31861.927,,1428.703,1296.941,
31928.587,,1432.533,1288.436,
31995.245,,1424.461,1276.538,
32061.904,,1427.995,1279.073,
32128.562,,1426.134,1272.460,
32195.219,,1417.664,1271.239,
32261.879,,1420.172,1267.672,
32328.536,,1417.565,1264.758,
32395.189,,1421.939,1263.273,
32461.852,,1420.229,1265.035,
32528.509,,1431.178,1264.681,
32595.165,,1419.205,1263.157,
32661.822,,1412.248,1260.244,
32728.484,,1412.899,1260.376,
32795.135,,1418.238,1264.372,
32861.794,,1423.067,1264.035,
32928.456,,1428.772,1257.648,
32995.112,,1412.721,1256.613,
33061.772,,1415.348,1254.208,
33128.426,,1430.006,1260.438,
33195.086,,1419.821,1246.066,
33261.744,,1427.148,1256.672,
33328.402,,1431.803,1259.442,
33395.057,,1436.004,1254.635,
33461.714,,1427.805,1246.498,
33528.378,,1432.891,1243.266,
33595.032,,1422.442,1240.776,
33661.688,,1426.934,1236.184,
33728.350,,1427.297,1232.058,
33795.003,,1424.059,1228.963,
33861.666,,1408.282,1224.269,
33928.321,,1426.432,1232.608,
33994.981,,1430.875,1234.084,
34061.640,,1439.095,1227.792,
34128.294,,1429.342,1225.184,
34194.953,,1420.528,1219.973,
34261.614,,1430.529,1229.139,
34328.269,,1425.070,1220.791,
34394.928,,1432.864,1221.257,
34461.586,,1444.984,1228.513,
34528.248,,1444.551,1226.344,
34594.903,,1427.122,1220.264,
34661.559,,1423.787,1218.234,
34728.219,,1428.462,1219.714,
34794.876,,1429.762,1215.317,
34861.531,,1431.500,1217.809,
34928.189,,1430.319,1211.197,
34994.853,,1419.642,1213.251,
35061.509,,1428.525,1212.157,
35128.168,,1431.559,1209.609,
35194.821,,1428.387,1209.770,
35261.479,,1417.877,1209.717,
35328.138,,1419.297,1210.560,
35394.799,,1424.094,1214.773,
35461.456,,1434.183,1217.098,
35528.116,,1437.595,1217.901,
35594.774,,1435.707,1217.326,
35661.427,,1438.531,1224.086,
35728.088,,1428.587,1233.890,
35794.744,,1448.868,1232.980,
35861.402,,1444.534,1223.535,
35928.061,,1432.191,1231.721,
35994.718,,1448.915,1231.774,
36061.376,,1445.059,1224.044,
36128.042,,1434.745,1224.082,
36194.693,,1442.662,1228.105,
36261.353,,1444.522,1227.361,
36328.010,,1447.743,1221.656,
36394.669,,1440.578,1220.677,
36461.325,,1443.971,1220.857,
36527.989,,1439.738,1221.718,
36594.645,,1448.779,1224.053,
36661.301,,1446.043,1221.655,
36727.957,,1440.436,1221.553,
36794.619,,1437.238,1223.641,
36861.278,,1439.535,1219.690,
36927.933,,1433.565,1221.123,
36994.594,,1439.402,1218.985,
37061.250,,1435.690,1220.843,
37127.907,,1446.630,1228.916,
37194.566,,1442.905,1224.469,
37261.224,,1439.038,1222.341,
37327.884,,1437.794,1222.660,
37394.538,,1445.363,1225.134,
37461.199,,1444.396,1222.038,
37527.857,,1447.921,1219.049,
37594.514,,1437.853,1217.368,
37661.172,,1432.614,1220.460,
37727.835,,1431.738,1225.628,
37794.491,,1429.523,1219.339,
37861.151,,1443.266,1226.997,
37927.806,,1441.855,1221.707,
37994.467,,1439.234,1226.042,
38061.126,,1435.013,1227.598,
38127.779,,1435.440,1233.538,
38194.439,,1433.349,1231.047,
38261.096,,1434.977,1235.134,
38327.754,,1438.177,1235.993,
38394.417,,1434.380,1234.761,
38461.075,,1435.903,1235.021,
38527.733,,1434.192,1233.782,
38594.390,,1420.752,1234.259,
38661.050,,1432.275,1227.149,
38727.702,,1432.993,1230.377,
38794.363,,1429.183,1225.540,
38861.020,,1428.396,1231.597,
38927.678,,1433.192,1227.007,
38994.337,,1431.755,1227.778,
39060.994,,1441.154,1225.676,
39127.655,,1438.400,1226.050,
39194.310,,1448.395,1225.253,
39260.971,,1438.804,1225.200,
39327.633,,1440.768,1233.811,
39394.288,,1437.758,1234.988,
39460.949,,1437.979,1237.700,
39527.606,,1439.007,1234.391,
39594.261,,1433.776,1234.980,
39660.922,,1438.241,1236.868,
39727.583,,1431.096,1235.714,
39794.240,,1431.128,1238.984,
39860.895,,1437.435,1251.927,
39927.555,,1444.859,1257.558,
39994.214,,1437.815,1255.081,
40060.876,,1434.871,1256.519,
40127.532,,1431.725,1251.704,
40194.193,,1418.422,1246.774,
40260.851,,1423.153,1249.185,
40327.511,,1420.800,1242.037,
40394.165,,1412.632,1241.630,
40460.822,,1411.815,1240.807,
40527.486,,1427.568,1244.772,
40594.145,,1430.555,1243.506,
40660.802,,1428.764,1243.449,
40727.461,,1429.025,1237.415,
40794.117,,1438.339,1239.055,
40860.780,,1435.913,1233.072,
40927.433,,1424.151,1234.746,
40994.096,,1430.734,1231.874,
41060.756,,1434.401,1233.194,
41127.411,,1431.407,1230.381,
41194.075,,1432.789,1235.748,
41260.732,,1437.259,1233.086,
41327.388,,1432.738,1233.912,
41394.050,,1421.909,1230.452,
41460.710,,1437.888,1236.044,
41527.366,,1437.776,1242.586,
41594.025,,1451.869,1247.729,
41660.684,,1444.129,1253.221,
41727.341,,1446.187,1259.665,
41793.999,,1446.308,1260.443,
41860.659,,1444.382,1259.676,
41927.320,,1450.653,1254.786,
41993.982,,1442.409,1267.150,
42060.640,,1436.994,1271.379,
42127.298,,1432.242,1279.243,
42193.952,,1434.215,1285.106,
42260.613,,1432.208,1292.164,
42327.274,,1435.702,1303.244,
42393.932,,1428.031,1313.379,
42460.588,,1424.963,1318.103,
42527.248,,1429.722,1319.596,
42593.909,,1435.042,1332.287,
42660.569,,1436.084,1339.932,
42727.224,,1432.929,1360.048,
42793.883,,1431.314,1386.644,
42860.544,,1427.608,1399.300,
42927.204,,1434.497,1393.206,
42993.860,,1432.635,1390.752,
43060.519,,1435.428,1399.743,
43127.180,,1432.921,1402.782,
43193.838,,1432.570,1402.129,
43260.496,,1431.228,1404.620,
43327.159,,1427.320,1401.056,
43393.814,,1431.810,1389.811,
43460.478,,1433.293,1387.986,
43527.137,,1431.784,1379.850,
43593.796,,1434.947,1382.603,
43660.456,,1425.900,1385.902,
43727.115,,1434.476,1386.596,
43793.771,,1442.524,1373.109,
43860.433,,1441.455,1366.444,
43927.092,,1414.224,1349.688,
43993.751,,1447.915,1354.098,
44060.408,,1435.976,1325.283,
44127.064,,1429.352,1336.641,
44193.725,,1436.884,1334.812,
44260.387,,1426.538,1325.517,
44327.047,,1427.094,1321.669,
44393.702,,1427.574,1317.715,
44460.360,,1425.220,1317.164,
44527.021,,1436.018,1312.795,
44593.682,,1429.967,1312.400,
44660.338,,1430.915,1306.425,
44727.001,,1434.754,1308.119,
44793.661,,1428.505,1302.263,
44860.319,,1433.011,1295.346,
44926.962,,1426.002,1295.411,
44993.632,,1421.115,1289.321,
45060.297,,1415.389,1286.767,
45126.955,,1416.200,1285.083,
45193.616,,1425.364,1279.789,
45260.275,,1425.409,1281.412,
45326.934,,1423.196,1280.175,
45393.588,,1425.312,1273.898,
45460.247,,1427.547,1276.053,
45526.912,,1428.886,1277.916,
45593.568,,1423.212,1279.671,
45660.229,,1431.013,1283.470,
45726.884,,1427.704,1281.267,
45793.549,,1425.681,1280.990,
45860.204,,1420.295,1276.715,
45926.864,,1423.935,1274.468,
45993.520,,1432.201,1271.123,
46060.182,,1435.363,1266.957,
46126.844,,1421.838,1258.251,
46193.505,,1431.456,1257.201,
46260.163,,1423.147,1258.244,
46326.823,,1419.043,1256.202,
46393.476,,1429.086,1246.415,
46460.136,,1429.938,1249.867,
46526.798,,1426.067,1248.391,
46593.460,Input1*2*0,1423.659,1245.330,
46660.113,,1427.137,1246.457,
46726.777,Input1*2*1,1427.375,1246.254,
46793.436,,1426.348,1250.920,
46860.092,,1421.033,1250.568,
46926.756,,1423.368,1246.585,
46993.416,,1419.590,1245.842,
47060.074,,1417.435,1248.417,
47126.730,,1417.809,1243.860,
47193.392,,1422.723,1243.091,
47260.048,,1423.126,1242.840,
47326.709,,1426.175,1242.895,
47393.367,,1414.686,1236.487,
47460.028,,1422.817,1246.397,
47526.687,,1419.685,1241.404,
47593.345,,1417.731,1235.810,
47660.004,,1426.503,1239.385,
47726.664,,1429.781,1241.971,
47793.328,,1420.710,1243.912,
47859.983,,1427.041,1241.167,
47926.645,,1433.937,1232.818,
47993.302,,1423.741,1225.400,
48059.960,,1413.566,1232.576,
48126.615,,1415.197,1232.466,
48193.277,,1423.259,1234.663,
48259.935,,1421.465,1242.873,
48326.592,,1416.266,1250.458,
48393.246,,1422.284,1259.967,
48459.907,,1425.818,1280.087,
48526.562,,1424.573,1293.113,
48593.221,,1422.748,1298.958,
48659.876,,1418.889,1304.668,
48726.532,,1422.709,1304.951,
48793.188,,1424.044,1306.643,
48859.851,,1426.574,1306.476,
48926.505,,1420.596,1306.026,
48993.167,,1425.090,1304.553,
49059.821,,1426.943,1301.254,
49126.478,,1426.376,1299.028,
49193.133,,1426.421,1295.077,
49259.794,,1423.793,1290.858,
49326.451,,1410.463,1287.397,
49393.106,,1415.352,1289.273,
49459.765,,1417.577,1283.097,
49526.422,,1423.203,1286.577,
49593.080,,1410.620,1294.202,
49659.735,,1427.176,1303.788,
49726.397,,1423.560,1292.368,
49793.052,,1431.397,1293.719,
49859.710,,1424.122,1283.557,
49926.367,,1424.297,1280.815,
49993.026,,1428.139,1272.102,
50059.682,,1420.803,1257.021,
50126.342,,1431.945,1263.990,
50192.997,,1430.917,1256.718,
50259.654,,1431.030,1258.139,
50326.309,,1433.779,1253.395,
50392.969,,1433.055,1250.710,
50459.624,,1422.149,1251.345,
50526.284,,1420.734,1249.073,
50592.940,,1427.978,1245.333,
50659.599,,1408.397,1237.201,
50726.259,,1423.563,1241.048,
50792.917,,1423.107,1240.380,
50859.573,,1436.235,1237.859,
50926.227,,1426.252,1233.449,
50992.889,,1437.244,1241.373,
51059.541,,1439.834,1234.381,
51126.203,,1424.879,1230.492,
51192.860,,1420.469,1226.868,
51259.516,,1421.278,1228.937,
51326.170,,1409.461,1229.281,
51392.832,,1408.126,1226.642,
51459.491,,1413.049,1228.251,
51526.144,,1424.516,1228.226,
51592.804,,1420.484,1232.241,
51659.462,,1417.000,1225.988,
51726.119,,1417.039,1225.811,
51792.779,,1414.539,1223.864,
51859.431,,1412.872,1224.263,
51926.093,,1420.182,1229.582,
51992.749,,1419.323,1234.124,
52059.406,,1417.730,1237.859,
52126.065,,1418.797,1232.969,
52192.721,,1415.770,1228.275,
52259.379,,1414.712,1242.898,
52326.036,,1412.859,1242.870,
52392.696,,1421.271,1250.557,
52459.351,,1412.843,1250.276,
52525.992,,1413.708,1250.167,
52592.663,,1417.757,1250.909,
52659.321,,1418.948,1259.824,
52725.976,,1415.134,1257.355,
52792.640,,1412.549,1265.480,
52859.293,,1407.171,1271.566,
52925.951,,1412.947,1273.610,
52992.609,,1406.927,1276.306,
53059.269,,1422.366,1269.492,
53125.922,,1421.648,1272.080,
53192.584,,1423.654,1266.386,
53259.241,,1418.159,1266.288,
53325.899,,1430.213,1266.093,
53392.552,,1426.577,1259.518,
53459.212,,1423.939,1260.172,
53525.872,,1418.316,1260.392,
53592.526,,1421.922,1262.147,
53659.183,,1416.631,1271.691,
53725.840,,1422.373,1272.235,
53792.498,,1421.198,1275.181,
53859.155,,1414.404,1276.937,
53925.811,,1413.080,1273.471,
53992.470,,1416.607,1265.388,
54059.130,,1416.827,1264.635,
54125.785,,1414.705,1256.596,
54192.442,,1434.588,1258.408,
54259.099,,1440.893,1264.686,
54325.757,,1434.537,1257.280,
54392.416,,1415.949,1264.796,
54459.072,,1419.363,1264.743,
54525.731,,1416.917,1261.923,
54592.387,,1418.397,1264.369,
54659.046,,1416.442,1261.059,
54725.700,,1417.155,1264.749,
54792.363,,1413.578,1261.310,
54859.020,,1419.977,1258.356,
54925.675,,1419.432,1256.688,
54992.332,,1423.075,1250.497,
55058.992,,1421.308,1249.767,
55125.648,,1415.927,1254.467,
55192.307,,1417.272,1260.576,
55258.962,,1424.677,1264.723,
55325.617,,1422.358,1266.702,
55392.279,,1424.818,1264.887,
55458.937,,1423.461,1262.755,
55525.592,,1423.056,1259.868,
55592.250,,1426.886,1253.254,
55658.905,,1427.092,1251.389,
55725.564,,1422.973,1250.012,
55792.222,,1425.788,1251.003,
55858.880,,1432.947,1254.519,
55925.535,,1426.184,1255.744,
55992.193,,1424.707,1258.340,
56058.857,,1423.300,1265.779,
56125.511,,1419.187,1272.462,
56192.167,,1413.810,1274.990,
56258.829,,1417.223,1282.507,
56325.488,,1402.122,1287.558,
56392.142,,1412.717,1294.096,
56458.800,,1416.833,1297.669,
56525.460,,1413.674,1308.400,
56592.117,,1416.856,1308.955,
56658.775,,1417.295,1307.450,
56725.434,,1418.201,1306.244,
56792.091,,1415.770,1301.521,
56858.755,,1415.814,1299.943,
56925.409,,1407.622,1290.233,
56992.066,,1417.189,1291.181,
57058.729,,1417.703,1284.300,
57125.387,,1413.038,1286.853,
57192.046,,1409.594,1287.557,
57258.702,,1411.346,1280.812,
57325.362,,1414.737,1276.367,
57392.015,,1416.739,1276.973,
57458.673,,1421.931,1268.213,
57525.337,,1418.766,1262.781,
57591.991,,1414.573,1265.778,
57658.652,,1417.499,1262.225,
57725.310,,1419.178,1260.239,
57791.970,,1416.476,1255.983,
57858.628,,1419.547,1252.761,
57925.287,,1420.785,1249.349,
57991.942,,1412.201,1250.562,
58058.601,,1408.288,1248.534,
58125.259,,1416.116,1247.343,
58191.918,,1421.205,1251.033,
58258.575,,1417.669,1246.820,
58325.232,,1423.283,1244.596,
58391.894,,1417.534,1243.092,
58458.550,,1408.910,1235.310,
58525.211,,1419.036,1240.148,
58591.865,,1411.605,1231.570,
58658.526,,1417.862,1236.182,
58725.186,,1409.816,1227.882,
58791.843,,1410.216,1236.741,
58858.497,,1414.574,1241.166,
58925.157,,1416.619,1243.809,
58991.819,,1414.720,1241.837,
59058.472,,1414.101,1240.535,
59125.136,,1410.736,1249.145,
59191.790,,1408.257,1272.960,
59258.453,,1408.596,1297.645,
59325.109,,1416.524,1307.703,
59391.767,,1416.556,1303.541,
59458.427,,1417.414,1296.216,
59525.082,,1415.075,1288.107,
59591.742,,1414.295,1281.099,
59658.401,,1415.255,1274.920,
59725.056,,1413.924,1267.586,
59791.715,,1419.044,1266.175,
59858.372,,1421.080,1260.255,
59925.030,,1417.548,1258.144,
59991.691,,1420.564,1258.042,
60058.350,,1409.664,1270.182,
60125.008,,1410.606,1281.175,
60191.664,,1411.669,1285.410,
60258.323,,1405.205,1295.851,
60324.983,,1414.787,1300.612,
60391.642,,1419.287,1312.122,
60458.298,,1426.757,1313.090,
60524.958,,1421.658,1310.151,
60591.614,,1416.234,1308.616,
60658.276,,1417.368,1303.391,
60724.932,,1420.742,1306.747,
60791.590,,1418.116,1300.797,
60858.248,,1418.559,1298.938,
60924.906,,1418.008,1295.468,
60991.565,,1418.303,1288.671,
61058.224,,1411.209,1260.699,
61124.883,,1434.541,1287.594,
61191.543,,1421.387,1268.607,
61258.198,,1396.973,1273.937,
61324.860,,1432.039,1277.293,
61391.521,,1429.798,1274.204,
61458.175,,1430.363,1262.597,
61524.833,,1404.460,1240.529,
61591.494,,1404.743,1252.949,
61658.150,,1409.431,1253.416,
61724.810,,1412.900,1250.093,
61791.465,,1423.065,1251.384,
61858.127,,1419.486,1250.496,
61924.786,,1418.122,1246.061,
61991.444,,1417.286,1248.442,
62058.099,,1414.637,1248.106,
62124.757,,1419.968,1248.950,
62191.418,,1409.699,1248.265,
62258.074,,1419.501,1251.839,
62324.732,,1409.718,1250.743,
62391.392,,1425.373,1251.727,
62458.049,,1429.519,1248.718,
62524.713,,1425.371,1253.459,
62591.367,,1432.544,1248.071,
62658.027,,1422.509,1246.685,
62724.687,,1428.085,1250.231,
62791.342,,1426.019,1244.637,
62858.003,,1421.316,1239.737,
62924.664,,1432.078,1244.698,
62991.316,,1435.406,1243.617,
63057.978,,1436.154,1251.113,
63124.635,,1436.978,1246.619,
63191.297,,1424.650,1244.911,
63257.954,,1434.088,1242.825,
63324.612,,1438.170,1246.765,
63391.269,,1436.343,1243.643,
63457.927,,1438.482,1242.248,
63524.590,,1433.412,1248.299,
63591.242,,1430.886,1245.723,
63657.905,,1436.909,1249.399,
63724.565,,1427.433,1247.892,
63791.218,,1426.434,1241.390,
63857.877,,1433.534,1246.113,
63924.537,,1432.736,1243.918,
63991.198,,1437.736,1244.392,
64057.855,,1432.633,1236.851,
64124.508,,1429.713,1236.242,
64191.166,,1428.367,1234.250,
64257.828,,1427.344,1228.776,
64324.481,,1422.922,1226.271,
64391.143,,1421.444,1222.890,
64457.796,,1421.417,1222.685,
64524.454,,1429.354,1223.090,
64591.116,,1432.177,1224.116,
64657.768,,1429.876,1221.363,
64724.427,,1430.080,1221.658,
64791.088,,1426.510,1217.559,
64857.748,,1422.599,1216.796,
64924.406,,1430.242,1218.574,
64991.059,,1423.201,1215.367,
65057.718,,1417.435,1218.624,
65124.378,,1417.023,1210.625,
65191.033,,1415.303,1208.842,
65257.693,,1417.800,1215.019,
65324.348,,1430.632,1213.097,
65391.008,,1439.144,1225.056,
65457.663,,1444.780,1231.532,
65524.324,,1442.989,1228.195,
65590.980,,1434.432,1227.733,
65657.634,,1436.509,1228.719,
65724.297,,1434.870,1227.636,
65790.954,,1442.663,1229.282,
65857.610,,1430.610,1221.308,
65924.271,,1432.432,1224.490,
65990.927,,1432.080,1222.064,
66057.582,,1438.661,1224.007,
66124.243,,1434.356,1221.663,
66190.896,,1431.422,1223.893,
66257.554,,1434.207,1221.521,
66324.215,,1430.991,1220.937,
66390.871,,1438.467,1221.097,
66457.528,,1433.869,1222.122,
66524.184,,1441.308,1228.252,
66590.845,,1449.284,1233.787,
66657.500,,1433.193,1227.755,
66724.161,,1435.952,1233.278,
66790.815,,1436.318,1233.782,
66857.472,,1433.344,1234.954,
66924.131,,1440.435,1238.785,
66990.787,,1431.086,1243.017,
67057.449,,1434.612,1244.365,
67124.103,,1433.633,1249.896,
67190.762,,1426.523,1242.209,
67257.420,,1432.059,1244.057,
67324.079,,1431.141,1250.586,
67390.738,,1427.205,1253.178,
67457.395,,1434.705,1257.179,
67524.052,,1436.341,1260.502,
67590.712,,1436.673,1251.190,
67657.370,,1420.646,1249.769,
67724.022,,1428.951,1255.368,
67790.685,,1424.832,1249.533,
67857.339,,1431.981,1257.719,
67924.000,,1435.406,1253.913,
67990.654,,1437.706,1256.195,
68057.311,,1431.584,1245.493,
68123.971,,1444.745,1252.236,
68190.631,,1445.359,1248.529,
68257.286,,1450.229,1246.714,
68323.943,,1442.305,1243.437,
68390.600,,1447.213,1239.651,
68457.263,,1444.111,1238.868,
68523.915,,1445.935,1234.006,
68590.573,,1441.882,1235.439,
68657.232,,1439.599,1231.965,
68723.889,,1437.313,1231.667,
68790.546,,1440.580,1226.326,
68857.209,,1435.860,1224.602,
68923.861,,1441.231,1223.978,
68990.524,,1436.903,1224.069,
69057.180,,1444.656,1227.072,
69123.836,,1445.769,1226.552,
69190.494,,1439.516,1220.946,
69257.152,,1432.920,1215.949,
69323.808,,1432.416,1215.206,
69390.468,,1432.079,1211.119,
69457.127,,1425.239,1213.739,
69523.782,,1428.198,1211.186,
69590.441,,1427.536,1213.341,
69657.102,,1434.729,1213.520,
69723.756,,1426.170,1209.684,
69790.415,,1434.852,1211.176,
69857.071,,1435.406,1212.387,
69923.733,,1434.336,1208.698,
69990.386,,1440.713,1209.955,
70057.043,,1435.069,1211.051,
70123.702,,1441.490,1213.610,
70190.357,,1437.100,1218.575,
70257.016,,1433.256,1212.266,
70323.679,,1439.332,1216.862,
70390.332,,1440.456,1212.450,
70456.990,,1445.451,1217.127,
70523.650,,1451.620,1216.014,
70590.307,,1438.716,1213.357,
70656.968,,1428.047,1209.073,
70723.622,,1430.094,1212.543,
70790.278,,1434.811,1217.248,
70856.936,,1433.339,1212.178,
70923.598,,1435.400,1209.276,
70990.251,,1431.734,1213.506,
71056.909,,1422.271,1212.212,
71123.568,,1432.311,1215.124,
71190.224,,1431.321,1213.384,
71256.882,,1434.144,1213.498,
71323.541,,1431.170,1212.745,
71390.203,,1431.662,1215.027,
71456.855,,1426.908,1217.037,
71523.513,,1430.809,1221.436,
71590.173,,1431.873,1224.090,
71656.832,,1436.354,1228.733,
71723.491,,1434.968,1232.743,
71790.145,,1435.338,1235.608,
71856.802,,1435.825,1238.196,
71923.462,,1433.504,1238.965,
71990.119,,1427.476,1235.862,
72056.779,,1430.067,1231.984,
72123.435,,1431.349,1229.798,
72190.093,,1430.922,1233.878,
72256.750,,1431.263,1236.858,
72323.410,,1437.625,1236.051,
72390.065,,1442.627,1236.156,
72456.724,,1443.892,1236.185,
72523.380,,1442.247,1234.503,
72590.041,,1439.878,1226.944,
72656.700,,1431.097,1221.799,
72723.360,,1437.622,1222.669,
72790.013,,1437.447,1221.133,
72856.676,,1435.419,1220.648,
72923.330,,1435.748,1214.512,
72989.989,,1432.870,1213.817,
73056.650,,1428.748,1213.968,
73123.307,,1433.769,1211.681,
73189.962,,1435.363,1215.006,
73256.621,,1433.631,1213.032,
73323.276,,1436.374,1213.441,
73389.939,,1430.584,1204.876,
73456.597,,1452.810,1213.850,
73523.254,,1451.661,1208.499,
73589.912,,1434.651,1202.332,
73656.570,,1432.842,1201.394,
73723.226,,1422.492,1195.991,
73789.886,,1437.225,1206.196,
73856.545,,1438.299,1203.363,
73923.204,,1437.651,1201.917,
73989.860,,1432.638,1201.819,
74056.520,,1418.298,1197.027,
74123.173,,1419.994,1204.673,
74189.835,,1425.865,1206.663,
74256.490,,1427.179,1204.449,
74323.150,,1417.776,1198.701,
74389.807,,1423.261,1206.661,
74456.462,,1429.547,1211.943,
74523.123,,1424.342,1205.573,
74589.784,,1426.458,1215.202,
74656.436,,1423.039,1220.148,
74723.099,,1421.858,1218.632,
74789.753,,1418.860,1224.050,
74856.416,,1418.612,1230.928,
74923.072,,1407.500,1228.699,
74989.727,,1418.466,1228.487,
75056.386,,1422.902,1230.614,
75123.048,,1422.166,1229.687,
75189.701,,1429.179,1226.198,
75256.365,,1422.913,1232.330,
75323.021,,1423.590,1226.640,
75389.680,,1428.209,1216.021,
75456.337,,1416.579,1221.958,
75522.990,,1414.970,1218.905,
75589.650,,1423.348,1219.153,
75656.310,,1425.411,1216.479,
75722.968,,1419.289,1219.853,
75789.624,,1428.649,1220.582,
75856.283,,1427.607,1223.425,
75922.943,,1428.949,1228.807,
75989.601,,1426.790,1228.639,
76056.256,,1427.213,1232.239,
76122.918,,1431.599,1235.415,
76189.575,,1426.092,1239.781,
76256.233,,1428.994,1236.740,
76322.890,,1432.908,1239.026,
76389.547,,1427.886,1242.754,
76456.206,,1432.684,1236.344,
76522.865,,1433.381,1236.087,
76589.523,,1431.831,1237.780,
76656.177,,1436.400,1238.754,
76722.836,,1438.200,1238.844,
76789.496,,1437.933,1242.008,
76856.153,,1427.365,1234.941,
76922.810,,1425.707,1235.271,
76989.472,,1421.904,1236.029,
77056.130,,1421.963,1233.855,
77122.786,,1428.092,1235.345,
77189.448,,1428.045,1231.972,
77256.103,,1432.381,1228.234,
77322.762,,1418.796,1224.782,
77389.419,,1408.050,1215.328,
77456.080,,1422.424,1218.193,
77522.736,,1431.426,1219.154,
77589.395,,1399.694,1221.931,
77656.053,,1426.067,1220.982,
77722.709,,1425.884,1224.123,
77789.367,,1426.773,1220.454,
77856.028,,1419.351,1222.300,
77922.682,,1426.005,1221.379,
77989.341,,1426.749,1217.610,
78055.999,,1422.334,1218.727,
78122.657,,1421.573,1215.839,
78189.317,,1425.329,1215.563,
78255.976,,1421.677,1218.268,
78322.631,,1419.655,1212.061,
78389.292,,1420.324,1217.514,
78455.948,,1432.574,1224.593,
78522.605,,1434.643,1223.509,
78589.263,,1434.071,1223.524,
78655.925,,1433.390,1223.339,
78722.579,,1429.752,1217.999,
78789.236,,1423.813,1212.753,
78855.897,,1424.083,1215.175,
78922.557,,1432.198,1218.105,
78989.211,,1431.439,1216.938,
79055.872,,1432.413,1220.594,
79122.529,,1432.660,1218.158,
79189.190,,1433.635,1216.776,
79255.842,,1432.747,1215.808,
79322.504,,1432.836,1215.429,
79389.163,,1434.790,1213.733,
79455.818,,1435.743,1211.101,
79522.474,,1430.808,1207.666,
79589.133,,1429.226,1207.107,
79655.795,,1428.909,1205.125,
79722.452,,1428.298,1203.897,
79789.112,,1423.334,1203.570,
79855.767,,1425.360,1201.373,
79922.424,,1424.788,1202.962,
79989.083,,1421.895,1199.860,
80055.742,,1425.335,1200.274,
80122.398,,1420.555,1203.999,
80189.055,,1419.136,1205.956,
80255.714,,1419.282,1210.934,
80322.376,,1419.023,1211.096,
80389.031,,1427.036,1216.924,
80455.690,,1419.410,1211.024,
80522.347,,1425.014,1212.078,
80589.007,,1418.957,1208.059,
80655.666,,1426.118,1208.106,
80722.324,,1416.943,1206.847,
80788.979,,1415.049,1204.985,
80855.637,,1413.884,1202.546,
80922.295,,1416.273,1207.140,
80988.952,,1426.128,1214.233,
81055.609,,1426.580,1228.378,
81122.268,,1433.993,1238.589,
81188.931,,1430.014,1247.102,
81255.588,,1429.234,1254.346,
81322.242,,1420.273,1257.173,
81388.901,,1412.511,1262.467,
81455.560,,1419.744,1265.374,
81522.219,,1428.183,1267.777,
81588.877,,1427.099,1267.973,
81655.533,,1420.725,1263.132,
81722.189,,1421.280,1257.140,
81788.849,,1417.282,1259.263,
81855.511,,1413.916,1260.751,
81922.169,,1414.589,1265.861,
81988.827,,1420.515,1273.635,
82055.485,,1415.678,1292.362,
82122.138,,1410.841,1292.338,
82188.797,,1414.400,1301.838,
82255.454,,1414.767,1306.182,
82322.112,,1421.062,1301.460,
82388.775,,1415.123,1296.047,
82455.430,,1414.495,1292.044,
82522.090,,1409.547,1283.345,
82588.748,,1419.574,1289.062,
82655.406,,1429.620,1282.724,
82722.064,,1422.047,1278.429,
82788.721,,1426.858,1263.509,
82855.376,,1412.191,1264.001,
82922.039,,1419.429,1261.896,
82988.698,,1417.033,1259.770,
83055.354,,1426.118,1257.709,
83122.009,,1430.414,1250.376,
83188.672,,1431.336,1247.841,
83255.329,,1423.598,1242.354,
83321.988,,1420.146,1239.332,
83388.647,,1402.049,1230.198,
83455.302,,1425.022,1238.202,
83521.960,,1415.732,1231.628,
83588.616,,1415.329,1236.893,
83655.278,,1427.462,1236.069,
83721.935,,1426.076,1234.725,
83788.594,,1422.682,1234.573,
83855.252,,1420.790,1243.290,
83921.909,,1422.953,1261.476,
83988.567,,1424.831,1262.111,
84055.224,,1415.824,1259.729,
84121.879,,1422.935,1273.857,
84188.544,,1427.965,1274.674,
84255.200,,1426.785,1274.905,
84321.858,,1424.021,1273.130,
84388.515,,1424.981,1271.808,
84455.174,,1424.586,1271.339,
84521.828,,1422.354,1266.715,
84588.488,,1426.571,1266.622,
84655.144,,1427.983,1262.352,
84721.806,,1428.145,1260.835,
84788.461,,1423.981,1266.621,
84855.118,,1423.998,1270.319,
84921.780,,1426.582,1269.386,
84988.440,,1417.794,1273.265,
85055.099,,1418.673,1278.718,
85121.753,,1424.576,1280.258,
85188.409,,1420.268,1278.852,
85255.071,,1417.901,1272.149,
85321.726,,1414.860,1274.631,
85388.384,,1412.254,1273.723,
85455.045,,1419.412,1273.677,
85521.703,,1414.878,1276.041,
85588.360,,1416.160,1270.814,
85655.016,,1415.436,1273.321,
85721.680,,1411.885,1271.894,
85788.338,,1419.084,1280.693,
85854.990,,1412.501,1279.038,
85921.650,,1422.847,1273.777,
85988.307,,1421.928,1272.647,
86054.965,,1426.117,1265.524,
86121.623,,1420.158,1264.990,
86188.284,,1413.269,1256.791,
86254.944,,1418.576,1256.627,
86321.597,,1411.338,1255.578,
86388.261,,1420.155,1263.599,
86454.919,,1413.330,1262.119,
86521.573,,1420.963,1260.195,
86588.234,,1414.159,1259.919,
86654.887,,1421.448,1253.342,
86721.548,,1425.195,1255.485,
86788.210,,1426.581,1249.219,
86854.864,,1424.238,1249.188,
86921.521,,1419.557,1241.821,
86988.180,,1422.880,1240.346,
87054.836,,1417.556,1234.971,
87121.497,,1419.813,1234.387,
87188.154,,1415.661,1230.066,
87254.814,,1421.490,1230.402,
87321.474,,1417.013,1235.479,
87388.127,,1420.230,1237.204,
87454.790,,1417.148,1242.517,
87521.445,,1421.321,1238.896,
87588.106,,1426.006,1234.846,
87654.765,,1410.448,1229.210,
87721.423,,1425.927,1230.852,
87788.079,,1421.011,1228.783,
87854.739,,1438.186,1225.296,
87921.396,,1434.356,1240.952,
87988.055,,1426.301,1244.332,
88054.710,,1427.897,1242.222,
88121.370,,1435.645,1245.941,
88188.023,,1429.470,1247.199,
88254.682,,1434.256,1260.991,
88321.342,,1424.824,1263.478,
88388.000,,1427.504,1265.452,
88454.659,,1425.750,1263.706,
88521.319,,1420.139,1264.200,
88587.972,,1424.819,1259.991,
88654.633,,1421.872,1268.184,
88721.292,,1419.239,1283.350,
88787.951,,1422.665,1309.144,
88854.607,,1428.318,1322.955,
88921.261,,1420.997,1332.474,
88987.923,,1427.062,1337.569,
89054.579,,1428.963,1355.175,
89121.237,,1428.408,1362.759,
89187.899,,1430.243,1371.667,
89254.554,,1426.861,1369.858,
89321.212,,1432.295,1370.116,
89387.871,,1432.064,1372.420,
89454.530,,1438.838,1378.497,
89521.188,,1438.137,1380.110,
89587.841,,1440.391,1384.623,
89654.503,,1451.966,1414.166,
89721.162,,1437.768,1433.592,
89787.821,,1433.902,1428.276,
89854.476,,1441.578,1431.575,
89921.136,,1427.187,1439.076,
89987.793,,1422.308,1428.788,
90054.451,,1424.888,1428.875,
90121.105,,1418.022,1438.040,
90187.768,,1423.198,1445.649,
90254.422,,1438.692,1448.363,
90321.082,,1423.687,1451.144,
90387.741,,1424.692,1444.681,
90454.400,,1429.156,1442.178,
90521.055,,1425.151,1452.273,
90587.711,,1426.117,1438.534,
90654.370,,1428.376,1452.696,
90721.030,,1431.774,1445.497,
90787.689,,1434.587,1459.820,
90854.344,,1432.230,1461.718,
90921.006,,1432.173,1463.429,
90987.662,,1429.515,1468.933,
91054.322,,1432.367,1457.946,
91120.979,,1422.758,1463.688,
91187.637,,1416.656,1440.137,
91254.291,,1424.034,1449.650,
91320.949,,1427.810,1446.315,
91387.610,,1424.730,1444.078,
91454.264,,1430.165,1429.512,
91520.928,,1434.997,1425.912,
91587.586,,1421.884,1410.743,
91654.244,,1422.589,1409.866,
91720.897,,1425.859,1402.137,
91787.558,,1440.797,1399.060,
91854.213,,1422.736,1396.290,
91920.876,,1441.421,1391.147,
91987.528,,1438.175,1392.271,
92054.188,,1437.796,1388.149,
92120.849,,1443.812,1370.643,
92187.502,,1434.429,1363.902,
92254.161,,1447.410,1365.441,
92320.822,,1441.625,1361.830,
92387.479,,1432.439,1348.179,
92454.135,,1435.061,1347.665,
92520.798,,1435.461,1341.123,
92587.451,,1434.444,1339.074,
92654.108,,1431.223,1336.780,
92720.772,,1430.972,1334.733,
92787.424,,1424.330,1334.762,
92854.085,,1430.698,1330.177,
92920.745,,1427.257,1329.560,
92987.403,,1425.807,1326.646,
93054.060,,1428.497,1329.089,
93120.716,,1427.887,1314.579,
93187.374,,1437.345,1325.315,
93254.035,,1432.477,1319.473,
93320.688,,1434.258,1315.721,
93387.347,,1433.191,1306.565,
93454.008,,1428.310,1301.746,
93520.666,,1434.134,1295.341,
93587.326,,1429.212,1293.284,
93653.984,,1425.301,1291.571,
93720.641,,1425.412,1286.564,
93787.299,,1434.218,1286.098,
93853.955,,1425.275,1283.430,
93920.615,,1426.025,1274.862,
93987.274,,1422.660,1281.100,
94053.931,,1437.124,1280.003,
94120.586,,1437.275,1279.100,
94187.244,,1435.112,1275.052,
94253.905,,1430.476,1263.292,
94320.564,,1427.295,1261.575,
94387.221,,1430.533,1264.706,
94453.878,,1429.993,1248.277,
94520.535,,1416.372,1257.399,
94587.192,,1425.574,1252.686,
94653.853,,1432.534,1252.163,
94720.508,,1436.268,1248.171,
94787.169,,1434.737,1244.771,
94853.825,,1427.360,1249.407,
94920.481,,1428.302,1246.938,
94987.140,,1424.400,1247.444,
95053.802,,1428.443,1241.942,
95120.460,,1427.039,1237.425,
95187.113,,1423.922,1241.611,
95253.776,,1428.157,1243.414,
95320.434,,1418.918,1246.437,
95387.089,,1424.418,1254.602,
95453.748,,1423.379,1267.731,
95520.407,,1419.589,1272.373,
95587.063,,1421.695,1277.655,
95653.725,,1420.030,1269.354,
95720.376,,1424.274,1270.815,
95787.040,,1422.667,1263.559,
95853.698,,1428.723,1267.729,
95920.354,,1426.228,1264.742,
95987.014,,1433.768,1257.697,
96053.671,,1425.210,1253.837,
96120.327,,1420.321,1254.071,
96186.989,,1419.491,1244.672,
96253.647,,1419.022,1256.724,
96320.304,,1416.285,1248.313,
96386.963,,1424.652,1250.544,
96453.620,,1424.845,1247.611,
96520.273,,1430.246,1246.131,
96586.935,,1430.266,1252.438,
96653.590,,1423.517,1247.756,
96720.248,,1422.570,1249.967,
96786.910,,1438.416,1247.825,
96853.568,,1437.435,1244.028,
96920.227,,1435.893,1239.277,
96986.881,,1430.185,1238.595,
97053.542,,1426.078,1235.948,
97120.201,,1427.391,1236.576,
97186.857,,1429.404,1236.558,
97253.516,,1431.748,1231.548,
97320.171,,1425.172,1228.007,
97386.831,,1426.738,1227.949,
97453.491,,1424.667,1222.997,
97520.151,,1427.902,1225.335,
97586.807,,1423.774,1220.692,
97653.467,,1427.082,1223.156,
97720.122,,1428.662,1218.261,
97786.778,,1431.162,1220.579,
97853.442,,1432.689,1214.406,
97920.098,,1429.328,1215.027,
97986.754,,1431.736,1215.822,
98053.416,,1425.486,1211.474,
98120.068,,1420.528,1201.058,
98186.733,,1430.512,1209.068,
98253.388,,1418.461,1210.787,
98320.049,,1436.938,1225.635,
98386.700,,1436.625,1228.319,
98453.362,,1431.278,1229.718,
98520.022,,1434.450,1232.708,
98586.680,,1434.088,1238.340,
98653.338,,1434.938,1230.800,
98719.991,,1434.195,1230.884,
98786.650,,1432.002,1229.789,
98853.312,,1421.835,1227.364,
98919.971,,1426.237,1234.540,
98986.628,,1429.803,1237.659,
99053.284,,1435.701,1236.561,
99119.940,,1426.970,1238.284,
99186.603,,1427.202,1236.612,
99253.262,,1425.561,1227.505,
99319.920,,1416.617,1236.625,
99386.575,,1425.008,1236.346,
99453.236,,1423.218,1231.700,
99519.890,,1423.994,1231.796,
99586.551,,1418.789,1225.152,
99653.209,,1406.856,1225.579,
99719.864,,1409.153,1226.880,
99786.525,,1416.028,1243.053,
99853.180,,1424.053,1247.350,
99919.840,,1420.751,1245.548,
99986.498,,1422.044,1236.446,
100053.159,,1418.733,1246.431,
100119.812,,1430.020,1251.756,
100186.475,,1440.177,1244.246,
100253.129,,1432.105,1238.553,
100319.788,,1427.838,1240.567,
100386.449,,1438.464,1244.326,
100453.109,,1436.575,1260.231,
100519.765,,1431.484,1279.016,
100586.424,,1434.299,1282.698,
100653.081,,1428.926,1291.186,
100719.737,,1428.024,1291.360,
100786.393,,1435.297,1287.231,
100853.051,,1430.170,1285.640,
100919.715,,1431.765,1278.742,
100986.371,,1428.557,1278.789,
101053.032,,1424.369,1278.478,
101119.687,,1422.004,1279.446,
101186.345,,1424.063,1274.478,
101253.002,,1423.696,1267.393,
101319.663,,1421.948,1268.058,
101386.318,,1422.522,1268.374,
101452.976,,1423.603,1263.322,
101519.634,,1420.325,1261.961,
101586.294,,1424.367,1259.670,
101652.951,,1427.211,1262.663,
101719.612,,1425.401,1258.638,
101786.266,,1429.047,1253.111,
101852.926,,1428.707,1249.952,
101919.588,,1426.287,1251.807,
101986.241,,1425.362,1250.377,
102052.900,,1440.030,1247.785,
102119.558,,1432.371,1247.293,
102186.219,,1430.104,1246.507,
102252.876,,1433.351,1245.082,
102319.532,,1439.176,1245.600,
102386.193,,1424.120,1241.614,
102452.849,,1436.619,1241.844,
102519.508,,1437.845,1238.422,
102586.164,,1427.545,1240.856,
102652.826,,1428.445,1239.544,
102719.480,,1437.444,1242.216,
102786.140,,1435.773,1242.577,
102852.799,,1430.199,1238.045,
102919.454,,1431.420,1236.312,
102986.115,,1427.801,1238.954,
103052.770,,1426.748,1235.419,
103119.434,,1425.866,1232.484,
103186.092,,1427.448,1234.690,
103252.747,,1421.709,1242.042,
103319.403,,1416.625,1245.542,
103386.066,,1416.557,1247.966,
103452.725,,1425.714,1248.564,
103519.383,,1424.597,1254.742,
103586.040,,1425.445,1249.889,
103652.695,,1428.827,1244.488,
103719.358,,1428.697,1246.392,
103786.011,,1425.905,1243.619,
103852.669,,1427.516,1235.958,
103919.329,,1412.237,1233.874,
103985.987,,1431.881,1239.374,
104052.645,,1426.534,1231.891,
104119.303,,1427.009,1258.336,
104185.958,,1437.332,1272.420,
104252.618,,1440.363,1274.634,
104319.279,,1436.795,1282.460,
104385.936,,1446.576,1292.102,
104452.595,,1433.946,1289.035,
104519.253,,1436.873,1275.528,
104585.906,,1432.488,1282.000,
104652.567,,1432.361,1272.881,
104719.227,,1427.037,1269.717,
104785.879,,1419.051,1262.002,
104852.542,,1421.858,1265.924,
104919.200,,1429.284,1266.781,
104985.854,,1425.900,1262.534,
105052.510,,1427.708,1259.162,
105119.168,,1413.958,1249.091,
105185.828,,1421.476,1248.774,
105252.489,,1424.525,1244.595,
105319.147,,1423.517,1241.403,
105385.801,,1427.900,1240.001,
105452.457,,1423.287,1238.737,
105519.120,,1422.988,1238.382,
105585.775,,1425.738,1226.639,
105652.434,,1412.719,1229.876,
105719.093,,1437.042,1228.967,
105785.751,,1433.405,1230.001,
105852.406,,1430.720,1228.552,
105919.067,,1433.248,1229.911,
105985.723,,1441.746,1223.512,
106052.378,,1424.322,1217.225,
106119.035,,1431.415,1218.027,
106185.694,,1436.015,1217.855,
106252.353,,1429.086,1215.300,
106319.010,,1433.737,1219.897,
106385.669,,1432.863,1224.981,
106452.327,,1438.916,1226.396,
106518.988,,1430.384,1224.619,
106585.641,,1440.559,1227.023,
106652.304,,1431.919,1235.100,
106718.958,,1431.861,1231.582,
106785.617,,1431.270,1245.050,
106852.273,,1433.469,1246.007,
106918.934,,1436.316,1248.842,
106985.592,,1437.269,1250.368,
107052.249,,1443.824,1255.231,
107118.904,,1446.071,1251.012,
107185.566,,1440.059,1250.005,
107252.222,,1437.725,1248.565,
107318.882,,1440.205,1243.669,
107385.540,,1442.737,1241.079,
107452.192,,1443.218,1236.992,
107518.851,,1437.219,1238.792,
107585.511,,1433.936,1242.394,
107652.166,,1440.211,1244.928,
107718.823,,1436.639,1252.145,
107785.488,,1435.531,1255.486,
107852.140,,1435.339,1259.301,
107918.800,,1431.299,1262.641,
107985.454,,1423.466,1264.169,
108052.118,,1423.657,1266.527,
108118.771,,1427.146,1274.848,
108185.431,,1424.822,1279.562,
108252.088,,1432.189,1286.420,
108318.750,,1426.078,1288.141,
108385.406,,1424.961,1284.622,
108452.061,,1429.120,1291.723,
108518.718,,1423.211,1283.010,
108585.381,,1427.286,1280.742,
108652.033,,1421.654,1283.608,
108718.693,,1424.025,1280.292,
108785.355,,1435.739,1282.380,
108852.010,,1424.877,1272.664,
108918.668,,1424.629,1273.047,
108985.324,,1427.641,1278.541,
109051.980,,1420.050,1276.074,
109118.640,,1426.191,1280.302,
109185.299,,1425.860,1269.652,
109251.958,,1435.995,1250.604,
109318.615,,1402.560,1254.030,
109385.269,,1412.751,1249.376,
109451.929,,1411.568,1255.467,
109518.587,,1446.791,1266.737,
109585.243,,1443.249,1260.693,
109651.905,,1449.109,1260.402,
109718.560,,1455.428,1253.460,
109785.223,,1446.976,1249.574,
109851.875,,1439.423,1239.920,
109918.532,,1433.651,1239.832,
109985.191,,1435.731,1240.440,
110051.854,,1431.427,1226.849,
110118.511,,1420.830,1232.456,
110185.167,,1427.861,1232.761,
110251.821,,1426.638,1240.779,
110318.485,,1428.719,1239.825,
110385.141,,1427.638,1246.120,
110451.799,,1425.067,1245.938,
110518.457,,1422.410,1241.670,
110585.116,,1416.079,1240.551,
110651.769,,1413.178,1243.242,
110718.430,,1418.951,1240.458,
110785.086,,1414.026,1243.279,
110851.746,,1408.288,1234.571,
110918.405,,1405.691,1236.210,
110985.059,,1406.402,1231.351,
111051.715,,1399.932,1225.697,
111118.375,,1402.872,1222.828,
111185.038,,1397.347,1225.271,
111251.694,,1421.326,1232.520,
111318.347,,1422.238,1228.304,
111385.008,,1413.956,1222.064,
111451.668,,1406.772,1215.207,
111518.324,,1408.091,1220.652,
111584.980,,1413.904,1216.066,
111651.638,,1414.127,1225.330,
111718.301,,1413.960,1225.997,
111784.957,,1406.461,1223.157,
111851.613,,1411.465,1228.183,
111918.270,,1418.464,1227.589,
111984.932,,1418.668,1219.902,
112051.589,,1415.538,1219.751,
112118.245,,1416.875,1217.358,
112184.903,,1415.950,1206.262,
112251.561,,1413.664,1209.910,
112318.222,,1414.542,1211.878,
112384.874,,1422.768,1212.298,
112451.536,,1423.826,1209.209,
112518.192,,1427.417,1210.924,
112584.848,,1423.588,1205.994,
112651.510,,1420.318,1205.055,
112718.168,,1424.118,1203.898,
112784.828,,1427.384,1202.803,
112851.486,,1417.723,1205.909,
112918.143,,1419.875,1204.032,
112984.801,,1419.506,1202.057,
113051.456,,1420.157,1206.157,
113118.112,,1425.555,1209.498,
113184.776,,1430.981,1216.146,
113251.430,,1434.923,1221.266,
113318.090,,1432.561,1219.634,
113384.749,,1438.756,1216.980,
113451.406,,1434.256,1218.815,
113518.062,,1432.944,1216.271,
113584.721,,1433.699,1214.550,
113651.381,,1436.970,1218.612,
113718.036,,1433.527,1241.118,
113784.695,,1431.754,1260.607,
113851.354,,1427.466,1271.125,
113918.012,,1425.566,1284.204,
113984.670,,1430.717,1275.158,
114051.325,,1413.188,1270.251,
114117.987,,1415.003,1274.611,
114184.646,,1409.187,1268.633,
114251.305,,1409.778,1265.078,
114317.958,,1405.086,1255.667,
114384.615,,1396.416,1255.533,
114451.278,,1406.537,1264.700,
114517.935,,1417.829,1267.376,
114584.590,,1429.763,1268.907,
114651.253,,1435.159,1267.980,
114717.910,,1436.760,1266.783,
114784.565,,1432.353,1261.316,
114851.227,,1432.643,1260.608,
114917.881,,1429.703,1258.114,
114984.538,,1430.154,1257.760,
115051.195,,1425.801,1256.546,
115117.853,,1431.238,1255.801,
115184.511,,1432.901,1256.101,
115251.172,,1432.219,1251.211,
115317.831,,1426.582,1254.295,
115384.485,,1430.802,1250.568,
115451.145,,1425.457,1247.287,
115517.803,,1430.834,1244.538,
115584.465,,1430.142,1244.494,
115651.120,,1422.405,1244.359,
115717.775,,1426.482,1258.024,
115784.433,,1417.539,1269.562,
115851.091,,1423.001,1280.716,
115917.752,,1416.169,1296.887,
115984.413,,1416.778,1318.075,
116051.068,,1420.914,1332.674,
116117.724,,1433.629,1332.775,
116184.381,,1424.155,1322.479,
116251.041,,1408.966,1317.790,
116317.702,,1403.636,1310.833,
116384.361,,1406.253,1305.226,
116451.015,,1407.576,1304.007,
116517.678,,1414.266,1298.389,
116584.336,,1418.543,1297.107,
116650.990,,1413.883,1289.346,
116717.647,,1422.352,1284.129,
116784.304,,1420.576,1280.993,
116850.966,,1409.534,1268.509,
116917.624,,1411.201,1271.967,
116984.278,,1412.177,1269.560,
117050.940,,1414.696,1264.107,
117117.595,,1410.131,1264.200,
117184.259,,1411.912,1263.124,
117250.914,,1421.956,1265.842,
117317.569,,1413.496,1258.843,
117384.227,,1416.727,1255.678,
117450.888,,1410.036,1261.332,
117517.544,,1410.117,1253.933,
117584.207,,1411.972,1254.327,
117650.861,,1412.481,1251.953,
117717.516,,1419.260,1258.285,
117784.176,,1420.193,1264.482,
117850.833,,1423.862,1262.606,
117917.494,,1422.035,1264.865,
117984.154,,1418.705,1264.217,
118050.810,,1416.450,1261.719,
118117.467,,1421.961,1260.849,
118184.125,,1427.697,1261.734,
118250.784,,1421.979,1256.335,
118317.443,,1427.088,1252.866,
118384.102,,1421.836,1250.153,
118450.757,,1430.754,1243.284,
118517.417,,1421.337,1246.448,
118584.077,,1422.520,1242.935,
118650.735,,1419.603,1242.583,
118717.387,,1423.098,1238.880,
118784.050,,1421.404,1235.943,
118850.706,,1420.144,1233.900,
118917.367,,1420.411,1229.975,
118984.025,,1411.598,1219.570,
119050.680,,1418.069,1225.700,
119117.337,,1389.303,1220.097,
119183.997,,1400.989,1213.683,
119250.654,,1395.157,1213.761,
119317.311,,1407.150,1228.238,
119383.974,,1415.782,1231.802,
119450.631,,1421.293,1235.366,
119517.286,,1423.886,1239.979,
119583.948,,1421.967,1238.163,
119650.602,,1423.500,1229.789,
119717.263,,1421.167,1229.451,
119783.923,,1418.837,1229.120,
119850.577,,1418.965,1227.203,
119917.238,,1421.322,1226.442,
119983.893,,1413.600,1222.078,
120050.553,,1414.121,1223.123,
120117.207,,1419.366,1214.378,
120183.869,,1415.162,1217.126,
120250.526,,1422.948,1216.498,
120317.185,,1421.473,1217.465,
120383.839,,1419.500,1212.846,
120450.501,,1428.105,1212.722,
120517.157,,1424.369,1216.539,
120583.812,,1422.523,1212.204,
120650.472,,1424.060,1213.430,
120717.132,,1427.355,1210.190,
120783.791,,1416.567,1216.473,
120850.444,,1415.181,1227.560,
120917.103,,1418.928,1230.839,
120983.761,,1421.964,1233.064,
121050.424,,1417.351,1241.120,
121117.080,,1406.241,1236.257,
121183.736,,1415.493,1246.729,
121250.396,,1414.888,1251.305,
121317.050,,1419.487,1254.704,
121383.710,,1421.645,1250.325,
121450.365,,1409.889,1245.182,
121517.024,,1418.977,1241.276,
121583.688,,1423.157,1243.829,
121650.340,,1422.382,1238.365,
121717.003,,1431.920,1238.911,
121783.662,,1429.572,1237.371,
121850.316,,1424.316,1232.137,
121916.972,,1423.202,1234.886,
121983.632,,1426.634,1229.262,
122050.287,,1424.193,1223.859,
122116.946,,1415.641,1224.873,
122183.606,,1399.275,1218.149,
122250.261,,1415.916,1218.349,
122316.923,,1415.319,1222.031,
122383.577,,1422.602,1223.747,
122450.237,,1412.573,1218.210,
122516.897,,1413.225,1219.071,
122583.553,,1413.153,1220.279,
122650.210,,1414.349,1219.054,
122716.872,,1420.741,1220.079,
122783.527,,1416.331,1228.497,
122850.183,,1412.491,1217.621,
122916.841,,1419.436,1221.185,
122983.503,,1420.811,1222.763,
123050.158,,1419.973,1218.782,
123116.816,,1427.736,1220.234,
123183.478,,1431.606,1220.229,
123250.132,,1436.729,1216.784,
123316.792,,1433.944,1211.065,
123383.453,,1431.615,1220.742,
123450.106,,1431.509,1222.078,
123516.764,,1429.199,1219.469,
123583.424,,1433.027,1216.741,
123650.083,,1433.959,1218.987,
123716.741,,1432.543,1221.532,
123783.401,,1437.798,1227.315,
123850.053,,1439.134,1231.524,
123916.713,,1434.281,1231.756,
123983.369,,1435.794,1230.592,
124050.033,,1429.217,1230.245,
124116.687,,1428.911,1237.474,
124183.349,,1432.189,1239.929,
124250.003,,1430.637,1238.102,
124316.661,,1426.924,1236.271,
124383.322,,1423.411,1236.271,
124449.974,,1423.054,1236.538,
124516.639,,1424.565,1235.933,
124583.292,,1426.052,1234.251,
124649.950,,1423.914,1229.191,
124716.611,,1420.595,1227.153,
124783.265,,1418.326,1220.098,
124849.925,,1418.655,1222.694,
124916.584,,1423.958,1221.857,
124983.241,,1421.588,1215.722,
125049.902,,1420.004,1214.098,
125116.558,,1420.414,1207.560,
125183.218,,1407.893,1199.093,
125249.876,,1410.689,1198.996,
125316.532,,1410.273,1196.891,
125383.187,,1411.091,1197.385,
125449.844,,1414.214,1194.760,
125516.503,,1414.730,1192.263,
125583.165,,1416.685,1196.466,
125649.821,,1417.233,1203.162,
125716.479,,1426.073,1216.114,
125783.134,,1419.033,1237.480,
125849.795,,1414.597,1253.454,
125916.454,,1421.047,1267.049,
125983.111,,1426.078,1278.675,
126049.770,,1423.794,1279.104,
126116.428,,1419.417,1278.252,
126183.083,,1421.103,1276.253,
126249.746,,1414.307,1277.090,
126316.401,,1416.222,1279.195,
126383.059,,1419.855,1282.455,
126449.718,,1415.774,1277.128,
126516.375,,1407.926,1284.172,
126583.036,,1409.149,1276.937,
126649.690,,1409.189,1275.847,
126716.346,,1404.390,1271.226,
126783.008,,1409.213,1270.180,
126849.663,,1402.665,1274.498,
126916.322,,1403.507,1273.403,
126982.982,,1409.716,1280.680,
127049.641,,1412.256,1287.718,
127116.294,,1405.223,1284.317,
127182.954,,1409.213,1278.998,
127249.614,,1408.611,1286.052,
127316.273,,1409.851,1269.334,
127382.932,,1410.337,1272.258,
127449.590,,1404.829,1273.171,
127516.248,,1408.466,1266.078,
127582.906,,1412.387,1265.650,
127649.560,,1412.583,1263.236,
127716.220,,1412.715,1252.977,
127782.874,,1416.706,1256.325,
127849.533,,1417.653,1249.352,
127916.193,,1412.642,1243.697,
127982.850,,1408.413,1243.835,
128049.509,,1410.661,1238.463,
128116.168,,1415.239,1234.568,
128182.824,,1400.719,1228.011,
128249.478,,1409.769,1229.843,
128316.136,,1411.581,1231.565,
128382.797,,1404.180,1226.133,
128449.457,,1413.901,1223.804,
128516.115,,1409.671,1228.341,
128582.773,,1407.600,1223.182,
128649.426,,1414.148,1218.227,
128716.088,,1408.520,1218.010,
128782.744,,1403.160,1220.096,
128849.399,,1402.356,1219.065,
128916.059,,1411.197,1216.430,
128982.713,,1409.796,1220.395,
129049.372,,1405.109,1216.707,
129116.028,,1410.019,1225.363,
129182.688,,1412.302,1232.461,
129249.347,,1419.899,1227.375,
129316.003,,1412.730,1236.573,
129382.658,,1418.781,1243.067,
129449.315,,1403.884,1240.106,
129515.978,,1426.599,1240.710,
129582.630,,1424.199,1238.156,
129649.293,,1424.645,1246.676,
129715.949,,1435.087,1240.762,
129782.609,,1435.477,1235.464,
129849.266,,1417.990,1250.634,
129915.921,,1429.254,1257.541,
129982.582,,1424.116,1266.454,
130049.239,,1434.586,1267.807,
130115.894,,1425.249,1270.803,
130182.554,,1426.470,1265.060,
130249.206,,1421.208,1262.776,
130315.868,,1415.602,1261.878,
130382.523,,1408.721,1258.490,
130449.181,,1410.113,1253.572,
130515.845,,1415.698,1252.202,
130582.496,,1421.203,1254.762,
130649.158,,1425.788,1253.876,
130715.812,,1420.831,1253.202,
130782.474,,1416.261,1247.094,
130849.126,,1419.860,1249.510,
130915.787,,1415.902,1247.413,
130982.441,,1432.346,1255.314,
131049.101,,1428.729,1249.856,
131115.760,,1433.429,1250.638,
131182.415,,1429.819,1244.901,
131249.076,,1422.352,1242.019,
131315.733,,1419.767,1239.223,
131382.387,,1426.957,1238.900,
131449.049,,1416.024,1237.391,
131515.708,,1419.955,1233.225,
131582.362,,1419.746,1232.889,
131649.018,,1416.116,1230.393,
131715.677,,1418.137,1229.588,
131782.335,,1415.795,1228.978,
131848.994,,1420.523,1232.942,
131915.648,,1416.986,1234.873,
131982.311,,1416.858,1236.588,
132048.968,,1415.738,1237.990,
132115.626,,1413.146,1242.247,
132182.284,,1411.607,1237.011,
132248.936,,1413.820,1236.900,
132315.597,,1417.228,1237.257,
132382.252,,1420.928,1234.923,
132448.915,,1417.696,1235.433,
132515.571,,1413.376,1230.166,
132582.229,,1415.085,1229.240,
132648.887,,1410.883,1229.871,
132715.542,,1415.676,1228.498,
132782.201,,1412.700,1227.285,
132848.854,,1411.264,1219.604,
132915.514,,1413.495,1221.262,
132982.175,,1410.262,1218.116,
133048.828,,1413.294,1214.540,
133115.487,,1404.900,1210.515,
133182.146,,1408.304,1209.352,
133248.804,,1406.509,1206.108,
133315.460,,1411.534,1203.046,
133382.121,,1408.149,1199.462,
133448.774,,1414.524,1201.205,
133515.435,,1408.373,1201.210,
133582.088,,1411.789,1200.007,
133648.751,,1414.237,1201.416,
133715.406,,1409.747,1200.771,
133782.062,,1408.892,1206.757,
133848.723,,1408.214,1205.020,
133915.379,,1406.530,1213.155,
133982.039,,1403.417,1211.864,
134048.694,,1407.803,1214.526,
134115.351,,1400.308,1216.689,
134182.009,,1406.257,1216.904,
134248.670,,1405.527,1231.862,
134315.325,,1405.489,1247.058,
134381.980,,1409.243,1258.509,
134448.641,,1410.388,1263.002,
134515.301,,1407.427,1259.908,
134581.958,,1412.377,1262.697,
134648.610,,1403.062,1248.644,
134715.270,,1411.118,1251.665,
134781.929,,1407.179,1256.242,
134848.585,,1406.698,1249.608,
134915.245,,1410.241,1259.229,
134981.899,,1413.758,1254.921,
135048.559,,1403.366,1243.379,
135115.215,,1397.907,1243.938,
135181.876,,1409.922,1242.078,
135248.530,,1411.175,1248.800,
135315.187,,1420.210,1252.763,
135381.846,,1411.707,1251.327,
135448.506,,1404.194,1258.771,
135515.161,,1400.909,1260.698,
135581.818,,1427.620,1268.866,
135648.475,,1405.463,1252.472,
135715.137,,1406.964,1256.343,
135781.795,,1404.243,1246.997,
135848.449,,1406.939,1248.066,
135915.108,,1402.579,1246.950,
135981.765,,1428.745,1246.797,
136048.420,,1405.034,1237.699,
136115.084,,1408.871,1238.989,
136181.739,,1401.948,1239.133,
136248.399,,1422.297,1243.017,
136315.053,,1408.705,1235.404,
136381.715,,1388.254,1230.923,
136448.370,,1386.066,1233.579,
136515.027,,1410.265,1232.990,
136581.689,,1396.685,1249.157,
136648.347,,1385.826,1243.683,
136715.001,,1404.021,1236.641,
136781.660,,1397.619,1246.715,
136848.316,,1387.166,1242.594,
136914.979,,1400.276,1245.433,
136981.638,,1394.951,1253.697,
137048.291,,1403.807,1259.097,
137114.949,,1403.998,1257.570,
137181.609,,1403.034,1257.656,
137248.270,,1399.147,1244.284,
137314.923,,1394.482,1244.252,
137381.582,,1387.759,1242.841,
137448.242,,1381.103,1235.212,
137514.898,,1397.244,1240.875,
137581.556,,1406.798,1238.248,
137648.215,,1393.947,1230.110,
137714.877,,1387.636,1240.715,
137781.528,,1391.809,1233.586,
137848.190,,1397.046,1262.437,
137914.850,,1409.906,1277.553,
137981.508,,1410.075,1285.549,
138048.166,,1413.680,1295.949,
138114.822,,1418.161,1332.304,
138181.476,,1415.699,1327.048,
138248.138,,1410.133,1326.535,
138314.796,,1413.714,1323.795,
138381.452,,1406.145,1316.124,
138448.110,,1408.557,1308.064,
138514.773,,1411.755,1296.463,
138581.431,,1419.583,1295.754,
138648.085,,1401.804,1282.069,
138714.741,,1390.824,1275.856,
138781.400,,1387.169,1278.848,
138848.058,,1389.362,1268.342,
138914.721,,1389.569,1261.613,
138981.377,,1385.279,1269.773,
139048.031,,1393.368,1267.655,
139114.692,,1396.338,1262.158,
139181.347,,1396.336,1253.008,
139248.006,,1400.890,1248.086,
139314.666,,1402.133,1249.619,
139381.324,,1404.415,1239.220,
139447.986,,1392.722,1248.028,
139514.637,,1385.648,1238.092,
139581.296,,1390.216,1239.834,
139647.957,,1387.057,1240.016,
139714.618,,1386.131,1233.964,
139781.270,,1395.631,1239.687,
139847.927,,1392.862,1236.483,
139914.591,,1402.444,1239.893,
139981.248,,1397.098,1240.720,
140047.902,,1387.567,1237.634,
140114.566,,1390.895,1248.323,
140181.218,,1396.350,1242.053,
140247.880,,1392.870,1245.526,
140314.538,,1399.660,1246.267,
140381.191,,1391.351,1238.445,
140447.851,,1394.641,1239.265,
140514.512,,1395.187,1240.828,
140581.172,,1388.750,1236.502,
140647.829,,1398.216,1232.356,
140714.487,,1399.821,1231.917,
140781.140,,1401.260,1229.197,
140847.803,,1403.025,1223.869,
140914.461,,1399.774,1223.584,
140981.116,,1403.259,1222.725,
141047.771,,1402.235,1220.329,
141114.434,,1399.767,1217.130,
141181.093,,1408.170,1219.129,
141247.745,,1404.655,1216.571,
141314.408,,1398.590,1213.220,
141381.067,,1402.891,1209.250,
141447.725,,1402.706,1213.206,
141514.381,,1401.429,1204.407,
141581.042,,1410.320,1209.078,
141647.700,,1404.261,1215.406,
141714.355,,1406.171,1208.138,
141781.013,,1416.718,1208.645,
141847.672,,1405.169,1209.268,
141914.331,,1406.615,1207.838,
141980.989,,1413.911,1203.514,
142047.644,,1409.105,1205.292,
142114.302,,1415.781,1203.491,
142180.959,,1412.296,1202.783,
142247.618,,1395.890,1197.282,
142314.274,,1406.762,1196.812,
142380.932,,1401.174,1193.911,
142447.593,,1397.491,1189.434,
142514.251,,1397.011,1194.827,
142580.907,,1406.306,1194.745,
142647.568,,1409.305,1196.050,
142714.228,,1406.624,1194.830,
142780.880,,1416.440,1202.367,
142847.541,,1402.917,1206.790,
142914.201,,1419.338,1215.894,
142980.854,,1427.112,1227.269,
143047.515,,1413.117,1239.564,
143114.170,,1422.737,1240.922,
143180.834,,1412.167,1251.265,
143247.490,,1415.880,1246.008,
143314.145,,1414.923,1244.239,
143380.808,,1425.372,1242.479,
143447.467,,1418.186,1233.204,
143514.120,,1420.661,1230.633,
143580.780,,1413.553,1229.870,
143647.440,,1419.625,1222.534,
143714.094,,1411.131,1223.529,
143780.754,,1418.022,1219.615,
143847.411,,1410.936,1217.357,
143914.068,,1417.353,1213.728,
143980.732,,1410.948,1212.534,
144047.383,,1415.534,1211.987,
144114.044,,1412.555,1210.654,
144180.700,,1416.867,1210.633,
144247.362,,1413.372,1205.884,
144314.017,,1400.626,1206.538,
144380.678,,1397.220,1205.397,
144447.337,,1390.933,1204.655,
144513.995,,1396.169,1200.154,
144580.653,,1388.523,1207.618,
144647.311,,1404.511,1220.170,
144713.965,,1404.760,1209.974,
144780.629,,1403.751,1212.000,
144847.283,,1400.943,1209.687,
144913.943,,1395.951,1201.745,
144980.602,,1399.558,1213.314,
145047.262,,1400.786,1210.413,
145113.919,,1402.520,1211.640,
145180.577,,1407.819,1205.484,
145247.230,,1386.236,1201.275,
145313.889,,1399.569,1210.715,
145380.552,,1406.315,1208.234,
145447.208,,1414.269,1210.522,
145513.866,,1415.818,1211.005,
145580.527,,1422.510,1208.205,
145647.180,,1418.245,1208.556,
145713.841,,1411.381,1201.013,
145780.496,,1406.092,1200.641,
145847.154,,1410.048,1205.148,
145913.812,,1425.565,1206.479,
145980.474,,1422.710,1200.082,
146047.128,,1389.876,1188.307,
146113.790,,1389.301,1186.384,
146180.445,,1399.554,1193.175,
146247.105,,1399.901,1191.230,
146313.768,,1412.832,1192.277,
146380.423,,1413.196,1193.850,
146447.078,,1414.142,1196.805,
146513.739,,1406.368,1188.265,
146580.394,,1405.577,1191.422,
146647.056,,1404.556,1199.726,
146713.715,,1419.549,1197.964,
146780.374,,1419.996,1201.399,
146847.029,,1428.750,1202.618,
146913.684,,1429.790,1202.606,
146980.346,,1427.972,1204.343,
147047.006,,1428.465,1202.207,
147113.665,,1421.347,1200.034,
147180.320,,1421.295,1201.055,
147246.982,,1422.923,1199.923,
147313.634,,1429.471,1201.819,
147380.297,,1423.069,1198.023,
147446.956,,1421.353,1204.622,
147513.611,,1420.442,1202.106,
147580.269,,1405.217,1190.506,
147646.926,,1385.346,1193.189,
147713.583,,1390.414,1191.898,
147780.241,,1394.998,1194.689,
147846.903,,1403.287,1202.922,
147913.561,,1401.869,1212.203,
147980.222,,1413.861,1221.281,
148046.875,,1424.393,1222.483,
148113.537,,1426.028,1222.863,
148180.197,,1429.044,1224.048,
148246.852,,1429.402,1223.477,
148313.507,,1426.282,1223.649,
148380.171,,1426.856,1223.361,
148446.828,,1418.620,1220.637,
148513.482,,1403.966,1208.816,
148580.145,,1400.959,1214.250,
148646.801,,1414.141,1215.511,
148713.460,,1410.280,1221.542,
148780.117,,1398.425,1246.781,
148846.775,,1401.824,1292.076,
148913.431,,1400.534,1302.528,
148980.091,,1399.583,1303.141,
149046.750,,1407.481,1305.162,
149113.411,,1399.037,1306.716,
149180.065,,1397.953,1301.921,
149246.724,,1411.335,1298.973,
149313.381,,1403.791,1297.788,
149380.043,,1402.160,1295.549,
149446.696,,1405.890,1284.014,
149513.357,,1401.042,1284.916,
149580.018,,1397.425,1274.613,
149646.674,,1403.596,1274.019,
149713.332,,1394.269,1275.337,
149779.988,,1402.597,1265.035,
149846.651,,1396.898,1269.698,
149913.307,,1395.889,1261.175,
149979.963,,1400.028,1259.946,
150046.622,,1399.048,1274.092,
150113.280,,1395.841,1285.139,
150179.940,,1411.523,1283.782,
150246.598,,1414.126,1286.939,
150313.259,,1405.336,1280.098,
150379.915,,1412.325,1280.716,
150446.573,,1402.913,1281.117,
150513.228,,1412.191,1276.917,
150579.891,,1412.046,1274.548,
150646.546,,1409.578,1267.147,
150713.204,,1415.582,1263.559,
150779.863,,1414.765,1261.530,
150846.520,,1413.262,1256.200,
150913.182,,1415.057,1255.866,
150979.838,,1410.220,1248.696,
151046.496,,1408.662,1246.367,
151113.157,,1413.172,1237.275,
151179.810,,1413.045,1242.332,
151246.470,,1420.872,1237.633,
151313.126,,1415.524,1232.686,
151379.787,,1406.128,1231.408,
151446.446,,1398.803,1231.993,
151513.106,,1410.469,1230.362,
151579.763,,1408.786,1230.441,
151646.420,,1414.448,1230.015,
151713.077,,1419.299,1232.161,
151779.739,,1419.912,1230.079,
151846.395,,1425.331,1230.523,
151913.052,,1418.381,1228.513,
151979.712,,1421.002,1228.530,
152046.366,,1416.052,1233.815,
152113.025,,1421.882,1237.835,
152179.688,,1420.108,1247.189,
152246.343,,1422.456,1250.807,
152312.998,,1425.514,1251.802,
152379.656,,1425.350,1250.001,
152446.314,,1424.866,1247.591,
152512.974,,1423.609,1246.781,
152579.634,,1424.087,1242.502,
152646.292,,1424.609,1239.747,
152712.945,,1420.797,1237.385,
152779.604,,1423.423,1232.156,
152846.260,,1417.791,1226.445,
152912.918,,1417.097,1228.182,
152979.582,,1421.008,1229.718,
153046.236,,1419.970,1229.244,
153112.897,,1422.277,1231.211,
153179.556,,1417.555,1240.467,
153246.214,,1418.222,1248.437,
153312.871,,1419.017,1245.610,
153379.529,,1415.263,1247.983,
153446.185,,1417.536,1254.027,
153512.840,,1417.586,1253.949,
153579.500,,1418.917,1250.814,
153646.160,,1412.910,1246.739,
153712.819,,1416.548,1238.750,
153779.472,,1412.105,1239.664,
153846.134,,1415.539,1241.080,
153912.793,,1418.666,1240.324,
153979.450,,1412.156,1239.910,
154046.108,,1414.289,1239.871,
154112.765,,1410.490,1250.588,
154179.418,,1410.504,1275.374,
154246.080,,1394.389,1297.063,
154312.737,,1402.076,1312.132,
154379.398,,1411.503,1325.201,
154446.053,,1408.415,1357.079,
154512.708,,1401.998,1374.571,
154579.372,,1413.936,1376.243,
154646.025,,1407.492,1378.043,
154712.685,,1411.237,1364.333,
154779.341,,1417.198,1358.506,
154845.998,,1406.314,1350.364,
154912.655,,1411.005,1337.661,
154979.318,,1412.064,1336.583,
155045.977,,1409.448,1330.561,
155112.636,,1418.952,1326.535,
155179.287,,1411.352,1325.620,
155245.945,,1411.145,1314.625,
155312.608,,1408.871,1318.356,
155379.266,,1404.081,1314.769,
155445.922,,1412.601,1311.678,
155512.578,,1408.679,1311.777,
155579.239,,1409.428,1301.222,
155645.894,,1408.375,1302.194,
155712.556,,1416.091,1294.916,
155779.211,,1408.624,1285.730,
155845.869,,1410.913,1282.517,
155912.529,,1403.889,1274.535,
155979.188,,1401.125,1273.998,
156045.840,,1404.503,1269.820,
156112.499,,1399.199,1263.065,
156179.161,,1401.074,1263.202,
156245.817,,1400.966,1262.982,
156312.474,,1397.527,1268.329,
156379.136,,1400.808,1266.879,
156445.794,,1406.507,1263.154,
156512.448,,1411.860,1265.025,
156579.107,,1404.014,1263.647,
156645.765,,1414.765,1270.049,
156712.420,,1405.146,1274.243,
156779.081,,1398.979,1277.812,
156845.739,,1407.301,1275.787,
156912.398,,1407.492,1295.620,
156979.054,,1409.226,1323.437,
157045.709,,1416.115,1348.006,
157112.371,,1419.682,1378.663,
157179.029,,1413.610,1386.255,
157245.685,,1407.623,1390.074,
157312.341,,1410.182,1389.973,
157379.000,,1407.737,1386.123,
157445.662,,1412.983,1386.703,
157512.316,,1412.373,1369.200,
157578.979,,1417.410,1378.488,
157645.634,,1418.944,1366.416,
157712.293,,1410.494,1356.179,
157778.950,,1406.259,1353.294,
157845.608,,1427.863,1344.324,
157912.264,,1421.612,1327.419,
157978.926,,1416.806,1328.981,
158045.578,,1423.436,1316.797,
158112.240,,1418.601,1312.707,
158178.895,,1414.241,1303.805,
158245.552,,1420.418,1307.918,
158312.210,,1418.939,1293.045,
158378.873,,1409.607,1291.032,
158445.530,,1408.457,1285.675,
158512.183,,1409.663,1285.167,
158578.845,,1409.960,1286.362,
158645.503,,1404.838,1286.078,
158712.160,,1414.321,1278.697,
158778.817,,1410.844,1279.902,
158845.478,,1408.925,1272.283,
158912.132,,1418.954,1267.723,
158978.792,,1411.993,1262.865,
159045.447,,1419.811,1260.486,
159112.110,,1413.368,1255.814,
159178.769,,1424.120,1249.656,
159245.426,,1419.901,1244.655,
159312.084,,1404.363,1239.887,
159378.737,,1403.854,1239.293,
159445.398,,1399.029,1235.697,
159512.057,,1406.047,1236.671,
159578.715,,1404.043,1230.605,
159645.369,,1405.775,1233.996,
159712.026,,1405.796,1238.302,
159778.688,,1401.703,1235.870,
159845.345,,1407.903,1235.443,
159912.002,,1409.134,1238.248,
159978.663,,1402.783,1238.222,
160045.318,,1403.678,1244.809,
160111.979,,1406.516,1241.297,
160178.631,,1411.312,1238.736,
160245.296,,1414.933,1238.222,
160311.950,,1410.305,1239.753,
160378.607,,1401.849,1230.065,
160445.268,,1406.741,1234.638,
160511.922,,1407.572,1229.857,
160578.583,,1408.950,1223.495,
160645.240,,1406.337,1228.709,
160711.898,,1412.714,1240.416,
160778.555,,1427.330,1242.180,
160845.215,,1421.711,1241.607,
160911.868,,1417.832,1241.549,
160978.529,,1421.079,1235.496,
161045.190,,1413.352,1233.990,
161111.847,,1414.712,1239.314,
161178.502,,1415.486,1242.145,
161245.164,,1420.093,1239.430,
161311.822,,1412.710,1237.140,
161378.480,,1412.162,1233.498,
161445.133,,1413.358,1215.599,
161511.795,,1396.840,1223.751,
161578.449,,1402.239,1224.520,
161645.109,,1402.021,1226.323,
161711.766,,1403.594,1224.771,
161778.423,,1403.584,1222.504,
161845.081,,1407.201,1224.010,
161911.743,,1415.131,1222.494,
161978.397,,1398.490,1219.674,
162045.055,,1414.312,1222.934,
162111.714,,1404.844,1219.575,
162178.374,,1396.306,1213.866,
162245.027,,1406.716,1218.540,
162311.687,,1404.162,1217.130,
162378.343,,1403.862,1214.735,
162445.004,,1412.161,1217.194,
162511.661,,1411.436,1217.693,
162578.318,,1405.658,1215.502,
162644.981,,1408.463,1215.315,
162711.633,,1409.571,1215.608,
162778.293,,1405.960,1210.002,
162844.949,,1409.803,1214.549,
162911.607,,1402.291,1215.984,
162978.265,,1411.218,1217.973,
163044.926,,1416.498,1216.854,
163111.582,,1422.116,1217.921,
163178.242,,1422.011,1216.929,
163244.899,,1420.142,1217.299,
163311.560,,1426.798,1216.783,
163378.216,,1414.021,1217.619,
163444.872,,1408.603,1220.354,
163511.532,,1398.815,1227.085,
163578.188,,1407.218,1225.542,
163644.845,,1396.953,1223.869,
163711.503,,1393.330,1219.471,
163778.160,,1397.337,1217.580,
163844.823,,1401.633,1222.178,
163911.475,,1396.531,1215.304,
163978.135,,1403.692,1220.631,
164044.791,,1418.440,1221.939,
164111.449,,1417.243,1217.522,
164178.108,,1408.361,1212.367,
164244.770,,1411.992,1212.394,
164311.428,,1412.906,1210.358,
164378.087,,1401.366,1207.522,
164444.746,,1405.008,1205.022,
164511.400,,1403.058,1206.158,
164578.057,,1397.055,1200.387,
164644.714,,1400.007,1202.980,
164711.373,,1405.142,1203.603,
164778.028,,1404.986,1200.859,
164844.691,,1403.936,1203.626,
164911.345,,1405.363,1205.125,
164978.005,,1397.802,1194.191,
165044.663,,1395.141,1201.638,
165111.318,,1403.877,1202.015,
165177.981,,1409.114,1208.601,
165244.635,,1415.414,1210.616,
165311.292,,1422.117,1211.394,
165377.949,,1429.024,1216.037,
165444.612,,1429.936,1218.215,
165511.265,,1429.012,1223.259,
165577.928,,1433.735,1221.844,
165644.581,,1430.932,1223.838,
165711.244,,1427.800,1225.207,
165777.898,,1428.792,1225.399,
165844.556,,1432.915,1229.299,
165911.214,,1427.035,1233.315,
165977.874,,1430.441,1228.442,
166044.535,,1432.458,1228.591,
166111.186,,1432.588,1226.944,
166177.846,,1431.345,1221.426,
166244.504,,1421.778,1212.731,
166311.162,,1394.478,1205.506,
166377.821,,1394.813,1205.137,
166444.481,,1398.074,1207.884,
166511.137,,1404.636,1207.436,
166577.796,,1402.833,1215.050,
166644.450,Input1*2*0,1420.200,1220.635,
166711.114,Input1*2*1,1425.932,1221.656,
166777.768,,1425.279,1223.553,
166844.430,,1423.654,1222.168,
166911.084,,1423.790,1223.805,
166977.740,,1424.869,1227.398,
167044.399,,1425.454,1228.899,
167111.056,,1405.362,1216.759,
167177.715,,1398.828,1217.999,
167244.377,,1399.622,1218.202,
167311.036,,1404.062,1219.736,
167377.691,,1409.538,1215.121,
167444.346,,1400.723,1215.538,
167511.004,,1397.368,1212.557,
167577.665,,1402.203,1209.856,
167644.325,,1404.778,1206.445,
167710.979,,1406.304,1213.239,
167777.635,,1405.044,1206.646,
167844.298,,1418.006,1202.011,
167910.952,,1416.338,1212.041,
167977.610,,1411.305,1210.101,
168044.269,,1413.051,1207.105,
168110.928,,1411.274,1212.805,
168177.584,,1419.766,1212.340,
168244.240,,1419.871,1214.460,
168310.903,,1419.356,1211.438,
168377.557,,1416.384,1208.762,
168444.219,,1413.062,1207.861,
168510.875,,1410.053,1207.512,
168577.530,,1408.415,1211.592,
168644.189,,1412.352,1209.525,
168710.829,,1415.221,1205.438,
168777.505,,1416.476,1210.610,
168844.166,,1404.067,1206.450,
168910.821,,1408.488,1206.851,
168977.476,,1409.638,1206.660,
169044.135,,1410.699,1204.912,
169110.796,,1412.446,1201.326,
169177.454,,1424.004,1200.079,
169244.114,,1410.374,1194.622,
169310.770,,1413.587,1192.871,
169377.424,,1408.751,1192.513,
169444.087,,1406.274,1191.096,
169510.744,,1408.366,1194.727,
169577.398,,1406.240,1196.392,
169644.055,,1414.660,1196.916,
169710.715,,1407.912,1202.602,
169777.377,,1405.186,1209.969,
169844.029,,1407.436,1209.917,
169910.691,,1406.717,1206.153,
169977.350,,1410.609,1201.440,
170044.006,,1412.694,1199.878,
170110.663,,1411.671,1203.573,
170177.319,,1407.618,1199.949,
170243.980,,1408.294,1198.762,
170310.636,,1412.468,1196.714,
170377.295,,1407.013,1201.845,
170443.950,,1413.272,1202.509,
170510.611,,1413.434,1208.056,
170577.269,,1411.150,1214.964,
170643.930,,1409.611,1220.066,
170710.585,,1408.367,1217.874,
170777.246,,1411.284,1216.536,
170843.902,,1418.145,1213.691,
170910.559,,1412.403,1212.399,
170977.215,,1417.490,1214.400,
171043.874,,1419.501,1210.700,
171110.530,,1415.748,1207.537,
171177.191,,1418.020,1202.892,
171243.847,,1412.129,1201.884,
171310.502,,1407.402,1194.487,
171377.165,,1410.951,1193.832,
171443.823,,1406.230,1196.663,
171510.478,,1407.418,1201.239,
171577.140,,1411.337,1206.249,
171643.795,,1413.012,1211.122,
171710.451,,1414.166,1210.758,
171777.107,,1411.857,1211.359,
171843.769,,1417.419,1208.642,
171910.428,,1410.321,1206.197,
171977.087,,1404.017,1199.868,
172043.742,,1403.301,1200.269,
172110.399,,1407.124,1200.501,
172177.060,,1413.163,1202.076,
172243.716,,1414.491,1201.253,
172310.373,,1420.230,1197.337,
172377.031,,1414.169,1195.254,
172443.687,,1409.987,1193.560,
172510.344,,1408.781,1189.858,
172577.003,,1407.430,1187.468,
172643.664,,1406.608,1186.315,
172710.321,,1400.013,1188.414,
172776.976,,1402.967,1190.217,
172843.635,,1407.630,1187.162,
172910.295,,1404.244,1185.061,
172976.954,,1402.271,1187.451,
173043.613,,1404.127,1188.321,
173110.270,,1417.415,1185.134,
173176.923,,1408.046,1186.828,
173243.582,,1404.514,1183.707,
173310.239,,1402.065,1186.914,
173376.901,,1412.812,1187.884,
173443.559,,1411.969,1194.268,
173510.213,,1416.505,1193.587,
173576.872,,1417.948,1189.964,
173643.530,,1416.452,1189.237,
173710.186,,1413.896,1192.717,
173776.846,,1410.825,1190.746,
173843.502,,1420.202,1184.811,
173910.165,,1409.924,1191.463,
173976.822,,1414.219,1196.109,
174043.476,,1417.526,1204.208,
174110.136,,1419.968,1212.019,
174176.793,,1419.082,1226.147,
174243.454,,1409.271,1252.867,
174310.107,,1418.527,1261.279,
174376.770,,1419.319,1258.484,
174443.424,,1427.312,1253.175,
174510.081,,1410.318,1256.178,
174576.741,,1408.297,1248.339,
174643.396,,1410.822,1249.919,
174710.054,,1407.635,1249.553,
174776.713,,1408.985,1256.772,
174843.369,,1412.513,1267.159,
174910.029,,1409.876,1268.005,
174976.690,,1413.613,1264.220,
175043.348,,1407.941,1259.759,
175110.005,,1415.539,1259.855,
175176.660,,1413.609,1258.227,
175243.317,,1419.984,1250.884,
175309.978,,1411.095,1252.889,
175376.633,,1412.119,1254.886,
175443.294,,1415.114,1260.290,
175509.951,,1410.254,1265.219,
175576.606,,1419.304,1269.480,
175643.266,,1416.166,1281.054,
175709.921,,1426.398,1280.547,
175776.586,,1425.275,1276.686,
175843.242,,1417.476,1274.547,
175909.900,,1416.612,1268.783,
175976.554,,1414.844,1265.478,
176043.218,,1416.900,1261.205,
176109.875,,1416.368,1253.298,
176176.535,,1417.638,1253.273,
176243.188,,1417.459,1254.282,
176309.852,,1419.924,1249.138,
176376.504,,1413.753,1244.845,
176443.170,,1418.085,1243.570,
176509.824,,1416.258,1237.264,
176576.481,,1415.141,1235.486,
176643.140,,1420.092,1233.254,
176709.802,,1417.452,1230.818,
176776.461,,1424.120,1230.577,
176843.116,,1425.264,1230.988,
176909.773,,1423.284,1225.315,
176976.437,,1423.357,1227.244,
177043.095,,1427.531,1226.087,
177109.750,,1425.127,1225.988,
177176.409,,1424.955,1224.577,
177243.069,,1426.071,1224.055,
177309.726,,1421.383,1220.760,
177376.387,,1419.941,1241.789,
177443.048,,1431.438,1235.759,
177509.701,,1419.678,1235.865,
177576.361,,1419.920,1230.272,
177643.022,,1428.856,1236.513,
177709.679,,1429.420,1233.178,
177776.338,,1423.345,1228.158,
177842.996,,1416.738,1224.231,
177909.658,,1429.917,1221.205,
177976.312,,1418.002,1219.672,
178042.972,,1421.917,1218.578,
178109.632,,1412.316,1215.381,
178176.286,,1421.925,1218.687,
178242.948,,1422.827,1215.586,
178309.607,,1416.317,1216.192,
178376.263,,1425.223,1218.315,
178442.922,,1421.520,1216.450,
178509.583,,1428.962,1214.048,
178576.241,,1424.778,1209.452,
178642.901,,1415.149,1213.052,
178709.555,,1415.295,1211.215,
178776.218,,1417.649,1209.915,
178842.878,,1416.165,1209.104,
178909.535,,1417.453,1210.102,
178976.191,,1419.355,1208.879,
179042.851,,1423.537,1207.570,
179109.507,,1421.709,1211.581,
179176.169,,1420.311,1212.340,
179242.824,,1419.354,1211.532,
179309.487,,1418.752,1219.284,
179376.141,,1416.644,1219.272,
179442.800,,1422.231,1223.764,
179509.459,,1421.305,1224.707,
179576.117,,1420.962,1224.956,
179642.780,,1423.061,1232.466,
179709.435,,1422.701,1237.209,
179776.097,,1425.172,1231.807,
179842.752,,1424.259,1235.385,
179909.411,,1421.674,1239.683,
179976.074,,1425.983,1243.794,
180042.727,,1423.621,1245.341,
180109.388,,1417.146,1252.520,
180176.047,,1423.139,1264.155,
180242.706,,1422.321,1267.938,
180309.364,,1425.659,1260.333,
180376.026,,1422.831,1257.327,
180442.678,,1420.691,1249.158,
180509.337,,1418.006,1242.644,
180575.999,,1418.584,1237.976,
180642.659,,1415.227,1216.519,
180709.316,,1395.820,1220.856,
180775.972,,1408.515,1214.081,
180842.630,,1427.290,1215.701,
180909.289,,1421.913,1211.084,
180975.950,,1425.375,1213.335,
181042.607,,1420.472,1218.444,
181109.268,,1414.195,1218.791,
181175.924,,1417.159,1218.071,
181242.583,,1417.842,1217.842,
181309.246,,1418.147,1215.238,
181375.902,,1417.654,1214.526,
181442.562,,1417.809,1212.468,
181509.221,,1426.032,1213.644,
181575.879,,1409.081,1211.134,
181642.533,,1425.387,1213.717,
181709.196,,1425.051,1216.543,
181775.854,,1422.188,1213.900,
181842.512,,1417.305,1206.699,
181909.172,,1408.156,1206.537,
181975.831,,1407.735,1206.407,
182042.489,,1409.100,1210.155,
182109.145,,1412.654,1207.122,
182175.808,,1405.275,1210.262,
182242.462,,1402.410,1208.186,
182309.120,,1399.189,1207.228,
182375.782,,1404.243,1208.591,
182442.438,,1406.127,1216.524,
182509.098,,1405.774,1219.070,
182575.757,,1400.518,1214.955,
182642.416,,1404.767,1208.918,
182709.071,,1397.005,1213.304,
182775.732,,1400.679,1210.139,
182842.389,,1395.863,1211.691,
182909.053,,1395.574,1215.769,
182975.707,,1405.517,1208.540,
183042.366,,1397.910,1214.873,
183109.026,,1399.901,1207.610,
183175.685,,1397.908,1218.549,
183242.341,,1402.592,1227.154,
183309.005,,1430.361,1233.254,
183375.659,,1428.233,1229.307,
183442.322,,1407.951,1228.306,
183508.974,,1416.918,1228.978,
183575.635,,1415.949,1235.698,
183642.295,,1410.363,1250.935,
183708.951,,1411.519,1252.010,
183775.609,,1412.939,1260.149,
183842.269,,1403.336,1270.924,
183908.929,,1407.421,1291.528,
183975.586,,1406.512,1316.343,
184042.241,,1403.874,1321.808,
184108.902,,1416.802,1321.917,
184175.562,,1415.022,1324.943,
184242.217,,1407.304,1335.452,
184308.875,,1410.017,1361.303,
184375.533,,1402.367,1372.458,
184442.190,,1401.681,1364.426,
184508.843,,1404.875,1364.207,
184575.502,,1399.580,1351.993,
184642.163,,1405.500,1344.227,
184708.814,,1402.796,1332.418,
184775.473,,1404.163,1326.031,
184842.130,,1397.834,1316.227,
184908.792,,1401.379,1305.579,
184975.447,,1404.586,1298.897,
185042.106,,1401.372,1293.661,
185108.764,,1401.073,1289.143,
185175.420,,1403.524,1282.834,
185242.073,,1407.559,1278.090,
185308.736,,1406.916,1273.373,
185375.391,,1407.017,1269.323,
185442.048,,1406.448,1264.859,
185508.703,,1406.421,1261.353,
185575.365,,1407.650,1258.725,
185642.022,,1408.293,1251.693,
185708.677,,1404.608,1246.011,
185775.332,,1408.402,1244.133,
185841.989,,1406.546,1246.095,
185908.648,,1406.981,1238.526,
185975.307,,1420.263,1244.192,
186041.964,,1409.712,1235.937,
186108.622,,1413.750,1230.082,
186175.279,,1411.411,1227.872,
186241.932,,1409.528,1223.119,
186308.592,,1410.346,1220.333,
186375.251,,1411.778,1223.286,
186441.911,,1416.437,1222.281,
186508.565,,1417.072,1222.447,
186575.223,,1414.288,1224.539,
186641.879,,1425.413,1218.398,
186708.534,,1425.231,1224.729,
186775.196,,1426.213,1216.367,
186841.849,,1413.009,1210.923,
186908.507,,1413.123,1212.884,
186975.168,,1414.469,1218.272,
187041.820,,1414.376,1217.859,
187108.482,,1409.149,1221.574,
187175.136,,1416.261,1223.349,
187241.792,,1408.499,1217.075,
187308.452,,1406.793,1214.243,
187375.108,,1418.696,1217.142,
187441.769,,1411.430,1217.651,
187508.425,,1416.940,1214.215,
187575.083,,1422.077,1215.067,
187641.737,,1417.449,1214.938,
187708.398,,1420.019,1207.695,
187775.056,,1411.572,1207.761,
187841.707,,1413.721,1207.263,
187908.366,,1415.606,1209.621,
187975.023,,1403.639,1205.031,
188041.684,,1409.910,1202.452,
188108.337,,1408.345,1208.344,
188175.000,,1420.346,1207.997,
188241.656,,1417.376,1203.193,
188308.310,,1413.282,1200.539,
188374.968,,1405.489,1197.276,
188441.629,,1402.449,1194.381,
188508.281,,1401.055,1198.161,
188574.941,,1397.452,1195.036,
188641.601,,1404.755,1196.999,
188708.256,,1408.199,1201.928,
188774.911,,1406.681,1204.647,
188841.572,,1410.195,1211.656,
188908.224,,1406.195,1220.429,
188974.884,,1409.131,1221.597,
189041.538,,1405.271,1222.548,
189108.196,,1407.547,1224.210,
189174.854,,1403.569,1241.226,
189241.512,,1405.167,1243.811,
189308.170,,1412.981,1247.081,
189374.825,,1422.598,1247.157,
189441.485,,1412.024,1248.428,
189508.146,,1413.640,1247.019,
189574.800,,1427.469,1230.666,
189641.460,,1414.378,1233.505,
189708.112,,1412.806,1234.604,
189774.774,,1417.390,1239.825,
189841.432,,1418.577,1242.272,
189908.089,,1416.347,1243.974,
189974.743,,1413.267,1233.260,
190041.398,,1404.043,1223.129,
190108.058,,1405.313,1227.136,
190174.718,,1407.688,1225.670,
190241.371,,1404.320,1221.844,
190308.029,,1406.633,1219.968,
190374.691,,1410.474,1222.186,
190441.347,,1415.398,1220.737,
190507.999,,1402.828,1212.633,
190574.662,,1405.444,1214.472,
190641.313,,1410.000,1219.640,
190707.976,,1416.065,1217.234,
190774.632,,1415.234,1219.142,
190841.287,,1408.041,1219.313,
190907.945,,1409.134,1217.871,
190974.603,,1423.160,1219.175,
191041.257,,1425.089,1216.281,
191107.918,,1419.533,1211.321,
191174.576,,1415.676,1208.660,
191241.234,,1412.725,1207.972,
191307.891,,1415.362,1206.325,
191374.548,,1414.926,1203.942,
191441.202,,1415.545,1198.827,
191507.862,,1409.544,1198.510,
191574.515,,1403.665,1194.119,
191641.178,,1396.574,1190.633,
191707.831,,1395.877,1189.809,
191774.493,,1399.228,1194.532,
191841.148,,1391.873,1197.820,
191907.804,,1391.233,1194.807,
191974.464,,1389.984,1195.040,
192041.123,,1393.240,1195.480,
192107.781,,1396.142,1192.804,
192174.433,,1394.077,1195.131,
192241.095,,1393.005,1198.280,
192307.754,,1393.774,1199.076,
192374.413,,1397.339,1199.462,
192441.069,,1401.704,1197.148,
192507.723,,1401.439,1200.796,
192574.385,,1394.991,1199.145,
192641.041,,1405.229,1199.837,
192707.701,,1406.624,1201.798,
192774.359,,1396.476,1199.807,
192841.012,,1410.763,1200.521,
192907.674,,1408.036,1201.794,
192974.329,,1406.212,1205.952,
193040.986,,1410.804,1213.804,
193107.648,,1418.543,1210.164,
193174.307,,1410.209,1205.937,
193240.960,,1411.592,1215.221,
193307.617,,1410.223,1217.087,
193374.278,,1413.293,1226.791,
193440.936,,1413.719,1233.302,
193507.594,,1408.919,1241.103,
193574.254,,1412.387,1242.211,
193640.905,,1414.254,1241.702,
193707.565,,1411.164,1241.718,
193774.221,,1416.891,1238.743,
193840.880,,1417.408,1234.938,
193907.542,,1414.626,1231.443,
193974.197,,1416.098,1228.603,
194040.852,,1420.027,1231.108,
194107.516,,1415.825,1233.842,
194174.172,,1422.618,1236.314,
194240.828,,1429.092,1236.850,
194307.486,,1427.142,1238.922,
194374.148,,1419.217,1238.210,
194440.801,,1424.733,1235.014,
194507.459,,1422.823,1231.304,
194574.118,,1427.920,1233.582,
194640.774,,1429.672,1228.612,
194707.431,,1427.662,1228.669,
194774.093,,1425.390,1228.499,
194840.749,,1427.044,1225.063,
194907.409,,1425.382,1223.334,
194974.064,,1424.795,1221.184,
195040.723,,1419.311,1228.123,
195107.383,,1420.131,1228.349,
195174.038,,1420.712,1232.183,
195240.698,,1423.359,1229.796,
195307.358,,1422.337,1224.077,
195374.015,,1422.437,1220.698,
195440.672,,1416.568,1215.843,
195507.331,,1412.622,1217.136,
195573.983,,1410.832,1214.513,
195640.644,,1410.799,1212.987,
195707.300,,1411.233,1212.769,
195773.958,,1416.365,1214.617,
195840.619,,1415.152,1210.643,
195907.273,,1412.617,1212.273,
195973.932,,1408.125,1241.365,
196040.588,,1402.002,1266.773,
196107.246,,1400.926,1277.707,
196173.910,,1399.549,1278.065,
196240.567,,1395.575,1275.001,
196307.220,,1388.191,1272.114,
196373.882,,1387.451,1271.619,
196440.535,,1391.906,1268.376,
196507.198,,1394.422,1268.451,
196573.851,,1401.621,1285.429,
196640.514,,1387.711,1292.335,
196707.172,,1405.770,1298.087,
196773.828,,1410.656,1289.816,
196840.487,,1403.135,1281.006,
196907.142,,1395.497,1277.630,
196973.802,,1399.875,1275.999,
197040.458,,1403.674,1269.819,
197107.120,,1404.519,1269.152,
197173.775,,1400.539,1265.988,
197240.429,,1410.855,1261.169,
197307.090,,1405.472,1259.304,
197373.750,,1404.408,1254.250,
197440.402,,1409.540,1249.733,
197507.060,,1413.126,1251.039,
197573.720,,1414.454,1244.190,
197640.377,,1416.239,1241.648,
197707.039,,1410.659,1243.976,
197773.694,,1409.226,1239.497,
197840.352,,1414.279,1237.186,
197907.011,,1415.394,1233.899,
197973.665,,1414.701,1230.273,
198040.326,,1416.725,1230.571,
198106.985,,1408.624,1228.675,
198173.640,,1407.864,1229.839,
198240.297,,1406.822,1229.200,
198306.959,,1410.552,1231.709,
198373.614,,1411.407,1234.240,
198440.271,,1411.658,1234.659,
198506.934,,1415.131,1231.848,
198573.590,,1411.138,1238.430,
198640.245,,1411.739,1238.705,
198706.904,,1415.266,1238.964,
198773.561,,1415.025,1239.422,
198840.219,,1410.714,1235.802,
198906.878,,1412.105,1240.425,
198973.534,,1412.492,1240.568,
199040.197,,1416.163,1239.483,
199106.852,,1413.061,1229.950,
199173.511,,1406.681,1222.051,
199240.170,,1401.690,1212.498,
199306.822,,1408.394,1214.951,
199373.484,,1404.572,1211.838,
199440.138,,1420.363,1215.846,
199506.798,,1410.850,1210.797,
199573.456,,1409.527,1208.732,
199640.114,,1411.214,1211.359,
199706.770,,1433.108,1213.698,
199773.427,,1417.196,1210.677,
199840.087,,1420.249,1203.727,
199906.749,,1417.258,1207.032,
199973.406,,1411.041,1205.284,
200040.061,,1405.352,1208.955,
200106.717,,1413.362,1212.444,
200173.378,,1416.727,1214.682,
200240.035,,1415.408,1215.205,
200306.694,,1419.830,1219.952,
200373.352,,1412.705,1229.497,
200440.010,,1413.396,1232.202,
200506.664,,1419.613,1231.346,
200573.326,,1420.662,1242.139,
200639.978,,1416.188,1246.073,
200706.639,,1422.660,1242.270,
200773.298,,1421.169,1241.698,
200839.955,,1423.831,1247.179,
200906.615,,1422.174,1241.851,
200973.269,,1419.872,1239.038,
201039.927,,1425.869,1240.608,
201106.582,,1423.303,1233.844,
201173.241,,1419.960,1229.874,
201239.898,,1414.876,1227.467,
201306.561,,1413.884,1222.705,
201373.214,,1413.935,1220.467,
201439.872,,1416.125,1218.173,
201506.533,,1416.331,1213.801,
201573.193,,1413.279,1212.389,
201639.847,,1414.713,1217.416,
201706.508,,1418.219,1211.383,
201773.164,,1418.488,1203.255,
201839.822,,1407.887,1206.878,
201906.477,,1415.146,1203.028,
201973.138,,1408.190,1205.877,
202039.794,,1415.370,1198.952,
202106.453,,1409.990,1201.843,
202173.111,,1413.253,1205.581,
202239.765,,1417.495,1204.545,
202306.426,,1418.141,1209.335,
202373.084,,1417.322,1207.269,
202439.742,,1414.550,1204.337,
202506.396,,1409.911,1203.086,
202573.054,,1412.461,1203.795,
202639.713,,1415.046,1202.141,
202706.369,,1423.620,1203.899,
202773.027,,1418.784,1202.217,
202839.685,,1420.090,1199.578,
202906.342,,1413.889,1201.951,
202973.000,,1418.194,1205.906,
203039.659,,1397.602,1198.492,
203106.319,,1415.203,1202.567,
203172.978,,1423.573,1200.873,
203239.630,,1427.114,1202.369,
203306.291,,1424.030,1196.392,
203372.946,,1410.579,1198.707,
203439.605,,1405.184,1205.994,
203506.265,,1411.958,1207.317,
203572.922,,1419.264,1202.623,
203639.580,,1408.132,1198.915,
203706.234,,1407.300,1199.827,
203772.896,,1422.990,1195.930,
203839.553,,1406.823,1201.244,
203906.211,,1411.605,1202.249,
203972.868,,1410.406,1205.229,
204039.525,,1414.699,1212.730,
204106.180,,1410.279,1218.407,
204172.844,,1413.169,1226.182,
204239.502,,1411.577,1235.363,
204306.154,,1421.816,1237.658,
204372.817,,1415.921,1242.275,
204439.474,,1409.354,1249.444,
204506.132,,1407.597,1254.308,
204572.785,,1416.129,1253.064,
204639.449,,1416.957,1250.479,
204706.107,,1413.122,1248.499,
204772.759,,1413.109,1245.367,
204839.403,,1404.391,1238.143,
204906.074,,1403.355,1238.644,
204972.733,,1403.183,1235.203,
205039.389,,1400.893,1235.254,
205106.053,,1409.022,1234.161,
205172.711,,1403.641,1232.161,
205239.365,,1403.808,1229.954,
205306.021,,1401.449,1233.646,
205372.678,,1408.575,1232.443,
205439.337,,1412.751,1234.234,
205505.997,,1406.661,1239.295,
205572.651,,1403.511,1229.697,
205639.314,,1389.377,1242.750,
205705.970,,1414.237,1236.573,
205772.630,,1413.336,1229.883,
205839.283,,1410.179,1227.855,
205905.944,,1409.116,1226.122,
205972.603,,1413.844,1223.046,
206039.255,,1410.534,1216.465,
206105.914,,1404.147,1216.744,
206172.575,,1403.494,1213.014,
206239.232,,1413.353,1212.753,
206305.890,,1405.406,1215.158,
206372.544,,1400.619,1213.470,
206439.204,,1405.789,1210.750,
206505.865,,1412.771,1211.801,
206572.523,,1410.219,1211.321,
206639.177,,1416.000,1205.530,
206705.835,,1413.017,1208.114,
206772.496,,1409.174,1204.357,
206839.151,,1420.456,1202.134,
206905.805,,1412.772,1197.600,
206972.467,,1413.321,1190.573,
207039.124,,1407.978,1189.508,
207105.783,,1402.555,1186.371,
207172.443,,1398.844,1185.001,
207239.096,,1404.020,1181.340,
207305.758,,1396.351,1185.777,
207372.412,,1390.204,1188.682,
207439.068,,1394.753,1185.341,
207505.732,,1399.279,1190.863,
207572.384,,1394.802,1195.835,
207639.044,,1390.430,1197.904,
207705.704,,1400.266,1202.164,
207772.361,,1397.202,1203.683,
207839.018,,1395.310,1219.032,
207905.675,,1402.671,1284.588,
207972.333,,1398.640,1322.755,
208038.989,,1400.261,1330.940,
208105.648,,1398.546,1351.040,
208172.308,,1395.067,1355.918,
208238.966,,1408.793,1356.386,
208305.622,,1401.043,1355.221,
208372.280,,1404.387,1346.023,
208438.937,,1404.235,1335.068,
208505.598,,1398.396,1330.886,
208572.253,,1397.375,1324.385,
208638.914,,1412.987,1322.935,
208705.570,,1396.356,1313.155,
208772.232,,1401.891,1311.844,
208838.884,,1412.724,1307.706,
208905.548,,1408.371,1298.748,
208972.204,,1412.131,1296.039,
209038.863,,1410.174,1287.045,
209105.518,,1407.775,1282.098,
209172.179,,1411.156,1273.987,
209238.834,,1408.518,1269.085,
209305.494,,1410.252,1265.806,
209372.155,,1409.223,1259.349,
209438.811,,1410.573,1256.468,
209505.470,,1413.493,1250.764,
209572.125,,1409.404,1247.510,
209638.787,,1406.613,1241.842,
209705.443,,1407.377,1240.161,
209772.103,,1411.299,1224.552,
209838.761,,1400.984,1229.550,
209905.414,,1407.014,1228.655,
209972.072,,1408.168,1230.418,
210038.735,,1416.206,1226.727,
210105.393,,1425.024,1226.202,
210172.046,,1416.517,1223.086,
210238.707,,1415.181,1223.143,
210305.364,,1397.650,1217.342,
210372.025,,1410.767,1215.452,
210438.679,,1404.176,1214.819,
210505.338,,1400.746,1214.732,
210571.997,,1402.444,1216.293,
210638.652,,1408.056,1217.196,
210705.315,,1407.498,1212.411,
210771.973,,1405.141,1215.961,
210838.630,,1408.056,1210.815,
210905.283,,1413.081,1208.719,
210971.948,,1410.826,1208.632,
211038.604,,1409.643,1204.018,
211105.264,,1406.961,1206.802,
211171.918,,1410.070,1204.880,
211238.575,,1413.762,1201.968,
211305.237,,1415.548,1199.110,
211371.893,,1408.581,1201.498,
211438.549,,1411.895,1201.188,
211505.208,,1412.579,1203.619,
211571.865,,1413.399,1201.877,
211638.524,,1416.540,1200.533,
211705.185,,1418.942,1196.459,
211771.845,,1413.838,1194.939,
211838.499,,1408.131,1192.932,
211905.157,,1414.060,1194.938,
211971.816,,1416.630,1196.285,
212038.475,,1411.436,1193.982,
212105.130,,1414.325,1193.988,
212171.788,,1409.030,1194.705,
212238.451,,1416.935,1196.760,
212305.108,,1428.121,1197.542,
212371.763,,1427.160,1197.768,
212438.421,,1422.792,1194.289,
212505.083,,1420.825,1198.877,
212571.737,,1424.542,1200.505,
212638.399,,1423.573,1202.147,
212705.056,,1420.100,1207.116,
212771.714,,1422.046,1216.262,
212838.368,,1418.682,1228.140,
212905.026,,1415.164,1237.356,
212971.685,,1415.904,1234.512,
213038.342,,1406.194,1236.499,
213105.003,,1408.745,1232.662,
213171.662,,1408.517,1234.840,
213238.318,,1418.878,1228.356,
213304.978,,1408.944,1226.140,
213371.632,,1409.431,1222.840,
213438.294,,1407.282,1219.362,
213504.953,,1397.868,1214.064,
213571.610,,1399.410,1208.355,
213638.269,,1392.975,1205.022,
213704.925,,1391.102,1209.447,
213771.584,,1388.039,1216.519,
213838.241,,1391.044,1220.814,
213904.901,,1399.137,1220.348,
213971.558,,1399.157,1231.648,
214038.218,,1387.796,1239.584,
214104.873,,1390.544,1243.828,
214171.532,,1392.169,1250.025,
214238.187,,1392.994,1251.880,
214304.845,,1397.341,1246.900,
214371.504,,1404.329,1243.386,
214438.161,,1392.862,1244.006,
214504.823,,1390.200,1239.481,
214571.480,,1393.017,1242.076,
214638.136,,1398.513,1235.486,
214704.793,,1398.593,1241.710,
214771.452,,1407.537,1244.116,
214838.112,,1400.535,1246.073,
214904.771,,1404.331,1248.262,
214971.428,,1397.360,1241.370,
215038.087,,1395.702,1239.715,
215104.741,,1391.437,1238.849,
215171.403,,1397.913,1239.833,
215238.062,,1408.598,1240.138,
215304.719,,1399.823,1231.811,
215371.373,,1399.909,1226.739,
215438.035,,1407.016,1229.423,
215504.690,,1406.258,1228.339,
215571.349,,1416.173,1229.122,
215638.005,,1427.517,1229.583,
215704.664,,1415.640,1226.410,
215771.326,,1418.793,1226.853,
215837.979,,1413.994,1221.297,
215904.638,,1406.966,1214.491,
215971.300,,1405.720,1213.128,
216037.958,,1405.794,1214.994,
216104.614,,1404.523,1212.553,
216171.269,,1406.279,1212.284,
216237.932,,1406.977,1208.177,
216304.586,,1410.607,1208.660,
216371.245,,1401.736,1205.121,
216437.908,,1410.510,1208.371,
216504.561,,1419.860,1208.485,
216571.222,,1399.884,1199.076,
216637.878,,1402.007,1198.680,
216704.535,,1406.383,1196.225,
216771.197,,1405.033,1196.525,
216837.855,,1409.710,1193.162,
216904.514,,1410.051,1195.751,
216971.169,,1415.483,1207.197,
217037.830,,1411.478,1205.914,
217104.484,,1410.961,1208.168,
217171.146,,1397.792,1209.542,
217237.806,,1399.967,1211.435,
217304.460,,1401.533,1210.988,
217371.120,,1401.356,1209.528,
217437.777,,1404.161,1209.349,
217504.438,,1412.016,1199.278,
217571.092,,1404.476,1205.645,
217637.754,,1407.090,1202.062,
217704.411,,1410.118,1201.327,
217771.067,,1405.863,1197.577,
217837.730,,1409.082,1195.877,
217904.387,,1406.111,1195.240,
217971.044,,1401.624,1192.141,
218037.703,,1403.000,1192.238,
218104.362,,1403.733,1190.509,
218171.019,,1407.500,1189.773,
218237.678,,1407.088,1180.948,
218304.332,,1405.302,1184.797,
218370.992,,1404.209,1189.492,
218437.652,,1406.961,1187.518,
218504.307,,1404.001,1188.434,
218570.966,,1409.418,1183.719,
218637.625,,1407.823,1187.698,
218704.284,,1409.140,1187.544,
218770.942,,1406.583,1186.664,
218837.599,,1410.106,1185.632,
218904.258,,1405.999,1183.941,
218970.912,,1406.060,1184.534,
219037.570,,1409.300,1184.802,
219104.234,,1411.724,1186.326,
219170.888,,1408.325,1187.084,
219237.547,,1407.908,1184.029,
219304.208,,1409.479,1184.720,
219370.865,,1407.959,1190.611,
219437.523,,1407.947,1190.602,
219504.183,,1414.498,1190.413,
219570.839,,1410.970,1189.655,
219637.495,,1406.958,1187.272,
219704.152,,1411.816,1185.709,
219770.812,,1405.435,1185.938,
219837.470,,1407.953,1179.874,
219904.127,,1405.245,1181.371,
219970.787,,1407.434,1177.385,
220037.443,,1402.401,1176.048,
220104.106,,1405.561,1177.265,
220170.764,,1405.572,1177.096,
220237.423,,1411.027,1173.218,
220304.081,,1409.973,1173.798,
220370.735,,1413.888,1173.256,
220437.393,,1409.826,1171.825,
220504.052,,1412.063,1171.166,
220570.712,,1411.405,1171.544,
220637.366,,1407.398,1169.266,
220704.024,,1405.646,1172.636,
220770.688,,1409.621,1173.405,
220837.342,,1408.026,1173.127,
220904.000,,1408.455,1172.065,
220970.657,,1404.425,1172.127,
221037.318,,1410.034,1175.090,
221103.977,,1402.402,1175.901,
221170.632,,1404.672,1175.772,
221237.293,,1412.321,1176.239,
221303.951,,1411.066,1175.759,
221370.605,,1402.900,1179.615,
221437.268,,1402.381,1184.585,
221503.925,,1407.679,1196.877,
221570.581,,1416.343,1199.620,
221637.240,,1401.343,1195.838,
221703.898,,1412.542,1201.202,
221770.558,,1422.945,1200.349,
221837.212,,1425.019,1206.185,
221903.873,,1423.858,1204.353,
221970.532,,1429.739,1206.604,
222037.192,,1428.089,1206.680,
222103.846,,1424.533,1203.680,
222170.509,,1425.214,1206.238,
222237.167,,1425.631,1221.685,
222303.820,,1426.495,1250.116,
222370.480,,1417.807,1253.755,
222437.140,,1392.524,1255.327,
222503.796,,1391.518,1256.375,
222570.452,,1391.796,1256.606,
222637.116,,1394.506,1261.983,
222703.770,,1408.015,1261.937,
222770.432,,1414.739,1256.413,
222837.084,,1417.800,1253.371,
222903.746,,1415.711,1249.286,
222970.407,,1417.305,1248.112,
223037.059,,1415.692,1239.048,
223103.722,,1413.433,1238.356,
223170.380,,1417.096,1236.616,
223237.037,,1412.337,1228.855,
223303.692,,1409.862,1227.210,
223370.352,,1406.096,1228.588,
223437.009,,1395.884,1215.273,
223503.669,,1395.130,1211.264,
223570.324,,1395.092,1209.533,
223636.985,,1399.752,1211.567,
223703.641,,1403.834,1205.071,
223770.303,,1403.595,1205.919,
223836.958,,1397.583,1201.044,
223903.616,,1397.631,1202.092,
223970.277,,1398.074,1200.350,
224036.932,,1397.735,1193.582,
224103.592,,1394.553,1195.105,
224170.251,,1401.629,1198.227,
224236.907,,1403.626,1201.081,
224303.568,,1402.222,1198.023,
224370.226,,1394.534,1197.029,
224436.881,,1397.849,1195.809,
224503.542,,1401.070,1199.122,
224570.200,,1397.551,1190.304,
224636.852,,1381.933,1194.140,
224703.510,,1390.324,1197.877,
224770.172,,1399.876,1203.230,
224836.831,,1403.445,1203.195,
224903.486,,1407.908,1201.685,
224970.141,,1401.073,1198.495,
225036.798,,1400.188,1193.281,
225103.460,,1405.345,1196.605,
225170.119,,1416.503,1192.641,
225236.775,,1392.052,1181.226,
225303.432,,1381.798,1179.352,
225370.088,,1383.358,1175.534,
225436.748,,1388.979,1181.832,
225503.406,,1394.669,1182.099,
225570.063,,1410.047,1191.812,
225636.725,,1406.794,1187.050,
225703.378,,1392.572,1194.717,
225770.040,,1401.458,1201.683,
225836.695,,1411.145,1204.626,
225903.357,,1410.845,1200.609,
225970.013,,1403.785,1201.583,
226036.673,,1406.883,1197.318,
226103.324,,1404.885,1192.511,
226169.984,,1401.402,1189.400,
226236.639,,1397.833,1188.960,
226303.300,,1399.247,1181.802,
226369.957,,1400.156,1186.339,
226436.615,,1398.204,1184.397,
226503.273,,1397.266,1182.876,
226569.933,,1403.920,1184.328,
226636.593,,1404.978,1181.353,
226703.246,,1403.455,1179.396,
226769.902,,1409.916,1179.667,
226836.561,,1389.872,1177.573,
226903.219,,1402.090,1180.803,
226969.881,,1402.509,1182.014,
227036.539,,1394.969,1181.832,
227103.198,,1395.184,1183.264,
227169.856,,1396.968,1186.419,
227236.510,,1399.032,1188.855,
227303.171,,1406.277,1191.791,
227369.823,,1401.413,1190.238,
227436.485,,1404.609,1192.412,
227503.144,,1405.301,1200.802,
227569.799,,1409.164,1207.979,
227636.455,,1408.661,1203.841,
227703.117,,1410.205,1203.431,
227769.775,,1404.065,1201.392,
227836.431,,1408.460,1206.211,
227903.091,,1405.552,1204.179,
227969.743,,1402.126,1197.502,
228036.404,,1399.636,1192.958,
228103.065,,1402.036,1194.976,
228169.718,,1396.929,1190.683,
228236.379,,1400.727,1187.715,
228303.034,,1395.561,1186.836,
228369.697,,1403.724,1186.110,
228436.349,,1396.127,1181.703,
228503.010,,1400.960,1180.380,
228569.669,,1401.043,1181.402,
228636.325,,1401.606,1186.212,
228702.985,,1406.284,1187.354,
228769.642,,1403.413,1193.980,
228836.298,,1395.993,1192.750,
228902.959,,1400.501,1191.296,
228969.614,,1401.658,1191.455,
229036.274,,1396.125,1197.599,
229102.932,,1392.851,1191.845,
229169.585,,1395.397,1195.724,
229236.245,,1395.810,1192.771,
229302.906,,1372.518,1196.200,
229369.559,,1418.604,1200.775,
229436.217,,1411.190,1195.804,
229502.875,,1378.128,1187.872,
229569.536,,1407.005,1195.726,
229636.196,,1403.739,1198.983,
229702.849,,1405.504,1201.427,
229769.512,,1411.941,1200.817,
229836.169,,1406.897,1196.795,
229902.827,,1400.213,1196.451,
229969.479,,1404.058,1195.942,
230036.140,,1401.056,1197.533,
230102.799,,1399.299,1193.573,
230169.453,,1398.965,1192.141,
230236.110,,1396.058,1194.708,
230302.773,,1399.300,1191.010,
230369.426,,1398.120,1193.450,
230436.089,,1408.498,1192.918,
230502.741,,1389.040,1185.777,
230569.405,,1393.802,1182.176,
230636.063,,1392.182,1182.553,
230702.722,,1398.373,1185.086,
230769.374,,1397.419,1191.560,
230836.037,,1399.890,1190.618,
230902.694,,1406.037,1189.151,
230969.350,,1403.370,1196.628,
231036.004,,1403.308,1195.728,
231102.663,,1403.346,1192.375,
231169.321,,1394.469,1189.014,
231235.981,,1388.739,1189.780,
231302.641,,1397.359,1190.765,
231369.294,,1401.248,1188.753,
231435.958,,1389.464,1192.528,
231502.609,,1397.159,1191.593,
231569.273,,1392.990,1195.889,
231635.927,,1416.888,1196.610,
231702.585,,1401.529,1191.616,
231769.242,,1398.478,1193.540,
231835.902,,1406.095,1194.815,
231902.557,,1403.054,1196.770,
231969.216,,1404.828,1193.282,
232035.878,,1409.802,1191.118,
232102.533,,1399.002,1187.230,
232169.188,,1396.959,1185.165,
232235.849,,1397.130,1179.663,
232302.510,,1391.667,1183.372,
232369.166,,1387.986,1194.791,
232435.820,,1395.511,1194.472,
232502.484,,1396.818,1196.230,
232569.140,,1397.273,1194.845,
232635.796,,1397.244,1194.154,
232702.456,,1397.758,1192.517,
232769.111,,1395.588,1194.639,
232835.770,,1399.400,1187.888,
232902.430,,1425.077,1200.699,
232969.088,,1420.597,1192.823,
233035.745,,1414.030,1189.285,
233102.405,,1414.680,1187.699,
233169.060,,1414.014,1186.410,
233235.716,,1394.952,1182.717,
233302.379,,1402.184,1181.857,
233369.035,,1395.292,1181.807,
233435.691,,1394.714,1180.653,
233502.353,,1400.564,1180.927,
233569.007,,1403.544,1180.427,
233635.668,,1400.447,1175.411,
233702.323,,1394.303,1174.880,
233768.983,,1396.323,1177.709,
233835.643,,1404.019,1168.860,
233902.301,,1391.188,1173.229,
233968.956,,1391.167,1176.300,
234035.615,,1394.977,1173.868,
234102.271,,1393.023,1174.102,
234168.927,,1388.095,1178.524,
234235.590,,1385.255,1179.385,
234302.244,,1392.556,1179.958,
234368.905,,1390.650,1182.845,
234435.561,,1398.785,1179.846,
234502.217,,1399.217,1181.944,
234568.877,,1407.550,1181.435,
234635.538,,1404.641,1175.447,
234702.190,,1399.074,1175.922,
234768.852,,1398.235,1173.744,
234835.512,,1396.294,1174.405,
234902.170,,1394.300,1177.443,
234968.825,,1395.374,1174.897,
235035.483,,1397.829,1178.319,
235102.141,,1402.500,1180.738,
235168.801,,1402.022,1182.321,
235235.456,,1408.218,1181.920,
235302.114,,1408.791,1182.619,
235368.771,,1408.420,1182.187,
235435.428,,1404.901,1178.784,
235502.089,,1399.795,1179.303,
235568.745,,1403.990,1183.476,
235635.403,,1400.695,1181.681,
235702.066,,1401.151,1181.960,
235768.721,,1405.775,1183.821,
235835.378,,1400.002,1179.929,
235902.035,,1391.880,1178.035,
235968.697,,1392.095,1175.145,
236035.351,,1398.835,1176.235,
236102.013,,1395.347,1173.641,
236168.667,,1397.779,1170.652,
236235.327,,1397.957,1169.841,
236301.983,,1389.507,1168.694,
236368.639,,1396.566,1172.194,
236435.303,,1397.370,1175.797,
236501.956,,1396.774,1174.141,
236568.614,,1401.200,1171.407,
236635.275,,1399.012,1169.907,
236701.935,,1395.518,1164.508,
236768.587,,1391.687,1163.762,
236835.247,,1391.624,1166.524,
236901.909,,1394.315,1168.690,
236968.567,,1396.768,1168.131,
237035.220,,1401.592,1170.791,
237101.877,,1401.894,1168.848,
237168.538,,1398.365,1167.071,
237235.198,,1394.520,1169.004,
237301.853,,1394.262,1167.417,
237368.508,,1394.309,1165.109,
237435.171,,1392.475,1164.021,
237501.827,,1385.202,1167.480,
237568.486,,1381.524,1170.669,
237635.142,,1390.095,1174.954,
237701.801,,1394.495,1171.530,
237768.457,,1389.225,1174.435,
237835.114,,1377.366,1174.148,
237901.777,,1388.325,1177.235,
237968.436,,1394.175,1176.006,
238035.094,,1387.833,1179.438,
238101.746,,1389.034,1175.123,
238168.405,,1380.398,1173.781,
238235.062,,1379.575,1177.059,
238301.722,,1383.151,1185.541,
238368.379,,1389.047,1198.680,
238435.041,,1396.360,1203.797,
238501.699,,1394.582,1210.170,
238568.356,,1392.852,1209.247,
238635.014,,1393.705,1214.016,
238701.671,,1391.834,1210.756,
238768.331,,1398.597,1207.626,
238834.988,,1393.394,1210.422,
238901.647,,1399.937,1206.149,
238968.305,,1401.080,1204.466,
239034.958,,1394.951,1195.183,
239101.620,,1407.803,1189.134,
239168.279,,1387.343,1196.234,
239234.936,,1386.321,1191.436,
239301.594,,1392.992,1189.189,
239368.250,,1376.674,1184.703,
239434.909,,1387.697,1188.676,
239501.565,,1393.321,1186.564,
239568.222,,1391.241,1186.697,
239634.884,,1390.828,1183.528,
239701.538,,1390.210,1181.342,
239768.197,,1388.132,1180.317,
239834.853,,1386.644,1174.460,
239901.512,,1388.971,1182.409,
239968.171,,1393.175,1182.791,
240034.826,,1394.428,1180.284,
240101.486,,1391.262,1186.667,
240168.142,,1393.766,1186.552,
240234.800,,1395.686,1190.961,
240301.457,,1398.083,1193.242,
240368.118,,1395.632,1191.947,
240434.773,,1396.860,1190.692,
240501.433,,1398.787,1192.120,
240568.087,,1398.240,1193.035,
240634.746,,1394.743,1192.288,
240701.400,,1394.253,1191.359,
240768.057,,1394.916,1188.669,
240834.714,,1393.915,1186.990,
240901.377,,1391.924,1187.081,
240968.035,,1397.149,1187.900,
241034.687,,1397.605,1187.710,
241101.348,,1396.930,1185.478,
241168.003,,1397.221,1181.376,
241234.658,,1397.759,1181.652,
241301.317,,1391.266,1189.319,
241367.973,,1398.783,1206.736,
241434.631,,1399.314,1206.401,
241501.288,,1392.572,1206.263,
241567.948,,1393.754,1206.368,
241634.608,,1396.440,1201.858,
241701.266,,1384.904,1196.099,
241767.919,,1391.825,1194.972,
241834.575,,1392.381,1196.949,
241901.233,,1404.019,1201.847,
241967.891,,1407.828,1203.406,
242034.547,,1413.569,1201.650,
242101.209,,1415.415,1199.744,
242167.861,,1412.375,1197.520,
242234.521,,1414.591,1199.612,
242301.182,,1413.618,1197.050,
242367.834,,1411.366,1194.990,
242434.493,,1408.867,1198.744,
242501.151,,1411.148,1199.537,
242567.810,,1413.700,1207.653,
242634.466,,1400.087,1214.173,
242701.126,,1383.918,1213.992,
242767.782,,1384.030,1214.928,
242834.441,,1393.121,1220.668,
242901.093,,1399.530,1220.480,
242967.749,,1402.534,1223.923,
243034.407,,1405.838,1224.152,
243101.064,,1401.474,1224.803,
243167.723,,1404.182,1224.982,
243234.383,,1400.484,1212.156,
243301.039,,1384.795,1208.014,
243367.696,,1385.801,1206.977,
243434.353,,1387.503,1206.725,
243501.010,,1388.756,1207.516,
243567.668,,1396.431,1207.575,
243634.324,,1401.491,1202.605,
243700.981,,1402.147,1203.513,
243767.640,,1399.179,1215.850,
243834.300,,1397.897,1247.587,
243900.957,,1401.030,1263.830,
243967.613,,1398.131,1267.452,
244034.270,,1399.133,1272.012,
244100.928,,1398.480,1284.195,
244167.585,,1393.954,1316.073,
244234.243,,1396.166,1318.106,
244300.902,,1395.916,1319.979,
244367.559,,1390.586,1324.112,
244434.207,,1389.429,1325.782,
244500.874,,1391.724,1333.773,
244567.527,,1386.901,1340.666,
244634.183,,1378.355,1342.162,
244700.844,,1382.765,1335.587,
244767.499,,1392.930,1330.589,
244834.157,,1384.959,1327.429,
244900.817,,1383.586,1322.785,
244967.474,,1391.042,1315.674,
245034.131,,1388.621,1313.305,
245100.789,,1381.139,1311.060,
245167.446,,1379.878,1297.832,
245234.101,,1382.670,1295.972,
245300.762,,1377.006,1302.155,
245367.417,,1377.807,1308.456,
245434.073,,1377.519,1309.307,
245500.734,,1386.105,1311.946,
245567.390,,1379.464,1313.107,
245634.048,,1379.449,1309.111,
245700.707,,1378.219,1303.619,
245767.361,,1385.353,1302.683,
245834.019,,1373.843,1303.425,
245900.674,,1374.992,1296.370,
245967.332,,1379.967,1287.304,
246033.991,,1378.015,1282.466,
246100.650,,1375.145,1278.258,
246167.308,,1382.580,1274.283,
246233.965,,1386.119,1278.266,
246300.618,,1388.251,1281.098,
246367.276,,1392.676,1288.252,
246433.935,,1394.802,1286.864,
246500.591,,1391.481,1285.959,
246567.249,,1392.445,1279.551,
246633.910,,1395.672,1271.728,
246700.562,,1395.531,1268.628,
246767.220,,1393.475,1260.090,
246833.877,,1396.282,1262.070,
246900.536,,1393.784,1259.460,
246967.194,,1391.109,1242.847,
247033.849,,1394.369,1243.776,
247100.506,,1390.996,1238.473,
247167.169,,1397.485,1234.705,
247233.823,,1397.607,1232.210,
247300.481,,1400.117,1230.917,
247367.138,,1406.462,1228.246,
247433.796,,1402.526,1226.345,
247500.454,,1402.759,1221.476,
247567.112,,1402.471,1219.075,
247633.767,,1409.014,1219.439,
247700.426,,1411.301,1217.065,
247767.080,,1416.444,1214.847,
247833.742,,1407.534,1209.566,
247900.394,,1401.846,1207.182,
247967.059,,1403.603,1205.369,
248033.714,,1405.308,1202.021,
248100.374,,1401.738,1200.525,
248167.034,,1400.465,1202.239,
248233.693,,1400.561,1194.948,
248300.355,,1395.221,1197.500,
248367.016,,1399.505,1198.071,
248433.672,,1393.446,1198.872,
248500.335,,1396.164,1202.342,
248566.990,,1405.709,1208.021,
248633.655,,1412.418,1210.122,
248700.311,,1410.946,1209.651,
248766.975,,1409.864,1214.068,
248833.634,,1404.249,1213.894,
248900.293,,1399.324,1211.231,
248966.953,,1404.327,1208.846,
249033.608,,1402.901,1207.687,
249100.270,,1413.678,1204.096,
249166.933,,1405.804,1198.141,
249233.591,,1393.732,1196.115,
249300.248,,1393.337,1201.580,
249366.908,,1393.945,1201.886,
249433.571,,1399.037,1202.789,
249500.227,,1400.165,1199.199,
249566.886,,1398.043,1192.508,
249633.546,,1391.618,1194.437,
249700.209,,1394.268,1191.949,
249766.867,,1398.458,1197.177,
249833.527,,1397.745,1198.649,
249900.184,,1392.802,1194.976,
249966.847,,1392.349,1192.185,
250033.502,,1390.453,1185.065,
250100.164,,1386.866,1184.812,
250166.824,,1388.256,1187.585,
250233.481,,1391.419,1188.172,
250300.147,,1393.786,1184.373,
250366.804,,1396.186,1187.563,
250433.463,,1401.309,1186.070,
250500.122,,1401.563,1185.101,
250566.783,,1400.907,1181.108,
250633.441,,1398.153,1180.637,
250700.099,,1393.185,1177.986,
250766.763,,1392.769,1178.429,
250833.421,,1392.756,1173.943,
250900.082,,1392.743,1173.419,
250966.739,,1403.291,1180.497,
251033.402,,1406.820,1178.346,
251100.057,,1395.519,1173.169,
251166.721,,1392.331,1171.210,
251233.380,,1391.479,1167.421,
251300.036,,1386.231,1167.685,
251366.696,,1385.178,1167.012,
251433.362,,1386.532,1168.544,
251500.018,,1382.319,1170.194,
251566.674,,1379.734,1171.256,
251633.336,,1385.339,1172.609,
251699.996,,1389.210,1176.469,
251766.655,,1384.117,1182.362,
251833.316,,1384.729,1182.812,
251899.974,,1387.878,1183.513,
251966.639,,1391.141,1184.046,
252033.295,,1391.595,1185.471,
252099.954,,1390.615,1186.981,
252166.611,,1392.743,1194.814,
252233.273,,1387.767,1191.923,
252299.933,,1379.053,1200.151,
252366.592,,1380.046,1199.692,
252433.252,,1384.250,1200.431,
252499.913,,1385.033,1205.022,
252566.571,,1383.242,1203.471,
252633.229,,1383.763,1202.180,
252699.893,,1384.791,1203.487,
252766.549,,1383.937,1198.150,
252833.209,,1382.817,1194.014,
252899.871,,1381.740,1196.988,
252966.533,,1383.034,1190.319,
253033.188,,1388.676,1189.878,
253099.848,,1386.218,1192.884,
253166.512,,1392.531,1185.757,
253233.171,,1389.028,1184.143,
253299.832,,1392.157,1182.679,
253366.486,,1388.142,1185.250,
253433.148,,1386.235,1181.660,
253499.806,,1384.916,1181.658,
253566.466,,1389.204,1178.124,
253633.125,,1393.659,1177.517,
253699.786,,1394.858,1177.328,
253766.445,,1393.833,1178.358,
253833.110,,1393.184,1174.888,
253899.770,,1390.176,1176.487,
253966.430,,1391.984,1178.541,
254033.084,,1389.449,1177.827,
254099.745,,1391.663,1179.661,
254166.404,,1393.434,1178.222,
254233.064,,1391.300,1179.585,
254299.724,,1392.029,1179.245,
254366.382,,1393.342,1177.709,
254433.045,,1391.194,1179.624,
254499.707,,1392.511,1177.391,
254566.361,,1393.489,1177.969,
254633.023,,1399.559,1173.033,
254699.684,,1394.295,1176.375,
254766.346,,1395.394,1175.946,
254833.005,,1396.559,1175.155,
254899.665,,1402.182,1175.429,
254966.321,,1402.609,1177.239,
255032.985,,1402.589,1174.602,
255099.638,,1405.836,1178.144,
255166.303,,1406.100,1179.198,
255232.960,,1404.993,1175.206,
255299.624,,1406.670,1171.774,
255366.281,,1407.511,1175.935,
255432.937,,1399.073,1174.604,
255499.599,,1411.383,1171.995,
255566.262,,1403.063,1177.376,
255632.923,,1399.808,1182.923,
255699.581,,1406.785,1186.500,
255766.236,,1413.964,1197.800,
255832.901,,1408.122,1211.953,
255899.558,,1406.900,1224.924,
255966.213,,1413.505,1225.948,
256032.872,,1409.640,1241.423,
256099.532,,1406.473,1285.369,
256166.188,,1398.567,1293.940,
256232.847,,1399.153,1304.241,
256299.501,,1395.517,1315.510,
256366.156,,1389.761,1324.402,
256432.814,,1388.691,1322.469,
256499.474,,1398.185,1318.305,
256566.126,,1396.233,1319.087,
256632.783,,1385.139,1308.078,
256699.444,,1387.554,1309.224,
256766.102,,1380.856,1307.850,
256832.758,,1391.159,1298.956,
256899.410,,1394.568,1297.708,
256966.071,,1392.784,1295.134,
257032.726,,1389.861,1288.348,
257099.382,,1395.752,1283.568,
257166.042,,1391.529,1283.667,
257232.696,,1395.886,1279.852,
257299.354,,1400.574,1273.259,
257366.010,,1400.113,1268.382,
257432.666,,1390.070,1264.530,
257499.330,,1399.529,1260.727,
257565.985,,1400.467,1256.610,
257632.643,,1400.715,1267.315,
257699.298,,1392.341,1271.590,
257765.958,,1395.483,1282.211,
257832.613,,1394.374,1290.785,
257899.265,,1394.677,1299.137,
257965.922,,1394.709,1290.561,
258032.582,,1403.021,1288.486,
258099.236,,1389.536,1280.971,
258165.899,,1392.941,1279.758,
258232.552,,1403.310,1271.617,
258299.209,,1399.139,1272.588,
258365.869,,1395.581,1266.241,
258432.522,,1401.143,1260.179,
258499.184,,1401.788,1261.670,
258565.839,,1398.450,1257.541,
258632.492,,1396.922,1252.577,
258699.148,,1399.897,1249.997,
258765.807,,1399.585,1247.577,
258832.464,,1399.496,1242.997,
258899.124,,1403.408,1239.241,
258965.778,,1396.479,1245.657,
259032.434,,1402.281,1244.201,
259099.096,,1404.522,1243.233,
259165.752,,1404.114,1240.277,
259232.407,,1401.797,1237.287,
259299.064,,1402.848,1237.216,
259365.724,,1401.126,1242.018,
259432.376,,1407.771,1233.628,
259499.034,,1405.807,1233.619,
259565.692,,1399.539,1232.253,
259632.352,,1400.970,1231.663,
259699.006,,1407.489,1232.908,
259765.661,,1404.902,1229.368,
259832.322,,1409.118,1226.510,
259898.977,,1409.279,1226.699,
259965.632,,1408.061,1223.546,
260032.293,,1406.487,1221.710,
260098.949,,1403.051,1223.010,
260165.603,,1401.651,1221.278,
260232.263,,1406.263,1219.241,
260298.917,,1406.222,1220.767,
260365.579,,1408.574,1216.620,
260432.236,,1408.608,1217.001,
260498.892,,1408.706,1215.761,
260565.544,,1412.092,1227.010,
260632.205,,1409.602,1240.457,
260698.858,,1410.501,1244.061,
260765.520,,1407.643,1244.152,
260832.176,,1408.448,1238.262,
260898.828,,1402.410,1239.027,
260965.487,,1410.153,1232.863,
261032.147,,1407.530,1237.493,
261098.799,,1401.700,1233.541,
261165.456,,1404.234,1230.558,
261232.117,,1398.778,1228.086,
261298.772,,1405.663,1224.838,
261365.427,,1401.130,1220.727,
261432.090,,1399.956,1221.608,
261498.744,,1402.579,1220.961,
261565.401,,1401.256,1220.541,
261632.054,,1403.341,1220.737,
261698.717,,1408.066,1218.087,
261765.372,,1402.603,1213.827,
261832.027,,1399.496,1212.815,
261898.682,,1400.460,1214.821,
261965.342,,1394.143,1215.120,
262031.996,,1395.972,1210.301,
262098.653,,1405.031,1209.032,
262165.315,,1400.044,1210.030,
262231.969,,1400.623,1210.364,
262298.627,,1401.681,1207.243,
262365.286,,1410.740,1207.622,
262431.939,,1403.952,1206.723,
262498.596,,1404.692,1198.768,
262565.254,,1403.479,1198.132,
262631.913,,1398.248,1198.493,
262698.568,,1398.926,1195.070,
262765.225,,1402.764,1193.096,
262831.881,,1399.882,1190.680,
262898.539,,1402.361,1188.908,
262965.195,,1405.032,1191.486,
263031.850,,1404.309,1192.078,
263098.509,,1407.927,1192.782,
263165.170,,1405.294,1191.901,
263231.823,,1402.089,1191.015,
263298.479,,1404.989,1195.875,
263365.140,,1399.769,1200.635,
263431.792,,1397.743,1214.953,
263498.452,,1401.365,1225.817,
263565.106,,1403.774,1236.838,
263631.763,,1402.597,1253.730,
263698.422,,1402.557,1252.054,
263765.081,,1404.646,1249.055,
263831.733,,1400.300,1246.559,
263898.391,,1401.403,1245.210,
263965.054,,1399.652,1245.403,
264031.712,,1396.592,1240.952,
264098.367,,1403.743,1237.633,
264165.026,,1399.141,1233.439,
264231.687,,1400.438,1226.749,
264298.343,,1398.477,1223.711,
264365.002,,1397.565,1223.031,
264431.656,,1398.777,1222.138,
264498.314,,1398.958,1219.206,
264564.975,,1399.394,1215.398,
264631.631,,1397.917,1210.664,
264698.294,,1396.251,1207.867,
264764.948,,1396.948,1207.170,
264831.609,,1395.571,1203.968,
264898.265,,1396.120,1203.248,
264964.924,,1397.659,1199.907,
265031.584,,1396.363,1195.493,
265098.243,,1396.392,1191.186,
265164.900,,1398.086,1192.951,
265231.559,,1397.373,1192.320,
265298.218,,1399.726,1192.264,
265364.871,,1398.374,1196.386,
265431.531,,1396.352,1197.778,
265498.190,,1399.402,1199.719,
265564.847,,1398.626,1193.586,
265631.506,,1396.705,1195.713,
265698.163,,1390.855,1197.438,
265764.825,,1392.694,1197.587,
265831.483,,1399.405,1197.467,
265898.141,,1400.951,1197.840,
265964.801,,1404.400,1196.889,
266031.453,,1396.497,1202.332,
266098.112,,1396.670,1199.691,
266164.770,,1400.765,1199.425,
266231.429,,1392.480,1199.531,
266298.090,,1393.722,1197.416,
266364.747,,1400.377,1195.603,
266431.404,,1399.078,1197.288,
266498.067,,1394.379,1193.465,
266564.726,,1398.715,1195.996,
266631.380,,1395.915,1206.287,
266698.039,,1392.162,1215.434,
266764.696,,1392.728,1212.931,
266831.355,,1396.944,1209.651,
266898.010,,1395.257,1211.533,
266964.670,,1400.441,1209.230,
267031.329,,1402.386,1204.973,
267097.989,,1397.373,1207.273,
267164.648,,1395.937,1200.716,
267231.305,,1393.391,1202.789,
267297.963,,1394.825,1201.532,
267364.625,,1404.608,1201.121,
267431.283,,1399.012,1200.537,
267497.936,,1401.851,1197.589,
267564.597,,1398.681,1198.651,
267631.256,,1401.120,1201.359,
267697.910,,1403.760,1201.637,
267764.571,,1406.385,1203.330,
267831.231,,1407.900,1204.831,
267897.888,,1404.584,1203.762,
267964.544,,1403.789,1205.312,
268031.204,,1411.063,1206.992,
268097.865,,1401.896,1209.723,
268164.519,,1409.418,1210.562,
268231.175,,1404.526,1208.826,
268297.833,,1404.791,1210.675,
268364.494,,1404.291,1214.461,
268431.155,,1404.668,1219.250,
268497.815,,1408.587,1228.388,
268564.466,,1408.283,1243.839,
268631.128,,1410.558,1300.629,
268697.783,,1405.683,1350.151,
268764.445,,1402.344,1375.472,
268831.105,,1400.802,1383.598,
268897.763,,1399.480,1373.021,
268964.422,,1398.092,1372.297,
269031.076,,1404.561,1368.484,
269097.737,,1403.743,1365.178,
269164.393,,1403.154,1357.046,
269231.049,,1406.470,1352.261,
269297.710,,1406.727,1345.793,
269364.365,,1402.067,1332.697,
269431.026,,1394.655,1322.776,
269497.687,,1392.877,1304.112,
269564.343,,1399.002,1302.699,
269631.001,,1393.174,1296.570,
269697.659,,1405.089,1289.574,
269764.321,,1413.572,1286.370,
269830.978,,1406.174,1278.403,
269897.634,,1404.851,1272.290,
269964.294,,1402.277,1268.893,
270030.950,,1403.345,1263.267,
270097.609,,1407.239,1259.425,
270164.270,,1405.099,1254.630,
270230.929,,1401.281,1249.425,
270297.581,,1399.947,1245.767,
270364.240,,1403.556,1241.563,
270430.900,,1403.757,1238.274,
270497.557,,1406.240,1237.746,
270564.218,,1407.805,1231.623,
270630.877,,1406.810,1230.404,
270697.532,,1407.756,1228.354,
270764.192,,1405.130,1225.110,
270830.850,,1402.940,1221.829,
270897.511,,1398.767,1221.885,
270964.169,,1401.237,1216.555,
271030.821,,1392.761,1214.101,
271097.486,,1403.836,1214.151,
271164.142,,1402.459,1208.376,
271230.802,,1395.678,1202.326,
271297.457,,1397.689,1203.816,
271364.116,,1401.644,1199.725,
271430.777,,1404.259,1199.401,
271497.429,,1407.733,1197.607,
271564.091,,1402.221,1197.071,
271630.747,,1398.290,1191.102,
271697.409,,1401.907,1196.716,
271764.065,,1399.495,1190.635,
271830.722,,1404.276,1191.554,
271897.383,,1399.055,1189.410,
271964.038,,1401.474,1190.644,
272030.696,,1414.715,1189.881,
272097.354,,1407.177,1188.108,
272164.013,,1400.870,1188.571,
272230.671,,1405.575,1183.879,
272297.326,,1407.430,1192.198,
272363.987,,1405.322,1191.274,
272430.647,,1407.214,1189.315,
272497.305,,1406.039,1192.115,
272563.959,,1405.765,1190.982,
272630.618,,1408.384,1192.195,
272697.276,,1409.633,1196.443,
272763.937,,1410.837,1196.081,
272830.590,,1410.327,1193.536,
272897.249,,1406.144,1192.428,
272963.909,,1407.591,1192.278,
273030.569,,1407.242,1189.823,
273097.221,,1405.915,1189.907,
273163.881,,1406.640,1187.270,
273230.539,,1407.853,1187.452,
273297.197,,1407.928,1185.173,
273363.854,,1404.153,1180.367,
273430.514,,1398.878,1181.357,
273497.173,,1391.360,1178.365,
273563.832,,1398.291,1176.516,
273630.486,,1398.863,1179.904,
273697.149,,1397.805,1183.956,
273763.804,,1399.143,1183.791,
273830.460,,1399.034,1183.261,
273897.117,,1402.947,1183.187,
273963.781,,1403.825,1186.245,
274030.433,,1397.964,1184.656,
274097.094,,1395.296,1185.147,
274163.752,,1399.044,1184.376,
274230.410,,1399.410,1186.696,
274297.067,,1405.970,1189.286,
274363.727,,1403.183,1190.146,
274430.382,,1398.903,1188.977,
274497.042,,1400.606,1186.926,
274563.700,,1403.481,1188.674,
274630.356,,1400.412,1189.059,
274697.013,,1398.729,1187.448,
274763.676,,1395.995,1185.776,
274830.333,,1392.677,1190.809,
274896.989,,1406.093,1187.675,
274963.650,,1399.932,1187.324,
275030.302,,1402.787,1184.260,
275096.962,,1400.672,1184.706,
275163.621,,1402.518,1183.591,
275230.281,,1397.800,1186.037,
275296.937,,1387.485,1179.073,
275363.594,,1383.376,1172.289,
275430.252,,1373.926,1176.434,
275496.909,,1398.648,1188.154,
275563.570,,1400.914,1190.624,
275630.224,,1405.235,1192.935,
275696.886,,1408.742,1193.716,
275763.541,,1403.863,1187.310,
275830.199,,1402.996,1187.157,
275896.857,,1405.681,1178.184,
275963.517,,1393.556,1181.445,
276030.172,,1405.008,1180.572,
276096.834,,1406.289,1181.182,
276163.492,,1406.707,1177.697,
276230.145,,1398.310,1179.073,
276296.808,,1401.762,1179.535,
276363.467,,1404.801,1175.892,
276430.124,,1397.705,1176.023,
276496.779,,1396.926,1171.523,
276563.437,,1391.984,1168.151,
276630.094,,1392.544,1171.595,
276696.753,,1396.772,1172.764,
276763.409,,1393.380,1172.468,
276830.068,,1386.428,1164.123,
276896.728,,1395.883,1171.290,
276963.387,,1392.015,1166.554,
277030.047,,1393.910,1169.480,
277096.700,,1396.451,1171.227,
277163.363,,1388.181,1169.389,
277230.014,,1388.426,1170.485,
277296.677,,1397.128,1165.235,
277363.331,,1396.097,1170.102,
277429.990,,1397.649,1170.040,
277496.646,,1401.363,1163.403,
277563.311,,1392.575,1165.495,
277629.968,,1397.030,1164.698,
277696.620,,1403.844,1163.489,
277763.279,,1399.475,1162.370,
277829.936,,1394.782,1160.577,
277896.599,,1398.474,1160.542,
277963.255,,1398.519,1160.376,
278029.916,,1398.332,1162.068,
278096.571,,1398.123,1162.944,
278163.232,,1405.857,1166.283,
278229.885,,1402.213,1172.027,
278296.546,,1406.229,1173.745,
278363.200,,1408.907,1178.348,
278429.864,,1401.500,1173.441,
278496.517,,1390.563,1169.063,
278563.175,,1392.464,1167.603,
278629.837,,1387.414,1172.575,
278696.490,,1389.991,1169.979,
278763.147,,1397.012,1168.995,
278829.806,,1387.886,1168.280,
278896.466,,1392.301,1166.001,
278963.122,,1390.943,1166.941,
279029.784,,1394.132,1168.973,
279096.443,,1400.815,1165.111,
279163.101,,1397.525,1167.589,
279229.755,,1392.159,1167.579,
279296.416,,1398.313,1163.086,
279363.069,,1391.949,1162.983,
279429.732,,1390.050,1161.584,
279496.387,,1388.826,1160.885,
279563.048,,1397.766,1159.067,
279629.707,,1397.392,1160.590,
279696.362,,1395.431,1159.866,
279763.017,,1395.187,1158.048,
279829.675,,1393.650,1157.376,
279896.333,,1388.402,1160.321,
279962.991,,1384.208,1161.767,
280029.649,,1382.186,1162.897,
280096.311,,1386.115,1163.129,
280162.966,,1391.088,1166.725,
280229.625,,1397.803,1167.028,
280296.280,,1394.380,1173.180,
280362.941,,1389.602,1169.923,
280429.597,,1394.084,1177.985,
280496.260,,1401.508,1181.595,
280562.911,,1403.245,1182.665,
280629.573,,1404.111,1183.880,
280696.227,,1404.467,1182.252,
280762.888,,1402.700,1177.448,
280829.543,,1399.682,1179.341,
280896.202,,1399.508,1182.138,
280962.863,,1398.489,1198.570,
281029.521,,1397.676,1226.354,
281096.178,,1396.968,1236.720,
281162.836,,1404.634,1233.024,
281229.490,,1403.750,1231.661,
281296.148,,1399.319,1226.190,
281362.811,,1406.662,1222.286,
281429.468,,1403.828,1218.773,
281496.125,,1407.255,1212.328,
281562.786,,1406.254,1211.210,
281629.440,,1399.779,1205.894,
281696.096,,1402.877,1201.131,
281762.754,,1394.103,1203.546,
281829.410,,1393.741,1199.679,
281896.075,,1398.923,1198.010,
281962.728,,1395.429,1200.041,
282029.390,,1393.427,1195.370,
282096.048,,1400.387,1195.537,
282162.703,,1394.367,1199.796,
282229.358,,1398.438,1193.679,
282296.021,,1388.599,1190.958,
282362.675,,1386.161,1191.643,
282429.334,,1381.379,1190.929,
282495.990,,1380.013,1187.680,
282562.649,,1388.303,1188.646,
282629.309,,1385.330,1193.020,
282695.969,,1387.083,1192.358,
282762.624,,1389.527,1191.717,
282829.280,,1387.189,1190.062,
282895.937,,1394.496,1195.609,
282962.598,,1397.237,1195.991,
283029.254,,1390.099,1197.099,
283095.916,,1389.189,1200.663,
283162.574,,1396.500,1207.582,
283229.230,,1400.510,1213.495,
283295.884,,1401.423,1214.481,
283362.544,,1397.627,1216.997,
283429.199,,1397.304,1221.857,
283495.859,,1393.489,1221.457,
283562.516,,1393.989,1218.948,
283629.176,,1389.503,1217.881,
283695.836,,1392.512,1217.688,
283762.490,,1396.024,1222.165,
283829.150,,1395.444,1224.910,
283895.805,,1388.368,1223.206,
283962.466,,1381.949,1226.980,
284029.126,,1388.564,1227.011,
284095.783,,1388.146,1222.129,
284162.441,,1397.617,1220.601,
284229.097,,1395.826,1226.496,
284295.755,,1389.134,1219.846,
284362.411,,1393.803,1216.771,
284429.073,,1388.590,1218.077,
284495.724,,1388.042,1213.270,
284562.387,,1391.820,1209.830,
284629.047,,1395.398,1212.013,
284695.703,,1393.739,1207.656,
284762.358,,1398.234,1208.257,
284829.016,,1395.368,1208.685,
284895.672,,1392.543,1209.957,
284962.336,,1399.183,1208.029,
285028.993,,1397.470,1204.198,
285095.652,,1396.217,1198.391,
285162.309,,1397.717,1195.463,
285228.966,,1398.005,1191.016,
285295.625,,1399.808,1192.303,
285362.282,,1404.063,1186.426,
285428.937,,1396.422,1185.928,
285495.594,,1406.321,1185.255,
285562.256,,1413.055,1181.770,
285628.909,,1400.695,1181.179,
285695.569,,1407.869,1178.524,
285762.229,,1401.238,1180.323,
285828.884,,1396.793,1178.593,
285895.543,,1399.369,1185.384,
285962.202,,1403.796,1186.083,
286028.860,,1402.502,1190.997,
286095.516,,1395.796,1188.134,
286162.173,,1389.611,1192.030,
286228.832,,1388.574,1199.891,
286295.492,,1392.884,1207.899,
286362.151,,1392.089,1202.804,
286428.809,,1393.855,1201.814,
286495.460,,1396.156,1199.377,
286562.125,,1399.374,1202.346,
286628.777,,1401.711,1201.357,
286695.437,,1395.495,1201.817,
286762.097,Input1*2*0,1399.751,1201.415,
286828.753,Input1*2*1,1398.768,1202.813,
286895.408,,1399.133,1200.489,
286962.068,,1401.248,1197.859,
287028.725,,1400.862,1198.084,
287095.383,,1400.117,1204.486,
287162.044,,1402.302,1201.259,
287228.697,,1399.145,1199.212,
287295.355,,1397.500,1198.015,
287362.013,,1392.304,1194.804,
287428.676,,1391.532,1192.327,
287495.334,,1392.818,1189.789,
287561.992,,1397.042,1186.754,
287628.649,,1387.549,1193.198,
287695.307,,1392.795,1191.545,
287761.963,,1391.435,1192.124,
287828.622,,1391.438,1191.444,
287895.277,,1394.558,1190.515,
287961.935,,1397.875,1195.615,
288028.592,,1401.251,1199.823,
288095.255,,1398.939,1199.987,
288161.909,,1405.008,1201.368,
288228.568,,1400.070,1211.317,
288295.230,,1389.449,1212.729,
288361.887,,1391.955,1213.077,
288428.548,,1390.389,1209.998,
288495.200,,1400.716,1208.517,
288561.863,,1394.622,1205.860,
288628.522,,1391.678,1202.198,
288695.178,,1393.598,1200.518,
288761.838,,1388.669,1196.951,
288828.495,,1404.845,1198.269,
288895.152,,1375.065,1190.761,
288961.813,,1396.096,1182.215,
289028.466,,1387.953,1188.724,
289095.127,,1395.371,1187.786,
289161.788,,1393.302,1186.670,
289228.443,,1378.113,1179.112,
289295.103,,1398.091,1184.062,
289361.757,,1401.433,1184.811,
289428.416,,1401.068,1185.368,
289495.076,,1400.804,1183.743,
289561.734,,1400.580,1181.032,
289628.393,,1401.273,1177.499,
289695.050,,1378.416,1178.440,
289761.706,,1398.983,1180.951,
289828.367,,1400.124,1178.478,
289895.029,,1404.506,1179.323,
289961.685,,1402.756,1176.252,
290028.340,,1396.943,1185.440,
290095.002,,1397.222,1191.786,
290161.661,,1395.886,1199.227,
290228.315,,1395.509,1202.650,
290294.974,,1390.430,1200.369,
290361.633,,1394.609,1196.681,
290428.291,,1398.834,1201.368,
290494.948,,1387.896,1199.074,
290561.611,,1393.723,1192.553,
290628.265,,1387.519,1187.763,
290694.922,,1386.118,1190.587,
290761.583,,1390.993,1189.086,
290828.243,,1391.481,1187.563,
290894.896,,1391.949,1186.715,
290961.561,,1391.024,1183.463,
291028.218,,1392.123,1181.959,
291094.877,,1394.994,1180.387,
291161.531,,1392.783,1179.812,
291228.193,,1389.226,1177.568,
291294.847,,1391.671,1174.113,
291361.506,,1386.147,1176.030,
291428.166,,1387.185,1170.100,
291494.826,,1384.209,1172.706,
291561.478,,1389.687,1170.892,
291628.140,,1387.386,1174.823,
291694.796,,1392.444,1173.719,
291761.458,,1395.698,1170.596,
291828.111,,1397.262,1174.527,
291894.772,,1392.449,1174.638,
291961.429,,1391.760,1166.375,
292028.090,,1377.124,1168.657,
292094.751,,1394.972,1175.661,
292161.405,,1391.373,1180.303,
292228.062,,1396.135,1183.648,
292294.721,,1398.238,1194.246,
292361.383,,1393.067,1200.746,
292428.042,,1396.611,1198.145,
292494.695,,1400.753,1197.792,
292561.358,,1402.240,1197.836,
292628.016,,1404.796,1194.638,
292694.672,,1403.841,1192.401,
292761.329,,1407.589,1188.543,
292827.987,,1392.218,1181.368,
292894.648,,1395.471,1187.038,
292961.306,,1399.844,1181.907,
293027.964,,1393.824,1177.544,
293094.623,,1390.566,1183.955,
293161.280,,1388.372,1186.734,
293227.936,,1403.008,1193.131,
293294.598,,1409.688,1192.679,
293361.254,,1409.171,1197.455,
293427.910,,1416.336,1199.262,
293494.569,,1412.950,1201.133,
293561.227,,1410.977,1202.867,
293627.885,,1416.043,1198.807,
293694.544,,1414.871,1194.124,
293761.201,,1403.699,1185.379,
293827.859,,1407.205,1182.801,
293894.519,,1400.120,1180.578,
293961.178,,1396.863,1176.733,
294027.834,,1396.014,1176.831,
294094.497,,1393.960,1168.072,
294161.150,,1369.655,1169.395,
294227.813,,1394.742,1173.363,
294294.470,,1399.215,1171.675,
294361.128,,1403.330,1176.444,
294427.787,,1402.088,1177.224,
294494.448,,1400.217,1173.526,
294561.105,,1399.251,1173.092,
294627.758,,1403.687,1174.848,
294694.421,,1401.809,1173.655,
294761.075,,1399.975,1173.964,
294827.739,,1396.800,1177.381,
294894.396,,1395.760,1186.668,
294961.050,,1391.924,1183.113,
295027.711,,1392.347,1183.105,
295094.369,,1395.344,1191.286,
295161.028,,1391.469,1201.131,
295227.683,,1387.340,1208.304,
295294.343,,1385.882,1213.751,
295361.004,,1386.016,1222.220,
295427.659,,1377.633,1235.500,
295494.318,,1384.714,1238.175,
295560.974,,1383.831,1236.948,
295627.637,,1383.363,1233.325,
295694.291,,1385.406,1233.372,
295760.952,,1386.187,1227.592,
295827.608,,1389.905,1224.307,
295894.270,,1390.978,1223.417,
295960.925,,1399.213,1222.103,
296027.586,,1384.407,1212.250,
296094.242,,1382.659,1211.760,
296160.897,,1390.268,1207.998,
296227.554,,1391.910,1207.416,
296294.213,,1394.762,1207.802,
296360.871,,1395.360,1205.463,
296427.524,,1398.854,1203.332,
296494.182,,1395.455,1202.635,
296560.840,,1398.123,1197.681,
296627.502,,1394.878,1199.347,
296694.159,,1394.150,1196.229,
296760.811,,1395.157,1194.382,
296827.474,,1391.782,1194.156,
296894.124,,1390.120,1192.085,
296960.787,,1394.398,1188.504,
297027.440,,1392.242,1184.322,
297094.097,,1385.500,1184.823,
297160.758,,1389.185,1191.664,
297227.417,,1390.175,1189.977,
297294.072,,1391.002,1189.447,
297360.731,,1395.465,1191.492,
297427.386,,1391.384,1195.703,
297494.042,,1395.990,1204.535,
297560.703,,1391.147,1213.836,
297627.362,,1391.635,1228.101,
297694.014,,1394.039,1228.832,
297760.674,,1396.815,1229.990,
297827.327,,1393.477,1232.697,
297893.985,,1392.792,1231.036,
297960.644,,1395.040,1234.621,
298027.303,,1395.278,1222.968,
298093.957,,1387.953,1218.234,
298160.618,,1397.354,1212.147,
298227.273,,1395.982,1208.087,
298293.933,,1394.427,1208.620,
298360.590,,1393.825,1203.457,
298427.250,,1391.931,1201.956,
298493.902,,1399.634,1197.636,
298560.560,,1389.458,1198.819,
298627.216,,1397.824,1194.628,
298693.874,,1384.916,1201.607,
298760.532,,1392.463,1203.350,
298827.190,,1393.208,1202.280,
298893.847,,1392.140,1203.358,
298960.502,,1394.795,1193.516,
299027.165,,1390.767,1197.258,
299093.817,,1392.610,1192.388,
299160.479,,1386.331,1217.445,
299227.136,,1385.014,1195.794,
299293.794,,1381.858,1200.355,
299360.449,,1392.087,1199.374,
299427.109,,1398.021,1200.943,
299493.763,,1387.172,1200.399,
299560.421,,1386.783,1197.413,
299627.081,,1391.598,1200.931,
299693.737,,1400.785,1205.245,
299760.395,,1396.047,1212.647,
299827.051,,1399.733,1215.354,
299893.705,,1399.786,1219.705,
299960.368,,1412.251,1221.710,
300027.019,,1399.379,1219.301,
300093.676,,1395.820,1221.809,
300160.337,,1390.885,1222.549,
300226.991,,1396.075,1230.482,
300293.652,,1400.030,1248.015,
300360.305,,1395.972,1296.202,
300426.963,,1390.672,1302.979,
300493.621,,1390.334,1320.886,
300560.281,,1387.982,1328.895,
300626.934,,1388.758,1347.256,
300693.594,,1395.055,1350.809,
300760.255,,1377.911,1330.201,
300826.912,,1378.044,1325.557,
300893.564,,1373.917,1344.643,
300960.223,,1362.089,1340.685,
301026.884,,1377.743,1328.726,
301093.540,,1379.427,1327.744,
301160.197,,1363.597,1338.527,
301226.851,,1369.749,1322.208,
301293.510,,1379.014,1323.611,
301360.172,,1372.218,1338.424,
301426.824,,1377.862,1346.749,
301493.486,,1381.665,1343.005,
301560.140,,1383.462,1335.920,
301626.795,,1380.742,1342.211,
301693.453,,1386.635,1335.708,
301760.114,,1382.510,1324.630,
301826.767,,1367.248,1329.352,
301893.426,,1371.591,1312.763,
301960.085,,1378.970,1314.329,
302026.741,,1383.050,1299.048,
302093.402,,1373.876,1294.710,
302160.054,,1375.760,1286.669,
302226.710,,1378.960,1283.226,
302293.369,,1379.651,1279.632,
302360.029,,1382.268,1271.730,
302426.683,,1380.142,1272.401,
302493.345,,1385.041,1255.188,
302559.999,,1386.001,1265.501,
302626.655,,1388.028,1261.666,
302693.313,,1380.570,1266.990,
302759.969,,1382.558,1266.405,
302826.632,,1384.182,1261.665,
302893.286,,1387.290,1254.715,
302959.942,,1387.781,1260.140,
303026.599,,1397.048,1259.314,
303093.259,,1385.027,1246.081,
303159.915,,1377.548,1245.521,
303226.573,,1384.162,1232.447,
303293.227,,1382.535,1238.223,
303359.890,,1386.061,1230.561,
303426.545,,1380.531,1225.869,
303493.205,,1377.019,1232.263,
303559.862,,1385.216,1232.229,
303626.520,,1378.610,1239.689,
303693.177,,1377.754,1234.341,
303759.833,,1383.584,1233.895,
303826.488,,1374.822,1226.912,
303893.146,,1375.566,1227.798,
303959.804,,1378.517,1221.540,
304026.460,,1376.295,1216.142,
304093.119,,1385.098,1219.418,
304159.777,,1380.856,1212.136,
304226.437,,1378.115,1214.249,
304293.098,,1380.679,1218.419,
304359.750,,1374.270,1221.420,
304426.408,,1376.666,1220.449,
304493.071,,1375.879,1219.818,
304559.730,,1371.473,1232.440,
304626.386,,1380.409,1231.839,
304693.042,,1374.882,1235.988,
304759.701,,1385.090,1245.613,
304826.360,,1382.162,1235.374,
304893.022,,1384.407,1234.770,
304959.674,,1384.983,1236.211,
305026.338,,1379.238,1245.104,
305092.990,,1390.384,1243.290,
305159.651,,1361.893,1241.242,
305226.313,,1373.452,1244.583,
305292.965,,1375.015,1240.313,
305359.627,,1374.969,1243.401,
305426.284,,1375.213,1256.698,
305492.941,,1379.213,1253.528,
305559.603,,1372.404,1260.330,
305626.263,,1385.969,1261.184,
305692.918,,1378.857,1244.378,
305759.574,,1375.257,1243.567,
305826.234,,1377.287,1243.685,
305892.893,,1375.430,1246.178,
305959.550,,1375.209,1244.160,
306026.212,,1377.560,1241.317,
306092.864,,1362.921,1234.303,
306159.528,,1370.717,1237.293,
306226.183,,1362.866,1235.737,
306292.841,,1367.471,1234.649,
306359.502,,1361.760,1227.523,
306426.161,,1368.148,1238.186,
306492.814,,1373.182,1227.197,
306559.471,,1365.928,1234.537,
306626.135,,1374.634,1224.832,
306692.794,,1350.382,1226.920,
306759.450,,1369.068,1228.691,
306826.108,,1362.028,1212.710,
306892.768,,1368.072,1220.590,
306959.424,,1370.820,1209.909,
307026.080,,1363.800,1225.897,
307092.738,,1376.708,1243.261,
307159.401,,1359.561,1241.466,
307226.055,,1371.259,1263.459,
307292.712,,1379.792,1267.531,
307359.374,,1372.086,1260.985,
307426.033,,1376.527,1251.199,
307492.692,,1363.251,1244.627,
307559.350,,1374.910,1241.959,
307626.006,,1364.378,1224.259,
307692.666,,1384.392,1235.231,
307759.322,,1390.690,1224.222,
307825.983,,1371.921,1233.612,
307892.640,,1384.948,1227.142,
307959.298,,1380.215,1219.749,
308025.954,,1380.880,1217.397,
308092.614,,1361.991,1213.526,
308159.270,,1378.526,1208.634,
308225.931,,1376.296,1206.503,
308292.588,,1372.984,1201.149,
308359.243,,1377.090,1207.011,
308425.906,,1387.816,1207.997,
308492.560,,1381.315,1201.335,
308559.219,,1387.224,1203.313,
308625.882,,1384.406,1201.748,
308692.540,,1381.095,1200.736,
308759.197,,1380.045,1201.807,
308825.853,,1375.280,1199.262,
308892.511,,1389.662,1200.539,
308959.172,,1405.822,1204.757,
309025.826,,1398.747,1189.266,
309092.486,,1368.112,1190.118,
309159.145,,1367.496,1184.648,
309225.800,,1378.565,1190.853,
309292.459,,1378.843,1185.318,
309359.119,,1372.893,1188.614,
309425.781,,1384.992,1193.758,
309492.436,,1383.109,1184.682,
309559.095,,1377.942,1185.859,
309625.756,,1384.294,1190.248,
309692.409,,1385.639,1192.134,
309759.068,,1388.354,1184.922,
309825.725,,1381.858,1183.713,
309892.383,,1385.993,1189.813,
309959.043,,1397.997,1183.999,
310025.699,,1403.816,1182.776,
310092.359,,1381.677,1180.439,
310159.021,,1387.917,1180.256,
310225.677,,1402.625,1182.235,
310292.336,,1401.370,1193.114,
310358.991,,1384.763,1205.627,
310425.649,,1381.481,1222.526,
310492.309,,1386.126,1231.643,
310558.965,,1380.633,1234.970,
310625.624,,1374.041,1230.677,
310692.284,,1375.462,1232.014,
310758.945,,1375.420,1234.625,
310825.600,,1373.035,1229.130,
310892.260,,1372.041,1223.238,
310958.919,,1365.549,1226.688,
311025.576,,1374.903,1220.928,
311092.233,,1372.039,1223.218,
311158.894,,1382.384,1223.454,
311225.547,,1386.956,1223.575,
311292.210,,1388.836,1216.961,
311358.867,,1388.529,1214.446,
311425.528,,1389.003,1210.185,
311492.186,,1381.013,1205.513,
311558.838,,1369.959,1202.388,
311625.502,,1381.710,1208.814,
311692.157,,1390.326,1204.698,
311758.813,,1389.725,1208.060,
311825.472,,1399.258,1208.911,
311892.131,,1382.471,1198.623,
311958.793,,1383.225,1200.613,
312025.447,,1391.515,1200.268,
312092.106,,1389.357,1197.158,
312158.767,,1392.435,1191.211,
312225.421,,1391.641,1188.867,
312292.084,,1384.171,1188.217,
312358.738,,1391.113,1186.990,
312425.394,,1403.408,1187.010,
312492.055,,1387.995,1187.261,
312558.711,,1388.094,1185.547,
312625.369,,1395.910,1188.932,
312692.030,,1385.894,1186.875,
312758.690,,1387.673,1181.708,
312825.344,,1392.813,1186.711,
312892.002,,1394.390,1182.353,
312958.662,,1394.689,1179.878,
313025.318,,1394.560,1182.954,
313091.974,,1397.304,1182.681,
313158.633,,1389.766,1181.142,
313225.296,,1393.141,1187.488,
313291.953,,1397.657,1187.185,
313358.607,,1392.515,1189.282,
313425.267,,1404.612,1194.149,
313491.924,,1409.366,1201.733,
313558.585,,1406.483,1200.872,
313625.243,,1407.690,1201.788,
313691.902,,1409.806,1204.073,
313758.558,,1409.306,1203.804,
313825.215,,1409.583,1208.736,
313891.877,,1410.662,1218.921,
313958.534,,1412.654,1230.886,
314025.190,,1414.791,1235.140,
314091.849,,1409.995,1257.830,
314158.505,,1412.870,1271.675,
314225.165,,1403.135,1258.792,
314291.822,,1383.996,1255.018,
314358.483,,1386.703,1253.521,
314425.138,,1387.328,1252.220,
314491.799,,1400.164,1254.772,
314558.453,,1405.946,1247.737,
314625.110,,1402.549,1242.843,
314691.772,,1400.176,1239.796,
314758.432,,1400.581,1235.872,
314825.087,,1400.403,1234.631,
314891.745,,1407.455,1229.470,
314958.406,,1394.633,1219.548,
315025.059,,1391.046,1220.138,
315091.721,,1395.307,1218.348,
315158.378,,1390.222,1211.027,
315225.038,,1394.701,1210.124,
315291.694,,1392.282,1206.456,
315358.351,,1387.509,1202.749,
315425.013,,1394.967,1201.406,
315491.668,,1394.142,1201.611,
315558.329,,1398.440,1196.495,
315624.986,,1399.018,1198.622,
315691.640,,1404.174,1195.998,
315758.299,,1401.822,1200.526,
315824.957,,1407.513,1201.055,
315891.613,,1405.478,1196.377,
315958.274,,1398.115,1195.960,
316024.931,,1394.397,1197.887,
316091.594,,1400.559,1196.446,
316158.251,,1395.019,1198.067,
316224.904,,1394.186,1197.030,
316291.562,,1395.443,1192.808,
316358.221,,1389.484,1191.600,
316424.870,,1385.472,1192.586,
316491.536,,1393.016,1192.250,
316558.197,,1395.688,1192.462,
316624.857,,1393.446,1193.933,
316691.515,,1394.990,1189.620,
316758.174,,1398.218,1194.791,
316824.830,,1397.709,1195.899,
316891.485,,1397.913,1195.030,
316958.149,,1393.241,1195.237,
317024.801,,1394.556,1192.846,
317091.464,,1399.781,1195.151,
317158.117,,1397.428,1194.623,
317224.780,,1394.106,1199.170,
317291.434,,1392.311,1202.496,
317358.095,,1391.835,1205.133,
317424.749,,1394.913,1204.857,
317491.407,,1401.395,1206.856,
317558.065,,1403.347,1205.492,
317624.724,,1405.169,1204.627,
317691.383,,1402.912,1204.336,
317758.043,,1400.712,1200.670,
317824.700,,1398.100,1195.722,
317891.356,,1401.804,1193.945,
317958.016,,1398.980,1192.751,
318024.675,,1396.479,1188.698,
318091.334,,1397.145,1188.701,
318157.992,,1394.013,1185.891,
318224.651,,1392.967,1181.774,
318291.308,,1393.042,1180.228,
318357.964,,1394.738,1179.174,
318424.624,,1401.879,1179.173,
318491.282,,1401.311,1176.193,
318557.938,,1395.690,1173.594,
318624.595,,1390.895,1175.154,
318691.256,,1393.605,1171.459,
318757.915,,1392.432,1168.133,
318824.568,,1387.639,1164.263,
318891.230,,1388.411,1169.736,
318957.888,,1392.249,1169.385,
319024.546,,1393.949,1170.501,
319091.201,,1395.945,1170.686,
319157.859,,1394.058,1171.870,
319224.520,,1390.851,1174.169,
319291.175,,1391.915,1174.557,
319357.832,,1396.146,1173.487,
319424.494,,1391.027,1174.278,
319491.150,,1390.078,1175.694,
319557.809,,1386.910,1174.121,
319624.467,,1390.233,1175.058,
319691.129,,1392.839,1175.112,
319757.783,,1397.371,1174.439,
319824.443,,1394.923,1173.950,
319891.098,,1396.637,1173.963,
319957.757,,1399.501,1171.506,
320024.418,,1395.783,1168.537,
320091.076,,1385.686,1162.672,
320157.734,,1391.307,1163.226,
320224.388,,1388.085,1162.695,
320291.046,,1390.775,1163.431,
320357.706,,1396.142,1162.824,
320424.364,,1395.639,1160.114,
320491.020,,1382.661,1161.573,
320557.684,,1382.441,1159.684,
320624.340,,1389.706,1162.646,
320690.997,,1388.362,1166.574,
320757.655,,1391.517,1166.880,
320824.316,,1390.959,1163.461,
320890.973,,1390.727,1166.568,
320957.627,,1391.302,1172.707,
321024.284,,1396.677,1190.309,
321090.944,,1397.070,1201.564,
321157.601,,1398.312,1210.784,
321224.262,,1401.338,1214.335,
321290.922,,1407.447,1212.167,
321357.580,,1410.107,1210.063,
321424.234,,1404.507,1208.635,
321490.893,,1399.319,1204.667,
321557.549,,1398.092,1204.085,
321624.209,,1400.164,1203.083,
321690.865,,1399.365,1202.948,
321757.528,,1401.508,1207.332,
321824.181,,1401.624,1211.168,
321890.843,,1398.773,1212.960,
321957.499,,1399.152,1212.704,
322024.157,,1397.681,1212.012,
322090.818,,1396.337,1212.970,
322157.471,,1402.455,1212.196,
322224.131,,1402.604,1211.220,
322290.789,,1400.126,1207.356,
322357.451,,1396.385,1208.374,
322424.108,,1392.567,1206.974,
322490.766,,1394.893,1202.928,
322557.420,,1390.969,1201.285,
322624.082,,1386.302,1199.489,
322690.736,,1387.152,1198.064,
322757.399,,1392.408,1200.945,
322824.052,,1397.643,1205.398,
322890.716,,1398.788,1203.029,
322957.369,,1402.710,1200.526,
323024.026,,1406.683,1203.390,
323090.686,,1400.373,1194.229,
323157.344,,1401.016,1200.752,
323224.005,,1396.276,1195.789,
323290.660,,1401.527,1201.775,
323357.318,,1395.681,1211.589,
323423.980,,1400.244,1221.655,
323490.635,,1388.017,1230.784,
323557.291,,1390.994,1236.602,
323623.952,,1393.314,1232.309,
323690.606,,1396.204,1224.483,
323757.266,,1397.543,1227.794,
323823.927,,1400.398,1225.189,
323890.584,,1410.751,1226.805,
323957.242,,1405.862,1219.911,
324023.903,,1409.958,1215.638,
324090.555,,1403.235,1213.619,
324157.215,,1398.511,1202.271,
324223.877,,1386.846,1197.222,
324290.513,,1395.325,1200.699,
324357.187,,1399.486,1200.928,
324423.849,,1392.112,1192.900,
324490.508,,1385.838,1195.162,
324557.167,,1389.532,1193.534,
324623.825,,1390.020,1189.329,
324690.478,,1387.949,1187.770,
324757.137,,1386.262,1188.959,
324823.796,,1389.235,1190.836,
324890.456,,1388.838,1190.994,
324957.112,,1393.132,1188.625,
325023.773,,1390.891,1187.519,
325090.431,,1391.318,1184.715,
325157.089,,1395.264,1184.452,
325223.746,,1395.072,1184.937,
325290.405,,1398.921,1182.866,
325357.058,,1399.776,1183.215,
325423.722,,1396.579,1177.369,
325490.375,,1391.549,1178.106,
325557.036,,1387.954,1175.232,
325623.697,,1388.692,1174.214,
325690.351,,1386.393,1172.722,
325757.011,,1394.066,1175.055,
325823.667,,1391.017,1177.445,
325890.326,,1394.543,1177.463,
325956.984,,1397.042,1176.921,
326023.639,,1393.051,1174.833,
326090.301,,1389.099,1175.382,
326156.957,,1389.480,1178.952,
326223.613,,1394.761,1181.445,
326290.276,,1394.557,1184.549,
326356.935,,1394.529,1185.425,
326423.591,,1393.705,1186.999,
326490.245,,1388.853,1193.683,
326556.905,,1389.122,1198.948,
326623.564,,1391.352,1199.601,
326690.219,,1395.073,1200.549,
326756.881,,1390.710,1203.424,
326823.535,,1390.171,1205.111,
326890.194,,1394.190,1199.973,
326956.851,,1388.020,1196.606,
327023.513,,1392.562,1196.195,
327090.173,,1397.490,1202.780,
327156.830,,1393.338,1198.959,
327223.490,,1390.664,1197.773,
327290.143,,1391.382,1193.510,
327356.804,,1393.572,1192.097,
327423.463,,1398.193,1186.782,
327490.116,,1400.558,1188.463,
327556.780,,1405.410,1185.887,
327623.433,,1402.306,1184.179,
327690.095,,1397.714,1182.851,
327756.749,,1398.893,1184.175,
327823.407,,1397.917,1184.872,
327890.065,,1394.519,1184.493,
327956.724,,1394.364,1182.930,
328023.385,,1391.313,1182.110,
328090.040,,1388.913,1185.419,
328156.699,,1389.102,1189.653,
328223.361,,1387.878,1189.503,
328290.019,,1386.423,1190.248,
328356.677,,1390.714,1193.901,
328423.335,,1386.730,1197.411,
328489.989,,1382.018,1196.046,
328556.646,,1381.710,1195.425,
328623.306,,1383.634,1195.907,
328689.961,,1388.469,1202.408,
328756.622,,1379.512,1204.056,
328823.280,,1392.581,1199.994,
328889.936,,1387.859,1199.749,
328956.598,,1385.672,1196.776,
329023.252,,1387.294,1195.077,
329089.911,,1385.144,1198.654,
329156.575,,1390.583,1199.489,
329223.231,,1391.188,1197.798,
329289.888,,1393.747,1195.734,
329356.544,,1388.932,1185.222,
329423.205,,1384.502,1182.343,
329489.859,,1385.256,1176.583,
329556.520,,1383.816,1181.561,
329623.180,,1393.091,1175.600,
329689.837,,1385.622,1176.893,
329756.494,,1387.230,1174.586,
329823.150,,1385.178,1171.231,
329889.809,,1381.903,1171.714,
329956.471,,1380.722,1169.941,
330023.129,,1386.141,1170.070,
330089.786,,1383.385,1172.249,
330156.440,,1383.008,1169.977,
330223.104,,1389.110,1168.848,
330289.761,,1394.540,1173.588,
330356.420,,1386.734,1175.927,
330423.075,,1388.388,1180.290,
330489.736,,1392.092,1190.548,
330556.388,,1386.947,1202.739,
330623.051,,1384.345,1215.751,
330689.711,,1385.717,1243.052,
330756.365,,1382.796,1256.516,
330823.027,,1381.359,1256.290,
330889.680,,1387.403,1277.751,
330956.337,,1383.139,1293.392,
331023.001,,1381.882,1290.830,
331089.660,,1384.842,1282.165,
331156.316,,1388.449,1280.557,
331222.976,,1382.754,1280.016,
331289.634,,1385.435,1274.657,
331356.292,,1385.579,1270.091,
331422.948,,1390.525,1267.619,
331489.604,,1387.528,1267.743,
331556.264,,1386.458,1262.860,
331622.925,,1391.096,1262.397,
331689.582,,1382.982,1261.758,
331756.236,,1387.963,1259.613,
331822.898,,1390.288,1257.341,
331889.553,,1385.157,1257.201,
331956.216,,1385.749,1251.135,
332022.872,,1388.648,1246.811,
332089.528,,1390.288,1244.937,
332156.184,,1390.977,1239.223,
332222.845,,1385.902,1235.331,
332289.500,,1389.269,1233.816,
332356.163,,1393.164,1231.375,
332422.817,,1395.183,1229.683,
332489.477,,1400.814,1228.890,
332556.133,,1388.178,1222.262,
332622.794,,1389.128,1218.991,
332689.451,,1393.278,1219.661,
332756.111,,1388.550,1216.345,
332822.770,,1391.165,1212.593,
332889.423,,1393.794,1209.936,
332956.082,,1392.240,1212.250,
333022.743,,1402.070,1213.340,
333089.397,,1396.927,1215.809,
333156.062,,1398.455,1205.106,
333222.718,,1399.134,1209.509,
333289.373,,1402.280,1205.145,
333356.033,,1396.829,1199.282,
333422.690,,1392.560,1201.621,
333489.352,,1398.510,1204.648,
333556.004,,1394.290,1206.876,
333622.662,,1398.670,1204.251,
333689.324,,1399.459,1203.282,
333755.980,,1398.989,1202.438,
333822.643,,1400.446,1194.060,
333889.301,,1412.097,1197.738,
333955.956,,1411.707,1199.695,
334022.616,,1413.115,1200.240,
334089.275,,1418.707,1199.251,
334155.931,,1414.794,1195.803,
334222.590,,1406.718,1197.279,
334289.248,,1398.284,1203.017,
334355.907,,1397.051,1199.779,
334422.563,,1401.471,1194.976,
334489.224,,1398.534,1195.248,
334555.879,,1393.844,1197.201,
334622.534,,1399.920,1197.962,
334689.193,,1398.803,1195.994,
334755.851,,1395.729,1192.271,
334822.514,,1394.910,1190.537,
334889.173,,1394.943,1193.914,
334955.830,,1393.819,1196.133,
335022.486,,1393.175,1194.619,
335089.146,,1396.058,1191.480,
335155.799,,1394.092,1191.477,
335222.462,,1390.383,1187.696,
335289.117,,1394.449,1184.046,
335355.774,,1395.555,1184.321,
335422.432,,1389.413,1183.400,
335489.094,,1387.968,1180.451,
335555.749,,1394.190,1176.414,
335622.410,,1392.661,1179.157,
335689.066,,1391.336,1175.771,
335755.724,,1392.435,1175.252,
335822.384,,1386.786,1174.840,
335889.043,,1390.301,1176.509,
335955.697,,1398.033,1176.878,
336022.356,,1399.555,1177.456,
336089.015,,1405.544,1177.852,
336155.672,,1407.525,1176.158,
336222.329,,1407.534,1176.437,
336288.985,,1406.299,1176.981,
336355.642,,1401.829,1176.486,
336422.302,,1404.614,1176.878,
336488.962,,1401.999,1178.105,
336555.615,,1400.572,1178.997,
336622.278,,1398.806,1180.812,
336688.935,,1396.859,1179.427,
336755.593,,1397.127,1184.115,
336822.246,,1401.674,1183.745,
336888.906,,1403.657,1182.175,
336955.564,,1400.875,1181.249,
337022.222,,1403.338,1179.125,
337088.879,,1401.154,1176.328,
337155.536,,1405.201,1176.147,
337222.192,,1402.007,1175.341,
337288.855,,1398.171,1176.478,
337355.509,,1402.986,1172.616,
337422.169,,1405.351,1173.475,
337488.824,,1407.854,1171.677,
337555.486,,1404.507,1172.023,
337622.137,,1405.795,1170.389,
337688.797,,1402.962,1168.509,
337755.454,,1408.241,1170.020,
337822.111,,1399.014,1168.433,
337888.772,,1399.814,1166.567,
337955.427,,1396.167,1167.310,
338022.084,,1396.970,1167.555,
338088.744,,1399.498,1167.232,
338155.399,,1396.406,1162.151,
338222.060,,1397.503,1166.668,
338288.717,,1396.796,1169.495,
338355.377,,1396.773,1171.232,
338422.034,,1401.359,1175.966,
338488.693,,1403.636,1182.370,
338555.350,,1398.980,1183.143,
338622.007,,1395.917,1186.893,
338688.661,,1395.045,1186.692,
338755.322,,1400.145,1184.923,
338821.982,,1403.570,1185.039,
338888.640,,1398.262,1183.595,
338955.297,,1396.170,1192.815,
339021.948,,1391.302,1217.992,
339088.610,,1393.223,1232.769,
339155.268,,1395.234,1236.729,
339221.923,,1393.809,1239.747,
339288.581,,1394.743,1243.614,
339355.242,,1391.752,1240.299,
339421.899,,1393.210,1235.190,
339488.554,,1398.022,1228.900,
339555.216,,1398.928,1221.650,
339621.869,,1397.178,1218.735,
339688.531,,1398.116,1215.239,
339755.186,,1398.256,1210.626,
339821.842,,1396.677,1206.420,
339888.502,,1396.614,1201.279,
339955.156,,1394.372,1199.568,
340021.819,,1396.796,1195.805,
340088.478,,1397.236,1193.312,
340155.132,,1393.802,1190.727,
340221.788,,1389.347,1189.553,
340288.449,,1393.558,1193.491,
340355.108,,1393.774,1196.610,
340421.764,,1391.938,1193.950,
340488.421,,1391.746,1191.409,
340555.077,,1391.525,1188.906,
340621.733,,1386.816,1187.441,
340688.396,,1384.217,1187.267,
340755.048,,1385.111,1184.622,
340821.708,,1388.296,1181.990,
340888.370,,1387.686,1180.822,
340955.021,,1388.800,1178.970,
341021.678,,1389.386,1179.858,
341088.340,,1388.399,1179.084,
341154.997,,1385.620,1177.029,
341221.652,,1389.535,1174.742,
341288.310,,1390.359,1171.209,
341354.971,,1376.897,1170.739,
341421.631,,1381.389,1167.456,
341488.285,,1384.211,1165.152,
341554.941,,1378.342,1165.832,
341621.602,,1377.710,1166.119,
341688.257,,1381.768,1163.716,
341754.920,,1374.089,1165.187,
341821.577,,1387.508,1164.443,
341888.230,,1382.634,1161.180,
341954.889,,1383.562,1165.276,
342021.545,,1382.387,1156.651,
342088.203,,1379.390,1162.040,
342154.863,,1375.190,1158.891,
342221.517,,1377.248,1158.461,
342288.178,,1376.480,1164.018,
342354.839,,1377.459,1161.869,
342421.489,,1368.410,1161.711,
342488.147,,1370.162,1164.269,
342554.805,,1381.578,1164.028,
342621.464,,1388.102,1165.673,
342688.120,,1385.503,1162.583,
342754.785,,1381.117,1161.867,
342821.439,,1386.823,1163.804,
342888.098,,1384.324,1165.452,
342954.756,,1381.775,1164.941,
343021.410,,1392.089,1165.694,
343088.072,,1389.687,1166.588,
343154.728,,1387.630,1169.762,
343221.383,,1386.378,1168.050,
343288.043,,1392.088,1169.917,
343354.700,,1388.691,1170.366,
343421.355,,1387.022,1171.871,
343488.017,,1389.850,1173.288,
343554.673,,1389.824,1176.979,
343621.328,,1386.765,1183.568,
343687.988,,1390.365,1184.966,
343754.647,,1386.806,1188.794,
343821.306,,1390.030,1195.060,
343887.963,,1389.973,1192.791,
343954.620,,1382.168,1196.774,
344021.277,,1391.065,1197.714,
344087.936,,1392.127,1197.475,
344154.594,,1393.653,1209.033,
344221.251,,1394.402,1216.282,
344287.909,,1399.302,1217.590,
344354.569,,1402.723,1216.302,
344421.224,,1399.715,1214.355,
344487.878,,1401.451,1212.289,
344554.536,,1399.400,1209.130,
344621.193,,1391.038,1204.118,
344687.855,,1387.809,1200.651,
344754.513,,1389.774,1199.359,
344821.168,,1386.800,1202.442,
344887.830,,1391.002,1201.183,
344954.483,,1394.742,1198.499,
345021.140,,1399.066,1196.578,
345087.801,,1396.712,1196.022,
345154.459,,1398.347,1197.131,
345221.119,,1402.051,1200.919,
345287.770,,1398.959,1208.688,
345354.427,,1399.115,1203.471,
345421.086,,1399.248,1199.505,
345487.745,,1396.960,1205.086,
345554.406,,1396.192,1203.180,
345621.063,,1399.835,1198.521,
345687.719,,1391.830,1192.462,
345754.380,,1392.986,1189.531,
345821.033,,1394.182,1189.857,
345887.693,,1409.819,1190.974,
345954.352,,1403.148,1188.648,
346021.010,,1403.067,1182.482,
346087.669,,1402.906,1181.569,
346154.320,,1389.899,1177.110,
346220.982,,1393.350,1175.353,
346287.636,,1387.322,1174.310,
346354.297,,1387.406,1171.391,
346420.954,,1387.640,1169.845,
346487.608,,1387.908,1172.524,
346554.268,,1385.746,1172.098,
346620.929,,1391.404,1172.180,
346687.582,,1393.668,1170.338,
346754.240,,1387.876,1170.683,
346820.903,,1390.619,1173.167,
346887.557,,1392.922,1175.940,
346954.217,,1391.415,1180.332,
347020.873,,1394.044,1184.355,
347087.532,,1399.732,1185.106,
347154.188,,1397.299,1184.600,
347220.848,,1394.528,1182.143,
347287.502,,1393.231,1182.893,
347354.164,,1394.602,1184.680,
347420.820,,1393.235,1183.168,
347487.477,,1392.653,1179.171,
347554.133,,1390.815,1176.248,
347620.796,,1390.488,1176.284,
347687.452,,1382.165,1175.387,
347754.110,,1388.562,1174.013,
347820.766,,1392.708,1172.270,
347887.425,,1389.809,1172.615,
347954.080,,1389.528,1171.690,
348020.736,,1390.450,1168.963,
348087.400,,1384.965,1168.500,
348154.055,,1388.016,1170.595,
348220.711,,1388.950,1173.826,
348287.372,,1391.360,1175.495,
348354.029,,1392.918,1175.780,
348420.686,,1390.727,1184.098,
348487.343,,1385.955,1209.492,
348554.002,,1389.491,1228.685,
348620.655,,1395.171,1236.039,
348687.317,,1393.210,1238.080,
348753.971,,1393.788,1238.991,
348820.632,,1397.502,1234.589,
348887.290,,1395.794,1233.487,
348953.949,,1393.488,1227.580,
349020.602,,1392.825,1228.338,
349087.263,,1392.256,1233.399,
349153.921,,1391.601,1228.250,
349220.574,,1391.259,1228.009,
349287.233,,1390.248,1224.939,
349353.893,,1393.305,1222.401,
349420.550,,1392.264,1219.621,
349487.210,,1397.217,1216.418,
349553.862,,1404.869,1213.369,
349620.523,,1388.645,1210.345,
349687.184,,1386.388,1210.847,
349753.839,,1390.260,1209.123,
349820.499,,1390.002,1207.980,
349887.153,,1392.266,1206.372,
349953.812,,1397.098,1206.493,
350020.469,,1394.170,1205.402,
350087.130,,1396.429,1205.952,
350153.784,,1396.894,1204.880,
350220.440,,1397.729,1202.395,
350287.100,,1398.447,1201.455,
350353.760,,1400.847,1203.661,
350420.417,,1397.771,1196.436,
350487.076,,1397.306,1199.996,
350553.735,,1403.997,1195.556,
350620.387,,1400.184,1196.224,
350687.047,,1403.434,1200.479,
350753.707,,1400.797,1196.913,
350820.363,,1405.993,1193.915,
350887.019,,1405.464,1193.461,
350953.674,,1405.427,1191.616,
351020.337,,1401.711,1191.401,
351086.990,,1401.601,1187.063,
351153.652,,1404.194,1186.500,
351220.311,,1400.823,1187.328,
351286.967,,1402.469,1185.798,
351353.626,,1407.513,1184.707,
351420.280,,1404.634,1186.348,
351486.939,,1402.970,1185.298,
351553.600,,1402.908,1183.338,
351620.255,,1401.891,1184.525,
351686.915,,1401.528,1185.712,
351753.569,,1398.908,1190.849,
351820.230,,1396.366,1195.258,
351886.885,,1397.158,1198.294,
351953.540,,1395.790,1196.774,
352020.199,,1391.472,1202.080,
352086.859,,1391.151,1202.149,
352153.519,,1392.908,1202.770,
352220.172,,1389.825,1207.011,
352286.833,,1388.493,1200.864,
352353.489,,1390.272,1203.307,
352420.148,,1394.998,1201.365,
352486.803,,1396.131,1203.602,
352553.463,,1395.993,1206.924,
352620.120,,1394.839,1205.681,
352686.780,,1396.586,1204.826,
352753.436,,1392.202,1207.530,
352820.090,,1403.301,1213.934,
352886.754,,1403.993,1220.324,
352953.408,,1400.987,1227.895,
353020.068,,1402.594,1238.721,
353086.726,,1401.804,1243.065,
353153.382,,1402.179,1241.186,
353220.039,,1399.474,1237.432,
353286.695,,1400.251,1233.337,
353353.352,,1399.971,1228.194,
353420.010,,1401.129,1225.361,
353486.670,,1397.396,1220.919,
353553.327,,1396.253,1217.265,
353619.989,,1398.816,1215.911,
353686.645,,1389.357,1209.301,
353753.299,,1400.745,1207.318,
353819.959,,1403.627,1205.632,
353886.617,,1401.289,1203.478,
353953.276,,1402.497,1201.274,
354019.930,,1401.298,1199.080,
354086.587,,1399.764,1194.524,
354153.245,,1402.664,1193.354,
354219.907,,1401.969,1189.387,
354286.566,,1402.904,1188.319,
354353.218,,1399.122,1186.078,
354419.876,,1399.786,1184.347,
354486.536,,1398.509,1184.150,
354553.197,,1404.145,1181.456,
354619.849,,1402.916,1180.504,
354686.511,,1400.266,1176.065,
354753.170,,1394.096,1177.170,
354819.826,,1392.089,1175.719,
354886.483,,1393.877,1175.385,
354953.138,,1391.810,1179.743,
355019.797,,1391.430,1176.363,
355086.457,,1391.591,1177.599,
355153.116,,1391.313,1182.600,
355219.771,,1395.109,1181.571,
355286.426,,1397.102,1178.734,
355353.089,,1391.407,1181.094,
355419.748,,1392.164,1181.873,
355486.404,,1394.894,1182.206,
355553.061,,1395.545,1181.617,
355619.717,,1394.672,1182.386,
355686.376,,1388.182,1177.468,
355753.030,,1388.851,1179.098,
355819.693,,1395.884,1179.595,
355886.350,,1389.155,1177.394,
355953.005,,1391.972,1179.676,
356019.664,,1391.239,1179.769,
356086.325,,1395.246,1181.624,
356152.980,,1397.499,1179.425,
356219.636,,1394.965,1179.008,
356286.292,,1397.520,1178.984,
356352.955,,1394.458,1179.189,
356419.612,,1392.701,1178.599,
356486.271,,1392.787,1184.871,
356552.927,,1390.251,1194.802,
356619.585,,1390.928,1196.872,
356686.238,,1391.472,1198.200,
356752.899,,1388.380,1196.530,
356819.555,,1395.975,1200.406,
356886.216,,1394.181,1199.149,
356952.870,,1397.037,1205.493,
357019.527,,1398.331,1206.687,
357086.188,,1397.978,1205.120,
357152.843,,1400.109,1202.467,
357219.501,,1397.374,1203.174,
357286.160,,1395.221,1204.669,
357352.821,,1391.891,1206.281,
357419.475,,1392.367,1210.493,
357486.132,,1392.197,1215.219,
357552.790,,1393.601,1218.378,
357619.451,,1396.435,1220.424,
357686.107,,1398.496,1224.689,
357752.765,,1393.871,1226.849,
357819.424,,1389.825,1230.335,
357886.082,,1389.279,1228.558,
357952.736,,1393.354,1232.679,
358019.393,,1389.122,1235.855,
358086.051,,1389.396,1236.022,
358152.711,,1388.963,1238.033,
358219.370,,1392.133,1235.963,
358286.024,,1388.565,1233.248,
358352.686,,1388.384,1229.651,
358419.345,,1389.142,1222.916,
358485.999,,1387.512,1221.129,
358552.661,,1388.048,1219.546,
358619.312,,1384.273,1215.637,
358685.974,,1385.707,1212.268,
358752.633,,1389.492,1215.084,
358819.287,,1390.490,1213.887,
358885.944,,1389.335,1210.153,
358952.605,,1388.685,1211.454,
359019.262,,1389.067,1213.830,
359085.921,,1385.187,1216.274,
359152.571,,1386.639,1228.148,
359219.233,,1389.366,1233.322,
359285.895,,1394.859,1229.844,
359352.551,,1396.908,1228.899,
359419.208,,1388.041,1227.356,
359485.868,,1382.570,1217.514,
359552.523,,1391.180,1219.301,
359619.182,,1386.370,1211.795,
359685.837,,1392.027,1209.105,
359752.496,,1388.503,1206.880,
359819.152,,1383.326,1203.531,
359885.814,,1384.768,1200.072,
359952.467,,1383.755,1197.658,
360019.132,,1388.801,1196.145,
360085.785,,1384.629,1200.340,
360152.445,,1387.638,1197.244,
360219.100,,1387.850,1196.196,
360285.760,,1386.553,1197.641,
360352.418,,1381.429,1194.363,
360419.077,,1383.242,1195.149,
360485.734,,1385.135,1196.166,
360552.394,,1386.461,1195.581,
360619.051,,1388.262,1196.760,
360685.715,,1384.032,1195.683,
360752.372,,1384.538,1196.827,
360819.028,,1390.547,1195.219,
360885.685,,1390.722,1194.000,
360952.343,,1389.228,1191.233,
361019.007,,1390.462,1193.940,
361085.661,,1385.838,1202.881,
361152.321,,1385.895,1208.864,
361218.976,,1386.651,1212.891,
361285.638,,1379.612,1214.154,
361352.298,,1384.701,1215.445,
361418.955,,1387.820,1221.549,
361485.613,,1383.251,1219.556,
361552.273,,1385.528,1222.644,
361618.931,,1382.666,1226.253,
361685.588,,1389.122,1225.365,
361752.244,,1391.134,1225.419,
361818.902,,1400.922,1218.143,
361885.562,,1391.422,1217.425,
361952.221,,1385.372,1212.500,
362018.879,,1378.509,1206.619,
362085.534,,1380.410,1203.504,
362152.196,,1377.983,1204.496,
362218.856,,1377.399,1203.238,
362285.512,,1383.383,1200.363,
362352.169,,1383.266,1203.607,
362418.826,,1382.936,1200.184,
362485.490,,1383.645,1198.375,
362552.143,,1382.113,1195.435,
362618.805,,1381.856,1195.388,
362685.465,,1380.308,1196.028,
362752.123,,1382.431,1196.723,
362818.780,,1386.864,1194.323,
362885.438,,1387.816,1193.438,
362952.094,,1392.988,1193.549,
363018.755,,1400.005,1190.832,
363085.412,,1393.541,1189.642,
363152.072,,1393.145,1187.406,
363218.733,,1398.889,1183.440,
363285.391,,1398.710,1181.114,
363352.048,,1391.066,1186.971,
363418.703,,1401.782,1184.443,
363485.363,,1398.802,1186.408,
363552.020,,1392.733,1186.050,
363618.680,,1393.511,1189.186,
363685.341,,1387.356,1188.664,
363751.994,,1391.329,1187.926,
363818.655,,1394.579,1190.043,
363885.314,,1402.995,1192.581,
363951.970,,1410.736,1187.748,
364018.632,,1404.615,1189.352,
364085.291,,1406.089,1200.548,
364151.948,,1403.983,1203.042,
364218.607,,1402.860,1201.417,
364285.267,,1411.137,1206.322,
364351.923,,1416.148,1207.890,
364418.581,,1410.373,1210.126,
364485.241,,1400.413,1235.497,
364551.895,,1398.742,1255.325,
364618.557,,1400.730,1257.522,
364685.214,,1403.342,1253.281,
364751.871,,1409.453,1255.833,
364818.533,,1412.032,1261.069,
364885.190,,1405.188,1260.027,
364951.849,,1404.710,1260.804,
365018.509,,1398.751,1257.096,
365085.164,,1397.661,1256.761,
365151.822,,1397.012,1257.025,
365218.483,,1396.112,1256.864,
365285.140,,1400.308,1256.534,
365351.796,,1394.250,1255.429,
365418.455,,1396.061,1251.194,
365485.117,,1395.966,1249.891,
365551.771,,1396.394,1247.836,
365618.432,,1394.557,1244.740,
365685.090,,1395.841,1241.802,
365751.744,,1394.945,1238.432,
365818.405,,1396.245,1233.321,
365885.061,,1394.957,1231.333,
365951.722,,1391.232,1226.206,
366018.380,,1396.021,1222.564,
366085.040,,1398.296,1221.064,
366151.696,,1400.946,1215.373,
366218.356,,1395.400,1214.485,
366285.012,,1394.099,1212.211,
366351.674,,1396.816,1209.901,
366418.330,,1400.902,1206.636,
366484.988,,1400.332,1203.810,
366551.649,,1398.499,1202.921,
366618.304,,1397.729,1199.829,
366684.966,,1398.282,1196.398,
366751.627,,1400.045,1198.126,
366818.280,,1401.950,1193.793,
366884.941,,1394.350,1191.616,
366951.598,,1393.593,1188.875,
367018.254,,1391.500,1187.114,
367084.917,,1382.320,1183.786,
367151.570,,1384.053,1185.708,
367218.234,,1379.982,1182.542,
367284.891,,1383.698,1185.002,
367351.545,,1376.580,1183.481,
367418.206,,1369.104,1181.151,
367484.863,,1374.805,1183.184,
367551.527,,1376.965,1184.186,
367618.184,,1376.024,1187.392,
367684.838,,1372.821,1187.496,
367751.500,,1370.162,1182.660,
367818.154,,1375.936,1187.373,
367884.813,,1378.639,1190.657,
367951.476,,1374.686,1191.683,
368018.131,,1384.891,1193.984,
368084.793,,1382.597,1187.930,
368151.453,,1373.833,1187.628,
368218.110,,1374.715,1184.979,
368284.766,,1373.786,1188.567,
368351.422,,1381.295,1181.823,
368418.087,,1380.116,1179.579,
368484.742,,1375.153,1182.295,
368551.403,,1373.847,1177.240,
368618.060,,1376.063,1177.648,
368684.720,,1376.728,1176.573,
368751.380,,1380.723,1176.282,
368818.036,,1386.713,1178.028,
368884.691,,1386.044,1176.907,
368951.351,,1384.355,1173.289,
369018.010,,1382.377,1171.535,
369084.672,,1380.114,1172.316,
369151.331,,1380.797,1168.767,
369217.989,,1381.133,1170.579,
369284.642,,1381.334,1172.971,
369351.301,,1377.204,1170.995,
369417.961,,1384.887,1170.359,
369484.622,,1383.993,1169.343,
369551.278,,1384.279,1169.465,
369617.935,,1380.513,1176.330,
369684.595,,1387.077,1179.416,
369751.254,,1390.640,1185.536,
369817.914,,1391.830,1212.887,
369884.570,,1395.117,1254.642,
369951.230,,1388.983,1259.774,
370017.888,,1394.193,1256.559,
370084.546,,1387.035,1261.241,
370151.210,,1384.354,1274.770,
370217.863,,1385.605,1272.104,
370284.526,,1385.189,1266.909,
370351.181,,1385.628,1259.825,
370417.839,,1384.495,1256.832,
370484.497,,1388.939,1249.599,
370551.160,,1385.215,1240.970,
370617.819,,1381.450,1235.715,
370684.473,,1381.878,1231.248,
370751.132,,1378.785,1228.256,
370817.795,,1384.550,1223.924,
370884.454,,1386.178,1217.317,
370951.110,,1391.461,1211.935,
371017.766,,1389.542,1211.548,
371084.427,,1386.293,1207.999,
371151.088,,1393.460,1206.231,
371217.746,,1396.759,1207.230,
371284.406,,1394.069,1200.272,
371351.061,,1401.151,1197.665,
371417.718,,1390.247,1196.339,
371484.380,,1390.481,1193.043,
371551.035,,1389.563,1189.296,
371617.698,,1378.278,1187.063,
371684.354,,1378.449,1195.702,
371751.012,,1378.819,1205.402,
371817.669,,1388.654,1211.581,
371884.333,,1373.843,1224.911,
371950.991,,1380.128,1232.162,
372017.647,,1384.946,1233.960,
372084.309,,1393.705,1259.581,
372150.967,,1376.471,1275.955,
372217.627,,1381.279,1282.219,
372284.283,,1387.978,1279.583,
372350.944,,1390.899,1282.090,
372417.602,,1373.368,1292.906,
372484.259,,1378.709,1300.168,
372550.914,,1382.847,1303.578,
372617.572,,1381.176,1305.912,
372684.234,,1384.127,1302.460,
372750.892,,1386.701,1302.608,
372817.549,,1377.058,1300.099,
372884.210,,1379.234,1310.023,
372950.868,,1375.964,1310.506,
373017.530,,1381.228,1318.686,
373084.185,,1381.949,1319.813,
373150.847,,1379.745,1322.091,
373217.503,,1385.062,1317.493,
373284.159,,1383.251,1314.002,
373350.823,,1385.167,1306.908,
373417.479,,1384.521,1310.564,
373484.139,,1388.685,1303.333,
373550.799,,1386.940,1297.897,
373617.455,,1382.226,1296.364,
373684.115,,1384.116,1291.481,
373750.771,,1384.103,1287.002,
373817.430,,1385.356,1282.002,
373884.091,,1387.753,1279.202,
373950.747,,1394.195,1275.469,
374017.404,,1395.101,1272.453,
374084.067,,1392.808,1269.078,
374150.721,,1393.911,1264.525,
374217.383,,1391.610,1262.098,
374284.043,,1396.784,1259.422,
374350.701,,1400.675,1254.941,
374417.355,,1403.512,1248.096,
374484.016,,1397.383,1246.585,
374550.676,,1393.599,1242.537,
374617.334,,1401.381,1239.180,
374683.994,,1409.500,1236.689,
374750.651,,1402.752,1235.041,
374817.307,,1399.560,1229.867,
374883.973,,1407.309,1226.279,
374950.625,,1402.719,1226.159,
375017.288,,1400.968,1222.025,
375083.942,,1400.180,1219.781,
375150.605,,1404.257,1217.498,
375217.264,,1400.414,1218.177,
375283.920,,1398.154,1217.173,
375350.579,,1404.475,1217.909,
375417.239,,1401.986,1217.320,
375483.894,,1399.028,1215.567,
375550.556,,1397.862,1217.101,
375617.214,,1397.667,1216.941,
375683.874,,1400.081,1213.937,
375750.531,,1400.612,1215.111,
375817.190,,1400.117,1211.643,
375883.849,,1394.892,1214.876,
375950.502,,1399.261,1209.749,
376017.163,,1401.069,1208.912,
376083.817,,1404.561,1214.906,
376150.480,,1402.240,1209.844,
376217.135,,1401.429,1204.594,
376283.789,,1405.849,1202.479,
376350.446,,1403.493,1199.490,
376417.106,,1397.940,1199.787,
376483.765,,1400.080,1197.988,
376550.419,,1399.490,1199.645,
376617.076,,1395.664,1197.244,
376683.737,,1398.717,1195.767,
376750.395,,1397.014,1201.059,
376817.052,,1403.756,1221.008,
376883.709,,1404.359,1228.054,
376950.364,,1402.509,1229.314,
377017.020,,1406.353,1231.355,
377083.679,,1410.417,1230.220,
377150.334,,1408.154,1223.780,
377216.996,,1392.703,1216.622,
377283.648,,1384.019,1212.354,
377350.312,,1388.100,1206.937,
377416.966,,1395.061,1209.281,
377483.621,,1390.494,1207.359,
377550.283,,1389.825,1202.905,
377616.941,,1392.566,1199.095,
377683.595,,1387.436,1201.352,
377750.255,,1394.157,1202.089,
377816.910,,1401.617,1201.522,
377883.570,,1400.134,1198.881,
377950.227,,1398.354,1194.352,
378016.882,,1397.179,1189.981,
378083.541,,1396.673,1191.261,
378150.196,,1386.488,1193.353,
378216.850,,1384.231,1186.535,
378283.511,,1384.835,1183.412,
378350.170,,1387.441,1191.736,
378416.827,,1386.104,1205.865,
378483.482,,1387.048,1208.660,
378550.141,,1399.866,1215.837,
378616.801,,1395.720,1218.858,
378683.456,,1394.267,1213.906,
378750.115,,1387.013,1209.575,
378816.769,,1383.222,1209.802,
378883.426,,1379.715,1207.731,
378950.085,,1384.726,1208.702,
379016.738,,1388.773,1213.401,
379083.396,,1389.690,1217.618,
379150.055,,1386.654,1221.860,
379216.714,,1385.733,1225.352,
379283.371,,1385.622,1227.271,
379350.029,,1389.045,1233.348,
379416.686,,1396.742,1239.564,
379483.344,,1392.065,1243.586,
379550.000,,1389.124,1245.347,
379616.659,,1386.428,1239.242,
379683.312,,1383.114,1242.380,
379749.969,,1383.058,1238.529,
379816.627,,1378.403,1250.481,
379883.288,,1385.030,1263.506,
379949.941,,1383.397,1267.522,
380016.599,,1389.518,1263.446,
380083.259,,1390.991,1260.479,
380149.916,,1387.344,1261.339,
380216.572,,1386.702,1261.270,
380283.230,,1384.566,1256.750,
380349.887,,1391.345,1252.986,
380416.543,,1390.489,1247.100,
380483.205,,1391.511,1243.294,
380549.859,,1392.168,1237.584,
380616.520,,1388.614,1238.195,
380683.173,,1395.598,1234.165,
380749.831,,1397.490,1229.557,
380816.491,,1399.629,1224.802,
380883.147,,1402.216,1224.016,
380949.803,,1402.668,1219.313,
381016.462,,1399.859,1215.363,
381083.119,,1396.699,1211.364,
381149.775,,1391.835,1210.670,
381216.433,,1388.937,1210.241,
381283.090,,1388.136,1205.767,
381349.747,,1389.719,1209.304,
381416.403,,1391.478,1210.224,
381483.063,,1389.336,1216.090,
381549.719,,1387.932,1214.758,
381616.377,,1395.047,1218.269,
381683.035,,1389.644,1219.431,
381749.691,,1393.385,1224.174,
381816.345,,1393.672,1226.627,
381883.005,,1393.100,1232.911,
381949.666,,1391.364,1236.044,
382016.318,,1395.829,1242.409,
382082.975,,1394.430,1236.027,
382149.636,,1393.297,1234.415,
382216.291,,1390.905,1232.343,
382282.951,,1391.988,1225.684,
382349.604,,1387.756,1224.691,
382416.265,,1384.460,1216.100,
382482.923,,1385.708,1215.939,
382549.576,,1380.273,1215.245,
382616.239,,1376.720,1213.372,
382682.897,,1386.694,1209.913,
382749.550,,1381.197,1208.145,
382816.206,,1378.192,1204.020,
382882.864,,1378.920,1200.991,
382949.524,,1381.705,1202.964,
383016.179,,1377.548,1205.971,
383082.837,,1385.346,1210.443,
383149.496,,1384.425,1211.524,
383216.150,,1385.397,1209.964,
383282.811,,1390.161,1208.283,
383349.467,,1391.942,1208.482,
383416.124,,1400.187,1207.897,
383482.778,,1399.483,1205.501,
383549.441,,1399.793,1200.231,
383616.097,,1401.209,1200.136,
383682.752,,1396.644,1198.315,
383749.414,,1396.622,1198.572,
383816.065,,1394.177,1199.799,
383882.722,,1392.452,1202.449,
383949.382,,1400.802,1204.119,
384016.039,,1402.432,1202.220,
384082.695,,1400.022,1201.106,
384149.360,,1396.491,1200.045,
384216.014,,1397.614,1199.601,
384282.673,,1400.501,1206.315,
384349.331,,1399.604,1223.184,
384415.989,,1401.783,1244.168,
384482.649,,1400.905,1246.444,
384549.303,,1393.888,1249.085,
384615.959,,1399.252,1249.802,
384682.622,,1391.612,1251.935,
384749.276,,1386.569,1252.975,
384815.938,,1382.749,1249.304,
384882.591,,1386.138,1252.062,
384949.252,,1383.893,1252.690,
385015.910,,1387.769,1250.931,
385082.571,,1388.829,1255.241,
385149.223,,1389.121,1291.685,
385215.886,,1386.250,1311.006,
385282.539,,1385.510,1317.450,
385349.198,,1390.759,1315.112,
385415.858,,1393.897,1308.256,
385482.518,,1388.703,1308.651,
385549.177,,1388.727,1305.825,
385615.831,,1390.433,1304.081,
385682.486,,1386.934,1297.467,
385749.145,,1389.804,1288.625,
385815.803,,1393.286,1280.587,
385882.460,,1388.990,1276.779,
385949.123,,1389.203,1273.834,
386015.780,,1387.063,1269.169,
386082.434,,1391.657,1268.285,
386149.096,,1390.304,1277.326,
386215.751,,1386.701,1278.779,
386282.410,,1389.821,1279.112,
386349.072,,1383.181,1273.396,
386415.730,,1388.092,1264.049,
386482.384,,1390.100,1267.434,
386549.045,,1391.581,1263.831,
386615.699,,1394.316,1258.806,
386682.358,,1397.688,1259.312,
386749.015,,1391.968,1257.447,
386815.671,,1389.510,1251.811,
386882.329,,1386.407,1248.592,
386948.987,,1398.642,1247.193,
387015.646,,1402.381,1243.886,
387082.304,,1394.465,1235.801,
387148.963,,1390.777,1237.208,
387215.619,,1384.788,1233.075,
387282.276,,1391.774,1229.736,
387348.941,,1392.596,1225.663,
387415.595,,1386.560,1224.062,
387482.252,,1386.185,1218.878,
387548.911,,1394.080,1215.965,
387615.571,,1389.144,1211.816,
387682.228,,1384.870,1209.630,
387748.885,,1381.888,1206.494,
387815.545,,1387.270,1207.472,
387882.203,,1385.547,1206.724,
387948.861,,1388.247,1207.246,
388015.517,,1387.658,1201.750,
388082.174,,1386.078,1197.938,
388148.834,,1391.806,1198.806,
388215.488,,1387.159,1196.886,
388282.151,,1386.608,1192.541,
388348.809,,1387.109,1192.559,
388415.462,,1386.673,1190.103,
388482.119,,1388.656,1186.660,
388548.783,,1384.829,1186.594,
388615.441,,1388.645,1185.500,
388682.097,,1397.298,1184.132,
388748.753,,1388.690,1187.753,
388815.412,,1385.445,1186.562,
388882.070,,1385.761,1185.590,
388948.731,,1392.171,1184.530,
389015.389,,1387.290,1182.414,
389082.046,,1383.303,1183.390,
389148.703,,1385.912,1186.027,
389215.357,,1381.887,1185.809,
389282.017,,1386.215,1191.034,
389348.677,,1385.617,1188.959,
389415.333,,1385.789,1191.000,
389481.993,,1389.228,1190.718,
389548.646,,1396.570,1189.968,
389615.306,,1403.146,1191.636,
389681.966,,1400.947,1187.002,
389748.626,,1397.467,1185.140,
389815.283,,1393.619,1182.789,
389881.936,,1389.941,1185.229,
389948.595,,1388.746,1182.652,
390015.254,,1390.134,1179.628,
390081.914,,1393.540,1178.686,
390148.572,,1396.236,1174.874,
390215.227,,1394.155,1175.068,
390281.885,,1384.904,1171.680,
390348.545,,1382.863,1171.430,
390415.203,,1383.194,1172.086,
390481.861,,1385.455,1170.940,
390548.515,,1386.966,1172.377,
390615.174,,1392.135,1174.452,
390681.835,,1393.228,1173.879,
390748.492,,1390.936,1171.419,
390815.152,,1389.856,1171.884,
390881.810,,1390.728,1170.371,
390948.467,,1396.940,1171.032,
391015.121,,1401.677,1170.718,
391081.784,,1396.301,1167.580,
391148.437,,1396.834,1166.891,
391215.094,,1393.534,1166.435,
391281.758,,1392.488,1167.328,
391348.414,,1391.484,1168.635,
391415.071,,1393.175,1171.778,
391481.731,,1400.731,1173.745,
391548.391,,1398.974,1172.096,
391615.045,,1398.621,1169.012,
391681.702,,1394.432,1166.569,
391748.359,,1393.403,1169.266,
391815.019,,1394.792,1171.031,
391881.678,,1389.006,1172.623,
391948.336,,1389.130,1170.075,
392014.992,,1392.267,1171.520,
392081.648,,1385.721,1171.415,
392148.306,,1385.202,1169.240,
392214.969,,1391.287,1169.851,
392281.623,,1392.722,1169.171,
392348.279,,1389.671,1170.371,
392414.942,,1387.853,1167.749,
392481.596,,1381.563,1171.785,
392548.255,,1389.886,1169.782,
392614.915,,1384.711,1169.355,
392681.569,,1385.029,1169.865,
392748.230,,1387.297,1171.717,
392814.886,,1387.827,1169.840,
392881.540,,1393.161,1171.062,
392948.201,,1390.573,1173.435,
393014.855,,1388.555,1166.307,
393081.513,,1390.936,1167.297,
393148.177,,1397.751,1166.932,
393214.832,,1394.220,1163.300,
393281.488,,1386.439,1162.854,
393348.144,,1381.195,1161.222,
393414.806,,1384.068,1161.285,
393481.460,,1381.886,1161.901,
393548.121,,1383.544,1162.530,
393614.777,,1382.898,1162.139,
393681.438,,1374.838,1158.639,
393748.096,,1375.597,1159.182,
393814.748,,1381.598,1159.615,
393881.408,,1380.392,1155.629,
393948.066,,1384.015,1159.232,
394014.723,,1384.393,1161.584,
394081.381,,1387.569,1160.303,
394148.043,,1386.805,1160.381,
394214.700,,1383.142,1161.022,
394281.358,,1386.219,1162.813,
394348.011,,1395.462,1165.168,
394414.670,,1387.675,1166.174,
394481.325,,1391.191,1165.525,
394547.989,,1389.950,1168.058,
394614.647,,1385.272,1168.112,
394681.301,,1384.877,1166.744,
394747.958,,1391.503,1161.502,
394814.618,,1388.990,1166.946,
394881.272,,1387.562,1165.857,
394947.931,,1390.210,1161.946,
395014.590,,1390.650,1162.251,
395081.249,,1391.064,1167.638,
395147.909,,1386.933,1169.348,
395214.562,,1390.667,1172.821,
395281.219,,1388.401,1176.452,
395347.878,,1387.914,1182.985,
395414.540,,1388.055,1181.514,
395481.196,,1388.043,1183.425,
395547.853,,1392.670,1187.792,
395614.508,,1393.521,1186.349,
395681.166,,1397.687,1186.025,
395747.828,,1401.831,1185.246,
395814.486,,1404.275,1187.911,
395881.143,,1394.974,1189.638,
395947.797,,1396.522,1194.888,
396014.455,,1395.753,1196.641,
396081.112,,1391.830,1196.411,
396147.773,,1393.177,1199.406,
396214.427,,1398.373,1198.809,
396281.090,,1400.733,1199.931,
396347.744,,1398.695,1193.466,
396414.405,,1389.965,1190.076,
396481.058,,1398.020,1189.087,
396547.716,,1390.932,1183.742,
396614.378,,1385.029,1181.341,
396681.033,,1389.783,1178.205,
396747.693,,1392.429,1183.149,
396814.347,,1396.572,1176.760,
396881.003,,1387.803,1173.203,
396947.661,,1391.457,1173.739,
397014.322,,1388.176,1173.657,
397080.983,,1391.353,1172.273,
397147.637,,1395.938,1172.815,
397214.294,,1401.627,1172.168,
397280.953,,1394.103,1173.719,
397347.611,,1400.143,1174.461,
397414.270,,1397.508,1170.845,
397480.924,,1389.133,1167.094,
397547.581,,1389.564,1165.641,
397614.245,,1382.185,1160.053,
397680.903,,1382.182,1158.647,
397747.560,,1387.195,1159.595,
397814.215,,1382.329,1162.488,
397880.870,,1380.771,1166.742,
397947.532,,1396.436,1169.415,
398014.188,,1395.300,1169.833,
398080.844,,1393.726,1171.227,
398147.506,,1386.862,1172.745,
398214.164,,1386.994,1172.974,
398280.817,,1384.193,1170.013,
398347.477,,1381.769,1167.004,
398414.134,,1379.717,1168.854,
398480.794,,1380.760,1168.462,
398547.453,,1378.842,1165.252,
398614.106,,1385.286,1160.684,
398680.764,,1372.914,1161.246,
398747.425,,1382.966,1162.554,
398814.079,,1380.365,1168.223,
398880.740,,1384.829,1168.349,
398947.398,,1389.924,1167.537,
399014.053,,1389.717,1169.109,
399080.710,,1389.983,1170.002,
399147.368,,1390.294,1168.934,
399214.029,,1392.824,1172.024,
399280.684,,1396.180,1175.217,
399347.340,,1401.200,1180.364,
399414.003,,1398.208,1181.447,
399480.659,,1395.707,1184.309,
399547.317,,1400.077,1179.380,
399613.970,,1399.917,1179.339,
399680.631,,1390.281,1180.589,
399747.289,,1388.890,1182.889,
399813.947,,1392.604,1181.211,
399880.603,,1398.667,1177.795,
399947.266,,1393.807,1177.171,
400013.924,,1393.124,1174.088,
400080.576,,1388.178,1173.856,
400147.234,,1386.984,1173.375,
400213.898,,1386.616,1172.063,
400280.556,,1394.093,1170.509,
400347.213,,1388.296,1172.179,
400413.873,,1389.374,1172.252,
400480.530,,1385.964,1172.225,
400547.185,,1383.832,1173.480,
400613.849,,1385.757,1174.499,
400680.505,,1387.060,1169.369,
400747.159,,1388.124,1173.619,
400813.820,,1390.284,1177.040,
400880.480,,1389.674,1175.751,
400947.137,,1386.248,1175.105,
401013.798,,1382.997,1174.292,
401080.451,,1381.764,1172.910,
401147.109,,1380.257,1173.831,
401213.769,,1378.933,1170.360,
401280.431,,1377.854,1168.986,
401347.090,,1379.607,1167.643,
401413.746,,1376.031,1167.574,
401480.406,,1374.954,1164.192,
401547.059,,1380.277,1164.984,
401613.717,,1379.790,1165.197,
401680.378,,1384.131,1171.882,
401747.033,,1379.197,1175.957,
401813.696,,1376.625,1192.064,
401880.356,,1377.642,1198.447,
401947.011,,1377.039,1229.127,
402013.668,,1382.642,1339.010,
402080.330,,1384.762,1378.920,
402146.988,,1382.586,1396.338,
402213.646,,1384.831,1386.571,
402280.305,,1387.296,1380.807,
402346.962,,1383.773,1372.308,
402413.622,,1381.030,1356.612,
402480.280,,1383.811,1346.830,
402546.934,,1390.510,1334.282,
402613.597,,1383.864,1326.848,
402680.253,,1383.339,1316.012,
402746.909,,1382.959,1305.752,
402813.568,,1383.341,1303.162,
402880.229,,1373.690,1291.514,
402946.888,,1381.456,1286.978,
403013.542,,1377.803,1281.345,
403080.203,,1378.087,1275.137,
403146.864,,1382.884,1268.582,
403213.518,,1380.133,1263.207,
403280.178,,1379.682,1254.165,
403346.838,,1381.368,1251.272,
403413.491,,1382.146,1250.406,
403480.153,,1379.375,1242.052,
403546.812,,1379.739,1238.559,
403613.466,,1377.638,1233.219,
403680.125,,1380.956,1230.800,
403746.785,,1373.449,1224.543,
403813.445,,1377.263,1221.665,
403880.102,,1382.504,1217.771,
403946.758,,1383.161,1218.956,
404013.417,,1382.490,1219.064,
404080.075,,1385.193,1215.386,
404146.738,,1389.031,1211.981,
404213.395,,1378.022,1212.868,
404280.049,,1379.685,1209.391,
404346.712,,1381.654,1203.633,
404413.371,,1380.661,1204.031,
404480.030,,1375.068,1199.701,
404546.684,,1384.197,1199.239,
404613.343,,1382.525,1197.807,
404680.005,,1381.453,1196.726,
404746.662,,1384.041,1196.286,
404813.320,,1379.579,1206.263,
404879.978,,1385.884,1211.280,
404946.636,,1385.514,1215.431,
405013.294,,1387.269,1217.023,
405079.951,,1385.222,1216.808,
405146.608,,1383.664,1216.933,
405213.266,,1389.211,1217.659,
405279.926,,1388.622,1214.193,
405346.588,,1391.495,1209.876,
405413.245,,1391.312,1206.828,
405479.904,,1387.632,1213.187,
405546.563,,1395.051,1215.292,
405613.215,,1396.819,1206.333,
405679.877,,1388.332,1202.488,
405746.531,,1384.274,1200.780,
405813.193,,1386.182,1201.130,
405879.854,,1383.864,1203.328,
405946.510,,1384.479,1203.346,
406013.167,,1388.316,1207.357,
406079.826,,1386.126,1210.420,
406146.483,,1383.150,1216.629,
406213.142,,1387.304,1215.205,
406279.800,,1388.218,1212.430,
406346.462,,1393.303,1215.783,
406413.116,,1386.417,1209.510,
406479.775,,1383.547,1204.214,
406546.438,,1387.637,1205.401,
406613.095,,1398.520,1207.382,
406679.748,,1406.403,1203.880,
406746.408,,1397.990,1191.217,
406813.068,Input1*2*0,1375.217,1193.378,
406879.724,Input1*2*1,1378.279,1197.496,
406946.383,,1386.233,1198.941,
407013.046,,1388.149,1198.723,
407079.701,,1395.903,1192.703,
407146.360,,1398.808,1215.841,
407213.020,,1385.641,1239.281,
407279.675,,1393.890,1251.738,
407346.337,,1383.393,1253.069,
407412.991,,1387.003,1254.945,
407479.650,,1375.532,1251.679,
407546.309,,1383.615,1245.519,
407612.968,,1385.233,1242.996,
407679.627,,1388.072,1237.352,
407746.285,,1385.171,1235.493,
407812.944,,1386.541,1232.344,
407879.603,,1390.939,1225.823,
407946.261,,1389.956,1219.210,
408012.915,,1385.079,1213.276,
408079.575,,1385.992,1210.963,
408146.237,,1384.864,1205.052,
408212.894,,1388.413,1201.573,
408279.553,,1380.700,1199.070,
408346.207,,1379.430,1195.142,
408412.869,,1376.510,1199.383,
408479.525,,1380.456,1196.774,
408546.181,,1387.086,1193.419,
408612.842,,1381.872,1184.072,
408679.497,,1380.630,1183.701,
408746.156,,1375.133,1181.417,
408812.818,,1387.696,1182.359,
408879.479,,1396.414,1181.321,
408946.137,,1385.338,1177.635,
409012.794,,1390.089,1175.516,
409079.452,,1399.965,1178.021,
409146.110,,1394.915,1175.208,
409212.766,,1386.630,1173.878,
409279.429,,1390.241,1172.746,
409346.084,,1390.647,1171.391,
409412.742,,1390.546,1169.425,
409479.398,,1384.220,1167.295,
409546.059,,1384.544,1171.269,
409612.719,,1385.229,1164.822,
409679.378,,1382.833,1167.547,
409746.032,,1389.653,1174.110,
409812.691,,1394.802,1172.235,
409879.350,,1387.399,1172.039,
409946.006,,1388.254,1173.580,
410012.669,,1398.487,1171.071,
410079.328,,1399.174,1174.323,
410145.984,,1394.519,1177.869,
410212.645,,1399.519,1168.835,
410279.300,,1386.243,1170.302,
410345.957,,1388.350,1165.944,
410412.618,,1384.996,1165.299,
410479.279,,1388.085,1164.607,
410545.936,,1389.184,1167.186,
410612.592,,1388.551,1167.461,
410679.252,,1390.963,1168.670,
410745.912,,1382.572,1170.211,
410812.571,,1381.099,1173.683,
410879.227,,1388.878,1176.019,
410945.884,,1387.493,1173.246,
411012.540,,1379.343,1172.291,
411079.203,,1375.826,1169.777,
411145.860,,1369.025,1165.256,
411212.519,,1376.156,1164.941,
411279.174,,1368.018,1167.033,
411345.832,,1368.957,1162.734,
411412.490,,1373.340,1163.007,
411479.150,,1377.012,1161.664,
411545.811,,1378.756,1163.063,
411612.465,,1372.265,1166.633,
411679.127,,1369.623,1160.617,
411745.785,,1375.261,1161.906,
411812.446,,1374.235,1162.038,
411879.100,,1380.989,1161.990,
411945.757,,1384.621,1160.054,
412012.416,,1379.356,1162.087,
412079.076,,1373.982,1164.066,
412145.735,,1384.845,1162.510,
412212.394,,1391.344,1163.322,
412279.050,,1386.300,1165.317,
412345.710,,1388.684,1168.605,
412412.367,,1387.989,1168.671,
412479.024,,1383.394,1164.674,
412545.687,,1377.989,1167.301,
412612.347,,1380.717,1167.844,
412678.999,,1387.041,1172.310,
412745.657,,1382.287,1174.437,
412812.315,,1382.854,1177.789,
412878.975,,1389.331,1178.445,
412945.634,,1391.215,1178.960,
413012.297,,1395.380,1177.390,
413078.951,,1399.188,1180.852,
413145.612,,1407.235,1180.154,
413212.272,,1400.895,1182.543,
413278.926,,1394.090,1185.099,
413345.584,,1395.715,1187.998,
413412.246,,1392.930,1188.926,
413478.903,,1399.525,1191.780,
413545.562,,1389.238,1192.298,
413612.220,,1380.736,1189.796,
413678.878,,1380.870,1191.018,
413745.539,,1381.762,1188.355,
413812.196,,1389.679,1186.732,
413878.856,,1385.802,1187.447,
413945.510,,1384.451,1183.050,
414012.173,,1384.978,1184.048,
414078.831,,1381.715,1190.473,
414145.487,,1388.285,1193.946,
414212.141,,1386.189,1197.894,
414278.803,,1384.153,1193.614,
414345.461,,1385.676,1190.662,
414412.119,,1381.778,1188.461,
414478.778,,1381.605,1189.700,
414545.433,,1384.628,1188.910,
414612.091,,1377.502,1184.919,
414678.750,,1380.646,1183.181,
414745.409,,1384.643,1185.882,
414812.073,,1382.451,1188.041,
414878.724,,1380.872,1188.468,
414945.387,,1378.954,1189.108,
415012.042,,1379.979,1185.543,
415078.704,,1386.491,1184.640,
415145.364,,1385.218,1183.752,
415212.017,,1383.595,1182.983,
415278.679,,1386.610,1178.720,
415345.334,,1377.834,1178.169,
415411.991,,1376.629,1172.330,
415478.652,,1373.413,1175.529,
415545.313,,1377.218,1169.683,
415611.969,,1379.751,1170.315,
415678.631,,1375.987,1169.953,
415745.288,,1373.401,1170.251,
415811.947,,1369.923,1166.544,
415878.601,,1377.591,1168.225,
415945.257,,1376.500,1167.291,
416011.919,,1377.456,1164.557,
416078.575,,1380.921,1166.595,
416145.233,,1382.196,1161.718,
416211.890,,1388.887,1165.309,
416278.548,,1382.969,1164.277,
416345.206,,1373.026,1163.853,
416411.863,,1382.901,1166.250,
416478.518,,1384.572,1174.037,
416545.173,,1384.549,1176.891,
416611.831,,1386.605,1178.412,
416678.492,,1394.087,1178.540,
416745.149,,1389.493,1179.952,
416811.806,,1392.656,1191.090,
416878.458,,1394.670,1198.143,
416945.121,,1389.616,1204.410,
417011.773,,1385.384,1208.227,
417078.433,,1381.299,1213.243,
417145.087,,1378.744,1210.555,
417211.746,,1381.018,1209.262,
417278.407,,1381.966,1204.931,
417345.061,,1378.041,1200.573,
417411.721,,1390.628,1198.363,
417478.376,,1393.108,1196.826,
417545.033,,1392.226,1195.424,
417611.690,,1388.671,1191.862,
417678.349,,1389.203,1190.635,
417745.005,,1393.302,1188.550,
417811.662,,1390.840,1182.051,
417878.321,,1396.144,1181.025,
417944.977,,1395.676,1184.392,
418011.630,,1394.711,1183.985,
418078.292,,1394.350,1184.809,
418144.950,,1394.927,1188.574,
418211.605,,1402.657,1189.146,
418278.265,,1398.146,1185.948,
418344.917,,1394.303,1184.866,
418411.576,,1389.825,1181.849,
418478.232,,1388.106,1183.648,
418544.890,,1385.803,1185.775,
418611.549,,1386.667,1180.480,
418678.205,,1386.713,1178.220,
418744.860,,1386.140,1177.517,
418811.517,,1384.240,1176.666,
418878.174,,1383.850,1174.368,
418944.832,,1385.646,1172.649,
419011.493,,1381.343,1170.952,
419078.146,,1377.870,1168.696,
419144.806,,1379.958,1167.310,
419211.467,,1379.285,1167.624,
419278.122,,1378.087,1165.381,
419344.775,,1380.812,1163.650,
419411.438,,1387.548,1158.616,
419478.089,,1379.290,1158.470,
419544.752,,1377.844,1155.822,
419611.410,,1382.383,1157.354,
419678.062,,1379.077,1154.939,
419744.721,,1386.163,1162.178,
419811.379,,1392.498,1161.996,
419878.034,,1391.080,1161.410,
419944.691,,1394.585,1161.500,
420011.349,,1392.236,1162.154,
420078.008,,1393.606,1163.367,
420144.661,,1395.304,1163.654,
420211.323,,1393.339,1171.732,
420277.977,,1389.452,1175.796,
420344.633,,1391.457,1184.799,
420411.291,,1392.662,1185.928,
420477.947,,1391.201,1185.310,
420544.605,,1392.209,1187.119,
420611.266,,1388.622,1185.488,
420677.919,,1385.116,1179.424,
420744.582,,1386.159,1175.842,
420811.239,,1379.186,1175.805,
420877.890,,1381.275,1175.604,
420944.549,,1382.219,1171.953,
421011.208,,1376.283,1159.255,
421077.867,,1385.255,1165.707,
421144.518,,1388.383,1165.462,
421211.180,,1390.651,1165.500,
421277.839,,1400.000,1167.807,
421344.496,,1400.654,1165.801,
421411.153,,1395.633,1166.043,
421477.808,,1395.392,1162.579,
421544.467,,1389.430,1160.528,
421611.123,,1387.014,1160.608,
421677.782,,1385.545,1159.976,
421744.436,,1382.835,1157.843,
421811.092,,1390.215,1158.011,
421877.749,,1386.466,1161.510,
421944.405,,1385.862,1160.519,
422011.067,,1385.531,1161.173,
422077.720,,1382.825,1167.360,
422144.382,,1389.771,1168.650,
422211.034,,1386.570,1164.307,
422277.690,,1387.756,1164.286,
422344.352,,1387.048,1167.368,
422411.007,,1388.545,1173.096,
422477.669,,1386.948,1183.354,
422544.319,,1383.507,1192.282,
422610.979,,1376.234,1192.242,
422677.636,,1372.438,1195.631,
422744.296,,1374.861,1192.342,
422810.948,,1377.267,1194.315,
422877.611,,1377.047,1195.499,
422944.264,,1380.256,1190.484,
423010.920,,1384.244,1193.342,
423077.582,,1381.483,1187.815,
423144.236,,1387.966,1185.456,
423210.892,,1382.105,1184.786,
423277.552,,1381.043,1186.084,
423344.205,,1385.410,1183.985,
423410.863,,1392.372,1182.836,
423477.525,,1390.425,1180.492,
423544.181,,1385.429,1181.043,
423610.835,,1381.878,1179.643,
423677.495,,1382.702,1177.066,
423744.150,,1389.039,1176.362,
423810.807,,1382.896,1178.953,
423877.466,,1383.841,1178.090,
423944.128,,1386.769,1172.871,
424010.784,,1376.059,1175.783,
424077.445,,1383.203,1179.780,
424144.096,,1386.911,1177.959,
424210.757,,1389.994,1179.438,
424277.420,,1385.258,1180.690,
424344.074,,1388.308,1177.116,
424410.736,,1383.197,1182.965,
424477.395,,1392.697,1188.134,
424544.050,,1390.194,1192.213,
424610.710,,1396.445,1200.314,
424677.366,,1391.692,1202.602,
424744.024,,1390.855,1201.713,
424810.687,,1390.736,1199.458,
424877.339,,1388.366,1199.028,
424944.001,,1387.496,1195.961,
425010.662,,1385.237,1195.499,
425077.319,,1386.222,1193.584,
425143.976,,1386.974,1193.362,
425210.635,,1392.668,1191.235,
425277.295,,1386.445,1195.054,
425343.949,,1390.276,1190.574,
425410.613,,1394.149,1191.750,
425477.267,,1393.861,1194.468,
425543.927,,1395.294,1189.626,
425610.584,,1393.138,1188.096,
425677.244,,1393.025,1186.422,
425743.902,,1394.579,1184.611,
425810.559,,1392.752,1178.846,
425877.221,,1390.701,1174.842,
425943.874,,1388.857,1175.216,
426010.537,,1390.624,1174.171,
426077.192,,1395.280,1175.299,
426143.852,,1394.001,1173.778,
426210.509,,1396.943,1171.655,
426277.172,,1387.113,1166.642,
426343.830,,1391.718,1167.182,
426410.485,,1390.328,1165.525,
426477.147,,1390.310,1161.727,
426543.803,,1391.073,1167.057,
426610.458,,1393.452,1166.913,
426677.119,,1391.194,1167.223,
426743.781,,1391.016,1168.336,
426810.439,,1388.068,1165.470,
426877.095,,1389.927,1162.957,
426943.751,,1388.758,1176.942,
427010.408,,1388.264,1198.577,
427077.070,,1388.431,1208.781,
427143.726,,1391.988,1218.328,
427210.390,,1395.654,1221.822,
427277.048,,1398.292,1215.057,
427343.704,,1392.356,1205.838,
427410.361,,1387.744,1202.744,
427477.019,,1384.913,1193.619,
427543.679,,1395.187,1192.848,
427610.335,,1379.174,1188.755,
427676.994,,1381.970,1185.595,
427743.655,,1381.876,1180.493,
427810.315,,1376.071,1177.955,
427876.972,,1373.455,1176.797,
427943.626,,1372.224,1174.101,
428010.290,,1370.352,1174.032,
428076.947,,1377.493,1173.766,
428143.603,,1379.994,1173.264,
428210.261,,1380.917,1175.906,
428276.925,,1375.600,1171.182,
428343.576,,1373.047,1171.478,
428410.236,,1375.839,1171.545,
428476.895,,1363.023,1169.154,
428543.556,,1375.908,1172.305,
428610.215,,1382.980,1177.369,
428676.874,,1386.943,1179.913,
428743.533,,1386.780,1184.163,
428810.187,,1391.113,1186.637,
428876.848,,1388.644,1192.129,
428943.505,,1386.911,1191.061,
429010.163,,1395.169,1190.200,
429076.823,,1389.354,1195.049,
429143.478,,1388.060,1195.500,
429210.137,,1392.173,1198.250,
429276.799,,1394.343,1191.311,
429343.453,,1389.093,1188.407,
429410.112,,1383.021,1181.900,
429476.776,,1387.872,1186.702,
429543.432,,1385.157,1187.288,
429610.093,,1382.394,1185.658,
429676.749,,1382.238,1192.327,
429743.408,,1389.062,1197.645,
429810.065,,1381.259,1200.879,
429876.725,,1389.516,1201.942,
429943.384,,1381.502,1206.876,
430010.041,,1375.551,1208.057,
430076.701,,1383.495,1227.471,
430143.357,,1388.794,1245.081,
430210.019,,1384.146,1258.601,
430276.675,,1386.257,1257.997,
430343.331,,1396.334,1256.937,
430409.992,,1396.953,1251.036,
430476.650,,1394.171,1246.070,
430543.310,,1384.551,1244.248,
430609.964,,1378.772,1235.756,
430676.624,,1385.198,1234.668,
430743.285,,1384.247,1229.579,
430809.942,,1377.941,1223.531,
430876.600,,1381.257,1217.704,
430943.256,,1376.175,1214.327,
431009.913,,1375.362,1211.942,
431076.574,,1375.457,1209.672,
431143.231,,1376.340,1206.114,
431209.894,,1378.014,1203.978,
431276.550,,1384.560,1204.217,
431343.205,,1374.118,1203.309,
431409.867,,1375.575,1199.955,
431476.528,,1384.326,1197.923,
431543.186,,1383.708,1194.096,
431609.843,,1383.964,1191.121,
431676.499,,1386.937,1189.901,
431743.156,,1393.435,1189.238,
431809.819,,1402.986,1189.747,
431876.475,,1402.228,1190.319,
431943.136,,1403.173,1186.511,
432009.792,,1403.288,1185.483,
432076.449,,1396.454,1188.963,
432143.109,,1392.915,1189.543,
432209.767,,1386.345,1192.363,
432276.423,,1387.160,1197.566,
432343.081,,1385.281,1215.578,
432409.738,,1387.365,1260.172,
432476.398,,1387.702,1283.539,
432543.053,,1388.092,1297.425,
432609.696,,1383.675,1310.056,
432676.366,,1381.719,1307.358,
432743.024,,1383.022,1304.402,
432809.682,,1384.844,1307.451,
432876.339,,1385.967,1313.122,
432943.000,,1385.264,1307.637,
433009.656,,1383.547,1300.671,
433076.315,,1381.678,1292.568,
433142.974,,1384.693,1286.059,
433209.629,,1382.881,1279.417,
433276.285,,1386.303,1263.818,
433342.944,,1390.306,1266.150,
433409.604,,1391.886,1253.602,
433476.259,,1384.780,1250.987,
433542.917,,1381.058,1243.536,
433609.574,,1378.596,1237.927,
433676.232,,1389.147,1234.133,
433742.889,,1383.574,1229.834,
433809.550,,1385.424,1227.082,
433876.208,,1383.858,1222.576,
433942.864,,1384.962,1218.624,
434009.519,,1386.217,1216.402,
434076.181,,1381.616,1213.390,
434142.834,,1382.317,1208.883,
434209.492,,1395.144,1208.392,
434276.151,,1391.529,1205.798,
434342.812,,1399.825,1203.477,
434409.467,,1402.356,1200.380,
434476.124,,1399.373,1197.157,
434542.784,,1394.006,1195.132,
434609.440,,1396.194,1192.407,
434676.100,,1395.080,1192.777,
434742.758,,1393.311,1188.165,
434809.416,,1387.457,1187.429,
434876.073,,1385.844,1186.556,
434942.729,,1405.312,1188.406,
435009.383,,1400.492,1188.272,
435076.045,,1397.819,1184.317,
435142.703,,1400.360,1185.369,
435209.360,,1399.180,1186.006,
435276.016,,1388.872,1179.353,
435342.675,,1388.003,1177.149,
435409.330,,1392.832,1176.436,
435475.993,,1381.207,1173.036,
435542.645,,1387.015,1175.484,
435609.309,,1390.331,1176.934,
435675.967,,1385.276,1177.251,
435742.622,,1384.892,1176.820,
435809.281,,1386.227,1178.050,
435875.935,,1388.434,1176.856,
435942.597,,1390.454,1175.281,
436009.252,,1386.805,1177.440,
436075.908,,1387.775,1181.735,
436142.568,,1388.061,1186.395,
436209.228,,1391.498,1183.029,
436275.882,,1386.328,1191.824,
436342.541,,1390.958,1182.078,
436409.197,,1385.268,1186.395,
436475.859,,1388.060,1184.591,
436542.515,,1392.219,1181.142,
436609.170,,1388.162,1182.281,
436675.829,,1395.305,1180.222,
436742.484,,1388.482,1179.307,
436809.144,,1387.451,1179.235,
436875.799,,1390.986,1180.303,
436942.457,,1387.319,1177.766,
437009.117,,1385.856,1175.581,
437075.778,,1381.133,1174.282,
437142.434,,1382.237,1173.612,
437209.086,,1391.856,1174.128,
437275.750,,1394.010,1179.886,
437342.408,,1397.279,1175.132,
437409.062,,1392.930,1169.845,
437475.719,,1384.495,1167.956,
437542.379,,1390.186,1168.016,
437609.037,,1384.817,1165.350,
437675.692,,1390.957,1163.685,
437742.353,,1393.879,1165.232,
437809.006,,1391.727,1162.570,
437875.669,,1382.889,1162.685,
437942.322,,1384.429,1165.612,
438008.983,,1387.472,1167.610,
438075.637,,1387.934,1165.329,
438142.298,,1384.091,1168.525,
438208.956,,1379.730,1164.050,
438275.612,,1382.191,1162.853,
438342.272,,1385.244,1163.216,
438408.930,,1388.404,1166.946,
438475.588,,1393.425,1164.994,
438542.242,,1385.146,1162.229,
438608.903,,1377.132,1168.782,
438675.555,,1399.509,1159.864,
438742.214,,1379.582,1162.477,
438808.877,,1379.057,1163.504,
438875.529,,1376.274,1163.480,
438942.192,,1379.944,1158.302,
439008.847,,1387.715,1165.267,
439075.505,,1391.813,1165.089,
439142.161,,1394.114,1162.141,
439208.817,,1390.432,1160.355,
439275.480,,1381.896,1161.537,
439342.134,,1384.526,1157.221,
439408.795,,1387.850,1159.838,
439475.450,,1383.121,1160.629,
439542.111,,1393.632,1162.205,
439608.767,,1397.088,1160.306,
439675.422,,1395.284,1162.044,
439742.083,,1397.982,1166.517,
439808.741,,1395.432,1162.355,
439875.395,,1395.540,1167.136,
439942.054,,1395.781,1169.667,
440008.714,,1396.294,1170.661,
440075.373,,1393.564,1170.466,
440142.030,,1389.760,1172.235,
440208.686,,1390.970,1180.403,
440275.341,,1393.911,1195.344,
440342.004,,1394.692,1200.329,
440408.661,,1390.288,1199.210,
440475.314,,1392.200,1208.383,
440541.972,,1390.809,1204.230,
440608.634,,1389.672,1204.227,
440675.291,,1395.569,1202.457,
440741.947,,1389.811,1203.425,
440808.609,,1386.167,1208.606,
440875.264,,1389.832,1222.204,
440941.921,,1391.491,1229.655,
441008.578,,1388.807,1234.314,
441075.235,,1392.138,1230.061,
441141.893,,1391.366,1225.022,
441208.555,,1387.889,1214.402,
441275.210,,1380.681,1214.613,
441341.866,,1386.310,1205.508,
441408.524,,1378.076,1200.477,
441475.182,,1380.934,1201.096,
441541.841,,1380.851,1193.498,
441608.500,,1378.226,1189.950,
441675.159,,1386.908,1187.575,
441741.818,,1368.103,1190.628,
441808.475,,1375.679,1197.609,
441875.128,,1377.633,1191.170,
441941.791,,1379.123,1188.012,
442008.449,,1389.712,1190.070,
442075.107,,1385.727,1183.131,
442141.760,,1379.013,1182.708,
442208.417,,1381.262,1190.181,
442275.077,,1380.953,1194.067,
442341.733,,1387.192,1206.776,
442408.392,,1385.664,1198.703,
442475.049,,1387.990,1200.094,
442541.711,,1390.731,1205.350,
442608.366,,1394.323,1203.092,
442675.027,,1390.817,1200.609,
442741.680,,1387.262,1197.012,
442808.341,,1379.308,1193.815,
442875.000,,1372.863,1190.784,
442941.653,,1370.914,1186.650,
443008.312,,1372.438,1186.083,
443074.968,,1366.828,1187.292,
443141.628,,1372.713,1181.885,
443208.288,,1376.382,1185.461,
443274.944,,1377.766,1184.438,
443341.604,,1375.097,1178.703,
443408.259,,1373.481,1177.698,
443474.919,,1367.275,1175.941,
443541.578,,1369.271,1175.535,
443608.234,,1376.824,1175.869,
443674.893,,1380.131,1179.701,
443741.551,,1382.327,1182.542,
443808.210,,1381.899,1182.198,
443874.865,,1379.304,1186.788,
443941.525,,1383.435,1187.225,
444008.181,,1385.213,1186.925,
444074.837,,1381.549,1185.543,
444141.493,,1378.163,1185.548,
444208.156,,1383.452,1182.999,
444274.811,,1377.981,1176.387,
444341.471,,1368.057,1178.132,
444408.128,,1365.181,1176.220,
444474.787,,1364.663,1171.518,
444541.441,,1367.748,1170.621,
444608.100,,1372.530,1170.986,
444674.757,,1380.182,1172.127,
444741.416,,1377.167,1170.337,
444808.075,,1379.305,1168.808,
444874.735,,1372.067,1165.753,
444941.393,,1364.400,1164.991,
445008.046,,1369.868,1166.920,
445074.706,,1375.016,1168.252,
445141.365,,1365.083,1173.320,
445208.022,,1368.399,1174.458,
445274.678,,1374.923,1182.378,
445341.340,,1379.145,1191.945,
445407.995,,1366.720,1197.406,
445474.650,,1372.942,1202.593,
445541.310,,1370.343,1201.040,
445607.966,,1374.007,1197.595,
445674.626,,1375.246,1194.699,
445741.282,,1373.884,1193.963,
445807.943,,1375.233,1192.232,
445874.601,,1370.968,1189.686,
445941.259,,1372.507,1190.501,
446007.914,,1379.177,1194.491,
446074.575,,1381.472,1190.545,
446141.230,,1383.482,1190.185,
446207.891,,1380.654,1186.698,
446274.549,,1382.498,1182.418,
446341.207,,1374.291,1177.357,
446407.864,,1380.590,1177.556,
446474.522,,1385.299,1177.089,
446541.176,,1383.978,1178.285,
446607.839,,1387.714,1176.124,
446674.496,,1387.671,1174.076,
446741.148,,1394.861,1173.082,
446807.810,,1393.528,1174.271,
446874.469,,1396.483,1178.540,
446941.127,,1395.749,1178.991,
447007.781,,1395.306,1180.852,
447074.438,,1394.603,1179.882,
447141.095,,1396.309,1181.881,
447207.759,,1397.572,1181.709,
447274.416,,1396.642,1181.586,
447341.069,,1393.825,1181.090,
447407.732,,1391.268,1182.279,
447474.389,,1395.374,1183.154,
447541.045,,1392.669,1182.908,
447607.699,,1400.278,1182.119,
447674.358,,1398.860,1180.875,
447741.018,,1395.995,1177.213,
447807.675,,1394.306,1177.711,
447874.331,,1395.964,1177.312,
447940.992,,1399.577,1176.298,
448007.650,,1400.898,1173.693,
448074.309,,1396.782,1172.437,
448140.962,,1392.048,1171.070,
448207.622,,1390.170,1166.893,
448274.282,,1396.183,1168.100,
448340.940,,1384.770,1166.941,
448407.596,,1386.630,1165.423,
448474.253,,1386.612,1169.533,
448540.911,,1388.904,1171.421,
448607.569,,1386.051,1172.194,
448674.227,,1387.347,1171.869,
448740.887,,1386.445,1171.699,
448807.549,,1386.860,1169.086,
448874.203,,1381.786,1170.041,
448940.861,,1386.777,1170.040,
449007.517,,1385.823,1166.517,
449074.176,,1390.786,1165.744,
449140.839,,1395.113,1168.279,
449207.493,,1393.504,1167.601,
449274.152,,1396.993,1168.573,
449340.810,,1397.121,1170.372,
449407.468,,1397.358,1168.685,
449474.129,,1397.466,1168.796,
449540.785,,1394.126,1169.573,
449607.445,,1392.426,1170.853,
449674.099,,1391.665,1170.032,
449740.757,,1390.525,1169.186,
449807.416,,1390.820,1170.153,
449874.074,,1396.412,1171.268,
449940.732,,1395.801,1172.717,
450007.392,,1390.174,1171.404,
450074.046,,1390.141,1167.004,
450140.710,,1368.900,1160.250,
450207.362,,1377.098,1162.338,
450274.020,,1376.997,1164.003,
450340.682,,1373.197,1165.404,
450407.341,,1385.268,1164.050,
450473.995,,1386.599,1167.195,
450540.653,,1384.820,1171.847,
450607.315,,1404.164,1175.595,
450673.969,,1390.664,1167.237,
450740.628,,1387.411,1169.439,
450807.290,,1393.081,1175.649,
450873.942,,1387.834,1165.266,
450940.603,,1380.246,1162.864,
451007.260,,1391.513,1163.983,
451073.918,,1398.030,1162.651,
451140.576,,1385.328,1161.060,
451207.234,,1381.989,1162.327,
451273.894,,1384.805,1163.643,
451340.548,,1396.369,1159.985,
451407.210,,1374.337,1160.471,
451473.870,,1371.806,1158.307,
451540.524,,1382.203,1163.334,
451607.182,,1382.691,1163.061,
451673.843,,1402.806,1166.803,
451740.501,,1382.191,1164.673,
451807.160,,1382.703,1168.383,
451873.818,,1391.425,1169.253,
451940.475,,1394.268,1173.516,
452007.129,,1395.670,1170.800,
452073.791,,1391.319,1171.056,
452140.444,,1397.136,1174.268,
452207.105,,1396.257,1172.204,
452273.763,,1401.448,1171.037,
452340.419,,1395.970,1172.277,
452407.082,,1392.323,1166.784,
452473.738,,1392.216,1167.456,
452540.397,,1390.330,1168.624,
452607.055,,1390.217,1167.651,
452673.712,,1390.033,1168.911,
452740.372,,1386.814,1169.417,
452807.031,,1386.454,1168.844,
452873.687,,1384.538,1169.856,
452940.345,,1382.163,1168.119,
453007.002,,1389.000,1170.515,
453073.657,,1391.469,1171.505,
453140.317,,1393.293,1171.160,
453206.979,,1388.837,1174.868,
453273.631,,1391.417,1178.029,
453340.294,,1393.056,1176.596,
453406.950,,1386.092,1179.198,
453473.610,,1381.169,1176.383,
453540.269,,1377.624,1181.291,
453606.926,,1395.354,1175.723,
453673.584,,1378.053,1172.371,
453740.238,,1382.169,1171.264,
453806.897,,1384.939,1171.875,
453873.558,,1385.011,1170.049,
453940.216,,1389.557,1168.734,
454006.874,,1386.444,1168.823,
454073.529,,1378.645,1165.369,
454140.188,,1384.914,1164.977,
454206.845,,1390.037,1166.952,
454273.506,,1392.985,1167.658,
454340.159,,1396.281,1167.853,
454406.821,,1396.821,1171.265,
454473.481,,1396.396,1170.692,
454540.136,,1395.380,1170.640,
454606.797,,1395.224,1172.260,
454673.452,,1395.041,1172.208,
454740.112,,1395.126,1170.444,
454806.768,,1394.304,1169.245,
454873.424,,1397.915,1167.225,
454940.087,,1388.310,1168.903,
455006.740,,1386.616,1170.088,
455073.402,,1383.549,1172.304,
455140.059,,1393.846,1166.781,
455206.715,,1389.028,1166.312,
455273.374,,1396.588,1164.392,
455340.031,,1390.937,1162.499,
455406.693,,1384.942,1162.160,
455473.349,,1386.278,1160.334,
455540.007,,1390.761,1159.850,
455606.663,,1391.646,1160.789,
455673.321,,1394.080,1160.214,
455739.982,,1402.135,1162.223,
455806.642,,1404.190,1163.220,
455873.300,,1396.911,1158.675,
455939.952,,1392.622,1160.306,
456006.611,,1385.915,1160.112,
456073.270,,1387.743,1163.363,
456139.931,,1396.511,1163.052,
456206.589,,1395.908,1165.760,
456273.242,,1391.715,1165.606,
456339.905,,1389.579,1166.168,
456406.564,,1387.351,1160.796,
456473.222,,1376.865,1167.189,
456539.876,,1383.427,1167.852,
456606.534,,1384.489,1170.168,
456673.196,,1389.379,1167.110,
456739.851,,1384.871,1171.874,
456806.512,,1384.965,1169.229,
456873.167,,1391.109,1168.037,
456939.822,,1389.261,1166.216,
457006.482,,1388.954,1167.715,
457073.141,,1384.805,1164.884,
457139.798,,1384.638,1167.161,
457206.459,,1385.306,1179.161,
457273.114,,1383.128,1180.747,
457339.776,,1382.898,1180.709,
457406.433,,1379.930,1180.120,
457473.088,,1384.903,1179.526,
457539.745,,1382.777,1178.658,
457606.405,,1383.439,1182.624,
457673.064,,1387.659,1184.756,
457739.723,,1391.992,1186.065,
457806.379,,1392.798,1198.235,
457873.040,,1391.904,1226.366,
457939.697,,1389.704,1304.704,
458006.352,,1385.641,1347.482,
458073.010,,1383.922,1362.336,
458139.670,,1383.392,1361.462,
458206.326,,1387.442,1357.709,
458272.987,,1375.852,1342.597,
458339.643,,1382.741,1327.888,
458406.304,,1375.486,1322.599,
458472.959,,1373.554,1318.667,
458539.618,,1370.462,1305.312,
458606.272,,1376.413,1299.024,
458672.932,,1382.908,1292.346,
458739.593,,1379.445,1298.342,
458806.252,,1376.840,1297.396,
458872.907,,1378.784,1291.019,
458939.568,,1384.102,1289.346,
459006.225,,1384.025,1280.711,
459072.881,,1381.136,1264.912,
459139.541,,1376.186,1262.332,
459206.198,,1379.834,1259.589,
459272.854,,1382.382,1246.040,
459339.514,,1384.643,1238.337,
459406.170,,1379.055,1239.519,
459472.829,,1382.074,1238.864,
459539.484,,1382.913,1234.684,
459606.146,,1386.930,1226.919,
459672.803,,1382.250,1219.789,
459739.461,,1379.891,1216.988,
459806.119,,1380.865,1215.163,
459872.775,,1384.467,1208.170,
459939.439,,1387.908,1201.048,
460006.092,,1382.350,1197.417,
460072.755,,1381.565,1204.354,
460139.408,,1382.491,1203.018,
460206.065,,1380.688,1203.488,
460272.724,,1385.896,1201.578,
460339.386,,1387.844,1198.167,
460406.039,,1386.524,1200.951,
460472.702,,1384.927,1201.330,
460539.356,,1390.535,1200.158,
460606.015,,1388.888,1198.582,
460672.677,,1379.383,1194.519,
460739.329,,1377.489,1193.389,
460805.993,,1381.110,1191.430,
460872.648,,1377.528,1183.402,
460939.306,,1379.324,1181.304,
461005.965,,1379.491,1180.849,
461072.622,,1384.277,1180.278,
461139.280,,1376.006,1177.191,
461205.940,,1374.930,1177.415,
461272.596,,1374.252,1172.838,
461339.255,,1376.289,1172.326,
461405.911,,1376.057,1178.687,
461472.571,,1378.752,1181.871,
461539.225,,1382.629,1185.083,
461605.886,,1377.173,1184.553,
461672.545,,1379.130,1184.431,
461739.199,,1377.562,1184.504,
461805.859,,1381.510,1187.506,
461872.516,,1382.630,1186.687,
461939.179,,1381.042,1189.888,
462005.836,,1382.236,1185.492,
462072.495,,1378.895,1175.790,
462139.153,,1380.260,1174.376,
462205.811,,1373.159,1172.853,
462272.466,,1390.645,1172.914,
462339.122,,1386.058,1174.193,
462405.785,,1389.852,1174.586,
462472.438,,1396.187,1171.778,
462539.095,,1395.989,1170.257,
462605.758,,1389.930,1166.919,
462672.417,,1379.436,1163.983,
462739.070,,1373.934,1164.171,
462805.733,,1372.628,1164.349,
462872.386,,1379.284,1164.874,
462939.048,,1384.289,1165.586,
463005.705,,1380.805,1168.129,
463072.361,,1377.571,1170.647,
463139.017,,1378.746,1173.416,
463205.680,,1382.874,1170.712,
463272.338,,1382.261,1171.043,
463338.993,,1376.750,1165.632,
463405.651,,1376.689,1165.184,
463472.313,,1380.402,1163.834,
463538.972,,1384.436,1170.557,
463605.624,,1388.023,1170.997,
463672.285,,1391.802,1174.323,
463738.941,,1396.168,1172.028,
463805.598,,1392.844,1173.271,
463872.260,,1395.271,1173.352,
463938.914,,1395.674,1172.412,
464005.572,,1389.385,1171.891,
464072.236,,1394.067,1178.363,
464138.889,,1393.531,1173.853,
464205.551,,1383.392,1171.271,
464272.209,,1377.323,1162.595,
464338.868,,1383.411,1163.750,
464405.525,,1383.272,1166.048,
464472.178,,1383.426,1165.395,
464538.836,,1379.732,1160.288,
464605.498,,1382.358,1163.132,
464672.159,,1390.209,1168.339,
464738.817,,1385.669,1170.744,
464805.471,,1384.994,1176.474,
464872.128,,1391.714,1178.940,
464938.789,,1375.870,1176.873,
465005.447,,1385.898,1181.073,
465072.102,,1371.962,1176.357,
465138.759,,1383.121,1187.782,
465205.421,,1386.820,1192.561,
465272.075,,1388.759,1192.685,
465338.740,,1396.030,1191.259,
465405.393,,1402.210,1193.875,
465472.051,,1401.619,1194.535,
465538.711,,1403.069,1194.977,
465605.371,,1402.274,1195.522,
465672.027,,1399.608,1182.361,
465738.682,,1383.175,1185.385,
465805.344,,1380.399,1188.768,
465872.000,,1388.838,1189.145,
465938.661,,1396.310,1187.728,
466005.321,,1396.037,1185.316,
466071.976,,1396.232,1190.893,
466138.633,,1403.864,1210.693,
466205.293,,1383.619,1224.498,
466271.947,,1375.772,1233.090,
466338.611,,1378.407,1226.689,
466405.266,,1376.085,1232.563,
466471.921,,1375.968,1229.509,
466538.583,,1388.196,1236.344,
466605.239,,1386.812,1232.109,
466671.895,,1390.533,1227.096,
466738.556,,1393.528,1223.159,
466805.213,,1394.889,1218.118,
466871.869,,1398.291,1217.934,
466938.534,,1402.739,1212.405,
467005.189,,1384.036,1210.132,
467071.847,,1382.496,1205.585,
467138.506,,1386.152,1203.255,
467205.165,,1386.946,1201.454,
467271.818,,1382.572,1195.524,
467338.476,,1386.248,1193.849,
467405.140,,1389.215,1194.056,
467471.797,,1387.608,1189.872,
467538.453,,1385.251,1185.848,
467605.113,,1379.783,1183.643,
467671.767,,1382.284,1182.065,
467738.428,,1390.346,1182.288,
467805.082,,1391.328,1180.327,
467871.745,,1391.784,1174.705,
467938.401,,1392.850,1174.263,
468005.060,,1385.975,1174.038,
468071.715,,1385.721,1170.187,
468138.377,,1382.914,1171.364,
468205.031,,1380.793,1167.994,
468271.694,,1381.704,1167.747,
468338.348,,1380.728,1167.953,
468405.010,,1376.989,1165.973,
468471.666,,1384.328,1162.512,
468538.323,,1379.339,1166.101,
468604.983,,1383.445,1167.580,
468671.642,,1384.755,1166.949,
468738.301,,1388.167,1165.963,
468804.958,,1386.060,1167.371,
468871.618,,1389.083,1169.458,
468938.272,,1391.598,1174.047,
469004.931,,1387.743,1175.181,
469071.589,,1393.330,1175.802,
469138.247,,1390.720,1178.154,
469204.908,,1397.377,1181.584,
469271.563,,1397.452,1180.820,
469338.225,,1398.396,1179.997,
469404.881,,1395.758,1180.748,
469471.539,,1399.696,1178.001,
469538.198,,1390.427,1177.016,
469604.853,,1392.906,1181.018,
469671.510,,1391.279,1179.523,
469738.172,,1386.944,1178.513,
469804.828,,1384.958,1181.817,
469871.485,,1386.354,1183.169,
469938.145,,1384.221,1185.286,
470004.800,,1387.474,1191.015,
470071.462,,1385.269,1192.385,
470138.116,,1383.465,1190.451,
470204.774,,1381.327,1188.650,
470271.436,,1382.494,1186.531,
470338.091,,1383.749,1185.672,
470404.751,,1384.645,1186.035,
470471.410,,1389.688,1186.859,
470538.070,,1388.160,1186.507,
470604.723,,1388.134,1185.308,
470671.381,,1389.452,1186.958,
470738.040,,1390.350,1185.792,
470804.702,,1396.474,1186.287,
470871.361,,1392.869,1181.617,
470938.016,,1381.542,1178.921,
471004.673,,1388.860,1175.771,
471071.334,,1384.360,1179.181,
471137.987,,1377.761,1174.187,
471204.650,,1379.012,1176.339,
471271.309,,1390.965,1180.116,
471337.963,,1388.841,1183.743,
471404.621,,1391.168,1184.730,
471471.284,,1393.465,1180.869,
471537.941,,1394.649,1181.224,
471604.594,,1388.009,1178.281,
471671.252,,1392.357,1178.700,
471737.910,,1394.078,1178.920,
471804.573,,1393.479,1178.157,
471871.231,,1392.209,1181.418,
471937.889,,1385.265,1181.013,
472004.547,,1390.940,1182.515,
472071.201,,1396.089,1183.261,
472137.861,,1396.577,1184.497,
472204.515,,1395.972,1180.127,
472271.174,,1396.297,1177.220,
472337.830,,1395.353,1171.087,
472404.485,,1394.954,1168.217,
472471.145,,1394.988,1169.987,
472537.802,,1394.812,1177.133,
472604.464,,1391.739,1179.745,
472671.116,,1392.171,1184.204,
472737.774,,1393.600,1195.915,
472804.434,,1394.093,1215.254,
472871.090,,1397.446,1223.298,
472937.746,,1396.868,1221.568,
473004.406,,1392.104,1227.701,
473071.065,,1393.215,1219.929,
473137.719,,1395.639,1212.993,
473204.374,,1394.359,1219.121,
473271.038,,1386.767,1227.349,
473337.689,,1392.749,1236.185,
473404.349,,1394.577,1240.285,
473471.004,,1396.425,1239.135,
473537.662,,1393.520,1224.353,
473604.324,,1387.478,1208.806,
473670.980,,1394.853,1210.610,
473737.635,,1390.034,1209.806,
473804.293,,1391.147,1205.161,
473870.953,,1391.052,1200.758,
473937.609,,1401.749,1199.987,
474004.266,,1397.976,1198.791,
474070.921,,1409.106,1198.982,
474137.584,,1404.816,1192.138,
474204.240,,1396.954,1187.097,
474270.897,,1396.699,1189.056,
474337.552,,1394.624,1185.519,
474404.211,,1395.801,1182.815,
474470.872,,1396.397,1181.059,
474537.528,,1388.445,1174.245,
474604.187,,1388.546,1181.814,
474670.841,,1389.856,1179.471,
474737.502,,1386.017,1180.880,
474804.156,,1388.236,1179.827,
474870.815,,1386.176,1176.291,
474937.467,,1387.334,1174.707,
475004.128,,1388.648,1175.224,
475070.789,,1396.983,1173.884,
475137.440,,1389.880,1176.358,
475204.100,,1386.245,1172.623,
475270.756,,1386.694,1170.910,
475337.414,,1387.277,1167.373,
475404.074,,1383.982,1170.871,
475470.730,,1387.063,1166.951,
475537.388,,1385.518,1165.335,
475604.046,,1386.887,1168.708,
475670.699,,1389.386,1168.306,
475737.358,,1391.072,1168.094,
475804.018,,1387.156,1168.420,
475870.677,,1388.907,1173.507,
475937.334,,1385.656,1176.872,
476003.988,,1383.140,1181.187,
476070.647,,1382.787,1174.602,
476137.302,,1382.952,1174.436,
476203.962,,1385.475,1175.463,
476270.619,,1388.300,1175.319,
476337.278,,1388.851,1175.078,
476403.933,,1384.641,1177.264,
476470.588,,1391.307,1181.162,
476537.251,,1385.670,1181.497,
476603.902,,1382.924,1181.154,
476670.561,,1380.653,1176.444,
476737.224,,1385.590,1172.199,
476803.878,,1385.099,1175.586,
476870.535,,1386.778,1184.147,
476937.195,,1385.355,1182.744,
477003.847,,1380.336,1181.023,
477070.506,,1384.725,1182.288,
477137.168,,1390.173,1178.500,
477203.825,,1391.399,1175.847,
477270.479,,1388.249,1176.628,
477337.135,,1387.985,1175.883,
477403.793,,1390.481,1172.534,
477470.453,,1385.527,1170.492,
477537.109,,1385.440,1168.003,
477603.764,,1380.232,1165.001,
477670.426,,1382.942,1167.682,
477737.085,,1385.170,1170.901,
477803.740,,1382.708,1171.852,
477870.398,,1383.044,1171.410,
477937.056,,1388.466,1169.667,
478003.712,,1387.767,1174.473,
478070.369,,1391.370,1175.648,
478137.028,,1388.138,1179.337,
478203.686,,1398.503,1182.211,
478270.339,,1395.800,1179.436,
478336.997,,1387.893,1176.147,
478403.653,,1388.245,1174.158,
478470.316,,1385.066,1171.322,
478536.969,,1385.936,1174.341,
478603.629,,1385.802,1173.275,
478670.286,,1383.234,1170.551,
478736.946,,1379.401,1171.670,
478803.602,,1378.359,1171.214,
478870.256,,1381.765,1176.984,
478936.918,,1383.402,1180.666,
479003.574,,1381.566,1180.999,
479070.227,,1379.085,1182.676,
479136.886,,1382.270,1185.397,
479203.543,,1387.263,1193.626,
479270.200,,1391.239,1191.729,
479336.863,,1393.068,1194.512,
479403.518,,1395.411,1195.324,
479470.172,,1388.059,1196.225,
479536.830,,1386.821,1192.321,
479603.487,,1386.718,1186.932,
479670.146,,1386.078,1188.979,
479736.806,,1382.842,1191.356,
479803.459,,1383.004,1187.455,
479870.122,,1382.075,1184.800,
479936.777,,1385.963,1184.344,
480003.432,,1381.086,1184.125,
480070.097,,1381.701,1182.843,
480136.754,,1385.294,1185.670,
480203.412,,1388.346,1184.830,
480270.067,,1393.198,1189.952,
480336.730,,1396.366,1207.092,
480403.383,,1396.172,1216.851,
480470.041,,1397.761,1219.454,
480536.701,,1391.823,1223.493,
480603.362,,1382.617,1222.535,
480670.021,,1389.488,1229.245,
480736.677,,1398.293,1231.748,
480803.333,,1394.335,1230.347,
480869.996,,1391.701,1226.076,
480936.652,,1392.358,1225.985,
481003.309,,1386.363,1224.550,
481069.965,,1388.806,1221.954,
481136.628,,1386.505,1210.890,
481203.284,,1361.523,1209.467,
481269.939,,1382.224,1208.434,
481336.601,,1362.341,1217.052,
481403.258,,1384.927,1215.825,
481469.915,,1389.922,1205.180,
481536.577,,1392.668,1218.978,
481603.234,,1395.711,1211.875,
481669.890,,1396.276,1206.399,
481736.547,,1393.276,1205.297,
481803.210,,1383.523,1199.076,
481869.869,,1386.166,1196.690,
481936.522,,1390.841,1188.626,
482003.183,,1374.712,1190.157,
482069.842,,1385.250,1190.507,
482136.502,,1382.777,1193.114,
482203.160,,1388.516,1202.739,
482269.816,,1388.598,1203.800,
482336.477,,1387.250,1208.058,
482403.135,,1385.696,1205.590,
482469.788,,1389.847,1203.488,
482536.447,,1379.197,1200.071,
482603.107,,1377.732,1205.431,
482669.762,,1389.727,1205.141,
482736.420,,1390.595,1204.814,
482803.082,,1389.254,1202.183,
482869.740,,1391.010,1200.092,
482936.401,,1391.262,1199.696,
483003.059,,1396.559,1200.354,
483069.711,,1391.255,1200.207,
483136.375,,1392.802,1201.491,
483203.031,,1388.643,1198.406,
483269.691,,1385.914,1196.910,
483336.344,,1383.586,1192.339,
483403.003,,1387.838,1190.655,
483469.667,,1390.576,1190.891,
483536.321,,1388.503,1186.579,
483602.983,,1388.685,1185.179,
483669.636,,1387.122,1183.894,
483736.297,,1388.035,1186.336,
483802.956,,1390.899,1190.134,
483869.617,,1387.236,1189.978,
483936.274,,1390.387,1189.247,
484002.930,,1380.686,1185.076,
484069.592,,1377.423,1182.719,
484136.246,,1373.574,1183.505,
484202.908,,1375.070,1183.791,
484269.561,,1386.717,1179.179,
484336.220,,1377.687,1181.482,
484402.881,,1381.602,1177.636,
484469.536,,1378.720,1177.213,
484536.197,,1375.546,1176.138,
484602.853,,1372.152,1174.224,
484669.514,,1374.693,1173.041,
484736.174,,1374.685,1174.007,
484802.827,,1372.257,1171.963,
484869.488,,1374.568,1172.855,
484936.142,,1374.326,1177.881,
485002.803,,1379.572,1177.611,
485069.460,,1377.586,1177.174,
485136.121,,1374.074,1176.343,
485202.778,,1376.740,1175.266,
485269.435,,1379.555,1172.351,
485336.094,,1375.750,1172.485,
485402.751,,1377.022,1171.298,
485469.408,,1380.693,1176.741,
485536.069,,1389.077,1180.145,
485602.730,,1387.653,1175.237,
485669.384,,1387.266,1174.137,
485736.043,,1388.641,1174.094,
485802.706,,1399.331,1176.171,
485869.360,,1397.842,1175.863,
485936.022,,1391.510,1175.675,
486002.676,,1391.443,1172.588,
486069.337,,1397.063,1174.232,
486135.995,,1395.573,1180.224,
486202.651,,1393.380,1174.948,
486269.309,,1391.918,1173.319,
486335.969,,1389.547,1177.056,
486402.626,,1398.263,1184.793,
486469.286,,1403.447,1207.081,
486535.943,,1405.311,1218.132,
486602.604,,1399.602,1228.601,
486669.257,,1401.348,1237.368,
486735.916,,1405.821,1235.434,
486802.577,,1399.965,1229.774,
486869.238,,1393.608,1229.494,
486935.892,,1393.577,1226.832,
487002.551,,1395.932,1223.750,
487069.211,,1403.909,1223.018,
487135.870,,1396.588,1219.657,
487202.528,,1396.172,1213.870,
487269.182,,1390.579,1211.364,
487335.843,,1389.164,1210.471,
487402.499,,1391.219,1207.296,
487469.160,,1384.064,1204.545,
487535.815,,1380.818,1202.520,
487602.478,,1385.348,1197.757,
487669.136,,1382.889,1197.114,
487735.795,,1383.670,1194.158,
487802.449,,1394.511,1193.052,
487869.107,,1392.507,1192.553,
487935.769,,1388.537,1196.536,
488002.424,,1385.045,1189.857,
488069.083,,1384.067,1190.228,
488135.740,,1389.311,1189.904,
488202.395,,1388.928,1189.583,
488269.054,,1388.751,1188.229,
488335.710,,1395.679,1188.276,
488402.372,,1398.505,1188.552,
488469.025,,1393.518,1190.712,
488535.685,,1388.689,1187.205,
488602.345,,1387.455,1188.837,
488668.998,,1393.776,1188.040,
488735.657,,1390.105,1188.417,
488802.316,,1387.640,1203.049,
488868.973,,1383.643,1210.824,
488935.630,,1390.258,1221.683,
489002.291,,1396.819,1231.690,
489068.950,,1392.429,1232.627,
489135.606,,1389.716,1232.591,
489202.260,,1385.034,1236.726,
489268.923,,1386.518,1232.950,
489335.580,,1384.572,1228.905,
489402.236,,1381.985,1222.003,
489468.895,,1380.390,1223.222,
489535.551,,1380.672,1213.965,
489602.207,,1379.521,1209.323,
489668.870,,1377.593,1207.379,
489735.525,,1378.070,1206.844,
489802.183,,1380.334,1214.535,
489868.843,,1390.552,1214.072,
489935.496,,1385.498,1214.253,
490002.157,,1384.313,1211.538,
490068.817,,1383.101,1210.252,
490135.468,,1379.173,1211.341,
490202.131,,1382.689,1212.769,
490268.785,,1385.426,1204.217,
490335.443,,1381.552,1200.395,
490402.100,,1377.876,1200.652,
490468.757,,1379.926,1206.346,
490535.416,,1377.795,1203.841,
490602.076,,1383.828,1213.428,
490668.732,,1387.601,1227.673,
490735.392,,1396.219,1257.895,
490802.048,,1396.173,1283.046,
490868.711,,1399.093,1314.818,
490935.368,,1387.964,1328.421,
491002.020,,1376.533,1328.458,
491068.677,,1376.612,1320.017,
491135.337,,1376.822,1319.016,
491201.997,,1371.822,1308.249,
491268.654,,1376.114,1300.051,
491335.314,,1379.469,1282.684,
491401.967,,1374.966,1285.001,
491468.628,,1375.154,1286.688,
491535.286,,1391.676,1287.309,
491601.940,,1384.844,1289.814,
491668.600,,1381.094,1282.311,
491735.259,,1383.176,1277.159,
491801.919,,1383.110,1269.632,
491868.571,,1380.286,1265.004,
491935.231,,1365.078,1255.924,
492001.887,,1379.161,1256.906,
492068.549,,1376.359,1255.148,
492135.204,,1381.219,1251.137,
492201.859,,1384.529,1251.676,
492268.520,,1376.699,1252.052,
492335.181,,1373.414,1248.524,
492401.836,,1372.653,1261.027,
492468.493,,1381.176,1271.971,
492535.151,,1387.496,1269.979,
492601.809,,1387.141,1265.568,
492668.467,,1385.653,1267.537,
492735.122,,1383.478,1318.604,
492801.779,,1374.251,1338.532,
492868.441,,1383.443,1343.090,
492935.099,,1385.492,1334.215,
493001.753,,1384.230,1324.940,
493068.413,,1371.824,1314.815,
493135.073,,1379.739,1306.690,
493201.725,,1378.214,1304.695,
493268.383,,1373.003,1301.225,
493335.041,,1376.154,1296.027,
493401.704,,1373.519,1287.544,
493468.361,,1374.397,1279.167,
493535.014,,1368.730,1267.565,
493601.675,,1363.179,1264.611,
493668.330,,1363.845,1284.297,
493734.993,,1359.745,1288.498,
493801.648,,1352.254,1289.597,
493868.304,,1362.506,1301.259,
493934.960,,1352.295,1310.093,
494001.619,,1358.961,1315.843,
494068.280,,1361.328,1315.991,
494134.936,,1357.145,1306.254,
494201.596,,1371.047,1297.005,
494268.251,,1369.517,1336.118,
494334.908,,1367.611,1357.818,
494401.570,,1368.212,1360.981,
494468.227,,1371.922,1357.188,
494534.880,,1374.047,1347.327,
494601.544,,1371.608,1340.452,
494668.197,,1374.931,1331.007,
494734.858,,1375.243,1322.240,
494801.515,,1373.436,1318.419,
494868.175,,1375.503,1305.956,
494934.827,,1377.031,1303.984,
495001.490,,1367.037,1300.840,
495068.148,,1366.304,1288.897,
495134.802,,1370.254,1281.863,
495201.463,,1366.255,1281.531,
495268.120,,1369.959,1272.179,
495334.775,,1366.297,1271.255,
495401.433,,1372.979,1267.418,
495468.091,,1370.809,1257.277,
495534.747,,1375.405,1253.890,
495601.408,,1373.471,1250.481,
495668.064,,1370.383,1246.197,
495734.726,,1374.083,1243.293,
495801.380,,1379.296,1240.773,
495868.035,,1380.948,1235.310,
495934.695,,1386.431,1230.703,
496001.355,,1376.237,1232.249,
496068.012,,1379.163,1230.529,
496134.670,,1382.420,1228.235,
496201.325,,1387.636,1228.098,
496267.984,,1389.141,1230.361,
496334.644,,1394.823,1232.301,
496401.301,,1389.701,1233.461,
496467.960,,1374.142,1231.617,
496534.618,,1375.151,1229.916,
496601.275,,1379.326,1224.583,
496667.934,,1383.834,1223.884,
496734.595,,1378.722,1220.195,
496801.249,,1379.209,1215.174,
496867.907,,1378.893,1216.149,
496934.568,,1380.694,1213.733,
497001.226,,1382.638,1237.359,
497067.886,,1382.460,1255.105,
497134.539,,1383.238,1256.047,
497201.199,,1387.113,1251.554,
497267.860,,1377.365,1247.466,
497334.512,,1376.463,1244.113,
497401.171,,1382.665,1239.549,
497467.834,,1390.288,1236.240,
497534.491,,1383.958,1232.163,
497601.144,,1382.621,1224.049,
497667.807,,1382.138,1218.645,
497734.462,,1370.914,1216.504,
497801.122,,1372.133,1216.435,
497867.777,,1374.802,1213.637,
497934.439,,1377.821,1212.080,
498001.094,,1387.364,1221.732,
498067.757,,1385.366,1226.186,
498134.415,,1381.557,1222.681,
498201.070,,1391.836,1218.084,
498267.726,,1380.542,1217.570,
498334.384,,1378.282,1212.725,
498401.045,,1383.726,1207.392,
498467.704,,1380.588,1205.289,
498534.360,,1380.627,1204.084,
498601.015,,1381.733,1202.603,
498667.676,,1385.849,1200.589,
498734.337,,1393.046,1198.080,
498800.990,,1391.345,1196.053,
498867.651,,1386.821,1196.763,
498934.313,,1387.239,1194.697,
499000.966,,1386.644,1193.999,
499067.627,,1381.134,1191.356,
499134.281,,1387.330,1188.826,
499200.941,,1390.871,1186.685,
499267.603,,1385.830,1191.657,
499334.259,,1387.607,1189.403,
499400.916,,1393.243,1184.958,
499467.576,,1387.381,1185.170,
499534.234,,1400.599,1185.856,
499600.893,,1396.587,1184.089,
499667.548,,1394.037,1194.330,
499734.206,,1393.111,1205.796,
499800.867,,1392.951,1212.024,
499867.525,,1387.595,1216.005,
499934.177,,1386.777,1211.982,
500000.842,,1391.197,1211.846,
500067.494,,1394.368,1211.062,
500134.157,,1393.467,1208.245,
500200.816,,1390.875,1200.816,
500267.468,,1392.978,1198.210,
500334.131,,1401.634,1195.584,
500400.784,,1390.493,1198.000,
500467.444,,1385.766,1194.030,
500534.103,,1392.534,1194.888,
500600.762,,1388.716,1195.051,
500667.417,,1382.191,1186.251,
500734.076,,1393.469,1190.482,
500800.735,,1397.619,1189.618,
500867.394,,1397.378,1187.852,
500934.053,,1396.660,1185.575,
501000.707,,1389.852,1185.962,
501067.366,,1391.035,1184.077,
501134.025,,1385.580,1184.449,
501200.684,,1392.850,1183.762,
501267.341,,1391.303,1185.025,
501334.003,,1388.246,1186.070,
501400.654,,1389.925,1183.147,
501467.318,,1392.337,1189.620,
501533.976,,1395.915,1189.106,
501600.635,,1396.155,1188.650,
501667.293,,1399.148,1188.636,
501733.949,,1389.956,1184.854,
501800.605,,1392.811,1185.966,
501867.266,,1400.288,1182.372,
501933.926,,1391.571,1180.935,
502000.580,,1393.600,1180.114,
502067.235,,1396.811,1176.661,
502133.895,,1389.201,1175.894,
502200.554,,1392.261,1175.790,
502267.216,,1384.875,1176.902,
502333.870,,1391.679,1176.646,
502400.531,,1392.684,1176.895,
502467.185,,1392.834,1186.157,
502533.843,,1395.097,1182.253,
502600.506,,1402.783,1184.227,
502667.161,,1404.745,1184.119,
502733.820,,1402.195,1181.476,
502800.475,,1398.723,1180.513,
502867.135,,1393.153,1176.055,
502933.791,,1391.780,1173.469,
503000.452,,1386.583,1173.180,
503067.108,,1389.368,1172.264,
503133.769,,1392.699,1170.743,
503200.425,,1391.898,1170.687,
503267.084,,1392.299,1173.963,
503333.745,,1396.146,1174.473,
503400.398,,1396.983,1173.945,
503467.058,,1399.301,1176.386,
503533.718,,1403.204,1173.263,
503600.371,,1399.773,1172.275,
503667.033,,1402.452,1172.077,
503733.689,,1406.723,1173.306,
503800.337,,1403.141,1170.100,
503867.010,,1403.484,1172.447,
503933.664,,1403.783,1173.557,
504000.327,,1397.143,1174.044,
504066.985,,1395.579,1171.385,
504133.644,,1393.275,1170.231,
504200.300,,1397.782,1171.480,
504266.961,,1393.783,1169.513,
504333.616,,1390.331,1168.526,
504400.275,,1388.888,1166.044,
504466.939,,1389.456,1163.687,
504533.597,,1384.848,1163.492,
504600.257,,1384.828,1165.889,
504666.914,,1383.909,1163.494,
504733.569,,1391.648,1166.258,
504800.229,,1393.605,1168.371,
504866.891,,1400.534,1170.012,
504933.547,,1396.501,1164.409,
505000.209,,1386.611,1170.750,
505066.869,,1397.783,1166.544,
505133.524,,1390.762,1165.233,
505200.182,,1397.598,1169.265,
505266.841,,1394.363,1163.319,
505333.499,,1389.435,1165.155,
505400.164,,1389.377,1169.261,
505466.819,,1401.083,1166.267,
505533.476,,1390.922,1163.297,
505600.135,,1398.284,1164.697,
505666.795,,1399.467,1160.737,
505733.457,,1403.890,1161.158,
505800.114,,1400.697,1161.613,
505866.770,,1399.193,1161.777,
505933.431,,1399.935,1166.749,
506000.090,,1398.964,1166.571,
506066.746,,1404.757,1165.192,
506133.410,,1398.126,1166.420,
506200.064,,1397.679,1166.485,
506266.726,,1400.425,1164.704,
506333.385,,1393.720,1164.231,
506400.045,,1387.962,1158.396,
506466.702,,1381.925,1163.162,
506533.360,,1385.994,1164.232,
506600.022,,1388.149,1163.640,
506666.676,,1377.521,1172.021,
506733.341,,1382.568,1170.771,
506799.995,,1388.878,1167.432,
506866.652,,1390.897,1172.945,
506933.313,,1384.904,1183.588,
506999.974,,1397.448,1191.945,
507066.630,,1396.293,1191.672,
507133.288,,1390.283,1190.315,
507199.951,,1398.322,1193.836,
507266.609,,1394.825,1188.589,
507333.269,,1397.776,1188.826,
507399.929,,1398.198,1188.670,
507466.582,,1402.021,1191.066,
507533.248,,1407.229,1193.375,
507599.905,,1407.184,1190.024,
507666.562,,1399.591,1186.976,
507733.218,,1393.689,1184.937,
507799.880,,1403.226,1185.241,
507866.542,,1398.652,1181.228,
507933.195,,1387.674,1180.520,
507999.859,,1393.063,1181.060,
508066.518,,1386.178,1179.688,
508133.172,,1385.226,1179.045,
508199.832,,1387.293,1182.773,
508266.495,,1386.747,1180.296,
508333.151,,1397.441,1182.201,
508399.810,,1395.613,1182.259,
508466.466,,1392.737,1184.693,
508533.129,,1391.988,1180.841,
508599.787,,1400.066,1186.024,
508666.448,,1403.724,1209.091,
508733.101,,1404.589,1206.681,
508799.766,,1395.823,1211.779,
508866.423,,1398.748,1221.173,
508933.081,,1398.770,1226.234,
508999.739,,1393.068,1225.684,
509066.399,,1392.670,1229.003,
509133.057,,1393.042,1226.464,
509199.719,,1394.124,1224.067,
509266.378,,1393.199,1227.860,
509333.037,,1394.076,1223.848,
509399.691,,1391.652,1222.186,
509466.350,,1400.146,1221.699,
509533.013,,1403.027,1217.904,
509599.667,,1397.716,1217.714,
509666.330,,1405.317,1219.290,
509732.985,,1409.470,1216.649,
509799.649,,1407.500,1212.233,
509866.308,,1407.744,1205.958,
509932.964,,1410.433,1203.791,
509999.625,,1413.133,1201.377,
510066.280,,1408.129,1198.818,
510132.944,,1407.199,1197.386,
510199.597,,1410.648,1193.987,
510266.257,,1410.042,1191.545,
510332.916,,1399.905,1187.009,
510399.576,,1395.326,1183.161,
510466.233,,1399.547,1182.251,
510532.896,,1396.004,1182.963,
510599.557,,1394.542,1180.348,
510666.215,,1396.480,1180.968,
510732.869,,1395.678,1182.870,
510799.534,,1387.736,1186.130,
510866.186,,1398.244,1188.910,
510932.851,,1405.953,1189.405,
510999.505,,1405.870,1189.899,
511066.165,,1404.379,1192.579,
511132.827,,1403.908,1191.232,
511199.484,,1405.611,1185.549,
511266.145,,1399.414,1186.453,
511332.801,,1403.870,1185.117,
511399.463,,1408.290,1186.580,
511466.117,,1409.936,1184.923,
511532.781,,1409.549,1181.858,
511599.437,,1396.677,1173.012,
511666.096,,1390.131,1170.295,
511732.752,,1390.615,1172.244,
511799.413,,1392.531,1172.005,
511866.075,,1396.055,1170.861,
511932.729,,1397.128,1171.571,
511999.389,,1395.290,1169.372,
512066.048,,1395.194,1170.976,
512132.703,,1401.476,1176.997,
512199.362,,1397.941,1188.267,
512266.023,,1398.934,1197.407,
512332.678,,1395.171,1198.737,
512399.337,,1398.196,1204.519,
512465.995,,1397.278,1212.751,
512532.651,,1394.720,1214.878,
512599.307,,1387.953,1216.967,
512665.970,,1390.414,1214.456,
512732.623,,1389.816,1217.901,
512799.284,,1386.197,1222.933,
512865.942,,1386.985,1222.187,
512932.602,,1388.897,1218.697,
512999.258,,1386.502,1212.544,
513065.914,,1392.229,1212.960,
513132.573,,1394.878,1208.804,
513199.230,,1394.850,1200.340,
513265.893,,1389.709,1200.745,
513332.548,,1392.683,1197.962,
513399.202,,1395.461,1197.443,
513465.864,,1397.961,1194.189,
513532.523,,1398.234,1194.963,
513599.181,,1396.866,1193.713,
513665.835,,1397.144,1192.655,
513732.495,,1396.832,1190.823,
513799.155,,1393.727,1190.566,
513865.814,,1393.754,1188.234,
513932.472,,1395.231,1189.051,
513999.126,,1393.489,1184.710,
514065.783,,1392.921,1183.886,
514132.446,,1391.615,1185.859,
514199.098,,1398.069,1184.743,
514265.759,,1401.862,1187.482,
514332.417,,1397.782,1185.918,
514399.074,,1399.267,1182.849,
514465.735,,1401.739,1181.382,
514532.392,,1396.076,1182.769,
514599.051,,1400.447,1181.856,
514665.706,,1406.797,1181.739,
514732.364,,1395.237,1178.824,
514799.023,,1391.180,1181.430,
514865.682,,1392.372,1179.378,
514932.342,,1388.655,1176.780,
514998.996,,1386.707,1178.861,
515065.652,,1392.679,1181.354,
515132.315,,1391.083,1184.509,
515198.971,,1396.985,1187.725,
515265.630,,1398.193,1186.340,
515332.286,,1393.599,1183.776,
515398.943,,1393.401,1184.779,
515465.602,,1394.635,1183.503,
515532.257,,1397.089,1182.207,
515598.918,,1398.743,1181.899,
515665.574,,1397.718,1183.081,
515732.235,,1395.817,1180.161,
515798.891,,1393.391,1179.827,
515865.548,,1389.362,1178.116,
515932.210,,1386.537,1181.601,
515998.866,,1392.303,1177.318,
516065.521,,1401.528,1178.278,
516132.183,,1400.128,1178.332,
516198.843,,1397.475,1173.459,
516265.501,,1391.269,1167.620,
516332.154,,1386.677,1165.660,
516398.815,,1383.869,1163.578,
516465.472,,1378.732,1163.523,
516532.132,,1386.419,1163.723,
516598.789,,1387.786,1164.416,
516665.445,,1387.084,1162.659,
516732.101,,1383.626,1161.056,
516798.762,,1392.321,1159.096,
516865.418,,1399.401,1160.955,
516932.076,,1396.549,1164.929,
516998.733,,1393.376,1163.086,
517065.395,,1393.550,1160.329,
517132.048,,1399.540,1162.378,
517198.712,,1395.992,1166.406,
517265.370,,1393.158,1171.304,
517332.022,,1392.991,1166.801,
517398.685,,1381.831,1171.429,
517465.340,,1385.908,1173.575,
517531.997,,1375.649,1176.975,
517598.656,,1378.816,1185.231,
517665.315,,1384.650,1201.437,
517731.973,,1393.542,1210.021,
517798.631,,1392.353,1215.001,
517865.288,,1391.974,1211.853,
517931.946,,1386.373,1204.912,
517998.606,,1392.796,1203.785,
518065.260,,1400.714,1203.903,
518131.920,,1396.629,1200.677,
518198.577,,1391.649,1201.160,
518265.239,,1384.928,1190.974,
518331.892,,1378.187,1193.598,
518398.553,,1389.047,1197.408,
518465.212,,1380.966,1195.864,
518531.868,,1377.918,1203.647,
518598.527,,1386.008,1205.631,
518665.184,,1385.116,1202.339,
518731.840,,1384.910,1212.004,
518798.499,,1386.078,1206.555,
518865.162,,1382.948,1210.974,
518931.813,,1391.016,1210.984,
518998.472,,1389.012,1216.647,
519065.134,,1395.788,1217.030,
519131.791,,1391.582,1216.613,
519198.449,,1387.338,1216.493,
519265.108,,1393.928,1217.123,
519331.765,,1384.453,1215.414,
519398.425,,1393.119,1210.387,
519465.081,,1387.059,1216.050,
519531.737,,1391.416,1212.604,
519598.394,,1386.911,1208.480,
519665.051,,1386.844,1208.844,
519731.712,,1381.255,1203.661,
519798.369,,1370.624,1205.025,
519865.030,,1380.254,1204.639,
519931.683,,1381.846,1200.735,
519998.343,,1376.132,1197.684,
520064.999,,1378.175,1191.029,
520131.659,,1373.495,1190.415,
520198.314,,1377.434,1187.025,
520264.971,,1377.879,1183.955,
520331.628,,1384.096,1184.350,
520398.290,,1381.525,1181.207,
520464.945,,1376.959,1180.336,
520531.606,,1386.239,1179.474,
520598.263,,1390.481,1181.524,
520664.921,,1391.187,1178.958,
520731.574,,1379.361,1175.861,
520798.233,,1381.971,1171.900,
520864.893,,1380.174,1170.902,
520931.551,,1384.384,1171.709,
520998.206,,1381.159,1171.165,
521064.867,,1380.240,1167.937,
521131.523,,1390.168,1169.442,
521198.181,,1388.380,1168.760,
521264.837,,1384.943,1168.687,
521331.492,,1386.279,1164.841,
521398.149,,1375.828,1166.180,
521464.808,,1375.341,1165.799,
521531.467,,1380.615,1166.595,
521598.122,,1383.871,1162.265,
521664.782,,1380.284,1168.414,
521731.438,,1380.068,1175.328,
521798.096,,1381.485,1185.227,
521864.756,,1382.038,1193.078,
521931.410,,1375.367,1197.834,
521998.068,,1377.372,1203.930,
522064.727,,1382.125,1209.103,
522131.388,,1386.492,1212.281,
522198.042,,1393.912,1214.231,
522264.697,,1388.521,1218.322,
522331.355,,1387.694,1219.492,
522398.016,,1396.317,1218.649,
522464.670,,1389.958,1213.630,
522531.331,,1387.467,1202.791,
522597.989,,1383.402,1198.959,
522664.648,,1386.699,1196.725,
522731.307,,1390.876,1191.531,
522797.962,,1392.154,1192.531,
522864.616,,1398.972,1186.911,
522931.274,,1393.119,1185.420,
522997.936,,1397.917,1185.175,
523064.590,,1396.960,1181.822,
523131.249,,1388.491,1178.101,
523197.907,,1381.974,1173.408,
523264.565,,1380.719,1174.821,
523331.222,,1384.578,1175.103,
523397.878,,1377.497,1178.441,
523464.534,,1382.966,1176.312,
523531.197,,1386.894,1175.234,
523597.852,,1389.081,1173.292,
523664.509,,1385.906,1173.847,
523731.168,,1382.155,1172.791,
523797.824,,1382.724,1176.542,
523864.486,,1388.364,1176.305,
523931.138,,1391.500,1176.570,
523997.794,,1383.992,1170.485,
524064.456,,1375.684,1167.826,
524131.115,,1375.401,1168.495,
524197.773,,1376.063,1168.783,
524264.425,,1378.622,1170.396,
524331.087,,1383.666,1169.696,
524397.741,,1391.570,1173.880,
524464.397,,1390.982,1173.985,
524531.055,,1378.759,1173.933,
524597.713,,1385.118,1173.873,
524664.371,,1383.155,1174.963,
524731.028,,1382.905,1177.713,
524797.687,,1382.595,1174.816,
524864.346,,1384.496,1173.608,
524931.004,,1382.196,1172.637,
524997.663,,1384.729,1172.633,
525064.317,,1388.979,1171.386,
525130.975,,1389.145,1169.935,
525197.634,,1383.144,1168.551,
525264.293,,1379.983,1168.814,
525330.950,,1385.589,1167.990,
525397.604,,1388.802,1166.915,
525464.265,,1390.915,1164.155,
525530.921,,1378.504,1163.590,
525597.579,,1380.646,1167.306,
525664.238,,1371.762,1165.205,
525730.893,,1381.404,1214.052,
525797.553,,1383.418,1245.195,
525864.210,,1388.773,1257.928,
525930.867,,1390.644,1257.423,
525997.526,,1385.854,1262.220,
526064.179,,1387.041,1261.253,
526130.841,,1385.534,1263.206,
526197.496,,1379.796,1259.407,
526264.153,,1383.816,1260.699,
526330.810,,1377.498,1257.404,
526397.468,,1384.383,1258.504,
526464.125,,1384.839,1255.765,
526530.787,,1381.897,1249.363,
526597.441,,1392.520,1245.732,
526664.098,,1384.334,1238.944,
526730.758,,1383.945,1233.495,
526797.417,,1384.136,1229.275,
526864.070,Input1*2*0,1387.842,1225.084,
526930.732,Input1*2*1,1381.631,1220.682,
526997.388,,1388.139,1214.779,
527064.047,,1385.950,1211.509,
527130.703,,1382.222,1209.106,
527197.357,,1383.161,1211.080,
527264.017,,1383.799,1215.422,
527330.679,,1385.121,1218.152,
527397.330,,1381.928,1219.495,
527463.988,,1380.029,1219.141,
527530.650,,1378.846,1214.183,
527597.308,,1378.888,1212.931,
527663.963,,1385.567,1210.842,
527730.623,,1384.672,1207.190,
527797.279,,1383.714,1203.346,
527863.932,,1381.091,1200.761,
527930.592,,1384.942,1200.688,
527997.254,,1395.008,1199.567,
528063.909,,1393.890,1195.347,
528130.567,,1390.963,1191.824,
528197.226,,1391.723,1191.392,
528263.890,,1388.328,1192.269,
528330.547,,1400.693,1192.904,
528397.202,,1392.797,1192.144,
528463.862,,1388.482,1189.480,
528530.521,,1390.897,1189.563,
528597.178,,1385.744,1194.848,
528663.838,,1381.680,1192.769,
528730.500,,1384.052,1189.474,
528797.158,,1382.403,1200.777,
528863.816,,1382.757,1217.863,
528930.470,,1386.506,1232.955,
528997.133,,1384.377,1246.410,
529063.792,,1380.899,1244.007,
529130.444,,1381.302,1242.020,
529197.107,,1373.025,1241.252,
529263.764,,1381.730,1231.581,
529330.419,,1378.014,1228.971,
529397.081,,1380.236,1225.876,
529463.737,,1384.784,1228.270,
529530.399,,1374.514,1230.610,
529597.055,,1383.945,1225.671,
529663.713,,1387.683,1236.155,
529730.374,,1378.104,1238.585,
529797.033,,1384.678,1231.891,
529863.693,,1381.427,1231.067,
529930.350,,1377.853,1218.502,
529997.010,,1377.997,1215.220,
530063.665,,1374.277,1214.724,
530130.327,,1377.414,1204.639,
530196.986,,1370.597,1204.259,
530263.643,,1370.296,1196.959,
530330.301,,1380.580,1185.095,
530396.961,,1379.476,1192.806,
530463.620,,1382.092,1190.662,
530530.276,,1385.037,1189.345,
530596.934,,1385.458,1187.037,
530663.594,,1387.281,1188.649,
530730.253,,1383.932,1185.768,
530796.909,,1388.496,1187.852,
530863.567,,1384.321,1191.599,
530930.229,,1385.102,1196.167,
530996.886,,1387.817,1191.892,
531063.541,,1392.150,1188.339,
531130.199,,1376.094,1185.771,
531196.860,,1373.250,1182.144,
531263.517,,1373.579,1182.045,
531330.175,,1374.245,1178.250,
531396.835,,1383.365,1180.722,
531463.496,,1380.531,1180.895,
531530.156,,1381.825,1184.330,
531596.812,,1387.189,1187.487,
531663.471,,1386.843,1183.886,
531730.126,,1394.024,1185.405,
531796.785,,1395.349,1184.514,
531863.443,,1395.293,1184.027,
531930.106,,1395.415,1175.930,
531996.764,,1388.778,1172.158,
532063.419,,1402.078,1175.674,
532130.078,,1395.560,1172.636,
532196.739,,1393.876,1168.636,
532263.395,,1394.279,1168.953,
532330.057,,1390.247,1168.664,
532396.717,,1396.528,1173.210,
532463.369,,1400.968,1169.698,
532530.030,,1405.451,1175.280,
532596.691,,1407.935,1181.423,
532663.345,,1416.793,1177.740,
532730.005,,1412.891,1176.227,
532796.665,,1407.008,1174.322,
532863.323,,1405.864,1174.405,
532929.984,,1403.870,1171.108,
532996.639,,1396.747,1178.229,
533063.300,,1400.740,1179.934,
533129.960,,1395.876,1178.340,
533196.617,,1397.478,1180.327,
533263.277,,1397.403,1182.309,
533329.930,,1405.566,1180.538,
533396.593,,1398.926,1178.862,
533463.250,,1397.120,1179.383,
533529.906,,1405.855,1179.836,
533596.564,,1403.794,1178.652,
533663.227,,1399.124,1181.102,
533729.885,,1399.410,1181.753,
533796.544,,1402.727,1182.918,
533863.198,,1402.648,1181.196,
533929.861,,1402.600,1181.115,
533996.519,,1390.200,1174.195,
534063.174,,1395.062,1176.723,
534129.832,,1386.283,1177.291,
534196.493,,1392.049,1172.877,
534263.151,,1385.248,1171.593,
534329.812,,1387.540,1172.705,
534396.469,,1388.447,1170.910,
534463.126,,1387.289,1169.925,
534529.787,,1388.175,1168.501,
534596.448,,1381.402,1167.428,
534663.101,,1378.992,1170.129,
534729.759,,1385.555,1167.159,
534796.419,,1380.187,1165.428,
534863.079,,1386.059,1167.424,
534929.740,,1390.897,1165.213,
534996.393,,1392.689,1168.197,
535063.051,,1388.378,1165.194,
535129.710,,1391.088,1164.482,
535196.371,,1387.500,1163.626,
535263.031,,1396.456,1164.792,
535329.688,,1393.417,1161.582,
535396.348,,1389.686,1161.581,
535463.003,,1385.338,1159.466,
535529.663,,1390.779,1162.007,
535596.322,,1388.726,1161.438,
535662.984,,1388.117,1160.117,
535729.642,,1387.819,1158.683,
535796.299,,1382.778,1157.169,
535862.957,,1386.954,1158.514,
535929.614,,1383.609,1157.952,
535996.266,,1389.872,1158.404,
536062.925,,1397.064,1157.028,
536129.584,,1384.280,1158.783,
536196.237,,1383.410,1163.093,
536262.899,,1388.303,1167.286,
536329.556,,1388.481,1174.581,
536396.207,,1392.037,1178.009,
536462.863,,1394.849,1176.418,
536529.520,,1395.185,1176.739,
536596.181,,1396.197,1177.029,
536662.835,,1396.542,1175.965,
536729.493,,1397.874,1175.497,
536796.148,,1398.182,1174.062,
536862.805,,1396.539,1173.272,
536929.462,,1398.830,1174.401,
536996.118,,1397.537,1180.993,
537062.779,,1398.908,1178.235,
537129.431,,1392.953,1172.927,
537196.088,,1392.122,1170.478,
537262.748,,1387.819,1169.184,
537329.400,,1385.432,1165.981,
537396.062,,1388.263,1166.327,
537462.717,,1394.126,1166.478,
537529.371,,1401.358,1164.811,
537596.030,,1400.109,1166.732,
537662.686,,1401.838,1168.512,
537729.345,,1390.697,1163.923,
537795.999,,1387.752,1166.037,
537862.652,,1399.489,1171.297,
537929.312,,1394.312,1174.790,
537995.969,,1392.396,1176.315,
538062.628,,1393.882,1180.423,
538129.284,,1390.654,1188.609,
538195.937,,1391.571,1190.908,
538262.594,,1399.487,1190.027,
538329.250,,1387.857,1191.163,
538395.907,,1377.912,1191.800,
538462.564,,1378.632,1196.041,
538529.219,,1381.412,1201.330,
538595.881,,1382.888,1199.106,
538662.533,,1383.213,1195.978,
538729.191,,1388.301,1196.379,
538795.849,,1379.801,1195.099,
538862.502,,1388.527,1192.396,
538929.159,,1383.668,1191.298,
538995.821,,1383.512,1190.738,
539062.472,,1391.638,1190.051,
539129.133,,1382.925,1191.883,
539195.788,,1384.259,1191.961,
539262.445,,1390.657,1193.348,
539329.104,,1389.328,1200.979,
539395.762,,1395.254,1201.585,
539462.412,,1401.504,1198.433,
539529.068,,1386.905,1191.370,
539595.728,,1384.791,1191.207,
539662.388,,1393.264,1189.943,
539729.045,,1392.830,1187.619,
539795.701,,1394.491,1183.894,
539862.354,,1387.889,1182.153,
539929.009,,1394.347,1183.646,
539995.665,,1396.235,1181.272,
540062.327,,1395.712,1175.262,
540128.982,,1380.785,1176.820,
540195.639,,1385.009,1174.499,
540262.296,,1386.199,1174.315,
540328.951,,1379.218,1171.793,
540395.611,,1382.095,1172.326,
540462.263,,1375.738,1170.148,
540528.923,,1374.557,1175.221,
540595.579,,1392.978,1178.595,
540662.238,,1396.590,1172.745,
540728.894,,1385.557,1168.728,
540795.546,,1386.314,1167.986,
540862.204,,1379.153,1166.454,
540928.860,,1375.620,1166.100,
540995.515,,1378.429,1168.430,
541062.173,,1382.271,1166.841,
541128.831,,1377.258,1168.382,
541195.491,,1378.862,1168.887,
541262.144,,1383.308,1166.371,
541328.802,,1384.618,1169.692,
541395.454,,1380.512,1172.990,
541462.111,,1376.934,1180.050,
541528.773,,1385.697,1187.021,
541595.428,,1382.191,1208.286,
541662.082,,1380.869,1227.379,
541728.742,,1374.766,1255.620,
541795.399,,1380.642,1257.563,
541862.051,,1380.754,1260.227,
541928.712,,1385.134,1261.877,
541995.365,,1383.806,1258.769,
542062.021,,1382.336,1251.607,
542128.679,,1390.450,1247.942,
542195.338,,1391.652,1244.420,
542261.993,,1387.851,1237.047,
542328.650,,1385.240,1227.978,
542395.306,,1379.543,1225.872,
542461.967,,1377.396,1221.040,
542528.620,,1379.352,1219.742,
542595.273,,1376.485,1215.915,
542661.930,,1374.398,1211.847,
542728.587,,1379.701,1209.166,
542795.248,,1377.999,1206.200,
542861.900,,1375.676,1210.282,
542928.562,,1376.901,1214.918,
542995.217,,1383.244,1215.751,
543061.873,,1383.214,1218.040,
543128.530,,1378.810,1214.623,
543195.183,,1380.045,1213.439,
543261.841,,1380.750,1212.278,
543328.501,,1379.963,1213.191,
543395.158,,1380.530,1210.686,
543461.816,,1383.127,1206.907,
543528.470,,1381.310,1208.156,
543595.128,,1386.680,1211.659,
543661.781,,1383.094,1206.196,
543728.437,,1390.766,1209.644,
543795.097,,1390.982,1207.300,
543861.749,,1388.787,1205.080,
543928.412,,1395.942,1201.910,
543995.070,,1389.980,1198.863,
544061.732,,1390.658,1199.063,
544128.389,,1391.988,1199.167,
544195.045,,1391.417,1204.913,
544261.707,,1396.441,1199.368,
544328.368,,1400.317,1197.822,
544395.024,,1390.032,1190.042,
544461.685,,1388.063,1192.664,
544528.339,,1389.232,1189.947,
544595.000,,1386.196,1188.744,
544661.659,,1390.554,1185.659,
544728.321,,1387.386,1183.924,
544794.982,,1383.464,1181.980,
544861.636,,1383.528,1181.943,
544928.299,,1379.858,1184.730,
544994.956,,1385.421,1182.100,
545061.614,,1377.656,1178.717,
545128.273,,1371.070,1180.078,
545194.930,,1374.780,1180.589,
545261.594,,1375.873,1182.415,
545328.254,,1379.028,1178.173,
545394.911,,1379.478,1173.595,
545461.569,,1372.893,1174.783,
545528.225,,1374.471,1174.197,
545594.885,,1377.246,1174.208,
545661.545,,1382.178,1172.326,
545728.206,,1381.777,1172.686,
545794.862,,1385.892,1170.675,
545861.523,,1382.974,1171.854,
545928.182,,1385.146,1176.162,
545994.837,,1388.469,1174.897,
546061.499,,1382.334,1174.788,
546128.158,,1377.953,1175.209,
546194.814,,1393.293,1173.695,
546261.477,,1380.044,1171.811,
546328.133,,1382.216,1173.542,
546394.797,,1389.656,1171.999,
546461.457,,1382.005,1174.381,
546528.115,,1381.256,1173.763,
546594.771,,1381.097,1173.223,
546661.430,,1381.819,1173.995,
546728.092,,1381.339,1172.420,
546794.751,,1380.582,1172.356,
546861.406,,1381.126,1171.642,
546928.065,,1378.503,1168.855,
546994.729,,1375.333,1169.862,
547061.388,,1376.717,1166.961,
547128.046,,1378.107,1167.940,
547194.704,,1382.738,1166.989,
547261.364,,1386.619,1167.123,
547328.019,,1384.107,1164.315,
547394.681,,1383.732,1163.502,
547461.342,,1377.222,1160.768,
547527.999,,1376.768,1159.573,
547594.659,,1377.583,1158.168,
547661.317,,1378.498,1161.250,
547727.973,,1383.693,1160.602,
547794.632,,1382.006,1164.948,
547861.296,,1385.125,1164.630,
547927.951,,1385.436,1163.136,
547994.609,,1381.222,1162.925,
548061.267,,1382.988,1167.949,
548127.927,,1377.991,1187.950,
548194.588,,1381.567,1198.008,
548261.250,,1380.964,1205.935,
548327.904,,1381.829,1208.661,
548394.561,,1382.294,1206.610,
548461.227,,1380.030,1204.849,
548527.884,,1381.423,1200.871,
548594.542,,1382.259,1198.996,
548661.204,,1383.206,1194.404,
548727.860,,1378.806,1195.194,
548794.522,,1385.123,1195.906,
548861.176,,1385.789,1192.430,
548927.839,,1384.588,1186.228,
548994.495,,1388.167,1187.160,
549061.158,,1387.071,1184.066,
549127.817,,1388.053,1180.263,
549194.472,,1382.680,1181.829,
549261.135,,1383.929,1176.483,
549327.789,,1380.360,1176.776,
549394.447,,1385.168,1177.409,
549461.107,,1378.328,1176.456,
549527.766,,1378.836,1174.925,
549594.424,,1386.214,1176.610,
549661.083,,1388.058,1177.701,
549727.743,,1385.681,1177.574,
549794.404,,1380.070,1172.880,
549861.063,,1378.981,1169.644,
549927.725,,1375.844,1172.885,
549994.384,,1387.884,1175.287,
550061.037,,1386.250,1178.529,
550127.696,,1388.269,1181.957,
550194.357,,1385.261,1184.448,
550261.015,,1389.312,1184.371,
550327.675,,1386.519,1185.811,
550394.334,,1382.814,1187.158,
550460.996,,1378.089,1192.115,
550527.652,,1380.627,1193.860,
550594.312,,1387.890,1198.843,
550660.973,,1384.829,1203.310,
550727.629,,1381.799,1205.445,
550794.288,,1390.798,1205.455,
550860.951,,1387.046,1206.846,
550927.607,,1390.630,1204.866,
550994.268,,1393.071,1201.596,
551060.929,,1388.956,1198.119,
551127.584,,1390.039,1196.793,
551194.242,,1398.108,1194.026,
551260.905,,1395.878,1191.882,
551327.561,,1395.839,1191.178,
551394.219,,1388.952,1183.880,
551460.882,,1384.430,1179.628,
551527.536,,1382.520,1175.358,
551594.199,,1380.490,1173.174,
551660.854,,1381.153,1171.155,
551727.517,,1380.326,1168.115,
551794.175,,1381.724,1168.495,
551860.835,,1385.541,1170.945,
551927.491,,1387.939,1166.976,
551994.149,,1389.531,1163.806,
552060.805,,1384.308,1163.873,
552127.464,,1379.692,1163.304,
552194.124,,1382.392,1172.646,
552260.781,,1387.998,1186.777,
552327.420,,1387.337,1193.458,
552394.095,,1385.340,1190.933,
552460.749,,1388.676,1192.831,
552527.408,,1390.740,1199.068,
552594.064,,1390.944,1199.160,
552660.728,,1388.285,1201.678,
552727.382,,1387.168,1201.212,
552794.039,,1387.942,1206.890,
552860.695,,1388.718,1213.066,
552927.354,,1385.028,1219.091,
552994.014,,1384.353,1220.142,
553060.667,,1390.947,1223.705,
553127.328,,1388.927,1225.823,
553193.983,,1388.181,1223.188,
553260.643,,1383.023,1234.817,
553327.297,,1396.437,1222.640,
553393.955,,1389.112,1214.309,
553460.613,,1391.980,1210.160,
553527.275,,1390.563,1205.921,
553593.929,,1392.234,1205.745,
553660.590,,1395.358,1202.156,
553727.246,,1395.207,1198.450,
553793.904,,1395.158,1194.018,
553860.558,,1391.229,1188.498,
553927.218,,1386.986,1184.711,
553993.873,,1385.491,1183.601,
554060.533,,1389.272,1183.142,
554127.191,,1390.306,1190.703,
554193.846,,1389.785,1177.003,
554260.504,,1386.428,1172.255,
554327.165,,1383.742,1168.826,
554393.820,,1383.340,1170.172,
554460.481,,1382.531,1168.514,
554527.137,,1381.231,1169.388,
554593.794,,1385.964,1173.730,
554660.451,,1391.162,1171.932,
554727.111,,1392.738,1171.260,
554793.767,,1395.515,1173.896,
554860.426,,1393.513,1170.758,
554927.078,,1396.149,1170.219,
554993.737,,1398.503,1171.771,
555060.400,,1392.229,1168.591,
555127.056,,1389.658,1167.388,
555193.714,,1399.986,1168.718,
555260.367,,1392.661,1168.340,
555327.023,,1400.151,1167.489,
555393.687,,1395.382,1163.091,
555460.344,,1388.407,1161.160,
555527.002,,1381.866,1158.633,
555593.658,,1385.708,1158.736,
555660.313,,1387.576,1160.913,
555726.970,,1392.425,1160.725,
555793.630,,1385.738,1157.319,
555860.288,,1384.822,1153.655,
555926.945,,1386.988,1156.397,
555993.605,,1385.391,1155.964,
556060.260,,1387.730,1154.263,
556126.914,,1382.244,1154.811,
556193.572,,1383.557,1154.083,
556260.231,,1386.145,1155.271,
556326.888,,1392.930,1158.352,
556393.547,,1392.728,1159.839,
556460.204,,1387.862,1157.729,
556526.862,,1388.899,1161.123,
556593.519,,1385.790,1167.071,
556660.177,,1389.326,1169.479,
556726.837,,1384.227,1171.951,
556793.492,,1386.837,1170.465,
556860.153,,1385.826,1167.809,
556926.811,,1391.489,1170.016,
556993.463,,1390.956,1169.836,
557060.120,,1381.110,1167.765,
557126.777,,1384.019,1165.087,
557193.436,,1378.624,1165.265,
557260.097,,1379.101,1158.732,
557326.756,,1372.116,1162.496,
557393.410,,1381.801,1162.796,
557460.068,,1384.363,1164.118,
557526.727,,1383.660,1164.252,
557593.386,,1386.296,1162.086,
557660.042,,1384.343,1162.393,
557726.696,,1384.014,1164.228,
557793.359,,1386.734,1174.455,
557860.014,,1390.792,1180.080,
557926.669,,1393.805,1183.628,
557993.328,,1390.589,1185.277,
558059.986,,1384.029,1188.063,
558126.643,,1382.457,1184.676,
558193.305,,1378.535,1182.350,
558259.962,,1383.682,1187.806,
558326.613,,1394.866,1191.906,
558393.276,,1379.734,1183.522,
558459.929,,1390.728,1184.883,
558526.588,,1386.902,1197.881,
558593.244,,1382.938,1205.605,
558659.907,,1379.369,1203.940,
558726.559,,1375.398,1207.287,
558793.220,,1374.904,1203.775,
558859.876,,1380.239,1199.653,
558926.536,,1380.591,1197.159,
558993.189,,1379.589,1193.302,
559059.848,,1376.071,1190.987,
559126.508,,1380.355,1190.660,
559193.163,,1376.728,1192.200,
559259.824,,1387.674,1188.003,
559326.478,,1378.091,1186.184,
559393.136,,1386.029,1182.844,
559459.791,,1388.133,1182.532,
559526.451,,1387.710,1179.834,
559593.113,,1387.801,1177.770,
559659.770,,1387.816,1175.760,
559726.425,,1388.610,1174.670,
559793.081,,1384.067,1173.865,
559859.743,,1384.150,1173.489,
559926.395,,1381.573,1172.981,
559993.057,,1383.748,1174.266,
560059.714,,1380.880,1164.386,
560126.370,,1373.437,1171.038,
560193.027,,1377.988,1171.385,
560259.691,,1375.631,1163.290,
560326.347,,1378.504,1167.319,
560393.005,,1382.436,1168.863,
560459.661,,1384.438,1166.891,
560526.319,,1381.364,1169.770,
560592.977,,1381.431,1169.924,
560659.636,,1380.294,1166.191,
560726.296,,1374.171,1162.225,
560792.954,,1378.001,1164.990,
560859.611,,1381.604,1168.212,
560926.270,,1378.991,1166.719,
560992.926,,1384.477,1163.336,
561059.584,,1383.103,1165.445,
561126.245,,1384.027,1168.145,
561192.903,,1391.027,1165.605,
561259.560,,1388.219,1163.917,
561326.218,,1378.767,1160.050,
561392.878,,1373.686,1166.926,
561459.536,,1368.196,1170.930,
561526.197,,1378.032,1170.863,
561592.851,,1378.130,1171.020,
561659.513,,1372.868,1170.829,
561726.169,,1377.210,1170.665,
561792.829,,1380.171,1168.463,
561859.487,,1376.342,1167.930,
561926.145,,1377.041,1165.125,
561992.800,,1378.649,1165.069,
562059.459,,1374.204,1163.366,
562126.116,,1375.814,1162.084,
562192.778,,1376.417,1160.160,
562259.435,,1374.242,1158.093,
562326.096,,1373.644,1160.138,
562392.753,,1369.763,1159.586,
562459.407,,1372.144,1160.146,
562526.070,,1373.332,1158.920,
562592.723,,1381.772,1156.906,
562659.381,,1369.451,1158.588,
562726.041,,1372.435,1159.141,
562792.699,,1377.053,1161.294,
562859.359,,1380.952,1170.150,
562926.019,,1376.371,1166.579,
562992.676,,1375.220,1173.796,
563059.334,,1380.021,1180.999,
563125.991,,1381.173,1182.468,
563192.653,,1382.704,1186.249,
563259.311,,1378.789,1185.220,
563325.970,,1368.797,1187.209,
563392.627,,1378.656,1190.613,
563459.285,,1378.974,1196.151,
563525.942,,1379.725,1193.814,
563592.600,,1385.383,1196.921,
563659.261,,1385.438,1197.145,
563725.914,,1382.749,1193.158,
563792.573,,1381.624,1190.579,
563859.234,,1386.493,1191.520,
563925.888,,1387.694,1187.116,
563992.548,,1377.297,1188.581,
564059.205,,1377.310,1184.830,
564125.868,,1382.027,1185.638,
564192.525,,1380.372,1183.729,
564259.179,,1380.566,1180.817,
564325.836,,1378.626,1185.718,
564392.495,,1377.182,1191.768,
564459.155,,1378.129,1193.362,
564525.811,,1372.089,1196.999,
564592.471,,1375.229,1199.380,
564659.133,,1382.670,1194.133,
564725.788,,1378.412,1194.197,
564792.446,,1383.164,1191.365,
564859.105,,1389.818,1187.471,
564925.764,,1378.856,1188.406,
564992.421,,1387.120,1190.588,
565059.078,,1386.422,1188.047,
565125.739,,1382.954,1184.606,
565192.397,,1384.603,1183.045,
565259.053,,1383.800,1178.547,
565325.714,,1380.468,1181.316,
565392.373,,1383.792,1179.815,
565459.029,,1385.667,1179.542,
565525.685,,1388.062,1180.705,
565592.347,,1384.712,1178.533,
565659.001,,1380.039,1183.672,
565725.660,,1382.868,1189.107,
565792.321,,1382.936,1191.853,
565858.981,,1380.393,1198.524,
565925.635,,1375.908,1208.468,
565992.293,,1371.099,1214.474,
566058.954,,1369.052,1215.202,
566125.608,,1368.986,1219.799,
566192.270,,1368.012,1225.450,
566258.927,,1368.276,1222.529,
566325.583,,1369.805,1222.042,
566392.241,,1366.741,1216.814,
566458.902,,1371.264,1212.987,
566525.558,,1372.663,1211.037,
566592.217,,1374.552,1206.826,
566658.875,,1375.126,1205.854,
566725.536,,1375.908,1206.253,
566792.191,,1374.268,1205.092,
566858.854,,1379.438,1208.644,
566925.512,,1381.362,1213.425,
566992.165,,1386.525,1211.600,
567058.827,,1385.405,1213.276,
567125.487,,1379.064,1211.200,
567192.145,,1376.458,1207.039,
567258.799,,1371.163,1206.135,
567325.458,,1372.300,1209.983,
567392.119,,1381.741,1211.853,
567458.777,,1378.001,1212.893,
567525.432,,1379.459,1219.403,
567592.089,,1374.730,1226.695,
567658.752,,1376.990,1228.296,
567725.409,,1383.301,1234.724,
567792.068,,1376.522,1239.632,
567858.725,,1373.297,1238.588,
567925.383,,1375.806,1234.700,
567992.040,,1374.290,1231.087,
568058.701,,1367.087,1222.679,
568125.356,,1365.286,1223.390,
568192.015,,1358.793,1216.072,
568258.672,,1360.803,1214.697,
568325.332,,1363.561,1208.431,
568391.992,,1367.346,1205.710,
568458.645,,1367.740,1202.953,
568525.303,,1363.137,1199.236,
568591.965,,1365.295,1194.866,
568658.619,,1362.453,1193.973,
568725.280,,1364.971,1194.268,
568791.938,,1371.590,1190.039,
568858.597,,1371.198,1189.142,
568925.255,,1364.757,1189.720,
568991.915,,1370.480,1182.412,
569058.567,,1368.428,1180.418,
569125.228,,1366.780,1179.368,
569191.885,,1373.016,1180.272,
569258.546,,1368.277,1178.015,
569325.204,,1376.289,1176.290,
569391.858,,1384.724,1180.398,
569458.518,,1383.896,1184.538,
569525.180,,1382.373,1189.437,
569591.831,,1382.644,1197.560,
569658.496,,1386.733,1200.716,
569725.153,,1382.707,1202.177,
569791.807,,1378.151,1198.083,
569858.466,,1381.717,1193.991,
569925.126,,1377.357,1193.359,
569991.781,,1378.564,1191.398,
570058.443,,1377.186,1188.169,
570125.097,,1384.165,1184.148,
570191.760,,1381.541,1183.164,
570258.417,,1370.123,1180.653,
570325.070,,1369.219,1175.597,
570391.732,,1366.767,1179.439,
570458.393,,1374.013,1178.504,
570525.048,,1378.794,1187.242,
570591.705,,1373.892,1177.067,
570658.364,,1377.234,1180.044,
570725.026,,1377.817,1180.347,
570791.678,,1377.910,1181.060,
570858.341,,1378.838,1181.747,
570924.998,,1376.228,1181.070,
570991.654,,1378.807,1180.865,
571058.314,,1376.786,1176.667,
571124.971,,1379.140,1175.205,
571191.631,,1384.883,1171.403,
571258.284,,1383.711,1170.402,
571324.946,,1383.245,1168.505,
571391.600,,1384.131,1167.227,
571458.260,,1380.616,1169.237,
571524.917,,1382.963,1168.624,
571591.575,,1381.533,1168.122,
571658.233,,1380.987,1166.130,
571724.891,,1379.940,1165.946,
571791.555,,1380.299,1166.128,
571858.210,,1379.858,1166.714,
571924.871,,1382.338,1165.480,
571991.526,,1380.149,1162.438,
572058.183,,1385.197,1163.567,
572124.844,,1383.914,1162.399,
572191.500,,1381.133,1160.594,
572258.157,,1386.696,1161.270,
572324.818,,1393.600,1161.456,
572391.476,,1386.872,1162.366,
572458.135,,1381.049,1161.798,
572524.791,,1388.008,1162.589,
572591.446,,1389.619,1162.058,
572658.109,,1396.191,1159.991,
572724.764,,1392.917,1160.804,
572791.426,,1392.102,1159.468,
572858.081,,1396.158,1159.546,
572924.737,,1394.666,1161.091,
572991.396,,1387.741,1156.627,
573058.057,,1384.075,1155.401,
573124.716,,1378.971,1151.911,
573191.370,,1382.902,1149.204,
573258.030,,1376.808,1151.314,
573324.686,,1375.015,1150.189,
573391.342,,1385.016,1153.138,
573458.006,,1379.438,1150.055,
573524.664,,1380.314,1150.381,
573591.319,,1387.251,1155.505,
573657.981,,1386.446,1154.193,
573724.635,,1394.418,1153.623,
573791.293,,1389.330,1167.386,
573857.949,,1392.889,1172.131,
573924.613,,1393.990,1172.222,
573991.267,,1393.293,1175.592,
574057.926,,1394.004,1173.418,
574124.585,,1389.590,1172.698,
574191.241,,1389.673,1174.113,
574257.900,,1390.449,1168.968,
574324.556,,1386.771,1169.054,
574391.216,,1385.549,1164.536,
574457.876,,1382.953,1167.681,
574524.535,,1386.327,1165.052,
574591.193,,1376.525,1161.673,
574657.847,,1386.940,1160.517,
574724.507,,1387.257,1162.214,
574791.167,,1385.959,1157.902,
574857.827,,1385.142,1158.405,
574924.482,,1390.709,1159.459,
574991.143,,1386.114,1156.672,
575057.799,,1384.697,1159.551,
575124.458,,1388.535,1158.001,
575191.112,,1381.149,1156.320,
575257.774,,1385.637,1162.255,
575324.427,,1382.722,1168.667,
575391.089,,1384.508,1172.544,
575457.747,,1383.014,1169.699,
575524.404,,1384.079,1171.357,
575591.064,,1381.803,1170.461,
575657.723,,1376.751,1171.037,
575724.376,,1383.174,1172.233,
575791.035,,1382.960,1168.466,
575857.696,,1379.469,1168.336,
575924.354,,1377.127,1166.967,
575991.007,,1383.864,1166.501,
576057.665,,1381.678,1167.582,
576124.324,,1386.678,1168.058,
576190.985,,1392.470,1170.588,
576257.636,,1393.442,1176.323,
576324.297,,1388.335,1180.512,
576390.955,,1390.464,1183.818,
576457.609,,1388.122,1187.501,
576524.270,,1388.365,1192.474,
576590.927,,1385.998,1191.954,
576657.585,,1391.412,1188.889,
576724.240,,1389.525,1189.014,
576790.896,,1383.554,1184.306,
576857.556,,1383.963,1179.939,
576924.215,,1379.562,1179.053,
576990.869,,1385.542,1177.532,
577057.526,,1398.165,1178.109,
577124.185,,1393.399,1177.310,
577190.846,,1384.960,1172.629,
577257.498,,1383.460,1174.366,
577324.160,,1386.526,1167.822,
577390.817,,1384.632,1168.113,
577457.473,,1377.186,1165.574,
577524.131,,1383.246,1166.043,
577590.785,,1381.705,1168.834,
577657.447,,1381.745,1166.180,
577724.103,,1385.347,1168.473,
577790.761,,1387.869,1171.907,
577857.417,,1384.988,1171.537,
577924.075,,1381.190,1168.672,
577990.733,,1381.647,1170.182,
578057.389,,1386.412,1168.242,
578124.049,,1393.205,1171.311,
578190.701,,1400.853,1168.939,
578257.358,,1394.969,1166.697,
578324.021,,1393.119,1164.481,
578390.676,,1396.288,1166.502,
578457.332,,1397.363,1167.220,
578523.988,,1395.461,1163.155,
578590.650,,1395.736,1161.905,
578657.304,,1392.693,1161.951,
578723.961,,1391.676,1172.701,
578790.619,,1391.412,1186.213,
578857.280,,1396.212,1190.853,
578923.938,,1384.186,1196.580,
578990.592,,1387.473,1196.505,
579057.249,,1386.578,1196.519,
579123.906,,1396.470,1194.904,
579190.563,,1390.538,1193.136,
579257.224,,1393.985,1191.849,
579323.881,,1395.671,1189.624,
579390.534,,1396.484,1188.563,
579457.193,,1402.552,1186.401,
579523.854,,1397.003,1181.035,
579590.512,,1391.672,1180.706,
579657.164,,1387.787,1178.172,
579723.822,,1389.214,1178.949,
579790.483,,1391.465,1177.882,
579857.138,,1388.922,1176.747,
579923.798,,1390.856,1176.326,
579990.453,,1390.707,1176.400,
580057.108,,1385.647,1174.172,
580123.769,,1386.382,1174.845,
580190.427,,1382.798,1178.325,
580257.085,,1383.165,1181.323,
580323.741,,1386.564,1179.695,
580390.401,,1389.108,1178.963,
580457.055,,1399.089,1181.700,
580523.712,,1387.473,1179.904,
580590.372,,1392.373,1177.462,
580657.025,,1388.600,1172.405,
580723.681,,1384.653,1174.267,
580790.344,,1381.107,1170.489,
580857.000,,1380.382,1166.058,
580923.658,,1377.790,1170.170,
580990.312,,1384.587,1169.103,
581056.968,,1386.051,1172.385,
581123.626,,1386.942,1170.392,
581190.289,,1383.394,1166.927,
581256.943,,1383.644,1167.745,
581323.603,,1385.823,1167.844,
581390.259,,1382.848,1165.811,
581456.918,,1380.385,1164.053,
581523.572,,1374.819,1163.759,
581590.232,,1376.607,1162.814,
581656.886,,1375.056,1164.400,
581723.548,,1375.518,1165.281,
581790.200,,1379.168,1162.833,
581856.863,,1378.781,1163.389,
581923.515,,1380.104,1162.926,
581990.172,,1380.549,1162.312,
582056.831,,1378.900,1161.159,
582123.489,,1376.105,1164.588,
582190.146,,1375.446,1166.812,
582256.807,,1370.782,1166.200,
582323.461,,1374.303,1166.279,
582390.120,,1374.277,1165.697,
582456.776,,1366.002,1161.693,
582523.433,,1363.282,1163.247,
582590.094,,1373.119,1161.964,
582656.751,,1378.995,1158.555,
582723.409,,1380.508,1159.903,
582790.063,,1378.929,1157.275,
582856.718,,1384.303,1156.193,
582923.381,,1379.587,1154.436,
582990.033,,1379.626,1154.941,
583056.695,,1377.115,1159.167,
583123.351,,1381.253,1161.209,
583190.006,,1384.642,1165.265,
583256.662,,1382.216,1163.211,
583323.321,,1382.338,1164.158,
583389.983,,1379.473,1164.218,
583456.638,,1377.965,1162.515,
583523.298,,1376.775,1164.884,
583589.951,,1378.507,1166.081,
583656.610,,1378.108,1166.264,
583723.267,,1374.735,1164.328,
583789.923,,1377.375,1166.493,
583856.582,,1378.241,1167.832,
583923.241,,1381.959,1169.132,
583989.897,,1382.855,1181.412,
584056.557,,1378.143,1200.377,
584123.213,,1382.346,1207.070,
584189.870,,1384.477,1203.088,
584256.529,,1378.204,1203.389,
584323.191,,1378.533,1200.880,
584389.846,,1377.991,1196.865,
584456.509,,1373.205,1188.337,
584523.166,,1381.235,1188.447,
584589.826,,1378.125,1185.554,
584656.484,,1379.262,1187.659,
584723.140,,1390.351,1182.568,
584789.797,,1382.892,1179.575,
584856.455,,1380.824,1175.718,
584923.116,,1375.505,1171.841,
584989.774,,1375.049,1173.727,
585056.431,,1378.845,1171.989,
585123.092,,1376.627,1173.277,
585189.745,,1380.724,1172.596,
585256.406,,1388.923,1171.580,
585323.068,,1386.332,1170.469,
585389.725,,1384.688,1175.013,
585456.379,,1377.340,1179.800,
585523.042,,1384.025,1185.546,
585589.698,,1387.478,1191.564,
585656.357,,1386.547,1191.161,
585723.014,,1393.018,1193.458,
585789.674,,1391.800,1189.630,
585856.335,,1386.774,1189.356,
585922.992,,1385.774,1192.804,
585989.646,,1385.526,1185.901,
586056.304,,1385.352,1179.671,
586122.966,,1383.597,1188.697,
586189.621,,1390.586,1188.172,
586256.278,,1388.201,1191.106,
586322.938,,1388.730,1193.127,
586389.600,,1384.928,1188.708,
586456.257,,1381.008,1185.421,
586522.913,,1379.192,1181.649,
586589.570,,1376.182,1183.706,
586656.229,,1372.858,1178.800,
586722.886,,1374.149,1176.590,
586789.545,,1378.739,1177.240,
586856.209,,1379.423,1174.703,
586922.863,,1376.483,1171.634,
586989.526,,1373.723,1166.610,
587056.183,,1374.909,1169.321,
587122.836,,1375.617,1165.058,
587189.497,,1379.464,1166.134,
587256.157,,1387.015,1166.764,
587322.816,,1386.742,1165.130,
587389.473,,1389.543,1167.460,
587456.133,,1396.309,1171.025,
587522.788,,1399.849,1170.405,
587589.449,,1396.685,1162.467,
587656.107,,1380.348,1158.772,
587722.766,,1384.724,1158.823,
587789.424,,1382.008,1154.885,
587856.084,,1373.793,1156.104,
587922.739,,1373.645,1155.071,
587989.395,,1374.805,1153.738,
588056.059,,1378.553,1151.464,
588122.717,,1370.513,1155.509,
588189.375,,1382.734,1158.630,
588256.034,,1382.503,1158.514,
588322.691,,1383.029,1164.252,
588389.349,,1381.102,1166.264,
588456.008,,1382.142,1167.162,
588522.665,,1382.518,1164.436,
588589.326,,1381.548,1165.812,
588655.979,,1383.725,1168.556,
588722.637,,1385.071,1167.480,
588789.299,,1384.259,1167.716,
588855.954,,1384.839,1170.851,
588922.614,,1382.920,1175.406,
588989.271,,1387.047,1178.479,
589055.935,,1389.290,1178.565,
589122.589,,1385.338,1176.062,
589189.251,,1380.438,1175.780,
589255.908,,1382.078,1172.877,
589322.563,,1381.861,1172.485,
589389.222,,1380.707,1169.752,
589455.885,,1381.375,1167.228,
589522.540,,1379.570,1160.965,
589589.198,,1373.875,1159.172,
589655.855,,1371.739,1157.575,
589722.516,,1369.407,1155.501,
589789.176,,1380.771,1157.491,
589855.829,,1375.682,1155.636,
589922.490,,1378.546,1154.122,
589989.146,,1376.103,1153.738,
590055.807,,1379.624,1158.961,
590122.464,,1383.896,1156.475,
590189.122,,1381.923,1155.902,
590255.781,,1372.850,1155.308,
590322.441,,1374.579,1154.244,
590389.097,,1374.116,1154.989,
590455.753,,1372.721,1152.504,
590522.413,,1374.236,1153.530,
590589.073,,1376.333,1154.979,
590655.734,,1379.507,1157.049,
590722.388,,1378.390,1162.419,
590789.049,,1377.658,1163.284,
590855.705,,1383.324,1177.027,
590922.363,,1380.378,1186.455,
590989.022,,1383.248,1183.978,
591055.681,,1374.406,1191.745,
591122.339,,1377.456,1188.205,
591189.000,,1381.397,1189.197,
591255.658,,1378.415,1189.213,
591322.316,,1378.064,1188.842,
591388.971,,1377.162,1186.363,
591455.634,,1379.417,1189.574,
591522.291,,1381.849,1193.405,
591588.948,,1382.525,1194.533,
591655.605,,1381.006,1192.764,
591722.263,,1381.657,1194.055,
591788.924,,1379.996,1194.394,
591855.585,,1382.387,1196.338,
591922.237,,1380.945,1197.916,
591988.897,,1385.289,1200.991,
592055.555,,1386.472,1201.803,
592122.213,,1384.084,1198.761,
592188.870,,1389.080,1195.808,
592255.532,,1386.197,1193.966,
592322.185,,1382.536,1189.362,
592388.846,,1382.100,1187.492,
592455.503,,1383.622,1186.256,
592522.164,,1383.403,1185.316,
592588.819,,1386.392,1184.076,
592655.480,,1383.806,1183.698,
592722.136,,1384.523,1185.132,
592788.792,,1380.756,1182.845,
592855.454,,1379.223,1187.927,
592922.108,,1382.027,1202.519,
592988.767,,1383.254,1213.952,
593055.428,,1381.883,1212.812,
593122.087,,1387.010,1221.531,
593188.741,,1389.882,1260.723,
593255.398,,1382.990,1288.605,
593322.058,,1380.502,1292.487,
593388.717,,1380.958,1289.653,
593455.377,,1378.112,1285.891,
593522.030,,1382.114,1278.673,
593588.692,,1382.351,1273.064,
593655.346,,1378.946,1273.648,
593722.007,,1372.785,1275.968,
593788.666,,1367.807,1274.134,
593855.323,,1368.542,1269.961,
593921.984,,1370.703,1270.377,
593988.637,,1367.812,1270.453,
594055.300,,1362.047,1265.215,
594121.952,,1369.872,1258.715,
594188.610,,1364.574,1255.803,
594255.272,,1361.050,1248.550,
594321.930,,1374.175,1243.781,
594388.586,,1374.730,1241.114,
594455.248,,1368.916,1238.712,
594521.902,,1369.826,1231.371,
594588.564,,1381.190,1230.365,
594655.217,,1387.037,1224.043,
594721.874,,1383.889,1220.559,
594788.533,,1380.827,1216.228,
594855.191,,1385.311,1211.924,
594921.855,,1383.536,1211.717,
594988.507,,1387.407,1212.702,
595055.170,,1383.381,1205.809,
595121.825,,1382.805,1203.929,
595188.486,,1387.608,1205.080,
595255.140,,1381.755,1207.134,
595321.797,,1377.639,1204.860,
595388.458,,1378.551,1201.995,
595455.117,,1376.716,1202.550,
595521.773,,1379.833,1200.631,
595588.430,,1378.688,1192.850,
595655.088,,1381.285,1190.582,
595721.750,,1377.620,1188.278,
595788.407,,1382.732,1182.695,
595855.063,,1378.393,1182.782,
595921.722,,1376.242,1176.704,
595988.377,,1372.214,1172.460,
596055.036,,1374.586,1180.846,
596121.699,,1371.707,1177.430,
596188.352,,1380.136,1175.683,
596255.015,,1375.557,1172.092,
596321.673,,1376.766,1171.661,
596388.327,,1384.631,1173.157,
596454.986,,1382.317,1173.564,
596521.642,,1383.921,1171.183,
596588.301,,1386.787,1174.879,
596654.964,,1386.694,1174.304,
596721.620,,1393.477,1170.811,
596788.278,,1390.977,1171.338,
596854.935,,1398.394,1172.994,
596921.581,,1389.592,1169.484,
596988.251,,1391.280,1170.060,
597054.909,,1386.984,1168.818,
597121.569,,1388.560,1167.015,
597188.225,,1387.774,1164.823,
597254.883,,1387.020,1163.441,
597321.541,,1388.006,1162.491,
597388.198,,1385.370,1161.389,
597454.855,,1385.992,1162.808,
597521.514,,1375.608,1159.704,
597588.175,,1389.850,1161.189,
597654.834,,1394.401,1156.852,
597721.491,,1379.050,1160.118,
597788.144,,1377.604,1155.854,
597854.803,,1379.236,1154.225,
597921.465,,1375.752,1158.369,
597988.123,,1372.681,1158.637,
598054.780,,1384.471,1156.726,
598121.435,,1377.662,1159.064,
598188.095,,1384.691,1157.336,
598254.754,,1387.882,1161.298,
598321.414,,1380.516,1159.770,
598388.067,,1381.653,1158.872,
598454.729,,1382.724,1161.493,
598521.386,,1382.856,1166.788,
598588.042,,1404.311,1169.268,
598654.704,,1388.121,1170.138,
598721.361,,1386.637,1175.124,
598788.014,,1384.370,1183.677,
598854.673,,1378.331,1185.802,
598921.335,,1379.566,1188.272,
598987.993,,1375.593,1187.577,
599054.647,,1364.959,1186.740,
599121.308,,1373.829,1186.116,
599187.968,,1372.942,1189.675,
599254.623,,1372.845,1182.423,
599321.283,,1374.457,1179.610,
599387.942,,1381.441,1178.920,
599454.596,,1377.562,1176.016,
599521.258,,1390.895,1176.421,
599587.913,,1375.275,1170.049,
599654.570,,1378.333,1168.273,
599721.228,,1380.791,1166.173,
599787.888,,1379.386,1167.633,
599854.545,,1373.403,1164.428,
599921.203,,1379.155,1164.284,
599987.859,,1377.900,1160.619,
600054.518,,1376.425,1157.492,
600121.176,,1373.198,1159.448,
600187.839,,1375.031,1157.739,
600254.497,,1375.790,1159.609,
600321.151,,1375.485,1156.042,
600387.807,,1380.214,1153.162,
600454.466,,1375.940,1155.858,
600521.122,,1377.211,1159.053,
600587.780,,1379.463,1155.859,
600654.440,,1381.877,1155.512,
600721.095,,1377.251,1155.441,
600787.755,,1373.693,1154.883,
600854.415,,1375.926,1153.726,
600921.076,,1372.915,1154.670,
600987.728,,1373.593,1153.716,
601054.389,,1373.551,1154.958,
601121.045,,1371.933,1154.724,
601187.701,,1374.686,1155.602,
601254.362,,1377.789,1152.518,
601321.022,,1378.363,1153.579,
601387.678,,1373.495,1152.939,
601454.337,,1370.392,1153.543,
601520.992,,1375.801,1154.254,
601587.650,,1375.439,1153.879,
601654.310,,1379.470,1154.769,
601720.970,,1383.067,1159.290,
601787.627,,1377.951,1158.820,
601854.280,,1375.719,1161.541,
601920.943,,1373.971,1162.414,
601987.599,,1376.270,1163.500,
602054.257,,1371.422,1169.484,
602120.916,,1374.615,1170.596,
602187.574,,1376.003,1166.519,
602254.231,,1380.186,1164.628,
602320.886,,1374.910,1168.758,
602387.549,,1377.501,1169.384,
602454.205,,1379.010,1168.730,
602520.858,,1376.628,1172.003,
602587.516,,1373.241,1167.967,
602654.175,,1377.414,1166.500,
602720.835,,1375.778,1165.381,
602787.495,,1372.348,1163.459,
602854.150,,1370.641,1166.990,
602920.808,,1371.316,1173.277,
602987.467,,1371.665,1172.241,
603054.127,,1379.851,1170.375,
603120.785,,1375.461,1169.813,
603187.437,,1372.522,1166.490,
603254.096,,1368.710,1163.611,
603320.755,,1369.165,1163.416,
603387.414,,1367.899,1168.834,
603454.070,,1371.258,1168.693,
603520.727,,1367.550,1168.286,
603587.386,,1372.242,1172.445,
603654.046,,1374.044,1174.367,
603720.699,,1374.178,1173.734,
603787.364,,1371.797,1169.320,
603854.018,,1372.984,1169.924,
603920.677,,1373.679,1170.542,
603987.336,,1368.716,1172.340,
604053.993,,1368.954,1171.721,
604120.650,,1374.930,1174.488,
604187.307,,1377.621,1179.877,
604253.966,,1374.432,1188.100,
604320.622,,1367.575,1179.277,
604387.278,,1366.366,1178.700,
604453.939,,1363.911,1179.616,
604520.594,,1367.590,1177.032,
604587.256,,1368.811,1174.737,
604653.909,,1363.170,1171.120,
604720.569,,1367.926,1168.428,
604787.230,,1366.502,1167.920,
604853.885,,1366.130,1165.934,
604920.547,,1371.433,1169.684,
604987.199,,1379.172,1168.467,
605053.857,,1377.096,1167.717,
605120.518,,1373.175,1164.252,
605187.178,,1373.444,1163.723,
605253.831,,1372.591,1160.865,
605320.491,,1375.109,1162.063,
605387.149,,1378.376,1161.995,
605453.807,,1379.336,1164.142,
605520.464,,1374.139,1179.552,
605587.124,,1374.028,1200.359,
605653.777,,1373.010,1213.183,
605720.442,,1374.052,1214.658,
605787.095,,1374.885,1213.215,
605853.756,,1378.090,1214.572,
605920.412,,1385.840,1217.850,
605987.069,,1384.739,1209.598,
606053.725,,1392.950,1206.490,
606120.383,,1393.609,1204.159,
606187.045,,1379.651,1195.969,
606253.702,,1388.045,1196.302,
606320.358,,1387.903,1192.703,
606387.015,,1382.765,1195.740,
606453.675,,1387.087,1192.185,
606520.333,,1386.179,1190.472,
606586.992,,1392.310,1187.874,
606653.651,,1382.826,1185.942,
606720.309,,1379.535,1185.544,
606786.965,,1380.465,1182.396,
606853.623,,1375.058,1177.976,
606920.282,,1377.938,1175.377,
606986.940,,1373.504,1175.537,
607053.598,,1366.940,1174.696,
607120.255,,1368.867,1170.549,
607186.914,,1370.670,1169.050,
607253.569,,1368.565,1168.951,
607320.227,,1378.092,1172.803,
607386.885,,1372.057,1169.664,
607453.544,,1376.644,1172.047,
607520.202,,1374.397,1172.474,
607586.857,,1381.326,1173.674,
607653.518,,1389.001,1175.148,
607720.177,,1384.421,1174.373,
607786.834,,1389.971,1174.517,
607853.490,,1391.624,1175.811,
607920.148,,1387.243,1172.696,
607986.806,,1387.259,1173.954,
608053.462,,1387.739,1177.236,
608120.120,,1394.507,1179.908,
608186.781,,1395.675,1184.083,
608253.436,,1388.737,1185.465,
608320.097,,1389.017,1180.458,
608386.750,,1389.252,1181.081,
608453.411,,1379.299,1176.426,
608520.066,,1372.301,1176.514,
608586.723,,1373.268,1170.975,
608653.384,,1371.769,1168.901,
608720.041,,1369.783,1169.493,
608786.698,,1370.255,1168.901,
608853.358,,1370.006,1168.915,
608920.017,,1384.162,1171.249,
608986.673,,1382.155,1167.399,
609053.331,,1376.917,1163.973,
609119.988,,1372.176,1161.814,
609186.647,,1374.176,1159.204,
609253.301,,1369.865,1157.599,
609319.961,,1374.941,1159.776,
609386.620,,1372.269,1160.515,
609453.274,,1370.027,1159.080,
609519.932,,1376.110,1158.163,
609586.593,,1374.819,1159.106,
609653.252,,1372.349,1156.586,
609719.909,,1375.851,1158.243,
609786.560,,1376.194,1158.900,
609853.220,,1374.999,1155.544,
609919.879,,1381.324,1156.377,
609986.534,,1382.935,1154.206,
610053.196,,1378.516,1151.559,
610119.849,,1382.072,1149.557,
610186.511,,1375.288,1149.599,
610253.168,,1379.522,1148.624,
610319.824,,1376.063,1151.712,
610386.485,,1378.304,1152.555,
610453.142,,1381.065,1155.161,
610519.798,,1386.632,1153.252,
610586.454,,1381.890,1154.668,
610653.114,,1381.413,1153.605,
610719.768,,1382.045,1153.664,
610786.428,,1378.334,1158.206,
610853.088,,1374.517,1156.186,
610919.745,,1382.388,1158.031,
610986.404,,1380.762,1163.411,
611053.057,,1374.187,1158.076,
611119.719,,1376.816,1158.039,
611186.372,,1378.923,1163.692,
611253.032,,1377.720,1167.853,
611319.689,,1383.319,1169.420,
611386.348,,1377.577,1167.783,
611453.005,,1377.602,1166.530,
611519.660,,1373.387,1167.590,
611586.322,,1373.487,1169.394,
611652.977,,1371.293,1172.067,
611719.638,,1371.384,1169.264,
611786.293,,1372.251,1172.424,
611852.954,,1368.675,1173.025,
611919.610,,1373.645,1175.820,
611986.271,,1373.678,1176.507,
612052.924,,1379.428,1178.654,
612119.580,,1375.094,1173.832,
612186.242,,1375.858,1172.861,
612252.897,,1378.192,1174.181,
612319.558,,1379.250,1172.068,
612386.215,,1378.468,1171.154,
612452.871,,1379.967,1169.072,
612519.532,,1377.895,1172.336,
612586.188,,1381.259,1168.701,
612652.843,,1380.697,1171.302,
612719.503,,1378.146,1166.940,
612786.159,,1381.278,1167.607,
612852.815,,1380.017,1165.425,
612919.474,,1379.662,1165.725,
612986.131,,1382.755,1173.086,
613052.791,,1385.637,1184.985,
613119.445,,1384.321,1186.523,
613186.104,,1387.076,1192.763,
613252.763,,1381.719,1193.126,
613319.419,,1385.337,1193.109,
613386.081,,1385.553,1193.916,
613452.736,,1381.234,1199.724,
613519.393,,1382.908,1211.898,
613586.049,,1382.294,1215.253,
613652.712,,1381.251,1216.145,
613719.369,,1382.474,1216.064,
613786.027,,1384.982,1225.402,
613852.685,,1380.142,1234.368,
613919.337,,1385.156,1234.877,
613986.000,,1388.658,1242.374,
614052.655,,1385.696,1232.879,
614119.313,,1391.827,1232.363,
614185.973,,1388.012,1226.050,
614252.626,,1376.959,1223.630,
614319.284,,1379.355,1221.812,
614385.946,,1380.644,1224.996,
614452.601,,1388.034,1218.550,
614519.259,,1387.032,1213.087,
614585.916,,1397.096,1208.607,
614652.574,,1391.365,1207.308,
614719.230,,1392.704,1202.000,
614785.892,,1389.936,1201.530,
614852.549,,1392.744,1198.031,
614919.207,,1383.749,1193.499,
614985.861,,1381.243,1190.159,
615052.522,,1382.501,1192.937,
615119.182,,1385.689,1189.390,
615185.839,,1389.374,1186.114,
615252.493,,1388.874,1186.730,
615319.151,,1382.569,1184.534,
615385.811,,1387.436,1179.456,
615452.466,,1388.905,1176.950,
615519.127,,1388.785,1176.883,
615585.781,,1389.842,1174.118,
615652.440,,1388.595,1175.793,
615719.100,,1396.127,1173.613,
615785.754,,1392.903,1172.265,
615852.413,,1395.676,1166.777,
615919.070,,1381.333,1167.322,
615985.727,,1382.197,1168.596,
616052.388,,1387.374,1168.546,
616119.044,,1389.325,1167.601,
616185.701,,1390.448,1167.025,
616252.363,,1391.992,1168.832,
616319.019,,1391.179,1168.947,
616385.673,,1391.386,1173.155,
616452.337,,1391.675,1173.735,
616518.993,,1390.133,1177.661,
616585.654,,1388.507,1181.145,
616652.308,,1390.045,1183.614,
616718.964,,1392.114,1182.853,
616785.622,,1392.487,1183.706,
616852.279,,1390.940,1179.595,
616918.943,,1390.964,1178.332,
616985.600,,1385.931,1175.471,
617052.253,,1393.819,1173.703,
617118.912,,1393.551,1173.110,
617185.570,,1390.514,1170.288,
617252.232,,1395.060,1167.787,
617318.890,,1390.357,1169.025,
617385.545,,1392.937,1166.355,
617452.201,,1393.725,1165.142,
617518.862,,1387.282,1163.806,
617585.521,,1388.602,1161.939,
617652.177,,1380.877,1161.100,
617718.834,,1379.624,1158.895,
617785.493,,1382.430,1161.030,
617852.152,,1386.721,1158.508,
617918.806,,1385.737,1159.923,
617985.467,,1387.594,1159.115,
618052.126,,1389.379,1161.728,
618118.781,,1386.576,1161.208,
618185.438,,1383.651,1160.100,
618252.100,,1380.598,1159.186,
618318.758,,1382.834,1160.784,
618385.410,,1385.973,1159.129,
618452.073,,1378.629,1155.006,
618518.729,,1372.596,1155.169,
618585.389,,1380.936,1155.437,
618652.044,,1375.273,1160.469,
618718.703,,1377.360,1158.878,
618785.360,,1378.334,1158.881,
618852.018,,1380.449,1157.595,
618918.677,,1380.911,1159.549,
618985.335,,1380.974,1162.584,
619051.989,,1384.636,1163.666,
619118.651,,1390.395,1164.453,
619185.308,,1388.095,1163.199,
619251.966,,1398.052,1164.115,
619318.626,,1386.537,1160.663,
619385.283,,1384.321,1165.436,
619451.936,,1389.625,1167.877,
619518.594,,1384.891,1171.707,
619585.257,,1392.476,1173.143,
619651.916,,1393.082,1172.580,
619718.568,,1387.573,1172.310,
619785.227,,1385.835,1170.054,
619851.886,,1382.051,1168.107,
619918.543,,1382.858,1166.992,
619985.201,,1379.707,1167.254,
620051.857,,1379.264,1166.274,
620118.518,,1373.548,1162.849,
620185.174,,1373.609,1161.074,
620251.836,,1378.866,1160.640,
620318.489,,1384.069,1161.990,
620385.147,,1383.464,1165.596,
620451.805,,1386.269,1164.688,
620518.463,,1384.833,1165.157,
620585.126,,1386.485,1164.467,
620651.782,,1383.548,1164.080,
620718.437,,1382.386,1162.810,
620785.098,,1386.180,1168.395,
620851.754,,1374.796,1167.927,
620918.416,,1380.465,1171.060,
620985.068,,1380.189,1172.242,
621051.726,,1384.966,1177.610,
621118.384,,1391.857,1180.809,
621185.045,,1384.827,1180.614,
621251.702,,1388.144,1178.611,
621318.361,,1384.049,1173.723,
621385.020,,1374.907,1171.981,
621451.679,,1374.000,1171.458,
621518.336,,1377.637,1171.025,
621584.991,,1376.765,1165.322,
621651.648,,1374.272,1168.039,
621718.305,,1377.872,1166.284,
621784.966,,1375.781,1164.917,
621851.626,,1375.137,1164.316,
621918.285,,1378.067,1163.527,
621984.939,,1374.613,1163.405,
622051.599,,1374.694,1163.921,
622118.255,,1374.934,1164.071,
622184.914,,1379.308,1165.941,
622251.573,,1378.646,1167.325,
622318.229,,1381.510,1173.892,
622384.888,,1381.302,1185.578,
622451.543,,1381.606,1192.419,
622518.200,,1381.872,1193.497,
622584.859,,1381.248,1194.909,
622651.520,,1382.411,1195.903,
622718.175,,1380.313,1198.467,
622784.833,,1383.709,1205.948,
622851.492,,1383.417,1218.428,
622918.149,,1381.639,1236.761,
622984.810,,1382.554,1239.135,
623051.467,,1381.860,1240.091,
623118.124,,1382.544,1236.683,
623184.778,,1379.758,1234.917,
623251.437,,1381.448,1228.209,
623318.097,,1377.103,1220.551,
623384.753,,1378.045,1218.046,
623451.412,,1382.792,1217.573,
623518.074,,1378.511,1218.120,
623584.731,,1378.175,1212.757,
623651.390,,1378.786,1210.014,
623718.043,,1383.335,1203.385,
623784.701,,1382.828,1199.897,
623851.358,,1382.140,1197.711,
623918.018,,1385.746,1192.529,
623984.677,,1382.685,1190.315,
624051.334,,1394.884,1189.464,
624117.994,,1388.817,1191.686,
624184.649,,1386.421,1191.941,
624251.308,,1384.300,1190.001,
624317.969,,1385.749,1189.518,
624384.625,,1384.193,1187.569,
624451.285,,1384.528,1188.107,
624517.938,,1387.158,1191.037,
624584.598,,1381.012,1190.973,
624651.259,,1381.633,1187.390,
624717.912,,1381.651,1182.574,
624784.570,,1380.471,1182.519,
624851.231,,1373.490,1177.950,
624917.890,,1367.639,1172.931,
624984.543,,1374.377,1172.845,
625051.202,,1368.957,1173.450,
625117.860,,1373.361,1173.638,
625184.521,,1379.005,1173.215,
625251.180,,1382.810,1175.220,
625317.838,,1380.960,1176.282,
625384.496,,1382.295,1168.191,
625451.153,,1387.319,1167.903,
625517.808,,1382.756,1167.233,
625584.466,,1388.964,1169.141,
625651.126,,1386.604,1168.113,
625717.783,,1379.681,1168.127,
625784.439,,1382.138,1172.439,
625851.101,,1379.879,1175.207,
625917.758,,1378.699,1180.456,
625984.412,,1379.573,1182.277,
626051.071,,1383.988,1184.650,
626117.729,,1388.207,1200.933,
626184.390,,1385.814,1205.916,
626251.045,,1386.321,1208.178,
626317.703,,1386.983,1201.822,
626384.361,,1376.507,1197.901,
626451.020,,1381.338,1201.874,
626517.677,,1386.404,1198.708,
626584.337,,1381.316,1197.400,
626650.995,,1375.205,1196.180,
626717.655,,1374.114,1190.512,
626784.307,,1371.578,1190.461,
626850.969,,1368.852,1185.365,
626917.623,,1375.618,1187.419,
626984.286,,1366.749,1194.125,
627050.940,,1365.507,1191.690,
627117.601,,1373.709,1194.659,
627184.259,,1379.434,1203.513,
627250.914,,1381.986,1199.983,
627317.574,,1379.460,1200.742,
627384.232,,1379.116,1199.540,
627450.887,,1375.608,1196.967,
627517.547,,1382.896,1193.916,
627584.203,,1389.098,1197.110,
627650.861,,1389.719,1195.690,
627717.521,,1384.017,1192.602,
627784.180,,1379.192,1188.977,
627850.834,,1374.460,1187.437,
627917.491,,1373.031,1190.159,
627984.154,,1377.150,1186.378,
628050.810,,1375.748,1183.598,
628117.470,,1376.701,1181.617,
628184.126,,1373.905,1180.610,
628250.787,,1371.303,1178.427,
628317.441,,1364.189,1172.224,
628384.097,,1367.239,1176.503,
628450.756,,1370.353,1176.586,
628517.414,,1371.881,1172.306,
628584.073,,1383.146,1175.436,
628650.729,,1380.844,1177.646,
628717.388,,1380.517,1177.681,
628784.045,,1373.015,1177.621,
628850.708,,1378.277,1176.718,
628917.364,,1380.886,1176.964,
628984.023,,1383.026,1172.006,
629050.678,,1381.509,1172.283,
629117.340,,1380.666,1174.187,
629183.992,,1381.303,1172.804,
629250.653,,1385.945,1169.902,
629317.314,,1384.283,1166.983,
629383.971,,1379.393,1168.614,
629450.629,,1374.721,1168.666,
629517.282,,1375.858,1165.877,
629583.945,,1378.626,1166.533,
629650.602,,1374.896,1170.910,
629717.257,,1373.129,1176.055,
629783.916,,1377.194,1173.859,
629850.577,,1378.696,1171.861,
629917.232,,1376.524,1170.488,
629983.889,,1380.234,1170.813,
630050.552,,1377.047,1171.860,
630117.207,,1367.594,1169.035,
630183.864,,1368.157,1166.710,
630250.526,,1365.948,1168.559,
630317.179,,1368.259,1166.872,
630383.837,,1369.030,1171.214,
630450.499,,1375.856,1170.527,
630517.155,,1373.471,1171.914,
630583.814,,1379.037,1174.337,
630650.470,,1375.710,1174.120,
630717.129,,1373.979,1170.591,
630783.785,,1373.242,1171.464,
630850.441,,1372.150,1170.691,
630917.099,,1376.281,1169.116,
630983.760,,1378.292,1172.186,
631050.415,,1382.573,1177.023,
631117.075,,1388.030,1178.672,
631183.732,,1388.773,1175.177,
631250.393,,1386.298,1166.359,
631317.050,,1373.901,1168.492,
631383.704,,1378.120,1170.409,
631450.368,,1382.671,1172.239,
631517.024,,1379.853,1173.648,
631583.683,,1377.572,1174.667,
631650.338,,1381.795,1177.345,
631716.998,,1383.843,1176.855,
631783.657,,1383.308,1176.318,
631850.316,,1382.090,1178.798,
631916.971,,1385.457,1179.106,
631983.630,,1384.170,1178.516,
632050.288,,1380.323,1173.495,
632116.944,,1378.747,1172.665,
632183.602,,1373.336,1171.890,
632250.260,,1376.235,1173.334,
632316.914,,1376.856,1173.587,
632383.576,,1372.612,1173.993,
632450.228,,1369.021,1180.839,
632516.890,,1372.979,1190.904,
632583.546,,1376.054,1188.952,
632650.205,,1375.579,1188.462,
632716.865,,1373.485,1191.346,
632783.521,,1377.319,1195.628,
632850.174,,1385.630,1194.317,
632916.832,,1377.698,1203.708,
632983.494,,1376.138,1202.246,
633050.148,,1375.483,1199.466,
633116.809,,1376.943,1202.561,
633183.463,,1376.898,1205.990,
633250.120,,1379.516,1210.571,
633316.779,,1380.268,1208.082,
633383.434,,1375.022,1213.349,
633450.092,,1377.672,1210.940,
633516.752,,1378.356,1208.334,
633583.412,,1372.244,1199.938,
633650.070,,1367.549,1204.185,
633716.726,,1372.487,1201.383,
633783.383,,1374.865,1199.275,
633850.043,,1373.597,1197.612,
633916.694,,1373.931,1196.609,
633983.356,,1376.853,1192.963,
634050.012,,1369.842,1190.132,
634116.667,,1379.567,1187.320,
634183.325,,1376.219,1185.514,
634249.983,,1374.060,1181.625,
634316.640,,1373.745,1179.814,
634383.302,,1372.129,1177.401,
634449.960,,1373.196,1175.127,
634516.613,,1376.401,1170.658,
634583.275,,1376.148,1169.256,
634649.931,,1380.646,1173.671,
634716.591,,1379.384,1172.237,
634783.247,,1382.281,1172.298,
634849.904,,1384.375,1170.795,
634916.561,,1381.381,1168.477,
634983.217,,1377.410,1166.994,
635049.874,,1379.252,1167.542,
635116.531,,1377.560,1168.831,
635183.188,,1378.865,1166.631,
635249.846,,1377.343,1168.708,
635316.503,,1383.139,1170.622,
635383.161,,1382.095,1170.703,
635449.821,,1384.763,1171.213,
635516.479,,1384.703,1175.749,
635583.133,,1386.081,1180.006,
635649.792,,1382.408,1179.868,
635716.452,,1382.798,1182.488,
635783.108,,1379.179,1190.956,
635849.765,,1377.829,1209.826,
635916.422,,1379.850,1216.506,
635983.085,,1380.389,1212.746,
636049.737,,1375.145,1222.335,
636116.393,,1372.225,1227.073,
636183.056,,1370.972,1229.225,
636249.713,,1375.785,1242.527,
636316.366,,1379.983,1259.756,
636383.026,,1373.752,1263.469,
636449.684,,1369.406,1255.474,
636516.344,,1383.735,1252.110,
636582.999,,1382.221,1247.179,
636649.660,,1378.566,1238.581,
636716.316,,1385.448,1234.345,
636782.973,,1391.678,1229.979,
636849.631,,1383.883,1222.184,
636916.285,,1381.960,1218.365,
636982.943,,1379.266,1213.124,
637049.605,,1382.891,1212.085,
637116.262,,1382.037,1207.037,
637182.921,,1379.780,1204.892,
637249.572,,1382.453,1202.716,
637316.230,,1380.722,1198.698,
637382.892,,1379.887,1198.088,
637449.550,,1380.582,1196.256,
637516.204,,1383.784,1192.889,
637582.864,,1382.215,1188.810,
637649.521,,1378.177,1186.380,
637716.176,,1373.551,1186.215,
637782.838,,1373.076,1188.761,
637849.494,,1374.509,1191.972,
637916.153,,1373.051,1189.749,
637982.809,,1384.662,1186.706,
638049.465,,1386.476,1187.297,
638116.123,,1378.153,1181.111,
638182.778,,1384.288,1176.174,
638249.435,,1383.392,1180.931,
638316.094,,1383.928,1176.085,
638382.752,,1385.145,1176.547,
638449.410,,1391.792,1180.907,
638516.068,,1387.463,1179.469,
638582.725,,1388.906,1175.101,
638649.385,,1389.671,1174.589,
638716.044,,1377.586,1171.817,
638782.700,,1381.725,1166.767,
638849.354,,1376.576,1168.609,
638916.017,,1376.965,1163.175,
638982.674,,1375.776,1161.542,
639049.328,,1374.545,1164.257,
639115.984,,1375.018,1164.454,
639182.646,,1380.302,1163.319,
639249.304,,1382.234,1162.057,
639315.956,,1383.348,1160.520,
639382.620,,1379.948,1161.574,
639449.271,,1379.569,1162.177,
639515.930,,1380.535,1160.784,
639582.592,,1384.262,1161.566,
639649.247,,1386.314,1158.649,
639715.903,,1386.976,1164.893,
639782.564,,1393.801,1163.101,
639849.218,,1378.091,1162.893,
639915.876,,1389.149,1163.123,
639982.534,,1387.763,1166.907,
640049.197,,1390.182,1167.239,
640115.851,,1386.350,1168.371,
640182.513,,1387.344,1169.688,
640249.168,,1384.895,1169.665,
640315.828,,1382.846,1168.672,
640382.483,,1375.307,1168.202,
640449.147,,1400.126,1165.052,
640515.803,,1383.682,1164.796,
640582.459,,1383.002,1166.033,
640649.117,,1369.231,1162.573,
640715.776,,1367.971,1161.755,
640782.433,,1375.618,1169.226,
640849.095,,1380.866,1164.842,
640915.748,,1380.615,1164.915,
640982.411,,1375.319,1163.923,
641049.069,,1376.386,1169.176,
641115.725,,1374.653,1167.793,
641182.383,,1380.870,1163.340,
641249.045,,1374.593,1163.793,
641315.699,,1374.384,1158.459,
641382.358,,1385.131,1169.643,
641449.020,,1387.117,1168.380,
641515.676,,1391.510,1174.155,
641582.333,,1387.982,1183.624,
641648.991,,1390.048,1210.499,
641715.650,,1388.952,1218.693,
641782.310,,1390.847,1219.662,
641848.969,,1385.965,1220.290,
641915.628,,1387.907,1214.280,
641982.283,,1390.915,1210.448,
642048.943,,1390.226,1209.037,
642115.598,,1384.891,1202.015,
642182.256,,1383.846,1197.071,
642248.914,,1384.502,1193.412,
642315.578,,1385.884,1192.016,
642382.233,,1385.863,1188.466,
642448.890,,1387.349,1182.436,
642515.549,,1378.100,1182.489,
642582.207,,1374.454,1179.990,
642648.870,,1377.041,1175.296,
642715.522,,1366.644,1175.988,
642782.181,,1373.604,1175.907,
642848.843,,1372.947,1176.646,
642915.499,,1374.478,1174.582,
642982.161,,1381.604,1174.700,
643048.819,,1383.044,1178.184,
643115.474,,1387.912,1176.394,
643182.130,,1392.113,1175.386,
643248.793,,1389.412,1174.256,
643315.451,,1388.589,1173.064,
643382.107,,1396.006,1170.055,
643448.769,,1383.656,1169.014,
643515.425,,1388.005,1168.480,
643582.085,,1387.783,1167.151,
643648.744,,1392.876,1168.110,
643715.397,,1392.348,1165.037,
643782.060,,1385.719,1163.309,
643848.715,,1387.724,1162.752,
643915.377,,1380.862,1163.858,
643982.030,,1379.701,1161.151,
644048.692,,1388.081,1160.633,
644115.348,,1384.029,1161.543,
644182.005,,1388.258,1161.794,
644248.663,,1388.914,1157.426,
644315.324,,1386.857,1156.213,
644381.983,,1381.575,1157.083,
644448.638,,1385.376,1157.081,
644515.296,,1386.138,1161.188,
644581.958,,1391.366,1162.379,
644648.616,,1382.747,1160.776,
644715.276,,1385.305,1166.952,
644781.934,,1387.234,1169.122,
644848.593,,1383.684,1170.487,
644915.247,,1382.132,1175.784,
644981.909,,1381.419,1174.646,
645048.568,,1380.892,1174.956,
645115.223,,1381.689,1174.445,
645181.879,,1394.363,1175.111,
645248.539,,1389.698,1173.467,
645315.199,,1388.187,1169.287,
645381.858,,1391.478,1169.627,
645448.516,,1395.345,1172.203,
645515.173,,1396.713,1172.271,
645581.835,,1397.298,1173.374,
645648.488,,1395.921,1174.435,
645715.145,,1389.541,1183.126,
645781.807,,1388.608,1184.844,
645848.468,,1382.925,1188.357,
645915.122,,1387.487,1193.714,
645981.780,,1383.041,1194.981,
646048.442,,1382.767,1191.967,
646115.095,,1382.408,1190.192,
646181.759,,1388.547,1187.682,
646248.414,,1391.572,1187.527,
646315.070,,1391.923,1187.293,
646381.733,,1391.753,1182.922,
646448.391,,1386.776,1179.443,
646515.047,,1384.300,1179.430,
646581.706,,1383.866,1180.961,
646648.367,,1387.353,1182.818,
646715.022,,1394.635,1180.548,
646781.683,,1395.637,1182.204,
646848.342,Input1*2*0,1394.618,1180.758,
646915.001,,1394.854,1184.485,
646981.654,Input1*2*1,1395.635,1183.120,
647048.315,,1395.419,1185.785,
647114.972,,1394.544,1188.861,
647181.632,,1395.516,1200.575,
647248.288,,1395.655,1212.988,
647314.948,,1394.308,1224.140,
647381.604,,1396.366,1225.805,
647448.262,,1395.110,1225.078,
647514.924,,1394.652,1228.820,
647581.579,,1389.114,1230.694,
647648.241,,1385.323,1227.103,
647714.898,,1385.369,1224.837,
647781.552,,1388.103,1219.796,
647848.215,,1388.219,1216.434,
647914.872,,1390.860,1213.771,
647981.528,,1394.048,1208.811,
648048.189,,1400.618,1213.999,
648114.845,,1393.015,1223.899,
648181.505,,1396.299,1234.729,
648248.160,,1405.650,1239.298,
648314.821,,1397.255,1242.533,
648381.476,,1393.721,1242.067,
648448.136,,1391.462,1246.237,
648514.795,,1385.672,1242.686,
648581.453,,1385.231,1239.948,
648648.109,,1386.523,1235.417,
648714.765,,1383.702,1226.440,
648781.426,,1384.553,1224.632,
648848.079,,1381.100,1220.048,
648914.743,,1381.919,1215.454,
648981.397,,1377.523,1211.558,
649048.055,,1375.908,1209.750,
649114.714,,1388.287,1208.903,
649181.368,,1391.249,1204.993,
649248.026,,1392.901,1204.440,
649314.686,,1394.205,1200.775,
649381.344,,1396.239,1201.736,
649448.004,,1392.943,1198.298,
649514.662,,1389.074,1197.487,
649581.316,,1391.839,1198.200,
649647.976,,1391.834,1197.352,
649714.636,,1388.348,1191.667,
649781.291,,1389.949,1190.002,
649847.950,,1391.713,1190.372,
649914.611,,1384.958,1187.256,
649981.264,,1389.295,1184.180,
650047.926,,1389.005,1182.652,
650114.579,,1379.643,1184.362,
650181.238,,1381.931,1177.621,
650247.898,,1379.771,1182.957,
650314.556,,1388.899,1185.180,
650381.215,,1391.944,1183.897,
650447.870,,1393.794,1188.790,
650514.527,,1393.248,1183.549,
650581.185,,1389.487,1181.465,
650647.846,,1391.599,1181.330,
650714.505,,1389.233,1175.326,
650781.162,,1384.774,1176.413,
650847.818,,1392.193,1175.241,
650914.479,,1387.064,1172.110,
650981.133,,1388.388,1173.167,
651047.795,,1388.326,1172.116,
651114.453,,1391.414,1170.644,
651181.106,,1391.206,1170.173,
651247.765,,1393.062,1170.968,
651314.422,,1394.358,1171.754,
651381.084,,1393.789,1170.086,
651447.742,,1392.906,1169.650,
651514.397,,1389.875,1163.882,
651581.058,,1390.355,1167.146,
651647.715,,1400.291,1173.183,
651714.368,,1396.651,1172.253,
651781.029,,1389.920,1178.342,
651847.689,,1392.862,1179.365,
651914.343,,1397.150,1179.652,
651981.001,,1392.806,1186.145,
652047.662,,1400.097,1189.907,
652114.319,,1400.924,1193.540,
652180.976,,1394.279,1195.855,
652247.632,,1396.761,1192.628,
652314.292,,1394.939,1190.441,
652380.953,,1379.984,1191.314,
652447.609,,1380.379,1195.244,
652514.269,,1378.834,1199.379,
652580.923,,1378.988,1217.052,
652647.581,,1377.756,1231.213,
652714.241,,1380.973,1243.112,
652780.899,,1370.718,1256.817,
652847.555,,1374.302,1272.974,
652914.211,,1378.194,1280.552,
652980.869,,1378.767,1284.693,
653047.527,,1379.443,1287.120,
653114.189,,1377.906,1273.275,
653180.846,,1378.489,1266.544,
653247.504,,1380.382,1259.938,
653314.163,,1383.079,1256.639,
653380.820,,1383.953,1253.563,
653447.476,,1384.950,1251.015,
653514.131,,1378.797,1257.128,
653580.790,,1380.062,1258.954,
653647.452,,1384.933,1260.547,
653714.105,,1383.697,1259.006,
653780.767,,1384.769,1251.648,
653847.422,,1387.624,1244.261,
653914.082,,1386.540,1251.213,
653980.740,,1381.510,1244.382,
654047.400,,1373.299,1243.283,
654114.054,,1375.712,1255.823,
654180.716,,1388.226,1253.345,
654247.374,,1384.952,1246.282,
654314.032,,1380.761,1249.165,
654380.684,,1387.024,1257.694,
654447.344,,1373.579,1262.538,
654514.001,,1375.747,1260.465,
654580.664,,1382.815,1274.100,
654647.316,,1375.355,1272.406,
654713.973,,1378.395,1277.199,
654780.631,,1378.442,1277.469,
654847.291,,1380.507,1270.487,
654913.950,,1377.638,1273.005,
654980.606,,1380.169,1265.994,
655047.267,,1374.515,1266.947,
655113.923,,1379.532,1262.568,
655180.579,,1390.335,1260.030,
655247.241,,1379.288,1260.962,
655313.901,,1372.151,1254.334,
655380.556,,1381.942,1254.322,
655447.216,,1378.669,1259.204,
655513.874,,1376.977,1266.032,
655580.529,,1373.383,1261.871,
655647.186,,1380.164,1256.714,
655713.847,,1354.805,1255.030,
655780.501,,1377.309,1242.145,
655847.158,,1368.335,1251.634,
655913.817,,1355.968,1263.099,
655980.480,,1363.225,1261.665,
656047.133,,1374.553,1261.196,
656113.795,,1361.229,1277.161,
656180.449,,1360.657,1272.789,
656247.113,,1371.628,1271.790,
656313.769,,1364.542,1278.248,
656380.430,,1374.123,1285.099,
656447.084,,1367.268,1280.185,
656513.742,,1369.456,1275.983,
656580.400,,1369.525,1284.797,
656647.057,,1371.688,1272.405,
656713.715,,1370.579,1274.749,
656780.379,,1364.297,1264.919,
656847.034,,1368.058,1271.481,
656913.695,,1373.600,1269.110,
656980.349,,1371.060,1266.604,
657047.008,,1374.409,1264.295,
657113.671,,1360.696,1256.432,
657180.329,,1367.182,1269.022,
657246.981,,1358.582,1272.115,
657313.640,,1368.306,1294.454,
657380.300,,1372.636,1298.796,
657446.961,,1364.769,1293.680,
657513.618,,1359.547,1307.870,
657580.278,,1357.059,1307.025,
657646.933,,1356.308,1333.223,
657713.592,,1364.510,1334.937,
657780.247,,1359.478,1342.376,
657846.910,,1365.567,1338.226,
657913.567,,1362.462,1341.289,
657980.222,,1361.494,1334.027,
658046.880,,1358.969,1331.837,
658113.542,,1362.261,1330.406,
658180.203,,1359.570,1326.697,
658246.856,,1367.948,1328.275,
658313.519,,1365.944,1327.859,
658380.176,,1369.474,1329.203,
658446.831,,1362.256,1326.559,
658513.493,,1365.012,1333.527,
658580.152,,1364.545,1347.434,
658646.804,,1358.049,1332.426,
658713.463,,1363.926,1331.869,
658780.123,,1362.807,1324.933,
658846.784,,1361.503,1313.429,
658913.440,,1368.535,1314.576,
658980.098,,1359.631,1303.522,
659046.757,,1367.724,1303.325,
659113.415,,1363.679,1291.638,
659180.075,,1360.933,1298.211,
659246.731,,1355.941,1291.357,
659313.393,,1363.826,1292.988,
659380.047,,1366.051,1284.577,
659446.709,,1366.242,1282.769,
659513.366,,1369.232,1284.019,
659580.026,,1363.957,1289.805,
659646.684,,1364.537,1313.301,
659713.341,,1357.874,1307.245,
659779.996,,1364.861,1313.782,
659846.656,,1362.734,1313.314,
659913.315,,1365.377,1305.818,
659979.975,,1366.809,1310.634,
660046.628,,1372.398,1321.918,
660113.293,,1391.209,1338.498,
660179.948,,1396.378,1341.461,
660246.609,,1386.441,1338.315,
660313.263,,1391.867,1349.900,
660379.925,,1385.346,1363.485,
660446.581,,1376.703,1367.378,
660513.241,,1375.303,1358.553,
660579.898,,1379.374,1384.464,
660646.552,,1380.667,1375.897,
660713.217,,1379.724,1374.728,
660779.869,,1376.886,1363.717,
660846.531,,1372.421,1357.306,
660913.186,,1373.379,1352.338,
660979.848,,1374.083,1347.783,
661046.507,,1370.819,1343.005,
661113.164,,1365.324,1340.172,
661179.818,,1372.898,1345.196,
661246.477,,1366.637,1353.747,
661313.137,,1362.866,1362.354,
661379.797,,1358.095,1367.226,
661446.453,,1359.995,1365.114,
661513.116,,1359.266,1365.507,
661579.772,,1361.794,1370.011,
661646.428,,1360.888,1359.105,
661713.090,,1361.259,1348.412,
661779.748,,1363.198,1340.991,
661846.407,,1361.512,1332.563,
661913.063,,1362.264,1326.980,
661979.720,,1365.150,1317.879,
662046.378,,1364.420,1310.822,
662113.035,,1365.419,1303.716,
662179.693,,1367.752,1295.287,
662246.357,,1365.801,1288.723,
662313.013,,1366.458,1282.629,
662379.672,,1367.420,1279.379,
662446.326,,1369.770,1272.580,
662512.987,,1370.045,1269.030,
662579.643,,1372.851,1262.388,
662646.301,,1367.992,1270.207,
662712.961,,1381.100,1269.083,
662779.619,,1379.480,1263.182,
662846.279,,1369.370,1267.905,
662912.935,,1365.609,1267.090,
662979.592,,1362.433,1269.967,
663046.252,,1355.916,1278.750,
663112.914,,1364.898,1290.672,
663179.572,,1365.598,1295.199,
663246.225,,1365.005,1300.177,
663312.884,,1366.018,1311.061,
663379.546,,1370.078,1331.135,
663446.204,,1368.475,1338.401,
663512.863,,1374.976,1346.936,
663579.522,,1380.774,1347.769,
663646.181,,1382.790,1341.906,
663712.837,,1376.927,1336.694,
663779.496,,1377.913,1330.631,
663846.156,,1377.555,1320.915,
663912.813,,1374.899,1311.963,
663979.466,,1376.278,1305.522,
664046.124,,1373.904,1295.985,
664112.780,,1378.414,1295.793,
664179.441,,1381.986,1294.924,
664246.095,,1384.280,1299.813,
664312.753,,1381.854,1294.933,
664379.412,,1383.441,1287.847,
664446.072,,1380.509,1282.727,
664512.727,,1381.186,1277.698,
664579.387,,1377.659,1273.804,
664646.047,,1378.428,1269.729,
664712.703,,1376.129,1264.421,
664779.358,,1381.010,1259.876,
664846.019,,1381.632,1257.016,
664912.675,,1376.466,1256.463,
664979.332,,1376.368,1258.423,
665045.990,,1374.356,1256.538,
665112.649,,1375.063,1255.629,
665179.303,,1370.696,1255.528,
665245.963,,1370.254,1257.978,
665312.618,,1359.626,1264.047,
665379.275,,1358.513,1270.800,
665445.938,,1361.085,1268.118,
665512.596,,1364.466,1277.176,
665579.249,,1364.815,1274.435,
665645.905,,1361.372,1266.297,
665712.566,,1368.757,1259.723,
665779.225,,1366.671,1257.663,
665845.877,,1363.956,1264.722,
665912.539,,1374.432,1255.509,
665979.196,,1368.947,1241.707,
666045.854,,1378.940,1240.782,
666112.513,,1374.052,1233.833,
666179.170,,1372.921,1237.670,
666245.826,,1366.086,1241.400,
666312.483,,1363.770,1229.046,
666379.141,,1366.373,1230.659,
666445.801,,1369.456,1243.361,
666512.454,,1366.484,1246.602,
666579.113,,1374.741,1250.270,
666645.770,,1377.986,1254.271,
666712.430,,1383.783,1255.079,
666779.088,,1376.375,1250.052,
666845.744,,1375.791,1240.570,
666912.401,,1375.888,1243.199,
666979.062,,1373.063,1245.131,
667045.720,,1370.014,1244.661,
667112.377,,1366.388,1245.107,
667179.034,,1364.863,1250.917,
667245.689,,1368.714,1252.503,
667312.345,,1366.075,1258.511,
667379.005,,1362.657,1259.356,
667445.666,,1366.576,1261.824,
667512.317,,1364.895,1244.027,
667578.978,,1374.686,1251.702,
667645.633,,1367.665,1230.250,
667712.293,,1365.030,1228.599,
667778.949,,1369.371,1225.957,
667845.605,,1378.916,1232.122,
667912.265,,1372.790,1225.615,
667978.921,,1377.322,1224.853,
668045.585,,1381.745,1223.081,
668112.237,,1378.094,1222.612,
668178.895,,1377.925,1216.303,
668245.554,,1384.536,1202.007,
668312.210,,1375.767,1212.689,
668378.870,,1384.296,1212.496,
668445.528,,1390.009,1213.639,
668512.182,,1388.989,1214.274,
668578.841,,1390.880,1211.107,
668645.497,,1388.250,1207.098,
668712.156,,1387.761,1205.196,
668778.812,,1376.626,1203.543,
668845.472,,1381.467,1206.608,
668912.127,,1384.021,1205.491,
668978.791,,1378.640,1202.534,
669045.445,,1375.184,1199.123,
669112.100,,1371.777,1196.497,
669178.758,,1376.576,1194.516,
669245.414,,1374.936,1188.622,
669312.074,,1369.887,1184.839,
669378.732,,1364.289,1182.464,
669445.389,,1361.525,1180.871,
669512.049,,1368.754,1180.121,
669578.703,,1375.063,1181.969,
669645.360,,1377.200,1183.962,
669712.023,,1376.123,1177.352,
669778.676,,1375.849,1180.306,
669845.333,,1377.320,1178.297,
669911.995,,1378.852,1174.541,
669978.655,,1374.643,1172.015,
670045.311,,1374.397,1171.457,
670111.969,,1370.339,1176.028,
670178.627,,1372.157,1177.901,
670245.279,,1374.034,1180.719,
670311.941,,1377.891,1185.548,
670378.599,,1376.724,1188.140,
670445.251,,1375.009,1190.886,
670511.912,,1378.176,1183.785,
670578.569,,1370.825,1179.640,
670645.226,,1369.656,1179.861,
670711.883,,1372.096,1180.464,
670778.540,,1370.516,1180.319,
670845.198,,1370.307,1178.634,
670911.860,,1374.168,1176.982,
670978.517,,1373.873,1181.164,
671045.170,,1369.705,1179.427,
671111.827,,1376.635,1180.325,
671178.491,,1375.965,1184.567,
671245.144,,1369.860,1176.503,
671311.802,,1363.210,1175.886,
671378.463,,1359.764,1173.709,
671445.121,,1360.460,1175.654,
671511.775,,1368.986,1180.309,
671578.435,,1371.145,1179.043,
671645.094,,1378.502,1183.827,
671711.746,,1382.218,1183.222,
671778.410,,1381.173,1177.902,
671845.067,,1379.473,1175.593,
671911.721,,1377.736,1182.829,
671978.381,,1380.089,1185.398,
672045.035,,1379.148,1184.314,
672111.699,,1381.023,1184.235,
672178.356,,1384.657,1184.557,
672245.009,,1383.471,1182.534,
672311.669,,1380.981,1179.430,
672378.325,,1377.878,1177.101,
672444.984,,1379.045,1179.131,
672511.642,,1381.633,1181.063,
672578.301,,1379.635,1180.313,
672644.957,,1380.505,1189.176,
672711.619,,1379.472,1201.450,
672778.273,,1377.950,1226.546,
672844.933,,1376.395,1250.970,
672911.588,,1381.515,1270.148,
672978.246,,1379.606,1283.070,
673044.904,,1378.027,1296.874,
673111.561,,1376.317,1303.908,
673178.219,,1375.582,1310.162,
673244.879,,1376.073,1315.673,
673311.534,,1376.285,1320.594,
673378.192,,1377.531,1316.869,
673444.854,,1375.358,1313.353,
673511.511,,1376.017,1314.854,
673578.171,,1378.711,1317.483,
673644.830,,1378.512,1317.077,
673711.486,,1377.928,1310.156,
673778.143,,1374.551,1295.915,
673844.803,,1366.624,1287.745,
673911.460,,1371.055,1282.630,
673978.115,,1374.243,1284.384,
674044.772,,1371.211,1277.991,
674111.433,,1375.293,1274.261,
674178.091,,1377.310,1270.923,
674244.744,,1378.337,1270.067,
674311.405,,1377.846,1267.396,
674378.065,,1379.722,1261.821,
674444.723,,1377.938,1257.705,
674511.381,,1379.268,1253.836,
674578.036,,1379.179,1249.050,
674644.695,,1381.654,1247.616,
674711.353,,1379.061,1242.532,
674778.008,,1380.555,1237.033,
674844.668,,1382.178,1232.630,
674911.324,,1375.354,1225.216,
674977.984,,1383.798,1224.235,
675044.642,,1381.624,1221.775,
675111.304,,1383.047,1218.299,
675177.961,,1390.398,1216.955,
675244.619,,1389.085,1214.697,
675311.276,,1384.270,1219.014,
675377.929,,1385.977,1228.124,
675444.588,,1383.936,1228.772,
675511.248,,1389.190,1232.517,
675577.911,,1386.012,1247.114,
675644.563,,1377.480,1253.048,
675711.219,,1372.758,1257.749,
675777.881,,1372.727,1257.285,
675844.536,,1367.859,1248.948,
675911.194,,1369.112,1246.696,
675977.854,,1367.483,1236.801,
676044.510,,1372.126,1230.280,
676111.172,,1368.548,1225.444,
676177.828,,1372.117,1221.307,
676244.481,,1373.821,1220.222,
676311.143,,1379.410,1217.350,
676377.799,,1383.008,1212.787,
676444.459,,1379.245,1211.751,
676511.113,,1381.962,1212.336,
676577.774,,1382.099,1210.778,
676644.433,,1378.541,1211.957,
676711.087,,1378.062,1213.198,
676777.751,,1379.301,1222.721,
676844.408,,1381.074,1228.019,
676911.064,,1381.823,1230.899,
676977.723,,1382.449,1236.610,
677044.376,,1382.896,1236.958,
677111.034,,1382.558,1238.811,
677177.693,,1383.908,1240.017,
677244.355,,1386.731,1240.396,
677311.008,,1389.879,1241.855,
677377.668,,1385.616,1244.044,
677444.328,,1390.292,1243.616,
677510.984,,1391.289,1241.124,
677577.639,,1389.456,1238.192,
677644.301,,1392.488,1238.765,
677710.956,,1389.806,1242.736,
677777.617,,1393.337,1245.685,
677844.275,,1391.458,1247.367,
677910.932,,1395.069,1245.794,
677977.586,,1392.546,1250.461,
678044.244,,1388.953,1253.698,
678110.907,,1386.916,1255.677,
678177.566,,1388.845,1258.794,
678244.220,,1387.495,1259.412,
678310.877,,1386.668,1274.236,
678377.536,,1383.321,1284.501,
678444.192,,1382.044,1288.010,
678510.850,,1383.367,1285.429,
678577.508,,1384.094,1281.433,
678644.166,,1386.868,1278.151,
678710.826,,1387.400,1271.025,
678777.470,,1388.380,1265.778,
678844.141,,1384.413,1264.029,
678910.800,,1385.684,1256.697,
678977.456,,1379.718,1251.172,
679044.113,,1376.149,1246.763,
679110.770,,1368.455,1238.721,
679177.434,,1364.672,1247.081,
679244.090,,1367.877,1238.187,
679310.749,,1366.094,1235.501,
679377.407,,1370.977,1231.377,
679444.061,,1370.224,1229.972,
679510.722,,1379.701,1225.696,
679577.378,,1379.433,1224.778,
679644.034,,1380.792,1221.447,
679710.695,,1379.698,1218.734,
679777.348,,1379.013,1210.928,
679844.012,,1380.294,1212.406,
679910.669,,1382.993,1204.521,
679977.322,,1386.260,1200.748,
680043.984,,1387.822,1199.319,
680110.641,,1382.915,1195.203,
680177.296,,1383.548,1191.779,
680243.955,,1391.352,1191.304,
680310.609,,1380.966,1190.887,
680377.272,,1381.125,1188.189,
680443.927,,1387.270,1185.767,
680510.585,,1388.402,1186.075,
680577.240,,1389.329,1182.020,
680643.902,,1384.962,1180.556,
680710.560,,1375.722,1177.894,
680777.212,,1372.580,1178.619,
680843.875,,1379.898,1178.112,
680910.531,,1384.220,1175.392,
680977.189,,1384.403,1177.706,
681043.846,,1386.747,1176.807,
681110.502,,1393.246,1175.346,
681177.161,,1393.907,1173.602,
681243.815,,1387.313,1169.782,
681310.477,,1380.348,1168.921,
681377.132,,1382.663,1167.839,
681443.787,,1378.310,1165.426,
681510.447,,1377.670,1164.517,
681577.105,,1371.636,1162.576,
681643.761,,1378.906,1162.789,
681710.421,,1380.493,1164.061,
681777.076,,1377.091,1163.716,
681843.738,,1378.787,1163.374,
681910.394,,1386.322,1163.776,
681977.051,,1382.818,1164.649,
682043.709,,1386.496,1168.055,
682110.366,,1385.826,1170.170,
682177.022,,1385.184,1169.135,
682243.682,,1383.536,1169.230,
682310.342,,1383.655,1166.187,
682376.995,,1385.200,1165.226,
682443.655,,1385.594,1163.721,
682510.309,,1384.343,1159.648,
682576.967,,1380.585,1157.012,
682643.627,,1382.641,1155.623,
682710.283,,1378.826,1156.654,
682776.944,,1378.444,1156.281,
682843.597,,1381.607,1156.897,
682910.256,,1383.737,1154.332,
682976.911,,1382.282,1155.334,
683043.568,,1379.766,1156.425,
683110.229,,1380.315,1155.001,
683176.886,,1377.220,1154.942,
683243.545,,1382.736,1155.613,
683310.204,,1381.430,1160.973,
683376.863,,1380.735,1166.184,
683443.514,,1381.072,1167.351,
683510.171,,1379.006,1171.248,
683576.835,,1381.359,1167.807,
683643.490,,1384.782,1166.662,
683710.144,,1377.346,1163.833,
683776.808,,1379.737,1161.483,
683843.462,,1375.715,1157.250,
683910.119,,1377.527,1157.886,
683976.777,,1393.703,1157.815,
684043.435,,1388.545,1157.193,
684110.095,,1389.387,1156.375,
684176.748,,1389.105,1154.052,
684243.407,,1390.245,1156.703,
684310.067,,1389.085,1152.981,
684376.722,,1378.825,1145.794,
684443.376,,1375.981,1148.606,
684510.036,,1385.634,1151.408,
684576.698,,1389.725,1152.227,
684643.349,,1382.674,1147.034,
684710.007,,1391.156,1148.824,
684776.665,,1383.691,1148.359,
684843.326,,1380.080,1147.688,
684909.979,,1383.764,1146.282,
684976.640,,1380.262,1145.063,
685043.295,,1373.162,1144.383,
685109.956,,1368.499,1145.569,
685176.615,,1370.902,1144.827,
685243.270,,1372.398,1147.959,
685309.930,,1375.937,1142.811,
685376.585,,1376.790,1144.714,
685443.240,,1374.860,1147.096,
685509.902,,1382.028,1150.435,
685576.555,,1384.118,1154.668,
685643.214,,1392.367,1156.323,
685709.870,,1394.041,1157.299,
685776.531,,1398.997,1156.982,
685843.191,,1396.811,1159.084,
685909.843,,1397.272,1160.644,
685976.501,,1400.356,1163.478,
686043.158,,1398.831,1166.139,
686109.818,,1400.039,1167.383,
686176.473,,1394.860,1167.038,
686243.134,,1395.356,1165.714,
686309.788,,1392.782,1169.583,
686376.447,,1392.337,1168.086,
686443.107,,1387.736,1169.202,
686509.765,,1397.924,1170.470,
686576.422,,1400.312,1173.119,
686643.077,,1391.218,1172.468,
686709.739,,1390.599,1174.567,
686776.391,,1389.119,1178.467,
686843.051,,1385.129,1178.190,
686909.710,,1391.898,1172.908,
686976.369,,1370.187,1177.015,
687043.026,,1363.360,1171.304,
687109.681,,1370.368,1182.421,
687176.341,,1367.472,1190.202,
687242.999,,1370.658,1186.531,
687309.655,,1373.370,1182.572,
687376.308,,1382.841,1183.170,
687442.970,,1385.753,1183.225,
687509.626,,1378.459,1180.379,
687576.284,,1379.487,1179.159,
687642.941,,1379.170,1176.563,
687709.598,,1380.083,1172.829,
687776.259,,1379.528,1175.048,
687842.915,,1381.066,1170.520,
687909.572,,1385.092,1170.749,
687976.233,,1379.122,1170.283,
688042.893,,1380.453,1168.657,
688109.551,,1386.346,1170.167,
688176.208,,1377.418,1168.402,
688242.869,,1381.047,1165.041,
688309.528,,1377.884,1163.007,
688376.187,,1381.802,1162.243,
688442.844,,1382.578,1160.597,
688509.505,,1383.965,1165.837,
688576.162,,1386.696,1164.055,
688642.819,,1386.336,1161.135,
688709.482,,1381.520,1162.396,
688776.136,,1377.626,1167.266,
688842.794,,1387.098,1174.531,
688909.453,,1394.679,1176.780,
688976.114,,1392.279,1179.118,
689042.770,,1385.154,1173.708,
689109.431,,1383.636,1172.656,
689176.093,,1378.716,1173.163,
689242.750,,1385.954,1171.514,
689309.409,,1376.502,1167.235,
689376.067,,1377.061,1164.597,
689442.728,,1382.697,1167.306,
689509.387,,1377.157,1163.855,
689576.044,,1374.230,1161.794,
689642.701,,1377.758,1163.166,
689709.360,,1382.496,1162.955,
689776.022,,1382.410,1161.110,
689842.682,,1383.659,1163.074,
689909.341,,1382.116,1159.574,
689976.001,,1386.531,1159.261,
690042.660,,1385.973,1161.203,
690109.314,,1387.583,1157.154,
690175.977,,1383.821,1155.225,
690242.631,,1385.873,1158.093,
690309.292,,1383.109,1157.994,
690375.952,,1383.223,1152.996,
690442.610,,1384.459,1151.525,
690509.269,,1385.258,1153.868,
690575.927,,1383.892,1151.649,
690642.585,,1385.326,1151.447,
690709.243,,1385.976,1151.659,
690775.904,,1384.237,1149.485,
690842.561,,1377.525,1149.683,
690909.221,,1382.204,1149.536,
690975.882,,1384.572,1150.182,
691042.541,,1387.900,1155.737,
691109.201,,1394.775,1159.440,
691175.856,,1392.975,1156.486,
691242.516,,1394.618,1156.407,
691309.178,,1394.350,1154.792,
691375.836,,1394.987,1156.060,
691442.496,,1396.086,1156.825,
691509.150,,1395.932,1154.726,
691575.813,,1394.153,1158.131,
691642.469,,1393.964,1161.401,
691709.131,,1394.658,1161.026,
691775.789,,1390.079,1163.226,
691842.448,,1383.087,1161.044,
691909.107,,1381.488,1164.618,
691975.763,,1377.715,1175.432,
692042.421,,1377.942,1183.357,
692109.082,,1381.089,1186.584,
692175.744,,1375.926,1184.922,
692242.399,,1374.952,1185.797,
692309.056,,1377.585,1185.279,
692375.719,,1383.371,1181.483,
692442.374,,1380.097,1176.887,
692509.033,,1382.960,1174.256,
692575.696,,1376.427,1175.251,
692642.353,,1383.164,1178.051,
692709.011,,1388.507,1174.365,
692775.668,,1385.731,1167.337,
692842.332,,1383.807,1167.955,
692908.989,,1388.984,1169.152,
692975.646,,1385.098,1169.848,
693042.306,,1385.313,1165.843,
693108.965,,1377.186,1171.259,
693175.621,,1382.029,1172.944,
693242.286,,1391.399,1170.481,
693308.939,,1384.042,1176.335,
693375.602,,1390.709,1181.420,
693442.261,,1391.547,1179.632,
693508.916,,1390.261,1182.854,
693575.574,,1390.652,1186.140,
693642.238,,1385.197,1180.615,
693708.893,,1380.197,1179.049,
693775.557,,1385.115,1187.603,
693842.212,,1378.843,1197.483,
693908.870,,1378.720,1205.105,
693975.528,,1379.078,1208.247,
694042.190,,1379.640,1212.585,
694108.847,,1379.709,1208.694,
694175.509,,1376.659,1204.095,
694242.169,,1369.879,1211.500,
694308.828,,1374.244,1209.303,
694375.487,,1372.612,1203.885,
694442.144,,1371.884,1199.126,
694508.805,,1376.261,1197.102,
694575.462,,1375.376,1193.929,
694642.120,,1374.881,1193.118,
694708.776,,1377.633,1189.162,
694775.437,,1380.512,1185.195,
694842.093,,1378.976,1179.480,
694908.752,,1371.990,1178.180,
694975.412,,1369.416,1172.761,
695042.073,,1375.816,1172.595,
695108.733,,1373.374,1168.928,
695175.391,,1374.096,1167.789,
695242.051,,1377.376,1166.094,
695308.707,,1381.740,1166.219,
695375.369,,1379.328,1163.458,
695442.026,,1373.165,1158.028,
695508.682,,1370.157,1161.762,
695575.347,,1366.469,1160.233,
695642.000,,1366.824,1157.911,
695708.661,,1374.753,1156.303,
695775.324,,1377.433,1157.993,
695841.981,,1384.610,1157.171,
695908.634,,1377.089,1158.019,
695975.296,,1378.272,1160.125,
696041.949,,1375.308,1157.761,
696108.609,,1373.901,1152.480,
696175.264,,1376.413,1150.952,
696241.923,,1378.085,1152.482,
696308.582,,1376.630,1148.927,
696375.236,,1383.433,1152.937,
696441.898,,1391.283,1154.569,
696508.550,,1387.487,1155.017,
696575.209,,1385.483,1157.052,
696641.870,,1387.853,1157.781,
696708.521,,1384.930,1160.519,
696775.183,,1385.712,1157.274,
696841.837,,1380.445,1157.457,
696908.496,,1378.772,1154.281,
696975.153,,1373.837,1151.298,
697041.807,,1367.761,1153.356,
697108.466,,1368.414,1154.201,
697175.124,,1371.012,1154.692,
697241.785,,1386.389,1156.093,
697308.438,,1388.597,1152.392,
697375.099,,1382.815,1150.370,
697441.751,,1379.320,1149.470,
697508.412,,1377.654,1146.401,
697575.072,,1378.314,1147.579,
697641.727,,1377.314,1147.646,
697708.384,,1384.156,1148.358,
697775.044,,1386.639,1148.450,
697841.694,,1386.236,1166.442,
697908.358,,1392.339,1214.063,
697975.010,,1384.727,1243.093,
698041.672,,1386.161,1254.396,
698108.326,,1385.126,1255.976,
698174.982,,1384.640,1258.991,
698241.644,,1388.392,1260.167,
698308.296,,1387.674,1257.011,
698374.955,,1386.713,1247.181,
698441.611,,1390.870,1243.897,
698508.267,,1388.293,1233.425,
698574.930,,1385.182,1224.651,
698641.583,,1376.595,1208.974,
698708.242,,1373.756,1205.567,
698774.900,,1374.175,1199.760,
698841.555,,1374.805,1197.292,
698908.210,,1376.739,1200.799,
698974.870,,1382.665,1201.648,
699041.525,,1383.399,1197.789,
699108.184,,1384.577,1198.498,
699174.842,,1387.315,1192.413,
699241.502,,1385.676,1186.671,
699308.156,,1382.052,1182.903,
699374.816,,1382.023,1186.013,
699441.474,,1381.942,1179.834,
699508.127,,1379.289,1173.430,
699574.787,,1375.182,1171.587,
699641.444,,1372.199,1166.862,
699708.103,,1380.578,1167.182,
699774.755,,1379.329,1169.741,
699841.417,,1389.330,1170.740,
699908.073,,1387.790,1167.733,
699974.733,,1385.396,1168.113,
700041.389,,1385.097,1169.685,
700108.043,,1386.019,1171.950,
700174.702,,1383.626,1168.142,
700241.360,,1379.772,1167.148,
700308.015,,1382.239,1169.728,
700374.672,,1381.265,1168.762,
700441.333,,1377.009,1168.130,
700507.986,,1376.260,1169.648,
700574.643,,1375.292,1168.727,
700641.300,,1380.563,1167.001,
700707.957,,1377.846,1166.349,
700774.613,,1366.662,1160.870,
700841.273,,1365.435,1161.089,
700907.931,,1369.265,1159.468,
700974.590,,1366.471,1160.636,
701041.246,,1367.006,1168.586,
701107.905,,1384.841,1173.679,
701174.561,,1375.819,1179.518,
701241.220,,1368.351,1177.328,
701307.876,,1377.778,1179.918,
701374.535,,1387.398,1179.349,
701441.192,,1380.498,1179.796,
701507.847,,1374.382,1177.480,
701574.505,,1379.160,1179.142,
701641.164,,1374.939,1178.081,
701707.815,,1378.066,1177.973,
701774.478,,1380.323,1171.730,
701841.136,,1369.816,1164.661,
701907.789,,1364.194,1166.599,
701974.449,,1370.486,1167.568,
702041.101,,1363.878,1169.056,
702107.762,,1361.360,1163.060,
702174.418,,1371.200,1167.579,
702241.078,,1367.651,1165.454,
702307.731,,1377.877,1166.333,
702374.388,,1371.811,1163.246,
702441.046,,1370.772,1164.026,
702507.703,,1370.026,1160.691,
702574.366,,1371.042,1159.549,
702641.020,,1376.520,1157.511,
702707.675,,1368.141,1155.588,
702774.335,,1371.046,1153.661,
702840.993,,1370.507,1152.231,
702907.646,,1381.532,1149.106,
702974.304,,1371.825,1156.713,
703040.965,,1379.866,1153.434,
703107.619,,1374.056,1157.053,
703174.280,,1379.681,1160.636,
703240.938,,1379.863,1156.788,
703307.595,,1376.954,1152.599,
703374.251,,1377.351,1154.855,
703440.910,,1374.050,1153.820,
703507.567,,1380.707,1153.330,
703574.220,,1380.012,1152.922,
703640.882,,1375.475,1150.852,
703707.534,,1380.264,1149.175,
703774.192,,1380.609,1148.373,
703840.852,,1380.674,1150.483,
703907.512,,1383.132,1151.217,
703974.169,,1384.405,1152.265,
704040.821,,1388.858,1156.253,
704107.482,,1389.554,1162.404,
704174.140,,1388.957,1165.440,
704240.798,,1393.129,1166.261,
704307.455,,1384.211,1169.222,
704374.116,,1377.811,1181.415,
704440.772,,1380.310,1182.195,
704507.434,,1378.552,1193.940,
704574.091,,1379.480,1221.647,
704640.750,,1378.446,1227.089,
704707.403,,1379.129,1223.328,
704774.062,,1375.927,1228.372,
704840.724,,1381.965,1235.825,
704907.379,,1383.412,1234.618,
704974.034,,1377.127,1227.935,
705040.692,,1373.259,1225.232,
705107.353,,1369.658,1229.689,
705174.008,,1374.538,1223.665,
705240.669,,1378.114,1219.176,
705307.324,,1369.061,1222.337,
705373.988,,1369.970,1250.219,
705440.643,,1369.779,1273.489,
705507.302,,1368.915,1273.697,
705573.956,,1370.472,1272.827,
705640.617,,1370.913,1271.917,
705707.275,,1381.531,1269.510,
705773.934,,1385.062,1267.663,
705840.594,,1382.075,1261.080,
705907.252,,1377.641,1257.316,
705973.910,,1376.154,1253.228,
706040.563,,1378.037,1249.894,
706107.227,,1377.003,1243.838,
706173.878,,1383.414,1239.072,
706240.538,,1377.811,1235.687,
706307.200,,1378.172,1229.889,
706373.854,,1383.260,1227.500,
706440.517,,1379.469,1223.920,
706507.173,,1380.468,1220.438,
706573.833,,1387.393,1222.181,
706640.486,,1386.663,1219.154,
706707.146,,1386.277,1213.282,
706773.803,,1379.121,1209.160,
706840.461,,1382.537,1205.949,
706907.118,,1382.583,1198.750,
706973.775,,1379.275,1198.216,
707040.436,,1390.443,1198.718,
707107.095,,1393.961,1199.537,
707173.750,,1389.967,1196.109,
707240.408,,1385.823,1195.416,
707307.071,,1393.126,1193.562,
707373.729,,1398.454,1194.043,
707440.384,,1395.694,1194.719,
707507.045,,1388.059,1187.693,
707573.701,,1389.524,1186.301,
707640.356,,1389.061,1185.625,
707707.016,,1386.629,1181.233,
707773.674,,1391.930,1178.021,
707840.332,,1378.824,1175.560,
707906.989,,1382.438,1173.070,
707973.649,,1383.457,1175.036,
708040.309,,1388.520,1171.212,
708106.961,,1388.519,1170.519,
708173.620,,1389.304,1170.658,
708240.282,,1389.117,1167.870,
708306.940,,1396.466,1170.268,
708373.597,,1393.585,1170.205,
708440.253,,1392.249,1166.130,
708506.912,,1397.272,1166.409,
708573.572,,1390.167,1165.430,
708640.231,,1392.625,1168.469,
708706.886,,1390.443,1172.789,
708773.542,,1392.981,1174.238,
708840.206,,1390.598,1182.539,
708906.858,,1392.808,1185.837,
708973.518,,1391.915,1188.123,
709040.177,,1388.385,1188.522,
709106.835,,1384.216,1181.697,
709173.490,,1387.765,1182.182,
709240.150,,1395.034,1181.324,
709306.807,,1394.454,1176.935,
709373.470,,1389.492,1172.337,
709440.123,,1393.406,1172.490,
709506.781,,1384.142,1171.541,
709573.441,,1385.631,1171.977,
709640.101,,1397.107,1172.228,
709706.760,,1398.378,1170.425,
709773.417,,1385.407,1164.131,
709840.073,,1391.025,1164.595,
709906.729,,1391.609,1167.089,
709973.391,,1389.148,1171.127,
710040.044,,1385.647,1165.625,
710106.706,,1386.854,1168.104,
710173.367,,1399.194,1172.781,
710240.020,,1399.850,1175.713,
710306.680,,1398.749,1175.461,
710373.336,,1402.387,1174.852,
710439.994,,1407.270,1186.565,
710506.656,,1397.933,1197.278,
710573.310,,1396.842,1204.916,
710639.969,,1396.530,1203.317,
710706.628,,1394.569,1211.908,
710773.283,,1384.093,1228.021,
710839.945,,1391.673,1228.346,
710906.602,,1394.578,1226.814,
710973.260,,1392.951,1226.657,
711039.915,,1383.207,1220.840,
711106.575,,1383.990,1215.820,
711173.234,,1388.788,1215.846,
711239.893,,1385.560,1213.154,
711306.553,,1388.763,1206.823,
711373.206,,1391.292,1201.754,
711439.869,,1383.480,1199.648,
711506.521,,1386.295,1197.823,
711573.179,,1381.566,1195.783,
711639.842,,1381.960,1195.431,
711706.501,,1383.585,1194.276,
711773.156,,1391.211,1191.675,
711839.813,,1390.518,1189.771,
711906.471,,1393.529,1190.010,
711973.129,,1392.986,1189.706,
712039.786,,1395.689,1186.228,
712106.443,,1388.180,1183.340,
712173.104,,1388.363,1180.476,
712239.762,,1385.260,1180.546,
712306.417,,1385.678,1182.131,
712373.080,,1388.012,1178.100,
712439.735,,1392.494,1176.601,
712506.394,,1386.795,1177.524,
712573.050,,1388.156,1176.510,
712639.710,,1390.504,1174.427,
712706.362,,1393.666,1176.041,
712773.020,,1397.691,1174.817,
712839.682,,1399.944,1173.553,
712906.340,,1393.178,1176.766,
712972.993,,1393.933,1185.267,
713039.651,,1396.451,1199.613,
713106.310,,1392.537,1209.444,
713172.966,,1393.660,1219.901,
713239.627,,1392.149,1228.626,
713306.286,,1398.533,1232.352,
713372.943,,1397.754,1235.005,
713439.599,,1390.257,1232.212,
713506.258,,1392.025,1226.935,
713572.915,,1384.668,1225.795,
713639.576,,1385.494,1219.840,
713706.232,,1390.334,1219.051,
713772.889,,1398.351,1215.029,
713839.546,,1389.547,1214.507,
713906.204,,1391.261,1216.332,
713972.858,,1392.689,1210.565,
714039.519,,1397.659,1210.495,
714106.176,,1401.002,1207.861,
714172.837,,1399.834,1205.434,
714239.491,,1394.085,1200.813,
714306.152,,1395.339,1199.299,
714372.804,,1392.374,1197.585,
714439.463,,1394.972,1193.722,
714506.125,,1394.149,1191.130,
714572.782,,1392.353,1188.323,
714639.435,,1392.156,1187.173,
714706.095,,1392.948,1183.666,
714772.754,,1391.690,1180.580,
714839.414,,1387.902,1179.769,
714906.070,,1390.738,1179.668,
714972.727,,1390.426,1177.311,
715039.386,,1388.230,1176.380,
715106.044,,1391.607,1177.856,
715172.702,,1393.312,1176.934,
715239.359,,1390.899,1177.883,
715306.013,,1389.981,1177.513,
715372.670,,1391.285,1176.509,
715439.330,,1393.160,1177.981,
715505.989,,1392.511,1180.714,
715572.647,,1392.298,1183.821,
715639.307,,1397.379,1184.181,
715705.959,,1394.093,1183.220,
715772.623,,1389.913,1189.595,
715839.280,,1391.816,1191.808,
715905.934,,1394.950,1191.134,
715972.596,,1392.594,1191.500,
716039.251,,1393.917,1191.599,
716105.911,,1390.978,1190.195,
716172.562,,1389.934,1187.423,
716239.224,,1390.216,1187.316,
716305.881,,1389.947,1191.130,
716372.541,,1401.766,1177.449,
716439.198,,1388.322,1176.692,
716505.855,,1387.826,1178.204,
716572.509,,1385.926,1176.185,
716639.171,,1388.608,1175.782,
716705.824,,1384.975,1177.764,
716772.483,,1389.287,1171.495,
716839.141,,1388.250,1173.972,
716905.799,,1395.090,1169.282,
716972.459,,1394.212,1166.217,
717039.119,,1389.220,1161.955,
717105.772,,1388.085,1160.136,
717172.430,,1385.709,1158.109,
717239.090,,1384.924,1154.063,
717305.749,,1386.966,1155.783,
717372.403,,1380.299,1155.979,
717439.065,,1377.129,1152.349,
717505.720,,1383.867,1153.160,
717572.379,,1380.903,1150.832,
717639.034,,1378.527,1148.901,
717705.692,,1376.126,1146.650,
717772.348,,1377.558,1148.182,
717839.005,,1385.646,1150.786,
717905.667,,1386.162,1151.004,
717972.323,,1381.527,1148.497,
718038.984,,1377.987,1148.271,
718105.642,,1384.421,1152.083,
718172.295,,1394.889,1149.934,
718238.955,,1382.698,1150.543,
718305.610,,1383.788,1150.129,
718372.273,,1379.408,1154.610,
718438.927,,1388.100,1155.428,
718505.582,,1387.917,1154.367,
718572.244,,1388.967,1151.486,
718638.899,,1389.840,1153.414,
718705.555,,1389.544,1145.250,
718772.216,,1379.034,1150.721,
718838.874,,1382.477,1148.467,
718905.533,,1382.926,1150.416,
718972.192,,1383.151,1147.692,
719038.849,,1382.193,1146.696,
719105.506,,1387.384,1147.858,
719172.164,,1382.909,1146.503,
719238.823,,1383.169,1146.149,
719305.476,,1386.345,1145.280,
719372.135,,1379.261,1144.231,
719438.793,,1382.061,1143.870,
719505.453,,1382.181,1142.801,
719572.106,,1392.570,1144.034,
719638.763,,1391.365,1147.945,
719705.426,,1391.134,1146.563,
719772.082,,1387.703,1149.348,
719838.742,,1388.103,1148.939,
719905.401,,1393.858,1149.175,
719972.058,,1398.147,1147.449,
720038.717,,1390.387,1148.234,
720105.372,,1386.880,1147.414,
720172.032,,1385.260,1146.421,
720238.697,,1383.719,1150.265,
720305.350,,1388.482,1161.982,
720372.011,,1390.879,1162.139,
720438.669,,1397.486,1165.874,
720505.333,,1398.524,1166.859,
720571.987,,1386.607,1159.776,
720638.650,,1382.092,1159.196,
720705.305,,1380.535,1157.331,
720771.967,,1379.076,1156.122,
720838.629,,1385.098,1154.787,
720905.284,,1389.764,1153.522,
720971.947,,1386.683,1153.415,
721038.603,,1383.552,1152.193,
721105.259,,1384.741,1152.202,
721171.919,,1379.058,1151.129,
721238.581,,1377.381,1152.304,
721305.236,,1379.396,1157.100,
721371.900,,1380.982,1159.248,
721438.555,,1382.722,1158.980,
721505.221,,1384.087,1159.034,
721571.876,,1378.504,1155.407,
721638.539,,1378.277,1154.399,
721705.197,,1382.517,1153.847,
721771.854,,1378.308,1155.522,
721838.513,,1385.050,1155.141,
721905.171,,1389.061,1157.061,
721971.832,,1385.807,1158.645,
722038.493,,1381.666,1159.276,
722105.152,,1380.224,1161.429,
722171.811,,1384.161,1161.908,
722238.468,,1380.879,1165.749,
722305.126,,1384.891,1163.580,
722371.783,,1386.979,1163.646,
722438.443,,1388.299,1162.868,
722505.107,,1386.464,1163.881,
722571.762,,1389.933,1167.240,
722638.426,,1394.309,1167.080,
722705.081,,1391.130,1165.774,
722771.740,,1381.743,1167.398,
722838.402,,1382.336,1168.508,
722905.061,,1386.941,1167.705,
722971.717,,1382.941,1169.952,
723038.374,,1383.180,1168.488,
723105.036,,1383.912,1164.379,
723171.694,,1380.712,1163.284,
723238.358,,1379.908,1161.900,
723305.017,,1385.506,1157.427,
723371.670,,1387.093,1155.793,
723438.331,,1390.622,1155.147,
723504.990,,1388.115,1152.102,
723571.652,,1389.833,1153.892,
723638.308,,1402.366,1156.355,
723704.972,,1399.509,1152.026,
723771.626,,1393.848,1149.431,
723838.285,,1383.344,1148.347,
723904.948,,1380.636,1146.930,
723971.608,,1377.661,1146.920,
724038.264,,1376.103,1145.005,
724104.927,,1378.158,1147.661,
724171.581,,1389.289,1151.160,
724238.242,,1388.559,1150.515,
724304.903,,1383.758,1148.599,
724371.562,,1375.746,1149.339,
724438.222,,1377.475,1149.189,
724504.877,,1380.753,1149.996,
724571.537,,1382.772,1153.719,
724638.196,,1387.351,1154.136,
724704.853,,1385.966,1158.365,
724771.513,,1381.174,1159.137,
724838.171,,1380.189,1162.703,
724904.834,,1378.054,1165.634,
724971.489,,1382.821,1171.446,
725038.154,,1383.540,1170.685,
725104.811,,1381.455,1172.694,
725171.472,,1381.515,1172.758,
725238.132,,1380.334,1173.267,
725304.786,,1380.752,1171.277,
725371.444,,1381.104,1172.629,
725438.109,,1382.688,1176.415,
725504.765,,1381.456,1177.364,
725571.422,,1381.625,1180.660,
725638.081,,1384.215,1223.311,
725704.743,,1377.117,1258.088,
725771.399,,1380.001,1277.725,
725838.063,,1378.015,1288.409,
725904.717,,1381.686,1291.046,
725971.380,,1380.353,1290.153,
726038.036,,1383.964,1281.625,
726104.695,,1381.566,1273.510,
726171.358,,1382.062,1264.303,
726238.018,,1381.675,1257.077,
726304.673,,1383.957,1251.366,
726371.335,,1378.417,1246.775,
726437.993,,1379.602,1240.325,
726504.652,,1382.381,1234.471,
726571.314,,1376.862,1229.153,
726637.969,,1383.343,1225.845,
726704.626,,1380.183,1221.737,
726771.287,,1384.281,1217.015,
726837.951,,1381.334,1211.569,
726904.607,,1380.102,1213.540,
726971.268,,1387.622,1213.525,
727037.923,,1388.166,1211.937,
727104.587,,1387.643,1208.270,
727171.242,,1385.567,1207.485,
727237.902,,1383.543,1206.108,
727304.565,,1383.431,1202.824,
727371.224,,1381.063,1200.180,
727437.879,,1382.842,1198.275,
727504.538,,1380.481,1194.160,
727571.197,,1384.355,1195.829,
727637.861,,1380.598,1192.838,
727704.515,,1378.338,1191.426,
727771.177,,1380.738,1190.590,
727837.835,,1384.157,1189.853,
727904.490,,1383.348,1186.877,
727971.150,,1382.179,1184.281,
728037.805,,1376.789,1182.079,
728104.468,,1378.368,1181.317,
728171.127,,1382.865,1180.718,
728237.781,,1383.838,1185.898,
728304.438,,1382.120,1192.639,
728371.094,,1378.829,1195.147,
728437.756,,1377.995,1193.786,
728504.415,,1381.930,1192.227,
728571.070,,1384.634,1192.922,
728637.730,,1384.756,1191.748,
728704.389,,1393.062,1192.565,
728771.044,,1390.757,1188.527,
728837.701,,1386.872,1181.258,
728904.357,,1386.991,1180.201,
728971.020,,1386.506,1177.016,
729037.672,,1378.214,1174.116,
729104.334,,1392.439,1173.972,
729170.988,,1387.396,1167.898,
729237.647,,1384.548,1166.236,
729304.307,,1387.482,1167.003,
729370.961,,1389.872,1170.611,
729437.624,,1390.099,1171.396,
729504.282,,1389.798,1170.963,
729570.938,,1390.726,1168.131,
729637.592,,1390.687,1168.052,
729704.251,,1390.912,1167.751,
729770.910,,1388.714,1167.717,
729837.565,,1393.172,1165.884,
729904.228,,1385.632,1165.245,
729970.886,,1387.967,1166.739,
730037.540,,1388.876,1163.967,
730104.200,,1376.865,1165.301,
730170.856,,1383.496,1166.726,
730237.516,,1382.547,1167.929,
730304.169,,1379.560,1166.657,
730370.827,,1381.215,1167.145,
730437.487,,1380.591,1166.687,
730504.146,,1376.622,1167.636,
730570.804,,1385.649,1173.541,
730637.459,,1390.519,1175.910,
730704.120,,1389.069,1181.357,
730770.773,,1389.475,1182.791,
730837.431,,1386.841,1182.525,
730904.089,,1391.097,1186.805,
730970.747,,1391.499,1188.817,
731037.404,,1389.361,1193.251,
731104.067,,1382.789,1198.176,
731170.724,,1384.710,1199.422,
731237.377,,1384.463,1199.621,
731304.035,,1388.105,1201.792,
731370.695,,1386.468,1199.200,
731437.356,,1385.674,1193.814,
731504.010,,1378.755,1197.219,
731570.670,,1380.352,1197.396,
731637.326,,1380.879,1193.443,
731703.984,,1383.196,1188.939,
731770.645,,1376.501,1186.684,
731837.303,,1374.363,1182.807,
731903.958,,1378.552,1180.911,
731970.614,,1371.024,1180.961,
732037.270,,1372.358,1176.839,
732103.929,,1380.332,1174.276,
732170.591,,1370.448,1172.516,
732237.247,,1374.339,1169.701,
732303.904,,1374.663,1169.033,
732370.564,,1377.528,1169.641,
732437.220,,1380.445,1167.774,
732503.878,,1385.985,1166.579,
732570.532,,1384.160,1167.661,
732637.193,,1380.849,1164.125,
732703.849,,1384.170,1162.554,
732770.508,,1388.617,1164.768,
732837.165,,1381.171,1160.400,
732903.823,,1384.196,1159.622,
732970.480,,1380.731,1157.889,
733037.142,,1379.540,1156.868,
733103.796,,1381.127,1157.213,
733170.454,,1386.775,1160.150,
733237.114,,1391.565,1160.111,
733303.769,,1394.871,1157.068,
733370.426,,1391.207,1156.223,
733437.084,,1394.031,1157.063,
733503.744,,1393.445,1156.587,
733570.403,,1392.250,1155.105,
733637.059,,1387.390,1154.820,
733703.714,,1387.939,1154.205,
733770.375,,1384.244,1152.935,
733837.033,,1387.414,1156.375,
733903.692,,1384.694,1159.897,
733970.345,,1383.483,1160.769,
734037.005,,1387.837,1161.191,
734103.663,,1386.130,1162.554,
734170.317,,1382.622,1161.332,
734236.977,,1389.198,1158.099,
734303.640,,1383.175,1157.566,
734370.295,,1381.184,1156.806,
734436.951,,1382.141,1157.408,
734503.607,,1389.207,1154.422,
734570.269,,1385.645,1153.039,
734636.923,,1386.450,1153.132,
734703.581,,1391.488,1152.981,
734770.243,,1390.495,1155.911,
734836.901,,1389.264,1155.100,
734903.554,,1388.327,1151.131,
734970.217,,1392.441,1153.573,
735036.871,,1396.941,1156.368,
735103.529,,1391.419,1153.428,
735170.184,,1391.620,1152.649,
735236.846,,1384.701,1149.734,
735303.499,,1385.102,1153.924,
735370.161,,1385.156,1157.063,
735436.821,,1386.208,1166.499,
735503.473,,1391.723,1171.595,
735570.131,,1387.880,1169.448,
735636.790,,1384.959,1170.597,
735703.445,,1386.153,1166.942,
735770.103,,1388.317,1167.926,
735836.764,,1386.461,1173.380,
735903.420,,1383.580,1171.342,
735970.083,,1390.295,1175.353,
736036.738,,1393.365,1175.926,
736103.392,,1385.421,1185.632,
736170.050,,1386.829,1191.965,
736236.710,,1393.701,1193.940,
736303.368,,1388.983,1196.758,
736370.027,,1385.613,1200.677,
736436.687,,1388.230,1204.204,
736503.342,,1377.555,1204.237,
736569.996,,1382.303,1207.166,
736636.657,,1394.709,1208.316,
736703.318,,1392.397,1212.805,
736769.971,,1395.221,1213.184,
736836.627,,1388.373,1211.600,
736903.286,,1384.761,1212.931,
736969.942,,1382.219,1211.550,
737036.604,,1383.142,1207.780,
737103.260,,1382.296,1206.733,
737169.917,,1384.806,1203.241,
737236.574,,1387.107,1200.703,
737303.234,,1387.034,1196.448,
737369.890,,1387.952,1193.836,
737436.550,,1389.174,1194.281,
737503.205,,1390.437,1190.102,
737569.867,,1392.958,1186.440,
737636.521,,1391.689,1182.910,
737703.184,,1390.434,1181.272,
737769.841,,1388.625,1177.798,
737836.499,,1388.282,1173.766,
737903.157,,1383.545,1173.316,
737969.809,,1384.754,1170.358,
738036.470,,1385.440,1172.101,
738103.127,,1380.696,1169.477,
738169.786,,1381.938,1168.749,
738236.444,,1380.193,1164.005,
738303.103,,1373.692,1166.476,
738369.759,,1387.152,1168.407,
738436.419,,1388.152,1166.204,
738503.071,,1388.801,1164.926,
738569.729,,1394.613,1164.351,
738636.388,,1392.354,1162.407,
738703.049,,1395.968,1163.767,
738769.706,,1394.154,1164.274,
738836.363,,1394.605,1165.343,
738903.022,,1398.143,1164.802,
738969.681,,1397.299,1165.330,
739036.333,,1399.279,1163.462,
739102.990,,1396.396,1160.963,
739169.650,,1394.336,1160.716,
739236.309,,1393.088,1162.680,
739302.966,,1399.408,1160.791,
739369.626,,1394.421,1158.102,
739436.280,,1396.306,1159.273,
739502.941,,1390.802,1155.537,
739569.594,,1387.246,1157.418,
739636.256,,1387.894,1153.173,
739702.909,,1380.719,1151.268,
739769.572,,1377.605,1152.979,
739836.230,,1381.153,1155.234,
739902.882,,1384.741,1154.388,
739969.544,,1383.935,1158.573,
740036.204,,1385.974,1159.608,
740102.859,,1388.995,1161.135,
740169.517,,1385.343,1168.403,
740236.174,,1394.802,1162.688,
740302.832,,1380.595,1165.299,
740369.489,,1387.721,1166.543,
740436.147,,1385.679,1165.932,
740502.806,,1389.009,1165.895,
740569.465,,1385.292,1165.936,
740636.122,,1390.758,1164.245,
740702.776,,1387.607,1160.452,
740769.433,,1390.756,1160.898,
740836.092,,1388.855,1156.131,
740902.753,,1392.745,1160.679,
740969.407,,1389.840,1153.002,
741036.067,,1382.119,1152.842,
741102.725,,1387.859,1151.701,
741169.381,,1372.420,1148.670,
741236.037,,1378.876,1148.144,
741302.694,,1374.350,1145.673,
741369.358,,1378.816,1149.086,
741436.012,,1376.147,1147.045,
741502.670,,1382.005,1148.070,
741569.330,,1388.836,1151.439,
741635.985,,1386.210,1148.333,
741702.642,,1384.894,1147.678,
741769.302,,1386.059,1145.211,
741835.962,,1384.370,1143.886,
741902.615,,1378.393,1144.565,
741969.271,,1378.493,1146.668,
742035.931,,1388.906,1152.054,
742102.589,,1386.644,1152.049,
742169.246,,1380.423,1146.445,
742235.904,,1383.567,1147.087,
742302.561,,1392.304,1149.904,
742369.223,,1397.605,1149.144,
742435.878,,1396.846,1148.003,
742502.537,,1390.739,1146.244,
742569.194,,1387.581,1144.912,
742635.850,,1387.770,1146.088,
742702.508,,1389.867,1151.776,
742769.167,,1391.956,1162.363,
742835.823,,1393.537,1164.601,
742902.481,,1394.555,1167.426,
742969.141,,1395.395,1170.915,
743035.801,,1390.045,1172.462,
743102.453,,1387.660,1172.341,
743169.111,,1385.475,1174.029,
743235.774,,1386.636,1173.078,
743302.431,,1380.189,1168.398,
743369.089,,1382.372,1169.689,
743435.743,,1381.091,1167.874,
743502.399,,1379.701,1165.653,
743569.058,,1381.997,1167.591,
743635.719,,1382.443,1163.541,
743702.375,,1383.002,1161.976,
743769.030,,1384.885,1164.566,
743835.687,,1385.424,1165.542,
743902.346,,1387.949,1166.115,
743969.010,,1383.758,1160.775,
744035.667,,1382.985,1157.622,
744102.327,,1382.800,1156.566,
744168.985,,1385.449,1155.198,
744235.641,,1381.784,1152.473,
744302.302,,1385.207,1152.971,
744368.958,,1384.865,1150.822,
744435.619,,1381.867,1151.548,
744502.275,,1382.860,1153.296,
744568.935,,1390.980,1152.744,
744635.590,,1376.226,1154.197,
744702.251,,1377.121,1160.153,
744768.905,,1377.976,1156.203,
744835.569,,1371.620,1154.488,
744902.223,,1371.155,1157.918,
744968.886,,1375.243,1161.803,
745035.538,,1378.205,1165.853,
745102.202,,1392.608,1167.577,
745168.859,,1400.118,1166.818,
745235.518,,1388.529,1159.161,
745302.174,,1386.046,1162.748,
745368.832,,1388.014,1159.050,
745435.490,,1381.788,1158.127,
745502.149,,1385.182,1157.703,
745568.808,,1379.934,1152.500,
745635.467,,1375.524,1154.687,
745702.126,,1380.174,1153.751,
745768.787,,1382.910,1153.635,
745835.439,,1383.491,1155.809,
745902.099,,1380.117,1160.108,
745968.762,,1375.784,1160.816,
746035.420,,1378.433,1160.749,
746102.074,,1369.557,1165.962,
746168.731,,1366.424,1164.800,
746235.395,,1371.753,1166.716,
746302.047,,1369.900,1166.749,
746368.710,,1374.217,1166.534,
746435.370,,1377.948,1164.581,
746502.024,,1380.787,1163.805,
746568.686,,1378.432,1162.918,
746635.343,,1376.392,1163.655,
746702.000,,1372.609,1162.416,
746768.661,,1376.003,1164.476,
746835.319,,1376.581,1164.628,
746901.975,,1383.641,1163.183,
746968.631,,1378.037,1165.395,
747035.291,,1376.677,1164.658,
747101.951,,1382.798,1164.776,
747168.607,,1385.797,1163.393,
747235.271,,1382.587,1166.196,
747301.924,,1383.178,1163.478,
747368.587,,1381.793,1160.928,
747435.246,,1383.301,1163.245,
747501.901,,1377.062,1164.350,
747568.562,,1374.906,1162.181,
747635.216,,1376.211,1161.623,
747701.874,,1374.125,1164.519,
747768.534,,1375.369,1164.917,
747835.194,,1375.310,1163.665,
747901.853,,1378.917,1167.165,
747968.507,,1369.634,1169.236,
748035.171,,1379.627,1169.460,
748101.830,,1381.910,1167.310,
748168.482,,1375.280,1168.367,
748235.145,,1378.504,1171.630,
748301.802,,1378.195,1176.411,
748368.459,,1374.635,1181.914,
748435.119,,1382.981,1185.897,
748501.776,,1382.401,1186.215,
748568.437,,1378.108,1183.763,
748635.093,,1374.719,1177.655,
748701.754,,1378.084,1180.162,
748768.411,,1383.121,1178.929,
748835.070,,1381.071,1182.314,
748901.724,,1387.741,1184.516,
748968.387,,1391.858,1185.868,
749035.045,,1386.178,1190.427,
749101.699,,1387.836,1189.354,
749168.363,,1392.350,1190.295,
749235.016,,1389.799,1196.365,
749301.675,,1386.849,1192.596,
749368.334,,1381.091,1190.463,
749434.994,,1385.834,1189.453,
749501.651,,1380.821,1190.048,
749568.309,,1381.981,1186.586,
749634.966,,1385.045,1184.664,
749701.630,,1387.251,1184.974,
749768.286,,1391.653,1180.197,
749834.945,,1384.805,1175.914,
749901.605,,1381.381,1177.732,
749968.262,,1380.674,1174.449,
750034.922,,1382.054,1170.962,
750101.580,,1374.975,1172.111,
750168.238,,1380.840,1178.477,
750234.894,,1382.506,1175.062,
750301.553,,1382.469,1176.537,
750368.209,,1381.812,1174.375,
750434.870,,1384.753,1174.218,
750501.527,,1380.066,1172.229,
750568.187,,1381.662,1170.568,
750634.844,,1381.242,1168.696,
750701.504,,1383.820,1172.224,
750768.162,,1382.615,1178.171,
750834.818,,1392.888,1186.319,
750901.479,,1396.166,1192.493,
750968.135,,1399.484,1200.072,
751034.796,,1396.826,1203.066,
751101.457,,1395.831,1206.108,
751168.114,,1400.135,1216.218,
751234.769,,1399.764,1222.510,
751301.432,,1399.822,1229.411,
751368.086,,1394.995,1233.958,
751434.744,,1385.638,1234.187,
751501.405,,1391.526,1227.970,
751568.062,,1384.854,1231.749,
751634.719,,1384.456,1231.850,
751701.381,,1391.395,1231.169,
751768.037,,1392.244,1225.543,
751834.698,,1390.827,1218.580,
751901.356,,1390.224,1220.995,
751968.008,,1392.257,1221.085,
752034.667,,1394.517,1215.922,
752101.330,,1388.088,1207.249,
752167.987,,1386.721,1197.835,
752234.642,,1388.548,1202.486,
752301.299,,1387.245,1204.826,
752367.957,,1390.229,1205.008,
752434.614,,1397.817,1208.037,
752501.272,,1402.540,1209.325,
752567.928,,1404.651,1209.491,
752634.586,,1397.860,1210.113,
752701.248,,1399.742,1207.292,
752767.907,,1389.652,1202.156,
752834.564,,1386.557,1197.757,
752901.217,,1382.527,1203.237,
752967.874,,1385.033,1200.351,
753034.536,,1385.164,1188.323,
753101.190,,1375.327,1184.252,
753167.852,,1376.403,1189.745,
753234.504,,1379.950,1193.611,
753301.167,,1375.426,1191.070,
753367.826,,1376.895,1191.845,
753434.478,,1383.862,1187.328,
753501.137,,1377.051,1181.738,
753567.799,,1376.884,1178.866,
753634.456,,1366.129,1175.481,
753701.110,,1369.681,1176.395,
753767.768,,1386.075,1182.688,
753834.430,,1388.790,1185.086,
753901.084,,1380.641,1180.071,
753967.739,,1377.610,1180.874,
754034.396,,1372.047,1184.929,
754101.060,,1372.634,1184.690,
754167.712,,1374.930,1183.741,
754234.373,,1377.000,1179.290,
754301.032,,1373.722,1177.852,
754367.687,,1373.345,1177.150,
754434.346,,1376.781,1176.289,
754501.005,,1376.495,1166.758,
754567.664,,1380.001,1178.390,
754634.320,,1380.500,1172.122,
754700.975,,1361.607,1178.912,
754767.634,,1372.787,1184.801,
754834.292,,1369.838,1183.929,
754900.948,,1369.713,1188.312,
754967.606,,1375.899,1190.813,
755034.266,,1380.919,1189.298,
755100.921,,1375.999,1190.259,
755167.582,,1379.065,1188.795,
755234.236,,1379.922,1188.175,
755300.897,,1375.994,1177.107,
755367.557,,1365.510,1176.968,
755434.210,,1365.105,1180.556,
755500.871,,1373.752,1180.100,
755567.527,,1375.803,1176.278,
755634.183,,1373.584,1175.457,
755700.839,,1376.234,1171.145,
755767.503,,1375.042,1172.106,
755834.159,,1378.073,1168.003,
755900.813,,1377.333,1165.984,
755967.473,,1376.689,1163.832,
756034.129,,1374.984,1163.582,
756100.785,,1381.016,1162.663,
756167.443,,1378.232,1160.229,
756234.104,,1380.698,1160.097,
756300.763,,1380.818,1158.070,
756367.416,,1381.004,1156.255,
756434.074,,1383.547,1156.349,
756500.737,,1384.867,1152.409,
756567.395,,1383.050,1153.481,
756634.048,,1380.974,1152.326,
756700.706,,1381.667,1151.025,
756767.365,,1378.208,1151.036,
756834.020,,1377.611,1149.835,
756900.678,,1386.984,1151.036,
756967.336,,1383.544,1151.153,
757033.994,,1378.051,1145.807,
757100.656,,1378.489,1145.608,
757167.312,,1374.593,1147.167,
757233.970,,1371.020,1146.753,
757300.626,,1378.462,1152.684,
757367.286,,1371.213,1161.761,
757433.940,,1372.122,1167.048,
757500.603,,1369.095,1168.902,
757567.256,,1370.018,1168.053,
757633.917,,1367.672,1171.588,
757700.575,,1377.237,1173.138,
757767.232,,1381.542,1177.926,
757833.890,,1381.608,1174.778,
757900.542,,1381.518,1173.330,
757967.206,,1380.779,1173.130,
758033.861,,1383.331,1172.630,
758100.516,,1386.054,1171.116,
758167.176,,1387.039,1167.602,
758233.837,,1385.385,1165.044,
758300.489,,1378.958,1168.980,
758367.148,,1383.584,1175.495,
758433.806,,1384.341,1175.601,
758500.463,,1387.360,1183.615,
758567.123,,1391.097,1186.455,
758633.783,,1395.585,1182.593,
758700.436,,1382.727,1177.509,
758767.096,,1376.390,1171.520,
758833.756,,1368.230,1168.764,
758900.408,,1369.290,1166.120,
758967.068,,1370.541,1166.112,
759033.726,,1379.924,1165.856,
759100.386,,1378.956,1166.659,
759167.042,,1372.618,1166.960,
759233.702,,1371.350,1168.753,
759300.356,,1373.103,1172.257,
759367.018,,1383.516,1179.335,
759433.671,,1389.252,1187.799,
759500.329,,1390.689,1194.306,
759566.990,,1389.698,1192.895,
759633.645,,1394.888,1192.333,
759700.301,,1388.435,1192.493,
759766.964,,1379.416,1189.158,
759833.622,,1378.696,1183.878,
759900.274,,1377.084,1179.045,
759966.933,,1376.205,1178.519,
760033.591,,1375.222,1174.399,
760100.252,,1370.967,1167.006,
760166.909,,1372.511,1167.111,
760233.564,,1378.634,1164.361,
760300.224,,1391.031,1163.293,
760366.879,,1374.005,1156.966,
760433.539,,1370.342,1161.686,
760500.196,,1363.537,1165.293,
760566.853,,1388.601,1165.123,
760633.513,,1397.473,1165.846,
760700.165,,1385.392,1159.738,
760766.823,,1370.898,1155.005,
760833.486,,1367.451,1157.587,
760900.143,,1373.580,1159.945,
760966.802,,1370.590,1159.542,
761033.458,,1364.438,1159.732,
761100.113,,1374.046,1161.495,
761166.769,,1378.780,1161.433,
761233.428,,1382.230,1155.489,
761300.089,,1375.975,1158.293,
761366.742,,1380.494,1157.286,
761433.399,,1376.481,1151.581,
761500.059,,1373.209,1149.477,
761566.715,,1372.117,1144.230,
761633.377,,1374.699,1148.810,
761700.030,,1377.750,1148.237,
761766.690,,1378.022,1148.460,
761833.350,,1376.295,1147.629,
761900.003,,1373.697,1147.851,
761966.663,,1374.934,1150.619,
762033.319,,1375.718,1152.973,
762099.981,,1380.701,1153.132,
762166.639,,1381.977,1157.731,
762233.292,,1378.927,1154.097,
762299.950,,1371.212,1152.399,
762366.609,,1371.742,1152.376,
762433.270,,1377.096,1152.718,
762499.921,,1376.198,1150.725,
762566.585,,1373.702,1148.779,
762633.237,,1378.291,1151.448,
762699.899,,1379.745,1153.674,
762766.557,,1384.070,1154.326,
762833.216,,1379.661,1150.572,
762899.868,,1374.874,1146.707,
762966.527,,1373.864,1146.007,
763033.186,,1371.315,1140.589,
763099.845,,1369.770,1145.840,
763166.500,,1382.978,1148.471,
763233.155,,1383.923,1149.772,
763299.814,,1388.944,1149.262,
763366.473,,1379.777,1144.323,
763433.130,,1379.827,1145.778,
763499.792,,1381.230,1146.991,
763566.446,,1379.480,1145.133,
763633.108,,1376.719,1145.622,
763699.763,,1382.261,1150.162,
763766.416,,1381.174,1153.979,
763833.080,,1382.582,1158.157,
763899.735,,1378.211,1163.092,
763966.390,,1376.645,1160.291,
764033.049,,1378.928,1160.793,
764099.708,,1376.513,1160.654,
764166.366,,1374.444,1159.098,
764233.022,,1373.097,1159.264,
764299.681,,1373.335,1158.892,
764366.340,,1374.412,1159.667,
764432.997,,1375.301,1158.382,
764499.651,,1374.130,1160.096,
764566.310,,1372.681,1160.668,
764632.966,,1372.320,1160.601,
764699.625,,1374.627,1160.016,
764766.284,,1369.024,1160.775,
764832.943,,1367.426,1160.052,
764899.598,,1367.570,1163.127,
764966.254,,1364.930,1166.146,
765032.913,,1365.816,1163.687,
765099.572,,1365.146,1162.240,
765166.228,,1368.657,1161.574,
765232.884,,1370.003,1162.494,
765299.548,,1366.678,1160.178,
765366.201,,1369.803,1161.174,
765432.863,,1376.829,1158.431,
765499.517,,1377.434,1157.786,
765566.178,,1374.659,1155.047,
765632.834,,1370.726,1164.015,
765699.490,,1369.957,1184.808,
765766.146,,1368.998,1187.042,
765832.806,,1370.681,1184.165,
765899.466,,1366.975,1184.937,
765966.124,,1381.568,1180.967,
766032.776,,1370.755,1181.306,
766099.438,,1371.802,1179.423,
766166.094,,1366.417,1176.618,
766232.751,,1367.125,1176.196,
766299.410,,1363.247,1173.160,
766366.066,,1361.369,1170.579,
766432.722,,1364.337,1175.189,
766499.386,,1361.968,1175.856,
766566.038,,1366.003,1177.006,
766632.697,,1368.729,1174.961,
766699.354,,1372.668,1173.094,
766766.010,,1372.196,1173.779,
766832.673,Input1*2*0,1370.866,1173.489,
766899.332,,1371.304,1169.820,
766965.985,Input1*2*1,1367.498,1166.588,
767032.645,,1367.402,1164.794,
767099.300,,1363.622,1163.470,
767165.958,,1363.263,1168.020,
767232.614,,1362.477,1165.662,
767299.274,,1368.168,1167.547,
767365.931,,1378.959,1169.065,
767432.589,,1379.339,1166.447,
767499.247,,1376.619,1168.630,
767565.904,,1369.843,1158.375,
767632.564,,1370.792,1157.031,
767699.222,,1370.606,1161.956,
767765.875,,1369.536,1160.423,
767832.536,,1373.052,1161.865,
767899.195,,1370.817,1166.808,
767965.852,,1377.112,1166.161,
768032.509,,1374.590,1166.641,
768099.168,,1374.822,1163.001,
768165.825,,1374.355,1163.680,
768232.488,,1372.530,1163.811,
768299.140,,1373.794,1161.412,
768365.800,,1374.745,1162.431,
768432.460,,1374.851,1163.471,
768499.117,,1374.056,1159.950,
768565.779,,1380.981,1163.258,
768632.431,,1372.998,1160.625,
768699.090,,1369.437,1160.717,
768765.751,,1373.121,1157.284,
768832.409,,1371.336,1156.855,
768899.065,,1368.293,1157.214,
768965.722,,1369.739,1158.308,
769032.381,,1372.781,1161.544,
769099.038,,1373.707,1162.509,
769165.703,,1374.749,1162.452,
769232.355,,1373.888,1164.040,
769299.018,,1375.174,1163.428,
769365.677,,1377.678,1159.840,
769432.330,,1376.858,1158.593,
769498.992,,1376.674,1156.673,
769565.647,,1377.148,1157.037,
769632.311,,1382.168,1157.920,
769698.969,,1383.278,1161.030,
769765.622,,1376.624,1163.693,
769832.283,,1369.737,1167.278,
769898.942,,1373.412,1175.644,
769965.596,,1375.951,1180.423,
770032.260,,1374.279,1181.295,
770098.913,,1374.456,1183.878,
770165.570,,1373.399,1191.597,
770232.230,,1374.287,1196.000,
770298.886,,1376.448,1191.812,
770365.551,,1367.965,1183.746,
770432.208,,1362.367,1182.165,
770498.865,,1359.066,1182.832,
770565.525,,1355.739,1182.681,
770632.180,,1372.079,1183.005,
770698.838,,1365.783,1184.608,
770765.497,,1367.465,1187.021,
770832.158,,1374.739,1186.278,
770898.816,,1380.505,1184.771,
770965.471,,1390.884,1182.391,
771032.133,,1384.079,1179.951,
771098.788,,1382.732,1181.143,
771165.443,,1383.163,1177.209,
771232.107,,1384.062,1173.612,
771298.765,,1384.298,1170.251,
771365.419,,1384.948,1165.347,
771432.081,,1382.738,1164.315,
771498.735,,1373.939,1163.257,
771565.396,,1379.074,1164.223,
771632.053,,1382.990,1166.388,
771698.709,,1383.261,1166.576,
771765.369,,1384.906,1167.350,
771832.029,,1392.188,1167.269,
771898.686,,1386.332,1164.361,
771965.342,,1385.989,1156.405,
772032.006,,1373.107,1157.133,
772098.658,,1382.466,1158.920,
772165.318,,1388.913,1155.538,
772231.976,,1389.525,1160.664,
772298.633,,1391.597,1160.123,
772365.291,,1386.515,1155.123,
772431.950,,1377.114,1152.058,
772498.612,,1374.738,1152.094,
772565.268,,1373.302,1150.984,
772631.926,,1365.815,1146.873,
772698.583,,1359.251,1146.194,
772765.244,,1366.551,1149.626,
772831.901,,1364.986,1153.768,
772898.562,,1366.065,1153.388,
772965.216,,1372.399,1153.729,
773031.875,,1370.704,1156.474,
773098.535,,1372.667,1154.503,
773165.191,,1370.258,1155.995,
773231.850,,1364.438,1156.742,
773298.506,,1371.790,1155.954,
773365.165,,1375.108,1155.611,
773431.828,,1375.819,1153.505,
773498.486,,1376.031,1154.686,
773565.139,,1376.729,1154.668,
773631.802,,1382.610,1158.482,
773698.460,,1384.639,1160.627,
773765.117,,1388.659,1160.730,
773831.778,,1389.083,1162.014,
773898.436,,1386.779,1158.349,
773965.088,,1389.560,1162.202,
774031.746,,1378.829,1164.787,
774098.408,,1378.310,1164.675,
774165.065,,1386.033,1170.330,
774231.723,,1383.532,1183.041,
774298.382,,1374.713,1180.195,
774365.039,,1400.768,1196.353,
774431.696,,1394.671,1196.103,
774498.360,,1389.850,1189.034,
774565.017,,1388.192,1183.974,
774631.672,,1381.818,1180.972,
774698.329,,1382.491,1178.411,
774764.990,,1386.859,1178.538,
774831.648,,1386.260,1173.548,
774898.303,,1385.984,1170.974,
774964.963,,1387.938,1169.036,
775031.623,,1385.436,1164.553,
775098.278,,1376.637,1164.438,
775164.938,,1376.290,1163.698,
775231.597,,1379.598,1162.235,
775298.256,,1382.163,1158.384,
775364.914,,1384.114,1156.536,
775431.575,,1379.673,1157.058,
775498.230,,1379.067,1155.200,
775564.886,,1383.398,1150.662,
775631.547,,1381.246,1149.392,
775698.207,,1378.031,1151.237,
775764.862,,1373.075,1150.621,
775831.521,,1375.437,1150.171,
775898.176,,1376.010,1148.566,
775964.839,,1374.909,1151.388,
776031.492,,1376.372,1151.484,
776098.154,,1379.003,1151.215,
776164.808,,1387.336,1154.750,
776231.472,,1381.249,1157.522,
776298.126,,1376.148,1158.572,
776364.783,,1387.495,1160.489,
776431.441,,1383.476,1174.076,
776498.103,,1377.124,1177.628,
776564.756,,1377.012,1183.035,
776631.416,,1377.519,1184.245,
776698.073,,1382.253,1187.530,
776764.730,,1384.345,1192.117,
776831.391,,1379.318,1190.389,
776898.049,,1379.555,1191.204,
776964.701,,1379.141,1192.933,
777031.363,,1381.615,1200.627,
777098.021,,1386.125,1209.532,
777164.677,,1383.375,1210.295,
777231.338,,1385.728,1208.110,
777297.992,,1391.419,1206.255,
777364.653,,1390.669,1203.624,
777431.308,,1389.312,1202.761,
777497.966,,1391.425,1203.289,
777564.626,,1381.582,1202.574,
777631.282,,1378.947,1197.875,
777697.940,,1380.021,1196.686,
777764.599,,1383.930,1196.587,
777831.254,,1390.065,1199.154,
777897.911,,1389.171,1198.798,
777964.572,,1388.671,1194.093,
778031.230,,1390.870,1189.636,
778097.887,,1396.569,1184.840,
778164.547,,1390.708,1181.596,
778231.202,,1392.246,1179.121,
778297.860,,1388.955,1174.319,
778364.517,,1383.391,1173.745,
778431.177,,1381.664,1170.731,
778497.834,,1377.851,1169.845,
778564.494,,1375.176,1167.201,
778631.151,,1375.191,1166.095,
778697.807,,1373.199,1165.235,
778764.465,,1372.904,1167.610,
778831.124,,1374.368,1170.705,
778897.780,,1373.445,1165.759,
778964.439,,1367.686,1164.117,
779031.096,,1371.638,1164.895,
779097.754,,1373.919,1165.577,
779164.414,,1378.160,1167.020,
779231.072,,1382.267,1166.829,
779297.731,,1381.710,1167.837,
779364.386,,1380.442,1167.540,
779431.042,,1383.673,1174.176,
779497.701,,1385.252,1178.876,
779564.359,,1388.339,1179.764,
779631.016,,1375.884,1179.520,
779697.673,,1374.522,1178.472,
779764.331,,1372.387,1177.176,
779830.992,,1370.653,1178.515,
779897.651,,1362.782,1175.792,
779964.306,,1365.907,1180.566,
780030.964,,1372.009,1180.000,
780097.621,,1367.532,1179.398,
780164.283,,1376.831,1183.724,
780230.938,,1378.380,1187.612,
780297.593,,1380.997,1186.531,
780364.251,,1377.081,1185.122,
780430.911,,1369.346,1182.071,
780497.566,,1365.437,1177.900,
780564.228,,1364.412,1176.601,
780630.882,,1361.398,1172.897,
780697.545,,1368.303,1170.914,
780764.200,,1369.154,1169.661,
780830.855,,1364.086,1165.820,
780897.516,,1365.747,1165.288,
780964.170,,1362.666,1163.122,
781030.828,,1371.841,1164.812,
781097.491,,1362.632,1155.805,
781164.145,,1358.676,1158.339,
781230.805,,1356.784,1160.529,
781297.466,,1366.318,1161.658,
781364.119,,1367.026,1163.767,
781430.780,,1369.494,1165.118,
781497.437,,1373.212,1160.559,
781564.091,,1375.591,1157.577,
781630.749,,1375.231,1158.587,
781697.410,,1375.056,1157.893,
781764.067,,1367.644,1161.494,
781830.728,,1369.334,1161.341,
781897.385,,1370.482,1164.709,
781964.043,,1376.817,1162.264,
782030.700,,1372.099,1163.740,
782097.353,,1373.678,1163.214,
782164.014,,1365.719,1172.346,
782230.672,,1369.421,1174.229,
782297.329,,1368.606,1175.550,
782363.991,,1369.200,1172.268,
782430.647,,1372.290,1171.424,
782497.306,,1370.688,1171.345,
782563.961,,1373.875,1167.083,
782630.619,,1374.503,1164.695,
782697.274,,1372.537,1162.392,
782763.934,,1371.426,1162.302,
782830.596,,1367.681,1159.306,
782897.249,,1370.397,1157.579,
782963.906,,1363.771,1158.356,
783030.566,,1368.844,1160.864,
783097.222,,1370.028,1158.520,
783163.881,,1368.667,1157.445,
783230.541,,1369.214,1157.879,
783297.196,,1371.458,1156.738,
783363.852,,1370.740,1154.159,
783430.515,,1369.516,1150.746,
783497.170,,1367.761,1149.541,
783563.826,,1367.587,1147.717,
783630.486,,1371.548,1150.906,
783697.142,,1371.084,1152.229,
783763.805,,1379.414,1151.112,
783830.459,,1375.021,1151.712,
783897.114,,1368.464,1148.031,
783963.777,,1365.609,1147.422,
784030.435,,1375.469,1149.989,
784097.089,,1375.851,1150.236,
784163.747,,1367.438,1144.167,
784230.404,,1363.304,1144.330,
784297.062,,1366.165,1141.671,
784363.714,,1362.861,1144.296,
784430.376,,1365.386,1144.402,
784497.033,,1375.733,1146.428,
784563.687,,1375.058,1145.539,
784630.349,,1374.952,1144.985,
784697.007,,1377.175,1143.611,
784763.664,,1376.497,1145.663,
784830.316,,1379.585,1148.888,
784896.975,,1378.752,1143.752,
784963.632,,1370.680,1143.674,
785030.287,,1370.016,1143.779,
785096.943,,1367.658,1146.781,
785163.604,,1369.424,1157.502,
785230.259,,1369.263,1160.091,
785296.919,,1374.005,1164.198,
785363.578,,1374.032,1164.485,
785430.231,,1371.647,1160.135,
785496.893,,1367.733,1156.314,
785563.547,,1367.057,1153.782,
785630.201,,1365.005,1155.193,
785696.863,,1371.803,1155.037,
785763.516,,1369.291,1158.773,
785830.178,,1371.772,1158.687,
785896.830,,1375.291,1159.037,
785963.488,,1371.287,1159.144,
786030.150,,1365.383,1158.103,
786096.805,,1367.649,1156.522,
786163.460,,1364.837,1152.245,
786230.122,,1365.091,1150.877,
786296.774,,1367.096,1149.679,
786363.432,,1371.228,1147.771,
786430.088,,1367.105,1146.915,
786496.747,,1362.444,1140.110,
786563.405,,1376.119,1142.283,
786630.060,,1372.997,1141.233,
786696.719,,1368.715,1147.213,
786763.379,,1377.240,1148.019,
786830.034,,1375.091,1142.499,
786896.690,,1384.610,1150.249,
786963.346,,1369.268,1150.348,
787030.005,,1379.034,1155.478,
787096.660,,1382.628,1156.569,
787163.323,,1372.396,1162.842,
787229.977,,1372.733,1149.478,
787296.638,,1374.367,1153.962,
787363.289,,1382.015,1156.151,
787429.947,,1365.551,1170.844,
787496.608,,1379.237,1167.407,
787563.264,,1368.100,1165.061,
787629.922,,1370.905,1161.168,
787696.577,,1362.899,1161.212,
787763.235,,1367.873,1156.712,
787829.894,,1366.507,1156.641,
787896.549,,1367.849,1152.195,
787963.205,,1367.772,1152.746,
788029.863,,1364.908,1154.518,
788096.520,,1370.052,1156.425,
788163.176,,1375.946,1150.719,
788229.832,,1371.198,1154.246,
788296.492,,1376.292,1151.970,
788363.150,,1376.242,1149.297,
788429.810,,1377.412,1148.803,
788496.465,,1373.445,1148.310,
788563.123,,1369.245,1147.859,
788629.776,,1374.647,1147.380,
788696.437,,1372.297,1145.623,
788763.095,,1374.106,1146.380,
788829.750,,1370.457,1146.453,
788896.408,,1371.173,1149.668,
788963.065,,1378.346,1148.890,
789029.723,,1377.130,1148.419,
789096.379,,1370.603,1147.400,
789163.034,,1370.939,1148.354,
789229.695,,1368.753,1150.179,
789296.353,,1371.737,1150.418,
789363.006,,1375.245,1159.959,
789429.664,,1374.209,1170.407,
789496.320,,1375.452,1174.631,
789562.979,,1373.761,1172.325,
789629.636,,1376.491,1172.039,
789696.294,,1383.449,1166.977,
789762.951,,1383.848,1170.247,
789829.612,,1385.045,1166.552,
789896.267,,1372.074,1165.562,
789962.921,,1375.560,1162.544,
790029.583,,1370.054,1166.794,
790096.235,,1371.592,1172.529,
790162.894,,1375.002,1174.812,
790229.550,,1376.753,1174.032,
790296.206,,1369.204,1173.199,
790362.867,,1366.918,1168.056,
790429.525,,1367.710,1164.105,
790496.180,,1367.572,1163.798,
790562.839,,1367.247,1160.725,
790629.497,,1365.144,1157.844,
790696.152,,1367.032,1154.135,
790762.806,,1368.052,1156.229,
790829.463,,1368.602,1155.431,
790896.122,,1367.812,1155.662,
790962.778,,1372.092,1153.914,
791029.437,,1371.550,1154.376,
791096.098,,1369.530,1150.873,
791162.756,,1364.978,1151.400,
791229.408,,1365.573,1150.417,
791296.068,,1375.291,1148.526,
791362.727,,1378.833,1149.374,
791429.382,,1379.177,1146.880,
791496.037,,1380.465,1148.734,
791562.696,,1378.016,1147.449,
791629.350,,1376.240,1149.776,
791696.009,,1375.300,1148.379,
791762.664,,1374.626,1151.133,
791829.324,,1374.025,1148.943,
791895.986,,1370.782,1147.591,
791962.642,,1367.433,1148.011,
792029.305,,1371.114,1150.004,
792095.959,,1376.162,1148.944,
792162.621,,1376.701,1147.248,
792229.278,,1374.118,1149.809,
792295.937,,1375.670,1150.291,
792362.600,,1374.502,1147.364,
792429.259,,1371.537,1147.290,
792495.916,,1376.607,1149.690,
792562.578,,1378.147,1148.028,
792629.234,,1372.816,1148.671,
792695.895,,1372.795,1153.906,
792762.553,,1377.120,1159.577,
792829.209,,1376.782,1165.403,
792895.867,,1379.239,1173.891,
792962.528,,1383.156,1187.484,
793029.188,,1377.926,1183.500,
793095.846,,1378.517,1184.167,
793162.509,,1373.293,1187.799,
793229.167,,1368.141,1189.578,
793295.824,,1378.072,1182.248,
793362.481,,1377.954,1180.836,
793429.145,,1377.513,1171.860,
793495.805,,1378.703,1170.993,
793562.464,,1378.628,1172.065,
793629.118,,1386.530,1170.037,
793695.781,,1388.308,1171.083,
793762.437,,1377.009,1162.669,
793829.096,,1369.601,1160.182,
793895.755,,1370.977,1159.847,
793962.418,,1375.740,1160.201,
794029.075,,1377.715,1159.612,
794095.734,,1375.413,1157.893,
794162.392,,1376.743,1156.370,
794229.056,,1374.846,1154.810,
794295.709,,1377.234,1154.734,
794362.368,,1380.283,1157.301,
794429.028,,1373.180,1153.786,
794495.690,,1374.863,1151.099,
794562.351,,1376.930,1153.275,
794629.010,,1372.074,1158.622,
794695.669,,1373.741,1156.744,
794762.324,,1377.409,1162.574,
794828.982,,1374.908,1168.107,
794895.642,,1372.501,1171.885,
794962.302,,1382.755,1176.393,
795028.962,,1381.173,1182.119,
795095.623,,1387.541,1182.276,
795162.283,,1378.844,1185.757,
795228.939,,1381.278,1184.683,
795295.601,,1382.201,1188.160,
795362.260,,1383.010,1184.509,
795428.918,,1384.950,1183.852,
795495.579,,1379.194,1183.606,
795562.235,,1379.062,1182.696,
795628.896,,1381.404,1180.398,
795695.554,,1376.315,1177.871,
795762.214,,1377.718,1175.765,
795828.871,,1374.342,1172.796,
795895.534,,1372.323,1168.618,
795962.187,,1372.339,1166.990,
796028.846,,1377.905,1170.880,
796095.507,,1380.251,1167.781,
796162.166,,1379.911,1170.787,
796228.830,,1379.453,1170.497,
796295.489,,1378.018,1169.289,
796362.144,,1375.847,1168.219,
796428.807,,1378.262,1170.429,
796495.460,,1378.121,1167.778,
796562.125,,1383.776,1168.070,
796628.779,,1383.560,1166.954,
796695.441,,1383.665,1162.542,
796762.102,,1382.063,1160.194,
796828.756,,1383.760,1159.686,
796895.421,,1379.058,1160.253,
796962.077,,1381.070,1160.883,
797028.735,,1382.992,1164.475,
797095.395,,1382.011,1165.043,
797162.056,,1387.382,1166.594,
797228.710,,1382.889,1167.034,
797295.373,,1380.614,1164.813,
797362.032,,1382.937,1166.424,
797428.688,,1381.802,1169.274,
797495.351,,1382.189,1171.171,
797562.011,,1379.528,1173.816,
797628.666,,1380.825,1171.156,
797695.324,,1380.315,1171.493,
797761.988,,1382.317,1176.718,
797828.645,,1380.883,1177.690,
797895.302,,1384.331,1182.601,
797961.967,,1385.775,1189.646,
798028.622,,1384.062,1189.580,
798095.283,,1383.599,1188.283,
798161.939,,1381.440,1187.202,
798228.597,,1378.399,1186.800,
798295.257,,1379.284,1182.665,
798361.922,,1380.839,1180.203,
798428.578,,1380.048,1176.574,
798495.237,,1375.955,1176.464,
798561.892,,1372.562,1171.326,
798628.553,,1376.750,1170.216,
798695.213,,1373.018,1169.484,
798761.873,,1384.172,1173.235,
798828.531,,1382.163,1165.884,
798895.192,,1377.721,1165.916,
798961.851,,1388.650,1168.200,
799028.510,,1386.156,1163.361,
799095.172,,1381.792,1162.300,
799161.827,,1384.344,1161.778,
799228.486,,1384.271,1160.052,
799295.149,,1379.658,1157.731,
799361.808,,1380.732,1157.321,
799428.461,,1384.429,1157.655,
799495.122,,1383.541,1159.667,
799561.784,,1383.538,1156.899,
799628.442,,1380.964,1156.389,
799695.103,,1381.387,1156.150,
799761.764,,1383.116,1154.659,
799828.420,,1387.302,1155.458,
799895.075,,1383.906,1154.468,
799961.731,,1383.895,1154.147,
800028.393,,1380.606,1153.724,
800095.047,,1379.413,1154.125,
800161.708,,1382.791,1153.448,
800228.363,,1382.140,1153.401,
800295.024,,1383.255,1154.930,
800361.682,,1383.848,1160.992,
800428.335,,1380.588,1167.269,
800494.993,,1379.846,1168.801,
800561.655,,1377.824,1171.424,
800628.312,,1379.560,1171.122,
800694.965,,1383.364,1170.565,
800761.628,,1380.028,1170.281,
800828.286,,1390.484,1168.970,
800894.941,,1379.147,1166.762,
800961.596,,1384.407,1162.721,
801028.258,,1375.792,1161.677,
801094.915,,1378.724,1160.947,
801161.570,,1377.802,1157.447,
801228.229,,1379.560,1158.563,
801294.889,,1385.436,1157.416,
801361.544,,1383.963,1154.389,
801428.197,,1375.786,1152.013,
801494.861,,1371.045,1152.220,
801561.514,,1372.273,1153.388,
801628.176,,1371.579,1153.415,
801694.829,,1376.844,1150.657,
801761.487,,1369.131,1152.006,
801828.147,,1372.496,1152.296,
801894.804,,1380.976,1149.825,
801961.464,,1368.313,1150.648,
802028.118,,1370.823,1151.494,
802094.778,,1379.569,1151.450,
802161.431,,1382.197,1153.849,
802228.091,,1383.399,1153.851,
802294.748,,1381.397,1153.849,
802361.405,,1382.570,1153.788,
802428.061,,1387.289,1156.039,
802494.722,,1385.279,1155.787,
802561.378,,1384.796,1158.259,
802628.034,,1382.132,1154.559,
802694.698,,1373.034,1155.803,
802761.348,,1375.286,1160.473,
802828.010,,1378.746,1161.045,
802894.666,,1379.231,1157.696,
802961.326,,1375.712,1161.043,
803027.985,,1382.600,1162.805,
803094.638,,1372.696,1157.444,
803161.298,,1380.018,1158.873,
803227.953,,1376.232,1157.889,
803294.611,,1372.937,1154.167,
803361.271,,1376.098,1156.327,
803427.930,,1371.690,1156.010,
803494.582,,1379.387,1155.663,
803561.243,,1375.413,1154.643,
803627.902,,1372.161,1152.616,
803694.557,,1377.096,1151.907,
803761.216,,1371.475,1153.464,
803827.871,,1375.587,1153.722,
803894.527,,1373.666,1154.327,
803961.189,,1381.589,1155.352,
804027.847,,1379.187,1156.818,
804094.504,,1382.129,1151.891,
804161.159,,1379.027,1149.717,
804227.819,,1379.332,1149.599,
804294.474,,1370.680,1144.784,
804361.133,,1363.129,1149.936,
804427.791,,1361.186,1148.839,
804494.448,,1363.752,1149.075,
804561.107,,1359.188,1152.992,
804627.761,,1358.893,1148.264,
804694.420,,1360.539,1157.295,
804761.078,,1380.536,1162.628,
804827.737,,1381.697,1161.324,
804894.393,,1375.405,1155.770,
804961.050,,1369.713,1156.147,
805027.709,,1376.378,1153.531,
805094.368,,1368.309,1153.960,
805161.027,,1368.206,1155.573,
805227.682,,1375.521,1154.716,
805294.341,,1367.286,1157.728,
805360.997,,1371.382,1155.516,
805427.653,,1374.110,1155.287,
805494.311,,1377.425,1151.315,
805560.971,,1365.074,1146.153,
805627.628,,1370.271,1148.454,
805694.286,,1381.416,1148.577,
805760.941,,1380.672,1153.050,
805827.599,,1378.752,1142.049,
805894.254,,1362.156,1144.420,
805960.915,,1370.600,1144.227,
806027.571,,1371.524,1150.281,
806094.230,,1359.391,1154.456,
806160.884,,1363.041,1155.031,
806227.548,,1361.107,1158.620,
806294.203,,1373.724,1157.325,
806360.862,,1369.658,1160.632,
806427.515,,1374.506,1162.770,
806494.175,,1376.175,1160.281,
806560.832,,1377.427,1157.572,
806627.489,,1379.443,1160.862,
806694.147,,1377.769,1157.729,
806760.808,,1376.018,1153.005,
806827.460,,1368.676,1153.515,
806894.118,,1365.346,1153.240,
806960.774,,1377.509,1155.793,
807027.435,,1377.910,1151.531,
807094.094,,1376.372,1156.720,
807160.749,,1381.231,1165.315,
807227.410,,1384.595,1170.391,
807294.065,,1383.590,1174.561,
807360.720,,1384.123,1172.928,
807427.380,,1385.048,1171.698,
807494.035,,1380.366,1169.134,
807560.696,,1378.762,1163.532,
807627.354,,1373.564,1164.763,
807694.012,,1365.744,1160.729,
807760.667,,1372.835,1161.529,
807827.327,,1369.131,1159.999,
807893.984,,1366.879,1156.463,
807960.641,,1368.121,1154.633,
808027.301,,1375.610,1154.052,
808093.959,,1376.267,1154.162,
808160.616,,1375.805,1153.735,
808227.273,,1368.982,1153.853,
808293.929,,1378.602,1158.264,
808360.586,,1376.111,1158.374,
808427.249,,1375.979,1157.124,
808493.904,,1374.869,1159.010,
808560.561,,1383.496,1163.228,
808627.223,,1384.959,1163.234,
808693.882,,1378.390,1155.535,
808760.540,,1378.518,1153.302,
808827.193,,1373.438,1150.561,
808893.854,,1373.319,1149.537,
808960.512,,1379.619,1150.222,
809027.166,,1385.568,1150.391,
809093.824,,1389.412,1155.694,
809160.487,,1390.908,1150.262,
809227.145,,1390.659,1149.710,
809293.799,,1384.594,1152.824,
809360.455,,1384.052,1152.550,
809427.114,,1379.428,1153.404,
809493.775,,1382.503,1158.683,
809560.433,,1380.024,1181.509,
809627.091,,1375.999,1193.664,
809693.750,,1372.835,1196.828,
809760.407,,1370.500,1197.522,
809827.064,,1382.911,1198.566,
809893.724,,1379.106,1202.654,
809960.382,,1375.674,1200.870,
810027.035,,1379.653,1199.751,
810093.696,,1372.168,1202.088,
810160.355,,1371.129,1200.097,
810227.011,,1374.807,1199.722,
810293.672,,1375.805,1191.918,
810360.329,,1375.539,1188.328,
810426.982,,1380.003,1186.590,
810493.644,,1378.837,1184.144,
810560.299,,1379.813,1179.474,
810626.956,,1379.423,1176.367,
810693.617,,1381.227,1175.736,
810760.273,,1380.493,1171.903,
810826.933,,1382.899,1169.790,
810893.594,,1371.493,1165.580,
810960.247,,1367.032,1166.006,
811026.909,,1373.565,1167.007,
811093.567,,1374.906,1165.417,
811160.226,,1362.252,1158.820,
811226.884,,1356.730,1160.068,
811293.538,,1366.335,1159.472,
811360.200,,1364.131,1160.081,
811426.855,,1365.340,1156.720,
811493.515,,1356.691,1160.486,
811560.174,,1363.557,1164.090,
811626.826,,1375.348,1165.538,
811693.489,,1372.772,1161.616,
811760.148,,1374.475,1163.452,
811826.800,,1371.434,1156.054,
811893.462,,1359.130,1156.957,
811960.122,,1372.789,1158.479,
812026.774,,1370.279,1154.411,
812093.437,,1370.722,1153.745,
812160.093,,1364.207,1153.343,
812226.748,,1363.799,1154.033,
812293.405,,1372.308,1152.659,
812360.067,,1377.898,1154.136,
812426.724,,1372.492,1150.429,
812493.384,,1367.201,1151.153,
812560.043,,1372.174,1150.593,
812626.696,,1374.174,1152.931,
812693.358,,1370.540,1155.953,
812760.011,,1374.278,1163.024,
812826.672,,1379.096,1158.271,
812893.330,,1375.438,1155.525,
812959.988,,1372.435,1150.380,
813026.644,,1373.064,1151.706,
813093.302,,1375.121,1152.309,
813159.961,,1378.932,1151.738,
813226.620,,1375.251,1151.928,
813293.278,,1371.471,1150.697,
813359.938,,1383.065,1150.812,
813426.591,,1376.313,1147.690,
813493.255,,1366.021,1147.401,
813559.908,,1366.826,1151.290,
813626.568,,1363.305,1149.835,
813693.223,,1365.346,1159.756,
813759.884,,1365.202,1165.604,
813826.539,,1369.772,1168.174,
813893.199,,1362.659,1169.569,
813959.854,,1377.250,1167.270,
814026.516,,1371.591,1164.699,
814093.174,,1371.527,1158.986,
814159.833,,1365.019,1164.113,
814226.489,,1370.857,1159.424,
814293.151,,1361.890,1159.503,
814359.806,,1373.721,1160.514,
814426.462,,1373.529,1157.011,
814493.121,,1368.740,1155.836,
814559.780,,1366.578,1158.867,
814626.439,,1371.739,1157.163,
814693.094,,1369.940,1161.018,
814759.750,,1372.523,1163.529,
814826.408,,1368.446,1164.438,
814893.066,,1364.183,1169.122,
814959.725,,1376.334,1169.023,
815026.382,,1370.750,1170.577,
815093.043,,1372.818,1163.182,
815159.700,,1373.650,1162.911,
815226.362,,1373.695,1161.046,
815293.017,,1372.267,1162.294,
815359.675,,1368.943,1167.415,
815426.333,,1364.949,1170.594,
815492.989,,1394.321,1175.442,
815559.648,,1395.469,1172.821,
815626.306,,1379.882,1161.517,
815692.963,,1375.770,1159.222,
815759.623,,1370.269,1157.563,
815826.283,,1371.904,1156.025,
815892.935,,1372.310,1153.643,
815959.596,,1374.841,1150.152,
816026.255,,1357.373,1152.326,
816092.912,,1401.669,1150.078,
816159.567,,1369.023,1151.354,
816226.227,,1366.686,1150.599,
816292.885,,1370.719,1150.710,
816359.546,,1371.864,1150.881,
816426.203,,1375.475,1155.549,
816492.860,,1371.121,1160.432,
816559.515,,1374.445,1162.354,
816626.176,,1374.811,1165.044,
816692.829,,1369.484,1162.583,
816759.490,,1367.677,1160.582,
816826.146,,1377.580,1171.361,
816892.807,,1376.156,1186.738,
816959.463,,1384.003,1186.395,
817026.125,,1371.558,1191.404,
817092.776,,1370.651,1190.305,
817159.436,,1373.857,1185.672,
817226.096,,1376.793,1188.368,
817292.756,,1372.705,1185.901,
817359.410,,1372.329,1185.025,
817426.065,,1367.700,1178.967,
817492.722,,1371.341,1179.065,
817559.380,,1370.740,1175.388,
817626.038,,1373.658,1177.949,
817692.702,,1371.452,1177.651,
817759.355,,1374.090,1177.181,
817826.013,,1371.037,1171.914,
817892.672,,1371.373,1172.689,
817959.330,,1372.916,1172.744,
818025.986,,1374.291,1168.586,
818092.645,,1372.458,1166.884,
818159.307,,1373.720,1166.122,
818225.960,,1372.164,1164.228,
818292.616,,1375.739,1161.684,
818359.279,,1374.994,1163.771,
818425.932,,1377.784,1159.176,
818492.596,,1376.610,1161.383,
818559.252,,1371.150,1160.020,
818625.908,,1377.638,1160.910,
818692.566,,1376.377,1159.162,
818759.227,,1376.738,1159.941,
818825.885,,1376.729,1155.877,
818892.541,,1371.308,1153.739,
818959.200,,1370.587,1153.140,
819025.853,,1380.128,1155.847,
819092.513,,1388.057,1160.754,
819159.168,,1388.180,1164.259,
819225.831,,1374.163,1163.330,
819292.488,,1378.294,1161.806,
819359.147,,1384.678,1165.792,
819425.802,,1378.546,1171.017,
819492.462,,1379.165,1172.514,
819559.121,,1387.258,1174.337,
819625.776,,1392.170,1180.636,
819692.433,,1373.512,1188.826,
819759.088,,1372.685,1187.373,
819825.747,,1379.640,1185.135,
819892.410,,1383.058,1188.760,
819959.067,,1377.769,1181.370,
820025.721,,1377.694,1178.489,
820092.379,,1379.426,1182.208,
820159.039,,1378.399,1187.197,
820225.693,,1375.383,1186.440,
820292.351,,1373.681,1191.195,
820359.011,,1373.647,1187.386,
820425.672,,1372.826,1195.033,
820492.325,,1375.739,1211.850,
820558.986,,1376.889,1214.602,
820625.640,,1384.040,1213.020,
820692.301,,1373.410,1207.577,
820758.957,,1373.900,1202.942,
820825.616,,1375.494,1201.505,
820892.277,,1372.953,1194.486,
820958.929,,1371.825,1192.064,
821025.592,,1373.733,1190.698,
821092.244,,1379.123,1187.187,
821158.909,,1374.388,1184.690,
821225.561,,1374.572,1181.205,
821292.220,,1374.314,1181.319,
821358.879,,1376.938,1180.243,
821425.536,,1378.518,1174.629,
821492.195,,1374.801,1174.349,
821558.852,,1377.542,1170.503,
821625.510,,1375.620,1168.554,
821692.166,,1379.748,1167.295,
821758.828,,1381.687,1165.977,
821825.483,,1383.345,1167.679,
821892.140,,1384.689,1168.255,
821958.799,,1390.414,1165.502,
822025.460,,1386.803,1168.829,
822092.112,,1388.247,1166.479,
822158.771,,1387.851,1164.093,
822225.427,,1384.300,1166.603,
822292.092,,1381.253,1166.098,
822358.744,,1383.480,1162.647,
822425.406,,1381.151,1164.752,
822492.062,,1379.078,1164.296,
822558.716,,1376.461,1168.655,
822625.377,,1376.947,1170.280,
822692.035,,1374.778,1170.593,
822758.692,,1383.534,1176.334,
822825.351,,1381.788,1181.764,
822892.007,,1380.591,1180.523,
822958.668,,1382.889,1180.467,
823025.326,,1379.519,1180.742,
823091.983,,1379.029,1179.282,
823158.641,,1386.862,1179.875,
823225.301,,1387.096,1180.841,
823291.957,,1383.921,1178.287,
823358.612,,1386.538,1179.886,
823425.269,,1388.623,1181.814,
823491.927,,1390.158,1180.485,
823558.589,,1387.139,1180.597,
823625.241,,1387.288,1179.234,
823691.900,,1385.123,1177.215,
823758.562,,1381.803,1173.753,
823825.216,,1381.317,1169.538,
823891.877,,1384.905,1167.414,
823958.533,,1391.546,1170.104,
824025.190,,1397.139,1172.996,
824091.849,,1402.222,1173.826,
824158.507,,1399.678,1171.774,
824225.164,,1387.579,1167.904,
824291.820,,1377.398,1166.830,
824358.476,,1382.444,1169.026,
824425.132,,1386.135,1169.412,
824491.789,,1387.822,1168.263,
824558.448,,1391.221,1174.767,
824625.110,,1392.659,1175.220,
824691.767,,1396.084,1175.578,
824758.424,,1390.525,1173.944,
824825.082,,1390.020,1173.367,
824891.737,,1392.198,1178.566,
824958.397,,1400.611,1181.896,
825025.055,,1398.197,1177.025,
825091.713,,1395.807,1177.745,
825158.367,,1394.917,1175.969,
825225.028,,1393.409,1174.947,
825291.680,,1391.563,1174.012,
825358.342,,1386.413,1173.289,
825424.999,,1380.986,1171.613,
825491.652,,1377.165,1175.016,
825558.309,,1380.748,1174.503,
825624.968,,1376.793,1173.646,
825691.627,,1375.617,1173.805,
825758.286,,1368.254,1173.918,
825824.944,,1370.760,1171.059,
825891.599,,1366.279,1171.187,
825958.256,,1377.293,1170.999,
826024.913,,1380.463,1176.126,
826091.572,,1374.193,1176.645,
826158.228,,1382.047,1177.869,
826224.887,,1376.695,1180.030,
826291.546,,1378.445,1176.853,
826358.199,,1379.335,1177.378,
826424.861,,1378.352,1174.290,
826491.517,,1384.405,1171.881,
826558.177,,1385.160,1168.542,
826624.836,,1378.769,1167.152,
826691.492,,1380.448,1168.062,
826758.151,,1381.141,1165.896,
826824.804,,1382.020,1166.631,
826891.461,,1380.576,1166.231,
826958.120,,1388.851,1161.693,
827024.780,,1382.725,1160.272,
827091.437,,1379.893,1158.626,
827158.093,,1373.280,1155.633,
827224.752,,1374.229,1157.187,
827291.410,,1381.379,1160.627,
827358.067,,1388.897,1159.947,
827424.725,,1378.455,1153.819,
827491.380,,1378.372,1150.339,
827558.041,,1378.085,1151.525,
827624.694,,1379.331,1148.223,
827691.350,,1373.227,1149.937,
827758.011,,1375.303,1148.702,
827824.668,,1369.845,1147.067,
827891.323,,1373.489,1145.515,
827957.983,,1370.631,1148.186,
828024.637,,1368.255,1146.222,
828091.296,,1374.680,1151.170,
828157.957,,1381.366,1151.391,
828224.616,,1379.247,1152.370,
828291.269,,1383.334,1157.434,
828357.929,,1384.457,1157.549,
828424.585,,1383.268,1163.332,
828491.242,,1389.539,1162.871,
828557.899,,1386.959,1165.258,
828624.560,,1392.083,1166.144,
828691.214,,1397.115,1168.964,
828757.876,,1382.225,1172.588,
828824.528,,1380.934,1179.941,
828891.186,,1377.902,1178.515,
828957.846,,1380.076,1180.910,
829024.504,,1380.918,1182.044,
829091.157,,1383.873,1186.822,
829157.814,,1387.239,1188.732,
829224.478,,1386.049,1186.708,
829291.132,,1393.474,1187.224,
829357.790,,1409.703,1180.077,
829424.446,,1384.931,1175.314,
829491.107,,1383.799,1178.320,
829557.761,,1398.119,1180.207,
829624.423,,1401.471,1174.201,
829691.079,,1388.083,1167.063,
829757.738,,1376.597,1164.581,
829824.396,,1376.962,1164.029,
829891.050,,1378.604,1162.682,
829957.708,,1379.751,1159.989,
830024.365,,1374.945,1162.391,
830091.022,,1376.344,1160.344,
830157.677,,1373.262,1158.916,
830224.335,,1378.070,1156.919,
830290.998,,1381.413,1157.521,
830357.653,,1380.003,1160.635,
830424.310,,1386.674,1160.408,
830490.966,,1389.994,1163.730,
830557.627,,1385.549,1162.444,
830624.281,,1383.089,1156.957,
830690.941,,1363.586,1152.271,
830757.597,,1375.853,1159.448,
830824.253,,1380.537,1162.465,
830890.913,,1387.392,1166.024,
830957.567,,1398.353,1162.491,
831024.229,,1382.576,1160.016,
831090.885,,1379.514,1157.938,
831157.543,,1377.598,1158.192,
831224.202,,1385.347,1160.582,
831290.859,,1386.407,1163.290,
831357.516,,1390.236,1166.669,
831424.173,,1389.956,1165.882,
831490.832,,1381.083,1167.818,
831557.486,,1382.205,1169.662,
831624.142,,1377.305,1172.375,
831690.805,,1386.986,1182.391,
831757.457,,1383.000,1200.510,
831824.120,,1381.209,1211.611,
831890.773,,1390.335,1214.639,
831957.437,,1388.731,1220.379,
832024.095,,1386.776,1220.307,
832090.749,,1395.337,1217.997,
832157.412,,1388.445,1217.310,
832224.067,,1386.580,1208.938,
832290.727,,1391.408,1205.885,
832357.385,,1377.944,1202.397,
832424.044,,1390.292,1201.025,
832490.704,,1377.717,1194.684,
832557.361,,1378.144,1191.094,
832624.019,,1377.480,1184.545,
832690.680,,1380.521,1187.331,
832757.340,,1376.280,1182.220,
832823.995,,1383.400,1179.756,
832890.655,,1377.855,1177.883,
832957.315,,1379.141,1174.456,
833023.970,,1374.328,1179.609,
833090.631,,1378.907,1175.761,
833157.288,,1377.689,1176.776,
833223.947,,1379.796,1175.428,
833290.606,,1380.888,1175.015,
833357.265,,1378.990,1173.247,
833423.925,,1378.783,1171.454,
833490.584,,1381.705,1170.500,
833557.241,,1378.525,1170.299,
833623.903,,1381.115,1168.352,
833690.560,,1378.641,1167.765,
833757.217,,1379.064,1166.919,
833823.876,,1380.977,1167.186,
833890.534,,1379.262,1165.917,
833957.191,,1379.528,1164.127,
834023.855,,1377.021,1163.055,
834090.509,,1367.888,1160.723,
834157.168,,1379.328,1162.873,
834223.832,,1382.810,1162.883,
834290.487,,1384.869,1161.844,
834357.147,,1396.896,1160.440,
834423.803,,1388.900,1160.989,
834490.463,,1385.775,1155.427,
834557.121,,1390.421,1156.807,
834623.779,,1394.241,1158.233,
834690.439,,1398.565,1159.801,
834757.098,,1404.839,1160.251,
834823.760,,1395.141,1159.010,
834890.415,,1403.619,1158.058,
834957.077,,1399.435,1159.665,
835023.735,,1403.698,1156.078,
835090.380,,1396.424,1153.252,
835157.053,,1389.104,1157.030,
835223.707,,1396.394,1154.121,
835290.370,,1389.442,1155.451,
835357.029,,1391.151,1158.149,
835423.685,,1390.957,1160.406,
835490.343,,1392.222,1159.280,
835557.003,,1388.388,1159.176,
835623.658,,1395.917,1161.510,
835690.319,,1391.879,1165.073,
835756.977,,1389.954,1164.189,
835823.637,,1391.519,1167.014,
835890.296,,1392.676,1171.840,
835956.953,,1390.858,1175.556,
836023.609,,1389.157,1174.862,
836090.273,,1393.875,1173.683,
836156.932,,1393.677,1174.185,
836223.591,,1391.233,1175.131,
836290.251,,1398.937,1175.976,
836356.909,,1393.900,1173.830,
836423.566,,1394.270,1173.436,
836490.224,,1389.757,1170.620,
836556.879,,1382.620,1168.068,
836623.541,,1383.964,1168.052,
836690.200,,1390.020,1168.826,
836756.858,,1388.297,1169.914,
836823.518,,1381.737,1166.620,
836890.178,,1386.723,1168.430,
836956.836,,1386.815,1169.365,
837023.490,,1384.379,1167.059,
837090.149,,1386.256,1166.625,
837156.808,,1386.033,1164.957,
837223.466,,1384.446,1168.045,
837290.125,,1382.088,1167.177,
837356.789,,1387.819,1173.261,
837423.448,,1374.706,1173.994,
837490.102,,1376.652,1176.001,
837556.765,,1375.822,1177.679,
837623.418,,1376.186,1175.048,
837690.082,,1375.558,1176.687,
837756.735,,1371.561,1177.466,
837823.396,,1379.629,1182.915,
837890.054,,1374.737,1195.769,
837956.712,,1377.131,1206.470,
838023.369,,1392.208,1213.004,
838090.031,,1386.452,1215.003,
838156.691,,1379.837,1221.948,
838223.351,,1385.857,1221.391,
838290.006,,1388.436,1220.315,
838356.666,,1388.295,1217.002,
838423.322,,1392.875,1214.317,
838489.983,,1388.965,1212.189,
838556.644,,1381.330,1215.335,
838623.298,,1383.829,1222.655,
838689.961,,1391.827,1229.325,
838756.615,,1397.102,1232.368,
838823.280,,1389.564,1225.350,
838889.933,,1387.132,1222.822,
838956.597,,1389.397,1218.505,
839023.251,,1386.955,1213.814,
839089.913,,1384.697,1211.708,
839156.570,,1385.836,1208.953,
839223.226,,1382.107,1199.817,
839289.891,,1367.068,1195.261,
839356.543,,1378.194,1195.409,
839423.206,,1385.910,1195.852,
839489.865,,1375.102,1195.623,
839556.524,,1374.889,1191.387,
839623.182,,1375.558,1193.809,
839689.838,,1378.357,1193.674,
839756.500,,1377.156,1194.703,
839823.156,,1378.410,1192.676,
839889.815,,1380.704,1189.187,
839956.472,,1379.438,1188.390,
840023.133,,1385.410,1188.058,
840089.787,,1388.174,1190.070,
840156.447,,1387.922,1190.381,
840223.101,,1380.794,1187.827,
840289.758,,1379.233,1186.301,
840356.421,,1379.593,1187.291,
840423.078,,1386.456,1183.553,
840489.733,,1382.827,1182.879,
840556.391,,1385.648,1182.812,
840623.048,,1380.912,1185.648,
840689.705,,1381.918,1188.058,
840756.366,,1380.243,1186.556,
840823.024,,1377.782,1182.310,
840889.678,,1375.434,1179.786,
840956.341,,1373.042,1175.816,
841022.996,,1370.883,1176.304,
841089.651,,1371.317,1171.472,
841156.314,,1378.006,1171.754,
841222.967,,1377.178,1176.519,
841289.628,,1376.631,1177.356,
841356.287,,1380.989,1182.194,
841422.944,,1383.947,1181.552,
841489.603,,1387.630,1176.766,
841556.259,,1391.463,1175.809,
841622.914,,1389.321,1180.193,
841689.571,,1391.799,1177.139,
841756.234,,1393.009,1172.415,
841822.889,,1390.997,1165.661,
841889.547,,1382.590,1162.065,
841956.204,,1376.383,1160.364,
842022.864,,1376.367,1162.838,
842089.520,,1380.740,1166.421,
842156.178,,1381.381,1165.039,
842222.832,,1379.747,1161.965,
842289.495,,1379.463,1157.442,
842356.154,,1381.328,1159.061,
842422.810,,1378.478,1163.835,
842489.469,,1381.505,1165.743,
842556.125,,1382.391,1169.259,
842622.780,,1383.987,1166.507,
842689.439,,1386.445,1172.096,
842756.096,,1391.530,1170.864,
842822.754,,1385.227,1163.386,
842889.411,,1381.298,1155.630,
842956.071,,1391.618,1158.467,
843022.729,,1382.758,1163.780,
843089.383,,1402.590,1169.950,
843156.046,,1392.273,1170.215,
843222.705,,1385.114,1169.228,
843289.362,,1379.106,1162.608,
843356.017,,1371.792,1158.339,
843422.674,,1367.423,1157.047,
843489.332,,1366.345,1157.434,
843555.991,,1369.573,1157.042,
843622.647,,1372.815,1153.856,
843689.309,,1370.259,1152.832,
843755.963,,1377.129,1155.723,
843822.618,,1372.147,1150.659,
843889.277,,1372.470,1150.927,
843955.939,,1368.652,1150.178,
844022.595,,1374.372,1151.263,
844089.255,,1368.314,1150.457,
844155.911,,1371.916,1149.200,
844222.570,,1369.237,1147.875,
844289.223,,1366.610,1146.935,
844355.881,,1362.842,1145.876,
844422.542,,1362.167,1146.340,
844489.201,,1364.815,1150.506,
844555.853,,1370.647,1149.856,
844622.516,,1373.001,1148.426,
844689.175,,1367.421,1147.591,
844755.830,,1367.868,1147.634,
844822.488,,1368.179,1146.550,
844889.146,,1370.611,1145.752,
844955.806,,1366.479,1146.627,
845022.460,,1371.054,1154.579,
845089.116,,1364.453,1176.517,
845155.777,,1365.346,1184.184,
845222.436,,1368.738,1186.247,
845289.089,,1367.212,1184.896,
845355.748,,1367.495,1188.313,
845422.405,,1364.531,1189.640,
845489.067,,1363.928,1187.044,
845555.723,,1365.979,1186.940,
845622.382,,1367.798,1183.631,
845689.041,,1366.934,1181.175,
845755.699,,1368.270,1177.548,
845822.351,,1367.792,1175.276,
845889.015,,1367.379,1174.511,
845955.670,,1365.293,1173.096,
846022.324,,1367.626,1174.189,
846088.986,,1366.667,1176.522,
846155.643,,1365.474,1192.125,
846222.297,,1370.292,1207.717,
846288.959,,1370.266,1218.193,
846355.619,,1375.789,1216.781,
846422.273,,1375.754,1207.241,
846488.931,,1366.539,1202.997,
846555.586,,1363.945,1202.899,
846622.248,,1365.679,1201.574,
846688.904,,1366.755,1198.306,
846755.565,,1379.290,1195.973,
846822.223,,1374.104,1192.666,
846888.878,,1384.206,1190.790,
846955.532,,1381.298,1189.183,
847022.194,,1378.838,1184.857,
847088.849,,1370.398,1182.094,
847155.511,,1371.792,1181.923,
847222.169,,1372.966,1183.937,
847288.825,,1372.504,1179.526,
847355.480,,1373.073,1175.330,
847422.141,,1373.358,1178.232,
847488.795,,1371.392,1173.639,
847555.455,,1371.137,1176.153,
847622.110,,1378.153,1177.052,
847688.768,,1376.324,1176.063,
847755.426,,1371.776,1177.277,
847822.089,,1367.827,1179.710,
847888.744,,1372.808,1177.378,
847955.403,,1378.453,1177.085,
848022.060,,1375.531,1178.709,
848088.715,,1373.947,1175.374,
848155.376,,1371.332,1172.150,
848222.034,,1373.799,1174.012,
848288.693,,1373.285,1176.074,
848355.351,,1377.575,1176.892,
848422.012,,1377.767,1180.503,
848488.664,,1385.419,1187.677,
848555.324,,1387.031,1191.024,
848621.987,,1386.093,1194.783,
848688.639,,1384.443,1200.014,
848755.298,,1381.610,1198.275,
848821.955,,1376.256,1187.516,
848888.616,,1373.774,1186.198,
848955.272,,1378.704,1185.421,
849021.932,,1369.190,1184.489,
849088.593,,1376.177,1180.873,
849155.249,,1380.928,1178.964,
849221.909,,1373.187,1177.106,
849288.563,,1369.862,1174.351,
849355.220,,1373.892,1171.827,
849421.882,,1374.190,1169.273,
849488.542,,1366.486,1165.849,
849555.198,,1370.498,1170.058,
849621.857,,1377.375,1174.197,
849688.511,,1374.851,1172.147,
849755.169,,1375.934,1172.709,
849821.827,,1375.847,1171.456,
849888.488,,1376.609,1169.650,
849955.146,,1376.355,1163.859,
850021.807,,1370.119,1158.568,
850088.461,,1367.873,1157.982,
850155.119,,1375.432,1158.167,
850221.776,,1364.728,1156.094,
850288.439,,1364.523,1152.905,
850355.095,,1367.755,1153.238,
850421.756,,1371.453,1155.725,
850488.411,,1365.757,1155.526,
850555.070,,1367.979,1155.341,
850621.729,,1368.110,1158.372,
850688.387,,1368.270,1158.238,
850755.046,,1364.389,1158.976,
850821.705,,1363.718,1157.315,
850888.357,,1365.379,1156.689,
850955.019,,1368.854,1158.769,
851021.673,,1366.070,1156.291,
851088.337,,1371.884,1157.108,
851154.991,,1367.562,1159.512,
851221.650,,1372.636,1157.816,
851288.307,,1370.670,1156.712,
851354.966,,1372.312,1153.985,
851421.623,,1372.877,1153.285,
851488.285,,1371.671,1151.371,
851554.938,,1372.560,1153.366,
851621.602,,1373.842,1153.695,
851688.260,,1376.188,1154.691,
851754.912,,1371.690,1158.295,
851821.574,,1373.782,1157.937,
851888.231,,1374.610,1156.035,
851954.891,,1372.714,1154.861,
852021.545,,1371.623,1154.493,
852088.207,,1371.653,1153.204,
852154.867,,1372.778,1153.239,
852221.525,,1377.534,1154.411,
852288.182,,1375.842,1153.599,
852354.840,,1373.889,1153.542,
852421.498,,1375.446,1151.318,
852488.153,,1372.465,1154.257,
852554.814,,1374.668,1154.169,
852621.472,,1379.802,1155.038,
852688.126,,1375.225,1151.057,
852754.789,,1365.313,1146.917,
852821.448,,1370.308,1145.482,
852888.100,,1363.568,1154.100,
852954.758,,1371.684,1160.564,
853021.418,,1373.721,1159.194,
853088.075,,1372.111,1160.937,
853154.737,,1374.599,1158.637,
853221.393,,1380.532,1160.686,
853288.049,,1383.897,1164.081,
853354.713,,1378.306,1162.559,
853421.366,,1383.687,1159.385,
853488.025,,1377.210,1156.390,
853554.688,,1375.546,1153.210,
853621.344,,1376.959,1151.937,
853688.004,,1378.017,1152.173,
853754.662,,1379.369,1152.393,
853821.316,,1376.798,1148.949,
853887.974,,1374.590,1150.484,
853954.632,,1371.384,1153.603,
854021.294,,1373.772,1156.008,
854087.950,,1371.408,1155.116,
854154.609,,1368.340,1159.225,
854221.269,,1371.599,1161.512,
854287.921,,1379.983,1161.218,
854354.586,,1376.699,1159.372,
854421.240,,1374.428,1161.634,
854487.896,,1382.618,1158.719,
854554.553,,1382.802,1156.348,
854621.213,,1382.698,1158.324,
854687.870,,1387.904,1154.510,
854754.528,,1381.807,1156.007,
854821.191,,1373.732,1150.849,
854887.847,,1371.473,1154.709,
854954.504,,1372.485,1152.839,
855021.165,,1373.135,1152.384,
855087.824,,1372.869,1150.358,
855154.480,,1374.282,1154.508,
855221.140,,1383.394,1157.697,
855287.798,,1379.965,1157.509,
855354.454,,1373.072,1162.256,
855421.109,,1377.321,1169.095,
855487.770,,1372.129,1173.084,
855554.428,,1372.465,1179.902,
855621.088,,1378.880,1181.329,
855687.747,,1374.218,1183.518,
855754.401,,1374.953,1181.182,
855821.061,,1375.460,1198.836,
855887.722,,1373.190,1242.190,
855954.378,,1370.604,1261.620,
856021.031,,1371.645,1271.912,
856087.692,,1365.805,1274.575,
856154.352,,1370.300,1269.370,
856221.007,,1370.526,1262.839,
856287.668,,1365.821,1252.800,
856354.326,,1366.969,1248.527,
856420.978,,1365.585,1242.840,
856487.640,,1368.617,1235.993,
856554.296,,1373.553,1232.892,
856620.952,,1374.080,1227.148,
856687.612,,1371.268,1219.889,
856754.268,,1380.743,1217.370,
856820.928,,1372.525,1215.332,
856887.587,,1374.353,1209.626,
856954.245,,1380.499,1207.728,
857020.899,,1370.973,1208.760,
857087.557,,1377.395,1213.696,
857154.217,,1375.917,1208.686,
857220.873,,1387.590,1207.109,
857287.532,,1378.182,1203.376,
857354.187,,1377.574,1202.028,
857420.845,,1379.277,1197.545,
857487.501,,1377.554,1192.482,
857554.160,,1377.692,1185.824,
857620.822,,1372.137,1185.912,
857687.479,,1371.433,1183.237,
857754.134,,1385.395,1181.680,
857820.789,,1377.458,1181.467,
857887.446,,1372.820,1176.601,
857954.109,,1373.771,1176.423,
858020.768,,1375.667,1174.095,
858087.420,,1377.215,1173.049,
858154.084,,1383.736,1171.294,
858220.735,,1378.559,1170.434,
858287.399,,1379.452,1165.873,
858354.056,,1385.371,1164.950,
858420.711,,1380.313,1161.790,
858487.367,,1372.524,1161.701,
858554.023,,1375.645,1161.030,
858620.687,,1378.263,1165.830,
858687.344,,1379.938,1161.324,
858753.998,,1379.440,1162.072,
858820.657,,1378.279,1160.643,
858887.314,,1380.429,1159.906,
858953.970,,1382.066,1160.282,
859020.627,,1382.471,1161.695,
859087.288,,1379.156,1157.621,
859153.947,,1379.221,1156.067,
859220.607,,1379.174,1155.352,
859287.261,,1383.656,1155.095,
859353.916,,1385.736,1155.793,
859420.576,,1387.051,1157.091,
859487.237,,1387.707,1157.755,
859553.890,,1383.937,1156.800,
859620.552,,1384.457,1153.949,
859687.210,,1382.728,1154.775,
859753.866,,1379.583,1154.528,
859820.523,,1382.370,1151.308,
859887.182,,1380.109,1152.557,
859953.837,,1384.162,1152.824,
860020.495,,1380.914,1152.235,
860087.154,,1385.982,1151.878,
860153.810,,1385.270,1154.787,
860220.468,,1385.075,1153.354,
860287.129,,1384.771,1154.160,
860353.785,,1386.144,1155.966,
860420.444,,1384.070,1152.914,
860487.099,,1384.341,1150.914,
860553.761,,1386.652,1151.016,
860620.414,,1382.184,1147.900,
860687.076,,1378.694,1147.490,
860753.732,,1372.100,1145.462,
860820.388,,1379.379,1147.476,
860887.049,,1383.486,1147.999,
860953.701,,1384.985,1144.787,
861020.363,,1377.936,1143.323,
861087.020,,1375.591,1143.214,
861153.675,,1382.968,1147.504,
861220.335,,1378.824,1145.348,
861286.990,,1379.837,1147.036,
861353.653,,1377.746,1145.179,
861420.305,,1378.517,1141.402,
861486.966,,1377.624,1140.415,
861553.622,,1375.681,1139.041,
861620.280,,1375.868,1144.546,
861686.939,,1375.641,1143.032,
861753.598,,1373.119,1143.396,
861820.251,,1377.479,1143.540,
861886.910,,1376.194,1144.301,
861953.568,,1370.822,1147.297,
862020.228,,1384.389,1146.708,
862086.888,,1386.161,1148.569,
862153.541,,1382.754,1148.271,
862220.202,,1380.490,1151.503,
862286.859,,1384.968,1151.224,
862353.512,,1378.566,1154.462,
862420.172,,1380.129,1155.529,
862486.828,,1382.119,1157.080,
862553.491,,1386.424,1157.123,
862620.148,,1386.644,1156.496,
862686.806,,1380.966,1153.833,
862753.464,,1384.704,1154.360,
862820.121,,1382.661,1154.455,
862886.779,,1379.028,1153.815,
862953.438,,1383.480,1152.573,
863020.095,,1382.012,1154.164,
863086.752,,1383.169,1154.497,
863153.408,,1379.965,1151.873,
863220.064,,1384.332,1151.326,
863286.727,,1371.023,1155.074,
863353.380,,1372.731,1155.853,
863420.036,,1386.227,1161.233,
863486.696,,1380.742,1163.357,
863553.357,,1385.860,1166.064,
863620.012,,1383.113,1166.386,
863686.667,,1386.444,1167.105,
863753.328,,1383.091,1168.227,
863819.982,,1387.159,1174.858,
863886.646,,1385.132,1177.804,
863953.301,,1381.603,1178.064,
864019.959,,1382.939,1181.774,
864086.617,,1383.550,1182.739,
864153.270,,1383.973,1183.248,
864219.928,,1381.073,1184.909,
864286.590,,1375.853,1185.185,
864353.247,,1375.566,1187.584,
864419.907,,1374.984,1191.074,
864486.564,,1377.322,1192.397,
864553.221,,1376.010,1192.523,
864619.879,,1380.019,1196.643,
864686.538,,1384.059,1201.468,
864753.192,,1385.913,1194.753,
864819.852,,1390.988,1189.965,
864886.509,,1389.839,1188.376,
864953.170,,1387.299,1185.058,
865019.823,,1393.195,1180.262,
865086.480,,1391.362,1175.192,
865153.142,,1388.968,1172.646,
865219.798,,1382.746,1173.184,
865286.457,,1381.476,1171.726,
865353.110,,1382.881,1170.056,
865419.774,,1381.785,1168.101,
865486.431,,1379.594,1167.451,
865553.088,,1382.060,1173.146,
865619.743,,1377.075,1172.802,
865686.405,,1377.639,1172.180,
865753.058,,1381.442,1173.282,
865819.717,,1383.834,1173.065,
865886.372,,1385.867,1171.258,
865953.029,,1384.219,1168.636,
866019.692,,1384.075,1167.651,
866086.347,,1388.421,1166.665,
866153.006,,1380.382,1162.636,
866219.662,,1377.813,1159.524,
866286.324,,1373.133,1160.003,
866352.977,,1376.872,1159.618,
866419.639,,1377.152,1156.754,
866486.294,,1380.948,1157.911,
866552.954,,1385.475,1159.236,
866619.607,,1387.746,1157.128,
866686.265,,1378.175,1156.808,
866752.927,,1380.665,1155.854,
866819.582,,1384.172,1153.000,
866886.241,,1377.716,1155.876,
866952.899,,1381.151,1161.994,
867019.556,,1386.338,1155.541,
867086.213,,1380.786,1155.186,
867152.871,,1379.227,1158.419,
867219.533,,1377.342,1156.375,
867286.190,,1384.956,1155.613,
867352.846,,1380.995,1154.721,
867419.500,,1382.963,1152.136,
867486.159,,1385.439,1148.429,
867552.819,,1376.045,1141.483,
867619.478,,1371.124,1139.987,
867686.133,,1365.931,1139.284,
867752.790,,1360.442,1142.414,
867819.452,,1366.135,1140.737,
867886.108,,1369.297,1141.791,
867952.763,,1370.084,1142.158,
868019.419,,1367.795,1144.431,
868086.081,,1365.578,1146.105,
868152.735,,1368.221,1147.345,
868219.396,,1363.297,1151.878,
868286.050,,1360.337,1153.412,
868352.709,,1365.405,1153.252,
868419.368,,1371.594,1155.644,
868486.026,,1370.618,1158.821,
868552.687,,1373.480,1161.840,
868619.341,,1366.800,1171.134,
868685.997,,1365.710,1176.388,
868752.658,,1371.893,1179.762,
868819.317,,1377.919,1179.836,
868885.976,,1373.933,1183.938,
868952.629,,1376.065,1181.871,
869019.289,,1375.545,1184.762,
869085.947,,1374.574,1187.904,
869152.605,,1373.888,1188.969,
869219.259,,1377.714,1184.150,
869285.921,,1378.512,1182.847,
869352.579,,1373.678,1175.665,
869419.232,,1371.345,1175.499,
869485.894,,1373.001,1175.474,
869552.552,,1373.651,1177.227,
869619.207,,1381.008,1174.652,
869685.869,,1378.699,1174.867,
869752.521,,1378.194,1175.017,
869819.183,,1378.858,1175.068,
869885.840,,1377.886,1173.063,
869952.497,,1377.712,1174.245,
870019.156,,1377.048,1180.094,
870085.814,,1375.051,1182.536,
870152.470,,1375.979,1185.665,
870219.124,,1374.700,1186.164,
870285.789,,1377.360,1186.380,
870352.443,,1375.521,1185.629,
870419.104,,1379.001,1186.577,
870485.761,,1375.197,1181.676,
870552.415,,1373.376,1178.754,
870619.073,,1370.509,1179.033,
870685.733,,1373.308,1176.546,
870752.392,,1373.008,1174.914,
870819.050,,1375.892,1171.697,
870885.702,,1375.013,1172.045,
870952.366,,1376.013,1168.536,
871019.018,,1377.854,1165.513,
871085.675,,1372.386,1162.889,
871152.337,,1375.314,1164.026,
871218.991,,1380.992,1160.997,
871285.654,,1375.371,1160.145,
871352.311,,1379.132,1163.116,
871418.968,,1372.695,1166.140,
871485.626,,1371.314,1166.343,
871552.281,,1373.461,1167.753,
871618.943,,1380.554,1171.754,
871685.598,,1375.016,1171.766,
871752.258,,1373.109,1173.213,
871818.912,,1373.280,1168.908,
871885.570,,1371.851,1169.131,
871952.233,,1371.856,1165.538,
872018.890,,1367.806,1172.207,
872085.548,,1368.931,1176.897,
872152.205,,1372.433,1178.584,
872218.861,,1372.765,1177.490,
872285.519,,1375.035,1174.725,
872352.176,,1372.443,1174.796,
872418.838,,1369.391,1172.802,
872485.493,,1371.641,1171.743,
872552.151,,1373.879,1167.724,
872618.812,,1367.945,1166.432,
872685.466,,1358.756,1166.966,
872752.127,,1363.568,1172.828,
872818.783,,1358.721,1174.517,
872885.440,,1357.635,1180.328,
872952.098,,1356.270,1173.621,
873018.756,,1376.756,1193.891,
873085.417,,1363.536,1184.979,
873152.070,,1377.244,1200.592,
873218.734,,1374.161,1194.208,
873285.388,,1368.680,1199.027,
873352.045,,1377.620,1196.064,
873418.702,,1358.564,1195.481,
873485.362,,1382.381,1196.098,
873552.017,,1362.911,1197.458,
873618.678,,1382.996,1207.947,
873685.338,,1362.461,1204.509,
873751.998,,1382.777,1219.251,
873818.651,,1367.942,1211.369,
873885.309,,1388.454,1228.747,
873951.967,,1371.662,1209.017,
874018.628,,1377.350,1215.718,
874085.284,,1371.789,1210.469,
874151.941,,1373.192,1201.867,
874218.598,,1377.992,1197.076,
874285.257,,1384.075,1199.459,
874351.918,,1384.947,1197.355,
874418.575,,1387.460,1196.354,
874485.234,,1392.143,1201.814,
874551.893,,1387.979,1201.038,
874618.548,,1382.110,1203.539,
874685.204,,1381.698,1199.873,
874751.861,,1377.091,1198.109,
874818.524,,1379.923,1195.705,
874885.179,,1382.637,1191.727,
874951.836,,1382.063,1188.172,
875018.497,,1384.281,1185.303,
875085.152,,1375.387,1185.988,
875151.812,,1371.415,1184.482,
875218.472,,1367.993,1178.268,
875285.130,,1363.818,1175.663,
875351.785,,1373.548,1175.307,
875418.445,,1381.997,1177.111,
875485.100,,1377.087,1171.976,
875551.761,,1380.825,1169.246,
875618.417,,1383.003,1166.064,
875685.074,,1381.122,1166.257,
875751.732,,1383.979,1165.286,
875818.394,,1377.189,1160.522,
875885.051,,1378.783,1157.323,
875951.708,,1370.827,1151.303,
876018.364,,1361.621,1147.398,
876085.024,,1381.366,1147.488,
876151.682,,1359.044,1149.532,
876218.341,,1357.471,1151.495,
876284.995,,1364.601,1149.558,
876351.654,,1362.493,1146.642,
876418.312,,1369.064,1149.731,
876484.970,,1369.087,1148.019,
876551.627,,1368.114,1143.525,
876618.286,,1345.825,1132.933,
876684.947,,1349.866,1137.054,
876751.601,,1348.310,1138.242,
876818.260,,1350.978,1140.801,
876884.917,,1352.663,1140.799,
876951.573,,1349.753,1139.584,
877018.237,,1351.984,1141.600,
877084.891,,1351.932,1143.375,
877151.550,,1358.533,1141.905,
877218.208,,1355.078,1140.774,
877284.867,,1351.376,1143.311,
877351.528,,1360.796,1148.369,
877418.180,,1357.114,1155.659,
877484.838,,1368.420,1153.326,
877551.495,,1359.663,1153.072,
877618.155,,1365.212,1153.061,
877684.812,,1359.193,1147.148,
877751.470,,1357.121,1146.687,
877818.128,,1357.696,1147.394,
877884.786,,1355.742,1145.765,
877951.449,,1362.641,1140.148,
878018.107,,1357.948,1143.809,
878084.764,,1367.895,1145.538,
878151.419,,1361.701,1141.682,
878218.076,,1362.470,1141.602,
878284.734,,1361.699,1141.055,
878351.393,,1362.448,1139.943,
878418.049,,1359.996,1139.474,
878484.712,,1364.272,1140.899,
878551.370,,1364.180,1141.991,
878618.025,,1369.639,1142.343,
878684.683,,1375.918,1145.791,
878751.340,,1379.871,1145.898,
878817.996,,1373.783,1145.849,
878884.658,,1364.268,1143.133,
878951.316,,1367.177,1144.750,
879017.971,,1366.162,1144.331,
879084.629,,1365.686,1143.304,
879151.292,,1364.429,1142.645,
879217.948,,1364.039,1142.785,
879284.604,,1365.287,1141.877,
879351.262,,1366.509,1148.375,
879417.922,,1368.162,1161.657,
879484.578,,1363.523,1170.316,
879551.238,,1363.425,1174.269,
879617.896,,1365.239,1175.811,
879684.555,,1366.840,1176.667,
879751.210,,1367.875,1178.565,
879817.870,,1368.672,1176.032,
879884.526,,1369.607,1176.411,
879951.188,,1366.756,1177.900,
880017.846,,1370.134,1177.948,
880084.502,,1366.861,1177.726,
880151.161,,1373.490,1173.545,
880217.821,,1367.107,1171.935,
880284.476,,1369.799,1169.836,
880351.136,,1372.925,1164.483,
880417.795,,1366.021,1162.803,
880484.456,,1362.871,1159.789,
880551.113,,1365.630,1160.810,
880617.769,,1370.401,1157.919,
880684.427,,1370.391,1156.089,
880751.084,,1371.350,1152.879,
880817.747,,1371.429,1152.969,
880884.404,,1370.628,1150.256,
880951.059,,1372.781,1150.961,
881017.720,,1367.133,1150.352,
881084.377,,1369.080,1146.686,
881151.039,,1360.899,1150.169,
881217.695,,1363.444,1150.702,
881284.352,,1371.918,1151.111,
881351.012,,1377.389,1150.892,
881417.671,,1376.015,1151.648,
881484.332,,1368.474,1147.981,
881550.989,,1361.927,1147.846,
881617.649,,1368.644,1150.611,
881684.307,,1367.478,1156.502,
881750.964,,1369.181,1148.448,
881817.619,,1374.668,1150.949,
881884.280,,1372.055,1152.805,
881950.939,,1368.713,1156.839,
882017.597,,1375.869,1157.919,
882084.254,,1376.383,1166.762,
882150.917,,1379.643,1165.047,
882217.574,,1373.898,1174.113,
882284.228,,1365.754,1186.410,
882350.889,,1366.731,1195.308,
882417.547,,1371.602,1204.473,
882484.206,,1378.828,1212.759,
882550.861,,1368.147,1213.442,
882617.520,,1366.105,1209.789,
882684.179,,1371.349,1206.953,
882750.837,,1376.107,1203.890,
882817.500,,1372.226,1204.954,
882884.159,,1373.349,1196.525,
882950.814,,1380.741,1191.542,
883017.470,,1371.297,1191.904,
883084.133,,1373.967,1190.484,
883150.793,,1372.686,1188.680,
883217.451,,1372.096,1186.640,
883284.104,,1373.703,1183.857,
883350.762,,1375.246,1182.837,
883417.421,,1372.040,1178.475,
883484.085,,1370.190,1176.988,
883550.744,,1372.925,1177.298,
883617.397,,1370.728,1175.242,
883684.042,,1371.059,1175.179,
883750.713,,1369.170,1172.390,
883817.376,,1379.206,1169.113,
883884.035,,1371.025,1170.391,
883950.690,,1374.556,1166.588,
884017.347,,1376.446,1162.580,
884084.008,,1376.301,1165.779,
884150.669,,1377.981,1161.477,
884217.323,,1379.271,1162.493,
884283.983,,1381.910,1159.833,
884350.643,,1379.030,1160.602,
884417.299,,1379.736,1158.181,
884483.956,,1379.161,1156.288,
884550.619,,1386.721,1154.991,
884617.278,,1380.342,1155.063,
884683.937,,1374.769,1150.687,
884750.590,,1380.708,1150.197,
884817.250,,1381.755,1153.843,
884883.912,,1382.935,1155.979,
884950.566,,1379.765,1152.660,
885017.223,,1385.912,1150.622,
885083.882,,1375.711,1151.584,
885150.542,,1380.573,1151.288,
885217.205,,1375.785,1146.292,
885283.857,,1377.118,1146.551,
885350.518,,1373.572,1147.863,
885417.175,,1375.277,1146.968,
885483.835,,1381.254,1148.707,
885550.491,,1381.972,1147.425,
885617.152,,1379.314,1147.744,
885683.810,,1372.393,1147.270,
885750.469,,1373.151,1148.159,
885817.129,,1374.495,1150.220,
885883.785,,1376.173,1150.972,
885950.442,,1378.493,1151.611,
886017.105,,1376.312,1153.010,
886083.758,,1378.250,1156.793,
886150.418,,1378.610,1155.638,
886217.080,,1372.962,1154.084,
886283.734,,1376.985,1154.555,
886350.395,,1378.826,1155.199,
886417.050,,1381.386,1156.503,
886483.708,,1380.964,1157.538,
886550.370,,1381.447,1156.784,
886617.027,,1378.744,1161.512,
886683.688,,1378.766,1163.966,
886750.347,,1378.915,1164.091,
886817.006,,1376.663,1165.326,
886883.665,Input1*2*0,1377.824,1166.235,
886950.319,,1381.306,1167.097,
887016.982,Input1*2*1,1380.939,1166.098,
887083.634,,1379.321,1163.898,
887150.292,,1377.548,1163.525,
887216.955,,1379.981,1172.639,
887283.611,,1386.234,1193.743,
887350.271,,1380.244,1197.796,
887416.932,,1383.878,1193.377,
887483.591,,1379.784,1190.778,
887550.244,,1374.313,1195.394,
887616.902,,1376.592,1187.510,
887683.565,,1377.161,1183.204,
887750.224,,1378.461,1180.542,
887816.883,,1383.136,1176.592,
887883.535,,1377.026,1171.579,
887950.196,,1380.189,1169.358,
888016.854,,1370.944,1166.639,
888083.508,,1371.882,1164.485,
888150.164,,1380.743,1163.262,
888216.826,,1377.952,1164.191,
888283.481,,1367.535,1156.599,
888350.138,,1371.807,1156.873,
888416.793,,1370.790,1159.476,
888483.457,,1368.976,1157.035,
888550.111,,1372.330,1153.583,
888616.767,,1367.068,1154.302,
888683.428,,1367.527,1153.956,
888750.081,,1370.160,1149.599,
888816.739,,1371.023,1153.979,
888883.401,,1369.922,1151.154,
888950.058,,1373.752,1151.320,
889016.713,,1376.984,1152.896,
889083.373,,1374.585,1152.972,
889150.030,,1373.716,1152.848,
889216.682,,1372.188,1152.087,
889283.341,,1380.028,1150.088,
889350.001,,1371.282,1148.084,
889416.658,,1374.495,1147.990,
889483.313,,1376.800,1147.627,
889549.970,,1379.198,1149.087,
889616.626,,1383.440,1144.551,
889683.290,,1381.662,1144.213,
889749.947,,1376.443,1144.001,
889816.599,,1374.301,1142.565,
889883.258,,1376.671,1141.847,
889949.920,,1375.324,1139.024,
890016.576,,1372.929,1140.864,
890083.232,,1371.842,1142.665,
890149.889,,1370.116,1143.452,
890216.547,,1374.451,1143.059,
890283.204,,1372.620,1143.329,
890349.863,,1369.120,1140.136,
890416.517,,1367.594,1138.679,
890483.173,,1372.958,1138.305,
890549.831,,1375.097,1140.659,
890616.489,,1370.998,1142.282,
890683.151,,1372.683,1140.744,
890749.802,,1378.160,1144.401,
890816.461,,1376.942,1143.990,
890883.119,,1382.035,1148.263,
890949.780,,1383.440,1144.594,
891016.437,,1376.527,1149.203,
891083.092,,1379.273,1171.838,
891149.751,,1387.233,1186.300,
891216.409,,1386.785,1189.051,
891283.063,,1388.324,1189.518,
891349.725,,1377.270,1188.264,
891416.377,,1373.628,1185.956,
891483.036,,1372.951,1187.553,
891549.692,,1376.275,1185.936,
891616.349,,1379.484,1182.507,
891683.009,,1372.061,1178.496,
891749.664,,1369.994,1175.206,
891816.323,,1370.228,1172.638,
891882.978,,1368.893,1174.509,
891949.636,,1377.200,1170.576,
892016.298,,1374.149,1165.430,
892082.951,,1379.771,1164.842,
892149.609,,1387.630,1163.906,
892216.265,,1393.222,1163.301,
892282.924,,1389.345,1160.304,
892349.586,,1391.046,1159.306,
892416.237,,1379.338,1155.398,
892482.900,,1369.720,1153.756,
892549.553,,1370.093,1154.681,
892616.215,,1372.725,1154.131,
892682.867,,1372.368,1156.765,
892749.528,,1372.841,1169.692,
892816.183,,1370.910,1184.196,
892882.842,,1373.717,1188.738,
892949.502,,1370.573,1192.317,
893016.157,,1369.648,1192.158,
893082.817,,1368.672,1194.115,
893149.474,,1366.373,1201.074,
893216.128,,1374.336,1198.741,
893282.787,,1374.617,1194.618,
893349.440,,1367.182,1191.132,
893416.102,,1368.296,1188.145,
893482.756,,1361.948,1184.661,
893549.415,,1369.765,1182.419,
893616.071,,1363.069,1183.254,
893682.731,,1365.731,1184.688,
893749.388,,1365.454,1180.553,
893816.042,,1369.820,1181.375,
893882.700,,1372.229,1182.496,
893949.362,,1371.987,1179.895,
894016.020,,1363.613,1180.730,
894082.674,,1361.534,1178.588,
894149.331,,1360.043,1174.819,
894215.988,,1360.773,1173.032,
894282.644,,1360.225,1168.629,
894349.307,,1357.871,1168.807,
894415.964,,1357.896,1171.041,
894482.620,,1363.153,1168.769,
894549.278,,1369.452,1166.043,
894615.935,,1362.667,1166.099,
894682.589,,1370.405,1165.239,
894749.247,,1370.805,1166.573,
894815.904,,1369.966,1162.303,
894882.564,,1372.429,1161.711,
894949.221,,1374.783,1158.593,
895015.880,,1374.304,1157.375,
895082.538,,1374.766,1155.800,
895149.191,,1374.525,1156.698,
895215.851,,1373.747,1154.728,
895282.511,,1373.244,1155.538,
895349.166,,1373.497,1157.774,
895415.819,,1370.339,1157.540,
895482.478,,1374.334,1158.879,
895549.136,,1370.164,1158.523,
895615.796,,1369.935,1163.879,
895682.451,,1370.338,1164.308,
895749.107,,1372.748,1167.676,
895815.769,,1373.780,1168.815,
895882.426,,1373.713,1169.910,
895949.084,,1374.858,1171.011,
896015.743,,1372.610,1170.739,
896082.402,,1373.923,1169.073,
896149.062,,1370.061,1169.934,
896215.719,,1363.752,1175.122,
896282.378,,1369.765,1174.769,
896349.035,,1368.183,1176.409,
896415.694,,1368.750,1173.891,
896482.354,,1368.334,1170.359,
896549.009,,1373.714,1170.399,
896615.672,,1378.877,1166.113,
896682.325,,1375.018,1164.357,
896748.988,,1374.030,1159.562,
896815.644,,1377.290,1160.421,
896882.301,,1367.705,1159.650,
896948.964,,1371.323,1158.528,
897015.616,,1374.285,1156.585,
897082.280,,1378.485,1155.732,
897148.937,,1375.127,1155.462,
897215.593,,1367.278,1152.791,
897282.255,,1376.958,1153.624,
897348.909,,1372.626,1150.394,
897415.573,,1367.187,1148.485,
897482.227,,1368.539,1146.529,
897548.888,,1368.405,1147.678,
897615.546,,1369.565,1147.416,
897682.204,,1370.349,1147.358,
897748.861,,1373.070,1149.038,
897815.520,,1367.243,1144.459,
897882.181,,1375.404,1144.386,
897948.840,,1372.893,1146.436,
898015.497,,1375.212,1146.058,
898082.156,,1372.768,1144.243,
898148.815,,1373.063,1143.156,
898215.473,,1369.878,1137.910,
898282.127,,1372.824,1141.615,
898348.790,,1370.753,1142.486,
898415.446,,1373.718,1143.101,
898482.104,,1379.783,1146.167,
898548.762,,1378.898,1148.461,
898615.422,,1378.619,1146.727,
898682.079,,1373.362,1151.443,
898748.743,,1376.088,1156.480,
898815.398,,1377.122,1155.505,
898882.060,,1376.043,1152.877,
898948.713,,1379.068,1149.890,
899015.373,,1384.776,1148.598,
899082.030,,1382.720,1149.836,
899148.690,,1378.334,1150.864,
899215.349,,1379.447,1152.013,
899282.010,,1380.271,1148.947,
899348.663,,1374.133,1148.130,
899415.323,,1372.721,1149.483,
899481.984,,1376.000,1150.688,
899548.645,,1375.337,1149.900,
899615.303,,1380.747,1153.416,
899681.955,,1380.404,1153.872,
899748.618,,1379.426,1153.830,
899815.272,,1378.282,1153.019,
899881.933,,1377.159,1151.401,
899948.595,,1374.554,1149.719,
900015.255,,1374.871,1147.871,
900081.910,,1373.811,1146.283,
900148.568,,1372.367,1148.575,
900215.228,,1371.249,1144.713,
900281.884,,1376.229,1145.278,
900348.544,,1378.937,1146.707,
900415.202,,1371.300,1146.613,
900481.859,,1367.922,1143.767,
900548.517,,1378.354,1141.468,
900615.180,,1370.793,1142.946,
900681.836,,1373.550,1143.560,
900748.495,,1373.820,1141.714,
900815.152,,1376.736,1144.126,
900881.809,,1379.706,1146.641,
900948.468,,1378.773,1148.656,
901015.128,,1381.175,1146.031,
901081.785,,1380.406,1144.455,
901148.448,,1381.112,1140.800,
901215.106,,1374.224,1137.127,
901281.764,,1371.671,1139.635,
901348.418,,1382.174,1140.533,
901415.077,,1385.810,1144.229,
901481.737,,1376.838,1144.373,
901548.395,,1375.188,1153.134,
901615.056,,1389.507,1171.009,
901681.715,,1382.412,1179.970,
901748.372,,1386.346,1180.890,
901815.032,,1385.511,1181.553,
901881.690,,1380.756,1182.908,
901948.349,,1409.733,1191.491,
902015.009,,1398.659,1176.916,
902081.666,,1375.972,1178.233,
902148.323,,1369.250,1176.111,
902214.982,,1373.081,1175.978,
902281.643,,1373.429,1171.627,
902348.301,,1366.915,1169.354,
902414.959,,1371.565,1168.001,
902481.614,,1372.226,1168.444,
902548.275,,1383.370,1166.766,
902614.933,,1373.122,1164.674,
902681.590,,1372.199,1163.051,
902748.252,,1369.994,1162.973,
902814.909,,1371.935,1158.751,
902881.566,,1364.059,1158.140,
902948.228,,1364.788,1155.608,
903014.884,,1366.339,1154.101,
903081.540,,1368.404,1155.143,
903148.203,,1367.927,1154.190,
903214.862,,1364.652,1150.407,
903281.515,,1362.399,1151.493,
903348.173,,1369.830,1154.058,
903414.832,,1371.844,1151.691,
903481.491,,1374.174,1150.795,
903548.148,,1373.259,1150.766,
903614.810,,1369.820,1149.359,
903681.467,,1371.759,1146.699,
903748.126,,1374.939,1146.011,
903814.785,,1375.419,1144.421,
903881.441,,1376.843,1145.110,
903948.103,,1377.384,1147.518,
904014.759,,1373.770,1151.425,
904081.420,,1371.266,1157.259,
904148.075,,1370.099,1161.648,
904214.737,,1368.655,1165.923,
904281.388,,1371.219,1167.076,
904348.051,,1373.250,1165.996,
904414.709,,1368.049,1162.662,
904481.362,,1373.831,1162.300,
904548.023,,1374.479,1164.070,
904614.681,,1375.537,1170.164,
904681.342,,1383.328,1177.958,
904747.996,,1383.304,1181.234,
904814.655,,1385.266,1175.313,
904881.314,,1378.988,1174.645,
904947.971,,1375.014,1169.634,
905014.632,,1366.283,1164.670,
905081.286,,1361.840,1162.876,
905147.945,,1357.842,1160.207,
905214.602,,1357.771,1157.398,
905281.265,,1353.267,1154.044,
905347.920,,1354.778,1155.788,
905414.579,,1355.540,1156.250,
905481.233,,1359.448,1156.363,
905547.894,,1358.860,1155.235,
905614.549,,1353.935,1155.139,
905681.214,,1358.068,1153.161,
905747.871,,1363.222,1156.905,
905814.525,,1367.936,1158.776,
905881.186,,1361.352,1153.768,
905947.840,,1360.498,1154.577,
906014.499,,1357.031,1152.543,
906081.161,,1361.412,1152.647,
906147.820,,1363.449,1154.147,
906214.475,,1365.705,1157.799,
906281.130,,1365.372,1154.911,
906347.788,,1363.245,1159.681,
906414.447,,1360.851,1160.820,
906481.104,,1369.623,1163.987,
906547.768,,1366.135,1164.244,
906614.424,,1366.876,1163.845,
906681.082,,1369.105,1164.252,
906747.739,,1370.176,1163.808,
906814.398,,1364.254,1163.321,
906881.058,,1366.257,1157.282,
906947.713,,1369.913,1157.202,
907014.372,,1368.147,1156.448,
907081.026,,1369.095,1153.194,
907147.684,,1370.061,1153.782,
907214.349,,1365.665,1154.533,
907281.005,,1365.977,1155.961,
907347.662,,1363.612,1158.584,
907414.318,,1362.143,1158.855,
907480.979,,1363.840,1159.322,
907547.637,,1366.970,1161.683,
907614.293,,1370.047,1165.443,
907680.955,,1378.443,1166.495,
907747.609,,1381.774,1166.158,
907814.268,,1378.036,1164.687,
907880.928,,1374.015,1165.162,
907947.582,,1373.444,1163.948,
908014.243,,1374.672,1166.904,
908080.899,,1370.515,1168.607,
908147.558,,1369.034,1169.113,
908214.213,,1370.014,1171.850,
908280.874,,1368.443,1171.245,
908347.529,,1371.529,1173.758,
908414.192,,1375.057,1172.398,
908480.847,,1378.888,1168.747,
908547.504,,1375.867,1171.281,
908614.165,,1373.053,1171.625,
908680.821,,1374.524,1173.012,
908747.480,,1376.392,1173.681,
908814.142,,1375.797,1173.761,
908880.794,,1377.978,1174.383,
908947.456,,1378.071,1173.929,
909014.111,,1374.057,1175.700,
909080.773,,1375.056,1174.319,
909147.427,,1376.528,1172.461,
909214.085,,1379.310,1172.597,
909280.744,,1374.297,1173.414,
909347.401,,1379.663,1171.228,
909414.058,,1371.690,1171.020,
909480.717,,1373.952,1170.496,
909547.377,,1373.982,1171.547,
909614.035,,1374.151,1162.880,
909680.693,,1372.950,1162.673,
909747.349,,1369.253,1163.587,
909814.010,,1365.143,1163.906,
909880.664,,1367.943,1162.507,
909947.326,,1368.990,1159.730,
910013.982,,1368.568,1157.574,
910080.641,,1369.648,1156.338,
910147.298,,1366.172,1154.604,
910213.954,,1365.485,1152.531,
910280.613,,1367.746,1150.656,
910347.275,,1366.769,1152.533,
910413.930,,1367.192,1150.569,
910480.590,,1370.648,1150.407,
910547.251,,1367.953,1149.559,
910613.905,,1365.448,1150.238,
910680.567,,1369.578,1148.075,
910747.221,,1371.162,1150.667,
910813.882,,1377.934,1150.838,
910880.537,,1370.106,1152.428,
910947.193,,1368.055,1157.527,
911013.855,,1365.220,1166.951,
911080.512,,1368.434,1172.477,
911147.168,,1368.858,1175.492,
911213.831,,1368.253,1182.158,
911280.483,,1369.935,1185.282,
911347.143,,1373.226,1187.606,
911413.801,,1377.175,1183.996,
911480.461,,1385.608,1179.524,
911547.120,,1372.554,1179.142,
911613.774,,1373.405,1172.013,
911680.435,,1375.500,1168.432,
911747.096,,1370.056,1162.644,
911813.749,,1363.924,1162.688,
911880.407,,1363.500,1162.417,
911947.067,,1368.639,1161.975,
912013.726,,1369.014,1162.004,
912080.380,,1368.874,1159.139,
912147.042,,1367.009,1156.586,
912213.699,,1367.247,1155.655,
912280.354,,1367.416,1154.703,
912347.009,,1370.632,1154.116,
912413.672,,1372.366,1153.671,
912480.329,,1371.978,1154.644,
912546.986,,1371.939,1155.387,
912613.645,,1375.586,1155.456,
912680.297,,1374.501,1164.343,
912746.959,,1371.650,1166.738,
912813.616,,1370.895,1166.477,
912880.274,,1369.435,1164.484,
912946.930,,1368.252,1164.199,
913013.592,,1369.298,1162.176,
913080.243,,1377.098,1158.173,
913146.908,,1379.495,1157.487,
913213.564,,1375.497,1162.882,
913280.222,,1376.950,1155.262,
913346.875,,1372.602,1154.753,
913413.532,,1371.014,1157.122,
913480.194,,1370.887,1159.902,
913546.853,,1371.143,1165.873,
913613.505,,1365.671,1169.481,
913680.164,,1370.831,1170.213,
913746.826,,1367.171,1171.744,
913813.484,,1372.823,1170.071,
913880.141,,1373.985,1170.565,
913946.795,,1385.266,1167.175,
914013.455,,1371.844,1162.674,
914080.110,,1374.769,1164.321,
914146.768,,1375.091,1164.506,
914213.431,,1375.010,1161.390,
914280.082,,1359.197,1160.939,
914346.743,,1365.629,1159.839,
914413.402,,1366.390,1159.251,
914480.055,,1364.000,1155.584,
914546.716,,1367.848,1157.900,
914613.371,,1364.540,1154.536,
914680.033,,1363.446,1159.602,
914746.691,,1365.250,1170.672,
914813.346,,1367.634,1193.894,
914880.006,,1370.239,1218.294,
914946.659,,1369.716,1233.292,
915013.319,,1371.277,1249.000,
915079.977,,1368.691,1253.200,
915146.637,,1365.904,1258.396,
915213.295,,1365.647,1253.306,
915279.948,,1365.445,1251.619,
915346.605,,1369.971,1251.157,
915413.263,,1371.022,1246.185,
915479.923,,1370.882,1230.812,
915546.579,,1378.787,1226.665,
915613.238,,1369.479,1221.937,
915679.896,,1366.297,1219.559,
915746.551,,1373.466,1219.228,
915813.210,,1369.780,1218.784,
915879.869,,1368.142,1213.170,
915946.528,,1361.729,1212.258,
916013.183,,1363.800,1217.011,
916079.840,,1369.433,1213.228,
916146.500,,1368.087,1212.981,
916213.159,,1370.796,1214.865,
916279.815,,1368.710,1214.324,
916346.474,,1367.105,1213.449,
916413.129,,1362.875,1206.367,
916479.791,,1367.428,1201.840,
916546.448,,1365.472,1195.466,
916613.106,,1369.123,1192.805,
916679.761,,1371.835,1189.678,
916746.422,,1382.422,1185.302,
916813.075,,1372.155,1182.337,
916879.734,,1367.351,1177.405,
916946.392,,1368.652,1177.108,
917013.050,,1371.239,1175.602,
917079.710,,1374.876,1175.315,
917146.365,,1373.498,1175.277,
917213.023,,1375.525,1179.948,
917279.681,,1368.801,1190.932,
917346.341,,1369.744,1195.844,
917412.999,,1369.212,1200.513,
917479.654,,1369.567,1210.005,
917546.309,,1378.323,1248.809,
917612.968,,1369.820,1269.113,
917679.627,,1382.221,1278.100,
917746.282,,1375.394,1278.581,
917812.944,,1379.009,1279.344,
917879.602,,1378.105,1276.204,
917946.258,,1379.477,1269.844,
918012.914,,1379.645,1266.052,
918079.575,,1379.838,1260.382,
918146.230,,1378.259,1258.490,
918212.891,,1378.066,1270.513,
918279.545,,1383.913,1299.449,
918346.203,,1382.942,1312.837,
918412.862,,1387.123,1316.536,
918479.522,,1382.771,1314.110,
918546.178,,1386.729,1310.143,
918612.838,,1384.123,1311.651,
918679.496,,1386.515,1314.900,
918746.153,,1384.029,1315.003,
918812.805,,1382.550,1307.537,
918879.462,,1381.157,1308.726,
918946.121,,1381.430,1323.219,
919012.782,,1389.205,1329.311,
919079.437,,1386.345,1333.530,
919146.093,,1385.354,1329.021,
919212.752,,1384.761,1334.362,
919279.411,,1381.289,1329.994,
919346.070,,1385.815,1346.095,
919412.727,,1378.842,1377.366,
919479.383,,1382.952,1386.527,
919546.043,,1380.855,1384.203,
919612.700,,1380.495,1384.963,
919679.358,,1380.056,1373.933,
919746.019,,1376.187,1364.771,
919812.673,,1379.683,1357.422,
919879.328,,1381.026,1348.257,
919945.990,,1378.374,1340.509,
920012.644,,1380.507,1331.308,
920079.301,,1378.931,1322.269,
920145.964,,1379.030,1314.226,
920212.617,,1379.157,1305.238,
920279.278,,1377.900,1299.682,
920345.938,,1380.412,1291.409,
920412.590,,1381.136,1285.206,
920479.251,,1382.107,1278.667,
920545.906,,1383.643,1274.706,
920612.563,,1384.130,1268.168,
920679.225,,1383.395,1263.059,
920745.881,,1380.590,1258.071,
920812.536,,1381.910,1252.882,
920879.193,,1379.833,1246.239,
920945.856,,1380.785,1244.238,
921012.511,,1375.748,1241.128,
921079.170,,1380.745,1235.814,
921145.825,,1382.229,1234.341,
921212.487,,1384.096,1229.095,
921279.140,,1381.794,1224.730,
921345.801,,1386.188,1222.926,
921412.453,,1384.212,1220.223,
921479.111,,1383.312,1216.599,
921545.773,,1368.319,1219.640,
921612.429,,1369.215,1222.912,
921679.088,,1377.602,1221.609,
921745.743,,1381.273,1218.434,
921812.405,,1379.126,1219.251,
921879.061,,1378.218,1223.053,
921945.715,,1381.813,1218.787,
922012.377,,1378.984,1213.389,
922079.030,,1376.387,1216.266,
922145.694,,1380.131,1219.388,
922212.347,,1379.342,1234.988,
922279.009,,1383.358,1249.134,
922345.665,,1384.727,1255.625,
922412.323,,1382.540,1260.924,
922478.976,,1382.577,1263.646,
922545.634,,1382.195,1266.032,
922612.296,,1380.469,1267.914,
922678.955,,1375.243,1268.231,
922745.609,,1374.179,1265.055,
922812.264,,1372.617,1257.162,
922878.926,,1369.810,1257.713,
922945.581,,1368.246,1272.246,
923012.241,,1363.888,1278.286,
923078.895,,1362.259,1287.699,
923145.554,,1366.470,1296.512,
923212.216,,1368.267,1293.300,
923278.870,,1364.435,1289.122,
923345.530,,1359.285,1283.650,
923412.185,,1361.277,1274.928,
923478.843,,1363.090,1274.751,
923545.505,,1360.815,1273.385,
923612.159,,1361.863,1287.397,
923678.815,,1360.946,1292.839,
923745.474,,1359.559,1296.831,
923812.129,,1359.493,1298.828,
923878.789,,1363.917,1319.668,
923945.450,,1355.056,1322.078,
924012.105,,1353.860,1319.647,
924078.762,,1355.851,1305.734,
924145.420,,1351.793,1300.787,
924212.079,,1349.010,1298.112,
924278.737,,1349.098,1289.286,
924345.396,,1342.439,1282.205,
924412.050,,1348.206,1279.009,
924478.711,,1344.111,1274.666,
924545.368,,1346.872,1269.922,
924612.025,,1355.311,1263.521,
924678.684,,1355.306,1259.981,
924745.338,,1349.972,1258.686,
924811.998,,1348.327,1254.886,
924878.656,,1352.836,1254.522,
924945.314,,1351.042,1249.423,
925011.972,,1355.103,1251.754,
925078.629,,1351.626,1254.809,
925145.286,,1353.557,1250.476,
925211.943,,1358.114,1243.496,
925278.598,,1359.417,1245.125,
925345.259,,1354.361,1239.874,
925411.912,,1357.038,1236.098,
925478.572,,1356.160,1236.171,
925545.232,,1347.915,1233.022,
925611.889,,1349.952,1231.625,
925678.546,,1348.460,1227.320,
925745.201,,1347.676,1228.835,
925811.864,,1353.882,1224.973,
925878.518,,1357.245,1221.220,
925945.173,,1352.277,1217.800,
926011.834,,1355.962,1214.810,
926078.492,,1353.545,1212.432,
926145.148,,1357.555,1213.648,
926211.805,,1360.185,1215.936,
926278.465,,1354.657,1209.864,
926345.124,,1359.996,1213.723,
926411.777,,1362.514,1209.904,
926478.441,,1360.699,1206.752,
926545.098,,1358.176,1201.488,
926611.752,,1355.629,1205.321,
926678.411,,1355.838,1206.610,
926745.069,,1356.394,1207.325,
926811.724,,1356.241,1200.968,
926878.383,,1360.726,1199.143,
926945.040,,1358.143,1197.463,
927011.700,,1360.199,1200.141,
927078.353,,1362.328,1196.306,
927145.016,,1363.916,1193.779,
927211.674,,1365.664,1194.983,
927278.332,,1360.667,1199.622,
927344.984,,1358.898,1203.018,
927411.645,,1362.727,1203.430,
927478.304,,1362.323,1205.965,
927544.961,,1362.658,1208.692,
927611.617,,1362.650,1207.552,
927678.272,,1357.896,1208.155,
927744.931,,1359.889,1220.363,
927811.587,,1360.459,1256.360,
927878.245,,1360.870,1270.753,
927944.903,,1362.217,1268.244,
928011.566,,1364.711,1263.590,
928078.223,,1362.022,1258.772,
928144.876,,1360.487,1252.978,
928211.538,,1363.022,1246.469,
928278.194,,1366.358,1244.089,
928344.850,,1363.340,1242.964,
928411.507,,1362.578,1232.476,
928478.170,,1361.343,1231.221,
928544.827,,1365.424,1225.584,
928611.483,,1365.638,1221.522,
928678.140,,1363.908,1226.753,
928744.800,,1359.828,1228.062,
928811.460,,1359.387,1230.630,
928878.114,,1366.913,1233.380,
928944.776,,1367.759,1230.468,
929011.434,,1363.719,1227.112,
929078.091,,1359.850,1223.616,
929144.749,,1368.030,1230.208,
929211.403,,1364.552,1233.866,
929278.060,,1361.931,1232.564,
929344.717,,1366.147,1223.675,
929411.379,,1367.858,1221.400,
929478.033,,1369.657,1220.879,
929544.696,,1370.335,1216.320,
929611.349,,1368.982,1211.794,
929678.007,,1366.690,1207.557,
929744.663,,1363.759,1215.165,
929811.326,,1362.428,1223.769,
929877.984,,1359.975,1228.940,
929944.639,,1361.045,1229.386,
930011.299,,1361.025,1225.612,
930077.957,,1362.085,1213.301,
930144.614,,1361.842,1205.895,
930211.269,,1358.780,1202.332,
930277.930,,1356.846,1200.522,
930344.586,,1361.767,1196.697,
930411.247,,1357.923,1195.200,
930477.905,,1351.817,1186.190,
930544.558,,1353.377,1181.711,
930611.216,,1353.951,1181.236,
930677.873,,1347.513,1181.144,
930744.537,,1347.317,1177.765,
930811.194,,1350.727,1176.799,
930877.848,,1352.014,1176.722,
930944.508,,1354.379,1177.215,
931011.166,,1356.147,1173.464,
931077.823,,1359.494,1174.950,
931144.478,,1361.666,1176.181,
931211.138,,1356.846,1174.584,
931277.800,,1360.974,1170.814,
931344.456,,1367.253,1168.785,
931411.114,,1353.967,1167.661,
931477.768,,1351.369,1166.105,
931544.430,,1357.971,1163.550,
931611.083,,1361.381,1164.171,
931677.741,,1349.523,1163.775,
931744.401,,1354.426,1160.099,
931811.058,,1356.977,1156.682,
931877.720,,1351.798,1156.669,
931944.371,,1350.173,1158.150,
932011.034,,1357.495,1158.828,
932077.689,,1362.354,1161.986,
932144.346,,1362.822,1167.297,
932211.005,,1365.870,1168.394,
932277.665,,1365.694,1170.514,
932344.319,,1368.681,1168.642,
932410.980,,1367.269,1163.115,
932477.638,,1366.833,1156.505,
932544.298,,1362.552,1153.283,
932610.951,,1367.925,1156.994,
932677.608,,1364.536,1150.367,
932744.265,,1365.316,1151.747,
932810.923,,1367.783,1151.129,
932877.587,,1369.256,1150.585,
932944.241,,1356.838,1148.435,
933010.899,,1355.535,1148.244,
933077.557,,1361.048,1147.494,
933144.215,,1364.971,1149.086,
933210.875,,1363.090,1147.420,
933277.527,,1360.690,1148.660,
933344.187,,1363.682,1142.599,
933410.848,,1356.813,1146.447,
933477.506,,1363.751,1149.016,
933544.163,,1364.535,1144.933,
933610.822,,1360.907,1145.462,
933677.480,,1357.900,1144.678,
933744.138,,1356.314,1141.502,
933810.796,,1362.109,1144.142,
933877.448,,1358.171,1145.969,
933944.107,,1357.825,1146.773,
934010.770,,1363.462,1146.911,
934077.422,,1358.144,1148.933,
934144.083,,1355.291,1151.142,
934210.738,,1356.284,1148.716,
934277.398,,1364.598,1151.438,
934344.054,,1361.455,1150.255,
934410.714,,1363.848,1149.302,
934477.370,,1361.970,1146.924,
934544.026,,1361.380,1148.207,
934610.685,,1359.401,1149.326,
934677.345,,1359.361,1156.047,
934744.004,,1362.322,1162.583,
934810.658,,1365.671,1163.499,
934877.318,,1354.865,1165.935,
934943.978,,1361.105,1164.963,
935010.636,,1361.874,1164.626,
935077.293,,1362.794,1164.809,
935143.953,,1366.252,1163.200,
935210.607,,1370.759,1162.079,
935277.268,,1363.562,1163.849,
935343.925,,1366.341,1160.006,
935410.581,,1364.737,1160.685,
935477.239,,1363.932,1159.911,
935543.894,,1369.163,1162.119,
935610.554,,1371.805,1170.668,
935677.209,,1369.101,1181.346,
935743.873,,1370.653,1185.726,
935810.529,,1376.713,1188.438,
935877.187,,1366.422,1187.312,
935943.843,,1367.404,1185.636,
936010.503,,1365.107,1183.899,
936077.163,,1365.872,1180.378,
936143.817,,1370.239,1177.571,
936210.475,,1367.836,1177.729,
936277.130,,1365.893,1175.391,
936343.793,,1369.799,1178.349,
936410.451,,1366.762,1177.107,
936477.110,,1365.090,1176.696,
936543.764,,1364.764,1176.682,
936610.423,,1366.328,1182.487,
936677.084,,1364.427,1187.081,
936743.738,,1363.622,1186.526,
936810.395,,1364.839,1183.315,
936877.059,,1363.507,1189.029,
936943.714,,1357.507,1190.281,
937010.375,,1359.707,1190.672,
937077.030,,1360.739,1191.233,
937143.685,,1359.822,1189.108,
937210.345,,1365.878,1189.246,
937277.009,,1364.368,1187.015,
937343.660,,1367.799,1188.370,
937410.317,,1367.346,1189.397,
937476.977,,1369.094,1186.963,
937543.638,,1367.391,1185.325,
937610.292,,1370.476,1184.733,
937676.952,,1370.398,1183.277,
937743.609,,1369.588,1190.225,
937810.265,,1369.582,1202.493,
937876.926,,1376.809,1205.059,
937943.583,,1371.234,1205.196,
938010.245,,1370.916,1202.036,
938076.901,,1373.537,1203.251,
938143.560,,1373.414,1202.610,
938210.216,,1374.643,1207.310,
938276.872,,1375.489,1213.946,
938343.531,,1372.023,1220.751,
938410.191,,1373.863,1220.747,
938476.849,,1373.507,1232.051,
938543.504,,1375.469,1229.984,
938610.165,,1379.304,1228.715,
938676.821,,1374.733,1220.183,
938743.480,,1378.614,1211.418,
938810.137,,1381.809,1215.806,
938876.794,,1378.098,1209.731,
938943.454,,1374.344,1204.431,
939010.115,,1370.311,1203.286,
939076.770,,1372.733,1198.531,
939143.427,,1384.784,1196.188,
939210.089,,1380.673,1194.235,
939276.744,,1375.458,1193.529,
939343.399,,1375.582,1186.930,
939410.060,,1376.880,1188.520,
939476.721,,1377.916,1189.639,
939543.377,,1380.776,1187.328,
939610.031,,1387.293,1182.463,
939676.692,,1390.372,1179.734,
939743.351,,1380.765,1180.591,
939810.010,,1382.569,1180.388,
939876.665,,1382.496,1179.187,
939943.323,,1386.566,1178.751,
940009.979,,1382.505,1178.541,
940076.643,,1378.970,1177.363,
940143.300,,1383.696,1173.963,
940209.957,,1378.218,1172.665,
940276.611,,1376.530,1173.341,
940343.275,,1376.079,1170.611,
940409.928,,1377.920,1175.048,
940476.585,,1373.156,1190.106,
940543.248,,1376.642,1192.642,
940609.904,,1381.593,1192.297,
940676.562,,1382.946,1196.666,
940743.224,,1376.493,1199.233,
940809.877,,1376.343,1193.596,
940876.535,,1380.272,1190.869,
940943.195,,1378.202,1189.536,
941009.855,,1376.644,1185.122,
941076.513,,1377.027,1184.582,
941143.167,,1377.819,1181.866,
941209.829,,1376.635,1177.995,
941276.488,,1379.260,1176.292,
941343.142,,1373.640,1174.892,
941409.800,,1372.309,1170.968,
941476.461,,1375.451,1170.333,
941543.119,,1374.355,1169.340,
941609.772,,1378.643,1166.920,
941676.435,,1381.579,1173.643,
941743.091,,1388.834,1177.658,
941809.748,,1379.529,1180.225,
941876.410,,1381.021,1184.408,
941943.067,,1386.929,1184.723,
942009.726,,1391.461,1190.919,
942076.384,,1376.022,1192.411,
942143.038,,1376.777,1189.517,
942209.697,,1372.724,1187.670,
942276.356,,1375.387,1184.471,
942343.010,,1373.804,1179.534,
942409.672,,1382.208,1174.995,
942476.332,,1376.460,1173.230,
942542.985,,1373.024,1172.904,
942609.648,,1374.942,1172.017,
942676.303,,1377.441,1173.267,
942742.961,,1373.186,1173.976,
942809.621,,1380.458,1171.661,
942876.277,,1380.281,1169.859,
942942.933,,1378.022,1167.316,
943009.592,,1374.479,1163.585,
943076.248,,1373.624,1162.368,
943142.911,,1368.634,1163.817,
943209.564,,1369.211,1161.605,
943276.227,,1369.798,1162.670,
943342.886,,1375.687,1162.352,
943409.543,,1383.966,1162.103,
943476.201,,1378.091,1171.135,
943542.858,,1376.805,1176.202,
943609.515,,1382.602,1170.398,
943676.171,,1382.991,1174.609,
943742.832,,1380.396,1173.926,
943809.490,,1385.799,1173.326,
943876.146,,1391.550,1174.997,
943942.804,,1391.790,1171.795,
944009.467,,1387.933,1166.472,
944076.119,,1395.022,1168.106,
944142.780,,1382.361,1171.931,
944209.440,,1381.870,1171.400,
944276.093,,1384.307,1170.537,
944342.753,,1382.866,1170.738,
944409.410,,1373.226,1171.740,
944476.071,,1373.009,1176.273,
944542.730,,1377.830,1177.140,
944609.387,,1378.519,1176.871,
944676.044,,1377.995,1175.214,
944742.703,,1379.893,1173.712,
944809.357,,1375.797,1171.011,
944876.015,,1375.398,1169.865,
944942.678,,1375.800,1168.621,
945009.335,,1382.701,1163.627,
945075.989,,1374.835,1161.325,
945142.650,,1375.471,1155.342,
945209.305,,1379.715,1156.750,
945275.968,,1380.884,1157.998,
945342.625,,1376.141,1154.204,
945409.282,,1379.432,1156.754,
945475.942,,1383.401,1150.796,
945542.598,,1378.114,1146.246,
945609.254,,1373.409,1145.782,
945675.917,,1367.913,1147.255,
945742.571,,1368.516,1146.082,
945809.233,,1375.156,1143.564,
945875.889,,1367.046,1144.866,
945942.545,,1374.161,1151.385,
946009.205,,1378.680,1152.958,
946075.865,,1384.454,1149.082,
946142.522,,1388.931,1149.641,
946209.181,,1378.535,1148.685,
946275.838,,1376.997,1146.682,
946342.492,,1386.874,1146.356,
946409.154,,1387.437,1147.509,
946475.812,,1374.593,1149.061,
946542.468,,1376.751,1149.158,
946609.123,,1380.577,1149.329,
946675.785,,1373.700,1154.929,
946742.440,,1370.602,1156.289,
946809.101,,1379.594,1158.251,
946875.755,,1382.786,1157.532,
946942.418,,1372.425,1158.568,
947009.073,,1367.949,1153.881,
947075.730,,1371.855,1150.173,
947142.389,,1371.395,1152.950,
947209.045,,1369.223,1148.945,
947275.704,,1374.678,1148.015,
947342.366,,1379.717,1147.895,
947409.019,,1368.392,1151.688,
947475.681,,1368.619,1149.463,
947542.342,,1372.450,1154.516,
947608.994,,1371.122,1170.097,
947675.652,,1375.961,1179.610,
947742.315,,1384.710,1182.181,
947808.968,,1385.794,1180.825,
947875.631,,1378.068,1180.078,
947942.287,,1379.297,1177.506,
948008.943,,1375.846,1173.842,
948075.602,,1367.818,1172.524,
948142.261,,1367.013,1170.407,
948208.922,,1372.733,1170.194,
948275.577,,1371.736,1166.911,
948342.234,,1371.265,1166.800,
948408.894,,1373.895,1165.698,
948475.549,,1373.766,1166.429,
948542.208,,1376.807,1168.408,
948608.870,,1374.248,1193.399,
948675.527,,1373.932,1202.080,
948742.185,,1377.016,1205.848,
948808.843,,1376.766,1207.020,
948875.500,,1378.461,1204.466,
948942.159,,1379.531,1204.381,
949008.813,,1377.950,1201.354,
949075.474,,1378.789,1198.731,
949142.134,,1386.461,1196.706,
949208.786,,1373.341,1198.298,
949275.449,,1379.950,1192.046,
949342.107,,1383.151,1187.039,
949408.765,,1384.250,1183.026,
949475.421,,1374.347,1178.281,
949542.078,,1375.694,1175.447,
949608.735,,1373.060,1174.003,
949675.397,,1374.852,1171.328,
949742.054,,1371.686,1170.150,
949808.710,,1371.340,1167.583,
949875.368,,1374.483,1166.898,
949942.025,,1377.844,1167.968,
950008.687,,1379.582,1167.504,
950075.346,,1378.258,1166.014,
950142.001,,1378.083,1162.990,
950208.657,,1374.019,1166.993,
950275.321,,1374.661,1167.534,
950341.973,,1376.269,1170.559,
950408.635,,1377.130,1172.387,
950475.291,,1375.931,1173.484,
950541.951,,1377.279,1171.224,
950608.611,,1377.010,1171.534,
950675.266,,1375.146,1172.270,
950741.925,,1375.605,1174.378,
950808.583,,1379.726,1176.264,
950875.238,,1379.465,1177.224,
950941.901,,1381.830,1178.325,
951008.553,,1383.190,1171.886,
951075.217,,1383.161,1168.698,
951141.872,,1370.439,1165.046,
951208.531,,1363.462,1162.179,
951275.190,,1368.365,1159.778,
951341.848,,1367.454,1159.314,
951408.504,,1372.158,1159.707,
951475.160,,1370.256,1157.874,
951541.821,,1368.762,1155.880,
951608.476,,1369.810,1156.175,
951675.137,,1366.266,1152.297,
951741.798,,1375.402,1150.177,
951808.455,,1369.050,1148.268,
951875.108,,1364.532,1147.830,
951941.769,,1364.456,1147.510,
952008.429,,1363.557,1147.573,
952075.087,,1365.439,1149.621,
952141.747,,1371.171,1149.076,
952208.399,,1371.453,1147.146,
952275.058,,1373.786,1145.926,
952341.719,,1373.506,1147.285,
952408.379,,1372.877,1145.352,
952475.035,,1375.593,1146.645,
952541.690,,1375.979,1147.193,
952608.348,,1375.733,1144.991,
952675.010,,1371.515,1146.379,
952741.671,,1376.780,1148.202,
952808.325,,1381.737,1149.911,
952874.984,,1376.597,1148.642,
952941.643,,1372.441,1148.618,
953008.303,,1370.588,1150.506,
953074.957,,1370.558,1150.229,
953141.619,,1369.601,1148.715,
953208.275,,1369.694,1150.871,
953274.930,,1370.678,1153.118,
953341.594,,1370.777,1156.021,
953408.251,,1368.148,1157.481,
953474.905,,1367.883,1156.119,
953541.563,,1372.567,1162.145,
953608.227,,1378.471,1168.926,
953674.884,,1374.732,1178.704,
953741.538,,1375.471,1177.892,
953808.197,,1373.023,1176.863,
953874.856,,1372.976,1173.537,
953941.517,,1374.259,1176.155,
954008.173,,1377.880,1175.323,
954074.832,,1378.064,1169.229,
954141.486,,1383.523,1167.585,
954208.147,,1380.059,1165.281,
954274.807,,1377.863,1161.245,
954341.461,,1381.041,1155.107,
954408.125,,1378.994,1153.366,
954474.778,,1370.900,1150.310,
954541.442,,1368.135,1152.218,
954608.100,,1363.107,1146.922,
954674.756,,1363.052,1147.673,
954741.410,,1363.373,1147.802,
954808.071,,1356.677,1146.683,
954874.730,,1367.689,1150.983,
954941.387,,1370.581,1150.362,
955008.044,,1370.657,1147.777,
955074.704,,1360.576,1146.899,
955141.365,,1367.584,1146.983,
955208.023,,1367.835,1147.732,
955274.678,,1376.421,1147.602,
955341.337,,1380.953,1147.842,
955407.993,,1380.194,1149.489,
955474.651,,1373.961,1147.589,
955541.313,,1373.160,1148.007,
955607.971,,1366.418,1144.696,
955674.629,,1368.685,1145.209,
955741.286,,1374.873,1146.195,
955807.941,,1372.716,1146.564,
955874.606,,1372.012,1144.179,
955941.263,,1367.321,1142.702,
956007.921,,1369.163,1144.804,
956074.576,,1368.167,1143.290,
956141.234,,1368.072,1143.767,
956207.892,,1370.719,1143.582,
956274.554,,1371.209,1144.489,
956341.209,,1368.468,1144.707,
956407.870,,1367.330,1146.154,
956474.525,,1367.175,1146.966,
956541.182,,1369.573,1149.679,
956607.841,,1365.011,1153.524,
956674.502,,1370.719,1155.462,
956741.159,,1370.810,1157.002,
956807.818,,1369.954,1156.445,
956874.478,,1368.322,1156.384,
956941.135,,1368.678,1154.738,
957007.794,,1368.020,1152.655,
957074.448,,1367.933,1150.130,
957141.110,,1368.564,1150.653,
957207.770,,1371.250,1150.124,
957274.428,,1371.883,1148.294,
957341.084,,1367.179,1147.562,
957407.738,,1364.962,1147.206,
957474.396,,1362.835,1144.592,
957541.056,,1362.856,1145.179,
957607.716,,1365.465,1150.375,
957674.371,,1364.346,1154.691,
957741.031,,1366.516,1154.516,
957807.693,,1361.163,1153.716,
957874.346,,1362.281,1160.039,
957941.006,,1368.725,1165.651,
958007.667,,1370.281,1167.497,
958074.323,,1372.552,1167.929,
958140.979,,1371.533,1164.016,
958207.638,,1373.085,1161.134,
958274.300,,1368.413,1161.984,
958340.954,,1368.930,1155.051,
958407.617,,1368.778,1151.619,
958474.276,,1369.929,1151.707,
958540.934,,1371.417,1150.993,
958607.592,,1383.218,1150.054,
958674.250,,1387.007,1151.370,
958740.902,,1385.857,1150.928,
958807.566,,1385.872,1149.230,
958874.220,,1378.235,1146.309,
958940.883,,1378.403,1143.873,
959007.535,,1372.375,1142.207,
959074.197,,1370.297,1139.007,
959140.852,,1371.232,1139.145,
959207.513,,1371.154,1140.625,
959274.172,,1371.090,1139.308,
959340.827,,1371.385,1139.851,
959407.485,,1365.696,1137.831,
959474.146,,1359.321,1136.043,
959540.806,,1360.380,1137.280,
959607.461,,1363.904,1137.377,
959674.122,,1362.333,1138.111,
959740.780,,1368.643,1140.079,
959807.435,,1373.659,1140.677,
959874.096,,1371.867,1138.432,
959940.752,,1374.133,1141.444,
960007.412,,1375.489,1144.611,
960074.071,,1378.772,1144.392,
960140.731,,1374.399,1143.500,
960207.389,,1376.734,1143.483,
960274.046,,1376.071,1142.281,
960340.706,,1371.807,1142.224,
960407.364,,1374.593,1141.541,
960474.023,,1373.252,1141.338,
960540.681,,1375.549,1143.841,
960607.339,,1377.132,1144.174,
960673.995,,1372.633,1144.912,
960740.656,,1371.104,1145.760,
960807.316,,1367.891,1148.169,
960873.974,,1369.099,1148.088,
960940.634,,1371.608,1152.579,
961007.288,,1357.752,1149.523,
961073.947,,1356.620,1150.804,
961140.608,,1366.042,1151.960,
961207.268,,1365.741,1153.579,
961273.927,,1367.466,1153.815,
961340.581,,1374.738,1153.126,
961407.238,,1377.446,1152.397,
961473.897,,1375.941,1152.024,
961540.557,,1379.472,1151.078,
961607.215,,1380.351,1149.953,
961673.879,,1378.565,1149.270,
961740.537,,1378.761,1148.753,
961807.189,,1377.814,1152.984,
961873.851,,1372.408,1150.952,
961940.507,,1363.522,1157.157,
962007.171,,1364.280,1154.227,
962073.830,,1361.484,1151.474,
962140.487,,1364.563,1155.118,
962207.146,,1372.241,1155.897,
962273.804,,1369.854,1154.923,
962340.465,,1363.811,1152.440,
962407.117,,1360.149,1155.109,
962473.779,,1361.831,1152.063,
962540.439,,1364.654,1154.648,
962607.094,,1371.114,1155.798,
962673.752,,1370.264,1148.474,
962740.413,,1366.799,1151.736,
962807.073,,1374.903,1149.571,
962873.728,,1370.716,1146.856,
962940.387,,1382.462,1149.810,
963007.049,,1384.160,1147.882,
963073.703,,1375.879,1145.937,
963140.361,,1366.495,1141.483,
963207.020,,1365.965,1139.445,
963273.680,,1368.822,1141.612,
963340.343,,1367.482,1139.950,
963407.000,,1374.798,1141.227,
963473.658,,1375.822,1141.844,
963540.316,,1367.551,1138.657,
963606.977,,1369.050,1142.416,
963673.632,,1367.779,1143.518,
963740.289,,1376.410,1151.000,
963806.952,,1376.070,1147.059,
963873.608,,1366.426,1145.121,
963940.269,,1366.459,1142.021,
964006.926,,1351.882,1141.166,
964073.583,,1366.076,1148.525,
964140.242,,1374.997,1155.635,
964206.902,,1372.911,1162.717,
964273.556,,1372.940,1161.091,
964340.215,,1369.239,1162.663,
964406.879,,1371.724,1160.877,
964473.532,,1370.135,1161.249,
964540.194,,1368.410,1160.703,
964606.851,,1373.393,1160.077,
964673.512,,1374.552,1158.430,
964740.170,,1369.216,1155.330,
964806.827,,1368.751,1154.215,
964873.490,,1365.350,1151.992,
964940.148,,1374.342,1156.623,
965006.806,,1372.819,1155.739,
965073.464,,1379.458,1157.484,
965140.118,,1375.527,1159.710,
965206.780,,1374.543,1159.821,
965273.438,,1375.402,1159.127,
965340.094,,1375.629,1159.033,
965406.756,,1373.678,1155.853,
965473.414,,1371.291,1153.285,
965540.073,,1373.261,1152.343,
965606.733,,1376.451,1149.481,
965673.390,,1368.690,1137.584,
965740.045,,1361.637,1135.677,
965806.705,,1361.369,1137.079,
965873.362,,1356.486,1136.714,
965940.024,,1362.566,1139.276,
966006.684,,1371.260,1143.665,
966073.340,,1378.053,1148.443,
966139.999,,1373.191,1147.782,
966206.657,,1383.727,1156.841,
966273.317,,1383.112,1156.293,
966339.977,,1380.981,1149.033,
966406.633,,1373.105,1153.656,
966473.294,,1372.576,1152.673,
966539.953,,1367.882,1151.760,
966606.608,,1369.096,1149.160,
966673.265,,1365.762,1148.146,
966739.926,,1365.424,1149.380,
966806.581,,1362.555,1149.848,
966873.243,,1362.258,1150.423,
966939.898,,1365.153,1154.881,
967006.558,,1368.116,1152.463,
967073.216,,1365.678,1151.956,
967139.880,,1361.508,1159.983,
967206.538,,1363.664,1171.981,
967273.193,,1367.709,1172.844,
967339.853,,1365.131,1178.456,
967406.508,,1365.308,1199.733,
967473.170,,1360.824,1210.728,
967539.829,,1362.297,1213.853,
967606.489,,1365.803,1214.379,
967673.146,,1366.745,1250.556,
967739.805,,1369.171,1273.885,
967806.460,,1366.751,1272.049,
967873.120,,1359.846,1263.282,
967939.779,,1363.626,1271.023,
968006.432,,1363.502,1267.038,
968073.089,,1359.762,1260.291,
968139.752,,1353.436,1257.033,
968206.409,,1354.409,1260.929,
968273.065,,1364.154,1262.208,
968339.720,,1363.804,1258.593,
968406.375,,1358.771,1247.937,
968473.032,,1355.523,1235.427,
968539.691,,1355.197,1226.030,
968606.351,,1357.344,1225.354,
968673.009,,1357.235,1212.244,
968739.661,,1356.468,1204.066,
968806.320,,1352.251,1199.247,
968872.975,,1357.224,1196.626,
968939.634,,1366.792,1194.595,
969006.290,,1366.274,1188.864,
969072.951,,1361.131,1186.763,
969139.607,,1360.612,1183.407,
969206.265,,1352.292,1176.341,
969272.924,,1347.659,1177.462,
969339.576,,1347.384,1176.213,
969406.239,,1345.828,1174.262,
969472.897,,1351.436,1175.766,
969539.549,,1351.516,1176.391,
969606.211,,1353.298,1173.267,
969672.864,,1358.570,1171.944,
969739.522,,1355.882,1175.021,
969806.180,,1350.546,1171.030,
969872.838,,1353.620,1170.211,
969939.495,,1348.780,1172.650,
970006.149,,1348.062,1173.356,
970072.805,,1353.619,1171.338,
970139.463,,1356.668,1177.209,
970206.125,,1356.215,1179.075,
970272.780,,1357.088,1177.182,
970339.434,,1357.180,1174.933,
970406.095,,1358.956,1171.554,
970472.754,,1359.888,1167.551,
970539.412,,1352.017,1166.900,
970606.064,,1353.289,1170.766,
970672.724,,1360.834,1166.573,
970739.379,,1358.518,1161.186,
970806.041,,1356.926,1161.191,
970872.697,,1356.800,1159.373,
970939.349,,1358.724,1159.971,
971006.012,,1362.838,1156.939,
971072.668,,1363.460,1155.925,
971139.325,,1362.693,1160.264,
971205.978,,1363.428,1163.033,
971272.640,,1358.864,1159.586,
971339.294,,1358.255,1158.564,
971405.953,,1359.850,1158.355,
971472.611,,1363.380,1157.776,
971539.270,,1361.247,1155.366,
971605.921,,1364.271,1154.245,
971672.584,,1360.043,1153.644,
971739.236,,1364.515,1150.558,
971805.893,,1358.949,1149.246,
971872.553,,1360.507,1147.510,
971939.213,,1362.512,1145.201,
972005.869,,1356.948,1143.569,
972072.523,,1355.226,1143.272,
972139.180,,1347.506,1142.546,
972205.842,,1355.012,1144.742,
972272.494,,1360.958,1145.068,
972339.151,,1361.005,1145.904,
972405.811,,1364.158,1144.798,
972472.471,,1362.455,1141.807,
972539.122,,1361.544,1144.190,
972605.781,,1366.863,1145.477,
972672.439,,1367.597,1142.760,
972739.099,,1372.516,1143.844,
972805.756,,1370.407,1144.599,
972872.408,,1370.869,1143.663,
972939.070,,1371.279,1145.433,
973005.723,,1371.220,1146.498,
973072.381,,1374.635,1145.146,
973139.042,,1367.509,1141.660,
973205.694,,1366.898,1141.065,
973272.355,,1368.705,1142.391,
973339.009,,1367.344,1139.405,
973405.670,,1365.632,1139.005,
973472.330,,1363.227,1135.651,
973538.984,,1361.286,1131.929,
973605.638,,1348.842,1130.201,
973672.300,,1359.100,1132.197,
973738.956,,1360.842,1134.972,
973805.615,,1361.094,1136.572,
973872.271,,1366.505,1134.188,
973938.926,,1356.831,1134.683,
974005.588,,1362.324,1135.094,
974072.240,,1361.932,1136.638,
974138.898,,1362.741,1137.639,
974205.554,,1364.500,1136.794,
974272.211,,1364.529,1137.301,
974338.874,,1365.855,1136.671,
974405.527,,1370.554,1137.010,
974472.185,,1371.204,1141.100,
974538.839,,1369.383,1141.471,
974605.499,,1367.785,1144.387,
974672.160,,1371.129,1145.915,
974738.814,,1374.452,1142.793,
974805.468,,1369.506,1137.367,
974872.126,,1361.896,1133.049,
974938.782,,1356.377,1132.222,
975005.446,,1354.539,1130.863,
975072.103,,1351.525,1130.643,
975138.756,,1349.887,1132.116,
975205.411,,1350.527,1130.986,
975272.073,,1355.154,1133.580,
975338.728,,1353.761,1142.319,
975405.385,,1360.781,1146.699,
975472.040,,1357.428,1146.641,
975538.703,,1357.327,1144.335,
975605.359,,1360.598,1146.054,
975672.011,,1360.396,1146.334,
975738.675,,1363.240,1148.778,
975805.326,,1360.504,1146.918,
975871.985,,1356.084,1147.125,
975938.642,,1364.162,1148.730,
976005.302,,1356.076,1146.569,
976071.960,,1356.839,1145.536,
976138.619,,1358.725,1146.495,
976205.272,,1360.170,1154.815,
976271.930,,1357.765,1159.803,
976338.592,,1361.507,1163.879,
976405.249,,1360.488,1167.586,
976471.901,,1363.451,1166.929,
976538.558,,1373.089,1173.539,
976605.216,,1376.901,1170.570,
976671.879,,1368.490,1169.625,
976738.532,,1382.246,1175.707,
976805.188,,1376.592,1174.100,
976871.848,,1370.251,1170.310,
976938.507,,1367.408,1170.190,
977005.166,,1368.838,1167.620,
977071.824,,1370.326,1166.383,
977138.478,,1359.380,1161.008,
977205.136,,1349.664,1162.521,
977271.791,,1358.941,1163.336,
977338.454,,1358.167,1161.603,
977405.105,,1361.586,1160.487,
977471.768,,1355.061,1157.704,
977538.421,,1357.700,1157.254,
977605.083,,1359.354,1162.427,
977671.741,,1363.420,1159.100,
977738.396,,1368.279,1156.659,
977805.054,,1362.900,1156.254,
977871.710,,1353.205,1154.126,
977938.368,,1350.969,1150.575,
978005.029,,1355.506,1148.061,
978071.682,,1357.039,1149.103,
978138.338,,1357.594,1147.992,
978204.997,,1355.436,1146.372,
978271.658,,1356.327,1144.776,
978338.315,,1355.396,1142.628,
978404.973,,1359.055,1141.407,
978471.628,,1351.650,1140.758,
978538.284,,1347.987,1138.456,
978604.940,,1354.227,1142.859,
978671.598,,1356.946,1141.178,
978738.260,,1360.882,1138.153,
978804.917,,1363.967,1140.285,
978871.573,,1364.128,1142.013,
978938.232,,1360.327,1142.328,
979004.889,,1361.857,1140.914,
979071.546,,1356.296,1141.287,
979138.205,,1358.420,1142.855,
979204.860,,1363.517,1150.870,
979271.517,,1363.322,1158.418,
979338.175,,1367.145,1164.038,
979404.836,,1361.149,1164.146,
979471.490,,1358.391,1183.957,
979538.146,,1359.015,1192.557,
979604.804,,1360.228,1195.145,
979671.463,,1356.080,1192.383,
979738.117,,1357.554,1194.939,
979804.779,,1355.836,1193.629,
979871.435,,1362.333,1191.527,
979938.096,,1365.375,1191.866,
980004.750,,1365.850,1190.823,
980071.405,,1369.660,1189.566,
980138.062,,1364.352,1189.512,
980204.722,,1362.012,1189.345,
980271.377,,1360.298,1189.250,
980338.039,,1362.383,1187.970,
980404.693,,1360.807,1190.918,
980471.354,,1362.068,1194.153,
980538.008,,1362.381,1195.262,
980604.668,,1363.097,1192.895,
980671.322,,1359.452,1195.416,
980737.981,,1361.367,1194.639,
980804.643,,1365.161,1193.510,
980871.296,,1363.456,1191.023,
980937.952,,1366.236,1195.009,
981004.615,,1358.509,1197.452,
981071.273,,1357.263,1198.884,
981137.926,,1353.216,1191.468,
981204.582,,1362.025,1189.649,
981271.239,,1363.781,1182.179,
981337.897,,1357.243,1179.940,
981404.556,,1359.616,1177.148,
981471.217,,1357.144,1176.149,
981537.872,,1359.312,1174.920,
981604.529,,1364.104,1172.205,
981671.190,,1370.074,1172.929,
981737.843,,1373.426,1171.359,
981804.499,,1375.178,1166.807,
981871.162,,1374.159,1169.360,
981937.817,,1373.466,1165.080,
982004.476,,1373.980,1163.759,
982071.130,,1369.602,1160.228,
982137.791,,1371.391,1161.465,
982204.447,,1370.626,1158.377,
982271.102,,1377.597,1158.478,
982337.760,,1371.352,1159.388,
982404.417,,1369.326,1162.741,
982471.078,,1371.075,1162.427,
982537.737,,1371.909,1164.111,
982604.389,,1370.049,1164.303,
982671.052,,1369.223,1163.273,
982737.704,,1375.018,1162.586,
982804.365,,1376.131,1162.211,
982871.024,,1369.970,1163.687,
982937.680,,1371.502,1159.209,
983004.336,,1369.578,1157.025,
983070.997,,1370.085,1157.053,
983137.649,,1364.223,1159.148,
983204.309,,1368.632,1157.275,
983270.969,,1374.356,1159.073,
983337.626,,1368.409,1155.993,
983404.281,,1367.331,1155.860,
983470.938,,1366.431,1157.457,
983537.596,,1368.676,1158.354,
983604.255,,1367.697,1157.016,
983670.911,,1370.380,1153.689,
983737.566,,1372.837,1152.847,
983804.223,,1367.833,1154.119,
983870.886,,1369.366,1153.323,
983937.546,,1368.120,1152.359,
984004.202,,1365.840,1150.065,
984070.862,,1374.585,1151.573,
984137.523,,1375.279,1152.895,
984204.179,,1375.957,1157.901,
984270.842,,1374.908,1156.278,
984337.504,,1373.158,1159.126,
984404.160,,1374.606,1153.979,
984470.818,,1371.889,1155.804,
984537.482,,1372.471,1151.672,
984604.139,,1370.240,1150.658,
984670.795,,1372.058,1150.276,
984737.455,,1371.503,1147.781,
984804.117,,1370.312,1148.290,
984870.777,,1368.646,1145.292,
984937.437,,1368.570,1146.846,
985004.097,,1369.903,1149.469,
985070.753,,1370.989,1152.697,
985137.411,,1375.615,1155.150,
985204.074,,1378.477,1158.522,
985270.735,,1374.792,1160.632,
985337.394,,1372.211,1167.378,
985404.048,,1376.732,1168.675,
985470.713,,1382.303,1166.212,
985537.369,,1382.634,1167.827,
985604.026,,1379.000,1163.852,
985670.690,,1377.317,1160.745,
985737.349,,1377.357,1159.777,
985804.008,,1378.369,1160.221,
985870.669,,1381.398,1159.017,
985937.322,,1379.933,1150.769,
986003.981,,1369.215,1146.895,
986070.646,,1367.914,1144.007,
986137.302,,1370.246,1141.899,
986203.962,,1366.617,1142.141,
986270.623,,1364.322,1137.313,
986337.280,,1362.497,1138.728,
986403.941,,1359.409,1135.024,
986470.597,,1360.616,1135.635,
986537.259,,1367.645,1136.549,
986603.917,,1364.687,1135.135,
986670.580,,1363.307,1133.916,
986737.235,,1355.235,1132.623,
986803.900,,1354.324,1129.166,
986870.553,,1361.129,1132.329,
986937.215,,1362.007,1132.286,
987003.877,,1360.326,1132.715,
987070.536,,1360.449,1131.754,
987137.196,,1360.244,1133.483,
987203.855,,1362.717,1134.421,
987270.513,,1366.952,1133.638,
987337.174,,1371.392,1137.920,
987403.834,,1377.436,1136.157,
987470.491,,1373.657,1137.004,
987537.146,,1370.501,1140.989,
987603.810,,1365.044,1137.256,
987670.465,,1369.511,1137.768,
987737.127,,1371.915,1142.214,
987803.790,,1371.713,1139.331,
987870.447,,1379.314,1144.496,
987937.107,,1370.150,1143.447,
988003.766,,1373.387,1141.290,
988070.423,,1368.959,1144.035,
988137.087,,1369.096,1142.410,
988203.740,,1364.487,1141.727,
988270.401,,1366.204,1140.075,
988337.062,,1369.145,1142.729,
988403.725,,1366.392,1137.674,
988470.381,,1368.949,1138.308,
988537.042,,1367.282,1138.811,
988603.696,,1367.785,1137.174,
988670.359,,1367.128,1138.179,
988737.017,,1366.298,1137.018,
988803.680,,1375.371,1141.565,
988870.335,,1371.463,1159.082,
988936.995,,1367.555,1170.193,
989003.658,,1372.216,1174.868,
989070.312,,1370.864,1177.973,
989136.973,,1367.802,1178.107,
989203.636,,1370.208,1180.233,
989270.294,,1370.154,1181.470,
989336.952,,1367.191,1178.497,
989403.609,,1367.650,1175.650,
989470.268,,1363.242,1173.627,
989536.927,,1363.056,1181.345,
989603.593,,1360.927,1189.262,
989670.247,,1364.151,1188.386,
989736.906,,1367.468,1188.428,
989803.566,,1365.172,1189.028,
989870.225,,1368.957,1186.952,
989936.885,,1367.795,1186.863,
990003.546,,1370.043,1185.209,
990070.202,,1371.376,1182.559,
990136.865,,1370.200,1178.918,
990203.521,,1368.341,1177.601,
990270.180,,1370.487,1174.412,
990336.845,,1369.577,1176.210,
990403.499,,1372.773,1174.032,
990470.162,,1373.917,1170.701,
990536.819,,1375.174,1172.017,
990603.481,,1373.068,1170.917,
990670.141,,1375.605,1169.915,
990736.802,,1375.274,1167.167,
990803.458,,1376.262,1165.229,
990870.115,,1380.254,1167.059,
990936.776,,1372.288,1169.492,
991003.435,,1380.121,1165.773,
991070.097,,1381.801,1161.021,
991136.757,,1375.321,1160.733,
991203.411,,1371.111,1153.501,
991270.071,,1375.545,1152.353,
991336.734,,1369.856,1154.782,
991403.391,,1369.407,1151.435,
991470.051,,1374.426,1149.241,
991536.711,,1371.921,1153.240,
991603.371,,1370.624,1151.226,
991670.028,,1374.928,1150.037,
991736.690,,1379.056,1152.981,
991803.350,,1377.670,1151.136,
991870.007,,1379.576,1146.973,
991936.663,,1372.819,1148.738,
992003.321,,1378.401,1152.656,
992069.975,,1381.035,1168.533,
992136.629,,1379.799,1236.672,
992203.290,,1372.665,1267.340,
992269.945,,1363.904,1265.869,
992336.600,,1379.104,1269.100,
992403.260,,1372.244,1271.188,
992469.919,,1369.322,1269.152,
992536.572,,1377.259,1270.746,
992603.231,,1370.310,1268.936,
992669.886,,1381.874,1264.257,
992736.541,,1385.822,1256.513,
992803.196,,1378.352,1254.548,
992869.854,,1383.950,1250.048,
992936.510,,1387.286,1242.577,
993003.168,,1383.002,1235.650,
993069.822,,1373.105,1230.150,
993136.484,,1376.871,1227.955,
993203.139,,1378.555,1222.752,
993269.793,,1380.624,1215.880,
993336.456,,1381.149,1212.776,
993403.111,,1375.778,1207.607,
993469.767,,1372.587,1201.711,
993536.425,,1374.908,1201.531,
993603.078,,1377.728,1197.780,
993669.736,,1382.586,1195.275,
993736.394,,1385.173,1196.624,
993803.052,,1384.120,1193.031,
993869.706,,1386.509,1192.619,
993936.360,,1383.855,1190.184,
994003.018,,1381.590,1188.919,
994069.679,,1376.427,1186.514,
994136.336,,1380.253,1185.706,
994202.990,,1384.600,1186.047,
994269.644,,1387.722,1185.691,
994336.302,,1387.703,1186.328,
994402.961,,1384.095,1186.298,
994469.619,,1384.204,1186.198,
994536.275,,1382.860,1183.848,
994602.932,,1383.476,1182.010,
994669.586,,1382.674,1177.970,
994736.244,,1379.259,1175.781,
994802.902,,1381.363,1174.924,
994869.560,,1383.172,1172.203,
994936.214,,1376.553,1170.855,
995002.867,,1382.207,1169.939,
995069.530,,1381.702,1167.424,
995136.183,,1384.162,1166.791,
995202.842,,1383.518,1163.099,
995269.499,,1392.593,1163.993,
995336.155,,1389.947,1159.080,
995402.814,,1389.846,1158.776,
995469.470,,1383.188,1154.005,
995536.121,,1384.290,1154.760,
995602.780,,1382.226,1154.255,
995669.435,,1377.678,1153.143,
995736.095,,1381.303,1155.088,
995802.748,,1392.500,1156.550,
995869.404,,1393.784,1156.614,
995936.063,,1393.137,1154.595,
996002.719,,1384.684,1151.057,
996069.374,,1379.404,1149.038,
996136.035,,1376.750,1147.549,
996202.693,,1372.919,1151.222,
996269.347,,1371.937,1147.363,
996336.002,,1378.644,1144.554,
996402.658,,1372.992,1145.740,
996469.317,,1374.465,1145.084,
996535.974,,1374.607,1144.824,
996602.629,,1369.860,1145.035,
996669.285,,1371.033,1147.008,
996735.946,,1373.057,1147.605,
996802.602,,1377.180,1146.231,
996869.258,,1379.447,1150.757,
996935.916,,1380.617,1170.178,
997002.569,,1381.251,1190.884,
997069.230,,1380.885,1204.498,
997135.881,,1385.816,1213.391,
997202.540,,1389.306,1214.098,
997269.199,,1387.590,1211.692,
997335.858,,1384.893,1205.402,
997402.515,,1390.074,1203.574,
997469.168,,1388.459,1205.279,
997535.821,,1381.948,1202.549,
997602.479,,1380.033,1201.149,
997669.141,,1379.686,1195.040,
997735.797,,1379.109,1192.974,
997802.449,,1372.052,1191.976,
997869.105,,1372.654,1188.720,
997935.767,,1376.143,1188.315,
998002.423,,1373.647,1182.533,
998069.078,,1370.844,1178.495,
998135.733,,1373.305,1178.332,
998202.392,,1369.623,1178.497,
998269.046,,1373.874,1179.888,
998335.706,,1372.249,1183.317,
998402.364,,1378.967,1188.190,
998469.019,,1380.240,1197.154,
998535.678,,1381.249,1200.017,
998602.330,,1376.549,1202.902,
998668.986,,1376.869,1203.169,
998735.643,,1379.581,1199.317,
998802.302,,1381.088,1196.016,
998868.958,,1387.363,1195.258,
998935.612,,1380.898,1194.851,
999002.275,,1381.053,1191.789,
999068.930,,1377.212,1183.758,
999135.586,,1373.324,1183.039,
999202.239,,1380.189,1180.131,
999268.899,,1376.386,1180.141,
999335.552,,1373.995,1176.553,
999402.212,,1377.982,1176.259,
999468.869,,1379.721,1174.259,
999535.522,,1378.092,1173.352,
999602.179,,1374.977,1170.402,
999668.840,,1379.896,1172.385,
999735.493,,1379.989,1169.451,
999802.149,,1384.540,1170.696,
999868.813,,1383.099,1171.358,
999935.470,,1379.101,1168.821,
1000002.128,,1385.242,1165.686,
1000068.786,,1377.783,1165.660,
1000135.448,,1381.286,1161.755,
1000202.104,,1381.985,1163.630,
1000268.761,,1377.733,1160.496,
1000335.418,,1377.314,1171.778,
1000402.080,,1385.860,1155.798,
1000468.735,,1377.651,1155.310,
1000535.396,,1382.059,1160.045,
1000602.053,,1385.622,1160.266,
1000668.716,,1379.445,1155.263,
1000735.374,,1383.600,1157.293,
1000802.030,,1379.330,1155.924,
1000868.693,,1384.331,1155.544,
1000935.352,,1386.892,1152.928,
1001002.005,,1384.450,1152.158,
1001068.670,,1381.889,1148.982,
1001135.325,,1385.772,1147.951,
1001201.985,,1387.434,1146.420,
1001268.641,,1382.935,1146.555,
1001335.304,,1383.325,1145.019,
1001401.963,,1376.556,1142.861,
1001468.617,,1373.103,1147.788,
1001535.273,,1376.695,1148.761,
1001601.937,,1381.625,1144.524,
1001668.597,,1377.176,1142.304,
1001735.255,,1378.810,1144.524,
1001801.913,,1380.191,1144.153,
1001868.572,,1377.490,1142.641,
1001935.232,,1377.657,1143.032,
1002001.884,,1372.109,1143.593,
1002068.548,,1377.002,1152.490,
1002135.203,,1377.872,1160.956,
1002201.861,,1379.998,1161.981,
1002268.522,,1381.026,1162.261,
1002335.182,,1381.488,1165.039,
1002401.841,,1382.109,1163.856,
1002468.501,,1380.483,1162.048,
1002535.157,,1383.198,1160.632,
1002601.816,,1385.327,1159.179,
1002668.472,,1381.036,1153.805,
1002735.134,,1379.493,1150.430,
1002801.789,,1378.655,1148.147,
1002868.450,,1376.293,1146.538,
1002935.111,,1386.105,1145.975,
1003001.768,,1378.859,1143.737,
1003068.424,,1376.546,1142.566,
1003135.087,,1376.180,1143.950,
1003201.743,,1382.498,1146.922,
1003268.405,,1382.321,1149.021,
1003335.059,,1378.381,1149.295,
1003401.719,,1375.776,1151.040,
1003468.380,,1380.231,1157.098,
1003535.034,,1380.556,1162.473,
1003601.696,,1378.053,1165.051,
1003668.354,,1381.205,1169.446,
1003735.013,,1383.185,1163.900,
1003801.671,,1383.771,1173.465,
1003868.327,,1395.186,1172.231,
1003934.989,,1393.552,1167.941,
1004001.647,,1387.434,1161.046,
1004068.307,,1387.410,1159.028,
1004134.963,,1384.598,1156.987,
1004201.625,,1384.027,1155.703,
1004268.282,,1380.210,1152.636,
1004334.943,,1378.310,1150.607,
1004401.597,,1378.622,1148.264,
1004468.257,,1377.462,1147.798,
1004534.916,,1374.513,1148.326,
1004601.573,,1372.767,1147.865,
1004668.235,,1376.857,1147.726,
1004734.891,,1376.380,1160.127,
1004801.554,,1375.325,1165.813,
1004868.210,,1373.289,1165.710,
1004934.868,,1374.652,1172.457,
1005001.524,,1374.545,1169.282,
1005068.187,,1377.455,1167.528,
1005134.846,,1376.935,1165.484,
1005201.506,,1376.993,1162.700,
1005268.161,,1382.025,1158.944,
1005334.823,,1379.566,1158.915,
1005401.479,,1379.056,1157.078,
1005468.134,,1379.796,1155.174,
1005534.793,,1384.505,1154.650,
1005601.457,,1377.628,1154.650,
1005668.114,,1377.654,1149.002,
1005734.770,,1379.673,1147.744,
1005801.430,,1380.017,1146.626,
1005868.092,,1379.605,1147.274,
1005934.749,,1374.485,1142.773,
1006001.409,,1380.049,1143.493,
1006068.067,,1383.189,1143.965,
1006134.723,,1377.699,1144.982,
1006201.383,,1389.767,1143.888,
1006268.038,,1380.711,1144.589,
1006334.698,,1387.090,1148.544,
1006401.358,,1382.578,1146.297,
1006468.014,,1385.746,1147.206,
1006534.677,,1390.566,1152.655,
1006601.335,,1388.142,1156.262,
1006667.990,,1381.582,1157.855,
1006734.653,,1378.393,1158.312,
1006801.309,,1380.468,1159.863,
1006867.970,,1378.839,1159.757,
1006934.624,,1380.897,1157.045,
1007001.288,Input1*2*0,1390.311,1155.953,
1007067.942,Input1*2*1,1392.942,1158.537,
1007134.604,,1384.422,1155.880,
1007201.262,,1385.887,1153.520,
1007267.923,,1377.988,1154.556,
1007334.578,,1380.154,1163.800,
1007401.239,,1381.163,1166.142,
1007467.900,,1389.537,1176.190,
1007534.554,,1381.427,1184.181,
1007601.217,,1378.968,1189.403,
1007667.870,,1381.914,1193.275,
1007734.529,,1378.771,1194.733,
1007801.188,,1382.640,1189.245,
1007867.845,,1381.412,1182.724,
1007934.502,,1381.231,1179.562,
1008001.163,,1382.269,1178.164,
1008067.818,,1381.609,1176.241,
1008134.475,,1378.478,1175.309,
1008201.134,,1382.839,1174.276,
1008267.795,,1381.665,1171.099,
1008334.453,,1375.858,1170.302,
1008401.106,,1377.482,1171.086,
1008467.769,,1383.959,1171.027,
1008534.421,,1386.277,1171.251,
1008601.082,,1389.186,1172.432,
1008667.741,,1387.463,1172.533,
1008734.397,,1388.172,1169.497,
1008801.055,,1389.573,1170.217,
1008867.711,,1390.205,1165.992,
1008934.368,,1393.169,1164.274,
1009001.030,,1399.844,1161.982,
1009067.687,,1394.896,1162.163,
1009134.341,,1398.542,1156.890,
1009200.998,,1389.157,1155.269,
1009267.657,,1387.609,1152.954,
1009334.313,,1386.944,1156.532,
1009400.975,,1388.295,1156.182,
1009467.630,,1388.722,1156.154,
1009534.285,,1394.040,1157.400,
1009600.945,,1392.772,1160.892,
1009667.607,,1393.371,1162.124,
1009734.264,,1393.710,1161.170,
1009800.916,,1391.270,1165.801,
1009867.574,,1389.979,1168.176,
1009934.231,,1391.265,1174.213,
1010000.894,,1393.914,1180.521,
1010067.547,,1393.846,1189.558,
1010134.208,,1394.162,1188.279,
1010200.864,,1396.063,1187.454,
1010267.519,,1396.859,1190.610,
1010334.177,,1400.813,1192.241,
1010400.836,,1394.564,1190.442,
1010467.496,,1389.038,1186.958,
1010534.152,,1387.022,1186.478,
1010600.813,,1386.507,1184.833,
1010667.466,,1391.811,1181.134,
1010734.126,,1395.322,1176.494,
1010800.787,,1390.986,1171.722,
1010867.438,,1387.708,1171.600,
1010934.100,,1388.054,1174.593,
1011000.758,,1388.964,1185.213,
1011067.417,,1388.103,1189.452,
1011134.075,,1387.675,1199.677,
1011200.731,,1383.620,1201.988,
1011267.384,,1385.347,1200.279,
1011334.042,,1393.117,1198.029,
1011400.703,,1395.422,1197.942,
1011467.363,,1387.124,1196.918,
1011534.015,,1392.495,1197.039,
1011600.673,,1404.136,1197.271,
1011667.330,,1415.400,1195.769,
1011733.992,,1404.713,1193.504,
1011800.647,,1419.015,1194.596,
1011867.304,,1418.446,1200.627,
1011933.962,,1403.767,1198.685,
1012000.621,,1406.247,1197.601,
1012067.279,,1398.315,1195.184,
1012133.933,,1398.301,1191.168,
1012200.596,,1388.511,1189.094,
1012267.249,,1382.031,1188.854,
1012333.911,,1384.968,1188.087,
1012400.569,,1387.640,1187.913,
1012467.227,,1389.838,1189.845,
1012533.885,,1384.990,1199.945,
1012600.540,,1381.386,1247.640,
1012667.198,,1381.286,1320.864,
1012733.854,,1387.617,1338.108,
1012800.510,,1381.910,1338.467,
1012867.171,,1384.415,1338.209,
1012933.828,,1383.082,1333.875,
1013000.483,,1386.841,1328.852,
1013067.145,,1390.361,1327.514,
1013133.799,,1391.636,1320.286,
1013200.458,,1391.201,1313.510,
1013267.114,,1384.590,1311.646,
1013333.776,,1386.126,1305.099,
1013400.428,,1382.508,1298.331,
1013467.092,,1387.920,1299.783,
1013533.749,,1392.418,1314.712,
1013600.404,,1386.801,1319.131,
1013667.063,,1387.529,1307.237,
1013733.722,,1391.228,1302.945,
1013800.375,,1388.513,1290.800,
1013867.032,,1387.548,1285.788,
1013933.694,,1380.827,1274.744,
1014000.350,,1385.558,1267.311,
1014067.008,,1381.226,1262.458,
1014133.667,,1382.184,1258.112,
1014200.321,,1381.981,1251.427,
1014266.979,,1381.512,1247.392,
1014333.637,,1376.194,1245.701,
1014400.298,,1373.729,1238.355,
1014466.955,,1377.934,1235.960,
1014533.614,,1381.380,1231.557,
1014600.267,,1384.234,1228.088,
1014666.928,,1385.509,1223.392,
1014733.586,,1383.146,1220.330,
1014800.243,,1386.290,1213.760,
1014866.900,,1392.540,1208.170,
1014933.554,,1381.899,1206.326,
1015000.212,,1385.573,1203.588,
1015066.872,,1385.768,1205.824,
1015133.526,,1385.349,1216.153,
1015200.186,,1387.334,1220.398,
1015266.843,,1386.344,1218.975,
1015333.505,,1389.642,1220.097,
1015400.159,,1386.572,1218.822,
1015466.816,,1387.447,1218.845,
1015533.478,,1386.187,1216.507,
1015600.136,,1385.736,1224.529,
1015666.788,,1385.119,1233.676,
1015733.450,,1384.473,1235.994,
1015800.106,,1381.404,1233.793,
1015866.764,,1383.411,1230.152,
1015933.421,,1384.146,1226.612,
1016000.077,,1385.621,1221.028,
1016066.736,,1387.784,1219.004,
1016133.396,,1387.955,1213.269,
1016200.053,,1389.086,1210.271,
1016266.710,,1386.397,1207.400,
1016333.370,,1381.799,1203.047,
1016400.030,,1389.040,1198.580,
1016466.684,,1389.003,1196.002,
1016533.341,,1392.687,1192.756,
1016600.003,,1379.284,1187.905,
1016666.662,,1380.093,1188.195,
1016733.320,,1380.386,1184.857,
1016799.973,,1384.788,1182.561,
1016866.635,,1384.567,1183.131,
1016933.294,,1384.764,1180.937,
1016999.951,,1387.217,1181.042,
1017066.605,,1385.901,1179.509,
1017133.269,,1385.656,1182.284,
1017199.925,,1386.090,1182.796,
1017266.586,,1383.312,1182.431,
1017333.239,,1387.540,1177.832,
1017399.900,,1389.257,1176.027,
1017466.558,,1387.710,1180.301,
1017533.213,,1384.040,1174.830,
1017599.876,,1383.478,1173.054,
1017666.529,,1388.572,1174.197,
1017733.186,,1389.571,1171.175,
1017799.849,,1395.302,1168.666,
1017866.506,,1386.813,1167.133,
1017933.163,,1385.207,1164.238,
1017999.823,,1394.601,1164.296,
1018066.477,,1389.930,1164.779,
1018133.136,,1390.709,1162.005,
1018199.797,,1397.687,1160.301,
1018266.451,,1391.367,1161.208,
1018333.115,,1396.541,1160.261,
1018399.768,,1400.333,1156.789,
1018466.425,,1392.556,1158.682,
1018533.089,,1389.598,1155.141,
1018599.745,,1390.716,1155.202,
1018666.406,,1388.788,1155.112,
1018733.058,,1395.717,1149.365,
1018799.716,,1387.329,1147.056,
1018866.373,,1385.300,1149.467,
1018933.035,,1385.861,1150.492,
1018999.693,,1386.826,1153.872,
1019066.348,,1389.721,1159.845,
1019133.007,,1392.807,1167.640,
1019199.666,,1395.061,1171.696,
1019266.326,,1392.680,1169.213,
1019332.984,,1393.906,1169.681,
1019399.644,,1392.865,1172.428,
1019466.302,,1387.513,1174.690,
1019532.957,,1391.303,1193.538,
1019599.613,,1393.189,1222.738,
1019666.272,,1394.659,1229.608,
1019732.934,,1391.856,1228.942,
1019799.590,,1390.919,1231.507,
1019866.251,,1390.220,1231.277,
1019932.907,,1391.939,1228.862,
1019999.567,,1390.378,1224.653,
1020066.222,,1389.370,1221.838,
1020132.882,,1388.765,1216.323,
1020199.537,,1390.118,1212.525,
1020266.195,,1392.214,1209.835,
1020332.855,,1390.103,1205.417,
1020399.514,,1389.976,1201.495,
1020466.167,,1389.840,1196.964,
1020532.825,,1387.978,1195.045,
1020599.489,,1387.478,1191.275,
1020666.147,,1387.247,1189.691,
1020732.802,,1389.491,1186.587,
1020799.464,,1388.264,1184.568,
1020866.119,,1391.288,1182.321,
1020932.778,,1390.639,1181.043,
1020999.434,,1392.319,1177.859,
1021066.096,,1393.407,1177.248,
1021132.747,,1391.173,1174.180,
1021199.405,,1391.674,1169.499,
1021266.068,,1391.695,1171.232,
1021332.724,,1396.438,1168.730,
1021399.379,,1405.218,1169.894,
1021466.037,,1399.644,1164.975,
1021532.699,,1395.662,1165.953,
1021599.357,,1403.230,1170.431,
1021666.014,,1407.735,1169.183,
1021732.673,,1408.464,1169.806,
1021799.329,,1405.447,1170.608,
1021865.991,,1409.520,1171.205,
1021932.648,,1400.257,1172.921,
1021999.304,,1401.190,1171.259,
1022065.965,,1392.440,1168.834,
1022132.620,,1382.526,1167.418,
1022199.280,,1384.469,1164.577,
1022265.940,,1389.288,1163.816,
1022332.596,,1389.538,1165.963,
1022399.256,,1392.557,1168.307,
1022465.910,,1400.378,1168.330,
1022532.570,,1406.014,1171.651,
1022599.228,,1393.210,1174.184,
1022665.885,,1397.987,1175.978,
1022732.542,,1392.583,1174.819,
1022799.204,,1388.038,1173.481,
1022865.858,,1387.886,1172.599,
1022932.520,,1389.905,1168.002,
1022999.173,,1389.747,1167.668,
1023065.833,,1392.739,1165.881,
1023132.489,,1395.615,1164.002,
1023199.149,,1390.746,1162.025,
1023265.810,,1393.339,1160.411,
1023332.465,,1392.944,1158.749,
1023399.126,,1391.556,1155.959,
1023465.785,,1396.078,1157.470,
1023532.443,,1393.211,1154.713,
1023599.099,,1393.988,1155.353,
1023665.755,,1393.171,1155.858,
1023732.416,,1393.014,1157.336,
1023799.075,,1399.882,1156.412,
1023865.729,,1395.742,1157.185,
1023932.389,,1395.450,1155.629,
1023999.047,,1396.599,1156.798,
1024065.705,,1393.594,1156.104,
1024132.361,,1393.746,1157.889,
1024199.020,,1398.915,1157.967,
1024265.681,,1396.255,1154.666,
1024332.335,,1393.515,1154.214,
1024398.993,,1396.213,1154.044,
1024465.655,,1395.019,1159.482,
1024532.310,,1397.736,1157.960,
1024598.971,,1398.303,1155.090,
1024665.629,,1395.938,1156.018,
1024732.284,,1397.641,1158.671,
1024798.944,,1399.313,1159.213,
1024865.604,,1405.727,1157.062,
1024932.261,,1400.281,1156.276,
1024998.920,,1396.397,1154.664,
1025065.573,,1400.606,1154.919,
1025132.237,,1400.618,1155.754,
1025198.892,,1404.009,1158.070,
1025265.553,,1404.387,1168.816,
1025332.211,,1401.195,1170.539,
1025398.868,,1399.790,1171.070,
1025465.526,,1400.309,1169.459,
1025532.180,,1397.639,1167.420,
1025598.839,,1398.456,1165.969,
1025665.496,,1398.009,1165.671,
1025732.155,,1394.588,1163.448,
1025798.816,,1401.302,1162.410,
1025865.470,,1403.509,1159.828,
1025932.128,,1396.388,1162.272,
1025998.787,,1396.399,1160.973,
1026065.445,,1395.238,1163.420,
1026132.102,,1399.136,1163.206,
1026198.766,,1400.662,1165.740,
1026265.423,,1399.569,1165.313,
1026332.081,,1395.911,1166.388,
1026398.740,,1400.860,1170.014,
1026465.394,,1402.022,1170.681,
1026532.053,,1398.259,1168.268,
1026598.711,,1407.845,1169.178,
1026665.368,,1400.902,1173.032,
1026732.027,,1400.019,1170.925,
1026798.685,,1395.129,1168.904,
1026865.344,,1396.438,1168.605,
1026932.001,,1394.514,1166.085,
1026998.661,,1393.432,1164.427,
1027065.320,,1393.564,1161.622,
1027131.976,,1397.000,1160.894,
1027198.635,,1401.024,1160.741,
1027265.294,,1399.068,1157.883,
1027331.947,,1398.235,1156.809,
1027398.606,,1394.438,1158.025,
1027465.267,,1399.325,1159.391,
1027531.924,,1399.315,1157.371,
1027598.582,,1401.208,1154.918,
1027665.242,,1404.688,1151.150,
1027731.896,,1400.953,1149.577,
1027798.557,,1408.325,1149.769,
1027865.212,,1407.539,1146.850,
1027931.874,,1398.749,1144.113,
1027998.533,,1392.973,1144.245,
1028065.189,,1387.973,1143.330,
1028131.848,,1393.308,1143.069,
1028198.507,,1398.696,1143.154,
1028265.164,,1399.572,1144.410,
1028331.818,,1397.127,1141.694,
1028398.481,,1393.617,1141.310,
1028465.139,,1397.443,1143.776,
1028531.793,,1394.315,1144.859,
1028598.455,,1392.072,1145.975,
1028665.113,,1389.880,1144.492,
1028731.769,,1390.931,1142.604,
1028798.425,,1388.863,1140.942,
1028865.089,,1391.773,1147.346,
1028931.740,,1392.117,1151.969,
1028998.404,,1396.952,1157.126,
1029065.059,,1395.057,1158.745,
1029131.714,,1398.367,1157.928,
1029198.377,,1394.575,1158.010,
1029265.031,,1395.252,1156.969,
1029331.694,,1397.395,1157.583,
1029398.349,,1399.907,1156.356,
1029465.007,,1399.732,1154.988,
1029531.669,,1402.465,1154.028,
1029598.322,,1404.008,1156.291,
1029664.980,,1397.684,1156.514,
1029731.640,,1405.271,1156.970,
1029798.301,,1398.516,1152.159,
1029864.958,,1397.958,1151.730,
1029931.614,,1394.483,1148.186,
1029998.274,,1395.018,1149.475,
1030064.931,,1393.072,1149.535,
1030131.587,,1393.763,1148.962,
1030198.246,,1392.609,1148.010,
1030264.902,,1398.574,1148.670,
1030331.560,,1397.204,1149.198,
1030398.220,,1392.926,1146.231,
1030464.877,,1398.107,1148.833,
1030531.535,,1399.619,1150.944,
1030598.195,,1398.589,1153.020,
1030664.852,,1396.738,1151.585,
1030731.509,,1399.513,1151.210,
1030798.169,,1391.712,1159.034,
1030864.826,,1396.800,1162.948,
1030931.482,,1394.395,1163.391,
1030998.142,,1392.870,1165.099,
1031064.799,,1393.348,1165.996,
1031131.457,,1392.792,1162.420,
1031198.118,,1396.074,1163.633,
1031264.777,,1396.807,1169.198,
1031331.434,,1388.470,1175.097,
1031398.092,,1390.998,1177.848,
1031464.753,,1389.891,1177.230,
1031531.411,,1395.696,1177.263,
1031598.063,,1397.690,1177.588,
1031664.727,,1397.154,1179.132,
1031731.382,,1400.065,1177.348,
1031798.037,,1400.121,1175.258,
1031864.697,,1398.800,1176.087,
1031931.356,,1404.634,1174.894,
1031998.016,,1404.227,1175.424,
1032064.672,,1400.986,1177.690,
1032131.331,,1405.537,1182.676,
1032197.990,,1399.540,1178.552,
1032264.649,,1398.753,1179.556,
1032331.306,,1406.595,1180.549,
1032397.967,,1407.192,1178.023,
1032464.622,,1405.763,1171.733,
1032531.283,,1400.283,1169.651,
1032597.945,,1397.354,1170.418,
1032664.600,,1401.213,1165.363,
1032731.261,,1398.586,1165.451,
1032797.917,,1395.414,1161.529,
1032864.576,,1396.122,1159.236,
1032931.237,,1391.025,1159.625,
1032997.892,,1392.034,1159.677,
1033064.549,,1392.259,1160.511,
1033131.209,,1392.340,1161.705,
1033197.867,,1394.075,1158.961,
1033264.530,,1395.041,1155.915,
1033331.184,,1398.749,1156.590,
1033397.841,,1397.912,1152.848,
1033464.499,,1394.787,1151.319,
1033531.162,,1399.063,1151.415,
1033597.820,,1394.067,1148.644,
1033664.476,,1395.619,1145.837,
1033731.135,,1400.667,1143.593,
1033797.797,,1396.176,1144.730,
1033864.451,,1392.837,1141.065,
1033931.111,,1391.169,1142.227,
1033997.770,,1388.943,1141.509,
1034064.427,,1394.316,1141.802,
1034131.088,,1391.977,1143.779,
1034197.744,,1391.255,1141.602,
1034264.405,,1389.863,1143.993,
1034331.064,,1391.255,1139.738,
1034397.723,,1395.025,1141.238,
1034464.377,,1395.666,1141.793,
1034531.041,,1391.830,1142.142,
1034597.696,,1392.720,1140.454,
1034664.354,,1400.291,1141.053,
1034731.012,,1400.396,1142.585,
1034797.675,,1397.408,1143.663,
1034864.328,,1395.285,1141.599,
1034930.988,,1394.561,1142.387,
1034997.645,,1393.988,1141.494,
1035064.304,,1396.117,1141.759,
1035130.968,,1395.536,1141.156,
1035197.625,,1399.036,1138.655,
1035264.284,,1399.277,1139.671,
1035330.942,,1397.275,1139.400,
1035397.596,,1397.736,1141.081,
1035464.257,,1394.624,1140.530,
1035530.915,,1392.577,1141.377,
1035597.576,,1391.839,1141.955,
1035664.232,,1392.043,1141.629,
1035730.892,,1393.508,1141.532,
1035797.547,,1389.885,1140.908,
1035864.206,,1391.422,1140.726,
1035930.866,,1394.028,1140.442,
1035997.527,,1395.160,1139.545,
1036064.185,,1396.669,1144.025,
1036130.844,,1393.408,1151.081,
1036197.503,,1394.605,1153.680,
1036264.161,,1391.969,1158.506,
1036330.816,,1393.120,1161.665,
1036397.474,,1400.155,1159.633,
1036464.132,,1401.557,1156.559,
1036530.796,,1399.122,1157.491,
1036597.449,,1400.160,1164.484,
1036664.113,,1403.908,1164.114,
1036730.771,,1400.944,1161.195,
1036797.426,,1398.957,1158.903,
1036864.087,,1398.745,1157.666,
1036930.742,,1399.198,1154.863,
1036997.403,,1396.042,1156.148,
1037064.063,,1399.938,1158.749,
1037130.717,,1399.507,1157.529,
1037197.376,,1401.677,1160.541,
1037264.037,,1399.259,1159.235,
1037330.694,,1399.012,1160.949,
1037397.353,,1396.038,1160.257,
1037464.009,,1393.817,1156.323,
1037530.674,,1375.723,1151.453,
1037597.330,,1372.386,1143.221,
1037663.991,,1387.335,1150.145,
1037730.648,,1398.548,1154.562,
1037797.305,,1398.814,1145.150,
1037863.963,,1395.196,1155.937,
1037930.623,,1404.887,1157.031,
1037997.281,,1406.804,1155.457,
1038063.938,,1408.312,1155.418,
1038130.598,,1409.868,1152.271,
1038197.258,,1411.354,1149.840,
1038263.912,,1408.604,1150.748,
1038330.570,,1402.884,1148.181,
1038397.233,,1403.827,1147.951,
1038463.891,,1398.951,1143.710,
1038530.547,,1392.541,1142.319,
1038597.208,,1381.721,1140.482,
1038663.862,,1375.782,1135.608,
1038730.521,,1385.775,1138.101,
1038797.181,,1374.999,1134.787,
1038863.843,,1375.656,1137.331,
1038930.501,,1385.727,1145.590,
1038997.156,,1393.508,1140.881,
1039063.817,,1394.891,1141.293,
1039130.475,,1392.364,1146.806,
1039197.132,,1382.260,1146.071,
1039263.791,,1389.241,1145.083,
1039330.451,,1403.602,1151.604,
1039397.108,,1399.258,1145.805,
1039463.769,,1400.057,1147.782,
1039530.427,,1393.036,1149.182,
1039597.081,,1397.059,1150.513,
1039663.739,,1390.087,1154.805,
1039730.398,,1384.544,1151.290,
1039797.057,,1380.436,1152.822,
1039863.716,,1389.082,1160.673,
1039930.376,,1388.534,1164.742,
1039997.034,,1385.942,1167.129,
1040063.690,,1375.750,1167.653,
1040130.347,,1391.021,1167.314,
1040197.008,,1389.789,1164.542,
1040263.666,,1391.691,1164.870,
1040330.321,,1393.341,1167.044,
1040396.981,,1398.478,1165.482,
1040463.636,,1402.205,1163.003,
1040530.295,,1401.478,1161.550,
1040596.950,,1393.460,1159.600,
1040663.610,,1388.918,1162.599,
1040730.264,,1384.191,1156.920,
1040796.927,,1382.259,1156.390,
1040863.583,,1386.071,1156.671,
1040930.243,,1384.297,1152.555,
1040996.900,,1374.372,1150.387,
1041063.559,,1383.566,1150.667,
1041130.215,,1382.173,1151.212,
1041196.870,,1374.244,1144.886,
1041263.529,,1374.453,1141.619,
1041330.189,,1384.187,1148.924,
1041396.845,,1386.663,1145.544,
1041463.499,,1384.029,1147.030,
1041530.159,,1379.861,1145.685,
1041596.817,,1392.914,1143.840,
1041663.475,,1385.535,1147.343,
1041730.135,,1386.697,1144.154,
1041796.793,,1394.597,1145.426,
1041863.451,,1399.614,1142.924,
1041930.106,,1396.467,1145.303,
1041996.766,,1397.207,1146.647,
1042063.419,,1395.810,1146.331,
1042130.080,,1393.149,1143.756,
1042196.735,,1389.888,1146.047,
1042263.396,,1387.825,1145.858,
1042330.052,,1389.310,1144.251,
1042396.712,,1386.682,1144.709,
1042463.368,,1387.346,1145.343,
1042530.027,,1388.926,1143.059,
1042596.686,,1395.027,1140.201,
1042663.338,,1390.104,1140.289,
1042730.000,,1391.763,1139.467,
1042796.659,,1388.795,1140.791,
1042863.312,,1388.976,1140.444,
1042929.969,,1391.263,1141.750,
1042996.627,,1391.397,1147.191,
1043063.289,,1392.247,1147.778,
1043129.946,,1394.304,1149.938,
1043196.605,,1394.044,1148.925,
1043263.259,,1396.062,1151.504,
1043329.916,,1396.784,1154.543,
1043396.574,,1397.899,1151.126,
1043463.235,,1393.948,1155.338,
1043529.889,,1395.504,1168.001,
1043596.548,,1396.684,1174.847,
1043663.209,,1398.055,1181.165,
1043729.866,,1401.217,1184.060,
1043796.518,,1402.592,1179.203,
1043863.183,,1402.646,1176.772,
1043929.836,,1401.119,1172.858,
1043996.494,,1397.547,1167.294,
1044063.154,,1395.608,1168.762,
1044129.809,,1392.192,1156.871,
1044196.465,,1387.908,1153.435,
1044263.123,,1385.167,1153.480,
1044329.781,,1384.296,1151.296,
1044396.440,,1387.318,1146.344,
1044463.096,,1387.605,1146.121,
1044529.760,,1383.796,1144.400,
1044596.417,,1383.210,1141.655,
1044663.072,,1380.502,1141.762,
1044729.726,,1372.846,1142.761,
1044796.389,,1371.834,1142.409,
1044863.042,,1381.164,1143.011,
1044929.704,,1373.986,1143.630,
1044996.357,,1379.333,1142.279,
1045063.021,,1379.749,1141.785,
1045129.678,,1381.250,1139.756,
1045196.333,,1382.427,1139.414,
1045262.993,,1387.976,1140.047,
1045329.646,,1388.159,1136.055,
1045396.306,,1389.554,1137.139,
1045462.964,,1386.692,1136.127,
1045529.623,,1387.015,1135.580,
1045596.283,,1386.980,1134.964,
1045662.935,,1387.453,1134.978,
1045729.594,,1387.730,1138.720,
1045796.252,,1388.256,1136.386,
1045862.912,,1386.243,1145.403,
1045929.569,,1391.553,1147.904,
1045996.229,,1398.203,1144.021,
1046062.886,,1401.499,1145.316,
1046129.540,,1397.921,1145.540,
1046196.197,,1403.454,1149.949,
1046262.854,,1406.560,1152.976,
1046329.512,,1408.347,1152.930,
1046396.172,,1390.268,1151.280,
1046462.829,,1396.370,1160.075,
1046529.488,,1399.530,1156.590,
1046596.147,,1394.511,1159.946,
1046662.804,,1390.437,1159.195,
1046729.460,,1388.232,1160.927,
1046796.119,,1395.235,1161.027,
1046862.774,,1393.297,1159.145,
1046929.434,,1393.277,1157.915,
1046996.093,,1396.585,1159.633,
1047062.750,,1399.272,1159.080,
1047129.406,,1401.622,1159.157,
1047196.061,,1391.992,1150.092,
1047262.723,,1389.989,1149.523,
1047329.379,,1386.075,1162.679,
1047396.034,,1385.826,1173.883,
1047462.692,,1390.410,1183.779,
1047529.351,,1396.150,1192.082,
1047596.009,,1397.536,1200.071,
1047662.666,,1399.593,1198.281,
1047729.323,,1400.398,1195.182,
1047795.984,,1402.326,1197.713,
1047862.644,,1406.986,1196.494,
1047929.300,,1392.855,1173.594,
1047995.958,,1393.525,1171.902,
1048062.613,,1387.416,1166.115,
1048129.271,,1394.033,1163.676,
1048195.927,,1395.028,1163.298,
1048262.584,,1392.806,1160.795,
1048329.243,,1391.196,1158.854,
1048395.899,,1396.574,1158.621,
1048462.556,,1389.767,1155.481,
1048529.219,,1385.178,1154.599,
1048595.875,,1376.754,1156.935,
1048662.529,,1386.571,1159.149,
1048729.190,,1385.596,1161.030,
1048795.845,,1383.714,1156.768,
1048862.503,,1387.661,1160.529,
1048929.162,,1388.347,1157.208,
1048995.820,,1392.460,1156.014,
1049062.475,,1390.968,1154.242,
1049129.136,,1392.067,1152.832,
1049195.796,,1389.027,1154.311,
1049262.453,,1386.857,1149.947,
1049329.108,,1390.473,1149.145,
1049395.763,,1391.500,1148.134,
1049462.422,,1388.673,1151.408,
1049529.080,,1388.814,1149.613,
1049595.736,,1391.252,1147.445,
1049662.393,,1391.371,1148.933,
1049729.053,,1386.506,1151.541,
1049795.714,,1385.092,1147.828,
1049862.366,,1393.435,1146.691,
1049929.026,,1389.775,1146.739,
1049995.682,,1390.724,1144.932,
1050062.339,,1395.418,1145.828,
1050129.001,,1396.360,1144.900,
1050195.660,,1397.271,1142.858,
1050262.314,,1396.751,1144.416,
1050328.972,,1393.030,1140.726,
1050395.633,,1391.641,1140.664,
1050462.285,,1397.410,1139.473,
1050528.944,,1393.036,1141.993,
1050595.599,,1415.280,1137.479,
1050662.256,,1380.848,1134.780,
1050728.918,,1384.374,1134.395,
1050795.573,,1388.461,1139.420,
1050862.230,,1389.339,1136.346,
1050928.887,,1386.071,1139.721,
1050995.549,,1388.951,1141.865,
1051062.205,,1390.053,1141.972,
1051128.866,,1393.271,1142.163,
1051195.521,,1391.688,1147.001,
1051262.180,,1390.073,1146.567,
1051328.834,,1395.847,1147.939,
1051395.495,,1391.914,1149.200,
1051462.150,,1392.902,1148.002,
1051528.807,,1390.645,1145.857,
1051595.468,,1393.179,1144.059,
1051662.126,,1388.934,1142.943,
1051728.779,,1388.986,1141.258,
1051795.441,,1386.206,1141.362,
1051862.098,,1388.913,1143.783,
1051928.756,,1391.379,1148.685,
1051995.412,,1390.942,1152.602,
1052062.067,,1386.514,1154.867,
1052128.728,,1387.891,1159.555,
1052195.386,,1381.537,1157.858,
1052262.039,,1377.005,1157.811,
1052328.697,,1385.385,1158.322,
1052395.358,,1386.889,1161.490,
1052462.017,,1389.511,1157.407,
1052528.674,,1392.043,1160.357,
1052595.333,,1395.383,1162.896,
1052661.984,,1399.269,1162.580,
1052728.643,,1396.774,1161.622,
1052795.305,,1397.787,1157.644,
1052861.960,,1391.155,1156.646,
1052928.618,,1394.074,1152.353,
1052995.278,,1395.540,1152.077,
1053061.931,,1395.201,1150.751,
1053128.588,,1391.317,1145.636,
1053195.251,,1384.262,1141.384,
1053261.906,,1389.362,1142.858,
1053328.565,,1389.311,1141.038,
1053395.218,,1384.496,1141.821,
1053461.879,,1380.667,1142.422,
1053528.537,,1381.320,1144.388,
1053595.192,,1379.233,1146.094,
1053661.851,,1377.041,1147.339,
1053728.510,,1373.438,1151.114,
1053795.167,,1370.493,1158.218,
1053861.821,,1377.178,1162.458,
1053928.479,,1379.964,1158.737,
1053995.135,,1380.105,1159.468,
1054061.798,,1378.636,1157.639,
1054128.454,,1375.440,1152.786,
1054195.109,,1373.358,1153.001,
1054261.771,,1377.384,1153.634,
1054328.427,,1377.927,1155.319,
1054395.085,,1375.017,1153.951,
1054461.740,,1379.570,1151.809,
1054528.398,,1382.430,1153.719,
1054595.060,,1387.009,1157.519,
1054661.717,,1391.475,1152.688,
1054728.372,,1397.307,1155.767,
1054795.029,,1398.472,1154.699,
1054861.691,,1396.213,1155.034,
1054928.348,,1397.369,1155.916,
1054995.001,,1397.264,1157.101,
1055061.658,,1399.016,1156.818,
1055128.320,,1398.768,1159.232,
1055194.976,,1403.513,1158.233,
1055261.636,,1391.658,1157.880,
1055328.292,,1391.753,1157.648,
1055394.951,,1391.738,1153.174,
1055461.603,,1396.008,1154.551,
1055528.266,,1398.438,1154.090,
1055594.924,,1392.183,1148.961,
1055661.581,,1394.800,1148.478,
1055728.233,,1397.397,1149.158,
1055794.893,,1394.001,1152.268,
1055861.548,,1393.072,1156.992,
1055928.211,,1390.635,1155.101,
1055994.865,,1393.949,1157.820,
1056061.523,,1393.532,1160.677,
1056128.183,,1392.076,1168.048,
1056194.841,,1393.771,1171.418,
1056261.498,,1392.692,1171.855,
1056328.158,,1393.570,1174.086,
1056394.816,,1394.553,1191.679,
1056461.472,,1391.351,1212.093,
1056528.133,,1393.712,1220.157,
1056594.792,,1401.095,1223.156,
1056661.449,,1394.606,1219.250,
1056728.105,,1393.056,1221.757,
1056794.760,,1392.383,1219.416,
1056861.418,,1388.341,1212.220,
1056928.081,,1397.671,1211.423,
1056994.739,,1395.773,1208.642,
1057061.396,,1396.617,1207.258,
1057128.055,,1395.670,1206.038,
1057194.712,,1389.876,1202.538,
1057261.365,,1394.787,1199.525,
1057328.027,,1393.397,1199.490,
1057394.684,,1392.489,1197.985,
1057461.343,,1392.740,1197.224,
1057527.997,,1386.810,1195.484,
1057594.661,,1381.518,1193.396,
1057661.319,,1384.668,1191.072,
1057727.974,,1390.129,1194.870,
1057794.630,,1393.920,1199.010,
1057861.291,,1399.671,1196.575,
1057927.950,,1402.710,1192.397,
1057994.604,,1396.561,1188.092,
1058061.264,,1389.676,1186.773,
1058127.923,,1388.821,1184.779,
1058194.577,,1389.151,1190.624,
1058261.237,,1381.316,1205.038,
1058327.894,,1385.346,1210.241,
1058394.556,,1388.164,1219.456,
1058461.209,,1382.668,1216.863,
1058527.870,,1384.614,1214.557,
1058594.528,,1387.341,1221.398,
1058661.184,,1391.142,1229.488,
1058727.843,,1401.141,1224.464,
1058794.501,,1392.640,1224.908,
1058861.156,,1402.039,1229.897,
1058927.820,,1401.129,1228.758,
1058994.479,,1382.723,1227.182,
1059061.133,,1380.545,1225.978,
1059127.793,,1386.597,1231.854,
1059194.451,,1380.064,1231.111,
1059261.108,,1385.920,1236.224,
1059327.763,,1384.590,1229.796,
1059394.423,,1384.281,1228.633,
1059461.080,,1387.187,1226.207,
1059527.736,,1388.568,1223.994,
1059594.399,,1394.116,1231.105,
1059661.057,,1397.573,1234.769,
1059727.714,,1402.948,1243.997,
1059794.370,,1387.549,1242.754,
1059861.031,,1389.036,1236.719,
1059927.685,,1385.028,1239.121,
1059994.345,,1378.301,1243.913,
1060061.004,,1380.701,1261.172,
1060127.663,,1380.886,1266.120,
1060194.321,,1383.088,1270.913,
1060260.976,,1380.650,1261.930,
1060327.636,,1382.772,1261.758,
1060394.296,,1392.382,1266.953,
1060460.949,,1389.116,1256.969,
1060527.607,,1390.702,1257.903,
1060594.268,,1389.715,1249.127,
1060660.924,,1393.239,1257.352,
1060727.582,,1388.099,1308.509,
1060794.242,,1382.349,1353.259,
1060860.895,,1386.510,1379.764,
1060927.554,,1379.606,1376.574,
1060994.214,,1385.523,1375.041,
1061060.874,,1380.297,1361.587,
1061127.527,,1388.247,1351.564,
1061194.185,,1384.016,1341.796,
1061260.845,,1389.919,1332.948,
1061327.506,,1384.724,1322.289,
1061394.164,,1392.761,1314.081,
1061460.823,,1380.164,1312.222,
1061527.476,,1383.740,1310.721,
1061594.138,,1363.518,1308.227,
1061660.797,,1385.909,1297.209,
1061727.454,,1374.429,1302.399,
1061794.110,,1362.810,1298.860,
1061860.769,,1369.977,1292.812,
1061927.423,,1378.458,1289.896,
1061994.082,,1367.476,1302.784,
1062060.743,,1369.236,1291.757,
1062127.399,,1377.015,1302.104,
1062194.057,,1377.385,1303.000,
1062260.718,,1381.896,1307.717,
1062327.373,,1380.358,1304.969,
1062394.030,,1384.758,1305.130,
1062460.687,,1377.791,1311.186,
1062527.350,,1378.775,1301.148,
1062594.004,,1379.761,1307.017,
1062660.663,,1376.672,1296.939,
1062727.324,,1378.529,1298.595,
1062793.979,,1375.460,1293.148,
1062860.637,,1389.652,1294.504,
1062927.293,,1371.383,1279.810,
1062993.951,,1369.172,1281.959,
1063060.608,,1369.862,1282.159,
1063127.265,,1376.964,1282.645,
1063193.924,,1380.228,1285.809,
1063260.586,,1370.769,1287.204,
1063327.240,,1382.864,1293.525,
1063393.899,,1378.337,1283.167,
1063460.556,,1380.299,1278.117,
1063527.216,,1379.224,1278.921,
1063593.873,,1380.428,1277.031,
1063660.534,,1377.343,1268.073,
1063727.187,,1372.319,1272.859,
1063793.846,,1366.751,1262.526,
1063860.504,,1371.428,1259.183,
1063927.165,,1364.297,1251.766,
1063993.822,,1359.604,1247.834,
1064060.478,,1364.971,1238.552,
1064127.138,,1361.559,1238.818,
1064193.799,,1368.025,1238.894,
1064260.453,,1361.606,1239.626,
1064327.113,,1370.346,1228.632,
1064393.767,,1365.938,1235.641,
1064460.430,,1372.654,1226.200,
1064527.088,,1366.275,1225.166,
1064593.742,,1372.398,1243.897,
1064660.402,,1359.143,1247.761,
1064727.063,,1370.037,1261.630,
1064793.717,,1360.643,1259.123,
1064860.379,,1368.427,1278.552,
1064927.034,,1361.279,1286.602,
1064993.689,,1367.381,1294.679,
1065060.350,,1364.994,1285.353,
1065127.007,,1366.169,1286.432,
1065193.664,,1366.022,1273.400,
1065260.322,,1363.958,1271.280,
1065326.980,,1367.214,1256.438,
1065393.641,,1359.611,1260.323,
1065460.295,,1367.858,1255.843,
1065526.953,,1365.790,1266.398,
1065593.616,,1375.187,1265.114,
1065660.274,,1363.060,1262.957,
1065726.930,,1372.924,1256.286,
1065793.590,,1375.546,1251.307,
1065860.245,,1369.907,1245.988,
1065926.901,,1375.392,1241.452,
1065993.560,,1376.131,1242.113,
1066060.218,,1372.245,1230.937,
1066126.875,,1381.833,1235.749,
1066193.535,,1370.619,1237.063,
1066260.194,,1379.725,1262.575,
1066326.848,,1372.646,1268.959,
1066393.513,,1372.133,1270.168,
1066460.167,,1373.461,1263.753,
1066526.827,,1370.432,1292.776,
1066593.483,,1372.202,1307.626,
1066660.139,,1369.423,1318.710,
1066726.801,,1377.102,1313.506,
1066793.458,,1367.798,1311.364,
1066860.118,,1366.633,1304.713,
1066926.774,,1365.250,1293.377,
1066993.434,,1368.046,1296.538,
1067060.087,,1370.712,1289.701,
1067126.749,,1364.454,1283.808,
1067193.408,,1373.866,1274.805,
1067260.063,,1365.375,1267.857,
1067326.722,,1373.403,1269.304,
1067393.377,,1361.991,1259.307,
1067460.034,,1372.052,1261.413,
1067526.694,,1368.853,1248.535,
1067593.352,,1368.126,1247.965,
1067660.008,,1369.720,1243.378,
1067726.671,,1373.080,1237.075,
1067793.330,,1374.993,1236.892,
1067859.983,,1363.480,1234.460,
1067926.646,,1374.419,1237.275,
1067993.300,,1376.844,1231.382,
1068059.962,,1373.061,1237.840,
1068126.619,,1372.722,1228.137,
1068193.275,,1363.567,1233.093,
1068259.936,,1364.111,1227.608,
1068326.590,,1367.879,1228.406,
1068393.252,,1370.014,1223.060,
1068459.910,,1366.957,1218.053,
1068526.563,,1379.192,1223.780,
1068593.220,,1384.574,1214.217,
1068659.882,,1370.546,1222.619,
1068726.539,,1395.733,1220.099,
1068793.200,,1363.650,1212.047,
1068859.855,,1381.989,1231.153,
1068926.512,,1370.129,1207.742,
1068993.169,,1379.484,1223.072,
1069059.828,,1382.185,1220.718,
1069126.488,,1375.140,1242.644,
1069193.142,,1384.071,1235.828,
1069259.805,,1368.840,1241.589,
1069326.460,,1366.213,1240.156,
1069393.117,,1352.729,1218.539,
1069459.774,,1374.973,1245.362,
1069526.432,,1379.615,1218.273,
1069593.096,,1359.439,1230.697,
1069659.751,,1391.135,1231.697,
1069726.406,,1368.347,1224.032,
1069793.067,,1381.099,1257.593,
1069859.728,,1383.298,1263.210,
1069926.386,,1375.060,1293.647,
1069993.037,,1398.722,1300.053,
1070059.698,,1379.169,1285.429,
1070126.358,,1390.274,1307.248,
1070193.017,,1387.562,1290.260,
1070259.673,,1377.764,1313.286,
1070326.327,,1395.557,1330.577,
1070392.987,,1374.519,1320.038,
1070459.645,,1373.285,1322.889,
1070526.302,,1361.355,1280.064,
1070592.962,,1363.208,1293.506,
1070659.619,,1361.186,1278.714,
1070726.278,,1365.777,1277.696,
1070792.938,,1362.795,1272.486,
1070859.595,,1369.184,1262.957,
1070926.255,,1362.371,1255.497,
1070992.912,,1362.140,1249.145,
1071059.567,,1363.423,1253.366,
1071126.227,,1368.396,1247.796,
1071192.887,,1379.562,1246.790,
1071259.539,,1375.640,1239.676,
1071326.198,,1391.326,1248.303,
1071392.856,,1390.162,1251.693,
1071459.515,,1391.626,1255.086,
1071526.178,,1396.107,1252.400,
1071592.832,,1388.926,1245.914,
1071659.492,,1386.561,1245.458,
1071726.151,,1390.672,1238.983,
1071792.807,,1398.707,1239.322,
1071859.467,,1388.374,1236.909,
1071926.122,,1399.281,1231.525,
1071992.782,,1399.875,1231.952,
1072059.441,,1399.586,1237.539,
1072126.099,,1397.918,1244.443,
1072192.757,,1403.357,1243.353,
1072259.411,,1398.299,1267.903,
1072326.069,,1391.815,1290.622,
1072392.729,,1392.103,1294.838,
1072459.388,,1397.700,1307.196,
1072526.043,,1381.968,1324.750,
1072592.700,,1388.492,1323.744,
1072659.359,,1393.822,1317.081,
1072726.021,,1376.685,1309.391,
1072792.673,,1369.173,1299.122,
1072859.333,,1367.877,1282.732,
1072925.991,,1351.849,1268.747,
1072992.647,,1358.925,1278.030,
1073059.305,,1375.339,1272.864,
1073125.964,,1373.291,1273.555,
1073192.621,,1381.706,1268.943,
1073259.281,,1385.080,1265.524,
1073325.939,,1380.031,1269.078,
1073392.595,,1390.753,1265.023,
1073459.258,,1397.280,1256.963,
1073525.916,,1398.218,1256.763,
1073592.574,,1398.580,1255.722,
1073659.228,,1396.425,1247.180,
1073725.891,,1403.043,1243.203,
1073792.548,,1406.371,1244.662,
1073859.206,,1402.236,1246.867,
1073925.865,,1406.748,1243.849,
1073992.520,,1408.014,1262.476,
1074059.181,,1404.431,1280.347,
1074125.837,,1395.355,1276.532,
1074192.490,,1395.652,1272.888,
1074259.152,,1391.123,1271.039,
1074325.809,,1395.898,1263.695,
1074392.466,,1400.188,1257.955,
1074459.123,,1399.377,1254.864,
1074525.786,,1396.731,1248.608,
1074592.443,,1400.193,1241.597,
1074659.098,,1396.146,1239.154,
1074725.760,,1397.167,1233.266,
1074792.419,,1402.026,1228.553,
1074859.073,,1388.861,1219.173,
1074925.735,,1392.531,1216.638,
1074992.393,,1392.248,1215.496,
1075059.048,,1395.123,1213.919,
1075125.707,,1399.579,1207.873,
1075192.363,,1392.583,1206.564,
1075259.022,,1396.210,1202.316,
1075325.680,,1396.744,1199.250,
1075392.339,,1388.484,1197.031,
1075458.994,,1394.663,1199.846,
1075525.651,,1391.032,1203.395,
1075592.311,,1398.418,1215.058,
1075658.971,,1401.697,1213.328,
1075725.630,,1400.951,1217.749,
1075792.284,,1403.589,1209.319,
1075858.946,,1395.069,1205.857,
1075925.602,,1400.785,1216.885,
1075992.256,,1401.965,1216.736,
1076058.918,,1396.899,1215.911,
1076125.572,,1397.786,1214.972,
1076192.231,,1398.558,1238.706,
1076258.892,,1398.549,1265.197,
1076325.548,,1395.546,1266.197,
1076392.210,,1389.534,1267.168,
1076458.864,,1389.653,1263.344,
1076525.524,,1391.171,1254.378,
1076592.181,,1394.432,1250.793,
1076658.837,,1395.082,1238.347,
1076725.500,,1403.285,1229.237,
1076792.158,,1399.529,1228.284,
1076858.813,,1399.001,1222.923,
1076925.471,,1402.817,1218.948,
1076992.129,,1397.548,1212.635,
1077058.791,,1401.625,1214.443,
1077125.448,,1405.369,1211.770,
1077192.103,,1400.764,1206.302,
1077258.761,,1403.071,1209.664,
1077325.418,,1397.958,1212.779,
1077392.078,,1397.487,1216.580,
1077458.737,,1400.759,1210.079,
1077525.392,,1398.695,1208.236,
1077592.054,,1397.136,1205.029,
1077658.708,,1400.481,1200.733,
1077725.367,,1408.756,1199.294,
1077792.023,,1403.992,1197.509,
1077858.682,,1403.864,1191.881,
1077925.343,,1403.330,1188.520,
1077991.996,,1408.523,1187.501,
1078058.654,,1397.539,1187.987,
1078125.319,,1397.482,1182.181,
1078191.977,,1401.519,1182.243,
1078258.629,,1398.294,1183.934,
1078325.289,,1398.241,1180.473,
1078391.948,,1400.984,1178.141,
1078458.608,,1400.349,1178.139,
1078525.265,,1398.634,1177.869,
1078591.922,,1399.831,1175.503,
1078658.579,,1402.481,1177.294,
1078725.240,,1400.554,1185.880,
1078791.894,,1399.968,1188.363,
1078858.554,,1401.421,1188.607,
1078925.210,,1394.405,1187.259,
1078991.869,,1395.159,1185.187,
1079058.529,,1398.767,1181.885,
1079125.186,,1401.365,1181.119,
1079191.844,,1390.468,1178.841,
1079258.499,,1396.936,1176.045,
1079325.156,,1400.944,1174.761,
1079391.816,,1397.227,1174.053,
1079458.473,,1396.840,1168.789,
1079525.131,,1391.401,1168.175,
1079591.791,,1395.392,1167.421,
1079658.449,,1399.961,1166.937,
1079725.109,,1403.797,1166.487,
1079791.764,,1399.532,1163.273,
1079858.421,,1405.083,1165.085,
1079925.081,,1410.610,1165.793,
1079991.739,,1407.607,1166.992,
1080058.393,,1403.838,1163.518,
1080125.051,,1406.337,1161.267,
1080191.711,,1406.457,1166.073,
1080258.368,,1404.831,1168.620,
1080325.025,,1403.449,1166.207,
1080391.687,,1412.170,1165.160,
1080458.342,,1403.165,1165.034,
1080524.997,,1403.393,1163.307,
1080591.655,,1406.560,1164.243,
1080658.314,,1405.388,1164.969,
1080724.974,,1406.099,1159.618,
1080791.631,,1408.128,1161.005,
1080858.288,,1405.607,1160.619,
1080924.946,,1405.195,1164.108,
1080991.602,,1411.812,1162.851,
1081058.261,,1402.593,1155.307,
1081124.919,,1407.181,1159.144,
1081191.573,,1406.676,1158.576,
1081258.232,,1409.197,1156.600,
1081324.888,,1415.624,1162.001,
1081391.549,,1418.436,1160.761,
1081458.205,,1417.636,1159.606,
1081524.864,,1412.964,1159.937,
1081591.519,,1411.564,1157.777,
1081658.178,,1423.792,1163.109,
1081724.839,,1419.049,1159.429,
1081791.488,,1413.240,1161.372,
1081858.147,,1409.993,1158.093,
1081924.807,,1409.591,1156.583,
1081991.464,,1405.513,1157.292,
1082058.123,,1407.653,1158.716,
1082124.782,,1406.016,1159.420,
1082191.438,,1408.095,1156.407,
1082258.093,,1407.123,1159.434,
1082324.753,,1408.240,1159.112,
1082391.410,,1406.357,1155.954,
1082458.066,,1414.874,1162.284,
1082524.724,,1425.411,1165.612,
1082591.383,,1417.669,1159.024,
1082658.039,,1416.329,1162.727,
1082724.699,,1413.657,1162.708,
1082791.354,,1416.261,1166.051,
1082858.013,,1416.449,1166.145,
1082924.672,,1408.770,1164.396,
1082991.326,,1403.803,1164.763,
1083057.987,,1408.050,1164.530,
1083124.642,,1410.927,1166.454,
1083191.299,,1411.171,1165.778,
1083257.956,,1411.996,1164.147,
1083324.615,,1417.344,1169.372,
1083391.271,,1414.817,1173.571,
1083457.930,,1409.923,1173.394,
1083524.585,,1411.231,1171.170,
1083591.248,,1408.729,1171.777,
1083657.899,,1405.324,1171.131,
1083724.557,,1404.911,1167.168,
1083791.219,,1405.739,1164.907,
1083857.877,,1404.304,1164.784,
1083924.532,,1402.807,1161.920,
1083991.190,,1404.217,1161.555,
1084057.849,,1403.401,1161.830,
1084124.503,,1404.983,1160.214,
1084191.161,,1408.450,1158.839,
1084257.819,,1403.793,1157.580,
1084324.481,,1403.064,1157.070,
1084391.134,,1406.597,1155.706,
1084457.792,,1405.397,1154.165,
1084524.450,,1403.847,1152.184,
1084591.108,,1398.015,1149.963,
1084657.763,,1404.015,1151.944,
1084724.424,,1406.935,1154.010,
1084791.080,,1408.215,1150.743,
1084857.741,,1413.009,1151.956,
1084924.394,,1408.898,1153.995,
1084991.056,,1412.575,1152.007,
1085057.709,,1417.633,1152.485,
1085124.370,,1413.750,1155.741,
1085191.025,,1413.851,1153.034,
1085257.682,,1410.566,1156.038,
1085324.339,,1410.255,1155.612,
1085390.996,,1412.302,1155.065,
1085457.653,,1407.989,1157.030,
1085524.314,,1409.634,1164.069,
1085590.974,,1414.003,1169.742,
1085657.631,,1418.465,1174.069,
1085724.283,,1410.508,1177.056,
1085790.943,,1410.919,1178.847,
1085857.604,,1412.881,1185.037,
1085924.257,,1411.640,1195.328,
1085990.916,,1403.720,1199.102,
1086057.572,,1406.926,1206.949,
1086124.229,,1411.144,1210.471,
1086190.888,,1402.848,1206.933,
1086257.547,,1403.875,1201.857,
1086324.205,,1404.581,1201.562,
1086390.862,,1403.174,1214.891,
1086457.520,,1406.500,1232.164,
1086524.180,,1417.538,1236.269,
1086590.831,,1416.199,1237.380,
1086657.488,,1417.886,1234.070,
1086724.148,,1419.289,1232.308,
1086790.806,,1408.992,1227.299,
1086857.466,,1405.653,1221.469,
1086924.121,,1412.279,1222.456,
1086990.779,,1412.364,1222.505,
1087057.440,,1412.111,1232.699,
1087124.096,,1411.417,1242.823,
1087190.753,,1413.159,1245.332,
1087257.412,,1407.255,1246.398,
1087324.066,,1408.033,1242.597,
1087390.726,,1413.103,1238.244,
1087457.384,,1409.511,1236.597,
1087524.040,,1411.160,1231.214,
1087590.699,,1412.081,1227.772,
1087657.355,,1410.571,1220.546,
1087724.015,,1411.603,1216.152,
1087790.673,,1407.306,1214.389,
1087857.331,,1410.335,1209.383,
1087923.989,,1406.614,1205.124,
1087990.648,,1405.445,1200.393,
1088057.301,,1403.186,1197.840,
1088123.960,,1403.759,1196.142,
1088190.619,,1406.690,1193.444,
1088257.282,,1409.474,1192.607,
1088323.937,,1410.209,1194.605,
1088390.596,,1406.245,1190.193,
1088457.257,,1408.113,1187.246,
1088523.915,,1406.180,1187.946,
1088590.576,,1404.481,1184.897,
1088657.233,,1405.386,1184.209,
1088723.891,,1407.025,1182.538,
1088790.548,,1410.087,1184.738,
1088857.207,,1408.197,1181.582,
1088923.865,,1405.057,1182.943,
1088990.522,,1404.885,1182.437,
1089057.180,,1406.440,1180.816,
1089123.840,,1406.947,1181.313,
1089190.503,,1405.411,1183.669,
1089257.161,,1405.723,1182.355,
1089323.820,,1411.652,1185.298,
1089390.477,,1410.262,1181.990,
1089457.135,,1413.432,1179.855,
1089523.795,,1406.850,1179.297,
1089590.453,,1409.321,1178.585,
1089657.111,,1410.324,1178.221,
1089723.772,,1412.071,1175.970,
1089790.426,,1408.794,1177.933,
1089857.086,,1428.062,1173.605,
1089923.746,,1407.852,1174.506,
1089990.402,,1409.231,1175.054,
1090057.065,,1403.950,1173.239,
1090123.720,,1403.269,1169.099,
1090190.380,,1403.277,1167.702,
1090257.038,,1405.496,1168.551,
1090323.696,,1404.445,1168.053,
1090390.355,,1406.202,1162.527,
1090457.013,,1409.938,1162.117,
1090523.672,,1403.264,1162.731,
1090590.331,,1402.192,1161.477,
1090656.989,,1402.138,1159.937,
1090723.648,,1401.268,1157.240,
1090790.308,,1400.076,1157.414,
1090856.965,,1401.024,1159.799,
1090923.627,,1401.800,1162.100,
1090990.284,,1400.527,1178.043,
1091056.942,,1399.726,1191.288,
1091123.600,,1402.035,1226.493,
1091190.256,,1403.723,1243.723,
1091256.915,,1398.548,1242.837,
1091323.572,,1399.574,1238.141,
1091390.237,,1398.123,1234.225,
1091456.892,,1396.411,1228.587,
1091523.552,,1398.268,1225.116,
1091590.210,,1396.558,1217.654,
1091656.866,,1396.641,1213.330,
1091723.525,,1395.976,1211.696,
1091790.187,,1397.811,1208.990,
1091856.847,,1403.019,1206.289,
1091923.503,,1396.538,1203.176,
1091990.161,,1394.961,1199.521,
1092056.820,,1392.039,1196.118,
1092123.475,,1395.883,1190.998,
1092190.135,,1395.809,1187.065,
1092256.799,,1390.194,1185.353,
1092323.454,,1392.363,1181.604,
1092390.112,,1398.347,1182.131,
1092456.772,,1396.036,1180.422,
1092523.428,,1392.968,1176.558,
1092590.089,,1398.639,1179.403,
1092656.749,,1396.834,1173.731,
1092723.408,,1390.468,1173.927,
1092790.063,,1391.195,1172.652,
1092856.726,,1398.432,1174.237,
1092923.382,,1399.863,1173.276,
1092990.043,,1396.811,1174.103,
1093056.696,,1401.912,1170.427,
1093123.360,,1402.987,1171.629,
1093190.018,,1394.605,1170.244,
1093256.678,,1398.054,1165.618,
1093323.335,,1398.335,1165.249,
1093389.989,,1403.218,1167.013,
1093456.651,,1398.268,1165.171,
1093523.311,,1399.071,1164.203,
1093589.971,,1398.022,1164.687,
1093656.627,,1395.156,1163.428,
1093723.282,,1395.737,1160.000,
1093789.945,,1396.734,1160.009,
1093856.606,,1394.916,1156.317,
1093923.260,,1392.814,1155.249,
1093989.922,,1395.374,1153.361,
1094056.575,,1384.205,1154.417,
1094123.235,,1393.398,1155.996,
1094189.892,,1388.457,1150.616,
1094256.551,,1389.919,1151.264,
1094323.211,,1394.654,1149.757,
1094389.872,,1391.049,1150.363,
1094456.527,,1389.465,1146.689,
1094523.189,,1389.597,1146.434,
1094589.848,,1386.089,1149.694,
1094656.504,,1387.426,1147.803,
1094723.167,,1389.287,1148.080,
1094789.826,,1388.638,1148.514,
1094856.483,,1388.760,1147.968,
1094923.143,,1386.694,1148.313,
1094989.797,,1392.586,1150.996,
1095056.456,,1389.723,1147.225,
1095123.112,,1401.044,1150.637,
1095189.774,,1396.577,1156.417,
1095256.436,,1400.040,1188.186,
1095323.091,,1401.893,1208.495,
1095389.754,,1397.365,1213.384,
1095456.408,,1393.346,1212.100,
1095523.070,,1394.873,1214.346,
1095589.724,,1394.168,1215.336,
1095656.386,,1390.379,1222.104,
1095723.043,,1385.716,1216.974,
1095789.701,,1385.633,1214.801,
1095856.362,,1391.656,1210.449,
1095923.014,,1390.844,1214.494,
1095989.673,,1389.385,1213.358,
1096056.331,,1382.854,1212.126,
1096122.991,,1384.020,1212.995,
1096189.649,,1386.249,1205.681,
1096256.305,,1392.783,1201.081,
1096322.964,,1394.562,1194.793,
1096389.621,,1387.308,1195.308,
1096456.275,,1395.122,1192.901,
1096522.933,,1396.962,1191.025,
1096589.591,,1399.075,1187.493,
1096656.248,,1392.130,1181.116,
1096722.904,,1389.784,1178.855,
1096789.565,,1389.588,1177.278,
1096856.219,,1394.039,1173.957,
1096922.880,,1392.972,1172.961,
1096989.537,,1389.883,1167.424,
1097056.188,,1394.218,1168.573,
1097122.846,,1388.282,1165.848,
1097189.508,,1386.734,1164.127,
1097256.162,,1390.148,1165.177,
1097322.819,,1394.477,1163.281,
1097389.478,,1397.667,1160.750,
1097456.139,,1389.247,1159.038,
1097522.796,,1381.120,1152.925,
1097589.449,,1380.088,1154.984,
1097656.107,,1375.025,1156.252,
1097722.767,,1380.412,1154.057,
1097789.423,,1385.834,1153.346,
1097856.078,,1379.852,1154.126,
1097922.739,,1385.482,1154.398,
1097989.397,,1390.928,1153.480,
1098056.050,,1387.185,1155.577,
1098122.708,,1384.098,1148.341,
1098189.370,,1384.592,1149.462,
1098256.023,,1383.924,1150.731,
1098322.679,,1388.589,1148.738,
1098389.337,,1392.578,1150.676,
1098455.999,,1386.778,1147.631,
1098522.656,,1384.840,1147.676,
1098589.308,,1386.277,1148.915,
1098655.967,,1388.740,1145.892,
1098722.626,,1386.076,1147.603,
1098789.285,,1385.938,1144.557,
1098855.941,,1390.460,1142.670,
1098922.597,,1387.453,1144.431,
1098989.258,,1386.937,1142.761,
1099055.912,,1385.324,1143.917,
1099122.571,,1384.178,1143.939,
1099189.230,,1388.342,1142.259,
1099255.885,,1390.952,1146.651,
1099322.539,,1395.018,1147.930,
1099389.200,,1397.780,1152.041,
1099455.860,,1402.919,1154.592,
1099522.515,,1403.409,1156.937,
1099589.173,,1401.254,1155.331,
1099655.830,,1400.323,1153.336,
1099722.489,,1394.557,1151.256,
1099789.147,,1394.157,1153.211,
1099855.800,,1397.848,1151.386,
1099922.459,,1400.533,1153.958,
1099989.118,,1402.008,1156.692,
1100055.773,,1397.942,1158.397,
1100122.430,,1399.195,1160.233,
1100189.088,,1395.743,1161.201,
1100255.744,,1392.859,1168.870,
1100322.401,,1390.662,1184.097,
1100389.062,,1391.754,1185.120,
1100455.717,,1388.857,1191.171,
1100522.375,,1386.315,1188.941,
1100589.035,,1389.533,1188.696,
1100655.693,,1385.874,1183.889,
1100722.350,,1385.726,1184.146,
1100789.008,,1386.928,1177.558,
1100855.665,,1385.507,1178.006,
1100922.322,,1389.950,1175.194,
1100988.975,,1389.209,1174.623,
1101055.637,,1386.700,1174.781,
1101122.294,,1390.236,1169.916,
1101188.948,,1389.786,1168.708,
1101255.609,,1394.181,1170.954,
1101322.266,,1391.813,1172.433,
1101388.920,,1394.697,1169.905,
1101455.578,,1397.213,1167.180,
1101522.239,,1391.781,1161.524,
1101588.890,,1388.807,1163.148,
1101655.549,,1385.247,1163.017,
1101722.210,,1384.338,1159.620,
1101788.863,,1384.123,1156.232,
1101855.523,,1379.066,1158.816,
1101922.180,,1385.710,1159.920,
1101988.839,,1386.374,1158.647,
1102055.498,,1390.523,1157.047,
1102122.153,,1383.393,1157.725,
1102188.810,,1385.805,1155.179,
1102255.470,,1381.375,1156.380,
1102322.121,,1389.192,1150.079,
1102388.784,,1387.145,1154.623,
1102455.437,,1390.855,1151.418,
1102522.097,,1387.570,1150.566,
1102588.751,,1387.197,1150.699,
1102655.413,,1385.536,1144.840,
1102722.067,,1382.470,1146.263,
1102788.722,,1378.224,1143.032,
1102855.380,,1386.019,1145.189,
1102922.039,,1384.991,1146.809,
1102988.701,,1386.831,1146.714,
1103055.357,,1385.826,1148.243,
1103122.015,,1383.558,1152.632,
1103188.671,,1383.667,1163.618,
1103255.329,,1384.466,1174.326,
1103321.987,,1385.336,1181.176,
1103388.645,,1385.886,1188.246,
1103455.302,,1382.330,1190.263,
1103521.957,,1385.956,1189.508,
1103588.617,,1390.135,1194.115,
1103655.269,,1393.626,1204.498,
1103721.932,,1393.333,1206.877,
1103788.586,,1391.957,1222.224,
1103855.242,,1391.561,1226.140,
1103921.902,,1394.319,1232.096,
1103988.562,,1398.109,1229.213,
1104055.221,,1389.686,1220.216,
1104121.879,,1393.505,1219.407,
1104188.539,,1393.138,1221.062,
1104255.196,,1392.743,1220.356,
1104321.854,,1391.031,1213.548,
1104388.510,,1390.128,1211.047,
1104455.171,,1392.270,1206.080,
1104521.831,,1392.811,1201.110,
1104588.490,,1395.652,1202.998,
1104655.150,,1390.213,1195.689,
1104721.804,,1390.615,1190.402,
1104788.463,,1392.000,1190.029,
1104855.127,,1386.870,1192.454,
1104921.781,,1383.652,1181.885,
1104988.439,,1393.798,1184.105,
1105055.100,,1407.229,1184.112,
1105121.755,,1395.695,1178.799,
1105188.419,,1399.042,1174.433,
1105255.072,,1388.784,1172.280,
1105321.736,,1387.663,1172.404,
1105388.390,,1383.091,1166.026,
1105455.048,,1381.406,1164.483,
1105521.711,,1384.071,1162.524,
1105588.371,,1378.778,1162.710,
1105655.028,,1378.348,1162.615,
1105721.687,,1375.371,1162.475,
1105788.345,,1373.611,1160.768,
1105854.999,,1371.488,1161.150,
1105921.658,,1368.124,1158.634,
1105988.318,,1367.009,1159.734,
1106054.977,,1366.901,1158.477,
1106121.634,,1361.857,1163.958,
1106188.297,,1363.347,1159.344,
1106254.954,,1361.492,1162.808,
1106321.614,,1364.098,1168.542,
1106388.268,,1370.143,1170.731,
1106454.930,,1370.012,1169.601,
1106521.590,,1370.216,1172.763,
1106588.245,,1371.359,1176.335,
1106654.906,,1370.443,1172.118,
1106721.566,,1369.180,1173.338,
1106788.222,,1367.293,1168.015,
1106854.884,,1373.472,1165.850,
1106921.536,,1368.913,1164.004,
1106988.197,,1370.069,1161.667,
1107054.859,,1373.519,1160.825,
1107121.518,,1374.967,1160.732,
1107188.177,,1376.902,1160.141,
1107254.830,,1379.830,1161.876,
1107321.492,,1376.149,1162.239,
1107388.150,,1379.215,1178.328,
1107454.810,,1378.685,1195.964,
1107521.468,,1379.441,1205.419,
1107588.124,,1379.715,1205.153,
1107654.785,,1380.079,1203.529,
1107721.441,,1384.045,1199.261,
1107788.099,,1383.547,1196.281,
1107854.756,,1386.169,1196.708,
1107921.421,,1383.197,1192.749,
1107988.077,,1384.557,1189.223,
1108054.735,,1381.484,1186.097,
1108121.396,,1380.763,1182.436,
1108188.051,,1382.694,1179.022,
1108254.713,,1380.259,1177.125,
1108321.372,,1383.291,1176.079,
1108388.027,,1383.087,1179.293,
1108454.685,,1384.883,1177.335,
1108521.348,,1386.396,1177.791,
1108588.003,,1382.150,1177.679,
1108654.665,,1383.836,1176.815,
1108721.321,,1381.120,1177.555,
1108787.978,,1384.657,1174.619,
1108854.641,,1384.649,1174.894,
1108921.299,,1381.446,1173.705,
1108987.953,,1383.669,1172.407,
1109054.612,,1383.334,1173.593,
1109121.276,,1377.859,1177.385,
1109187.933,,1381.906,1174.816,
1109254.591,,1386.989,1173.188,
1109321.248,,1383.947,1173.973,
1109387.907,,1378.347,1169.138,
1109454.569,,1380.931,1168.926,
1109521.221,,1381.243,1168.500,
1109587.886,,1385.767,1165.822,
1109654.544,,1384.192,1166.869,
1109721.201,,1383.383,1165.506,
1109787.862,,1387.549,1159.451,
1109854.515,,1382.836,1160.971,
1109921.176,,1382.752,1157.045,
1109987.838,,1379.161,1147.371,
1110054.495,,1372.705,1155.283,
1110121.152,,1381.835,1154.118,
1110187.809,,1380.008,1152.400,
1110254.469,,1385.851,1150.536,
1110321.125,,1382.721,1149.640,
1110387.785,,1382.719,1149.582,
1110454.444,,1383.648,1147.513,
1110521.106,,1389.926,1147.393,
1110587.764,,1384.897,1148.095,
1110654.423,,1385.372,1145.205,
1110721.078,,1389.093,1147.566,
1110787.738,,1387.982,1147.909,
1110854.399,,1392.090,1147.348,
1110921.057,,1390.080,1149.239,
1110987.712,,1387.771,1150.762,
1111054.369,,1387.257,1149.760,
1111121.028,,1385.984,1141.686,
1111187.689,,1371.801,1142.880,
1111254.345,,1375.055,1141.420,
1111321.005,,1381.145,1146.162,
1111387.667,,1376.684,1151.920,
1111454.322,,1380.965,1152.508,
1111520.981,,1370.783,1155.069,
1111587.641,,1378.771,1154.010,
1111654.297,,1378.121,1154.133,
1111720.957,,1396.586,1156.273,
1111787.619,,1376.518,1151.802,
1111854.272,,1384.782,1154.169,
1111920.934,,1376.949,1143.656,
1111987.587,,1379.768,1144.205,
1112054.248,,1381.650,1142.602,
1112120.905,,1378.174,1145.844,
1112187.566,,1386.344,1147.812,
1112254.224,,1387.742,1148.938,
1112320.877,,1385.778,1150.574,
1112387.536,,1394.032,1149.033,
1112454.196,,1384.452,1145.390,
1112520.852,,1385.403,1146.505,
1112587.514,,1385.037,1150.134,
1112654.168,,1378.725,1150.619,
1112720.824,,1377.401,1151.914,
1112787.481,,1377.945,1149.766,
1112854.144,,1381.552,1148.879,
1112920.803,,1384.276,1150.533,
1112987.457,,1382.232,1153.257,
1113054.118,,1383.498,1152.387,
1113120.770,,1387.180,1153.685,
1113187.428,,1386.644,1154.422,
1113254.092,,1386.533,1156.452,
1113320.747,,1388.533,1156.277,
1113387.403,,1391.774,1154.303,
1113454.063,,1391.209,1157.661,
1113520.720,,1392.272,1155.680,
1113587.379,,1389.210,1152.219,
1113654.037,,1383.666,1146.422,
1113720.691,,1387.830,1150.187,
1113787.356,,1400.532,1152.347,
1113854.010,,1406.322,1152.542,
1113920.671,,1402.372,1148.238,
1113987.323,,1384.533,1141.792,
1114053.984,,1381.931,1141.383,
1114120.641,,1380.865,1141.040,
1114187.297,,1381.082,1144.407,
1114253.960,,1384.916,1145.563,
1114320.613,,1390.856,1144.152,
1114387.271,,1387.472,1140.565,
1114453.931,,1380.037,1139.263,
1114520.585,,1378.814,1138.239,
1114587.244,,1378.071,1138.030,
1114653.902,,1379.973,1138.800,
1114720.560,,1371.667,1139.038,
1114787.220,,1373.886,1143.644,
1114853.877,,1370.971,1149.103,
1114920.533,,1373.934,1146.434,
1114987.194,,1372.620,1148.108,
1115053.849,,1370.516,1146.890,
1115120.508,,1369.812,1146.230,
1115187.166,,1370.036,1145.636,
1115253.823,,1373.810,1148.268,
1115320.482,,1369.367,1152.855,
1115387.144,,1372.723,1153.931,
1115453.798,,1374.127,1157.847,
1115520.458,,1373.651,1165.084,
1115587.113,,1375.740,1164.553,
1115653.773,,1371.029,1169.626,
1115720.430,,1368.485,1163.409,
1115787.087,,1379.202,1163.059,
1115853.747,,1375.020,1163.551,
1115920.407,,1378.926,1163.342,
1115987.063,,1379.593,1162.175,
1116053.719,,1380.372,1171.719,
1116120.380,,1379.157,1177.377,
1116187.038,,1383.533,1177.771,
1116253.692,,1378.748,1171.122,
1116320.352,,1373.945,1170.273,
1116387.012,,1375.958,1167.090,
1116453.668,,1383.173,1166.882,
1116520.322,,1376.903,1167.984,
1116586.983,,1377.316,1176.182,
1116653.644,,1373.353,1191.299,
1116720.300,,1375.362,1198.031,
1116786.955,,1369.146,1200.075,
1116853.615,,1371.004,1206.425,
1116920.271,,1370.400,1208.399,
1116986.932,,1371.698,1202.716,
1117053.587,,1371.102,1201.807,
1117120.249,,1374.080,1199.903,
1117186.901,,1372.657,1203.908,
1117253.560,,1375.561,1205.256,
1117320.216,,1374.998,1193.749,
1117386.876,,1370.086,1184.018,
1117453.534,,1373.067,1185.690,
1117520.190,,1374.849,1188.429,
1117586.852,,1375.095,1194.552,
1117653.511,,1374.715,1220.394,
1117720.165,,1373.589,1347.538,
1117786.821,,1372.140,1441.692,
1117853.479,,1368.103,1472.218,
1117920.141,,1369.051,1526.959,
1117986.799,,1366.958,1573.959,
1118053.452,,1372.041,1559.977,
1118120.116,,1366.441,1542.358,
1118186.773,,1369.623,1543.746,
1118253.428,,1362.388,1512.463,
1118320.088,,1364.150,1491.111,
1118386.745,,1360.423,1482.758,
1118453.404,,1358.200,1470.965,
1118520.063,,1358.210,1458.462,
1118586.716,,1362.584,1460.350,
1118653.379,,1365.749,1440.823,
1118720.034,,1365.318,1416.041,
1118786.692,,1361.661,1397.935,
1118853.353,,1363.266,1392.700,
1118920.005,,1363.095,1383.623,
1118986.666,,1366.152,1362.788,
1119053.327,,1363.934,1348.767,
1119119.981,,1357.895,1327.982,
1119186.640,,1364.719,1318.079,
1119253.300,,1369.529,1314.440,
1119319.954,,1365.571,1303.269,
1119386.612,,1366.611,1295.613,
1119453.272,,1369.282,1287.225,
1119519.927,,1372.344,1280.564,
1119586.589,,1373.080,1272.479,
1119653.248,,1360.421,1265.633,
1119719.903,,1363.909,1259.239,
1119786.559,,1373.758,1258.599,
1119853.218,,1376.184,1250.778,
1119919.873,,1364.821,1239.792,
1119986.534,,1363.558,1234.587,
1120053.191,,1357.337,1233.381,
1120119.847,,1357.614,1227.031,
1120186.506,,1365.549,1223.060,
1120253.160,,1362.359,1223.091,
1120319.816,,1360.242,1215.362,
1120386.473,,1368.612,1213.008,
1120453.132,,1364.713,1211.067,
1120519.792,,1364.037,1207.054,
1120586.447,,1366.174,1207.537,
1120653.105,,1365.797,1202.506,
1120719.761,,1366.027,1198.916,
1120786.421,,1364.201,1198.804,
1120853.074,,1368.918,1193.206,
1120919.733,,1369.964,1195.268,
1120986.390,,1369.873,1197.169,
1121053.044,,1369.453,1191.094,
1121119.706,,1367.435,1188.578,
1121186.361,,1368.285,1184.589,
1121253.017,,1368.579,1186.081,
1121319.674,,1370.611,1185.312,
1121386.334,,1370.878,1183.432,
1121452.986,,1370.075,1181.275,
1121519.649,,1366.618,1180.839,
1121586.306,,1362.778,1177.979,
1121652.961,,1356.437,1180.563,
1121719.618,,1361.131,1180.407,
1121786.275,,1366.636,1182.985,
1121852.929,,1366.032,1178.804,
1121919.589,,1369.410,1178.613,
1121986.248,,1367.181,1177.769,
1122052.902,,1371.111,1178.664,
1122119.560,,1370.759,1175.807,
1122186.215,,1373.408,1174.294,
1122252.872,,1374.796,1173.964,
1122319.535,,1371.274,1171.555,
1122386.187,,1375.893,1171.442,
1122452.845,,1375.824,1173.575,
1122519.504,,1379.532,1169.679,
1122586.162,,1375.385,1167.683,
1122652.815,,1372.054,1167.074,
1122719.472,,1370.606,1164.489,
1122786.134,,1374.757,1164.235,
1122852.787,,1374.693,1162.055,
1122919.446,,1374.662,1158.784,
1122986.106,,1374.560,1158.389,
1123052.759,,1365.956,1156.602,
1123119.422,,1364.648,1156.994,
1123186.078,,1363.966,1154.461,
1123252.733,,1365.450,1155.699,
1123319.388,,1368.736,1153.707,
1123386.050,,1366.368,1155.143,
1123452.707,,1370.662,1153.422,
1123519.364,,1372.063,1153.460,
1123586.018,,1373.759,1156.479,
1123652.678,,1373.566,1155.060,
1123719.330,,1372.153,1149.898,
1123785.989,,1376.632,1151.907,
1123852.647,,1368.376,1153.081,
1123919.306,,1369.055,1154.284,
1123985.958,,1371.419,1151.667,
1124052.618,,1373.498,1152.979,
1124119.274,,1369.862,1158.860,
1124185.930,,1373.569,1161.024,
1124252.591,,1374.898,1166.297,
1124319.247,,1368.458,1172.766,
1124385.903,,1367.186,1168.402,
1124452.562,,1372.437,1167.365,
1124519.215,,1369.003,1164.547,
1124585.876,,1373.660,1166.966,
1124652.536,,1377.094,1160.860,
1124719.189,,1379.208,1162.702,
1124785.848,,1379.629,1155.068,
1124852.507,,1363.100,1152.447,
1124919.164,,1360.437,1150.333,
1124985.821,,1361.527,1151.855,
1125052.475,,1368.897,1153.348,
1125119.135,,1369.129,1151.773,
1125185.793,,1369.581,1153.298,
1125252.450,,1366.025,1152.730,
1125319.103,,1365.516,1152.046,
1125385.762,,1363.593,1154.496,
1125452.421,,1363.306,1154.109,
1125519.075,,1369.677,1155.162,
1125585.736,,1365.870,1158.146,
1125652.393,,1368.218,1153.756,
1125719.048,,1368.032,1154.218,
1125785.705,,1370.543,1153.205,
1125852.363,,1364.621,1155.495,
1125919.016,,1367.471,1153.159,
1125985.679,,1369.126,1155.961,
1126052.330,,1367.389,1155.083,
1126118.994,,1370.791,1153.242,
1126185.644,,1368.483,1155.235,
1126252.302,,1375.035,1158.562,
1126318.960,,1376.055,1158.420,
1126385.619,,1380.347,1159.346,
1126452.275,,1380.907,1159.111,
1126518.935,,1379.440,1158.152,
1126585.590,,1379.177,1161.267,
1126652.249,,1377.852,1160.042,
1126718.908,,1376.697,1162.162,
1126785.564,,1378.248,1161.404,
1126852.219,,1378.732,1164.875,
1126918.878,,1384.618,1168.350,
1126985.531,,1390.017,1166.710,
1127052.191,Input1*2*0,1384.779,1160.890,
1127118.849,Input1*2*1,1379.835,1156.543,
1127185.507,,1371.077,1152.228,
1127252.165,,1377.097,1151.849,
1127318.819,,1379.218,1151.496,
1127385.474,,1375.992,1154.727,
1127452.134,,1373.200,1159.378,
1127518.791,,1377.295,1157.845,
1127585.450,,1371.905,1156.608,
1127652.103,,1368.718,1158.383,
1127718.762,,1370.011,1154.866,
1127785.423,,1371.909,1153.672,
1127852.079,,1375.932,1153.902,
1127918.740,,1373.153,1153.613,
1127985.394,,1372.156,1149.194,
1128052.054,,1377.374,1148.624,
1128118.710,,1380.892,1149.995,
1128185.375,,1374.134,1148.133,
1128252.031,,1379.027,1145.357,
1128318.690,,1374.005,1146.278,
1128385.348,,1373.922,1144.116,
1128452.005,,1377.734,1145.390,
1128518.665,,1378.183,1146.019,
1128585.327,,1380.189,1147.859,
1128651.981,,1374.840,1151.210,
1128718.646,,1379.178,1160.447,
1128785.301,,1377.134,1157.755,
1128851.959,,1383.589,1163.341,
1128918.620,,1378.462,1166.349,
1128985.275,,1380.449,1167.849,
1129051.935,,1379.447,1168.337,
1129118.595,,1376.385,1172.970,
1129185.254,,1379.466,1172.472,
1129251.915,,1377.098,1174.306,
1129318.571,,1378.993,1174.813,
1129385.229,,1378.342,1174.555,
1129451.889,,1374.811,1177.807,
1129518.549,,1379.739,1176.115,
1129585.208,,1378.146,1176.398,
1129651.868,,1377.147,1173.724,
1129718.523,,1378.021,1173.155,
1129785.186,,1383.230,1169.742,
1129851.843,,1378.933,1170.262,
1129918.501,,1378.412,1160.030,
1129985.158,,1386.837,1159.279,
1130051.822,,1378.881,1156.387,
1130118.474,,1381.144,1155.656,
1130185.136,,1384.646,1151.833,
1130251.796,,1382.724,1152.420,
1130318.452,,1384.371,1148.301,
1130385.110,,1382.533,1146.680,
1130451.770,,1382.143,1145.721,
1130518.429,,1383.760,1149.530,
1130585.089,,1386.621,1144.135,
1130651.749,,1378.354,1143.215,
1130718.408,,1373.149,1142.665,
1130785.066,,1379.566,1143.686,
1130851.721,,1374.538,1143.466,
1130918.381,,1371.789,1145.671,
1130985.044,,1376.162,1150.005,
1131051.698,,1383.984,1152.734,
1131118.356,,1376.160,1156.092,
1131185.016,,1376.099,1162.156,
1131251.679,,1378.133,1204.642,
1131318.335,,1378.705,1248.070,
1131384.997,,1376.775,1255.852,
1131451.656,,1378.216,1258.023,
1131518.311,,1379.904,1260.315,
1131584.968,,1377.862,1253.320,
1131651.632,,1377.568,1248.775,
1131718.287,,1379.585,1241.011,
1131784.950,,1383.312,1232.511,
1131851.608,,1378.034,1227.706,
1131918.266,,1375.023,1223.198,
1131984.926,,1373.807,1220.465,
1132051.584,,1375.432,1218.381,
1132118.244,,1369.925,1220.540,
1132184.902,,1376.006,1214.010,
1132251.562,,1377.508,1208.259,
1132318.219,,1375.777,1202.766,
1132384.876,,1379.612,1197.844,
1132451.532,,1379.603,1193.636,
1132518.192,,1372.331,1186.046,
1132584.851,,1372.198,1179.840,
1132651.509,,1370.417,1187.516,
1132718.173,,1370.070,1189.179,
1132784.828,,1373.253,1190.276,
1132851.488,,1373.122,1187.632,
1132918.147,,1375.979,1194.845,
1132984.804,,1372.315,1205.011,
1133051.462,,1368.927,1200.790,
1133118.124,,1371.788,1198.164,
1133184.782,,1375.068,1187.806,
1133251.441,,1379.838,1197.783,
1133318.097,,1386.596,1185.177,
1133384.761,,1392.246,1195.224,
1133451.415,,1373.821,1184.386,
1133518.078,,1395.980,1192.274,
1133584.733,,1393.706,1186.817,
1133651.395,,1386.352,1181.794,
1133718.054,,1383.399,1184.913,
1133784.710,,1379.032,1184.679,
1133851.372,,1376.347,1180.679,
1133918.032,,1369.792,1177.909,
1133984.690,,1370.826,1181.863,
1134051.344,,1372.292,1181.905,
1134118.002,,1368.964,1178.485,
1134184.662,,1368.602,1180.515,
1134251.323,,1368.808,1179.353,
1134317.979,,1372.820,1177.388,
1134384.637,,1374.190,1178.506,
1134451.302,,1373.498,1174.158,
1134517.961,,1374.000,1175.822,
1134584.620,,1372.682,1171.943,
1134651.274,,1377.348,1171.304,
1134717.931,,1371.269,1166.148,
1134784.591,,1373.905,1165.655,
1134851.249,,1372.588,1158.628,
1134917.912,,1371.900,1158.716,
1134984.568,,1370.978,1157.843,
1135051.232,,1372.059,1153.406,
1135117.886,,1371.345,1152.858,
1135184.543,,1372.558,1153.135,
1135251.202,,1375.692,1151.679,
1135317.867,,1373.904,1151.057,
1135384.523,,1377.198,1151.583,
1135451.179,,1379.394,1154.538,
1135517.838,,1382.191,1153.421,
1135584.501,,1389.782,1157.304,
1135651.155,,1376.811,1157.295,
1135717.816,,1379.973,1157.751,
1135784.476,,1384.952,1156.895,
1135851.137,,1380.373,1153.385,
1135917.791,,1378.515,1153.182,
1135984.448,,1370.754,1151.999,
1136051.112,,1376.969,1153.304,
1136117.765,,1377.505,1150.526,
1136184.427,,1375.708,1155.535,
1136251.081,,1377.445,1157.587,
1136317.741,,1375.427,1157.266,
1136384.399,,1375.786,1168.193,
1136451.059,,1371.013,1173.040,
1136517.715,,1374.291,1173.246,
1136584.380,,1372.632,1174.299,
1136651.036,,1369.095,1179.235,
1136717.694,,1366.933,1177.557,
1136784.354,,1370.753,1175.589,
1136851.010,,1368.576,1179.130,
1136917.669,,1371.348,1180.321,
1136984.331,,1372.768,1184.498,
1137050.989,,1376.945,1182.650,
1137117.642,,1377.131,1179.266,
1137184.302,,1373.687,1176.831,
1137250.964,,1377.939,1176.959,
1137317.617,,1378.849,1175.869,
1137384.277,,1371.519,1168.187,
1137450.940,,1368.134,1168.176,
1137517.595,,1376.916,1166.642,
1137584.254,,1381.192,1167.588,
1137650.914,,1373.452,1168.125,
1137717.568,,1372.641,1164.964,
1137784.230,,1372.614,1164.544,
1137850.890,,1370.184,1166.441,
1137917.545,,1368.593,1180.634,
1137984.204,,1368.902,1195.993,
1138050.861,,1367.806,1198.824,
1138117.520,,1370.483,1200.655,
1138184.179,,1371.999,1214.672,
1138250.837,,1370.753,1230.822,
1138317.494,,1368.671,1233.886,
1138384.151,,1375.881,1234.649,
1138450.811,,1374.924,1235.057,
1138517.469,,1371.738,1227.380,
1138584.127,,1384.108,1225.908,
1138650.786,,1378.415,1223.158,
1138717.444,,1379.926,1212.269,
1138784.105,,1373.739,1210.476,
1138850.763,,1377.401,1215.501,
1138917.421,,1376.457,1219.235,
1138984.078,,1376.397,1222.711,
1139050.741,,1379.994,1220.357,
1139117.395,,1378.291,1216.487,
1139184.054,,1374.226,1215.166,
1139250.717,,1375.697,1209.248,
1139317.373,,1375.990,1208.897,
1139384.029,,1380.961,1216.656,
1139450.693,,1376.376,1216.311,
1139517.346,,1376.415,1212.214,
1139584.003,,1374.775,1210.932,
1139650.665,,1372.740,1205.107,
1139717.323,,1372.354,1201.300,
1139783.982,,1374.162,1198.504,
1139850.641,,1368.670,1191.826,
1139917.296,,1372.492,1191.240,
1139983.955,,1375.663,1193.105,
1140050.616,,1371.197,1190.999,
1140117.272,,1372.622,1186.360,
1140183.936,,1366.631,1193.716,
1140250.594,,1369.513,1194.678,
1140317.252,,1374.941,1216.376,
1140383.908,,1366.807,1262.482,
1140450.564,,1375.582,1331.676,
1140517.226,,1371.304,1373.827,
1140583.882,,1371.292,1378.681,
1140650.539,,1370.305,1381.768,
1140717.204,,1368.892,1390.314,
1140783.857,,1371.249,1384.902,
1140850.516,,1367.590,1382.965,
1140917.175,,1368.905,1373.409,
1140983.833,,1372.494,1375.980,
1141050.495,,1367.690,1364.350,
1141117.153,,1368.410,1351.028,
1141183.807,,1366.424,1344.901,
1141250.466,,1371.139,1327.306,
1141317.128,,1372.741,1316.761,
1141383.786,,1367.045,1301.423,
1141450.440,,1368.819,1294.606,
1141517.102,,1367.462,1288.813,
1141583.757,,1365.508,1277.718,
1141650.417,,1363.792,1272.425,
1141717.076,,1360.113,1265.401,
1141783.735,,1365.460,1259.703,
1141850.396,,1363.746,1254.936,
1141917.053,,1364.131,1251.876,
1141983.713,,1362.380,1244.964,
1142050.371,,1363.586,1241.414,
1142117.029,,1352.588,1235.107,
1142183.684,,1362.424,1232.952,
1142250.346,,1367.611,1228.315,
1142317.005,,1369.858,1226.098,
1142383.664,,1369.285,1222.368,
1142450.323,,1373.776,1224.867,
1142516.980,,1371.484,1217.466,
1142583.639,,1370.599,1218.095,
1142650.298,,1374.596,1217.077,
1142716.953,,1371.391,1212.624,
1142783.616,,1373.045,1212.913,
1142850.269,,1370.257,1210.106,
1142916.927,,1374.812,1206.503,
1142983.584,,1376.921,1202.545,
1143050.246,,1375.323,1198.526,
1143116.904,,1378.733,1197.748,
1143183.562,,1386.153,1193.565,
1143250.221,,1384.748,1194.849,
1143316.879,,1381.317,1186.800,
1143383.539,,1374.271,1183.451,
1143450.197,,1377.880,1182.935,
1143516.857,,1378.213,1178.939,
1143583.514,,1379.662,1182.811,
1143650.175,,1385.959,1178.675,
1143716.833,,1382.842,1179.065,
1143783.492,,1376.205,1174.221,
1143850.144,,1372.485,1172.437,
1143916.804,,1373.618,1171.795,
1143983.463,,1370.089,1173.011,
1144050.115,,1371.817,1170.273,
1144116.776,,1376.695,1174.442,
1144183.429,,1373.857,1181.086,
1144250.086,,1373.900,1187.193,
1144316.748,,1372.670,1184.932,
1144383.404,,1371.856,1183.609,
1144450.064,,1368.807,1178.749,
1144516.720,,1366.994,1174.746,
1144583.377,,1365.373,1173.892,
1144650.035,,1366.574,1171.487,
1144716.691,,1371.760,1169.296,
1144783.345,,1371.183,1168.356,
1144850.003,,1368.958,1166.141,
1144916.658,,1367.458,1161.408,
1144983.318,,1367.490,1164.408,
1145049.973,,1363.995,1168.288,
1145116.629,,1362.374,1166.441,
1145183.290,,1363.983,1168.784,
1145249.944,,1364.323,1168.143,
1145316.601,,1364.794,1169.515,
1145383.263,,1371.753,1169.220,
1145449.919,,1371.582,1165.151,
1145516.577,,1365.313,1165.107,
1145583.233,,1363.155,1164.875,
1145649.889,,1364.885,1164.608,
1145716.543,,1364.666,1165.154,
1145783.204,,1370.357,1162.934,
1145849.858,,1373.772,1163.361,
1145916.518,,1369.999,1157.104,
1145983.177,,1384.930,1158.622,
1146049.831,,1372.273,1161.785,
1146116.490,,1373.103,1156.637,
1146183.150,,1368.315,1153.261,
1146249.805,,1379.985,1154.312,
1146316.461,,1371.811,1150.395,
1146383.119,,1371.967,1153.726,
1146449.775,,1370.637,1153.895,
1146516.430,,1365.979,1156.338,
1146583.090,,1370.677,1154.025,
1146649.743,,1369.698,1154.442,
1146716.404,,1366.235,1160.064,
1146783.063,,1370.831,1167.150,
1146849.718,,1376.684,1168.970,
1146916.371,,1371.971,1168.301,
1146983.032,,1370.963,1170.427,
1147049.689,,1368.694,1170.856,
1147116.345,,1371.402,1170.506,
1147183.006,,1368.248,1170.212,
1147249.660,,1365.727,1174.040,
1147316.321,,1368.598,1173.471,
1147382.977,,1371.638,1175.219,
1147449.630,,1371.381,1172.223,
1147516.290,,1372.672,1169.086,
1147582.949,,1372.153,1167.196,
1147649.606,,1371.083,1165.319,
1147716.258,,1375.303,1164.836,
1147782.917,,1376.604,1167.433,
1147849.576,,1376.744,1169.096,
1147916.234,,1376.635,1170.568,
1147982.889,,1378.752,1171.827,
1148049.544,,1382.056,1167.404,
1148116.206,,1378.401,1167.638,
1148182.858,,1373.957,1165.822,
1148249.521,,1373.377,1162.360,
1148316.173,,1372.681,1163.328,
1148382.828,,1366.519,1163.483,
1148449.489,,1372.694,1164.554,
1148516.143,,1371.706,1164.283,
1148582.800,,1365.693,1159.320,
1148649.459,,1369.814,1158.881,
1148716.121,,1370.602,1157.952,
1148782.778,,1373.175,1156.321,
1148849.429,,1384.176,1155.619,
1148916.091,,1372.490,1156.696,
1148982.744,,1378.378,1159.466,
1149049.402,,1370.954,1172.723,
1149116.057,,1372.303,1191.991,
1149182.718,,1369.871,1203.946,
1149249.374,,1371.136,1213.193,
1149316.029,,1377.404,1221.915,
1149382.687,,1369.319,1219.442,
1149449.343,,1374.947,1214.472,
1149516.004,,1370.696,1206.665,
1149582.663,,1370.790,1202.311,
1149649.314,,1367.319,1198.463,
1149715.975,,1371.135,1189.865,
1149782.630,,1372.756,1191.475,
1149849.286,,1371.520,1184.693,
1149915.944,,1372.068,1182.596,
1149982.602,,1375.463,1178.489,
1150049.258,,1381.958,1179.166,
1150115.920,,1377.879,1170.220,
1150182.573,,1369.142,1171.065,
1150249.233,,1376.118,1168.308,
1150315.890,,1370.671,1171.271,
1150382.544,,1370.106,1166.509,
1150449.200,,1374.248,1166.478,
1150515.861,,1374.646,1165.401,
1150582.516,,1369.425,1163.478,
1150649.177,,1369.944,1167.404,
1150715.832,,1368.802,1163.736,
1150782.487,,1368.627,1167.045,
1150849.148,,1371.292,1166.770,
1150915.804,,1373.642,1162.989,
1150982.463,,1376.388,1162.878,
1151049.120,,1379.973,1164.079,
1151115.776,,1375.166,1159.839,
1151182.431,,1370.217,1158.896,
1151249.092,,1371.823,1157.332,
1151315.743,,1373.076,1154.707,
1151382.402,,1372.006,1154.441,
1151449.057,,1371.180,1153.840,
1151515.716,,1374.931,1153.290,
1151582.374,,1372.930,1151.310,
1151649.033,,1377.012,1150.377,
1151715.689,,1376.077,1156.708,
1151782.349,,1375.016,1164.437,
1151849.002,,1376.195,1166.512,
1151915.660,,1376.086,1166.104,
1151982.322,,1378.877,1168.228,
1152048.980,,1383.343,1166.780,
1152115.639,,1386.753,1167.246,
1152182.293,,1385.446,1162.651,
1152248.953,,1383.448,1163.184,
1152315.606,,1387.654,1162.154,
1152382.270,,1391.829,1162.462,
1152448.923,,1387.231,1160.296,
1152515.585,,1386.468,1160.530,
1152582.241,,1392.722,1161.595,
1152648.902,,1381.595,1156.463,
1152715.557,,1378.568,1157.323,
1152782.218,,1381.707,1157.553,
1152848.870,,1382.270,1157.595,
1152915.528,,1383.958,1158.818,
1152982.192,,1381.090,1159.047,
1153048.844,,1380.434,1159.775,
1153115.506,,1386.054,1160.150,
1153182.162,,1383.475,1159.175,
1153248.821,,1378.014,1159.321,
1153315.481,,1381.929,1162.480,
1153382.136,,1390.166,1158.829,
1153448.795,,1383.580,1157.980,
1153515.450,,1380.596,1156.171,
1153582.113,,1385.821,1153.644,
1153648.770,,1384.930,1151.965,
1153715.426,,1387.959,1150.613,
1153782.087,,1381.268,1148.514,
1153848.740,,1378.722,1145.833,
1153915.401,,1376.158,1145.340,
1153982.057,,1378.273,1145.326,
1154048.718,,1378.441,1145.021,
1154115.374,,1381.942,1142.855,
1154182.034,,1376.092,1144.683,
1154248.690,,1378.434,1143.392,
1154315.350,,1378.466,1144.047,
1154382.006,,1381.354,1143.420,
1154448.662,,1377.968,1141.793,
1154515.325,,1375.473,1143.878,
1154581.981,,1375.213,1146.569,
1154648.637,,1372.327,1149.842,
1154715.294,,1371.908,1146.415,
1154781.956,,1371.169,1145.527,
1154848.609,,1369.421,1146.925,
1154915.272,,1366.447,1148.564,
1154981.927,,1368.909,1149.322,
1155048.588,,1378.048,1148.308,
1155115.240,,1375.526,1149.697,
1155181.898,,1378.260,1149.229,
1155248.558,,1384.653,1149.806,
1155315.220,,1373.589,1149.444,
1155381.874,,1371.723,1149.762,
1155448.536,,1368.622,1152.483,
1155515.188,,1375.895,1155.069,
1155581.846,,1375.042,1164.526,
1155648.510,,1380.648,1167.465,
1155715.165,,1376.967,1167.863,
1155781.821,,1377.592,1168.602,
1155848.478,,1380.288,1167.839,
1155915.138,,1381.653,1168.662,
1155981.795,,1378.431,1168.503,
1156048.457,,1378.558,1170.603,
1156115.110,,1377.081,1174.380,
1156181.769,,1380.285,1166.702,
1156248.427,,1376.843,1169.592,
1156315.087,,1380.032,1167.299,
1156381.742,,1378.183,1164.791,
1156448.404,,1380.617,1163.844,
1156515.057,,1377.928,1162.561,
1156581.719,,1381.169,1159.945,
1156648.378,,1376.953,1159.666,
1156715.034,,1374.109,1157.635,
1156781.690,,1375.281,1153.851,
1156848.353,,1378.406,1152.275,
1156915.006,,1370.047,1151.258,
1156981.668,,1376.192,1150.649,
1157048.326,,1366.871,1146.623,
1157114.979,,1366.030,1146.599,
1157181.640,,1369.326,1147.326,
1157248.294,,1371.421,1144.484,
1157314.956,,1373.946,1145.612,
1157381.612,,1373.207,1146.360,
1157448.270,,1372.810,1146.774,
1157514.927,,1373.218,1145.553,
1157581.586,,1379.248,1146.321,
1157648.247,,1378.839,1146.293,
1157714.904,,1379.607,1142.491,
1157781.562,,1379.387,1143.226,
1157848.215,,1381.693,1140.677,
1157914.877,,1377.995,1139.584,
1157981.537,,1372.471,1138.779,
1158048.193,,1370.128,1137.282,
1158114.849,,1370.131,1137.516,
1158181.506,,1368.827,1138.041,
1158248.167,,1370.596,1138.907,
1158314.822,,1372.420,1139.019,
1158381.482,,1372.007,1141.354,
1158448.141,,1376.573,1139.814,
1158514.796,,1372.221,1140.083,
1158581.456,,1376.620,1141.420,
1158648.114,,1375.610,1145.434,
1158714.771,,1379.509,1150.542,
1158781.429,,1377.559,1151.060,
1158848.088,,1368.198,1153.088,
1158914.749,,1371.979,1153.500,
1158981.404,,1373.340,1152.731,
1159048.061,,1366.249,1154.801,
1159114.721,,1371.547,1151.747,
1159181.375,,1372.383,1150.900,
1159248.036,,1371.950,1152.763,
1159314.696,,1376.689,1152.507,
1159381.352,,1380.933,1151.797,
1159448.011,,1378.772,1149.541,
1159514.670,,1377.416,1147.314,
1159581.326,,1373.345,1146.639,
1159647.981,,1368.985,1144.036,
1159714.643,,1370.203,1145.368,
1159781.299,,1374.117,1143.637,
1159847.954,,1380.940,1148.764,
1159914.611,,1376.877,1152.072,
1159981.274,,1375.721,1151.498,
1160047.932,,1371.979,1154.178,
1160114.587,,1377.396,1157.018,
1160181.245,,1376.346,1159.740,
1160247.904,,1372.996,1158.233,
1160314.557,,1367.443,1159.330,
1160381.215,,1369.837,1159.445,
1160447.875,,1370.325,1159.819,
1160514.533,,1370.776,1163.820,
1160581.188,,1368.575,1163.238,
1160647.848,,1373.571,1163.842,
1160714.509,,1377.365,1175.671,
1160781.163,,1372.099,1183.568,
1160847.821,,1372.190,1190.337,
1160914.481,,1371.927,1198.633,
1160981.139,,1374.232,1206.712,
1161047.794,,1375.258,1204.701,
1161114.455,,1378.847,1201.459,
1161181.111,,1384.250,1197.811,
1161247.770,,1379.156,1192.739,
1161314.425,,1375.957,1187.229,
1161381.081,,1373.872,1185.792,
1161447.743,,1372.190,1182.100,
1161514.399,,1369.017,1180.124,
1161581.060,,1367.046,1176.418,
1161647.716,,1368.754,1176.219,
1161714.371,,1369.745,1172.193,
1161781.033,,1373.678,1171.696,
1161847.686,,1372.847,1171.091,
1161914.347,,1373.197,1168.101,
1161981.005,,1374.070,1164.560,
1162047.661,,1366.129,1161.020,
1162114.319,,1365.531,1159.279,
1162180.980,,1366.397,1157.595,
1162247.637,,1365.101,1156.791,
1162314.293,,1364.194,1154.733,
1162380.951,,1363.637,1156.841,
1162447.604,,1364.558,1158.587,
1162514.265,,1368.032,1158.173,
1162580.920,,1368.229,1156.766,
1162647.577,,1367.147,1155.636,
1162714.240,,1369.111,1153.737,
1162780.897,,1365.694,1155.503,
1162847.551,,1368.075,1156.051,
1162914.210,,1370.791,1157.500,
1162980.866,,1376.680,1158.058,
1163047.530,,1366.442,1159.717,
1163114.184,,1371.800,1158.351,
1163180.844,,1372.330,1157.158,
1163247.501,,1379.254,1156.265,
1163314.156,,1368.373,1154.987,
1163380.812,,1365.894,1155.199,
1163447.470,,1372.589,1153.585,
1163514.130,,1369.931,1156.869,
1163580.786,,1369.592,1158.893,
1163647.446,,1367.416,1162.303,
1163714.106,,1375.477,1162.549,
1163780.762,,1373.735,1159.131,
1163847.420,,1371.370,1158.288,
1163914.075,,1371.874,1156.899,
1163980.734,,1373.417,1154.604,
1164047.395,,1370.665,1150.560,
1164114.047,,1364.388,1149.995,
1164180.704,,1360.585,1149.330,
1164247.365,,1357.346,1151.928,
1164314.026,,1363.158,1152.700,
1164380.682,,1368.427,1151.137,
1164447.336,,1369.034,1149.303,
1164513.993,,1361.748,1151.473,
1164580.651,,1363.563,1152.166,
1164647.310,,1363.846,1155.276,
1164713.966,,1362.105,1155.782,
1164780.626,,1370.042,1165.052,
1164847.282,,1370.223,1176.072,
1164913.939,,1369.353,1179.170,
1164980.599,,1366.028,1179.262,
1165047.259,,1366.771,1182.230,
1165113.917,,1374.165,1187.045,
1165180.572,,1374.460,1194.094,
1165247.228,,1375.895,1197.716,
1165313.889,,1374.548,1204.138,
1165380.545,,1369.345,1212.189,
1165447.200,,1376.098,1219.758,
1165513.858,,1374.655,1221.501,
1165580.517,,1374.726,1219.432,
1165647.173,,1372.319,1214.456,
1165713.831,,1376.848,1239.390,
1165780.491,,1373.064,1276.038,
1165847.151,,1373.685,1289.239,
1165913.805,,1376.411,1291.259,
1165980.468,,1376.242,1291.653,
1166047.121,,1376.816,1291.807,
1166113.781,,1380.229,1284.499,
1166180.435,,1375.136,1277.714,
1166247.096,,1372.096,1260.323,
1166313.754,,1369.373,1257.790,
1166380.411,,1362.052,1259.315,
1166447.072,,1368.107,1251.392,
1166513.730,,1374.476,1243.365,
1166580.382,,1363.688,1242.308,
1166647.042,,1363.775,1229.711,
1166713.700,,1369.114,1225.696,
1166780.356,,1373.956,1218.265,
1166847.017,,1375.937,1216.052,
1166913.673,,1379.871,1212.454,
1166980.328,,1379.052,1206.089,
1167046.990,,1378.828,1201.913,
1167113.644,,1374.899,1199.809,
1167180.301,,1381.043,1194.217,
1167246.961,,1379.257,1189.463,
1167313.619,,1376.862,1190.484,
1167380.275,,1380.358,1182.183,
1167446.933,,1369.524,1176.299,
1167513.596,,1361.719,1174.889,
1167580.252,,1364.725,1179.358,
1167646.906,,1369.622,1175.614,
1167713.568,,1373.103,1175.593,
1167780.224,,1365.945,1177.043,
1167846.884,,1369.961,1179.551,
1167913.542,,1373.255,1184.224,
1167980.197,,1370.922,1194.866,
1168046.857,,1369.842,1216.012,
1168113.517,,1365.888,1230.735,
1168180.178,,1361.390,1228.110,
1168246.831,,1361.506,1228.901,
1168313.494,,1365.639,1237.236,
1168380.152,,1366.010,1247.823,
1168446.809,,1369.431,1245.430,
1168513.468,,1365.265,1240.006,
1168580.129,,1370.143,1236.789,
1168646.789,,1367.856,1234.709,
1168713.441,,1363.699,1236.523,
1168780.104,,1363.748,1230.185,
1168846.763,,1364.928,1228.321,
1168913.417,,1364.385,1232.119,
1168980.076,,1363.584,1237.073,
1169046.737,,1363.203,1235.862,
1169113.396,,1365.067,1236.752,
1169180.052,,1362.079,1247.725,
1169246.713,,1365.461,1251.001,
1169313.375,,1358.310,1242.662,
1169380.032,,1365.900,1244.887,
1169446.692,,1366.275,1246.948,
1169513.348,,1368.554,1241.481,
1169580.009,,1370.531,1236.913,
1169646.668,,1372.527,1229.054,
1169713.326,,1369.893,1223.379,
1169779.984,,1370.468,1217.964,
1169846.641,,1369.270,1218.914,
1169913.302,,1369.610,1215.918,
1169979.962,,1364.987,1214.412,
1170046.615,,1366.852,1215.516,
1170113.276,,1370.442,1218.035,
1170179.935,,1370.323,1221.616,
1170246.593,,1373.670,1218.161,
1170313.251,,1375.883,1214.777,
1170379.912,,1376.462,1211.845,
1170446.571,,1380.097,1209.465,
1170513.227,,1380.879,1208.101,
1170579.883,,1377.647,1202.421,
1170646.548,,1382.129,1199.105,
1170713.207,,1374.696,1197.340,
1170779.863,,1375.800,1192.141,
1170846.519,,1378.930,1188.173,
1170913.181,,1372.230,1184.764,
1170979.836,,1368.095,1181.361,
1171046.496,,1374.971,1179.693,
1171113.154,,1369.115,1181.232,
1171179.813,,1372.717,1177.829,
1171246.476,,1375.242,1174.886,
1171313.132,,1368.890,1172.646,
1171379.792,,1363.594,1166.999,
1171446.452,,1366.516,1163.947,
1171513.111,,1364.597,1165.813,
1171579.769,,1363.781,1161.255,
1171646.425,,1364.350,1162.632,
1171713.086,,1359.167,1160.226,
1171779.741,,1362.713,1161.672,
1171846.400,,1366.385,1161.453,
1171913.059,,1366.509,1159.370,
1171979.717,,1367.630,1159.612,
1172046.374,,1366.959,1159.906,
1172113.034,,1367.277,1160.230,
1172179.696,,1368.192,1157.606,
1172246.355,,1368.112,1157.796,
1172313.009,,1368.502,1157.241,
1172379.671,,1375.733,1156.256,
1172446.329,,1375.412,1154.320,
1172512.988,,1373.971,1153.469,
1172579.644,,1367.637,1150.760,
1172646.306,,1362.405,1154.073,
1172712.965,,1365.658,1154.411,
1172779.620,,1365.029,1150.073,
1172846.284,,1362.064,1150.427,
1172912.942,,1364.493,1147.414,
1172979.599,,1360.523,1146.877,
1173046.256,,1362.840,1147.192,
1173112.917,,1366.236,1148.989,
1173179.576,,1366.152,1146.647,
1173246.232,,1364.914,1146.493,
1173312.896,,1365.556,1145.508,
1173379.550,,1367.423,1146.501,
1173446.211,,1364.301,1144.631,
1173512.868,,1363.019,1145.860,
1173579.528,,1368.899,1144.318,
1173646.185,,1364.571,1145.529,
1173712.846,,1363.849,1143.606,
1173779.503,,1371.189,1147.015,
1173846.160,,1367.602,1148.186,
1173912.821,,1370.946,1146.883,
1173979.478,,1375.491,1147.921,
1174046.138,,1374.141,1151.345,
1174112.795,,1370.668,1151.774,
1174179.452,,1370.579,1149.544,
1174246.112,,1370.923,1148.798,
1174312.770,,1368.944,1149.391,
1174379.434,,1369.561,1151.581,
1174446.086,,1366.445,1152.728,
1174512.745,,1367.858,1152.555,
1174579.404,,1365.365,1153.541,
1174646.069,,1366.478,1153.176,
1174712.721,,1370.975,1150.995,
1174779.384,,1368.148,1146.792,
1174846.038,,1362.658,1146.143,
1174912.701,,1357.870,1143.518,
1174979.356,,1359.680,1143.100,
1175046.018,,1359.370,1143.875,
1175112.673,,1359.123,1144.585,
1175179.333,,1368.093,1159.389,
1175245.994,,1373.561,1145.830,
1175312.652,,1368.328,1143.893,
1175379.307,,1368.165,1144.255,
1175445.966,,1366.907,1143.759,
1175512.625,,1369.138,1144.144,
1175579.290,,1364.539,1144.824,
1175645.944,,1366.503,1143.987,
1175712.604,,1366.119,1145.102,
1175779.264,,1367.405,1147.401,
1175845.923,,1367.615,1151.629,
1175912.579,,1370.070,1158.979,
1175979.236,,1362.867,1162.217,
1176045.889,,1368.064,1164.650,
1176112.551,,1365.560,1162.505,
1176179.210,,1364.940,1164.295,
1176245.862,,1359.467,1164.153,
1176312.522,,1366.468,1171.286,
1176379.183,,1362.571,1182.928,
1176445.839,,1363.046,1182.840,
1176512.492,,1366.191,1185.788,
1176579.151,,1362.569,1193.724,
1176645.808,,1364.808,1193.571,
1176712.470,,1366.768,1192.668,
1176779.127,,1367.361,1191.207,
1176845.781,,1362.175,1187.480,
1176912.444,,1364.707,1191.605,
1176979.100,,1362.430,1192.332,
1177045.753,,1362.899,1193.156,
1177112.414,,1366.384,1190.220,
1177179.073,,1366.556,1189.265,
1177245.728,,1363.000,1184.213,
1177312.386,,1366.536,1183.677,
1177379.041,,1363.016,1184.924,
1177445.700,,1363.746,1187.765,
1177512.360,,1366.632,1186.920,
1177579.014,,1368.814,1187.878,
1177645.670,,1366.831,1186.153,
1177712.328,,1363.950,1184.298,
1177778.989,,1362.693,1182.857,
1177845.644,,1364.448,1182.591,
1177912.305,,1362.178,1184.616,
1177978.958,,1364.493,1182.858,
1178045.616,,1367.583,1182.672,
1178112.275,,1372.751,1181.056,
1178178.935,,1373.025,1181.310,
1178245.588,,1366.797,1176.538,
1178312.250,,1365.442,1172.911,
1178378.903,,1370.969,1171.297,
1178445.560,,1366.798,1168.594,
1178512.222,,1364.930,1171.026,
1178578.875,,1362.202,1170.283,
1178645.538,,1362.140,1172.278,
1178712.191,,1367.125,1170.844,
1178778.852,,1372.322,1173.944,
1178845.510,,1371.966,1178.587,
1178912.164,,1379.327,1177.935,
1178978.821,,1369.909,1177.909,
1179045.478,,1366.659,1175.356,
1179112.136,,1365.918,1176.899,
1179178.797,,1367.761,1176.555,
1179245.451,,1367.509,1172.708,
1179312.113,,1367.881,1172.362,
1179378.765,,1367.411,1171.824,
1179445.423,,1366.560,1169.445,
1179512.087,,1367.012,1166.288,
1179578.744,,1362.080,1166.372,
1179645.399,,1360.714,1165.185,
1179712.054,,1363.706,1165.595,
1179778.715,,1364.452,1167.414,
1179845.368,,1366.494,1166.971,
1179912.026,,1363.500,1163.276,
1179978.685,,1366.327,1164.459,
1180045.343,,1365.620,1165.928,
1180111.999,,1363.033,1165.710,
1180178.657,,1367.337,1168.141,
1180245.314,,1371.437,1170.615,
1180311.971,,1373.264,1169.131,
1180378.629,,1372.413,1168.698,
1180445.285,,1378.778,1166.749,
1180511.947,,1368.638,1163.857,
1180578.603,,1365.290,1160.937,
1180645.258,,1371.588,1161.081,
1180711.921,,1369.644,1161.393,
1180778.577,,1363.415,1156.274,
1180845.231,,1366.668,1155.987,
1180911.889,,1365.787,1156.229,
1180978.547,,1372.644,1155.657,
1181045.207,,1371.117,1157.132,
1181111.864,,1373.513,1155.707,
1181178.522,,1374.323,1155.625,
1181245.180,,1374.911,1155.267,
1181311.836,,1374.498,1156.312,
1181378.496,,1379.801,1159.830,
1181445.152,,1383.106,1160.481,
1181511.806,,1387.118,1159.950,
1181578.466,,1389.818,1161.314,
1181645.126,,1386.755,1156.678,
1181711.784,,1382.007,1154.516,
1181778.437,,1376.757,1152.047,
1181845.095,,1381.995,1150.775,
1181911.757,,1369.753,1145.847,
1181978.410,,1364.698,1147.796,
1182045.069,,1369.837,1148.451,
1182111.724,,1375.727,1149.243,
1182178.382,,1377.795,1148.034,
1182245.041,,1378.611,1146.968,
1182311.696,,1376.470,1146.586,
1182378.353,,1372.640,1149.899,
1182445.014,,1373.160,1151.050,
1182511.672,,1372.573,1153.639,
1182578.327,,1368.848,1156.341,
1182644.985,,1368.226,1156.791,
1182711.644,,1367.349,1159.036,
1182778.298,,1370.162,1161.148,
1182844.962,,1368.614,1162.037,
1182911.620,,1365.612,1164.190,
1182978.271,,1361.812,1165.958,
1183044.929,,1365.535,1169.157,
1183111.589,,1371.400,1172.932,
1183178.245,,1370.351,1173.774,
1183244.904,,1368.041,1176.291,
1183311.565,,1369.139,1188.410,
1183378.222,,1371.017,1191.853,
1183444.880,,1369.043,1194.314,
1183511.532,,1367.253,1207.931,
1183578.190,,1369.272,1212.750,
1183644.851,,1366.215,1219.914,
1183711.508,,1363.985,1221.211,
1183778.164,,1365.252,1221.453,
1183844.824,,1371.135,1217.910,
1183911.477,,1373.461,1220.331,
1183978.137,,1381.009,1218.887,
1184044.799,,1386.907,1214.751,
1184111.453,,1378.693,1212.221,
1184178.113,,1379.038,1207.699,
1184244.769,,1376.134,1201.151,
1184311.424,,1383.141,1200.630,
1184378.083,,1382.484,1202.390,
1184444.742,,1379.822,1202.525,
1184511.400,,1388.119,1199.072,
1184578.054,,1385.098,1202.455,
1184644.717,,1377.478,1203.803,
1184711.370,,1377.659,1194.745,
1184778.031,,1381.592,1192.444,
1184844.690,,1371.038,1192.279,
1184911.344,,1376.327,1187.101,
1184978.004,,1381.007,1185.891,
1185044.663,,1368.637,1180.735,
1185111.318,,1372.933,1179.816,
1185177.980,,1370.538,1177.042,
1185244.635,,1373.295,1176.609,
1185311.292,,1370.125,1173.614,
1185377.950,,1370.103,1172.859,
1185444.610,,1371.495,1172.983,
1185511.268,,1370.375,1173.936,
1185577.922,,1367.869,1173.668,
1185644.582,,1372.644,1170.758,
1185711.242,,1371.379,1170.634,
1185777.894,,1369.141,1169.287,
1185844.553,,1371.710,1170.005,
1185911.215,,1373.004,1168.700,
1185977.868,,1370.415,1165.251,
1186044.531,,1361.217,1168.569,
1186111.184,,1363.966,1174.855,
1186177.840,,1368.728,1174.886,
1186244.501,,1374.674,1173.803,
1186311.159,,1371.417,1178.776,
1186377.816,,1365.032,1178.841,
1186444.472,,1363.501,1182.103,
1186511.131,,1374.684,1179.041,
1186577.787,,1375.027,1178.263,
1186644.444,,1373.261,1179.091,
1186711.106,,1375.041,1182.667,
1186777.765,,1374.569,1184.197,
1186844.424,,1374.382,1194.406,
1186911.079,,1374.264,1215.035,
1186977.734,,1374.643,1224.649,
1187044.397,,1376.601,1221.377,
1187111.050,,1378.298,1220.964,
1187177.711,,1380.143,1215.706,
1187244.365,,1373.573,1210.396,
1187311.024,,1371.603,1208.655,
1187377.682,,1373.623,1206.709,
1187444.342,,1375.880,1205.835,
1187511.002,,1379.550,1207.310,
1187577.656,,1382.137,1207.723,
1187644.314,,1383.020,1203.246,
1187710.974,,1380.741,1202.856,
1187777.626,,1378.245,1194.460,
1187844.288,,1374.520,1188.721,
1187910.942,,1372.731,1190.798,
1187977.601,,1371.331,1187.686,
1188044.262,,1370.342,1187.201,
1188110.921,,1369.551,1185.162,
1188177.579,,1369.997,1180.587,
1188244.233,,1373.673,1184.236,
1188310.893,,1370.176,1178.157,
1188377.549,,1365.914,1173.790,
1188444.205,,1363.260,1172.708,
1188510.868,,1365.533,1170.728,
1188577.525,,1369.323,1171.459,
1188644.177,,1369.795,1174.048,
1188710.837,,1370.221,1171.323,
1188777.493,,1369.440,1168.277,
1188844.155,,1365.377,1169.209,
1188910.810,,1363.059,1167.988,
1188977.467,,1360.334,1175.124,
1189044.127,,1361.826,1175.876,
1189110.786,,1359.577,1176.112,
1189177.443,,1362.170,1180.257,
1189244.103,,1363.088,1179.475,
1189310.755,,1366.685,1179.103,
1189377.418,,1360.158,1183.729,
1189444.072,,1359.544,1181.187,
1189510.734,,1358.831,1187.135,
1189577.386,,1359.504,1204.778,
1189644.044,,1364.204,1230.635,
1189710.706,,1373.390,1240.565,
1189777.359,,1374.214,1239.208,
1189844.018,,1368.222,1239.761,
1189910.676,,1361.223,1230.772,
1189977.334,,1360.224,1228.373,
1190043.994,,1359.869,1224.779,
1190110.654,,1363.610,1223.007,
1190177.307,,1369.616,1222.612,
1190243.963,,1372.449,1219.704,
1190310.624,,1375.970,1218.041,
1190377.281,,1376.780,1218.683,
1190443.937,,1372.183,1212.726,
1190510.598,,1370.841,1211.490,
1190577.257,,1366.513,1208.601,
1190643.915,,1365.291,1203.357,
1190710.573,,1359.950,1196.786,
1190777.228,,1359.448,1196.004,
1190843.883,,1360.818,1191.882,
1190910.541,,1365.727,1187.887,
1190977.198,,1361.497,1186.535,
1191043.858,,1372.162,1186.526,
1191110.516,,1368.869,1183.629,
1191177.174,,1363.692,1181.929,
1191243.835,,1365.845,1182.442,
1191310.490,,1372.569,1185.716,
1191377.150,,1370.060,1184.287,
1191443.807,,1369.852,1184.847,
1191510.461,,1371.283,1187.184,
1191577.120,,1374.723,1182.652,
1191643.775,,1367.795,1181.794,
1191710.435,,1368.928,1178.839,
1191777.092,,1371.400,1177.684,
1191843.751,,1374.186,1178.984,
1191910.410,,1381.512,1174.727,
1191977.069,,1377.212,1173.058,
1192043.724,,1376.390,1171.013,
1192110.381,,1377.303,1168.809,
1192177.042,,1366.108,1162.371,
1192243.702,,1362.707,1162.261,
1192310.355,,1368.318,1163.339,
1192377.017,,1371.189,1161.661,
1192443.671,,1369.715,1160.544,
1192510.331,,1372.735,1159.468,
1192576.988,,1371.159,1157.627,
1192643.644,,1367.557,1156.146,
1192710.306,,1372.473,1158.884,
1192776.965,,1375.425,1164.329,
1192843.622,,1377.823,1168.810,
1192910.281,,1379.928,1168.641,
1192976.935,,1373.320,1166.610,
1193043.594,,1369.379,1164.378,
1193110.255,,1368.009,1162.030,
1193176.913,,1368.010,1161.549,
1193243.567,,1367.964,1161.017,
1193310.223,,1366.565,1160.791,
1193376.884,,1370.679,1161.785,
1193443.538,,1373.937,1161.419,
1193510.196,,1374.670,1161.724,
1193576.859,,1370.236,1169.811,
1193643.513,,1368.608,1168.605,
1193710.173,,1366.830,1166.880,
1193776.827,,1364.765,1165.293,
1193843.487,,1365.095,1163.661,
1193910.146,,1365.312,1165.505,
1193976.802,,1365.438,1164.237,
1194043.464,,1368.498,1163.441,
1194110.118,,1370.155,1163.423,
1194176.776,,1370.051,1157.225,
1194243.438,,1371.104,1157.890,
1194310.097,,1371.340,1156.696,
1194376.754,,1364.656,1153.750,
1194443.410,,1364.398,1154.010,
1194510.064,,1371.279,1155.703,
1194576.727,,1369.015,1156.911,
1194643.386,,1365.502,1159.263,
1194710.044,,1369.067,1165.328,
1194776.700,,1367.709,1164.687,
1194843.353,,1371.077,1163.021,
1194910.013,,1368.834,1160.908,
1194976.673,,1371.188,1157.163,
1195043.333,,1374.020,1157.025,
1195109.987,,1370.801,1155.000,
1195176.648,,1364.664,1150.877,
1195243.306,,1367.790,1148.810,
1195309.960,,1363.184,1147.327,
1195376.620,,1362.440,1145.539,
1195443.276,,1362.819,1146.150,
1195509.936,,1364.389,1145.311,
1195576.594,,1364.030,1154.847,
1195643.252,,1365.813,1164.820,
1195709.907,,1368.959,1167.428,
1195776.568,,1374.745,1171.219,
1195843.226,,1366.837,1173.592,
1195909.883,,1368.228,1172.091,
1195976.541,,1371.070,1167.850,
1196043.195,,1372.319,1167.934,
1196109.857,,1362.287,1165.464,
1196176.514,,1361.783,1161.438,
1196243.170,,1364.595,1158.598,
1196309.832,,1358.460,1159.194,
1196376.485,,1361.925,1158.672,
1196443.143,,1367.626,1158.935,
1196509.800,,1366.889,1159.474,
1196576.460,,1370.015,1158.471,
1196643.119,,1368.207,1157.218,
1196709.776,,1366.076,1154.869,
1196776.436,,1368.079,1154.083,
1196843.090,,1370.346,1153.543,
1196909.751,,1368.773,1152.677,
1196976.408,,1374.201,1154.911,
1197043.064,,1376.472,1155.264,
1197109.724,,1377.004,1154.744,
1197176.384,,1375.202,1155.018,
1197243.038,,1375.759,1155.124,
1197309.700,,1372.943,1156.062,
1197376.353,,1375.947,1158.743,
1197443.012,,1377.910,1166.598,
1197509.672,,1378.914,1161.547,
1197576.328,,1379.157,1159.398,
1197642.984,,1375.516,1157.420,
1197709.646,,1371.162,1154.691,
1197776.301,,1373.181,1155.983,
1197842.959,,1374.851,1155.413,
1197909.619,,1373.613,1154.503,
1197976.275,,1376.025,1153.642,
1198042.934,,1374.886,1153.336,
1198109.595,,1374.932,1152.199,
1198176.247,,1376.020,1151.289,
1198242.905,,1376.834,1151.765,
1198309.564,,1377.239,1150.428,
1198376.221,,1378.937,1146.300,
1198442.883,,1379.444,1146.714,
1198509.537,,1374.593,1144.278,
1198576.200,,1376.513,1145.351,
1198642.855,,1377.983,1146.502,
1198709.516,,1376.396,1147.178,
1198776.171,,1373.897,1145.793,
1198842.828,,1368.771,1145.408,
1198909.490,,1369.896,1145.913,
1198976.142,,1370.639,1145.717,
1199042.800,,1370.259,1147.063,
1199109.462,,1367.686,1143.496,
1199176.118,,1364.553,1142.989,
1199242.773,,1366.893,1143.713,
1199309.433,,1367.049,1143.809,
1199376.094,,1367.069,1143.370,
1199442.749,,1363.568,1141.299,
1199509.409,,1366.873,1140.559,
1199576.067,,1367.744,1138.192,
1199642.724,,1366.518,1139.276,
1199709.378,,1367.355,1140.844,
1199776.040,,1368.398,1144.550,
1199842.701,,1371.724,1147.565,
1199909.359,,1370.237,1151.169,
1199976.016,,1368.584,1153.652,
1200042.674,,1368.206,1156.058,
1200109.330,,1366.977,1155.153,
1200175.990,,1371.434,1157.738,
1200242.649,,1369.849,1159.867,
1200309.307,,1365.844,1154.801,
1200375.968,,1365.521,1154.176,
1200442.623,,1355.580,1151.119,
1200509.281,,1362.454,1148.364,
1200575.944,,1363.583,1145.914,
1200642.600,,1362.455,1152.500,
1200709.257,,1370.615,1151.627,
1200775.914,,1363.493,1148.021,
1200842.573,,1363.249,1146.630,
1200909.233,,1361.339,1146.800,
1200975.890,,1361.685,1142.204,
1201042.550,,1361.019,1142.500,
1201109.209,,1359.771,1141.215,
1201175.870,,1364.653,1141.687,
1201242.524,,1364.287,1141.570,
1201309.183,,1365.215,1141.080,
1201375.841,,1372.031,1143.420,
1201442.499,,1363.559,1142.375,
1201509.161,,1373.057,1143.634,
1201575.822,,1366.036,1138.659,
1201642.477,,1360.753,1139.327,
1201709.136,,1363.055,1142.429,
1201775.797,,1363.171,1142.304,
1201842.457,,1366.145,1136.929,
1201909.114,,1358.515,1139.564,
1201975.768,,1357.916,1137.923,
1202042.430,,1364.079,1139.765,
1202109.089,,1362.725,1138.515,
1202175.744,,1363.525,1137.933,
1202242.403,,1356.445,1139.039,
1202309.066,,1359.264,1137.661,
1202375.720,,1361.286,1136.382,
1202442.384,,1363.004,1137.649,
1202509.042,,1361.416,1134.385,
1202575.697,,1350.766,1139.151,
1202642.360,,1352.240,1148.366,
1202709.016,,1354.465,1153.416,
1202775.671,,1356.703,1166.211,
1202842.332,,1358.796,1188.080,
1202908.989,,1359.007,1200.868,
1202975.649,,1355.765,1205.047,
1203042.307,,1354.760,1203.662,
1203108.967,,1356.223,1197.173,
1203175.629,,1357.149,1192.671,
1203242.284,,1355.897,1185.910,
1203308.940,,1355.611,1184.560,
1203375.602,,1362.926,1194.538,
1203442.260,,1357.790,1203.642,
1203508.918,,1351.736,1232.582,
1203575.577,,1355.350,1245.730,
1203642.238,,1352.760,1246.396,
1203708.894,,1353.258,1243.984,
1203775.553,,1351.726,1236.304,
1203842.214,,1346.899,1233.193,
1203908.872,,1347.674,1228.649,
1203975.531,,1352.585,1221.348,
1204042.184,,1352.726,1222.109,
1204108.846,,1350.213,1212.868,
1204175.502,,1356.327,1211.821,
1204242.161,,1353.948,1207.538,
1204308.820,,1357.649,1194.476,
1204375.479,,1361.654,1211.013,
1204442.137,,1358.541,1218.239,
1204508.800,,1356.477,1217.021,
1204575.455,,1358.039,1213.920,
1204642.114,,1357.621,1210.626,
1204708.771,,1356.631,1204.472,
1204775.434,,1358.117,1202.086,
1204842.087,,1357.904,1201.255,
1204908.752,,1355.611,1199.358,
1204975.405,,1356.043,1194.430,
1205042.067,,1361.490,1199.643,
1205108.727,,1365.112,1204.252,
1205175.382,,1361.822,1200.392,
1205242.038,,1356.644,1199.191,
1205308.697,,1355.339,1194.524,
1205375.359,,1355.664,1189.179,
1205442.015,,1355.239,1187.726,
1205508.672,,1355.866,1185.668,
1205575.332,,1355.730,1182.249,
1205641.992,,1355.400,1179.704,
1205708.651,,1353.050,1178.209,
1205775.311,,1352.622,1172.420,
1205841.971,,1354.901,1174.290,
1205908.627,,1355.441,1169.899,
1205975.283,,1359.471,1168.187,
1206041.943,,1355.109,1169.080,
1206108.600,,1354.358,1165.356,
1206175.262,,1353.487,1163.516,
1206241.920,,1356.026,1163.537,
1206308.579,,1352.723,1158.641,
1206375.239,,1355.256,1157.516,
1206441.896,,1361.598,1163.198,
1206508.556,,1373.734,1168.083,
1206575.212,,1368.069,1169.913,
1206641.869,,1376.604,1188.104,
1206708.527,,1375.581,1230.891,
1206775.189,,1369.734,1251.337,
1206841.846,,1364.804,1254.329,
1206908.507,,1368.825,1258.613,
1206975.165,,1369.728,1264.936,
1207041.824,,1362.638,1254.909,
1207108.482,,1366.351,1251.350,
1207175.138,,1368.798,1245.290,
1207241.797,,1369.701,1237.968,
1207308.456,,1365.588,1232.366,
1207375.117,,1361.037,1226.449,
1207441.773,,1355.842,1218.357,
1207508.435,,1351.923,1211.385,
1207575.090,,1350.670,1205.585,
1207641.750,,1348.355,1198.350,
1207708.407,,1337.841,1193.966,
1207775.068,,1341.150,1190.505,
1207841.722,,1344.588,1186.261,
1207908.385,,1354.501,1184.010,
1207975.042,,1355.037,1184.025,
1208041.698,,1351.440,1179.300,
1208108.358,,1351.184,1180.448,
1208175.010,,1347.829,1176.743,
1208241.667,,1335.775,1174.367,
1208308.330,,1341.049,1182.538,
1208374.988,,1335.948,1183.361,
1208441.646,,1339.469,1188.823,
1208508.299,,1343.464,1198.403,
1208574.961,,1349.650,1206.036,
1208641.613,,1348.232,1205.474,
1208708.272,,1340.823,1205.242,
1208774.934,,1341.708,1207.514,
1208841.589,,1335.786,1206.626,
1208908.246,,1331.686,1217.438,
1208974.906,,1338.351,1216.947,
1209041.560,,1344.362,1226.144,
1209108.218,,1346.544,1270.798,
1209174.875,,1348.328,1321.871,
1209241.533,,1345.627,1417.680,
1209308.190,,1343.030,1492.656,
1209374.849,,1340.599,1536.473,
1209441.505,,1342.001,1547.653,
1209508.163,,1336.560,1539.750,
1209574.823,,1341.192,1528.878,
1209641.482,,1345.449,1511.274,
1209708.135,,1344.616,1488.585,
1209774.796,,1344.322,1461.913,
1209841.450,,1341.326,1442.285,
1209908.110,,1338.364,1431.543,
1209974.772,,1340.612,1415.521,
1210041.430,,1339.454,1396.928,
1210108.084,,1335.155,1384.798,
1210174.741,,1337.159,1377.737,
1210241.397,,1338.053,1360.336,
1210308.056,,1335.492,1344.072,
1210374.713,,1343.502,1333.846,
1210441.373,,1344.648,1326.757,
1210508.033,,1342.818,1320.542,
1210574.687,,1343.306,1310.418,
1210641.347,,1345.072,1301.322,
1210708.003,,1350.310,1291.812,
1210774.658,,1345.882,1286.832,
1210841.315,,1343.761,1278.698,
1210907.976,,1349.957,1271.936,
1210974.630,,1358.180,1268.438,
1211041.289,,1350.482,1261.692,
1211107.952,,1349.251,1255.795,
1211174.608,,1347.706,1254.492,
1211241.264,,1356.404,1249.438,
1211307.922,,1350.037,1246.101,
1211374.578,,1348.294,1242.026,
1211441.237,,1348.263,1237.733,
1211507.894,,1350.973,1234.411,
1211574.551,,1352.521,1236.873,
1211641.210,,1354.348,1232.822,
1211707.866,,1358.141,1226.848,
1211774.523,,1352.847,1222.655,
1211841.182,,1349.929,1218.097,
1211907.837,,1351.061,1213.136,
1211974.499,,1348.248,1207.527,
1212041.154,,1354.054,1204.618,
1212107.815,,1349.917,1200.304,
1212174.467,,1347.377,1204.742,
1212241.128,,1345.371,1197.708,
1212307.783,,1350.783,1200.718,
1212374.446,,1357.849,1202.002,
1212441.103,,1366.249,1211.038,
1212507.755,,1359.304,1216.442,
1212574.414,,1356.927,1214.330,
1212641.075,,1354.047,1210.929,
1212707.734,,1354.015,1215.514,
1212774.390,,1358.304,1227.270,
1212841.048,,1358.994,1244.456,
1212907.707,,1357.828,1250.158,
1212974.364,,1354.384,1251.460,
1213041.023,,1354.256,1259.152,
1213107.680,,1350.901,1268.064,
1213174.337,,1349.932,1259.630,
1213240.994,,1358.289,1252.674,
1213307.649,,1360.760,1248.263,
1213374.310,,1358.570,1259.032,
1213440.966,,1353.147,1268.101,
1213507.624,,1353.273,1267.938,
1213574.278,,1352.734,1262.390,
1213640.938,,1352.242,1255.738,
1213707.593,,1352.014,1249.902,
1213774.256,,1351.241,1244.196,
1213840.911,,1350.674,1237.717,
1213907.569,,1352.135,1234.179,
1213974.228,,1345.654,1230.780,
1214040.882,,1346.713,1233.684,
1214107.540,,1349.057,1221.294,
1214174.201,,1352.282,1213.246,
1214240.858,,1352.560,1212.846,
1214307.515,,1352.067,1216.358,
1214374.171,,1349.422,1210.416,
1214440.828,,1350.967,1207.219,
1214507.485,,1356.191,1207.126,
1214574.145,,1365.287,1204.125,
1214640.802,,1366.845,1202.160,
1214707.461,,1365.063,1200.575,
1214774.115,,1368.537,1201.247,
1214840.776,,1366.877,1194.087,
1214907.433,,1350.284,1189.321,
1214974.088,,1348.592,1189.266,
1215040.747,,1349.508,1188.270,
1215107.409,,1349.439,1185.264,
1215174.066,,1346.175,1182.150,
1215240.719,,1348.689,1184.491,
1215307.380,,1345.489,1185.889,
1215374.037,,1346.928,1184.398,
1215440.698,,1348.229,1186.817,
1215507.354,,1347.020,1187.369,
1215574.007,,1349.867,1184.272,
1215640.667,,1346.156,1186.524,
1215707.323,,1343.718,1185.742,
1215773.983,,1352.451,1182.071,
1215840.641,,1351.837,1181.875,
1215907.300,,1348.239,1178.183,
1215973.955,,1354.903,1175.465,
1216040.612,,1350.936,1170.293,
1216107.270,,1345.657,1165.900,
1216173.933,,1346.441,1163.837,
1216240.587,,1349.377,1164.229,
1216307.246,,1353.747,1161.874,
1216373.907,,1354.390,1160.363,
1216440.560,,1350.288,1159.792,
1216507.219,,1350.206,1157.329,
1216573.874,,1353.780,1157.154,
1216640.534,,1351.849,1154.489,
1216707.193,,1351.872,1153.971,
1216773.851,,1351.484,1154.054,
1216840.512,,1353.636,1151.997,
1216907.169,,1357.012,1148.258,
1216973.828,,1347.523,1150.270,
1217040.485,,1352.390,1147.102,
1217107.139,,1352.954,1148.208,
1217173.798,,1356.621,1151.986,
1217240.455,,1353.293,1153.073,
1217307.112,,1361.008,1151.966,
1217373.773,,1360.693,1152.408,
1217440.432,,1352.402,1151.860,
1217507.088,,1358.212,1153.296,
1217573.744,,1361.559,1153.506,
1217640.404,,1354.179,1156.047,
1217707.063,,1356.192,1155.814,
1217773.722,,1353.269,1150.247,
1217840.380,,1354.081,1150.215,
1217907.039,,1353.403,1151.177,
1217973.695,,1354.395,1151.301,
1218040.351,,1353.975,1150.677,
1218107.009,,1356.019,1149.592,
1218173.667,,1363.061,1150.827,
1218240.324,,1363.428,1150.315,
1218306.986,,1362.145,1146.148,
1218373.640,,1354.650,1148.578,
1218440.299,,1355.121,1150.404,
1218506.957,,1362.964,1152.257,
1218573.617,,1360.849,1159.689,
1218640.272,,1360.895,1162.343,
1218706.929,,1362.240,1168.344,
1218773.589,,1365.017,1170.220,
1218840.249,,1359.789,1169.576,
1218906.907,,1361.362,1167.025,
1218973.562,,1363.186,1166.675,
1219040.222,,1361.017,1164.400,
1219106.878,,1354.605,1160.808,
1219173.539,,1359.167,1161.789,
1219240.193,,1358.763,1161.151,
1219306.852,,1357.803,1160.746,
1219373.512,,1356.743,1158.635,
1219440.166,,1354.833,1157.783,
1219506.829,,1357.232,1158.977,
1219573.482,,1352.720,1163.292,
1219640.145,,1355.835,1159.859,
1219706.803,,1359.342,1160.095,
1219773.457,,1356.369,1159.184,
1219840.119,,1356.232,1156.218,
1219906.771,,1358.480,1157.193,
1219973.434,,1359.323,1156.099,
1220040.087,,1356.779,1157.070,
1220106.745,,1360.219,1156.275,
1220173.407,,1360.834,1157.191,
1220240.062,,1360.944,1158.223,
1220306.723,,1362.042,1158.475,
1220373.382,,1366.555,1156.403,
1220440.038,,1363.010,1154.546,
1220506.694,,1361.023,1158.296,
1220573.352,,1363.551,1153.427,
1220640.009,,1351.472,1151.390,
1220706.666,,1357.551,1151.899,
1220773.327,,1360.100,1157.129,
1220839.987,,1363.326,1159.550,
1220906.640,,1363.338,1170.150,
1220973.302,,1356.375,1176.678,
1221039.962,,1356.890,1176.490,
1221106.613,,1360.363,1176.829,
1221173.272,,1363.599,1175.673,
1221239.935,,1360.825,1169.545,
1221306.594,,1361.855,1167.093,
1221373.251,,1355.434,1165.716,
1221439.908,,1360.681,1166.050,
1221506.564,,1360.777,1163.113,
1221573.223,,1357.820,1160.623,
1221639.880,,1363.961,1158.414,
1221706.536,,1361.452,1160.392,
1221773.194,,1364.573,1158.739,
1221839.852,,1365.067,1158.314,
1221906.509,,1362.189,1159.533,
1221973.167,,1365.377,1155.972,
1222039.829,,1363.856,1157.139,
1222106.483,,1368.499,1155.035,
1222173.144,,1367.146,1153.827,
1222239.798,,1374.100,1152.606,
1222306.458,,1368.767,1147.940,
1222373.117,,1372.289,1147.906,
1222439.774,,1367.234,1148.210,
1222506.435,,1365.891,1146.038,
1222573.093,,1367.018,1148.665,
1222639.750,,1364.357,1152.593,
1222706.406,,1364.326,1149.146,
1222773.065,,1361.221,1148.448,
1222839.722,,1362.598,1149.438,
1222906.379,,1367.723,1152.266,
1222973.039,,1370.959,1151.668,
1223039.697,,1371.924,1145.504,
1223106.358,,1367.273,1148.331,
1223173.009,,1371.184,1149.326,
1223239.673,,1370.945,1147.771,
1223306.329,,1366.005,1143.697,
1223372.986,,1358.488,1143.544,
1223439.641,,1355.080,1145.523,
1223506.305,,1360.794,1142.311,
1223572.963,,1365.793,1143.420,
1223639.615,,1365.749,1144.623,
1223706.273,,1375.462,1147.871,
1223772.934,,1365.733,1147.887,
1223839.589,,1366.058,1147.224,
1223906.247,,1361.253,1146.180,
1223972.904,,1361.820,1145.880,
1224039.565,,1361.603,1144.929,
1224106.225,,1365.822,1146.019,
1224172.880,,1369.503,1144.436,
1224239.537,,1363.895,1144.191,
1224306.195,,1361.343,1143.876,
1224372.853,,1366.653,1145.604,
1224439.513,,1365.586,1146.287,
1224506.172,,1365.876,1145.774,
1224572.830,,1368.194,1144.571,
1224639.488,,1369.529,1144.655,
1224706.143,,1371.758,1139.917,
1224772.804,,1370.498,1142.468,
1224839.460,,1370.425,1144.218,
1224906.115,,1367.733,1140.650,
1224972.778,,1367.733,1140.734,
1225039.435,,1362.734,1138.878,
1225106.088,,1365.225,1138.208,
1225172.751,,1362.917,1141.035,
1225239.410,,1364.264,1142.213,
1225306.064,,1363.752,1145.861,
1225372.724,,1366.425,1149.632,
1225439.382,,1365.816,1150.719,
1225506.036,,1365.508,1148.846,
1225572.696,,1363.027,1153.843,
1225639.357,,1370.224,1153.785,
1225706.014,,1369.628,1151.401,
1225772.667,,1367.474,1152.147,
1225839.326,,1378.822,1153.827,
1225905.983,,1370.584,1153.752,
1225972.644,,1372.900,1151.872,
1226039.298,,1375.305,1150.634,
1226105.961,,1368.557,1152.134,
1226172.616,,1368.417,1152.946,
1226239.275,,1371.037,1152.879,
1226305.933,,1369.139,1151.829,
1226372.589,,1361.477,1151.394,
1226439.245,,1358.803,1150.321,
1226505.906,,1365.530,1152.074,
1226572.562,,1363.922,1149.194,
1226639.221,,1360.617,1148.982,
1226705.882,,1360.524,1153.578,
1226772.539,,1356.768,1174.977,
1226839.199,,1365.567,1189.267,
1226905.852,,1363.870,1204.947,
1226972.514,,1363.784,1208.086,
1227039.166,,1368.047,1203.523,
1227105.824,,1362.391,1204.852,
1227172.486,,1361.436,1201.786,
1227239.144,,1369.801,1199.627,
1227305.800,,1378.651,1196.141,
1227372.460,,1369.471,1196.033,
1227439.117,,1373.324,1197.200,
1227505.774,,1369.314,1198.644,
1227572.431,,1370.852,1211.536,
1227639.092,,1372.008,1217.465,
1227705.750,,1361.848,1214.249,
1227772.408,,1357.636,1210.897,
1227839.064,,1361.229,1209.690,
1227905.721,,1364.975,1204.977,
1227972.379,,1366.924,1200.072,
1228039.035,,1368.183,1199.765,
1228105.696,,1367.173,1195.983,
1228172.350,,1367.905,1192.121,
1228239.014,,1363.877,1190.672,
1228305.667,,1363.300,1182.069,
1228372.327,,1370.430,1181.138,
1228438.987,,1363.984,1176.416,
1228505.641,,1364.740,1171.108,
1228572.298,,1358.836,1173.489,
1228638.958,,1363.622,1169.850,
1228705.614,,1361.417,1166.141,
1228772.272,,1360.617,1163.498,
1228838.930,,1361.834,1161.581,
1228905.587,,1363.147,1162.417,
1228972.248,,1365.727,1157.438,
1229038.904,,1368.693,1155.867,
1229105.562,,1358.980,1153.382,
1229172.220,,1357.230,1149.720,
1229238.876,,1349.041,1150.228,
1229305.540,,1356.326,1150.252,
1229372.192,,1357.603,1150.433,
1229438.855,,1359.717,1152.081,
1229505.509,,1356.980,1152.745,
1229572.172,,1356.762,1153.206,
1229638.829,,1363.957,1152.414,
1229705.484,,1358.264,1148.180,
1229772.143,,1361.901,1148.734,
1229838.798,,1364.363,1159.415,
1229905.457,,1366.511,1171.551,
1229972.117,,1368.372,1176.223,
1230038.772,,1363.929,1176.937,
1230105.430,,1366.856,1178.351,
1230172.090,,1370.103,1177.034,
1230238.746,,1380.690,1176.212,
1230305.402,,1371.794,1167.942,
1230372.063,,1369.780,1165.727,
1230438.721,,1367.712,1166.809,
1230505.379,,1363.684,1164.442,
1230572.035,,1365.031,1158.970,
1230638.691,,1365.870,1162.129,
1230705.348,,1367.439,1165.170,
1230772.011,,1368.471,1163.379,
1230838.670,,1365.472,1163.127,
1230905.324,,1363.876,1159.239,
1230971.986,,1363.506,1160.450,
1231038.644,,1362.140,1156.260,
1231105.301,,1360.928,1155.162,
1231171.954,,1364.666,1153.182,
1231238.614,,1366.467,1152.199,
1231305.273,,1359.423,1151.098,
1231371.931,,1365.334,1148.467,
1231438.589,,1364.324,1147.835,
1231505.243,,1364.669,1144.074,
1231571.902,,1362.798,1141.862,
1231638.559,,1359.809,1140.393,
1231705.218,,1357.653,1138.909,
1231771.880,,1361.757,1140.275,
1231838.535,,1361.263,1140.203,
1231905.191,,1364.165,1137.022,
1231971.852,,1360.421,1139.305,
1232038.509,,1355.513,1140.571,
1232105.166,,1357.337,1143.847,
1232171.828,,1355.999,1143.979,
1232238.484,,1357.379,1140.856,
1232305.142,,1356.323,1144.259,
1232371.797,,1354.313,1145.072,
1232438.453,,1357.066,1143.833,
1232505.115,,1353.337,1143.904,
1232571.771,,1356.046,1141.544,
1232638.432,,1359.240,1143.409,
1232705.088,,1361.083,1141.080,
1232771.748,,1360.449,1139.054,
1232838.404,,1354.916,1140.211,
1232905.060,,1358.727,1140.530,
1232971.720,,1353.755,1141.808,
1233038.379,,1355.441,1142.873,
1233105.033,,1358.635,1141.467,
1233171.693,,1366.438,1142.582,
1233238.350,,1376.238,1141.217,
1233305.011,,1371.238,1141.683,
1233371.667,,1368.844,1141.724,
1233438.324,,1375.315,1136.477,
1233504.984,,1361.671,1137.712,
1233571.643,,1366.141,1136.891,
1233638.296,,1368.095,1137.602,
1233704.957,,1364.714,1138.052,
1233771.614,,1361.861,1135.645,
1233838.270,,1367.150,1136.630,
1233904.931,,1367.069,1135.335,
1233971.586,,1366.685,1141.461,
1234038.249,,1366.734,1146.621,
1234104.906,,1364.930,1161.407,
1234171.563,,1366.454,1170.306,
1234238.217,,1355.689,1177.420,
1234304.880,,1359.588,1181.606,
1234371.533,,1365.523,1180.372,
1234438.192,,1360.371,1181.750,
1234504.848,,1360.440,1182.217,
1234571.511,,1364.536,1179.696,
1234638.166,,1363.559,1179.913,
1234704.827,,1358.801,1175.031,
1234771.481,,1357.328,1175.339,
1234838.142,,1357.920,1173.389,
1234904.801,,1357.998,1170.704,
1234971.459,,1355.633,1166.386,
1235038.112,,1361.641,1164.340,
1235104.774,,1360.598,1168.720,
1235171.432,,1360.146,1163.612,
1235238.087,,1357.677,1163.588,
1235304.748,,1357.891,1164.412,
1235371.404,,1356.703,1163.528,
1235438.060,,1364.180,1163.207,
1235504.718,,1363.770,1161.985,
1235571.377,,1362.778,1158.815,
1235638.033,,1365.434,1161.417,
1235704.696,,1362.737,1157.961,
1235771.351,,1360.389,1155.116,
1235838.008,,1360.206,1155.731,
1235904.667,,1364.876,1154.554,
1235971.325,,1361.237,1150.096,
1236037.987,,1360.554,1153.027,
1236104.642,,1368.212,1152.756,
1236171.302,,1368.027,1153.910,
1236237.955,,1369.941,1151.595,
1236304.617,,1373.135,1148.756,
1236371.269,,1370.294,1149.510,
1236437.931,,1378.223,1147.519,
1236504.585,,1367.764,1147.676,
1236571.249,,1368.615,1147.150,
1236637.902,,1365.133,1146.264,
1236704.562,,1365.646,1148.482,
1236771.217,,1367.920,1148.588,
1236837.878,,1369.800,1148.903,
1236904.537,,1372.644,1146.514,
1236971.192,,1369.860,1149.590,
1237037.849,,1374.848,1150.324,
1237104.511,,1376.590,1148.056,
1237171.164,,1373.846,1144.223,
1237237.824,,1370.820,1144.462,
1237304.482,,1368.042,1141.672,
1237371.140,,1367.906,1140.186,
1237437.798,,1366.290,1139.906,
1237504.457,,1364.923,1141.031,
1237571.116,,1367.496,1140.415,
1237637.776,,1363.975,1137.824,
1237704.431,,1367.972,1141.360,
1237771.090,,1364.808,1138.894,
1237837.746,,1366.920,1139.538,
1237904.402,,1366.067,1140.780,
1237971.064,,1365.850,1138.516,
1238037.721,,1369.160,1137.222,
1238104.382,,1367.944,1138.501,
1238171.033,,1366.076,1135.219,
1238237.693,,1361.298,1138.428,
1238304.351,,1359.640,1137.037,
1238371.012,,1358.982,1135.003,
1238437.665,,1357.527,1137.500,
1238504.325,,1362.412,1138.361,
1238570.986,,1357.741,1139.010,
1238637.640,,1359.393,1137.666,
1238704.299,,1363.041,1139.896,
1238770.958,,1367.136,1144.685,
1238837.617,,1368.640,1147.652,
1238904.270,,1362.687,1147.140,
1238970.931,,1363.701,1147.890,
1239037.586,,1363.384,1152.303,
1239104.249,,1365.636,1152.801,
1239170.903,,1368.267,1153.511,
1239237.560,,1371.493,1147.236,
1239304.221,,1372.539,1148.109,
1239370.880,,1378.361,1147.928,
1239437.539,,1361.457,1148.282,
1239504.196,,1360.420,1150.449,
1239570.849,,1366.359,1159.946,
1239637.512,,1373.280,1158.704,
1239704.166,,1364.573,1158.192,
1239770.823,,1361.755,1180.511,
1239837.485,,1364.277,1235.278,
1239904.144,,1364.225,1249.976,
1239970.801,,1366.883,1248.017,
1240037.454,,1361.574,1247.807,
1240104.117,,1358.565,1249.264,
1240170.773,,1370.219,1245.248,
1240237.427,,1363.387,1228.728,
1240304.089,,1360.244,1229.047,
1240370.743,,1359.870,1211.676,
1240437.399,,1360.316,1207.583,
1240504.063,,1356.217,1205.628,
1240570.715,,1356.063,1200.801,
1240637.375,,1356.718,1198.109,
1240704.033,,1362.944,1195.515,
1240770.688,,1360.940,1190.940,
1240837.347,,1368.660,1188.688,
1240904.008,,1364.272,1182.894,
1240970.660,,1372.316,1181.923,
1241037.321,,1366.271,1175.690,
1241103.977,,1366.520,1176.003,
1241170.633,,1370.151,1175.193,
1241237.293,,1354.224,1172.155,
1241303.948,,1355.707,1171.972,
1241370.609,,1357.463,1172.726,
1241437.264,,1355.801,1169.394,
1241503.921,,1355.453,1171.261,
1241570.584,,1357.521,1170.607,
1241637.242,,1363.369,1173.612,
1241703.896,,1362.626,1172.680,
1241770.554,,1368.276,1179.991,
1241837.210,,1370.976,1181.029,
1241903.872,,1369.445,1179.517,
1241970.525,,1363.106,1176.526,
1242037.184,,1362.709,1174.315,
1242103.845,,1363.105,1170.139,
1242170.497,,1367.017,1169.296,
1242237.155,,1363.094,1166.374,
1242303.818,,1360.549,1166.882,
1242370.476,,1357.420,1165.571,
1242437.133,,1358.022,1163.399,
1242503.787,,1354.730,1164.131,
1242570.447,,1350.936,1164.784,
1242637.104,,1348.565,1163.747,
1242703.759,,1348.438,1169.330,
1242770.420,,1347.884,1173.991,
1242837.076,,1351.407,1180.790,
1242903.735,,1354.469,1179.951,
1242970.391,,1355.414,1179.553,
1243037.052,,1353.166,1179.000,
1243103.706,,1353.140,1179.914,
1243170.365,,1354.428,1183.043,
1243237.018,,1360.661,1180.834,
1243303.679,,1356.667,1180.528,
1243370.335,,1358.151,1182.529,
1243436.993,,1369.688,1183.662,
1243503.655,,1368.944,1181.705,
1243570.309,,1370.035,1179.468,
1243636.966,,1364.929,1178.022,
1243703.627,,1361.930,1171.082,
1243770.281,,1355.317,1167.751,
1243836.941,,1353.539,1166.952,
1243903.598,,1355.213,1163.405,
1243970.259,,1356.250,1160.190,
1244036.912,,1351.583,1158.399,
1244103.569,,1349.505,1153.991,
1244170.226,,1346.674,1153.951,
1244236.884,,1342.010,1150.929,
1244303.542,,1345.945,1150.774,
1244370.204,,1346.478,1151.359,
1244436.860,,1346.117,1149.008,
1244503.514,,1343.806,1145.466,
1244570.176,,1347.128,1144.522,
1244636.829,,1350.275,1146.466,
1244703.486,,1348.486,1144.724,
1244770.144,,1352.509,1143.393,
1244836.805,,1348.599,1142.042,
1244903.464,,1345.880,1140.066,
1244970.121,,1348.938,1139.471,
1245036.775,,1346.287,1142.949,
1245103.437,,1346.662,1137.663,
1245170.090,,1353.237,1137.906,
1245236.752,,1353.088,1140.426,
1245303.410,,1356.260,1139.138,
1245370.065,,1356.369,1140.173,
1245436.725,,1357.238,1140.863,
1245503.380,,1348.453,1142.015,
1245570.036,,1349.707,1141.670,
1245636.695,,1348.419,1141.182,
1245703.356,,1352.320,1139.305,
1245770.013,,1350.619,1135.733,
1245836.669,,1345.908,1137.674,
1245903.329,,1348.978,1139.586,
1245969.985,,1352.474,1137.742,
1246036.639,,1352.868,1140.550,
1246103.298,,1352.749,1140.800,
1246169.958,,1353.959,1149.008,
1246236.617,,1355.551,1155.260,
1246303.274,,1358.478,1158.283,
1246369.932,,1359.719,1158.396,
1246436.591,,1362.603,1167.149,
1246503.246,,1366.098,1176.474,
1246569.900,,1360.358,1175.985,
1246636.561,,1362.496,1174.524,
1246703.219,,1366.038,1173.357,
1246769.874,,1363.069,1169.951,
1246836.532,,1355.949,1157.784,
1246903.193,,1353.126,1156.653,
1246969.849,,1352.214,1161.889,
1247036.505,,1361.148,1160.019,
1247103.161,Input1*2*0,1360.886,1164.019,
1247169.825,,1359.750,1169.788,
1247236.478,Input1*2*1,1359.521,1178.732,
1247303.134,,1363.718,1181.425,
1247369.794,,1364.078,1182.328,
1247436.454,,1353.725,1177.792,
1247503.109,,1353.065,1187.459,
1247569.766,,1359.454,1199.543,
1247636.425,,1356.491,1197.546,
1247703.084,,1355.257,1189.181,
1247769.738,,1349.995,1178.967,
1247836.401,,1358.121,1182.513,
1247903.053,,1355.051,1178.933,
1247969.716,,1354.684,1175.483,
1248036.374,,1352.923,1173.399,
1248103.034,,1354.779,1170.846,
1248169.689,,1358.261,1167.476,
1248236.347,,1352.234,1167.944,
1248303.009,,1348.063,1168.014,
1248369.667,,1357.247,1170.663,
1248436.322,,1357.190,1172.090,
1248502.980,,1350.344,1172.331,
1248569.639,,1354.934,1169.200,
1248636.297,,1358.713,1168.278,
1248702.953,,1352.883,1164.819,
1248769.618,,1351.315,1159.663,
1248836.274,,1351.321,1159.807,
1248902.929,,1347.352,1156.917,
1248969.589,,1352.436,1154.250,
1249036.246,,1350.022,1154.130,
1249102.909,,1350.194,1151.223,
1249169.568,,1353.731,1149.749,
1249236.226,,1357.294,1149.650,
1249302.880,,1351.585,1148.472,
1249369.543,,1357.158,1148.586,
1249436.201,,1360.017,1147.807,
1249502.857,,1362.236,1147.636,
1249569.514,,1362.559,1147.901,
1249636.171,,1360.225,1150.423,
1249702.832,,1364.505,1152.852,
1249769.490,,1367.767,1150.303,
1249836.147,,1367.823,1146.544,
1249902.806,,1364.434,1145.675,
1249969.462,,1364.624,1145.653,
1250036.124,,1358.273,1144.148,
1250102.779,,1358.186,1143.567,
1250169.437,,1358.496,1142.582,
1250236.101,,1354.207,1143.286,
1250302.757,,1353.630,1143.079,
1250369.418,,1350.948,1141.911,
1250436.077,,1351.654,1137.994,
1250502.733,,1356.516,1140.344,
1250569.390,,1352.191,1138.768,
1250636.049,,1356.240,1139.465,
1250702.707,,1352.743,1139.302,
1250769.367,,1353.301,1137.694,
1250836.023,,1358.368,1139.596,
1250902.680,,1359.491,1139.077,
1250969.338,,1357.373,1139.926,
1251035.996,,1359.951,1141.678,
1251102.654,,1370.593,1142.852,
1251169.315,,1371.079,1147.495,
1251235.977,,1371.286,1150.646,
1251302.630,,1364.764,1150.170,
1251369.287,,1362.343,1152.018,
1251435.951,,1369.637,1154.057,
1251502.607,,1364.416,1159.110,
1251569.263,,1367.319,1161.893,
1251635.925,,1362.335,1163.008,
1251702.582,,1363.856,1163.343,
1251769.242,,1363.110,1160.038,
1251835.899,,1359.120,1155.696,
1251902.559,,1360.155,1155.315,
1251969.217,,1358.878,1157.415,
1252035.872,,1362.003,1160.532,
1252102.533,,1361.860,1162.708,
1252169.188,,1361.801,1158.972,
1252235.849,,1365.294,1156.214,
1252302.505,,1365.159,1157.758,
1252369.167,,1362.193,1155.426,
1252435.821,,1360.198,1150.794,
1252502.482,,1360.718,1149.243,
1252569.143,,1355.377,1151.153,
1252635.797,,1355.545,1152.518,
1252702.458,,1360.533,1151.367,
1252769.118,,1359.273,1153.956,
1252835.773,,1358.130,1150.379,
1252902.435,,1359.861,1149.328,
1252969.093,,1360.672,1146.911,
1253035.747,,1362.815,1146.320,
1253102.410,,1363.004,1141.988,
1253169.069,,1364.847,1142.296,
1253235.725,,1365.904,1146.110,
1253302.380,,1364.855,1142.151,
1253369.043,,1366.214,1140.362,
1253435.696,,1363.551,1143.105,
1253502.356,,1365.132,1146.755,
1253569.017,,1366.953,1149.843,
1253635.671,,1363.608,1154.826,
1253702.333,,1362.319,1153.626,
1253768.992,,1363.161,1149.844,
1253835.651,,1355.777,1145.815,
1253902.310,,1361.015,1146.897,
1253968.963,,1362.117,1147.464,
1254035.621,,1361.580,1147.268,
1254102.281,,1361.342,1148.188,
1254168.941,,1359.582,1148.024,
1254235.599,,1363.320,1149.001,
1254302.255,,1360.085,1145.194,
1254368.914,,1358.446,1142.394,
1254435.576,,1361.589,1143.959,
1254502.230,,1364.272,1142.059,
1254568.891,,1360.534,1138.880,
1254635.551,,1355.170,1139.829,
1254702.206,,1358.289,1137.231,
1254768.868,,1359.360,1140.321,
1254835.521,,1362.299,1140.915,
1254902.182,,1355.457,1133.024,
1254968.843,,1352.133,1131.900,
1255035.496,,1354.983,1131.228,
1255102.156,,1357.351,1133.661,
1255168.814,,1355.352,1133.554,
1255235.472,,1355.954,1132.432,
1255302.130,,1354.584,1129.823,
1255368.794,,1353.822,1130.720,
1255435.449,,1351.605,1129.200,
1255502.108,,1354.204,1132.432,
1255568.764,,1356.627,1132.592,
1255635.423,,1353.467,1132.476,
1255702.082,,1354.633,1130.577,
1255768.742,,1352.092,1130.352,
1255835.402,,1354.747,1135.737,
1255902.061,,1355.212,1136.985,
1255968.720,,1357.799,1140.618,
1256035.377,,1369.827,1145.912,
1256102.034,,1352.666,1147.705,
1256168.693,,1352.450,1149.343,
1256235.354,,1348.562,1151.499,
1256302.006,,1349.777,1149.522,
1256368.664,,1350.732,1148.907,
1256435.323,,1357.369,1147.254,
1256501.985,,1353.313,1150.678,
1256568.642,,1353.481,1150.331,
1256635.303,,1355.721,1151.392,
1256701.957,,1358.119,1153.633,
1256768.617,,1353.257,1150.146,
1256835.280,,1352.167,1148.241,
1256901.937,,1355.548,1150.292,
1256968.593,,1354.703,1162.282,
1257035.254,,1354.774,1175.368,
1257101.911,,1355.568,1181.009,
1257168.566,,1354.266,1183.944,
1257235.228,,1356.185,1186.788,
1257301.886,,1355.040,1187.408,
1257368.547,,1356.797,1186.992,
1257435.204,,1364.201,1185.255,
1257501.862,,1363.943,1184.978,
1257568.518,,1361.736,1182.021,
1257635.178,,1363.019,1177.596,
1257701.841,,1365.113,1174.129,
1257768.495,,1358.995,1170.702,
1257835.156,,1356.447,1169.394,
1257901.814,,1355.326,1165.165,
1257968.472,,1359.017,1162.648,
1258035.127,,1360.269,1163.056,
1258101.786,,1358.248,1160.955,
1258168.444,,1359.646,1157.073,
1258235.109,,1363.299,1153.877,
1258301.764,,1365.733,1152.546,
1258368.426,,1359.523,1155.193,
1258435.083,,1359.965,1153.007,
1258501.740,,1360.276,1153.841,
1258568.400,,1361.034,1154.181,
1258635.059,,1362.661,1153.686,
1258701.717,,1366.595,1152.922,
1258768.373,,1362.172,1152.013,
1258835.031,,1362.075,1153.529,
1258901.694,,1358.766,1152.565,
1258968.347,,1361.247,1154.732,
1259035.011,,1364.144,1151.771,
1259101.664,,1364.536,1150.595,
1259168.326,,1363.753,1151.383,
1259234.982,,1362.273,1152.196,
1259301.645,,1363.155,1152.146,
1259368.299,,1362.736,1151.253,
1259434.961,,1361.810,1149.099,
1259501.618,,1359.577,1151.867,
1259568.278,,1363.281,1151.528,
1259634.935,,1366.716,1149.421,
1259701.593,,1368.266,1146.416,
1259768.252,,1365.677,1142.644,
1259834.908,,1354.605,1140.482,
1259901.570,,1353.733,1141.802,
1259968.229,,1356.703,1142.621,
1260034.883,,1363.055,1143.258,
1260101.542,,1361.776,1143.795,
1260168.201,,1357.853,1142.395,
1260234.860,,1362.850,1142.779,
1260301.519,,1359.875,1143.478,
1260368.182,,1360.697,1138.919,
1260434.839,,1364.520,1145.915,
1260501.496,,1357.386,1153.375,
1260568.156,,1359.563,1153.163,
1260634.816,,1364.415,1154.128,
1260701.468,,1357.595,1150.640,
1260768.129,,1360.145,1153.945,
1260834.788,,1355.934,1154.702,
1260901.448,,1352.805,1158.771,
1260968.108,,1353.879,1155.760,
1261034.765,,1354.616,1157.588,
1261101.423,,1352.676,1157.616,
1261168.080,,1349.306,1155.723,
1261234.737,,1350.941,1155.655,
1261301.396,,1353.201,1154.310,
1261368.059,,1354.215,1155.359,
1261434.713,,1352.697,1154.515,
1261501.377,,1357.507,1149.276,
1261568.030,,1354.454,1145.323,
1261634.688,,1356.765,1143.182,
1261701.348,,1354.846,1142.692,
1261768.007,,1356.400,1145.910,
1261834.665,,1354.863,1147.540,
1261901.323,,1352.896,1153.216,
1261967.987,,1353.829,1163.850,
1262034.644,,1352.720,1170.313,
1262101.301,,1351.754,1176.442,
1262167.957,,1353.184,1180.269,
1262234.619,,1347.705,1182.775,
1262301.279,,1358.081,1188.277,
1262367.933,,1356.394,1189.892,
1262434.591,,1352.412,1185.635,
1262501.254,,1351.740,1181.148,
1262567.907,,1351.874,1177.159,
1262634.566,,1351.946,1173.675,
1262701.230,,1348.119,1170.844,
1262767.883,,1349.293,1166.470,
1262834.544,,1346.873,1166.754,
1262901.206,,1347.836,1174.930,
1262967.863,,1351.860,1179.682,
1263034.522,,1357.285,1183.754,
1263101.176,,1357.068,1181.793,
1263167.834,,1358.928,1181.101,
1263234.493,,1355.152,1182.037,
1263301.156,,1355.402,1178.985,
1263367.810,,1358.817,1180.204,
1263434.469,,1350.298,1178.338,
1263501.129,,1351.887,1178.808,
1263567.786,,1351.910,1173.323,
1263634.444,,1347.603,1171.544,
1263701.103,,1353.609,1168.323,
1263767.762,,1358.197,1166.846,
1263834.417,,1353.862,1161.510,
1263901.078,,1351.727,1162.504,
1263967.733,,1356.003,1158.407,
1264034.388,,1357.199,1158.159,
1264101.047,,1359.168,1156.918,
1264167.703,,1356.703,1155.316,
1264234.363,,1355.789,1151.811,
1264301.016,,1349.705,1151.493,
1264367.677,,1350.671,1154.539,
1264434.331,,1353.321,1151.463,
1264500.987,,1355.644,1151.433,
1264567.644,,1358.294,1152.535,
1264634.299,,1359.762,1157.805,
1264700.955,,1363.931,1161.776,
1264767.616,,1359.944,1159.348,
1264834.268,,1361.039,1159.325,
1264900.927,,1357.282,1160.214,
1264967.581,,1357.529,1156.006,
1265034.241,,1353.525,1154.334,
1265100.896,,1353.453,1145.467,
1265167.557,,1352.114,1147.236,
1265234.210,,1351.995,1143.686,
1265300.867,,1354.699,1140.772,
1265367.527,,1357.927,1141.462,
1265434.184,,1358.133,1137.533,
1265500.837,,1351.189,1135.637,
1265567.494,,1355.366,1135.759,
1265634.148,,1349.490,1135.909,
1265700.809,,1346.847,1135.059,
1265767.464,,1352.352,1137.790,
1265834.119,,1351.089,1141.120,
1265900.779,,1347.697,1138.179,
1265967.432,,1351.703,1135.570,
1266034.091,,1351.798,1137.357,
1266100.748,,1349.109,1137.248,
1266167.401,,1350.643,1137.699,
1266234.058,,1349.398,1139.643,
1266300.717,,1352.316,1135.963,
1266367.375,,1348.632,1135.690,
1266434.034,,1348.828,1133.487,
1266500.688,,1347.667,1137.297,
1266567.347,,1347.342,1139.047,
1266634.002,,1345.065,1136.363,
1266700.660,,1352.415,1138.386,
1266767.313,,1354.916,1141.441,
1266833.973,,1355.915,1141.540,
1266900.631,,1354.905,1138.035,
1266967.287,,1352.432,1137.393,
1267033.942,,1357.371,1137.670,
1267100.597,,1356.632,1142.147,
1267167.257,,1358.749,1140.217,
1267233.915,,1357.998,1140.197,
1267300.572,,1362.298,1137.688,
1267367.228,,1360.390,1137.198,
1267433.886,,1356.032,1135.738,
1267500.540,,1352.728,1137.292,
1267567.196,,1357.621,1137.130,
1267633.854,,1354.632,1140.521,
1267700.509,,1349.568,1138.931,
1267767.167,,1346.687,1151.900,
1267833.826,,1351.301,1176.710,
1267900.479,,1356.630,1196.495,
1267967.136,,1355.014,1200.889,
1268033.796,,1354.179,1199.891,
1268100.447,,1358.421,1196.702,
1268167.104,,1370.069,1192.438,
1268233.762,,1366.040,1190.008,
1268300.416,,1364.146,1187.048,
1268367.078,,1365.495,1185.129,
1268433.736,,1371.724,1192.015,
1268500.387,,1361.622,1192.846,
1268567.043,,1365.928,1193.259,
1268633.699,,1359.432,1194.316,
1268700.360,,1363.742,1209.234,
1268767.017,,1355.694,1232.103,
1268833.673,,1358.680,1235.812,
1268900.332,,1363.924,1238.053,
1268966.985,,1361.414,1228.741,
1269033.645,,1362.074,1240.880,
1269100.299,,1356.963,1248.309,
1269166.958,,1359.803,1245.735,
1269233.611,,1353.464,1239.232,
1269300.273,,1356.920,1232.823,
1269366.925,,1359.715,1229.325,
1269433.587,,1358.131,1221.301,
1269500.237,,1353.782,1218.127,
1269566.896,,1360.070,1210.649,
1269633.557,,1355.094,1210.024,
1269700.212,,1356.731,1203.406,
1269766.865,,1352.733,1201.844,
1269833.523,,1353.633,1193.621,
1269900.182,,1353.200,1196.606,
1269966.837,,1358.766,1189.148,
1270033.490,,1350.781,1187.086,
1270100.149,,1354.171,1183.540,
1270166.807,,1357.379,1181.860,
1270233.461,,1357.041,1184.704,
1270300.123,,1356.318,1186.027,
1270366.779,,1355.605,1182.796,
1270433.436,,1360.947,1180.090,
1270500.089,,1357.268,1179.451,
1270566.747,,1353.782,1176.354,
1270633.405,,1355.558,1174.452,
1270700.057,,1355.802,1180.016,
1270766.719,,1350.097,1177.212,
1270833.374,,1352.861,1178.476,
1270900.027,,1351.153,1178.189,
1270966.685,,1354.939,1178.408,
1271033.344,,1363.777,1187.673,
1271099.999,,1357.145,1194.242,
1271166.656,,1359.656,1192.910,
1271233.316,,1362.551,1190.750,
1271299.972,,1367.214,1188.983,
1271366.627,,1368.834,1187.996,
1271433.285,,1365.855,1183.332,
1271499.940,,1363.873,1181.993,
1271566.594,,1366.187,1180.629,
1271633.257,,1365.530,1178.954,
1271699.909,,1367.522,1179.995,
1271766.565,,1365.880,1177.356,
1271833.222,,1367.080,1174.424,
1271899.882,,1368.550,1174.756,
1271966.545,,1370.122,1175.233,
1272033.203,,1368.564,1167.845,
1272099.863,,1365.633,1162.474,
1272166.518,,1370.824,1160.258,
1272233.176,,1364.318,1162.698,
1272299.836,,1367.319,1166.802,
1272366.498,,1367.667,1168.498,
1272433.152,,1367.977,1161.055,
1272499.809,,1365.194,1155.277,
1272566.469,,1366.678,1156.773,
1272633.131,,1364.760,1155.977,
1272699.786,,1366.981,1169.842,
1272766.450,,1367.243,1176.419,
1272833.105,,1364.017,1178.564,
1272899.763,,1369.427,1179.451,
1272966.424,,1371.243,1176.480,
1273033.084,,1373.143,1170.962,
1273099.736,,1365.779,1166.245,
1273166.398,,1365.938,1164.209,
1273233.060,,1360.010,1160.228,
1273299.714,,1359.394,1161.243,
1273366.372,,1356.894,1163.595,
1273433.034,,1355.939,1165.291,
1273499.688,,1357.326,1168.792,
1273566.351,,1358.554,1168.095,
1273633.011,,1356.221,1162.145,
1273699.665,,1358.650,1161.967,
1273766.327,,1358.475,1160.333,
1273832.983,,1363.810,1162.829,
1273899.641,,1369.535,1160.608,
1273966.300,,1368.162,1158.174,
1274032.961,,1362.134,1154.226,
1274099.622,,1363.720,1153.248,
1274166.277,,1363.130,1154.479,
1274232.938,,1365.696,1152.232,
1274299.595,,1361.010,1150.647,
1274366.254,,1358.255,1149.177,
1274432.911,,1357.975,1150.195,
1274499.568,,1361.863,1151.304,
1274566.228,,1359.667,1149.119,
1274632.885,,1361.427,1148.476,
1274699.546,,1363.075,1150.123,
1274766.204,,1365.908,1152.107,
1274832.861,,1362.532,1155.407,
1274899.521,,1367.301,1162.626,
1274966.178,,1367.776,1156.704,
1275032.842,,1372.046,1154.135,
1275099.498,,1368.999,1150.842,
1275166.157,,1370.414,1151.774,
1275232.815,,1368.495,1157.325,
1275299.476,,1365.677,1160.066,
1275366.136,,1363.145,1163.119,
1275432.788,,1361.454,1165.066,
1275499.450,,1359.421,1172.202,
1275566.108,,1357.755,1169.681,
1275632.766,,1350.113,1170.248,
1275699.428,,1349.952,1171.213,
1275766.085,,1351.253,1170.221,
1275832.743,,1345.856,1169.626,
1275899.402,,1344.813,1171.094,
1275966.062,,1348.832,1168.071,
1276032.719,,1352.602,1169.854,
1276099.376,,1358.266,1168.195,
1276166.035,,1356.918,1160.908,
1276232.697,,1353.749,1157.852,
1276299.354,,1350.810,1153.706,
1276366.015,,1352.892,1152.511,
1276432.673,,1351.020,1150.565,
1276499.333,,1344.554,1151.912,
1276565.986,,1350.987,1153.979,
1276632.646,,1347.172,1158.161,
1276699.304,,1348.590,1167.316,
1276765.963,,1356.225,1167.902,
1276832.621,,1360.682,1168.019,
1276899.278,,1357.244,1177.665,
1276965.941,,1350.873,1183.324,
1277032.599,,1353.362,1181.593,
1277099.259,,1351.210,1183.925,
1277165.917,,1349.036,1179.339,
1277232.575,,1351.811,1178.978,
1277299.236,,1352.914,1172.517,
1277365.892,,1353.257,1171.371,
1277432.552,,1360.992,1168.788,
1277499.209,,1360.770,1165.313,
1277565.864,,1360.796,1162.630,
1277632.525,,1363.767,1160.034,
1277699.188,,1363.293,1162.958,
1277765.840,,1358.443,1159.439,
1277832.500,,1371.294,1159.797,
1277899.162,,1365.528,1160.510,
1277965.819,,1360.405,1153.123,
1278032.475,,1369.023,1159.581,
1278099.139,,1371.424,1150.859,
1278165.793,,1366.735,1151.889,
1278232.451,,1357.972,1147.699,
1278299.113,,1358.256,1151.984,
1278365.773,,1363.284,1158.180,
1278432.429,,1363.502,1168.196,
1278499.085,,1363.034,1175.874,
1278565.749,,1357.054,1180.942,
1278632.403,,1361.303,1179.297,
1278699.064,,1358.270,1174.503,
1278765.724,,1351.277,1172.303,
1278832.381,,1347.865,1166.777,
1278899.042,,1350.730,1165.516,
1278965.697,,1344.844,1162.975,
1279032.356,,1346.076,1160.096,
1279099.012,,1347.310,1159.525,
1279165.676,,1346.716,1161.332,
1279232.333,,1354.041,1157.395,
1279298.994,,1351.308,1156.487,
1279365.652,,1350.345,1153.541,
1279432.306,,1352.101,1151.367,
1279498.967,,1351.229,1150.653,
1279565.627,,1356.616,1150.016,
1279632.285,,1352.602,1150.175,
1279698.941,,1354.654,1155.303,
1279765.601,,1356.217,1160.090,
1279832.263,,1354.210,1159.658,
1279898.916,,1355.172,1158.600,
1279965.575,,1352.473,1160.921,
1280032.234,,1353.797,1163.359,
1280098.887,,1351.421,1166.314,
1280165.549,,1358.665,1164.946,
1280232.207,,1363.756,1168.816,
1280298.859,,1370.061,1167.763,
1280365.518,,1371.200,1163.476,
1280432.177,,1363.502,1159.888,
1280498.835,,1362.810,1158.115,
1280565.491,,1364.223,1155.865,
1280632.146,,1360.116,1153.105,
1280698.805,,1360.159,1152.828,
1280765.462,,1357.139,1152.920,
1280832.121,,1360.254,1153.778,
1280898.780,,1360.348,1151.702,
1280965.434,,1358.544,1146.774,
1281032.091,,1357.639,1144.144,
1281098.751,,1355.318,1145.013,
1281165.409,,1360.403,1152.583,
1281232.061,,1377.357,1157.274,
1281298.722,,1374.007,1157.301,
1281365.380,,1371.871,1156.510,
1281432.035,,1370.782,1157.101,
1281498.692,,1370.197,1150.387,
1281565.350,,1367.389,1154.331,
1281632.008,,1370.948,1151.020,
1281698.667,,1370.983,1145.663,
1281765.321,,1356.339,1142.279,
1281831.980,,1355.965,1142.553,
1281898.638,,1349.461,1142.943,
1281965.294,,1358.248,1145.745,
1282031.951,,1352.252,1140.837,
1282098.609,,1346.423,1139.565,
1282165.265,,1351.973,1139.574,
1282231.926,,1359.132,1139.862,
1282298.580,,1360.063,1140.187,
1282365.240,,1356.671,1140.067,
1282431.896,,1356.065,1136.681,
1282498.558,,1353.490,1136.657,
1282565.215,,1355.229,1137.917,
1282631.871,,1353.180,1138.473,
1282698.525,,1354.633,1139.722,
1282765.184,,1359.642,1136.884,
1282831.842,,1360.144,1137.680,
1282898.498,,1358.044,1137.390,
1282965.159,,1359.609,1134.904,
1283031.813,,1358.456,1132.155,
1283098.470,,1356.594,1131.773,
1283165.128,,1360.630,1131.187,
1283231.786,,1356.050,1128.911,
1283298.446,,1352.947,1129.395,
1283365.104,,1353.987,1129.655,
1283431.757,,1350.913,1128.840,
1283498.413,,1353.897,1127.068,
1283565.073,,1357.926,1129.646,
1283631.733,,1352.728,1130.689,
1283698.385,,1353.945,1131.405,
1283765.049,,1349.413,1127.999,
1283831.705,,1358.809,1130.224,
1283898.359,,1361.234,1130.775,
1283965.018,,1357.592,1129.401,
1284031.676,,1356.615,1127.279,
1284098.334,,1352.858,1128.811,
1284164.989,,1349.640,1128.878,
1284231.646,,1351.546,1124.490,
1284298.307,,1343.620,1128.265,
1284364.965,,1341.829,1124.441,
1284431.619,,1339.783,1125.217,
1284498.277,,1342.747,1125.437,
1284564.931,,1345.518,1126.717,
1284631.593,,1346.555,1129.142,
1284698.249,,1344.798,1130.182,
1284764.904,,1347.553,1129.281,
1284831.566,,1346.349,1133.890,
1284898.221,,1348.842,1130.802,
1284964.878,,1343.856,1132.936,
1285031.537,,1348.881,1136.999,
1285098.196,,1356.472,1138.822,
1285164.850,,1356.888,1140.835,
1285231.510,,1354.510,1144.149,
1285298.165,,1350.939,1143.282,
1285364.821,,1353.801,1144.321,
1285431.478,,1352.050,1146.902,
1285498.139,,1353.685,1148.789,
1285564.798,,1349.742,1149.294,
1285631.450,,1352.665,1146.785,
1285698.109,,1350.204,1145.623,
1285764.770,,1347.590,1144.813,
1285831.424,,1342.431,1144.981,
1285898.083,,1345.653,1144.027,
1285964.739,,1344.683,1142.479,
1286031.396,,1345.895,1139.718,
1286098.056,,1347.934,1140.900,
1286164.709,,1348.621,1143.682,
1286231.371,,1348.986,1143.284,
1286298.027,,1349.290,1150.769,
1286364.685,,1355.716,1151.824,
1286431.340,,1357.143,1150.681,
1286498.001,,1351.739,1153.217,
1286564.653,,1351.890,1153.747,
1286631.310,,1350.418,1153.792,
1286697.967,,1350.074,1155.251,
1286764.626,,1353.574,1154.580,
1286831.285,,1359.502,1153.393,
1286897.942,,1359.203,1152.556,
1286964.601,,1358.328,1150.910,
1287031.254,,1357.508,1147.760,
1287097.911,,1357.142,1146.198,
1287164.570,,1352.037,1144.759,
1287231.229,,1351.900,1143.737,
1287297.884,,1350.199,1140.847,
1287364.541,,1351.450,1138.993,
1287431.204,,1352.004,1136.985,
1287497.859,,1353.068,1136.623,
1287564.518,,1357.697,1136.575,
1287631.173,,1359.001,1135.810,
1287697.833,,1356.797,1132.993,
1287764.490,,1354.279,1132.703,
1287831.147,,1350.433,1127.442,
1287897.806,,1351.261,1130.450,
1287964.464,,1351.907,1131.091,
1288031.120,,1352.642,1126.247,
1288097.780,,1344.559,1123.896,
1288164.435,,1342.696,1124.573,
1288231.099,,1343.453,1124.049,
1288297.757,,1344.433,1124.299,
1288364.414,,1340.704,1122.512,
1288431.072,,1335.933,1123.231,
1288497.731,,1338.998,1121.012,
1288564.391,,1339.034,1124.548,
1288631.050,,1337.680,1141.744,
1288697.702,,1337.871,1154.320,
1288764.366,,1338.208,1161.545,
1288831.021,,1340.262,1169.538,
1288897.683,,1342.722,1170.728,
1288964.342,,1345.577,1172.535,
1289031.000,,1347.786,1176.940,
1289097.657,,1346.224,1180.258,
1289164.316,,1346.971,1178.586,
1289230.972,,1348.779,1177.137,
1289297.628,,1348.770,1178.347,
1289364.287,,1343.684,1179.227,
1289430.951,,1340.226,1178.637,
1289497.607,,1342.016,1176.858,
1289564.266,,1344.235,1174.238,
1289630.923,,1346.329,1175.078,
1289697.585,,1347.642,1173.402,
1289764.242,,1348.529,1171.427,
1289830.901,,1349.251,1167.418,
1289897.560,,1346.754,1166.092,
1289964.215,,1345.095,1163.965,
1290030.876,,1348.035,1160.235,
1290097.533,,1348.412,1162.063,
1290164.191,,1347.805,1159.186,
1290230.851,,1349.599,1156.317,
1290297.506,,1353.084,1154.089,
1290364.163,,1349.383,1151.369,
1290430.821,,1351.385,1149.124,
1290497.483,,1350.976,1150.310,
1290564.141,,1351.535,1149.627,
1290630.796,,1352.021,1152.257,
1290697.460,,1354.045,1152.507,
1290764.115,,1356.857,1154.679,
1290830.773,,1354.056,1153.514,
1290897.429,,1352.315,1149.106,
1290964.089,,1352.918,1147.520,
1291030.748,,1352.682,1147.373,
1291097.406,,1349.530,1146.180,
1291164.063,,1353.869,1143.948,
1291230.726,,1351.261,1142.402,
1291297.382,,1360.730,1141.374,
1291364.038,,1361.570,1141.915,
1291430.698,,1362.594,1142.302,
1291497.361,,1362.373,1138.196,
1291564.013,,1358.410,1140.910,
1291630.673,,1367.017,1140.458,
1291697.329,,1362.973,1136.495,
1291763.992,,1361.801,1137.485,
1291830.647,,1362.213,1136.471,
1291897.309,,1360.313,1137.063,
1291963.969,,1359.437,1136.329,
1292030.626,,1359.932,1135.816,
1292097.281,,1362.067,1135.816,
1292163.943,,1360.808,1139.818,
1292230.598,,1362.310,1147.581,
1292297.257,,1358.487,1156.254,
1292363.919,,1356.979,1155.973,
1292430.575,,1354.424,1155.123,
1292497.236,,1354.386,1155.542,
1292563.892,,1354.952,1155.454,
1292630.549,,1353.899,1159.242,
1292697.206,,1352.974,1157.159,
1292763.870,,1351.976,1157.129,
1292830.525,,1358.680,1157.801,
1292897.185,,1354.483,1158.465,
1292963.840,,1356.687,1156.191,
1293030.501,,1357.535,1152.711,
1293097.160,,1362.386,1150.663,
1293163.814,,1356.298,1152.440,
1293230.475,,1353.354,1148.719,
1293297.131,,1354.523,1147.785,
1293363.795,,1348.536,1150.916,
1293430.448,,1356.199,1146.375,
1293497.110,,1358.160,1146.265,
1293563.770,,1359.198,1150.545,
1293630.429,,1364.437,1149.755,
1293697.087,,1370.688,1147.345,
1293763.740,,1366.023,1148.836,
1293830.400,,1368.891,1147.705,
1293897.059,,1366.655,1146.416,
1293963.719,,1366.392,1143.910,
1294030.377,,1369.133,1146.311,
1294097.034,,1369.496,1145.538,
1294163.693,,1370.569,1145.512,
1294230.350,,1369.935,1146.306,
1294297.012,,1368.699,1147.148,
1294363.665,,1363.277,1148.081,
1294430.324,,1359.062,1148.946,
1294496.987,,1356.972,1145.660,
1294563.642,,1352.540,1141.343,
1294630.304,,1351.425,1139.112,
1294696.963,,1347.803,1140.340,
1294763.621,,1351.489,1144.306,
1294830.277,,1361.001,1150.954,
1294896.933,,1358.867,1150.364,
1294963.595,,1360.351,1155.266,
1295030.253,,1359.604,1153.052,
1295096.912,,1359.556,1156.451,
1295163.571,,1368.373,1155.418,
1295230.229,,1364.411,1155.978,
1295296.883,,1366.271,1154.662,
1295363.547,,1363.770,1152.862,
1295430.199,,1362.158,1150.884,
1295496.863,,1361.733,1149.932,
1295563.521,,1358.258,1149.141,
1295630.180,,1358.032,1146.313,
1295696.837,,1360.832,1144.987,
1295763.496,,1361.503,1143.639,
1295830.149,,1361.319,1145.042,
1295896.810,,1358.305,1141.559,
1295963.466,,1353.213,1139.495,
1296030.124,,1351.253,1140.884,
1296096.783,,1354.690,1140.558,
1296163.441,,1357.184,1139.542,
1296230.104,,1356.339,1140.061,
1296296.759,,1356.339,1139.655,
1296363.418,,1360.985,1141.176,
1296430.074,,1366.047,1140.652,
1296496.734,,1362.938,1141.119,
1296563.394,,1363.517,1142.672,
1296630.051,,1369.199,1140.933,
1296696.710,,1369.396,1139.284,
1296763.368,,1361.972,1139.145,
1296830.024,,1360.913,1139.520,
1296896.686,,1358.634,1138.042,
1296963.338,,1358.135,1139.928,
1297029.997,,1358.644,1143.451,
1297096.656,,1363.932,1143.453,
1297163.320,,1362.211,1141.043,
1297229.974,,1365.122,1138.779,
1297296.631,,1363.324,1140.255,
1297363.288,,1359.363,1145.237,
1297429.950,,1359.242,1148.240,
1297496.608,,1357.031,1150.848,
1297563.267,,1356.341,1159.928,
1297629.923,,1355.360,1170.591,
1297696.583,,1354.563,1182.483,
1297763.244,,1357.598,1185.619,
1297829.900,,1357.865,1184.585,
1297896.553,,1351.490,1183.477,
1297963.217,,1355.782,1187.278,
1298029.870,,1362.393,1187.486,
1298096.532,,1363.717,1181.952,
1298163.189,,1365.511,1180.904,
1298229.848,,1368.321,1178.385,
1298296.503,,1363.706,1174.095,
1298363.167,,1365.499,1170.837,
1298429.824,,1356.630,1167.131,
1298496.478,,1355.407,1167.693,
1298563.136,,1367.253,1166.437,
1298629.800,,1366.576,1158.758,
1298696.452,,1366.566,1157.405,
1298763.111,,1366.072,1153.733,
1298829.770,,1359.862,1152.500,
1298896.431,,1359.970,1151.377,
1298963.090,,1359.581,1154.825,
1299029.750,,1357.803,1158.553,
1299096.408,,1357.641,1163.680,
1299163.064,,1357.622,1161.504,
1299229.723,,1354.406,1160.421,
1299296.379,,1347.089,1154.098,
1299363.037,,1354.346,1152.434,
1299429.697,,1351.224,1157.325,
1299496.355,,1354.838,1154.405,
1299563.014,,1352.363,1153.347,
1299629.667,,1349.297,1150.037,
1299696.331,,1347.984,1148.518,
1299762.984,,1350.160,1148.454,
1299829.642,,1351.853,1148.071,
1299896.304,,1351.895,1149.120,
1299962.963,,1350.945,1146.655,
1300029.620,,1349.670,1144.699,
1300096.281,,1352.118,1144.487,
1300162.937,,1350.105,1144.427,
1300229.593,,1350.536,1145.958,
1300296.254,,1347.348,1145.756,
1300362.912,,1349.655,1144.158,
1300429.566,,1347.546,1143.908,
1300496.224,,1347.641,1142.960,
1300562.884,,1351.686,1142.176,
1300629.544,,1349.818,1142.962,
1300696.203,,1355.877,1142.578,
1300762.861,,1355.234,1139.274,
1300829.521,,1350.159,1136.444,
1300896.174,,1352.621,1134.586,
1300962.834,,1360.152,1138.072,
1301029.494,,1357.695,1136.040,
1301096.152,,1356.159,1134.273,
1301162.810,,1355.936,1130.469,
1301229.469,,1351.301,1130.772,
1301296.128,,1348.995,1132.415,
1301362.782,,1346.360,1133.579,
1301429.445,,1350.673,1134.580,
1301496.100,,1357.355,1133.670,
1301562.756,,1351.864,1136.116,
1301629.415,,1352.859,1134.814,
1301696.073,,1351.659,1137.456,
1301762.734,,1347.174,1138.574,
1301829.390,,1350.428,1145.631,
1301896.048,,1349.698,1153.798,
1301962.706,,1350.397,1166.591,
1302029.363,,1349.095,1185.472,
1302096.022,,1349.643,1211.032,
1302162.683,,1348.232,1223.236,
1302229.338,,1347.727,1225.136,
1302295.998,,1346.727,1227.687,
1302362.659,,1346.189,1226.966,
1302429.319,,1353.551,1223.991,
1302495.975,,1354.927,1218.939,
1302562.631,,1357.102,1214.210,
1302629.287,,1360.681,1207.980,
1302695.946,,1364.175,1203.789,
1302762.609,,1361.071,1197.567,
1302829.264,,1359.227,1190.695,
1302895.920,,1355.114,1187.146,
1302962.578,,1353.870,1181.492,
1303029.236,,1351.020,1185.786,
1303095.898,,1357.376,1183.698,
1303162.553,,1353.807,1178.714,
1303229.217,,1355.888,1177.226,
1303295.875,,1356.394,1175.367,
1303362.533,,1356.783,1175.705,
1303429.188,,1356.559,1176.123,
1303495.846,,1358.053,1175.959,
1303562.502,,1357.360,1177.976,
1303629.162,,1355.314,1180.726,
1303695.819,,1356.651,1179.342,
1303762.483,,1356.924,1178.403,
1303829.136,,1354.924,1176.315,
1303895.797,,1352.900,1173.241,
1303962.456,,1352.809,1176.120,
1304029.109,,1351.652,1178.516,
1304095.768,,1354.364,1176.866,
1304162.429,,1355.398,1177.054,
1304229.085,,1352.310,1182.480,
1304295.745,,1348.894,1184.663,
1304362.404,,1349.574,1185.660,
1304429.061,,1350.276,1186.516,
1304495.717,,1350.805,1192.955,
1304562.377,,1350.073,1195.452,
1304629.038,,1348.768,1193.819,
1304695.696,,1346.802,1206.671,
1304762.350,,1345.563,1255.853,
1304829.010,,1344.630,1284.365,
1304895.668,,1347.204,1292.553,
1304962.325,,1348.286,1292.555,
1305028.982,,1347.772,1287.501,
1305095.641,,1349.315,1281.883,
1305162.298,,1353.084,1277.566,
1305228.960,,1356.226,1274.722,
1305295.620,,1354.043,1268.967,
1305362.276,,1356.013,1263.716,
1305428.933,,1354.601,1259.171,
1305495.589,,1356.880,1250.505,
1305562.248,,1358.523,1244.881,
1305628.906,,1356.618,1238.347,
1305695.564,,1356.164,1234.785,
1305762.226,,1357.061,1230.161,
1305828.881,,1356.787,1226.145,
1305895.537,,1354.207,1222.969,
1305962.200,,1354.274,1220.162,
1306028.858,,1354.691,1221.650,
1306095.513,,1354.292,1222.199,
1306162.175,,1354.498,1216.983,
1306228.829,,1353.867,1214.432,
1306295.485,,1356.582,1211.963,
1306362.146,,1359.388,1208.352,
1306428.808,,1354.312,1202.210,
1306495.466,,1357.455,1203.779,
1306562.121,,1357.058,1199.172,
1306628.782,,1359.398,1191.602,
1306695.440,,1360.565,1188.765,
1306762.096,,1357.386,1187.151,
1306828.756,,1359.151,1185.260,
1306895.414,,1364.439,1185.034,
1306962.072,,1360.964,1183.597,
1307028.726,,1357.458,1179.401,
1307095.384,,1355.811,1176.299,
1307162.042,,1353.565,1171.240,
1307228.701,,1355.179,1174.178,
1307295.362,,1354.513,1174.376,
1307362.022,,1353.058,1172.162,
1307428.679,,1355.984,1170.983,
1307495.333,,1358.298,1170.060,
1307561.994,,1362.806,1168.925,
1307628.653,,1360.502,1167.884,
1307695.311,,1357.824,1163.684,
1307761.970,,1359.184,1164.793,
1307828.627,,1359.191,1163.237,
1307895.282,,1358.641,1159.883,
1307961.941,,1360.097,1156.771,
1308028.603,,1360.519,1156.527,
1308095.259,,1353.984,1155.675,
1308161.919,,1357.612,1152.688,
1308228.575,,1357.573,1151.826,
1308295.229,,1358.484,1150.169,
1308361.887,,1352.273,1151.815,
1308428.550,,1359.176,1150.605,
1308495.203,,1366.505,1152.589,
1308561.866,,1368.255,1153.515,
1308628.520,,1363.335,1153.544,
1308695.180,,1358.972,1148.774,
1308761.836,,1356.431,1156.219,
1308828.497,,1359.485,1156.598,
1308895.152,,1362.807,1155.941,
1308961.813,,1358.514,1152.910,
1309028.469,,1357.962,1155.901,
1309095.130,,1357.627,1154.354,
1309161.790,,1359.097,1153.559,
1309228.445,,1360.339,1152.976,
1309295.105,,1356.524,1150.060,
1309361.764,,1356.809,1149.749,
1309428.421,,1354.371,1147.772,
1309495.076,,1354.101,1150.080,
1309561.733,,1351.448,1148.752,
1309628.395,,1352.529,1146.606,
1309695.051,,1353.136,1146.663,
1309761.708,,1355.785,1149.603,
1309828.371,,1361.923,1151.142,
1309895.027,,1359.774,1152.328,
1309961.685,,1360.908,1153.791,
1310028.344,,1359.555,1154.928,
1310094.998,,1360.962,1152.059,
1310161.658,,1356.026,1151.136,
1310228.315,,1358.447,1151.455,
1310294.973,,1355.346,1149.743,
1310361.635,,1353.524,1151.745,
1310428.289,,1352.131,1160.958,
1310494.947,,1354.910,1192.407,
1310561.607,,1353.495,1217.258,
1310628.268,,1356.960,1241.238,
1310694.925,,1358.153,1253.015,
1310761.582,,1358.520,1257.363,
1310828.238,,1361.911,1251.163,
1310894.898,,1358.041,1246.914,
1310961.557,,1360.505,1240.143,
1311028.217,,1358.520,1230.635,
1311094.875,,1358.584,1222.781,
1311161.530,,1352.673,1221.793,
1311228.190,,1365.569,1224.995,
1311294.850,,1371.767,1217.623,
1311361.506,,1378.149,1210.852,
1311428.165,,1376.826,1207.659,
1311494.821,,1372.606,1205.275,
1311561.481,,1373.376,1201.332,
1311628.135,,1377.178,1198.735,
1311694.795,,1377.201,1193.447,
1311761.456,,1374.745,1190.131,
1311828.112,,1372.290,1187.346,
1311894.766,,1372.591,1186.909,
1311961.430,,1372.343,1183.868,
1312028.084,,1369.043,1181.905,
1312094.746,,1374.908,1180.823,
1312161.400,,1376.813,1180.496,
1312228.056,,1381.912,1172.515,
1312294.717,,1362.313,1166.845,
1312361.372,,1353.872,1166.244,
1312428.034,,1348.859,1162.671,
1312494.687,,1351.903,1164.450,
1312561.343,,1353.821,1160.936,
1312628.001,,1358.820,1161.285,
1312694.663,,1364.298,1159.399,
1312761.317,,1360.173,1158.180,
1312827.979,,1359.895,1157.538,
1312894.636,,1358.529,1155.664,
1312961.294,,1355.043,1154.766,
1313027.951,,1349.197,1154.621,
1313094.604,,1355.140,1155.640,
1313161.261,,1359.865,1151.936,
1313227.921,,1352.838,1150.559,
1313294.576,,1355.867,1149.782,
1313361.236,,1352.826,1150.472,
1313427.896,,1350.354,1150.025,
1313494.556,,1352.449,1147.645,
1313561.210,,1348.751,1143.125,
1313627.868,,1350.820,1146.706,
1313694.530,,1351.955,1148.173,
1313761.180,,1353.896,1147.865,
1313827.842,,1352.620,1150.197,
1313894.495,,1349.940,1147.723,
1313961.159,,1350.449,1147.403,
1314027.815,,1353.401,1148.181,
1314094.468,,1354.137,1145.547,
1314161.129,,1355.019,1143.977,
1314227.783,,1359.412,1142.760,
1314294.443,,1352.578,1148.956,
1314361.103,,1349.455,1140.417,
1314427.757,,1345.624,1136.623,
1314494.414,,1347.870,1136.885,
1314561.077,,1354.084,1138.706,
1314627.733,,1355.558,1139.196,
1314694.391,,1354.299,1136.100,
1314761.046,,1356.286,1135.681,
1314827.702,,1355.832,1136.415,
1314894.360,,1353.125,1134.185,
1314961.023,,1349.573,1133.420,
1315027.675,,1349.618,1132.424,
1315094.337,,1351.225,1130.835,
1315160.996,,1349.112,1129.404,
1315227.648,,1348.869,1129.707,
1315294.305,,1348.972,1129.063,
1315360.967,,1350.749,1129.791,
1315427.621,,1346.633,1127.709,
1315494.281,,1350.856,1127.548,
1315560.936,,1347.523,1129.155,
1315627.594,,1351.738,1129.211,
1315694.256,,1346.494,1126.959,
1315760.913,,1353.024,1130.346,
1315827.572,,1356.837,1131.888,
1315894.224,,1355.364,1130.999,
1315960.884,,1358.791,1132.280,
1316027.541,,1358.808,1130.329,
1316094.200,,1357.964,1130.891,
1316160.855,,1357.067,1132.757,
1316227.517,,1357.480,1133.914,
1316294.175,,1353.314,1132.793,
1316360.829,,1352.879,1134.730,
1316427.486,,1356.052,1134.259,
1316494.143,,1356.749,1134.157,
1316560.804,,1351.969,1135.289,
1316627.462,,1347.493,1138.644,
1316694.118,,1346.142,1136.440,
1316760.777,,1351.036,1136.518,
1316827.433,,1351.450,1139.564,
1316894.088,,1355.218,1137.755,
1316960.745,,1349.971,1137.316,
1317027.405,,1347.744,1139.841,
1317094.062,,1347.437,1142.793,
1317160.725,,1350.186,1148.812,
1317227.380,,1358.623,1155.861,
1317294.036,,1354.299,1158.248,
1317360.692,,1359.617,1157.350,
1317427.351,,1356.146,1153.439,
1317494.009,,1352.514,1149.144,
1317560.670,,1359.165,1146.693,
1317627.327,,1356.721,1144.799,
1317693.981,,1358.644,1142.937,
1317760.641,,1354.928,1138.705,
1317827.299,,1351.768,1138.802,
1317893.952,,1348.028,1136.898,
1317960.612,,1349.015,1136.597,
1318027.269,,1349.160,1135.765,
1318093.927,,1348.903,1134.626,
1318160.589,,1343.967,1131.756,
1318227.243,,1346.619,1133.003,
1318293.902,,1347.038,1130.692,
1318360.559,,1345.708,1130.513,
1318427.218,,1343.050,1129.628,
1318493.873,,1345.317,1130.879,
1318560.531,,1346.462,1134.306,
1318627.187,,1345.885,1143.847,
1318693.847,,1344.864,1145.474,
1318760.507,,1346.130,1144.953,
1318827.159,,1346.914,1140.871,
1318893.817,,1349.398,1142.190,
1318960.479,,1346.043,1139.947,
1319027.132,,1346.299,1142.088,
1319093.792,,1344.917,1138.961,
1319160.449,,1345.059,1138.894,
1319227.110,,1350.153,1136.283,
1319293.766,,1350.955,1136.126,
1319360.422,,1347.229,1136.603,
1319427.081,,1356.463,1134.915,
1319493.737,,1354.083,1133.985,
1319560.395,,1354.672,1130.984,
1319627.053,,1355.816,1133.356,
1319693.714,,1366.923,1136.327,
1319760.365,,1366.496,1136.040,
1319827.027,,1365.810,1132.566,
1319893.683,,1364.337,1134.396,
1319960.343,,1360.150,1140.534,
1320027.002,,1358.380,1140.185,
1320093.658,,1350.659,1142.020,
1320160.317,,1346.956,1142.836,
1320226.971,,1347.082,1139.930,
1320293.634,,1343.397,1141.441,
1320360.288,,1348.860,1143.392,
1320426.947,,1351.538,1141.096,
1320493.602,,1351.167,1140.879,
1320560.262,,1345.139,1145.931,
1320626.920,,1341.671,1143.688,
1320693.579,,1339.597,1149.044,
1320760.237,,1344.212,1152.286,
1320826.891,,1345.828,1152.878,
1320893.548,,1346.520,1149.461,
1320960.207,,1348.172,1150.238,
1321026.863,,1346.788,1155.198,
1321093.526,,1344.641,1160.841,
1321160.179,,1343.645,1164.073,
1321226.837,,1344.714,1168.977,
1321293.499,,1345.042,1172.780,
1321360.153,,1344.834,1175.813,
1321426.815,,1345.643,1176.767,
1321493.473,,1344.871,1176.528,
1321560.126,,1342.856,1176.316,
1321626.783,,1348.243,1181.684,
1321693.443,,1354.556,1186.807,
1321760.104,,1356.065,1194.172,
1321826.756,,1353.018,1193.948,
1321893.420,,1350.984,1194.505,
1321960.073,,1351.420,1228.347,
1322026.735,,1354.907,1264.122,
1322093.387,,1349.698,1275.248,
1322160.050,,1346.096,1272.013,
1322226.702,,1347.656,1268.270,
1322293.362,,1344.274,1263.247,
1322360.021,,1345.279,1258.596,
1322426.679,,1349.869,1249.237,
1322493.339,,1352.209,1244.149,
1322559.995,,1343.888,1239.189,
1322626.649,,1342.169,1236.068,
1322693.307,,1345.721,1228.576,
1322759.968,,1348.066,1222.516,
1322826.625,,1346.890,1218.868,
1322893.280,,1344.979,1211.282,
1322959.943,,1345.939,1208.862,
1323026.601,,1344.983,1209.129,
1323093.256,,1346.809,1206.298,
1323159.914,,1347.194,1200.031,
1323226.571,,1352.696,1197.368,
1323293.228,,1347.988,1196.939,
1323359.889,,1350.060,1190.965,
1323426.543,,1350.892,1187.177,
1323493.200,,1352.490,1184.587,
1323559.863,,1352.905,1183.184,
1323626.517,,1351.035,1179.233,
1323693.178,,1349.672,1179.598,
1323759.837,,1349.710,1178.374,
1323826.489,,1357.179,1175.408,
1323893.150,,1358.104,1176.406,
1323959.807,,1353.342,1174.229,
1324026.464,,1355.081,1171.246,
1324093.125,,1358.338,1172.940,
1324159.780,,1355.026,1176.652,
1324226.439,,1354.368,1173.953,
1324293.098,,1357.756,1169.836,
1324359.751,,1354.611,1170.262,
1324426.414,,1355.236,1166.327,
1324493.067,,1351.239,1162.771,
1324559.727,,1352.651,1159.471,
1324626.385,,1353.983,1157.849,
1324693.039,,1347.239,1154.503,
1324759.698,,1349.313,1154.516,
1324826.360,,1351.383,1154.781,
1324893.014,,1355.438,1155.583,
1324959.674,,1358.515,1153.355,
1325026.330,,1358.626,1150.834,
1325092.985,,1360.711,1150.914,
1325159.646,,1357.671,1151.272,
1325226.302,,1359.984,1153.310,
1325292.961,,1364.130,1152.352,
1325359.623,,1363.964,1154.321,
1325426.276,,1363.455,1150.061,
1325492.938,,1359.747,1151.297,
1325559.592,,1360.403,1149.262,
1325626.249,,1359.461,1148.626,
1325692.909,,1362.425,1146.447,
1325759.568,,1357.892,1146.090,
1325826.221,,1366.741,1147.222,
1325892.883,,1359.195,1145.063,
1325959.538,,1355.423,1141.319,
1326026.199,,1353.753,1143.662,
1326092.854,,1351.206,1145.642,
1326159.510,,1352.403,1146.610,
1326226.167,,1357.558,1148.188,
1326292.824,,1355.989,1151.166,
1326359.486,,1357.311,1151.635,
1326426.141,,1361.593,1151.476,
1326492.804,,1362.257,1154.879,
1326559.456,,1360.249,1155.561,
1326626.119,,1358.387,1155.842,
1326692.774,,1353.068,1153.561,
1326759.429,,1353.050,1150.994,
1326826.089,,1335.810,1149.147,
1326892.747,,1343.179,1151.785,
1326959.408,,1354.726,1155.243,
1327026.064,,1358.238,1161.330,
1327092.722,,1357.835,1165.153,
1327159.378,,1362.069,1165.527,
1327226.037,,1357.166,1166.298,
1327292.691,,1359.153,1168.018,
1327359.349,,1358.949,1170.106,
1327426.013,,1362.672,1170.029,
1327492.670,,1358.965,1169.587,
1327559.326,,1358.167,1165.487,
1327625.979,,1357.232,1168.044,
1327692.639,,1353.095,1168.238,
1327759.300,,1351.934,1166.518,
1327825.954,,1353.371,1166.873,
1327892.615,,1350.953,1171.524,
1327959.275,,1356.074,1174.082,
1328025.931,,1363.568,1175.894,
1328092.589,,1364.236,1173.266,
1328159.244,,1361.329,1180.432,
1328225.905,,1365.384,1180.941,
1328292.561,,1368.386,1179.530,
1328359.217,,1368.387,1181.001,
1328425.878,,1365.214,1176.641,
1328492.532,,1364.054,1168.115,
1328559.192,,1349.058,1162.789,
1328625.849,,1347.124,1178.224,
1328692.509,,1342.995,1179.794,
1328759.167,,1348.074,1184.290,
1328825.822,,1345.623,1184.701,
1328892.481,,1345.255,1183.788,
1328959.142,,1351.054,1180.587,
1329025.800,,1350.804,1179.776,
1329092.453,,1351.426,1175.629,
1329159.112,,1350.853,1176.683,
1329225.771,,1345.431,1173.500,
1329292.429,,1351.101,1170.685,
1329359.090,,1350.075,1168.928,
1329425.744,,1346.556,1168.657,
1329492.401,,1351.078,1166.429,
1329559.057,,1356.515,1166.027,
1329625.721,,1355.712,1166.215,
1329692.375,,1355.066,1161.186,
1329759.034,,1358.211,1159.217,
1329825.695,,1356.779,1159.323,
1329892.350,,1358.760,1156.699,
1329959.005,,1358.096,1154.001,
1330025.667,,1355.032,1152.970,
1330092.321,,1353.482,1151.069,
1330158.984,,1352.521,1151.192,
1330225.640,,1354.741,1152.139,
1330292.302,,1356.076,1154.390,
1330358.953,,1355.161,1154.359,
1330425.612,,1354.926,1154.174,
1330492.271,,1356.434,1152.008,
1330558.931,,1354.875,1152.854,
1330625.588,,1354.849,1153.650,
1330692.245,,1355.963,1153.011,
1330758.904,,1354.829,1153.940,
1330825.561,,1353.993,1153.331,
1330892.218,,1354.694,1151.746,
1330958.876,,1353.522,1151.294,
1331025.535,,1355.109,1152.543,
1331092.189,,1353.348,1150.090,
1331158.852,,1349.847,1148.197,
1331225.506,,1349.981,1147.809,
1331292.163,,1349.763,1149.687,
1331358.820,,1355.943,1149.338,
1331425.482,,1360.701,1149.552,
1331492.139,,1356.575,1151.766,
1331558.796,,1354.829,1151.770,
1331625.456,,1356.055,1152.888,
1331692.114,,1354.560,1149.346,
1331758.770,,1360.373,1152.806,
1331825.427,,1362.747,1155.496,
1331892.085,,1362.522,1154.469,
1331958.745,,1362.987,1152.508,
1332025.400,,1361.831,1151.888,
1332092.062,,1364.155,1151.714,
1332158.717,,1361.451,1150.605,
1332225.378,,1359.787,1150.416,
1332292.034,,1355.430,1149.481,
1332358.694,,1353.836,1152.087,
1332425.347,,1352.290,1152.703,
1332492.010,,1354.220,1152.646,
1332558.665,,1351.894,1153.112,
1332625.322,,1350.363,1154.319,
1332691.983,,1351.795,1153.565,
1332758.639,,1350.511,1159.636,
1332825.299,,1345.383,1158.515,
1332891.954,,1342.494,1165.001,
1332958.613,,1350.218,1168.542,
1333025.267,,1353.929,1175.134,
1333091.931,,1355.563,1176.072,
1333158.583,,1353.396,1179.046,
1333225.246,,1357.261,1185.867,
1333291.898,,1360.360,1187.141,
1333358.556,,1360.025,1188.364,
1333425.217,,1362.329,1188.045,
1333491.874,,1365.272,1186.421,
1333558.535,,1365.528,1181.330,
1333625.192,,1354.391,1178.278,
1333691.847,,1347.550,1176.318,
1333758.508,,1350.088,1171.470,
1333825.164,,1351.674,1169.945,
1333891.824,,1349.082,1167.319,
1333958.483,,1352.136,1166.114,
1334025.141,,1354.827,1163.615,
1334091.793,,1355.250,1161.674,
1334158.454,,1355.453,1159.794,
1334225.113,,1352.757,1157.965,
1334291.769,,1353.719,1158.016,
1334358.429,,1353.539,1161.238,
1334425.087,,1355.730,1161.637,
1334491.742,,1358.610,1161.806,
1334558.399,,1359.151,1161.092,
1334625.061,,1362.743,1160.060,
1334691.716,,1362.567,1158.165,
1334758.375,,1362.533,1159.878,
1334825.036,,1362.003,1162.556,
1334891.690,,1359.007,1162.438,
1334958.348,,1360.201,1162.098,
1335025.007,,1361.545,1160.461,
1335091.661,,1361.672,1160.382,
1335158.322,,1362.767,1157.083,
1335224.979,,1360.189,1155.632,
1335291.638,,1359.033,1154.713,
1335358.298,,1356.314,1154.141,
1335424.955,,1356.610,1152.712,
1335491.614,,1350.905,1152.909,
1335558.268,,1352.724,1150.870,
1335624.930,,1358.839,1147.851,
1335691.582,,1350.899,1147.285,
1335758.245,,1354.144,1147.260,
1335824.903,,1353.154,1148.535,
1335891.557,,1358.192,1148.604,
1335958.217,,1357.686,1146.225,
1336024.879,,1355.948,1146.688,
1336091.535,,1349.415,1148.320,
1336158.194,,1352.876,1150.907,
1336224.849,,1354.658,1155.206,
1336291.510,,1352.772,1157.117,
1336358.167,,1353.630,1157.899,
1336424.828,,1356.710,1156.114,
1336491.486,,1356.210,1152.626,
1336558.146,,1358.818,1147.557,
1336624.804,,1356.649,1148.726,
1336691.459,,1357.364,1147.274,
1336758.121,,1360.113,1145.902,
1336824.776,,1359.300,1145.158,
1336891.435,,1358.910,1142.266,
1336958.092,,1362.603,1141.616,
1337024.755,,1357.075,1144.113,
1337091.411,,1357.937,1144.485,
1337158.068,,1360.447,1144.773,
1337224.729,,1360.110,1144.175,
1337291.384,,1360.671,1145.400,
1337358.046,,1358.154,1149.878,
1337424.704,,1363.271,1152.928,
1337491.360,,1366.016,1155.946,
1337558.020,,1362.636,1159.383,
1337624.678,,1359.546,1158.226,
1337691.337,,1360.918,1155.677,
1337757.994,,1357.442,1156.187,
1337824.656,,1356.295,1155.721,
1337891.310,,1356.976,1166.603,
1337957.974,,1357.897,1172.890,
1338024.633,,1359.962,1173.362,
1338091.291,,1357.741,1174.185,
1338157.946,,1351.996,1171.176,
1338224.602,,1355.265,1172.266,
1338291.265,,1356.773,1172.893,
1338357.925,,1357.131,1172.078,
1338424.582,,1360.507,1174.408,
1338491.242,,1361.421,1179.718,
1338557.894,,1370.374,1180.509,
1338624.554,,1370.903,1178.000,
1338691.211,,1367.489,1176.542,
1338757.869,,1365.099,1171.493,
1338824.528,,1359.945,1167.323,
1338891.192,,1357.464,1165.044,
1338957.850,,1355.544,1161.318,
1339024.504,,1355.159,1159.654,
1339091.167,,1357.850,1156.257,
1339157.825,,1355.808,1154.574,
1339224.481,,1356.567,1152.096,
1339291.141,,1357.294,1149.799,
1339357.797,,1354.986,1147.863,
1339424.458,,1355.178,1145.304,
1339491.113,,1358.463,1144.260,
1339557.776,,1355.722,1143.332,
1339624.433,,1352.376,1140.636,
1339691.090,,1349.591,1138.742,
1339757.751,,1348.982,1137.937,
1339824.410,,1350.121,1139.602,
1339891.069,,1348.383,1135.884,
1339957.721,,1344.345,1132.607,
1340024.380,,1343.795,1131.314,
1340091.038,,1345.877,1132.618,
1340157.688,,1345.700,1133.057,
1340224.357,,1349.487,1132.159,
1340291.016,,1354.779,1132.325,
1340357.673,,1349.684,1133.047,
1340424.332,,1349.491,1133.651,
1340490.989,,1345.470,1133.507,
1340557.648,,1350.503,1132.964,
1340624.306,,1345.622,1134.598,
1340690.969,,1345.781,1135.401,
1340757.626,,1348.158,1141.997,
1340824.282,,1348.527,1146.781,
1340890.945,,1350.847,1153.178,
1340957.602,,1353.893,1158.733,
1341024.263,,1359.056,1157.852,
1341090.917,,1358.001,1158.915,
1341157.577,,1361.208,1164.040,
1341224.238,,1365.299,1167.421,
1341290.894,,1361.370,1165.757,
1341357.555,,1357.123,1169.061,
1341424.208,,1354.516,1167.103,
1341490.869,,1351.022,1163.835,
1341557.529,,1346.795,1162.794,
1341624.184,,1344.772,1161.897,
1341690.847,,1350.370,1159.224,
1341757.499,,1351.431,1159.804,
1341824.162,,1347.275,1161.448,
1341890.822,,1346.244,1165.111,
1341957.476,,1352.257,1162.372,
1342024.135,,1351.495,1160.469,
1342090.793,,1352.727,1160.716,
1342157.451,,1350.352,1159.105,
1342224.111,,1350.002,1157.971,
1342290.772,,1356.397,1155.624,
1342357.429,,1349.476,1148.584,
1342424.090,,1349.785,1144.875,
1342490.745,,1344.369,1143.994,
1342557.405,,1344.385,1144.562,
1342624.064,,1350.618,1147.088,
1342690.722,,1353.610,1143.443,
1342757.377,,1351.399,1143.132,
1342824.039,,1349.787,1144.284,
1342890.697,,1356.770,1143.256,
1342957.353,,1351.307,1139.403,
1343024.010,,1350.928,1137.639,
1343090.672,,1351.072,1135.249,
1343157.331,,1345.677,1130.737,
1343223.986,,1343.949,1131.030,
1343290.646,,1339.823,1135.838,
1343357.306,,1346.079,1133.571,
1343423.961,,1349.875,1133.987,
1343490.618,,1351.817,1136.368,
1343557.278,,1357.067,1139.571,
1343623.942,,1354.035,1142.482,
1343690.598,,1340.835,1146.644,
1343757.257,,1338.776,1144.531,
1343823.911,,1341.521,1145.280,
1343890.572,,1343.833,1146.225,
1343957.231,,1348.930,1144.326,
1344023.884,,1349.393,1145.580,
1344090.546,,1343.254,1142.997,
1344157.202,,1342.649,1141.592,
1344223.861,,1340.405,1139.475,
1344290.518,,1345.831,1143.431,
1344357.174,,1345.334,1153.611,
1344423.832,,1343.953,1163.071,
1344490.488,,1344.368,1165.086,
1344557.147,,1344.603,1163.044,
1344623.804,,1350.945,1168.125,
1344690.465,,1349.940,1176.076,
1344757.120,,1347.271,1173.329,
1344823.778,,1344.281,1171.316,
1344890.435,,1343.569,1170.675,
1344957.095,,1343.076,1171.497,
1345023.749,,1343.082,1169.341,
1345090.408,,1345.371,1168.329,
1345157.066,,1347.387,1169.016,
1345223.723,,1342.188,1167.556,
1345290.380,,1342.362,1169.105,
1345357.036,,1341.140,1166.167,
1345423.695,,1345.322,1163.978,
1345490.356,,1351.854,1158.981,
1345557.011,,1345.216,1159.348,
1345623.668,,1343.327,1155.281,
1345690.325,,1344.048,1153.825,
1345756.985,,1343.213,1152.916,
1345823.638,,1348.223,1149.607,
1345890.299,,1351.606,1149.418,
1345956.958,,1349.626,1151.815,
1346023.613,,1349.242,1150.735,
1346090.275,,1356.826,1149.880,
1346156.929,,1357.892,1151.177,
1346223.584,,1355.991,1151.337,
1346290.243,,1359.528,1151.223,
1346356.902,,1358.342,1149.695,
1346423.561,,1353.885,1145.776,
1346490.217,,1353.809,1143.745,
1346556.877,,1348.476,1143.380,
1346623.535,,1345.715,1141.869,
1346690.187,,1345.185,1139.117,
1346756.847,,1347.423,1139.937,
1346823.503,,1351.926,1139.446,
1346890.166,,1348.127,1139.122,
1346956.820,,1346.563,1138.541,
1347023.481,,1348.499,1140.413,
1347090.132,,1356.675,1142.383,
1347156.796,,1358.289,1145.565,
1347223.449,,1354.223,1147.312,
1347290.110,,1354.039,1149.504,
1347356.769,,1355.134,1152.703,
1347423.422,,1357.522,1151.321,
1347490.081,,1357.585,1149.096,
1347556.739,,1354.165,1149.098,
1347623.394,,1354.526,1146.521,
1347690.057,,1349.515,1145.136,
1347756.715,,1352.643,1143.711,
1347823.372,,1351.776,1142.571,
1347890.028,,1350.524,1143.579,
1347956.686,,1356.988,1144.939,
1348023.345,,1354.310,1147.733,
1348089.996,,1353.172,1147.303,
1348156.660,,1352.359,1147.793,
1348223.315,,1353.962,1150.546,
1348289.973,,1355.465,1150.972,
1348356.632,,1357.358,1152.635,
1348423.285,,1354.999,1151.994,
1348489.945,,1355.200,1152.599,
1348556.604,,1355.482,1151.829,
1348623.261,,1360.293,1152.677,
1348689.916,,1357.290,1150.186,
1348756.576,,1354.320,1148.940,
1348823.234,,1355.473,1148.276,
1348889.893,,1353.841,1147.173,
1348956.551,,1356.515,1146.323,
1349023.187,,1359.916,1146.451,
1349089.864,,1363.052,1147.399,
1349156.522,,1362.477,1145.278,
1349223.181,,1357.873,1142.999,
1349289.839,,1358.347,1144.655,
1349356.497,,1352.887,1148.863,
1349423.151,,1358.461,1149.434,
1349489.807,,1354.800,1144.173,
1349556.468,,1359.817,1146.148,
1349623.128,,1358.065,1147.979,
1349689.781,,1360.344,1150.150,
1349756.439,,1362.087,1152.036,
1349823.100,,1360.441,1152.994,
1349889.753,,1355.525,1149.115,
1349956.409,,1350.566,1156.129,
1350023.067,,1361.272,1155.910,
1350089.729,,1355.063,1156.529,
1350156.387,,1355.517,1158.450,
1350223.042,,1353.289,1163.729,
1350289.700,,1352.906,1186.924,
1350356.359,,1353.449,1196.165,
1350423.016,,1355.191,1191.386,
1350489.675,,1358.970,1190.019,
1350556.331,,1351.522,1187.041,
1350622.985,,1355.060,1184.050,
1350689.648,,1352.652,1183.217,
1350756.300,,1352.015,1180.218,
1350822.962,,1350.843,1170.510,
1350889.616,,1347.910,1163.574,
1350956.277,,1345.561,1166.800,
1351022.932,,1349.643,1160.653,
1351089.594,,1345.870,1157.450,
1351156.246,,1347.237,1156.267,
1351222.906,,1347.313,1154.644,
1351289.565,,1353.393,1153.229,
1351356.219,,1354.586,1151.888,
1351422.881,,1352.478,1150.813,
1351489.539,,1351.144,1149.751,
1351556.197,,1352.860,1147.187,
1351622.851,,1352.474,1146.867,
1351689.507,,1350.392,1146.536,
1351756.167,,1347.724,1148.181,
1351822.823,,1349.450,1150.023,
1351889.485,,1347.632,1150.856,
1351956.142,,1349.539,1154.273,
1352022.797,,1347.027,1160.865,
1352089.461,,1345.562,1164.939,
1352156.116,,1349.038,1170.118,
1352222.773,,1353.068,1174.250,
1352289.433,,1351.676,1174.843,
1352356.087,,1350.809,1175.178,
1352422.748,,1350.419,1178.849,
1352489.409,,1354.096,1188.157,
1352556.068,,1347.915,1187.911,
1352622.724,,1350.728,1183.251,
1352689.379,,1350.091,1179.863,
1352756.040,,1346.476,1177.888,
1352822.700,,1344.860,1174.603,
1352889.356,,1348.938,1170.644,
1352956.015,,1351.553,1170.986,
1353022.668,,1350.411,1174.256,
1353089.328,,1347.287,1172.628,
1353155.985,,1348.904,1173.315,
1353222.646,,1351.771,1171.432,
1353289.300,,1350.981,1169.667,
1353355.958,,1351.754,1168.970,
1353422.620,,1351.940,1166.779,
1353489.274,,1350.548,1165.234,
1353555.935,,1347.004,1171.613,
1353622.597,,1348.971,1177.619,
1353689.249,,1354.054,1186.076,
1353755.913,,1350.043,1197.994,
1353822.569,,1346.540,1211.515,
1353889.225,,1347.822,1215.639,
1353955.886,,1357.568,1216.524,
1354022.542,,1351.350,1218.975,
1354089.202,,1350.396,1221.464,
1354155.858,,1355.695,1216.910,
1354222.516,,1355.383,1213.214,
1354289.175,,1350.323,1208.528,
1354355.831,,1343.345,1200.955,
1354422.489,,1347.427,1196.857,
1354489.148,,1339.003,1195.369,
1354555.808,,1339.733,1188.048,
1354622.462,,1345.242,1186.560,
1354689.123,,1336.583,1185.430,
1354755.782,,1340.527,1181.223,
1354822.438,,1343.282,1178.674,
1354889.094,,1341.491,1180.992,
1354955.756,,1341.866,1179.455,
1355022.412,,1345.205,1176.429,
1355089.074,,1351.956,1176.376,
1355155.728,,1341.948,1172.564,
1355222.389,,1346.363,1169.816,
1355289.045,,1343.124,1183.564,
1355355.703,,1343.116,1207.410,
1355422.359,,1345.869,1228.328,
1355489.021,,1342.214,1249.359,
1355555.676,,1343.402,1273.360,
1355622.337,,1343.526,1276.657,
1355688.995,,1343.602,1277.803,
1355755.649,,1344.149,1271.349,
1355822.312,,1345.798,1267.799,
1355888.970,,1341.987,1265.344,
1355955.626,,1342.224,1261.742,
1356022.284,,1343.809,1257.323,
1356088.943,,1344.789,1253.061,
1356155.598,,1346.963,1250.068,
1356222.257,,1345.337,1248.188,
1356288.913,,1341.219,1243.022,
1356355.572,,1341.976,1237.314,
1356422.229,,1345.622,1232.642,
1356488.890,,1348.987,1224.696,
1356555.549,,1350.042,1222.531,
1356622.208,,1349.032,1216.452,
1356688.868,,1349.487,1212.659,
1356755.526,,1349.805,1208.199,
1356822.181,,1350.094,1202.559,
1356888.842,,1351.443,1200.023,
1356955.494,,1353.222,1196.191,
1357022.154,,1351.785,1192.807,
1357088.810,,1352.285,1190.371,
1357155.475,,1353.137,1187.230,
1357222.127,,1352.945,1183.910,
1357288.789,,1354.818,1182.000,
1357355.445,,1356.596,1180.641,
1357422.104,,1355.039,1178.072,
1357488.761,,1356.402,1176.689,
1357555.421,,1356.207,1182.520,
1357622.075,,1356.363,1185.143,
1357688.736,,1357.893,1186.026,
1357755.393,,1358.337,1184.801,
1357822.050,,1360.383,1183.006,
1357888.707,,1360.051,1182.936,
1357955.369,,1358.158,1176.475,
1358022.025,,1355.259,1171.769,
1358088.687,,1360.760,1174.339,
1358155.340,,1352.219,1174.486,
1358221.997,,1353.921,1171.755,
1358288.658,,1357.644,1170.198,
1358355.317,,1356.200,1171.484,
1358421.978,,1355.860,1171.577,
1358488.631,,1357.436,1170.847,
1358555.289,,1354.620,1166.261,
1358621.950,,1349.158,1164.013,
1358688.605,,1345.441,1163.878,
1358755.262,,1344.987,1162.258,
1358821.923,,1351.320,1158.603,
1358888.579,,1352.125,1158.739,
1358955.240,,1350.486,1161.043,
1359021.894,,1349.300,1155.434,
1359088.552,,1350.976,1157.657,
1359155.213,,1344.882,1161.261,
1359221.874,,1345.165,1162.017,
1359288.527,,1346.749,1162.011,
1359355.185,,1351.063,1159.038,
1359421.844,,1352.491,1154.698,
1359488.505,,1346.775,1153.729,
1359555.158,,1349.300,1154.458,
1359621.821,,1352.762,1152.986,
1359688.478,,1352.184,1148.732,
1359755.133,,1352.893,1147.020,
1359821.796,,1346.294,1146.908,
1359888.454,,1345.261,1144.309,
1359955.108,,1348.282,1142.504,
1360021.772,,1346.792,1144.406,
1360088.424,,1348.591,1143.381,
1360155.086,,1351.910,1142.281,
1360221.746,,1347.838,1144.431,
1360288.403,,1353.881,1144.388,
1360355.057,,1355.185,1141.738,
1360421.719,,1350.684,1142.693,
1360488.375,,1350.489,1144.042,
1360555.038,,1348.769,1148.462,
1360621.696,,1343.101,1148.163,
1360688.354,,1345.058,1150.975,
1360755.012,,1347.723,1154.939,
1360821.670,,1352.088,1154.836,
1360888.326,,1354.798,1157.039,
1360954.982,,1357.020,1158.512,
1361021.645,,1362.015,1157.482,
1361088.300,,1364.446,1159.200,
1361154.960,,1363.476,1156.044,
1361221.619,,1359.335,1153.223,
1361288.273,,1360.163,1154.828,
1361354.934,,1360.712,1155.420,
1361421.595,,1361.706,1152.436,
1361488.250,,1361.261,1151.237,
1361554.907,,1359.541,1152.526,
1361621.567,,1357.045,1149.201,
1361688.224,,1356.677,1151.033,
1361754.881,,1357.202,1150.920,
1361821.544,,1354.365,1150.816,
1361888.198,,1351.005,1150.489,
1361954.858,,1348.258,1147.284,
1362021.517,,1348.653,1146.952,
1362088.175,,1353.264,1146.264,
1362154.834,,1347.517,1145.794,
1362221.492,,1341.484,1144.853,
1362288.146,,1342.374,1143.014,
1362354.805,,1343.429,1141.099,
1362421.467,,1347.591,1143.633,
1362488.124,,1351.869,1139.609,
1362554.784,,1341.539,1140.019,
1362621.444,,1347.770,1147.222,
1362688.097,,1346.577,1156.522,
1362754.757,,1349.800,1169.894,
1362821.415,,1344.957,1187.297,
1362888.073,,1341.953,1210.812,
1362954.730,,1344.411,1216.557,
1363021.389,,1345.591,1216.534,
1363088.045,,1344.648,1209.839,
1363154.703,,1345.387,1207.119,
1363221.365,,1341.072,1200.863,
1363288.021,,1347.785,1196.682,
1363354.682,,1344.764,1191.176,
1363421.342,,1345.566,1188.281,
1363487.994,,1346.472,1183.264,
1363554.654,,1348.787,1182.826,
1363621.315,,1350.155,1179.744,
1363687.970,,1352.639,1176.369,
1363754.630,,1351.179,1174.454,
1363821.288,,1352.151,1173.140,
1363887.947,,1351.303,1174.884,
1363954.603,,1351.416,1174.869,
1364021.265,,1348.452,1178.343,
1364087.919,,1350.174,1177.980,
1364154.581,,1353.601,1171.851,
1364221.235,,1349.550,1171.270,
1364287.894,,1350.909,1168.426,
1364354.553,,1352.997,1167.622,
1364421.211,,1354.076,1163.784,
1364487.868,,1352.509,1162.604,
1364554.530,,1349.551,1158.849,
1364621.187,,1354.025,1155.603,
1364687.847,,1356.147,1158.339,
1364754.503,,1353.378,1158.425,
1364821.161,,1353.294,1156.882,
1364887.820,,1352.063,1157.397,
1364954.480,,1350.214,1157.371,
1365021.135,,1349.609,1154.542,
1365087.796,,1350.672,1153.642,
1365154.453,,1353.372,1155.884,
1365221.115,,1351.653,1155.535,
1365287.771,,1354.941,1163.024,
1365354.426,,1353.469,1162.070,
1365421.084,,1350.892,1160.126,
1365487.746,,1352.067,1160.620,
1365554.402,,1350.898,1162.566,
1365621.065,,1345.662,1161.072,
1365687.720,,1349.817,1164.740,
1365754.380,,1348.739,1167.628,
1365821.039,,1349.866,1166.068,
1365887.695,,1356.164,1167.446,
1365954.352,,1352.118,1168.755,
1366021.013,,1356.286,1168.775,
1366087.667,,1355.470,1167.490,
1366154.329,,1355.148,1167.013,
1366220.989,,1363.269,1166.910,
1366287.642,,1352.513,1167.012,
1366354.301,,1349.544,1164.390,
1366420.959,,1353.405,1164.600,
1366487.620,,1351.982,1166.052,
1366554.274,,1351.142,1168.169,
1366620.934,,1352.564,1174.423,
1366687.591,,1347.033,1175.625,
1366754.254,,1350.033,1173.203,
1366820.911,,1349.344,1172.209,
1366887.568,,1346.609,1167.336,
1366954.225,,1348.364,1167.736,
1367020.887,,1345.533,1165.411,
1367087.544,,1348.317,1161.981,
1367154.203,,1347.031,1159.393,
1367220.862,Input1*2*0,1350.497,1155.191,
1367287.517,,1353.590,1153.188,
1367354.177,Input1*2*1,1349.165,1147.047,
1367420.836,,1349.086,1148.477,
1367487.495,,1345.424,1146.354,
1367554.152,,1346.347,1149.636,
1367620.810,,1349.030,1156.765,
1367687.467,,1350.933,1161.737,
1367754.125,,1348.852,1174.281,
1367820.786,,1349.427,1180.847,
1367887.437,,1348.984,1189.671,
1367954.098,,1349.343,1197.355,
1368020.755,,1347.574,1198.488,
1368087.412,,1345.083,1195.376,
1368154.071,,1349.326,1193.331,
1368220.727,,1350.804,1191.768,
1368287.386,,1355.366,1184.931,
1368354.045,,1349.300,1181.463,
1368420.701,,1363.018,1183.759,
1368487.358,,1357.478,1178.220,
1368554.016,,1354.155,1177.870,
1368620.670,,1352.420,1176.178,
1368687.331,,1360.620,1177.943,
1368753.988,,1372.743,1180.452,
1368820.645,,1367.785,1176.019,
1368887.298,,1363.689,1177.497,
1368953.962,,1355.926,1182.429,
1369020.616,,1354.611,1186.854,
1369087.275,,1356.852,1217.148,
1369153.930,,1349.440,1228.216,
1369220.590,,1346.023,1241.652,
1369287.244,,1347.266,1257.752,
1369353.903,,1346.944,1262.932,
1369420.563,,1350.827,1259.966,
1369487.218,,1349.649,1255.286,
1369553.874,,1350.121,1255.595,
1369620.536,,1346.909,1252.848,
1369687.194,,1349.204,1247.796,
1369753.846,,1347.914,1244.160,
1369820.507,,1355.987,1232.045,
1369887.167,,1354.577,1227.997,
1369953.821,,1360.572,1226.313,
1370020.476,,1369.588,1224.846,
1370087.136,,1368.328,1217.425,
1370153.791,,1360.675,1213.103,
1370220.449,,1355.751,1212.629,
1370287.106,,1357.696,1210.221,
1370353.765,,1352.268,1210.319,
1370420.422,,1352.871,1227.947,
1370487.080,,1346.813,1257.388,
1370553.736,,1348.592,1275.475,
1370620.393,,1345.786,1278.257,
1370687.050,,1348.297,1271.347,
1370753.707,,1348.534,1265.353,
1370820.368,,1347.330,1261.853,
1370887.024,,1349.339,1257.951,
1370953.681,,1351.251,1252.650,
1371020.340,,1355.312,1247.078,
1371086.999,,1352.909,1242.932,
1371153.653,,1361.916,1246.050,
1371220.310,,1366.242,1241.475,
1371286.970,,1367.585,1233.871,
1371353.625,,1352.319,1232.044,
1371420.284,,1347.360,1230.640,
1371486.944,,1345.900,1226.427,
1371553.601,,1346.375,1227.431,
1371620.256,,1344.079,1231.317,
1371686.914,,1351.293,1238.178,
1371753.574,,1349.849,1239.549,
1371820.228,,1350.153,1236.602,
1371886.885,,1347.412,1233.407,
1371953.543,,1349.891,1228.369,
1372020.201,,1348.663,1223.328,
1372086.860,,1353.317,1217.167,
1372153.516,,1362.055,1211.183,
1372220.176,,1362.945,1210.509,
1372286.832,,1365.636,1206.206,
1372353.488,,1362.617,1206.228,
1372420.142,,1354.713,1203.580,
1372486.802,,1349.386,1204.088,
1372553.462,,1347.791,1201.997,
1372620.115,,1345.787,1203.643,
1372686.775,,1345.744,1225.784,
1372753.435,,1340.621,1253.443,
1372820.088,,1341.868,1264.249,
1372886.748,,1349.683,1266.594,
1372953.405,,1349.780,1266.986,
1373020.060,,1348.851,1267.593,
1373086.719,,1345.937,1263.555,
1373153.377,,1352.706,1259.424,
1373220.037,,1352.910,1255.340,
1373286.690,,1348.524,1253.253,
1373353.350,,1349.998,1247.748,
1373420.007,,1346.202,1242.186,
1373486.662,,1346.549,1237.446,
1373553.319,,1344.148,1240.452,
1373619.977,,1342.060,1242.129,
1373686.636,,1342.989,1243.441,
1373753.294,,1345.847,1237.286,
1373819.952,,1347.468,1235.113,
1373886.611,,1354.129,1231.986,
1373953.269,,1356.714,1226.750,
1374019.926,,1353.667,1224.108,
1374086.582,,1354.082,1223.350,
1374153.239,,1350.547,1223.495,
1374219.894,,1350.006,1226.828,
1374286.550,,1350.725,1226.494,
1374353.209,,1352.543,1232.199,
1374419.865,,1353.080,1243.683,
1374486.526,,1350.561,1300.170,
1374553.186,,1343.207,1326.248,
1374619.840,,1344.074,1325.536,
1374686.496,,1344.889,1320.219,
1374753.158,,1344.885,1313.458,
1374819.810,,1339.754,1304.246,
1374886.470,,1335.105,1302.572,
1374953.126,,1339.288,1296.748,
1375019.788,,1341.411,1293.021,
1375086.439,,1341.551,1290.807,
1375153.100,,1338.668,1305.493,
1375219.758,,1337.574,1321.492,
1375286.412,,1342.354,1329.869,
1375353.073,,1337.735,1326.709,
1375419.730,,1338.928,1318.878,
1375486.385,,1341.328,1310.164,
1375553.043,,1341.979,1301.847,
1375619.703,,1343.490,1290.166,
1375686.361,,1340.154,1279.718,
1375753.014,,1340.602,1274.065,
1375819.674,,1341.679,1266.156,
1375886.334,,1341.636,1259.064,
1375952.993,,1343.964,1253.022,
1376019.649,,1342.255,1245.282,
1376086.310,,1338.127,1240.726,
1376152.966,,1344.709,1235.040,
1376219.626,,1343.495,1230.389,
1376286.287,,1342.002,1228.577,
1376352.941,,1341.252,1231.037,
1376419.605,,1346.654,1228.114,
1376486.263,,1343.947,1221.844,
1376552.920,,1343.882,1221.259,
1376619.581,,1346.714,1216.979,
1376686.238,,1348.892,1213.860,
1376752.892,,1349.714,1210.131,
1376819.551,,1346.312,1204.011,
1376886.210,,1342.174,1204.135,
1376952.873,,1343.010,1203.052,
1377019.532,,1336.282,1200.833,
1377086.185,,1337.469,1197.599,
1377152.849,,1335.780,1195.113,
1377219.506,,1338.766,1192.186,
1377286.164,,1339.120,1190.654,
1377352.825,,1340.575,1191.575,
1377419.484,,1342.057,1191.396,
1377486.138,,1341.129,1191.513,
1377552.797,,1341.862,1194.553,
1377619.458,,1342.570,1195.949,
1377686.112,,1342.259,1199.224,
1377752.775,,1338.947,1194.965,
1377819.431,,1348.820,1196.670,
1377886.092,,1354.496,1191.932,
1377952.747,,1358.805,1186.313,
1378019.410,,1343.030,1180.571,
1378086.064,,1341.924,1178.217,
1378152.725,,1345.544,1175.884,
1378219.381,,1339.233,1173.320,
1378286.039,,1341.132,1174.263,
1378352.699,,1342.144,1176.215,
1378419.360,,1339.440,1174.645,
1378486.015,,1347.701,1175.611,
1378552.680,,1349.972,1173.121,
1378619.332,,1346.137,1168.647,
1378685.995,,1346.149,1165.987,
1378752.649,,1344.706,1165.002,
1378819.312,,1346.536,1158.184,
1378885.972,,1345.267,1161.490,
1378952.629,,1354.591,1157.123,
1379019.285,,1336.026,1154.080,
1379085.946,,1337.642,1153.002,
1379152.602,,1333.779,1151.412,
1379219.261,,1337.215,1150.841,
1379285.918,,1332.529,1149.515,
1379352.580,,1334.203,1148.802,
1379419.240,,1337.077,1148.937,
1379485.899,,1341.316,1145.959,
1379552.555,,1334.000,1151.415,
1379619.214,,1336.656,1150.958,
1379685.869,,1334.463,1147.042,
1379752.533,,1336.906,1145.970,
1379819.189,,1336.234,1145.620,
1379885.848,,1335.173,1146.315,
1379952.508,,1342.146,1143.705,
1380019.163,,1342.488,1142.517,
1380085.824,,1336.514,1141.288,
1380152.483,,1341.308,1139.525,
1380219.140,,1340.263,1137.899,
1380285.796,,1334.400,1136.047,
1380352.459,,1334.967,1137.220,
1380419.119,,1335.808,1137.983,
1380485.774,,1337.644,1135.220,
1380552.435,,1335.491,1135.237,
1380619.093,,1337.695,1134.232,
1380685.754,,1336.052,1136.089,
1380752.407,,1334.765,1137.239,
1380819.068,,1335.260,1136.628,
1380885.727,,1335.592,1135.319,
1380952.382,,1336.645,1136.264,
1381019.045,,1338.153,1138.453,
1381085.705,,1338.421,1138.496,
1381152.360,,1338.475,1136.653,
1381219.017,,1338.153,1137.821,
1381285.680,,1340.275,1137.201,
1381352.336,,1338.342,1135.756,
1381418.994,,1337.524,1136.814,
1381485.653,,1341.968,1134.790,
1381552.308,,1344.597,1134.123,
1381618.968,,1342.780,1133.048,
1381685.630,,1342.897,1130.226,
1381752.287,,1335.768,1134.773,
1381818.947,,1339.140,1129.747,
1381885.605,,1339.754,1129.596,
1381952.266,,1340.279,1132.801,
1382018.918,,1342.579,1134.177,
1382085.583,,1343.770,1130.298,
1382152.239,,1351.755,1131.032,
1382218.901,,1353.178,1131.008,
1382285.554,,1349.386,1130.110,
1382352.217,,1346.604,1127.675,
1382418.873,,1348.795,1129.400,
1382485.532,,1354.050,1134.635,
1382552.189,,1339.315,1130.370,
1382618.852,,1336.591,1127.154,
1382685.505,,1340.103,1130.722,
1382752.169,,1337.455,1130.380,
1382818.823,,1341.253,1126.650,
1382885.484,,1341.096,1128.358,
1382952.142,,1337.448,1128.366,
1383018.802,,1340.289,1126.148,
1383085.458,,1346.728,1125.258,
1383152.116,,1351.841,1127.119,
1383218.779,,1340.708,1122.798,
1383285.434,,1343.705,1124.803,
1383352.094,,1342.621,1125.683,
1383418.749,,1346.737,1125.233,
1383485.409,,1347.188,1123.471,
1383552.072,,1343.803,1124.174,
1383618.726,,1342.993,1123.622,
1383685.389,,1341.960,1124.564,
1383752.043,,1343.588,1125.184,
1383818.700,,1346.046,1126.800,
1383885.361,,1346.780,1125.470,
1383952.021,,1346.254,1127.271,
1384018.679,,1347.299,1126.332,
1384085.337,,1347.696,1127.548,
1384151.994,,1349.417,1127.985,
1384218.646,,1345.353,1126.652,
1384285.309,,1346.072,1128.400,
1384351.963,,1348.549,1125.569,
1384418.622,,1343.686,1122.688,
1384485.278,,1339.402,1121.064,
1384551.940,,1337.690,1125.061,
1384618.592,,1342.412,1127.507,
1384685.252,,1350.070,1129.341,
1384751.911,,1354.778,1130.640,
1384818.568,,1362.566,1131.154,
1384885.229,,1370.706,1129.660,
1384951.886,,1353.885,1125.203,
1385018.546,,1345.378,1122.065,
1385085.200,,1348.947,1121.814,
1385151.861,,1345.251,1122.560,
1385218.515,,1350.791,1121.318,
1385285.175,,1348.067,1120.357,
1385351.828,,1354.650,1120.749,
1385418.491,,1358.149,1122.454,
1385485.149,,1364.976,1128.748,
1385551.802,,1369.399,1126.801,
1385618.465,,1362.582,1123.001,
1385685.117,,1357.809,1125.118,
1385751.776,,1362.053,1124.397,
1385818.436,,1359.199,1125.311,
1385885.095,,1356.671,1125.259,
1385951.748,,1362.720,1126.611,
1386018.408,,1364.126,1125.646,
1386085.069,,1362.496,1127.893,
1386151.725,,1365.248,1126.619,
1386218.384,,1357.323,1121.806,
1386285.039,,1349.427,1120.096,
1386351.697,,1342.505,1118.613,
1386418.356,,1343.561,1123.493,
1386485.012,,1343.354,1126.165,
1386551.673,,1338.995,1128.783,
1386618.331,,1349.663,1130.210,
1386684.983,,1337.804,1134.448,
1386751.640,,1340.644,1134.919,
1386818.304,,1347.526,1135.720,
1386884.959,,1347.818,1136.471,
1386951.618,,1350.827,1137.967,
1387018.275,,1353.130,1139.050,
1387084.934,,1357.678,1137.034,
1387151.589,,1358.112,1140.187,
1387218.247,,1364.520,1145.547,
1387284.909,,1365.806,1143.484,
1387351.563,,1350.700,1140.465,
1387418.222,,1359.941,1143.787,
1387484.880,,1368.470,1148.799,
1387551.535,,1369.966,1144.837,
1387618.197,,1374.656,1143.111,
1387684.854,,1364.175,1135.668,
1387751.512,,1356.808,1135.033,
1387818.170,,1358.727,1135.010,
1387884.827,,1356.856,1133.554,
1387951.483,,1345.758,1132.947,
1388018.138,,1345.950,1133.238,
1388084.799,,1342.928,1144.228,
1388151.459,,1340.373,1139.516,
1388218.115,,1340.314,1142.809,
1388284.772,,1344.198,1143.142,
1388351.431,,1343.793,1146.337,
1388418.087,,1349.039,1143.968,
1388484.745,,1355.294,1159.528,
1388551.402,,1360.949,1182.322,
1388618.060,,1370.097,1193.027,
1388684.720,,1370.150,1192.482,
1388751.380,,1369.365,1189.743,
1388818.032,,1367.198,1184.573,
1388884.690,,1357.225,1179.936,
1388951.347,,1352.350,1178.007,
1389018.009,,1353.335,1172.124,
1389084.664,,1354.717,1169.269,
1389151.323,,1355.958,1166.527,
1389217.983,,1354.683,1165.214,
1389284.636,,1352.365,1160.682,
1389351.297,,1354.157,1159.896,
1389417.957,,1357.225,1156.717,
1389484.611,,1353.506,1156.149,
1389551.270,,1351.093,1157.377,
1389617.929,,1351.580,1156.565,
1389684.582,,1353.492,1154.802,
1389751.240,,1352.902,1153.076,
1389817.900,,1351.800,1153.537,
1389884.560,,1353.983,1153.494,
1389951.219,,1359.566,1154.281,
1390017.875,,1360.352,1155.211,
1390084.534,,1360.296,1156.284,
1390151.190,,1362.579,1161.543,
1390217.850,,1358.508,1162.682,
1390284.508,,1361.348,1161.457,
1390351.160,,1361.683,1160.217,
1390417.821,,1359.080,1159.841,
1390484.481,,1365.915,1156.756,
1390551.134,,1366.164,1154.576,
1390617.790,,1360.188,1153.540,
1390684.448,,1359.600,1150.413,
1390751.106,,1358.171,1145.638,
1390817.769,,1347.150,1147.684,
1390884.423,,1351.353,1145.416,
1390951.084,,1354.937,1146.411,
1391017.743,,1347.163,1144.473,
1391084.397,,1355.351,1147.595,
1391151.053,,1362.961,1146.011,
1391217.717,,1353.953,1143.655,
1391284.371,,1344.107,1147.650,
1391351.029,,1345.667,1148.780,
1391417.684,,1344.870,1150.910,
1391484.343,,1348.313,1148.156,
1391551.002,,1351.921,1144.563,
1391617.661,,1348.096,1141.702,
1391684.319,,1343.989,1143.121,
1391750.978,,1344.577,1141.882,
1391817.633,,1345.085,1141.540,
1391884.290,,1343.302,1143.809,
1391950.952,,1346.395,1150.077,
1392017.611,,1350.866,1150.299,
1392084.266,,1353.247,1152.236,
1392150.927,,1349.790,1148.888,
1392217.581,,1345.161,1145.857,
1392284.243,,1343.327,1144.703,
1392350.896,,1346.343,1143.782,
1392417.556,,1343.976,1137.637,
1392484.212,,1339.024,1140.103,
1392550.871,,1345.167,1136.214,
1392617.537,,1344.863,1139.310,
1392684.188,,1347.256,1149.039,
1392750.851,,1351.760,1148.774,
1392817.505,,1346.416,1146.629,
1392884.163,,1344.498,1144.197,
1392950.820,,1340.844,1142.480,
1393017.484,,1347.711,1147.848,
1393084.142,,1350.753,1148.407,
1393150.801,,1351.645,1147.102,
1393217.456,,1349.182,1144.762,
1393284.111,,1351.008,1143.267,
1393350.772,,1347.951,1140.989,
1393417.429,,1345.646,1139.219,
1393484.092,,1340.099,1137.166,
1393550.745,,1338.552,1137.822,
1393617.407,,1336.784,1133.272,
1393684.067,,1337.372,1133.453,
1393750.721,,1337.264,1136.614,
1393817.381,,1343.680,1136.763,
1393884.039,,1342.485,1136.316,
1393950.699,,1340.523,1134.527,
1394017.352,,1341.463,1130.926,
1394084.013,,1341.225,1132.097,
1394150.670,,1345.673,1131.199,
1394217.326,,1348.994,1133.043,
1394283.990,,1348.601,1131.451,
1394350.643,,1349.382,1132.673,
1394417.301,,1350.407,1135.537,
1394483.961,,1349.098,1137.755,
1394550.621,,1341.923,1137.009,
1394617.276,,1348.606,1140.998,
1394683.939,,1345.798,1142.754,
1394750.598,,1343.451,1141.883,
1394817.253,,1342.306,1141.436,
1394883.910,,1343.620,1142.801,
1394950.568,,1344.247,1143.876,
1395017.225,,1345.436,1141.476,
1395083.885,,1343.289,1142.087,
1395150.545,,1344.460,1139.364,
1395217.200,,1346.049,1139.948,
1395283.861,,1343.167,1138.636,
1395350.517,,1340.620,1136.753,
1395417.177,,1348.533,1133.972,
1395483.833,,1348.305,1136.779,
1395550.494,,1350.069,1132.766,
1395617.155,,1344.536,1131.697,
1395683.807,,1345.227,1128.829,
1395750.469,,1344.705,1127.283,
1395817.129,,1349.304,1126.307,
1395883.787,,1351.210,1125.411,
1395950.442,,1351.766,1126.369,
1396017.098,,1349.685,1125.516,
1396083.756,,1351.157,1125.246,
1396150.421,,1349.658,1124.262,
1396217.078,,1349.114,1123.663,
1396283.735,,1345.381,1123.730,
1396350.393,,1347.313,1126.284,
1396417.049,,1348.058,1125.030,
1396483.709,,1350.685,1126.258,
1396550.369,,1347.317,1126.303,
1396617.028,,1348.524,1126.995,
1396683.684,,1349.194,1124.357,
1396750.344,,1350.112,1124.679,
1396816.998,,1350.062,1123.476,
1396883.656,,1348.896,1123.624,
1396950.320,,1349.801,1124.339,
1397016.977,,1348.156,1123.582,
1397083.630,,1347.733,1125.613,
1397150.289,,1349.463,1127.496,
1397216.953,,1349.058,1126.000,
1397283.606,,1349.616,1126.154,
1397350.263,,1344.884,1126.855,
1397416.926,,1349.930,1127.882,
1397483.582,,1352.490,1126.616,
1397550.240,,1351.347,1125.693,
1397616.898,,1350.087,1126.105,
1397683.554,,1352.027,1125.278,
1397750.214,,1352.096,1125.855,
1397816.870,,1352.857,1124.093,
1397883.530,,1352.305,1121.896,
1397950.187,,1349.899,1120.898,
1398016.845,,1347.934,1123.822,
1398083.510,,1348.239,1124.222,
1398150.162,,1345.223,1125.791,
1398216.824,,1347.814,1127.577,
1398283.479,,1355.462,1127.554,
1398350.139,,1348.868,1130.099,
1398416.797,,1350.468,1129.862,
1398483.458,,1349.447,1132.455,
1398550.114,,1347.257,1132.579,
1398616.773,,1351.540,1130.461,
1398683.430,,1348.551,1134.934,
1398750.086,,1350.592,1132.379,
1398816.749,,1351.316,1133.488,
1398883.406,,1347.758,1139.681,
1398950.066,,1351.275,1142.873,
1399016.720,,1355.291,1143.630,
1399083.378,,1349.758,1147.177,
1399150.040,,1347.650,1151.306,
1399216.698,,1348.294,1150.698,
1399283.355,,1347.925,1148.197,
1399350.014,,1348.577,1154.374,
1399416.670,,1357.974,1149.301,
1399483.330,,1353.473,1147.851,
1399549.988,,1349.930,1141.754,
1399616.643,,1343.462,1139.256,
1399683.306,,1343.235,1135.939,
1399749.962,,1349.062,1136.668,
1399816.615,,1352.880,1138.023,
1399883.273,,1351.663,1137.769,
1399949.931,,1354.802,1136.412,
1400016.587,,1349.932,1133.028,
1400083.248,,1354.323,1132.024,
1400149.906,,1351.492,1133.177,
1400216.558,,1356.360,1130.707,
1400283.219,,1353.206,1130.771,
1400349.878,,1355.017,1130.669,
1400416.533,,1352.429,1130.364,
1400483.193,,1346.694,1129.639,
1400549.845,,1347.622,1133.717,
1400616.507,,1348.123,1130.557,
1400683.158,,1350.908,1132.999,
1400749.818,,1354.534,1137.017,
1400816.477,,1361.786,1137.683,
1400883.134,,1362.509,1136.446,
1400949.793,,1359.473,1131.365,
1401016.449,,1354.830,1129.620,
1401083.106,,1351.599,1129.863,
1401149.759,,1355.871,1132.005,
1401216.419,,1357.673,1130.393,
1401283.077,,1358.515,1128.116,
1401349.731,,1357.144,1123.445,
1401416.388,,1352.069,1125.518,
1401483.048,,1353.203,1125.401,
1401549.702,,1351.906,1125.660,
1401616.364,,1352.981,1123.978,
1401683.018,,1354.313,1126.325,
1401749.674,,1357.613,1125.613,
1401816.337,,1359.178,1131.037,
1401882.992,,1359.221,1130.027,
1401949.644,,1351.701,1131.372,
1402016.307,,1353.962,1132.908,
1402082.965,,1351.140,1131.312,
1402149.618,,1345.996,1134.167,
1402216.276,,1347.552,1134.432,
1402282.934,,1349.689,1132.101,
1402349.587,,1349.395,1128.805,
1402416.250,,1352.698,1130.487,
1402482.907,,1348.306,1128.966,
1402549.559,,1341.954,1126.868,
1402616.216,,1344.983,1128.898,
1402682.876,,1339.216,1125.204,
1402749.535,,1341.076,1129.633,
1402816.192,,1341.742,1125.253,
1402882.845,,1338.225,1127.555,
1402949.502,,1335.672,1122.576,
1403016.162,,1331.984,1125.019,
1403082.821,,1328.984,1127.040,
1403149.475,,1334.173,1134.992,
1403216.135,,1330.458,1140.765,
1403282.790,,1337.930,1140.023,
1403349.447,,1329.442,1140.353,
1403416.107,,1330.689,1139.219,
1403482.759,,1337.062,1136.122,
1403549.420,,1338.409,1133.820,
1403616.076,,1343.521,1134.427,
1403682.732,,1344.483,1131.610,
1403749.390,,1347.122,1135.593,
1403816.047,,1353.814,1130.070,
1403882.706,,1348.231,1128.470,
1403949.365,,1347.070,1130.410,
1404016.022,,1349.434,1134.199,
1404082.674,,1351.714,1133.836,
1404149.333,,1354.449,1133.647,
1404215.991,,1347.692,1132.582,
1404282.649,,1343.148,1132.895,
1404349.304,,1347.578,1134.392,
1404415.962,,1349.280,1132.618,
1404482.617,,1353.828,1128.891,
1404549.276,,1346.558,1128.095,
1404615.930,,1351.349,1129.212,
1404682.592,,1349.494,1126.394,
1404749.249,,1348.736,1129.375,
1404815.903,,1356.781,1123.430,
1404882.559,,1350.431,1123.247,
1404949.219,,1351.227,1123.388,
1405015.874,,1350.798,1120.991,
1405082.533,,1344.684,1119.133,
1405149.187,,1349.302,1120.069,
1405215.847,,1345.065,1120.644,
1405282.503,,1343.938,1116.084,
1405349.165,,1341.631,1117.775,
1405415.816,,1341.788,1118.338,
1405482.473,,1347.699,1118.783,
1405549.130,,1344.381,1119.599,
1405615.787,,1342.605,1117.354,
1405682.444,,1342.554,1118.397,
1405749.103,,1340.898,1117.361,
1405815.763,,1342.170,1118.391,
1405882.422,,1341.798,1117.553,
1405949.074,,1337.912,1121.809,
1406015.734,,1339.881,1123.058,
1406082.388,,1336.434,1124.668,
1406149.050,,1341.402,1123.213,
1406215.704,,1344.454,1121.962,
1406282.363,,1342.537,1123.239,
1406349.018,,1340.340,1135.478,
1406415.679,,1337.944,1142.830,
1406482.331,,1341.022,1143.500,
1406548.992,,1341.149,1145.042,
1406615.649,,1346.577,1145.243,
1406682.302,,1346.737,1141.535,
1406748.964,,1342.493,1136.167,
1406815.619,,1334.981,1137.701,
1406882.274,,1342.610,1149.117,
1406948.936,,1350.123,1155.294,
1407015.588,,1353.819,1170.371,
1407082.250,,1354.481,1176.189,
1407148.906,,1353.514,1175.785,
1407215.560,,1354.292,1173.537,
1407282.222,,1351.497,1168.256,
1407348.875,,1354.760,1166.720,
1407415.535,,1351.271,1163.853,
1407482.192,,1351.782,1160.187,
1407548.844,,1352.858,1159.145,
1407615.506,,1355.030,1150.676,
1407682.161,,1349.575,1149.783,
1407748.821,,1344.895,1148.988,
1407815.476,,1340.338,1147.410,
1407882.138,,1350.048,1150.592,
1407948.792,,1352.462,1149.021,
1408015.450,,1358.224,1147.619,
1408082.111,,1356.200,1144.988,
1408148.767,,1351.833,1146.144,
1408215.427,,1358.716,1146.941,
1408282.082,,1360.169,1146.822,
1408348.743,,1359.079,1144.425,
1408415.398,,1358.002,1144.431,
1408482.057,,1356.348,1142.098,
1408548.717,,1352.571,1143.734,
1408615.375,,1348.930,1150.371,
1408682.036,,1351.579,1153.652,
1408748.692,,1353.191,1152.187,
1408815.352,,1350.687,1150.982,
1408882.011,,1350.142,1149.111,
1408948.664,,1350.734,1151.269,
1409015.327,,1356.983,1150.484,
1409081.985,,1352.957,1149.177,
1409148.644,,1359.380,1145.137,
1409215.301,,1354.192,1144.969,
1409281.961,,1349.756,1144.280,
1409348.618,,1348.686,1143.685,
1409415.273,,1353.023,1142.780,
1409481.935,,1347.445,1143.114,
1409548.590,,1349.938,1143.432,
1409615.252,,1351.013,1144.239,
1409681.910,,1350.686,1142.311,
1409748.566,,1352.271,1141.459,
1409815.222,,1350.860,1139.895,
1409881.880,,1345.417,1140.605,
1409948.541,,1349.440,1138.046,
1410015.196,,1349.158,1135.668,
1410081.860,,1344.898,1138.013,
1410148.513,,1343.242,1135.514,
1410215.171,,1348.013,1137.490,
1410281.833,,1346.496,1138.289,
1410348.491,,1355.941,1140.385,
1410415.148,,1359.303,1142.292,
1410481.809,,1363.593,1142.308,
1410548.468,,1363.690,1142.825,
1410615.125,,1357.723,1143.903,
1410681.780,,1350.254,1147.456,
1410748.439,,1345.092,1148.884,
1410815.099,,1347.113,1149.662,
1410881.756,,1350.634,1152.433,
1410948.417,,1353.239,1155.321,
1411015.071,,1347.652,1153.418,
1411081.735,,1349.959,1151.517,
1411148.392,,1355.438,1152.909,
1411215.046,,1352.601,1147.597,
1411281.706,,1352.092,1147.626,
1411348.368,,1349.328,1148.798,
1411415.022,,1351.401,1144.666,
1411481.680,,1351.144,1143.597,
1411548.339,,1352.650,1143.824,
1411615.000,,1356.007,1142.805,
1411681.655,,1354.845,1140.760,
1411748.315,,1355.330,1143.673,
1411814.975,,1361.776,1143.290,
1411881.632,,1361.627,1142.649,
1411948.289,,1360.504,1143.365,
1412014.951,,1360.313,1151.237,
1412081.608,,1360.545,1154.977,
1412148.265,,1354.426,1154.027,
1412214.923,,1356.478,1155.021,
1412281.580,,1361.590,1157.818,
1412348.239,,1366.506,1157.335,
1412414.900,,1357.736,1155.825,
1412481.553,,1354.767,1153.380,
1412548.214,,1352.171,1147.937,
1412614.876,,1343.341,1150.689,
1412681.529,,1357.428,1156.876,
1412748.190,,1361.378,1155.068,
1412814.846,,1366.691,1152.755,
1412881.504,,1369.508,1151.589,
1412948.161,,1359.388,1151.114,
1413014.821,,1354.594,1148.035,
1413081.482,,1353.245,1148.985,
1413148.136,,1356.735,1146.415,
1413214.795,,1360.458,1145.666,
1413281.454,,1356.291,1147.101,
1413348.117,,1357.530,1149.511,
1413414.769,,1361.651,1155.413,
1413481.427,,1364.226,1159.784,
1413548.089,,1360.138,1149.889,
1413614.745,,1345.928,1150.812,
1413681.403,,1342.791,1148.520,
1413748.059,,1344.590,1144.474,
1413814.718,,1344.363,1142.486,
1413881.379,,1341.313,1139.805,
1413948.035,,1336.635,1137.052,
1414014.696,,1339.772,1135.966,
1414081.354,,1350.761,1145.046,
1414148.014,,1356.115,1145.319,
1414214.672,,1360.978,1143.035,
1414281.329,,1362.650,1140.244,
1414347.988,,1361.504,1135.179,
1414414.646,,1358.638,1139.775,
1414481.307,,1362.651,1138.273,
1414547.965,,1358.737,1135.721,
1414614.620,,1351.025,1129.624,
1414681.277,,1350.071,1133.296,
1414747.939,,1349.222,1136.038,
1414814.592,,1349.196,1137.656,
1414881.256,,1352.693,1141.190,
1414947.912,,1351.282,1139.023,
1415014.568,,1349.959,1144.259,
1415081.226,,1347.738,1141.401,
1415147.886,,1345.375,1144.121,
1415214.542,,1340.397,1150.575,
1415281.204,,1332.026,1161.380,
1415347.863,,1331.750,1177.288,
1415414.522,,1336.781,1187.312,
1415481.178,,1344.184,1181.730,
1415547.837,,1345.008,1174.531,
1415614.492,,1349.381,1176.240,
1415681.152,,1349.831,1174.669,
1415747.811,,1357.700,1169.660,
1415814.467,,1349.027,1166.223,
1415881.124,,1352.082,1162.072,
1415947.784,,1351.593,1167.618,
1416014.445,,1371.321,1172.141,
1416081.103,,1370.165,1158.524,
1416147.755,,1347.316,1154.210,
1416214.414,,1344.014,1153.188,
1416281.073,,1356.668,1152.809,
1416347.729,,1350.349,1149.175,
1416414.386,,1349.726,1146.029,
1416481.050,,1354.605,1147.165,
1416547.704,,1343.706,1142.311,
1416614.363,,1337.141,1139.852,
1416681.017,,1333.326,1138.124,
1416747.681,,1340.398,1140.432,
1416814.332,,1343.814,1139.609,
1416880.992,,1344.463,1138.400,
1416947.654,,1346.992,1138.564,
1417014.306,,1346.997,1138.217,
1417080.969,,1343.846,1134.031,
1417147.628,,1347.085,1135.684,
1417214.285,,1347.895,1135.986,
1417280.943,,1346.056,1131.085,
1417347.600,,1345.393,1128.054,
1417414.256,,1345.374,1127.145,
1417480.915,,1352.973,1128.660,
1417547.570,,1357.445,1126.568,
1417614.227,,1354.722,1126.268,
1417680.889,,1350.074,1125.161,
1417747.545,,1349.868,1124.296,
1417814.200,,1348.246,1122.810,
1417880.860,,1347.634,1121.656,
1417947.521,,1340.970,1117.884,
1418014.174,,1348.323,1120.758,
1418080.835,,1343.691,1118.414,
1418147.488,,1342.476,1120.369,
1418214.146,,1344.293,1122.827,
1418280.808,,1341.673,1123.176,
1418347.463,,1346.160,1121.662,
1418414.119,,1345.728,1120.906,
1418480.781,,1345.196,1120.743,
1418547.441,,1342.128,1121.841,
1418614.095,,1341.401,1121.332,
1418680.755,,1343.184,1121.379,
1418747.414,,1343.724,1124.161,
1418814.067,,1343.158,1128.364,
1418880.728,,1349.650,1127.887,
1418947.383,,1347.542,1125.679,
1419014.040,,1347.557,1123.970,
1419080.698,,1346.408,1122.126,
1419147.360,,1344.883,1122.004,
1419214.013,,1348.169,1121.196,
1419280.676,,1354.683,1120.333,
1419347.335,,1343.224,1123.926,
1419413.991,,1345.098,1120.965,
1419480.648,,1347.561,1119.319,
1419547.304,,1340.186,1120.220,
1419613.960,,1347.506,1119.687,
1419680.621,,1344.029,1121.054,
1419747.280,,1344.807,1124.114,
1419813.934,,1353.379,1124.369,
1419880.592,,1359.781,1129.304,
1419947.254,,1366.059,1134.247,
1420013.908,,1369.249,1130.946,
1420080.564,,1363.137,1131.104,
1420147.225,,1366.277,1133.503,
1420213.886,,1355.623,1135.514,
1420280.538,,1359.150,1142.225,
1420347.201,,1356.312,1147.026,
1420413.857,,1353.304,1147.397,
1420480.516,,1353.975,1153.812,
1420547.174,,1355.874,1161.577,
1420613.831,,1353.060,1169.810,
1420680.490,,1355.774,1181.842,
1420747.144,,1357.761,1188.197,
1420813.801,,1359.384,1195.697,
1420880.462,,1356.361,1195.541,
1420947.120,,1345.976,1194.915,
1421013.778,,1342.658,1187.824,
1421080.431,,1338.423,1182.721,
1421147.095,,1344.459,1179.387,
1421213.750,,1346.562,1176.073,
1421280.406,,1344.380,1173.446,
1421347.063,,1340.118,1170.759,
1421413.722,,1340.204,1165.507,
1421480.378,,1343.417,1159.679,
1421547.037,,1339.669,1156.780,
1421613.693,,1343.416,1156.876,
1421680.356,,1353.043,1155.134,
1421747.012,,1351.504,1153.689,
1421813.670,,1349.635,1152.247,
1421880.329,,1350.847,1149.029,
1421946.986,,1347.942,1149.600,
1422013.642,,1343.319,1144.050,
1422080.302,,1343.127,1142.372,
1422146.961,,1345.951,1142.252,
1422213.615,,1344.025,1141.517,
1422280.276,,1344.844,1141.146,
1422346.930,,1353.464,1140.545,
1422413.590,,1351.262,1136.303,
1422480.248,,1349.121,1137.345,
1422546.906,,1350.346,1135.582,
1422613.565,,1346.360,1132.168,
1422680.222,,1349.959,1134.821,
1422746.879,,1349.687,1132.269,
1422813.533,,1350.892,1134.604,
1422880.197,,1347.942,1133.175,
1422946.850,,1347.507,1131.698,
1423013.511,,1352.054,1132.215,
1423080.167,,1351.830,1131.060,
1423146.824,,1351.681,1128.573,
1423213.479,,1348.624,1127.108,
1423280.137,,1350.782,1125.982,
1423346.801,,1351.241,1127.555,
1423413.456,,1350.775,1132.271,
1423480.114,,1348.263,1131.790,
1423546.772,,1347.328,1132.909,
1423613.430,,1346.058,1134.847,
1423680.084,,1349.617,1138.261,
1423746.746,,1347.465,1139.920,
1423813.401,,1345.533,1140.980,
1423880.063,,1344.672,1140.139,
1423946.716,,1347.760,1143.796,
1424013.376,,1346.810,1157.865,
1424080.035,,1349.398,1167.094,
1424146.695,,1346.137,1171.414,
1424213.350,,1340.346,1169.191,
1424280.011,,1344.341,1171.891,
1424346.672,,1349.028,1165.419,
1424413.326,,1354.156,1163.036,
1424479.986,,1350.114,1157.259,
1424546.643,,1356.448,1157.718,
1424613.301,,1355.438,1156.480,
1424679.958,,1358.251,1150.556,
1424746.621,,1355.098,1150.129,
1424813.276,,1360.194,1149.041,
1424879.938,,1354.234,1145.214,
1424946.591,,1359.056,1142.293,
1425013.254,,1356.971,1143.288,
1425079.911,,1359.198,1141.603,
1425146.564,,1356.236,1143.540,
1425213.228,,1357.533,1143.244,
1425279.888,,1357.424,1143.888,
1425346.543,,1357.044,1145.180,
1425413.202,,1357.198,1145.307,
1425479.859,,1353.488,1143.978,
1425546.518,,1353.953,1144.884,
1425613.174,,1357.493,1143.715,
1425679.837,,1355.327,1140.627,
1425746.492,,1348.835,1139.947,
1425813.152,,1348.611,1141.351,
1425879.806,,1350.592,1141.458,
1425946.465,,1349.889,1144.267,
1426013.127,,1350.479,1142.999,
1426079.781,,1348.969,1140.141,
1426146.444,,1347.477,1142.439,
1426213.098,,1343.420,1136.686,
1426279.759,,1349.441,1138.593,
1426346.418,,1345.071,1135.993,
1426413.076,,1349.900,1135.290,
1426479.735,,1348.927,1137.763,
1426546.391,,1349.342,1134.566,
1426613.050,,1356.681,1134.848,
1426679.707,,1355.844,1135.685,
1426746.369,,1357.410,1132.226,
1426813.024,,1353.052,1130.176,
1426879.681,,1351.911,1130.942,
1426946.343,,1354.327,1129.601,
1427013.002,,1350.158,1128.971,
1427079.654,,1352.288,1127.538,
1427146.315,,1352.357,1127.403,
1427212.976,,1355.278,1128.109,
1427279.635,,1357.282,1128.669,
1427346.288,,1353.784,1127.830,
1427412.947,,1357.197,1127.610,
1427479.608,,1352.422,1124.221,
1427546.262,,1353.083,1125.590,
1427612.926,,1354.919,1123.778,
1427679.582,,1351.514,1121.853,
1427746.241,,1347.912,1122.224,
1427812.895,,1346.273,1122.013,
1427879.559,,1350.636,1122.534,
1427946.214,,1347.822,1121.182,
1428012.875,,1350.523,1122.361,
1428079.531,,1349.937,1126.239,
1428146.189,,1357.672,1126.404,
1428212.851,,1357.164,1128.462,
1428279.508,,1352.480,1127.339,
1428346.166,,1352.366,1130.466,
1428412.824,,1359.071,1134.033,
1428479.478,,1360.864,1136.811,
1428546.138,,1356.955,1134.203,
1428612.799,,1353.675,1134.289,
1428679.452,,1353.542,1133.295,
1428746.111,,1352.447,1130.527,
1428812.775,,1352.117,1132.653,
1428879.427,,1359.431,1133.824,
1428946.091,,1355.147,1135.452,
1429012.744,,1363.881,1138.032,
1429079.402,,1362.803,1140.020,
1429146.060,,1360.215,1137.476,
1429212.722,,1360.228,1135.566,
1429279.381,,1360.213,1137.528,
1429346.037,,1369.829,1135.857,
1429412.698,,1372.025,1137.066,
1429479.353,,1366.185,1137.846,
1429546.015,,1364.057,1138.699,
1429612.672,,1369.879,1139.348,
1429679.327,,1362.461,1138.925,
1429745.984,,1364.668,1145.373,
1429812.646,,1368.359,1148.487,
1429879.304,,1360.720,1151.621,
1429945.963,,1361.895,1151.202,
1430012.619,,1358.306,1151.946,
1430079.277,,1362.215,1152.926,
1430145.938,,1369.831,1155.158,
1430212.592,,1360.246,1153.193,
1430279.250,,1361.433,1150.732,
1430345.912,,1362.062,1147.809,
1430412.570,,1361.175,1147.646,
1430479.228,,1355.195,1144.013,
1430545.885,,1367.285,1144.202,
1430612.546,,1362.233,1144.006,
1430679.205,,1360.381,1140.662,
1430745.859,,1359.716,1141.302,
1430812.518,,1363.227,1139.299,
1430879.179,,1353.379,1136.345,
1430945.837,,1353.514,1137.229,
1431012.492,,1356.245,1138.098,
1431079.153,,1362.131,1141.265,
1431145.807,,1371.082,1142.106,
1431212.472,,1374.445,1143.772,
1431279.129,,1372.035,1148.197,
1431345.786,,1370.342,1157.060,
1431412.440,,1368.791,1161.637,
1431479.105,,1373.312,1165.093,
1431545.762,,1359.998,1160.708,
1431612.418,,1344.866,1157.969,
1431679.078,,1354.211,1157.668,
1431745.737,,1349.088,1155.739,
1431812.389,,1366.663,1159.728,
1431879.050,,1375.873,1159.074,
1431945.707,,1376.039,1158.806,
1432012.363,,1374.066,1157.589,
1432079.022,,1359.272,1151.425,
1432145.681,,1348.453,1150.294,
1432212.339,,1349.221,1152.017,
1432278.991,,1353.370,1164.884,
1432345.654,,1351.467,1168.993,
1432412.307,,1363.153,1171.441,
1432478.968,,1365.518,1169.644,
1432545.623,,1364.876,1164.814,
1432612.278,,1370.961,1166.812,
1432678.935,,1371.504,1165.413,
1432745.594,,1366.066,1162.374,
1432812.251,,1361.980,1158.207,
1432878.912,,1352.629,1154.080,
1432945.568,,1354.480,1158.953,
1433012.225,,1361.756,1158.121,
1433078.883,,1365.191,1155.933,
1433145.544,,1363.336,1154.680,
1433212.195,,1356.553,1152.624,
1433278.853,,1348.629,1150.258,
1433345.514,,1346.906,1149.528,
1433412.167,,1350.207,1155.257,
1433478.829,,1354.153,1152.922,
1433545.483,,1349.584,1151.959,
1433612.143,,1350.325,1152.220,
1433678.798,,1351.989,1152.463,
1433745.455,,1354.001,1151.269,
1433812.117,,1354.745,1155.253,
1433878.771,,1361.013,1159.553,
1433945.428,,1366.738,1158.375,
1434012.091,,1363.346,1153.253,
1434078.747,,1362.220,1155.339,
1434145.403,,1354.695,1166.090,
1434212.060,,1356.066,1171.673,
1434278.717,,1360.166,1172.141,
1434345.372,,1357.806,1173.878,
1434412.032,,1356.207,1174.246,
1434478.692,,1354.269,1172.303,
1434545.343,,1354.682,1171.447,
1434612.002,,1353.318,1169.829,
1434678.661,,1350.399,1167.070,
1434745.321,,1352.963,1166.277,
1434811.977,,1352.789,1164.056,
1434878.635,,1352.487,1161.872,
1434945.290,,1351.356,1158.867,
1435011.946,,1351.462,1156.951,
1435078.607,,1351.452,1155.818,
1435145.259,,1357.279,1153.292,
1435211.920,,1354.776,1153.725,
1435278.580,,1350.449,1152.429,
1435345.236,,1349.387,1151.106,
1435411.890,,1349.674,1148.917,
1435478.549,,1351.534,1147.561,
1435545.209,,1356.836,1144.916,
1435611.865,,1357.935,1146.494,
1435678.521,,1353.773,1143.039,
1435745.176,,1350.937,1142.077,
1435811.837,,1352.836,1141.777,
1435878.492,,1355.958,1143.367,
1435945.153,,1359.743,1143.408,
1436011.810,,1358.612,1144.084,
1436078.464,,1354.893,1147.498,
1436145.121,,1360.242,1147.835,
1436211.782,,1364.353,1147.546,
1436278.437,,1358.496,1147.186,
1436345.098,,1354.661,1145.211,
1436411.754,,1352.639,1148.441,
1436478.411,,1353.153,1147.301,
1436545.068,,1351.774,1149.055,
1436611.726,,1353.533,1146.370,
1436678.383,,1353.415,1144.988,
1436745.041,,1351.255,1145.480,
1436811.698,,1350.962,1147.141,
1436878.353,,1354.636,1147.154,
1436945.013,,1355.352,1146.142,
1437011.672,,1360.584,1145.441,
1437078.324,,1360.609,1144.058,
1437144.981,,1352.463,1141.836,
1437211.641,,1359.624,1142.286,
1437278.298,,1360.037,1141.379,
1437344.958,,1362.546,1140.570,
1437411.617,,1358.707,1139.956,
1437478.270,,1359.975,1142.445,
1437544.929,,1362.898,1144.379,
1437611.587,,1368.448,1145.450,
1437678.247,,1365.711,1149.743,
1437744.899,,1363.166,1153.338,
1437811.557,,1363.482,1155.888,
1437878.217,,1361.349,1155.283,
1437944.871,,1360.151,1153.133,
1438011.528,,1357.867,1152.873,
1438078.192,,1355.262,1154.557,
1438144.849,,1358.268,1153.128,
1438211.503,,1353.936,1148.597,
1438278.161,,1350.620,1148.210,
1438344.815,,1351.345,1145.812,
1438411.477,,1355.218,1144.779,
1438478.133,,1359.782,1146.702,
1438544.793,,1370.049,1143.703,
1438611.446,,1368.211,1142.646,
1438678.104,,1364.544,1141.190,
1438744.759,,1352.013,1137.715,
1438811.423,,1338.954,1139.019,
1438878.075,,1348.957,1140.444,
1438944.737,,1348.838,1140.936,
1439011.395,,1353.277,1139.812,
1439078.049,,1352.899,1143.443,
1439144.704,,1351.990,1142.697,
1439211.366,,1350.050,1141.225,
1439278.024,,1349.812,1142.164,
1439344.679,,1356.190,1142.249,
1439411.340,,1356.138,1142.114,
1439477.991,,1350.858,1139.298,
1439544.650,,1354.796,1142.133,
1439611.312,,1352.073,1139.898,
1439677.963,,1356.199,1141.421,
1439744.627,,1354.551,1138.174,
1439811.284,,1351.899,1138.132,
1439877.940,,1357.760,1138.169,
1439944.597,,1354.486,1137.742,
1440011.261,,1351.611,1134.952,
1440077.916,,1352.555,1134.229,
1440144.573,,1348.092,1130.888,
1440211.233,,1347.192,1130.651,
1440277.892,,1352.000,1133.086,
1440344.555,,1356.187,1135.456,
1440411.214,,1355.531,1138.437,
1440477.870,,1356.033,1138.683,
1440544.531,,1352.822,1139.934,
1440611.186,,1358.490,1143.439,
1440677.847,,1359.985,1142.240,
1440744.508,,1362.593,1143.435,
1440811.164,,1353.524,1140.672,
1440877.824,,1356.353,1141.757,
1440944.479,,1361.393,1146.090,
1441011.144,,1366.359,1146.382,
1441077.799,,1365.742,1143.578,
1441144.460,,1355.855,1140.106,
1441211.117,,1351.624,1137.531,
1441277.779,,1348.930,1142.951,
1441344.435,,1351.574,1144.483,
1441411.096,,1354.493,1145.911,
1441477.750,,1353.238,1144.240,
1441544.410,,1353.599,1142.086,
1441611.070,,1356.013,1140.404,
1441677.727,,1355.774,1138.208,
1441744.392,,1359.996,1136.470,
1441811.048,,1356.778,1135.930,
1441877.706,,1358.328,1134.062,
1441944.368,,1360.809,1134.474,
1442011.023,,1359.676,1138.785,
1442077.685,,1362.134,1137.379,
1442144.340,,1364.134,1136.730,
1442211.000,,1357.775,1136.898,
1442277.659,,1353.975,1155.973,
1442344.320,,1352.598,1164.977,
1442410.975,,1361.376,1173.265,
1442477.637,,1360.407,1174.044,
1442544.292,,1363.008,1169.418,
1442610.952,,1354.589,1171.339,
1442677.614,,1351.399,1175.977,
1442744.273,,1354.392,1171.386,
1442810.929,,1354.237,1166.562,
1442877.591,,1355.557,1167.744,
1442944.250,,1350.926,1166.680,
1443010.910,,1359.641,1164.240,
1443077.568,,1353.562,1163.093,
1443144.221,,1355.490,1161.409,
1443210.884,,1355.844,1171.251,
1443277.541,,1356.094,1166.799,
1443344.200,,1364.319,1168.797,
1443410.860,,1361.807,1162.473,
1443477.518,,1359.195,1160.560,
1443544.177,,1363.274,1158.943,
1443610.837,,1362.948,1161.179,
1443677.492,,1357.952,1157.950,
1443744.152,,1357.778,1154.758,
1443810.811,,1363.301,1154.313,
1443877.471,,1362.170,1152.637,
1443944.134,,1350.694,1148.934,
1444010.787,,1351.558,1148.165,
1444077.447,,1352.935,1146.656,
1444144.104,,1354.105,1145.757,
1444210.762,,1351.812,1152.509,
1444277.422,,1358.401,1149.473,
1444344.087,,1354.749,1147.033,
1444410.745,,1347.608,1147.804,
1444477.400,,1347.938,1147.434,
1444544.057,,1356.411,1150.233,
1444610.717,,1360.289,1149.675,
1444677.380,,1356.197,1148.530,
1444744.034,,1358.850,1147.473,
1444810.698,,1357.410,1148.281,
1444877.355,,1357.290,1149.045,
1444944.010,,1363.138,1146.533,
1445010.669,,1357.352,1145.362,
1445077.331,,1354.635,1141.957,
1445143.988,,1356.003,1142.637,
1445210.649,,1351.592,1143.074,
1445277.305,,1360.832,1142.909,
1445343.969,,1366.539,1147.766,
1445410.623,,1361.284,1145.228,
1445477.284,,1356.066,1146.556,
1445543.943,,1360.079,1152.193,
1445610.604,,1360.939,1160.249,
1445677.259,,1364.359,1165.499,
1445743.917,,1366.208,1170.390,
1445810.577,,1373.173,1167.950,
1445877.237,,1374.916,1165.456,
1445943.893,,1371.359,1166.921,
1446010.558,,1361.357,1163.155,
1446077.214,,1374.347,1163.955,
1446143.872,,1374.601,1166.090,
1446210.528,,1366.579,1163.972,
1446277.193,,1361.113,1168.000,
1446343.850,,1355.400,1163.668,
1446410.508,,1354.032,1167.542,
1446477.168,,1356.106,1179.413,
1446543.828,,1363.004,1164.191,
1446610.487,,1359.414,1161.822,
1446677.146,,1365.518,1161.045,
1446743.801,,1363.224,1157.129,
1446810.459,,1363.250,1154.175,
1446877.119,,1357.787,1150.426,
1446943.775,,1360.173,1150.836,
1447010.438,,1356.277,1147.543,
1447077.096,,1354.530,1150.305,
1447143.753,,1359.407,1143.870,
1447210.412,,1360.853,1144.572,
1447277.071,,1359.416,1138.403,
1447343.732,,1364.492,1140.729,
1447410.391,,1356.442,1140.192,
1447477.051,,1359.288,1138.829,
1447543.707,,1370.191,1138.669,
1447610.364,,1368.028,1138.043,
1447677.028,,1360.864,1140.376,
1447743.688,,1357.656,1138.652,
1447810.341,,1357.493,1139.058,
1447877.002,,1357.039,1139.295,
1447943.661,,1352.860,1137.551,
1448010.313,,1353.370,1136.661,
1448076.970,,1351.782,1139.036,
1448143.627,,1350.396,1140.395,
1448210.286,,1355.042,1138.903,
1448276.945,,1360.897,1142.168,
1448343.602,,1361.527,1145.437,
1448410.260,,1357.729,1148.131,
1448476.919,,1354.067,1150.261,
1448543.579,,1355.936,1152.611,
1448610.233,,1359.615,1153.304,
1448676.890,,1362.716,1152.167,
1448743.548,,1357.017,1154.448,
1448810.210,,1357.284,1150.294,
1448876.864,,1352.852,1151.370,
1448943.522,,1355.099,1150.282,
1449010.179,,1353.179,1144.279,
1449076.838,,1356.697,1145.701,
1449143.492,,1354.049,1138.919,
1449210.155,,1345.883,1139.693,
1449276.810,,1350.356,1138.946,
1449343.467,,1351.855,1139.275,
1449410.124,,1355.389,1138.876,
1449476.780,,1354.274,1135.983,
1449543.444,,1351.442,1134.060,
1449610.102,,1353.750,1130.614,
1449676.758,,1348.905,1134.952,
1449743.414,,1350.467,1132.819,
1449810.069,,1352.626,1131.222,
1449876.730,,1356.204,1132.381,
1449943.390,,1356.663,1131.584,
1450010.042,,1355.126,1129.737,
1450076.704,,1353.524,1129.736,
1450143.357,,1352.348,1128.945,
1450210.020,,1353.525,1126.690,
1450276.676,,1352.957,1126.679,
1450343.333,,1352.438,1126.274,
1450409.989,,1355.026,1126.250,
1450476.647,,1350.253,1123.951,
1450543.306,,1351.857,1124.028,
1450609.965,,1350.199,1125.014,
1450676.623,,1351.091,1135.141,
1450743.278,,1353.917,1138.030,
1450809.938,,1352.897,1140.763,
1450876.592,,1355.548,1143.737,
1450943.248,,1360.629,1143.976,
1451009.911,,1356.635,1138.043,
1451076.567,,1353.117,1136.957,
1451143.222,,1350.158,1137.753,
1451209.883,,1350.883,1137.511,
1451276.537,,1356.897,1137.131,
1451343.195,,1360.920,1138.309,
1451409.856,,1363.034,1135.256,
1451476.510,,1356.808,1132.625,
1451543.173,,1347.217,1128.356,
1451609.830,,1348.569,1130.638,
1451676.488,,1355.185,1128.042,
1451743.145,,1350.159,1125.871,
1451809.801,,1352.078,1135.993,
1451876.460,,1361.472,1128.291,
1451943.113,,1358.666,1127.397,
1452009.774,,1359.958,1131.012,
1452076.428,,1373.722,1133.067,
1452143.090,,1377.690,1136.332,
1452209.747,,1371.834,1136.008,
1452276.403,,1369.801,1136.951,
1452343.064,,1370.539,1137.480,
1452409.722,,1367.535,1138.913,
1452476.376,,1366.277,1140.601,
1452543.036,,1370.544,1141.259,
1452609.694,,1356.792,1144.013,
1452676.351,,1337.974,1151.855,
1452743.009,,1346.195,1151.127,
1452809.667,,1348.495,1156.529,
1452876.319,,1356.262,1162.275,
1452942.980,,1371.788,1161.551,
1453009.637,,1377.339,1160.146,
1453076.294,,1371.087,1159.274,
1453142.951,,1370.121,1153.441,
1453209.608,,1351.771,1149.420,
1453276.266,,1339.297,1154.715,
1453342.924,,1342.263,1160.432,
1453409.584,,1344.465,1161.727,
1453476.243,,1346.256,1165.747,
1453542.897,,1356.443,1169.116,
1453609.559,,1367.338,1168.907,
1453676.213,,1369.594,1164.898,
1453742.870,,1363.024,1164.677,
1453809.531,,1363.966,1180.338,
1453876.187,,1368.617,1179.437,
1453942.846,,1343.088,1191.769,
1454009.500,,1341.952,1193.692,
1454076.162,,1342.290,1193.601,
1454142.815,,1342.187,1190.318,
1454209.476,,1342.703,1190.246,
1454276.134,,1351.294,1188.144,
1454342.790,,1352.807,1189.897,
1454409.448,,1366.415,1185.620,
1454476.105,,1370.400,1183.686,
1454542.766,,1365.107,1181.590,
1454609.418,,1358.276,1180.967,
1454676.081,,1359.635,1178.231,
1454742.736,,1363.678,1176.001,
1454809.393,,1348.625,1171.958,
1454876.054,,1336.167,1169.445,
1454942.712,,1339.175,1183.487,
1455009.364,,1337.457,1192.530,
1455076.023,,1341.656,1193.289,
1455142.682,,1341.747,1197.453,
1455209.337,,1343.953,1193.106,
1455275.998,,1346.809,1201.506,
1455342.653,,1342.114,1208.332,
1455409.311,,1347.228,1217.110,
1455475.970,,1352.670,1213.896,
1455542.627,,1350.122,1209.421,
1455609.283,,1350.940,1205.564,
1455675.946,,1347.022,1200.267,
1455742.600,,1346.406,1193.816,
1455809.257,,1343.680,1187.657,
1455875.918,,1346.124,1185.159,
1455942.577,,1345.007,1179.785,
1456009.236,,1346.486,1178.281,
1456075.894,,1345.167,1174.667,
1456142.550,,1345.603,1172.884,
1456209.211,,1343.515,1168.392,
1456275.868,,1344.308,1165.034,
1456342.526,,1344.449,1163.136,
1456409.184,,1343.307,1161.034,
1456475.842,,1343.944,1159.608,
1456542.502,,1346.164,1156.990,
1456609.159,,1346.507,1157.207,
1456675.815,,1342.577,1154.829,
1456742.474,,1345.278,1153.740,
1456809.133,,1346.349,1152.006,
1456875.793,,1345.211,1151.687,
1456942.451,,1342.063,1151.329,
1457009.111,,1343.818,1155.347,
1457075.772,,1348.155,1162.196,
1457142.430,,1349.690,1160.943,
1457209.085,,1350.691,1164.283,
1457275.741,,1345.513,1164.673,
1457342.406,,1351.494,1163.967,
1457409.065,,1352.323,1174.511,
1457475.718,,1352.755,1182.527,
1457542.380,,1354.482,1199.439,
1457609.037,,1355.969,1226.619,
1457675.694,,1353.578,1227.055,
1457742.357,,1351.673,1220.846,
1457809.011,,1348.738,1217.035,
1457875.672,,1352.331,1209.983,
1457942.327,,1348.148,1205.782,
1458008.985,,1346.414,1201.627,
1458075.643,,1349.629,1199.538,
1458142.301,,1348.139,1195.631,
1458208.959,,1350.462,1192.499,
1458275.622,,1349.159,1186.358,
1458342.277,,1350.068,1187.107,
1458408.941,,1345.703,1185.224,
1458475.599,,1342.632,1184.334,
1458542.252,,1348.228,1182.090,
1458608.910,,1349.309,1183.251,
1458675.571,,1350.859,1190.115,
1458742.230,,1346.388,1198.111,
1458808.891,,1349.963,1199.219,
1458875.548,,1353.548,1195.643,
1458942.209,,1348.573,1199.864,
1459008.865,,1355.676,1198.623,
1459075.522,,1350.521,1194.878,
1459142.181,,1349.933,1193.776,
1459208.836,,1346.145,1190.212,
1459275.497,,1352.822,1184.825,
1459342.152,,1345.476,1184.158,
1459408.816,,1343.896,1177.643,
1459475.471,,1343.806,1174.910,
1459542.128,,1347.096,1170.411,
1459608.793,,1353.931,1171.419,
1459675.451,,1350.438,1167.920,
1459742.108,,1354.673,1165.966,
1459808.765,,1352.425,1165.373,
1459875.422,,1350.680,1162.649,
1459942.083,,1351.306,1161.861,
1460008.743,,1357.068,1161.422,
1460075.400,,1356.141,1159.432,
1460142.055,,1357.064,1160.789,
1460208.718,,1355.936,1158.319,
1460275.377,,1352.783,1155.131,
1460342.031,,1355.359,1155.705,
1460408.693,,1353.082,1153.619,
1460475.349,,1349.242,1151.747,
1460542.005,,1355.032,1155.843,
1460608.667,,1355.657,1153.578,
1460675.323,,1360.458,1154.269,
1460741.983,,1367.378,1153.022,
1460808.642,,1364.871,1151.576,
1460875.298,,1362.734,1149.131,
1460941.956,,1358.143,1146.589,
1461008.618,,1365.851,1147.954,
1461075.276,,1363.667,1148.648,
1461141.933,,1358.828,1147.987,
1461208.593,,1359.867,1144.670,
1461275.249,,1356.429,1145.626,
1461341.909,,1357.769,1147.974,
1461408.566,,1360.147,1143.840,
1461475.223,,1364.086,1144.389,
1461541.887,,1355.160,1143.670,
1461608.546,,1357.683,1141.508,
1461675.198,,1354.456,1138.682,
1461741.862,,1353.607,1136.919,
1461808.519,,1350.338,1138.245,
1461875.179,,1356.458,1140.835,
1461941.835,,1359.465,1141.276,
1462008.492,,1358.361,1139.839,
1462075.151,,1361.512,1140.714,
1462141.807,,1364.721,1139.554,
1462208.470,,1363.785,1135.116,
1462275.128,,1360.412,1132.476,
1462341.785,,1360.660,1135.000,
1462408.442,,1362.130,1133.342,
1462475.102,,1363.902,1133.458,
1462541.764,,1363.863,1133.001,
1462608.421,,1364.316,1132.574,
1462675.075,,1364.241,1135.047,
1462741.737,,1361.667,1131.825,
1462808.393,,1360.222,1134.329,
1462875.051,,1362.479,1131.750,
1462941.703,,1353.344,1133.043,
1463008.371,,1354.843,1125.613,
1463075.028,,1345.525,1124.579,
1463141.685,,1348.670,1125.064,
1463208.344,,1350.535,1123.493,
1463275.001,,1340.304,1126.594,
1463341.665,,1346.721,1124.623,
1463408.318,,1350.678,1129.871,
1463474.977,,1340.410,1127.810,
1463541.638,,1343.946,1127.099,
1463608.297,,1345.537,1126.050,
1463674.954,,1356.233,1132.309,
1463741.615,,1351.335,1132.128,
1463808.273,,1357.853,1129.031,
1463874.924,,1342.818,1126.645,
1463941.588,,1349.789,1126.025,
1464008.245,,1354.372,1125.326,
1464074.897,,1349.795,1127.600,
1464141.556,,1353.990,1124.605,
1464208.216,,1350.329,1127.659,
1464274.872,,1339.442,1123.818,
1464341.531,,1343.629,1128.216,
1464408.190,,1347.825,1130.668,
1464474.846,,1341.881,1133.405,
1464541.502,,1339.251,1140.226,
1464608.155,,1346.805,1142.019,
1464674.816,,1348.594,1144.138,
1464741.475,,1348.652,1142.381,
1464808.129,,1348.696,1143.467,
1464874.788,,1352.382,1135.833,
1464941.448,,1354.874,1149.174,
1465008.104,,1365.726,1156.357,
1465074.759,,1362.885,1155.554,
1465141.419,,1356.349,1151.054,
1465208.073,,1346.909,1148.624,
1465274.731,,1334.991,1148.638,
1465341.388,,1342.880,1144.447,
1465408.050,,1339.598,1147.697,
1465474.705,,1340.438,1142.162,
1465541.365,,1357.398,1149.411,
1465608.022,,1360.119,1146.694,
1465674.674,,1355.962,1145.266,
1465741.338,,1351.950,1140.067,
1465807.989,,1345.199,1140.218,
1465874.648,,1343.976,1137.962,
1465941.310,,1345.908,1138.925,
1466007.967,,1335.714,1139.173,
1466074.620,,1341.190,1143.261,
1466141.279,,1338.519,1141.534,
1466207.939,,1336.963,1147.519,
1466274.595,,1345.755,1146.604,
1466341.252,,1347.899,1146.416,
1466407.907,,1346.092,1150.044,
1466474.563,,1344.747,1148.849,
1466541.222,,1342.103,1150.259,
1466607.884,,1345.367,1151.060,
1466674.538,,1343.972,1149.759,
1466741.196,,1342.089,1150.522,
1466807.856,,1343.448,1149.270,
1466874.509,,1338.863,1150.037,
1466941.168,,1337.482,1151.265,
1467007.827,,1333.655,1152.153,
1467074.481,,1335.240,1167.284,
1467141.142,,1333.557,1173.017,
1467207.797,,1339.014,1172.092,
1467274.455,,1339.244,1168.041,
1467341.113,,1329.158,1166.225,
1467407.767,,1336.908,1164.189,
1467474.424,,1337.455,1163.731,
1467541.088,,1339.440,1162.872,
1467607.741,,1335.554,1160.361,
1467674.402,,1339.259,1160.196,
1467741.060,,1342.694,1154.092,
1467807.712,,1331.438,1145.209,
1467874.369,,1331.005,1147.797,
1467941.032,,1336.186,1146.355,
1468007.684,,1334.371,1145.157,
1468074.344,,1332.898,1144.896,
1468140.998,,1339.889,1142.613,
1468207.660,,1338.669,1142.987,
1468274.315,,1347.060,1140.936,
1468340.970,,1345.421,1140.597,
1468407.632,,1353.101,1144.344,
1468474.289,,1356.994,1146.730,
1468540.947,,1354.408,1144.069,
1468607.605,,1354.587,1144.258,
1468674.262,,1353.399,1143.550,
1468740.919,,1350.561,1142.650,
1468807.579,,1356.839,1139.454,
1468874.230,,1357.786,1140.383,
1468940.891,,1353.045,1137.061,
1469007.546,,1354.822,1133.744,
1469074.207,,1345.785,1134.967,
1469140.863,,1340.511,1133.127,
1469207.519,,1342.145,1133.594,
1469274.175,,1340.518,1132.814,
1469340.835,,1338.467,1131.313,
1469407.490,,1339.141,1129.820,
1469474.147,,1341.209,1132.055,
1469540.805,,1345.975,1132.047,
1469607.462,,1346.533,1129.309,
1469674.121,,1347.485,1130.362,
1469740.777,,1339.484,1129.159,
1469807.438,,1337.080,1125.467,
1469874.095,,1332.985,1128.888,
1469940.754,,1339.123,1136.990,
1470007.409,,1339.584,1135.999,
1470074.068,,1342.305,1139.941,
1470140.724,,1346.671,1142.694,
1470207.380,,1348.460,1145.130,
1470274.039,,1352.140,1141.098,
1470340.699,,1351.321,1140.565,
1470407.350,,1347.507,1142.032,
1470474.010,,1347.694,1139.994,
1470540.664,,1349.673,1136.545,
1470607.326,,1344.856,1136.354,
1470673.980,,1348.340,1134.416,
1470740.641,,1345.232,1133.653,
1470807.297,,1350.904,1133.595,
1470873.955,,1354.585,1131.652,
1470940.612,,1349.820,1130.018,
1471007.269,,1345.261,1128.219,
1471073.925,,1342.971,1126.168,
1471140.584,,1349.676,1127.432,
1471207.244,,1349.137,1127.622,
1471273.902,,1344.758,1129.589,
1471340.553,,1345.777,1127.233,
1471407.215,,1351.684,1127.490,
1471473.870,,1352.035,1126.401,
1471540.531,,1349.463,1126.264,
1471607.186,,1347.913,1124.215,
1471673.843,,1349.021,1124.714,
1471740.499,,1343.597,1123.492,
1471807.156,,1346.809,1125.215,
1471873.815,,1345.786,1122.998,
1471940.473,,1352.620,1121.876,
1472007.128,,1340.262,1124.405,
1472073.790,,1344.341,1127.624,
1472140.445,,1343.972,1128.733,
1472207.098,,1348.269,1130.750,
1472273.757,,1348.147,1132.636,
1472340.419,,1348.485,1131.622,
1472407.074,,1348.462,1133.079,
1472473.732,,1343.738,1132.129,
1472540.388,,1344.756,1133.485,
1472607.047,,1347.747,1134.704,
1472673.700,,1348.019,1135.317,
1472740.359,,1352.928,1133.404,
1472807.020,,1352.694,1133.099,
1472873.676,,1345.620,1128.729,
1472940.328,,1349.010,1127.849,
1473006.987,,1353.644,1125.607,
1473073.646,,1354.170,1128.220,
1473140.301,,1354.344,1127.528,
1473206.956,,1353.218,1128.410,
1473273.617,,1355.688,1133.256,
1473340.274,,1359.255,1134.874,
1473406.932,,1359.014,1135.294,
1473473.585,,1348.335,1148.468,
1473540.243,,1350.476,1160.578,
1473606.899,,1348.952,1167.114,
1473673.559,,1346.609,1169.560,
1473740.217,,1342.433,1171.512,
1473806.873,,1340.602,1169.869,
1473873.530,,1341.209,1168.056,
1473940.187,,1343.447,1165.337,
1474006.846,,1344.034,1165.873,
1474073.504,,1340.847,1167.226,
1474140.158,,1342.542,1164.752,
1474206.816,,1343.669,1160.003,
1474273.473,,1349.288,1157.905,
1474340.130,,1349.257,1159.475,
1474406.790,,1349.290,1153.461,
1474473.447,,1349.345,1149.501,
1474540.101,,1349.149,1148.613,
1474606.760,,1346.608,1146.002,
1474673.418,,1351.533,1145.693,
1474740.073,,1346.706,1147.016,
1474806.732,,1351.601,1150.380,
1474873.387,,1354.178,1151.672,
1474940.050,,1352.648,1153.877,
1475006.702,,1352.072,1156.484,
1475073.360,,1347.990,1165.301,
1475140.021,,1349.006,1199.120,
1475206.674,,1342.320,1225.103,
1475273.329,,1348.001,1239.186,
1475339.990,,1355.374,1238.178,
1475406.650,,1346.445,1232.746,
1475473.301,,1343.608,1236.870,
1475539.962,,1345.435,1267.122,
1475606.621,,1335.908,1281.603,
1475673.278,,1340.064,1281.964,
1475739.936,,1336.622,1291.151,
1475806.592,,1342.735,1277.318,
1475873.244,,1341.978,1264.375,
1475939.908,,1340.334,1256.423,
1476006.562,,1337.977,1246.802,
1476073.220,,1344.160,1241.707,
1476139.875,,1336.731,1233.555,
1476206.530,,1344.267,1228.694,
1476273.194,,1339.488,1223.118,
1476339.850,,1339.496,1223.343,
1476406.504,,1340.228,1230.895,
1476473.159,,1340.291,1232.847,
1476539.823,,1339.600,1232.581,
1476606.479,,1356.044,1229.022,
1476673.135,,1352.949,1227.312,
1476739.791,,1350.323,1223.041,
1476806.451,,1350.865,1217.952,
1476873.107,,1344.457,1210.996,
1476939.765,,1338.291,1204.769,
1477006.417,,1338.700,1203.251,
1477073.074,,1337.250,1200.467,
1477139.737,,1339.453,1195.410,
1477206.394,,1344.596,1195.964,
1477273.050,,1335.731,1193.277,
1477339.707,,1335.386,1186.495,
1477406.362,,1336.461,1188.447,
1477473.022,,1345.010,1185.758,
1477539.675,,1347.907,1182.913,
1477606.332,,1347.162,1178.356,
1477672.989,,1346.912,1172.279,
1477739.652,,1349.716,1174.361,
1477806.305,,1348.334,1169.857,
1477872.962,,1343.641,1166.253,
1477939.624,,1346.265,1165.102,
1478006.278,,1344.785,1163.277,
1478072.933,,1355.314,1164.210,
1478139.589,,1358.735,1159.596,
1478206.241,,1357.131,1158.041,
1478272.909,,1348.229,1154.428,
1478339.564,,1339.379,1153.577,
1478406.223,,1348.858,1153.580,
1478472.877,,1357.292,1152.549,
1478539.534,,1354.871,1152.122,
1478606.195,,1354.373,1149.351,
1478672.847,,1353.074,1150.683,
1478739.505,,1355.436,1146.864,
1478806.163,,1348.387,1144.604,
1478872.823,,1349.844,1143.140,
1478939.475,,1354.527,1142.765,
1479006.137,,1350.111,1141.675,
1479072.791,,1349.642,1134.697,
1479139.447,,1344.753,1138.387,
1479206.110,,1347.352,1137.699,
1479272.763,,1352.523,1135.683,
1479339.423,,1351.938,1136.247,
1479406.081,,1346.628,1132.824,
1479472.735,,1340.808,1131.836,
1479539.395,,1344.418,1132.102,
1479606.049,,1347.294,1134.754,
1479672.709,,1348.901,1140.683,
1479739.364,,1348.566,1144.906,
1479806.027,,1353.035,1156.386,
1479872.682,,1351.738,1167.944,
1479939.341,,1344.749,1173.308,
1480006.000,,1343.154,1180.482,
1480072.660,,1350.157,1180.450,
1480139.315,,1350.028,1181.811,
1480205.979,,1359.154,1174.915,
1480272.638,,1357.435,1175.782,
1480339.298,,1347.479,1171.232,
1480405.953,,1352.263,1165.127,
1480472.612,,1359.025,1166.453,
1480539.269,,1351.471,1158.785,
1480605.933,,1348.997,1158.971,
1480672.587,,1351.659,1154.763,
1480739.249,,1349.782,1152.299,
1480805.909,,1347.779,1152.656,
1480872.569,,1348.648,1153.595,
1480939.226,,1347.907,1166.911,
1481005.885,,1344.761,1171.734,
1481072.540,,1343.335,1173.338,
1481139.201,,1346.464,1178.673,
1481205.857,,1350.440,1181.389,
1481272.516,,1350.676,1181.052,
1481339.175,,1350.156,1180.136,
1481405.840,,1347.129,1181.640,
1481472.497,,1349.932,1184.460,
1481539.155,,1349.369,1182.220,
1481605.815,,1345.803,1180.333,
1481672.475,,1345.470,1179.641,
1481739.131,,1345.977,1176.483,
1481805.792,,1347.099,1174.883,
1481872.450,,1346.280,1171.714,
1481939.106,,1349.285,1171.030,
1482005.766,,1347.951,1166.518,
1482072.424,,1348.069,1164.985,
1482139.085,,1349.488,1162.870,
1482205.741,,1354.510,1155.528,
1482272.400,,1342.574,1157.518,
1482339.061,,1345.693,1156.340,
1482405.719,,1345.985,1152.562,
1482472.382,,1356.531,1150.800,
1482539.038,,1348.356,1153.506,
1482605.695,,1346.319,1151.560,
1482672.353,,1354.358,1152.635,
1482739.013,,1355.390,1148.315,
1482805.676,,1346.567,1143.846,
1482872.334,,1345.290,1144.253,
1482938.993,,1341.112,1142.364,
1483005.651,,1347.909,1140.676,
1483072.308,,1350.202,1143.098,
1483138.970,,1344.412,1137.286,
1483205.627,,1345.004,1138.130,
1483272.289,,1339.605,1136.421,
1483338.942,,1342.980,1136.398,
1483405.604,,1348.042,1137.003,
1483472.261,,1348.164,1135.321,
1483538.920,,1346.580,1134.145,
1483605.578,,1345.095,1135.397,
1483672.237,,1343.598,1136.724,
1483738.901,,1349.095,1132.897,
1483805.560,,1352.309,1137.745,
1483872.217,,1353.444,1143.730,
1483938.874,,1351.776,1144.492,
1484005.532,,1358.200,1153.012,
1484072.192,,1351.077,1173.761,
1484138.851,,1350.896,1195.141,
1484205.512,,1354.787,1212.157,
1484272.170,,1355.349,1239.874,
1484338.827,,1350.196,1271.563,
1484405.488,,1346.442,1284.715,
1484472.147,,1345.741,1322.038,
1484538.806,,1347.088,1341.813,
1484605.467,,1344.192,1341.540,
1484672.120,,1348.726,1335.737,
1484738.784,,1350.346,1336.877,
1484805.443,,1351.268,1329.897,
1484872.102,,1351.261,1322.752,
1484938.760,,1351.654,1320.786,
1485005.418,,1345.455,1313.311,
1485072.077,,1346.648,1304.405,
1485138.736,,1344.822,1294.505,
1485205.394,,1337.569,1288.254,
1485272.050,,1350.682,1279.510,
1485338.712,,1353.290,1282.238,
1485405.371,,1358.175,1272.050,
1485472.032,,1354.863,1265.190,
1485538.691,,1355.117,1257.775,
1485605.347,,1353.603,1252.210,
1485672.006,,1353.052,1245.848,
1485738.668,,1354.937,1239.612,
1485805.325,,1353.020,1236.141,
1485871.980,,1345.988,1229.559,
1485938.644,,1348.252,1226.960,
1486005.304,,1347.854,1221.413,
1486071.959,,1348.430,1215.343,
1486138.622,,1343.300,1212.078,
1486205.275,,1344.266,1210.969,
1486271.936,,1345.386,1211.127,
1486338.595,,1345.870,1210.055,
1486405.252,,1349.163,1206.475,
1486471.914,,1350.679,1206.184,
1486538.574,,1350.506,1203.006,
1486605.235,,1349.642,1200.634,
1486671.890,,1348.631,1196.678,
1486738.548,,1356.409,1193.815,
1486805.208,,1350.785,1187.045,
1486871.870,,1350.766,1187.693,
1486938.526,,1348.034,1183.299,
1487005.185,,1344.456,1182.810,
1487071.846,,1349.501,1180.010,
1487138.504,,1357.350,1178.369,
1487205.165,,1356.409,1180.587,
1487271.823,,1353.251,1176.732,
1487338.481,Input1*2*0,1358.783,1173.740,
1487405.135,,1350.916,1168.626,
1487471.799,Input1*2*1,1354.967,1165.592,
1487538.457,,1355.376,1166.498,
1487605.113,,1354.271,1165.897,
1487671.772,,1359.723,1161.703,
1487738.433,,1353.014,1163.785,
1487805.090,,1355.318,1157.408,
1487871.751,,1348.849,1162.759,
1487938.408,,1353.881,1167.976,
1488005.065,,1360.619,1172.943,
1488071.721,,1353.908,1170.787,
1488138.377,,1351.210,1173.569,
1488205.035,,1356.802,1173.979,
1488271.694,,1358.137,1173.926,
1488338.353,,1360.038,1173.395,
1488405.009,,1362.391,1168.873,
1488471.670,,1361.706,1166.573,
1488538.323,,1360.243,1164.910,
1488604.984,,1366.084,1163.503,
1488671.644,,1367.355,1158.812,
1488738.299,,1356.388,1150.861,
1488804.958,,1348.329,1154.844,
1488871.617,,1355.572,1153.580,
1488938.270,,1364.490,1149.616,
1489004.926,,1362.230,1147.570,
1489071.588,,1357.042,1144.006,
1489138.242,,1339.422,1141.093,
1489204.900,,1344.993,1152.096,
1489271.560,,1373.226,1149.901,
1489338.216,,1359.975,1144.756,
1489404.879,,1357.393,1144.992,
1489471.533,,1358.986,1143.790,
1489538.187,,1354.746,1146.140,
1489604.850,,1353.409,1146.070,
1489671.505,,1350.058,1148.952,
1489738.167,,1357.073,1150.934,
1489804.824,,1363.058,1151.870,
1489871.482,,1356.568,1148.904,
1489938.136,,1362.247,1150.037,
1490004.793,,1361.662,1147.776,
1490071.453,,1357.155,1141.077,
1490138.107,,1357.300,1140.625,
1490204.768,,1357.181,1138.034,
1490271.428,,1350.348,1137.857,
1490338.080,,1347.054,1134.505,
1490404.739,,1344.098,1134.691,
1490471.402,,1351.921,1133.919,
1490538.057,,1348.420,1134.777,
1490604.715,,1348.655,1138.425,
1490671.371,,1346.911,1134.297,
1490738.032,,1350.962,1134.270,
1490804.690,,1344.271,1138.448,
1490871.348,,1345.775,1139.266,
1490938.000,,1351.650,1138.647,
1491004.659,,1347.103,1132.255,
1491071.316,,1346.767,1140.438,
1491137.973,,1362.665,1141.087,
1491204.634,,1357.714,1144.006,
1491271.290,,1356.290,1133.322,
1491337.948,,1361.610,1144.188,
1491404.608,,1366.694,1144.098,
1491471.265,,1361.573,1144.820,
1491537.922,,1361.667,1146.622,
1491604.582,,1373.838,1144.016,
1491671.238,,1360.475,1140.208,
1491737.894,,1352.046,1134.283,
1491804.549,,1346.215,1133.474,
1491871.210,,1345.083,1129.506,
1491937.869,,1346.025,1136.759,
1492004.526,,1366.954,1136.872,
1492071.182,,1366.683,1133.029,
1492137.843,,1361.277,1129.470,
1492204.502,,1355.757,1129.105,
1492271.158,,1354.161,1130.267,
1492337.813,,1345.323,1129.408,
1492404.469,,1347.617,1128.671,
1492471.128,,1355.855,1140.528,
1492537.785,,1352.152,1155.296,
1492604.442,,1354.187,1159.473,
1492671.101,,1349.919,1169.452,
1492737.760,,1346.264,1162.382,
1492804.418,,1354.023,1162.219,
1492871.075,,1350.984,1164.010,
1492937.730,,1352.465,1165.396,
1493004.391,,1356.330,1166.851,
1493071.050,,1357.523,1162.337,
1493137.703,,1358.449,1163.048,
1493204.367,,1352.831,1167.013,
1493271.020,,1355.514,1172.834,
1493337.678,,1349.405,1175.851,
1493404.340,,1352.804,1176.875,
1493470.998,,1353.531,1180.125,
1493537.651,,1354.413,1187.420,
1493604.313,,1358.065,1185.958,
1493670.971,,1356.710,1184.789,
1493737.628,,1355.982,1183.569,
1493804.280,,1357.554,1187.295,
1493870.939,,1352.083,1185.329,
1493937.596,,1353.119,1190.707,
1494004.253,,1351.246,1191.304,
1494070.917,,1356.102,1189.216,
1494137.568,,1350.003,1185.760,
1494204.233,,1350.705,1184.495,
1494270.886,,1360.481,1180.108,
1494337.542,,1356.146,1175.945,
1494404.201,,1344.967,1169.151,
1494470.860,,1348.111,1167.708,
1494537.519,,1346.870,1170.637,
1494604.178,,1347.578,1169.983,
1494670.834,,1355.818,1167.920,
1494737.490,,1356.972,1164.745,
1494804.148,,1357.632,1164.964,
1494870.804,,1354.703,1163.126,
1494937.466,,1355.969,1165.865,
1495004.123,,1352.892,1162.076,
1495070.776,,1359.656,1164.362,
1495137.437,,1359.102,1165.155,
1495204.094,,1358.177,1163.905,
1495270.754,,1353.755,1159.149,
1495337.411,,1351.933,1158.717,
1495404.066,,1350.575,1155.850,
1495470.726,,1349.911,1155.461,
1495537.384,,1352.554,1157.789,
1495604.043,,1354.346,1156.354,
1495670.696,,1356.578,1155.846,
1495737.358,,1355.422,1157.504,
1495804.011,,1356.126,1154.690,
1495870.669,,1360.312,1153.450,
1495937.330,,1363.342,1155.930,
1496003.988,,1366.964,1151.403,
1496070.646,,1367.788,1151.840,
1496137.307,,1361.803,1150.416,
1496203.964,,1360.995,1149.451,
1496270.619,,1363.001,1151.275,
1496337.280,,1359.458,1152.386,
1496403.938,,1365.042,1152.191,
1496470.596,,1368.285,1152.040,
1496537.250,,1372.367,1155.556,
1496603.907,,1373.475,1155.279,
1496670.570,,1375.639,1155.041,
1496737.223,,1373.327,1154.275,
1496803.884,,1376.559,1154.691,
1496870.542,,1376.250,1154.534,
1496937.202,,1379.043,1155.535,
1497003.857,,1378.973,1148.489,
1497070.512,,1370.899,1144.394,
1497137.172,,1369.791,1147.314,
1497203.834,,1369.721,1150.166,
1497270.487,,1373.007,1149.322,
1497337.148,,1370.604,1145.291,
1497403.803,,1369.575,1148.314,
1497470.460,,1378.184,1146.371,
1497537.119,,1375.573,1137.883,
1497603.777,,1370.778,1137.552,
1497670.435,,1359.442,1137.301,
1497737.091,,1369.431,1138.293,
1497803.752,,1366.574,1138.457,
1497870.408,,1367.816,1140.101,
1497937.070,,1369.524,1139.525,
1498003.727,,1364.167,1141.922,
1498070.384,,1364.100,1140.976,
1498137.043,,1364.944,1139.597,
1498203.696,,1369.012,1139.942,
1498270.354,,1372.094,1143.256,
1498337.012,,1368.253,1142.295,
1498403.670,,1368.496,1143.464,
1498470.334,,1367.193,1143.468,
1498536.989,,1373.453,1144.257,
1498603.648,,1380.163,1142.120,
1498670.303,,1366.748,1143.186,
1498736.962,,1366.841,1143.007,
1498803.619,,1364.119,1143.335,
1498870.277,,1364.194,1143.919,
1498936.938,,1366.157,1140.954,
1499003.594,,1361.105,1138.286,
1499070.252,,1360.644,1139.803,
1499136.912,,1358.563,1140.810,
1499203.568,,1367.292,1141.225,
1499270.223,,1368.621,1143.600,
1499336.882,,1369.282,1147.658,
1499403.539,,1369.306,1151.290,
1499470.203,,1370.532,1149.404,
1499536.855,,1368.474,1160.877,
1499603.517,,1369.644,1169.064,
1499670.176,,1362.017,1172.782,
1499736.831,,1364.715,1182.421,
1499803.492,,1358.903,1188.607,
1499870.149,,1365.650,1212.522,
1499936.802,,1362.700,1249.856,
1500003.460,,1356.200,1260.869,
1500070.121,,1357.865,1265.215,
1500136.777,,1355.509,1272.666,
1500203.435,,1353.631,1274.387,
1500270.092,,1360.126,1269.887,
1500336.750,,1355.288,1263.643,
1500403.412,,1354.397,1254.872,
1500470.071,,1353.741,1251.468,
1500536.728,,1355.090,1241.502,
1500603.385,,1352.292,1238.911,
1500670.043,,1350.725,1232.622,
1500736.697,,1351.361,1226.338,
1500803.359,,1349.177,1223.143,
1500870.016,,1359.131,1219.796,
1500936.675,,1356.324,1218.286,
1501003.331,,1357.536,1213.728,
1501069.987,,1357.844,1210.783,
1501136.646,,1359.531,1207.660,
1501203.305,,1361.393,1205.976,
1501269.961,,1364.078,1200.423,
1501336.622,,1363.196,1200.554,
1501403.279,,1362.416,1195.319,
1501469.937,,1361.208,1195.103,
1501536.593,,1359.616,1190.238,
1501603.252,,1368.636,1189.240,
1501669.911,,1366.640,1186.874,
1501736.569,,1368.738,1184.939,
1501803.228,,1362.587,1182.602,
1501869.887,,1366.365,1180.345,
1501936.540,,1364.207,1177.726,
1502003.203,,1362.101,1175.430,
1502069.861,,1357.815,1170.741,
1502136.519,,1350.904,1169.592,
1502203.173,,1359.573,1169.262,
1502269.835,,1369.311,1172.487,
1502336.491,,1371.860,1171.413,
1502403.146,,1367.824,1169.227,
1502469.804,,1375.142,1169.821,
1502536.461,,1370.606,1163.655,
1502603.124,,1372.189,1162.902,
1502669.781,,1367.124,1162.876,
1502736.440,,1368.698,1157.203,
1502803.094,,1367.050,1153.018,
1502869.753,,1364.311,1153.233,
1502936.414,,1362.233,1154.960,
1503003.070,,1370.560,1151.447,
1503069.725,,1362.188,1148.794,
1503136.387,,1361.501,1147.687,
1503203.042,,1363.864,1148.332,
1503269.698,,1369.802,1147.394,
1503336.355,,1372.154,1147.023,
1503403.017,,1365.908,1148.556,
1503469.672,,1366.233,1147.055,
1503536.330,,1370.299,1147.432,
1503602.987,,1368.314,1146.130,
1503669.648,,1366.916,1142.795,
1503736.305,,1359.785,1139.307,
1503802.966,,1357.974,1138.557,
1503869.621,,1364.379,1141.761,
1503936.279,,1366.257,1143.533,
1504002.936,,1366.021,1143.477,
1504069.596,,1368.268,1144.108,
1504136.252,,1367.472,1141.711,
1504202.913,,1369.738,1141.275,
1504269.572,,1366.452,1139.889,
1504336.226,,1363.386,1139.437,
1504402.888,,1366.267,1140.080,
1504469.541,,1367.031,1141.527,
1504536.206,,1363.985,1136.224,
1504602.861,,1351.573,1136.063,
1504669.519,,1357.083,1132.161,
1504736.175,,1348.638,1134.396,
1504802.838,,1349.243,1136.061,
1504869.491,,1345.799,1135.271,
1504936.150,,1348.832,1136.188,
1505002.805,,1346.752,1136.431,
1505069.467,,1373.819,1142.382,
1505136.122,,1364.494,1143.868,
1505202.770,,1362.068,1137.061,
1505269.443,,1356.590,1140.012,
1505336.096,,1363.483,1137.899,
1505402.758,,1362.101,1135.321,
1505469.415,,1356.723,1135.138,
1505536.072,,1358.610,1141.095,
1505602.729,,1367.169,1147.732,
1505669.387,,1366.486,1147.378,
1505736.047,,1362.274,1145.236,
1505802.703,,1359.149,1142.043,
1505869.362,,1354.454,1142.680,
1505936.020,,1358.401,1144.189,
1506002.682,,1357.815,1143.114,
1506069.338,,1361.140,1143.280,
1506135.993,,1356.861,1144.793,
1506202.651,,1348.927,1136.560,
1506269.309,,1349.452,1137.806,
1506335.969,,1351.059,1138.030,
1506402.626,,1352.300,1136.712,
1506469.287,,1342.868,1128.168,
1506535.940,,1331.001,1128.199,
1506602.602,,1345.122,1131.374,
1506669.257,,1350.870,1127.810,
1506735.917,,1344.334,1130.154,
1506802.577,,1335.150,1128.896,
1506869.235,,1338.444,1127.571,
1506935.892,,1342.057,1125.488,
1507002.550,,1343.628,1131.141,
1507069.203,,1344.238,1132.302,
1507135.867,,1357.340,1133.293,
1507202.521,,1353.398,1134.447,
1507269.181,,1358.708,1132.231,
1507335.836,,1343.983,1133.911,
1507402.494,,1355.825,1141.815,
1507469.158,,1349.752,1142.058,
1507535.814,,1350.938,1144.202,
1507602.474,,1344.489,1146.431,
1507669.130,,1343.138,1148.900,
1507735.790,,1351.993,1147.111,
1507802.446,,1341.402,1145.327,
1507869.101,,1353.619,1145.091,
1507935.761,,1346.559,1142.206,
1508002.420,,1339.055,1146.217,
1508069.077,,1349.796,1146.694,
1508135.737,,1350.419,1153.680,
1508202.390,,1355.424,1162.302,
1508269.051,,1353.463,1163.279,
1508335.706,,1356.360,1167.255,
1508402.369,,1352.798,1166.809,
1508469.024,,1353.887,1162.958,
1508535.686,,1355.636,1162.154,
1508602.342,,1353.636,1162.756,
1508669.000,,1354.925,1162.373,
1508735.655,,1361.147,1159.165,
1508802.313,,1357.518,1157.879,
1508868.971,,1353.827,1154.303,
1508935.629,,1354.123,1152.327,
1509002.290,,1349.787,1153.473,
1509068.948,,1360.939,1152.773,
1509135.607,,1356.731,1147.772,
1509202.262,,1354.168,1147.768,
1509268.917,,1353.560,1146.961,
1509335.581,,1354.032,1148.813,
1509402.234,,1352.823,1147.406,
1509468.891,,1350.973,1147.797,
1509535.552,,1350.958,1145.968,
1509602.207,,1355.892,1146.136,
1509668.871,,1356.725,1147.608,
1509735.526,,1356.513,1144.247,
1509802.187,,1357.268,1142.951,
1509868.840,,1357.029,1140.879,
1509935.499,,1352.285,1143.561,
1510002.159,,1354.767,1141.100,
1510068.817,,1359.244,1139.147,
1510135.478,,1356.512,1138.668,
1510202.130,,1358.068,1137.658,
1510268.790,,1357.796,1137.040,
1510335.448,,1359.010,1134.562,
1510402.104,,1356.209,1133.575,
1510468.768,,1358.883,1133.585,
1510535.419,,1362.620,1136.689,
1510602.081,,1364.511,1134.593,
1510668.736,,1368.416,1135.928,
1510735.395,,1360.661,1132.237,
1510802.057,,1357.201,1132.118,
1510868.712,,1358.556,1132.352,
1510935.374,,1351.486,1135.463,
1511002.026,,1356.306,1149.587,
1511068.688,,1350.192,1151.820,
1511135.347,,1338.802,1162.731,
1511202.000,,1341.752,1167.829,
1511268.662,,1339.142,1165.670,
1511335.317,,1338.552,1163.949,
1511401.975,,1338.184,1161.033,
1511468.633,,1357.091,1165.620,
1511535.291,,1343.624,1164.182,
1511601.953,,1351.860,1164.781,
1511668.611,,1340.816,1161.967,
1511735.270,,1336.199,1163.016,
1511801.926,,1349.575,1161.857,
1511868.580,,1346.246,1160.948,
1511935.243,,1352.724,1165.378,
1512001.901,,1342.480,1161.815,
1512068.559,,1350.610,1165.192,
1512135.220,,1342.980,1164.787,
1512201.876,,1341.011,1160.590,
1512268.537,,1336.957,1162.309,
1512335.190,,1347.574,1158.063,
1512401.853,,1342.105,1156.503,
1512468.508,,1343.931,1156.157,
1512535.165,,1357.500,1153.740,
1512601.824,,1342.874,1151.222,
1512668.485,,1336.928,1149.456,
1512735.144,,1343.404,1149.001,
1512801.800,,1343.831,1150.319,
1512868.462,,1338.484,1147.710,
1512935.118,,1341.653,1149.148,
1513001.777,,1348.094,1146.850,
1513068.438,,1342.160,1145.806,
1513135.093,,1339.526,1148.142,
1513201.748,,1338.248,1146.472,
1513268.412,,1343.135,1152.964,
1513335.071,,1346.214,1158.813,
1513401.725,,1348.886,1155.192,
1513468.386,,1338.121,1151.470,
1513535.042,,1333.021,1152.880,
1513601.703,,1335.345,1150.431,
1513668.358,,1342.846,1148.564,
1513735.021,,1345.005,1149.066,
1513801.672,,1354.294,1155.120,
1513868.335,,1348.842,1152.869,
1513934.997,,1349.030,1147.292,
1514001.656,,1341.903,1152.773,
1514068.312,,1340.382,1163.797,
1514134.968,,1349.280,1167.600,
1514201.625,,1357.177,1176.647,
1514268.284,,1357.793,1178.837,
1514334.942,,1360.775,1180.473,
1514401.601,,1362.436,1176.026,
1514468.259,,1357.889,1172.241,
1514534.918,,1356.101,1171.727,
1514601.576,,1356.339,1181.993,
1514668.236,,1365.844,1189.559,
1514734.893,,1348.799,1205.174,
1514801.553,,1354.089,1220.751,
1514868.215,,1361.049,1225.615,
1514934.870,,1359.338,1230.595,
1515001.526,,1369.557,1241.533,
1515068.184,,1370.296,1237.792,
1515134.842,,1367.629,1237.233,
1515201.505,,1373.614,1237.913,
1515268.159,,1369.199,1235.078,
1515334.823,,1351.166,1226.193,
1515401.477,,1350.175,1230.603,
1515468.136,,1372.291,1227.294,
1515534.798,,1364.460,1219.417,
1515601.456,,1357.618,1212.595,
1515668.114,,1364.873,1217.166,
1515734.772,,1373.636,1212.106,
1515801.428,,1370.720,1212.211,
1515868.091,,1372.524,1206.761,
1515934.748,,1366.277,1221.633,
1516001.401,,1359.858,1232.202,
1516068.062,,1356.205,1241.500,
1516134.722,,1364.291,1247.551,
1516201.379,,1362.972,1252.088,
1516268.037,,1365.305,1249.113,
1516334.694,,1368.156,1244.891,
1516401.355,,1364.498,1235.044,
1516468.012,,1360.019,1228.599,
1516534.656,,1350.975,1212.042,
1516601.332,,1338.366,1200.714,
1516667.989,,1345.476,1199.440,
1516734.647,,1349.637,1195.557,
1516801.308,,1344.900,1200.028,
1516867.967,,1358.770,1198.337,
1516934.622,,1355.526,1196.816,
1517001.282,,1353.940,1193.715,
1517067.942,,1346.414,1190.804,
1517134.599,,1348.943,1190.681,
1517201.257,,1346.158,1189.104,
1517267.916,,1351.459,1187.569,
1517334.570,,1347.381,1183.600,
1517401.229,,1348.317,1181.404,
1517467.892,,1349.019,1178.674,
1517534.544,,1349.888,1172.839,
1517601.203,,1350.710,1169.339,
1517667.864,,1345.997,1166.888,
1517734.520,,1344.780,1161.643,
1517801.184,,1339.295,1161.182,
1517867.836,,1338.792,1155.417,
1517934.501,,1336.618,1156.506,
1518001.156,,1342.671,1154.051,
1518067.812,,1340.461,1152.828,
1518134.471,,1340.666,1153.931,
1518201.133,,1343.208,1150.240,
1518267.791,,1343.832,1148.734,
1518334.445,,1340.534,1150.551,
1518401.106,,1339.362,1148.128,
1518467.767,,1346.335,1149.377,
1518534.424,,1352.205,1153.894,
1518601.084,,1345.684,1152.904,
1518667.739,,1343.809,1145.378,
1518734.397,,1346.473,1146.112,
1518801.055,,1345.866,1150.058,
1518867.716,,1341.776,1141.095,
1518934.376,,1343.855,1141.771,
1519001.035,,1348.591,1146.972,
1519067.688,,1339.194,1161.403,
1519134.346,,1337.570,1166.488,
1519201.004,,1344.229,1166.772,
1519267.664,,1345.927,1168.789,
1519334.328,,1330.650,1169.610,
1519400.980,,1335.456,1165.897,
1519467.644,,1335.675,1164.576,
1519534.297,,1341.044,1165.557,
1519600.959,,1340.470,1160.366,
1519667.616,,1339.502,1159.331,
1519734.272,,1340.375,1155.672,
1519800.931,,1343.132,1155.682,
1519867.587,,1342.924,1154.232,
1519934.245,,1341.733,1153.042,
1520000.902,,1342.487,1147.778,
1520067.560,,1339.472,1147.616,
1520134.221,,1338.685,1144.604,
1520200.878,,1351.013,1146.508,
1520267.534,,1351.934,1145.988,
1520334.191,,1345.555,1145.577,
1520400.845,,1345.931,1147.529,
1520467.501,,1351.730,1150.391,
1520534.161,,1350.052,1151.280,
1520600.817,,1352.441,1151.254,
1520667.477,,1345.703,1149.864,
1520734.129,,1346.368,1147.838,
1520800.791,,1354.005,1148.406,
1520867.443,,1359.473,1150.211,
1520934.106,,1360.912,1148.856,
1521000.758,,1357.447,1149.422,
1521067.417,,1355.121,1149.895,
1521134.073,,1355.327,1144.473,
1521200.732,,1358.300,1147.204,
1521267.389,,1352.473,1146.491,
1521334.043,,1352.460,1144.665,
1521400.701,,1352.967,1145.175,
1521467.364,,1349.952,1149.315,
1521534.016,,1352.211,1153.868,
1521600.674,,1362.495,1162.426,
1521667.330,,1348.677,1182.559,
1521733.989,,1352.415,1220.740,
1521800.646,,1353.595,1239.705,
1521867.306,,1353.114,1243.284,
1521933.962,,1353.079,1234.686,
1522000.618,,1360.820,1231.609,
1522067.278,,1347.577,1227.718,
1522133.936,,1349.809,1217.952,
1522200.591,,1355.816,1217.645,
1522267.248,,1351.283,1212.730,
1522333.902,,1350.496,1207.010,
1522400.565,,1348.354,1203.277,
1522467.216,,1350.309,1200.199,
1522533.874,,1350.550,1199.819,
1522600.530,,1355.730,1193.872,
1522667.192,,1354.654,1190.146,
1522733.846,,1353.988,1189.705,
1522800.502,,1356.200,1183.650,
1522867.162,,1363.600,1182.616,
1522933.822,,1356.977,1179.838,
1523000.478,,1358.202,1175.126,
1523067.136,,1361.562,1174.231,
1523133.787,,1357.331,1168.914,
1523200.448,,1355.278,1168.293,
1523267.107,,1352.654,1166.591,
1523333.762,,1349.744,1167.230,
1523400.420,,1354.561,1169.185,
1523467.074,,1364.870,1168.999,
1523533.735,,1364.590,1166.498,
1523600.392,,1364.459,1164.437,
1523667.050,,1366.465,1163.557,
1523733.706,,1361.506,1166.002,
1523800.361,,1364.274,1166.896,
1523867.021,,1359.296,1165.137,
1523933.674,,1364.332,1164.698,
1524000.332,,1364.679,1163.749,
1524066.991,,1363.996,1164.432,
1524133.648,,1369.676,1167.383,
1524200.304,,1363.836,1169.823,
1524266.959,,1360.204,1169.759,
1524333.618,,1365.838,1170.922,
1524400.273,,1367.546,1169.239,
1524466.934,,1361.901,1165.984,
1524533.593,,1361.267,1162.140,
1524600.248,,1356.728,1160.023,
1524666.904,,1353.559,1157.931,
1524733.564,,1356.979,1159.182,
1524800.222,,1361.291,1156.339,
1524866.875,,1364.489,1156.044,
1524933.536,,1362.643,1158.235,
1525000.193,,1363.793,1154.889,
1525066.845,,1359.414,1154.363,
1525133.507,,1359.655,1152.227,
1525200.164,,1354.559,1151.048,
1525266.819,,1352.347,1147.478,
1525333.475,,1356.156,1150.992,
1525400.133,,1349.257,1146.384,
1525466.793,,1354.647,1148.772,
1525533.446,,1352.128,1150.623,
1525600.109,,1352.877,1151.087,
1525666.762,,1358.136,1155.523,
1525733.422,,1355.571,1157.190,
1525800.075,,1356.978,1159.431,
1525866.737,,1366.171,1162.412,
1525933.392,,1368.902,1163.718,
1526000.047,,1362.555,1161.754,
1526066.702,,1360.742,1156.840,
1526133.366,,1351.735,1157.209,
1526200.019,,1357.368,1161.324,
1526266.676,,1353.592,1162.334,
1526333.338,,1357.651,1159.863,
1526399.989,,1367.731,1159.771,
1526466.648,,1366.306,1159.387,
1526533.303,,1363.884,1158.537,
1526599.963,,1360.146,1154.776,
1526666.622,,1355.169,1154.228,
1526733.275,,1351.724,1156.848,
1526799.936,,1349.390,1157.719,
1526866.592,,1347.555,1155.856,
1526933.250,,1353.689,1154.378,
1526999.907,,1351.032,1153.012,
1527066.566,,1354.853,1149.765,
1527133.220,,1359.887,1151.059,
1527199.879,,1355.351,1152.566,
1527266.535,,1354.311,1150.913,
1527333.192,,1352.010,1151.300,
1527399.850,,1352.544,1150.706,
1527466.506,,1360.737,1150.867,
1527533.164,,1352.875,1156.588,
1527599.823,,1355.937,1154.400,
1527666.480,,1362.205,1153.210,
1527733.135,,1354.514,1151.690,
1527799.793,,1365.487,1148.559,
1527866.453,,1360.899,1149.602,
1527933.109,,1365.324,1147.309,
1527999.768,,1362.919,1150.515,
1528066.424,,1364.894,1150.983,
1528133.083,,1367.837,1153.417,
1528199.742,,1368.120,1150.381,
1528266.398,,1368.530,1150.741,
1528333.052,,1376.822,1148.975,
1528399.715,,1362.041,1142.468,
1528466.369,,1360.301,1139.956,
1528533.028,,1364.591,1137.233,
1528599.684,,1362.344,1137.407,
1528666.344,,1361.959,1135.681,
1528733.000,,1363.051,1135.185,
1528799.662,,1361.769,1133.150,
1528866.319,,1358.972,1132.876,
1528932.975,,1350.365,1128.175,
1528999.630,,1354.637,1130.181,
1529066.293,,1353.270,1128.840,
1529132.946,,1357.223,1129.312,
1529199.608,,1355.815,1132.048,
1529266.264,,1352.619,1129.157,
1529332.923,,1356.181,1125.518,
1529399.577,,1355.342,1127.534,
1529466.236,,1358.020,1128.854,
1529532.893,,1359.411,1132.159,
1529599.549,,1364.642,1135.579,
1529666.208,,1352.103,1134.554,
1529732.870,,1358.982,1135.704,
1529799.523,,1359.163,1136.054,
1529866.181,,1362.074,1136.053,
1529932.838,,1360.148,1137.933,
1529999.502,,1363.342,1142.099,
1530066.156,,1369.061,1136.973,
1530132.815,,1358.459,1136.332,
1530199.475,,1356.282,1140.147,
1530266.130,,1363.345,1140.395,
1530332.787,,1367.037,1141.223,
1530399.444,,1364.910,1144.715,
1530466.100,,1368.859,1144.649,
1530532.759,,1369.397,1148.242,
1530599.421,,1357.026,1145.371,
1530666.077,,1352.607,1144.536,
1530732.737,,1354.783,1142.808,
1530799.389,,1356.125,1144.147,
1530866.050,,1359.840,1144.495,
1530932.705,,1365.133,1144.786,
1530999.367,,1356.984,1143.985,
1531066.023,,1358.432,1145.783,
1531132.678,,1355.128,1148.533,
1531199.336,,1360.393,1149.678,
1531265.996,,1357.410,1156.162,
1531332.653,,1363.159,1156.678,
1531399.315,,1361.051,1156.253,
1531465.971,,1357.244,1156.332,
1531532.623,,1364.623,1152.708,
1531599.285,,1351.975,1149.323,
1531665.943,,1358.692,1149.184,
1531732.602,,1362.700,1150.460,
1531799.259,,1359.044,1145.986,
1531865.918,,1366.670,1151.159,
1531932.573,,1366.615,1147.150,
1531999.231,,1369.856,1144.942,
1532065.892,,1374.765,1141.226,
1532132.545,,1370.470,1140.092,
1532199.201,,1367.495,1138.358,
1532265.862,,1365.121,1139.338,
1532332.517,,1356.750,1133.837,
1532399.179,,1354.964,1131.324,
1532465.838,,1352.057,1130.045,
1532532.495,,1352.164,1132.549,
1532599.153,,1359.585,1133.487,
1532665.808,,1350.843,1130.363,
1532732.469,,1348.437,1131.762,
1532799.126,,1355.386,1135.518,
1532865.785,,1359.040,1134.104,
1532932.439,,1359.988,1133.672,
1532999.095,,1355.511,1132.092,
1533065.756,,1348.217,1131.798,
1533132.410,,1351.335,1131.531,
1533199.072,,1355.083,1133.285,
1533265.729,,1354.656,1137.878,
1533332.388,,1356.676,1142.952,
1533399.044,,1354.292,1145.005,
1533465.705,,1353.456,1143.238,
1533532.361,,1352.116,1146.097,
1533599.018,,1349.705,1148.777,
1533665.676,,1356.615,1147.893,
1533732.334,,1351.416,1147.038,
1533798.991,,1352.226,1147.491,
1533865.651,,1359.704,1145.945,
1533932.305,,1346.892,1145.605,
1533998.962,,1359.633,1143.878,
1534065.624,,1354.328,1144.375,
1534132.283,,1359.654,1142.617,
1534198.934,,1356.369,1141.847,
1534265.593,,1354.170,1136.407,
1534332.250,,1357.303,1137.061,
1534398.911,,1355.483,1136.802,
1534465.570,,1359.058,1135.394,
1534532.224,,1354.566,1132.204,
1534598.881,,1354.746,1131.891,
1534665.539,,1357.809,1131.203,
1534732.200,,1363.812,1131.411,
1534798.860,,1365.213,1131.794,
1534865.514,,1366.158,1130.443,
1534932.170,,1368.004,1132.932,
1534998.828,,1360.517,1129.021,
1535065.486,,1348.323,1126.765,
1535132.146,,1341.439,1129.572,
1535198.805,,1348.373,1135.608,
1535265.460,,1354.805,1136.510,
1535332.115,,1346.475,1131.590,
1535398.780,,1344.954,1138.726,
1535465.431,,1356.630,1138.249,
1535532.093,,1354.009,1136.558,
1535598.748,,1345.298,1137.867,
1535665.408,,1356.752,1142.939,
1535732.062,,1354.667,1141.663,
1535798.723,,1353.429,1140.556,
1535865.379,,1354.745,1137.674,
1535932.042,,1350.999,1136.608,
1535998.703,,1344.173,1131.684,
1536065.357,,1360.954,1137.561,
1536132.014,,1360.546,1136.365,
1536198.677,,1355.431,1138.970,
1536265.335,,1365.073,1137.143,
1536331.997,,1359.522,1136.752,
1536398.655,,1360.198,1132.765,
1536465.310,,1346.036,1134.523,
1536531.968,,1350.795,1131.016,
1536598.626,,1347.342,1126.751,
1536665.284,,1347.718,1140.353,
1536731.943,,1334.290,1153.100,
1536798.607,,1349.673,1154.068,
1536865.265,,1352.011,1162.604,
1536931.923,,1355.584,1163.342,
1536998.581,,1355.944,1164.993,
1537065.240,,1352.494,1164.313,
1537131.897,,1356.007,1161.014,
1537198.555,,1354.140,1161.049,
1537265.212,,1354.127,1155.033,
1537331.872,,1362.803,1153.645,
1537398.531,,1353.794,1151.889,
1537465.187,,1353.088,1148.233,
1537531.853,,1349.955,1148.127,
1537598.507,,1354.038,1143.465,
1537665.164,,1355.317,1143.390,
1537731.824,,1351.261,1142.747,
1537798.481,,1354.731,1142.917,
1537865.145,,1349.427,1141.239,
1537931.804,,1360.519,1139.402,
1537998.462,,1354.545,1139.526,
1538065.116,,1352.203,1138.692,
1538131.780,,1357.230,1137.176,
1538198.437,,1356.147,1139.337,
1538265.097,,1357.079,1138.393,
1538331.757,,1352.949,1135.767,
1538398.415,,1350.552,1133.199,
1538465.074,,1356.080,1137.888,
1538531.728,,1361.671,1134.709,
1538598.389,,1356.650,1134.119,
1538665.050,,1357.778,1131.882,
1538731.707,,1351.797,1130.706,
1538798.367,,1353.719,1133.319,
1538865.022,,1360.934,1129.991,
1538931.681,,1350.944,1132.090,
1538998.343,,1355.940,1135.354,
1539064.998,,1354.320,1132.622,
1539131.656,,1353.112,1134.573,
1539198.314,,1353.058,1129.277,
1539264.976,,1346.700,1130.618,
1539331.634,,1352.771,1130.942,
1539398.293,,1344.713,1132.462,
1539464.949,,1352.209,1131.258,
1539531.608,,1350.354,1132.798,
1539598.265,,1352.393,1133.418,
1539664.929,,1352.417,1135.137,
1539731.583,,1354.919,1133.334,
1539798.244,,1357.862,1133.209,
1539864.904,,1356.750,1131.635,
1539931.561,,1350.707,1131.702,
1539998.219,,1351.086,1130.961,
1540064.876,,1352.689,1132.110,
1540131.537,,1350.032,1131.262,
1540198.199,,1348.289,1132.270,
1540264.855,,1349.679,1134.762,
1540331.516,,1352.713,1138.497,
1540398.172,,1355.268,1137.279,
1540464.829,,1353.431,1138.712,
1540531.493,,1355.183,1133.500,
1540598.149,,1355.648,1134.646,
1540664.806,,1360.501,1133.867,
1540731.463,,1356.924,1131.928,
1540798.128,,1357.457,1129.974,
1540864.780,,1356.898,1130.866,
1540931.445,,1357.234,1131.721,
1540998.100,,1355.402,1130.605,
1541064.760,,1365.157,1130.887,
1541131.420,,1363.389,1131.736,
1541198.074,,1362.515,1130.379,
1541264.737,,1364.836,1129.719,
1541331.391,,1356.034,1128.103,
1541398.053,,1355.990,1129.465,
1541464.710,,1354.614,1130.206,
1541531.374,,1355.921,1132.086,
1541598.032,,1355.773,1132.525,
1541664.686,,1355.816,1133.963,
1541731.348,,1352.892,1135.796,
1541798.008,,1351.379,1132.174,
1541864.667,,1350.142,1134.543,
1541931.323,,1351.868,1133.388,
1541997.984,,1357.778,1133.839,
1542064.638,,1354.440,1130.631,
1542131.300,,1359.048,1130.712,
1542197.956,,1358.727,1129.790,
1542264.616,,1356.774,1132.951,
1542331.275,,1357.794,1133.967,
1542397.931,,1358.884,1130.864,
1542464.594,,1359.361,1133.751,
1542531.248,,1352.293,1137.702,
1542597.909,,1348.493,1135.461,
1542664.567,,1353.551,1140.664,
1542731.227,,1351.355,1147.767,
1542797.883,,1353.645,1145.074,
1542864.543,,1356.793,1147.667,
1542931.204,,1351.959,1145.589,
1542997.859,,1357.024,1147.045,
1543064.520,,1353.842,1145.625,
1543131.180,,1352.957,1144.682,
1543197.834,,1353.895,1142.855,
1543264.498,,1354.383,1144.139,
1543331.152,,1354.062,1142.591,
1543397.810,,1353.541,1144.477,
1543464.469,,1354.427,1144.023,
1543531.130,,1354.591,1144.068,
1543597.790,,1356.290,1143.613,
1543664.449,,1356.176,1149.184,
1543731.107,,1357.958,1149.891,
1543797.764,,1357.855,1149.518,
1543864.419,,1356.131,1145.682,
1543931.082,,1356.750,1150.838,
1543997.735,,1355.437,1151.756,
1544064.396,,1354.933,1159.047,
1544131.052,,1357.709,1159.002,
1544197.711,,1357.395,1157.648,
1544264.365,,1361.815,1155.828,
1544331.027,,1358.994,1154.235,
1544397.680,,1360.869,1157.864,
1544464.343,,1357.755,1165.947,
1544531.000,,1356.656,1166.362,
1544597.652,,1358.811,1168.760,
1544664.314,,1365.683,1170.603,
1544730.969,,1361.686,1164.418,
1544797.631,,1359.617,1159.268,
1544864.284,,1354.687,1160.888,
1544930.944,,1360.411,1156.032,
1544997.603,,1360.647,1152.554,
1545064.255,,1358.564,1151.351,
1545130.918,,1356.332,1147.459,
1545197.576,,1361.575,1145.024,
1545264.227,,1360.456,1147.250,
1545330.887,,1357.136,1144.263,
1545397.547,,1363.982,1146.191,
1545464.203,,1370.888,1143.203,
1545530.862,,1364.065,1146.600,
1545597.517,,1372.224,1146.865,
1545664.175,,1370.405,1143.032,
1545730.834,,1368.264,1144.613,
1545797.491,,1366.488,1141.609,
1545864.146,,1366.414,1142.118,
1545930.805,,1370.991,1143.979,
1545997.464,,1367.639,1144.564,
1546064.123,,1367.670,1141.966,
1546130.778,,1367.227,1140.251,
1546197.437,,1363.667,1139.351,
1546264.093,,1359.618,1136.088,
1546330.749,,1360.058,1135.765,
1546397.408,,1353.154,1136.511,
1546464.064,,1354.958,1132.585,
1546530.724,,1352.068,1133.444,
1546597.385,,1350.229,1131.193,
1546664.040,,1352.370,1141.363,
1546730.698,,1362.047,1143.673,
1546797.357,,1358.049,1143.871,
1546864.010,,1355.968,1146.825,
1546930.671,,1356.199,1149.811,
1546997.329,,1359.717,1148.854,
1547063.982,,1363.959,1149.468,
1547130.641,,1358.571,1152.639,
1547197.299,,1355.120,1155.843,
1547263.957,,1357.047,1155.119,
1547330.612,,1358.051,1153.632,
1547397.269,,1356.236,1158.908,
1547463.930,,1357.309,1159.919,
1547530.588,,1359.714,1159.273,
1547597.243,,1360.203,1154.124,
1547663.901,,1358.334,1150.084,
1547730.559,,1353.895,1145.752,
1547797.219,,1354.904,1144.633,
1547863.874,,1356.112,1144.532,
1547930.535,,1356.351,1142.125,
1547997.193,,1358.915,1138.348,
1548063.849,,1357.112,1139.012,
1548130.503,,1351.109,1134.948,
1548197.165,,1350.288,1133.671,
1548263.823,,1348.087,1130.391,
1548330.477,,1348.740,1130.183,
1548397.133,,1345.144,1131.793,
1548463.797,,1349.036,1130.162,
1548530.452,,1346.304,1129.498,
1548597.108,,1351.825,1131.439,
1548663.770,,1353.287,1135.681,
1548730.426,,1354.782,1136.923,
1548797.081,,1354.917,1135.521,
1548863.738,,1358.933,1138.595,
1548930.395,,1354.754,1136.727,
1548997.053,,1358.302,1133.798,
1549063.707,,1354.146,1137.378,
1549130.372,,1359.692,1139.020,
1549197.030,,1363.154,1140.456,
1549263.686,,1365.473,1138.516,
1549330.340,,1361.829,1138.319,
1549397.003,,1361.920,1138.220,
1549463.660,,1359.183,1137.112,
1549530.318,,1363.139,1138.401,
1549596.970,,1363.075,1138.546,
1549663.632,,1370.355,1138.019,
1549730.285,,1368.951,1139.125,
1549796.943,,1364.819,1138.100,
1549863.602,,1366.213,1135.418,
1549930.258,,1363.502,1137.130,
1549996.921,,1365.469,1137.299,
1550063.574,,1360.885,1134.009,
1550130.236,,1358.267,1132.088,
1550196.893,,1363.186,1132.568,
1550263.547,,1363.888,1134.001,
1550330.191,,1363.662,1131.145,
1550396.862,,1364.924,1133.771,
1550463.523,,1366.075,1131.966,
1550530.178,,1362.509,1129.902,
1550596.839,,1357.420,1126.971,
1550663.491,,1356.048,1127.492,
1550730.149,,1357.713,1130.377,
1550796.811,,1353.009,1131.620,
1550863.465,,1347.334,1132.227,
1550930.126,,1347.055,1140.247,
1550996.779,,1350.155,1141.195,
1551063.441,,1352.777,1140.680,
1551130.100,,1356.795,1142.016,
1551196.754,,1356.428,1153.511,
1551263.411,,1357.983,1164.518,
1551330.066,,1357.569,1169.606,
1551396.730,,1362.419,1171.416,
1551463.381,,1362.353,1168.698,
1551530.042,,1364.774,1167.097,
1551596.697,,1356.186,1165.567,
1551663.355,,1356.978,1161.649,
1551730.016,,1358.467,1161.666,
1551796.670,,1350.528,1169.144,
1551863.329,,1346.106,1180.623,
1551929.989,,1348.047,1202.215,
1551996.650,,1341.232,1206.256,
1552063.305,,1345.759,1203.686,
1552129.967,,1344.255,1202.860,
1552196.624,,1348.059,1206.983,
1552263.282,,1347.084,1209.653,
1552329.940,,1345.387,1205.309,
1552396.599,,1346.151,1201.186,
1552463.255,,1343.532,1203.749,
1552529.916,,1347.772,1200.697,
1552596.577,,1348.281,1196.465,
1552663.232,,1351.637,1193.860,
1552729.892,,1362.352,1189.041,
1552796.547,,1358.449,1187.802,
1552863.205,,1358.117,1183.866,
1552929.863,,1360.699,1177.179,
1552996.523,,1351.588,1174.307,
1553063.185,,1349.549,1173.054,
1553129.843,,1344.361,1172.662,
1553196.502,,1344.438,1169.916,
1553263.157,,1346.892,1168.725,
1553329.818,,1342.694,1167.677,
1553396.471,,1343.399,1184.808,
1553463.132,,1339.460,1196.279,
1553529.789,,1340.907,1205.046,
1553596.447,,1344.249,1212.933,
1553663.110,,1343.617,1207.333,
1553729.765,,1352.005,1205.348,
1553796.422,,1349.874,1204.757,
1553863.082,,1356.657,1200.167,
1553929.742,,1355.919,1197.830,
1553996.396,,1355.094,1188.601,
1554063.057,,1354.081,1189.109,
1554129.716,,1360.496,1185.183,
1554196.375,,1363.812,1178.924,
1554263.030,,1350.856,1176.753,
1554329.694,,1354.303,1176.272,
1554396.349,,1357.873,1175.106,
1554463.005,,1364.451,1172.515,
1554529.665,,1365.707,1167.947,
1554596.326,,1360.968,1164.352,
1554662.985,,1352.206,1157.778,
1554729.642,,1350.387,1158.574,
1554796.300,,1348.457,1156.438,
1554862.957,,1350.853,1153.571,
1554929.613,,1348.412,1152.407,
1554996.272,,1346.206,1152.189,
1555062.930,,1343.009,1146.776,
1555129.592,,1340.205,1143.791,
1555196.253,,1344.682,1141.144,
1555262.906,,1345.376,1147.752,
1555329.569,,1343.175,1145.591,
1555396.226,,1343.776,1143.887,
1555462.883,,1338.529,1145.879,
1555529.540,,1345.779,1145.123,
1555596.197,,1348.288,1149.303,
1555662.857,,1347.116,1151.463,
1555729.518,,1351.967,1151.163,
1555796.173,,1351.335,1150.486,
1555862.837,,1350.583,1154.919,
1555929.493,,1358.938,1154.511,
1555996.148,,1363.335,1154.163,
1556062.812,,1364.728,1154.835,
1556129.466,,1369.925,1156.166,
1556196.123,,1370.893,1157.878,
1556262.783,,1369.693,1156.980,
1556329.442,,1372.257,1157.469,
1556396.101,,1366.646,1156.323,
1556462.761,,1362.849,1161.663,
1556529.416,,1363.333,1165.323,
1556596.079,,1362.093,1165.578,
1556662.736,,1355.957,1166.906,
1556729.391,,1352.506,1171.506,
1556796.049,,1350.941,1174.531,
1556862.713,,1354.528,1174.488,
1556929.365,,1350.563,1173.153,
1556996.025,,1344.954,1166.256,
1557062.685,,1348.459,1164.690,
1557129.345,,1344.832,1164.279,
1557195.998,,1339.854,1159.957,
1557262.657,,1340.365,1157.148,
1557329.321,,1343.231,1157.745,
1557395.977,,1345.748,1154.566,
1557462.637,,1346.584,1153.316,
1557529.291,,1352.390,1152.807,
1557595.952,,1359.472,1149.398,
1557662.611,,1355.105,1147.813,
1557729.269,,1353.923,1146.991,
1557795.925,,1352.503,1143.665,
1557862.585,,1350.530,1144.117,
1557929.245,,1348.939,1143.772,
1557995.904,,1351.975,1144.992,
1558062.561,,1353.522,1142.128,
1558129.220,,1348.104,1139.574,
1558195.874,,1350.886,1142.770,
1558262.536,,1354.355,1144.188,
1558329.193,,1346.733,1145.471,
1558395.849,,1350.839,1145.900,
1558462.511,,1349.890,1143.706,
1558529.166,,1345.835,1145.129,
1558595.825,,1351.481,1149.911,
1558662.484,,1347.550,1152.344,
1558729.146,,1355.078,1152.930,
1558795.804,,1355.019,1152.864,
1558862.458,,1358.637,1149.760,
1558929.121,,1357.821,1146.267,
1558995.781,,1355.126,1143.816,
1559062.439,,1353.286,1143.288,
1559129.092,,1351.691,1144.830,
1559195.753,,1350.956,1141.883,
1559262.410,,1355.886,1141.564,
1559329.071,,1352.270,1139.980,
1559395.727,,1349.937,1135.549,
1559462.387,,1344.257,1138.207,
1559529.045,,1346.718,1139.412,
1559595.704,,1341.369,1139.359,
1559662.360,,1339.364,1138.999,
1559729.022,,1343.693,1137.766,
1559795.677,,1343.360,1139.197,
1559862.336,,1343.901,1136.323,
1559928.992,,1341.046,1133.126,
1559995.645,,1340.978,1132.574,
1560062.303,,1338.049,1130.816,
1560128.960,,1338.110,1130.301,
1560195.619,,1345.352,1128.838,
1560262.279,,1343.534,1129.973,
1560328.933,,1345.096,1127.536,
1560395.595,,1343.037,1126.837,
1560462.248,,1346.499,1127.725,
1560528.906,,1341.048,1129.496,
1560595.564,,1343.420,1131.021,
1560662.219,,1346.784,1132.972,
1560728.881,,1349.166,1134.484,
1560795.532,,1351.614,1134.773,
1560862.193,,1346.993,1136.424,
1560928.849,,1347.199,1134.267,
1560995.504,,1342.243,1133.807,
1561062.167,,1343.494,1136.606,
1561128.824,,1350.314,1142.748,
1561195.480,,1353.233,1144.186,
1561262.135,,1354.798,1148.732,
1561328.794,,1349.764,1146.598,
1561395.447,,1352.653,1145.029,
1561462.109,,1345.942,1150.167,
1561528.763,,1351.900,1147.510,
1561595.423,,1351.357,1145.411,
1561662.077,,1342.691,1148.206,
1561728.735,,1348.341,1146.226,
1561795.391,,1347.410,1145.097,
1561862.053,,1350.127,1146.936,
1561928.705,,1347.951,1147.409,
1561995.368,,1353.419,1146.445,
1562062.022,,1347.000,1143.245,
1562128.680,,1339.490,1142.864,
1562195.337,,1341.453,1139.330,
1562261.990,,1351.379,1141.251,
1562328.651,,1348.217,1143.687,
1562395.307,,1344.594,1141.055,
1562461.965,,1350.429,1139.166,
1562528.619,,1354.375,1139.951,
1562595.279,,1354.036,1140.562,
1562661.938,,1351.886,1138.186,
1562728.596,,1355.143,1137.530,
1562795.251,,1352.106,1139.546,
1562861.906,,1351.075,1143.810,
1562928.564,,1352.130,1140.974,
1562995.220,,1354.428,1136.127,
1563061.880,,1353.884,1137.151,
1563128.534,,1343.504,1131.838,
1563195.197,,1343.162,1127.709,
1563261.852,,1342.244,1130.431,
1563328.510,,1343.067,1134.443,
1563395.163,,1339.727,1126.686,
1563461.819,,1334.028,1128.380,
1563528.478,,1335.976,1125.237,
1563595.137,,1340.567,1125.713,
1563661.793,,1338.159,1124.391,
1563728.451,,1340.715,1126.843,
1563795.112,,1338.255,1128.531,
1563861.763,,1340.609,1129.218,
1563928.422,,1346.549,1130.490,
1563995.078,,1346.405,1131.822,
1564061.736,,1349.697,1131.085,
1564128.392,,1346.984,1128.049,
1564195.051,,1344.806,1131.682,
1564261.706,,1344.798,1131.378,
1564328.368,,1343.929,1126.535,
1564395.024,,1339.192,1128.621,
1564461.683,,1345.271,1134.592,
1564528.334,,1347.417,1133.329,
1564594.995,,1352.077,1132.758,
1564661.650,,1348.778,1132.139,
1564728.306,,1349.466,1129.749,
1564794.970,,1354.520,1130.511,
1564861.623,,1360.069,1133.720,
1564928.278,,1365.375,1132.274,
1564994.935,,1371.919,1132.285,
1565061.593,,1366.887,1130.454,
1565128.254,,1367.458,1131.852,
1565194.908,,1368.843,1133.983,
1565261.570,,1370.491,1134.303,
1565328.227,,1370.414,1133.176,
1565394.883,,1370.061,1137.180,
1565461.541,,1368.524,1134.663,
1565528.193,,1364.499,1133.296,
1565594.854,,1366.414,1130.118,
1565661.508,,1362.318,1127.350,
1565728.167,,1358.637,1125.626,
1565794.822,,1352.140,1120.773,
1565861.485,,1344.065,1121.645,
1565928.139,,1340.813,1122.058,
1565994.799,,1342.123,1122.048,
1566061.452,,1346.109,1136.120,
1566128.111,,1353.476,1136.606,
1566194.765,,1360.564,1141.907,
1566261.423,,1364.200,1146.373,
1566328.080,,1364.446,1148.997,
1566394.739,,1361.272,1147.962,
1566461.396,,1357.485,1145.306,
1566528.052,,1352.452,1144.034,
1566594.712,,1351.268,1143.454,
1566661.368,,1357.049,1145.173,
1566728.026,,1360.136,1148.867,
1566794.680,,1357.843,1147.559,
1566861.340,,1357.139,1145.952,
1566927.998,,1358.775,1143.517,
1566994.653,,1355.581,1142.660,
1567061.311,,1358.416,1144.644,
1567127.967,,1366.654,1147.962,
1567194.628,,1367.275,1144.080,
1567261.285,,1359.350,1146.079,
1567327.942,,1359.255,1147.378,
1567394.600,,1357.645,1141.695,
1567461.252,,1357.241,1142.988,
1567527.910,,1357.487,1147.933,
1567594.569,,1360.241,1151.997,
1567661.223,,1360.109,1150.372,
1567727.881,,1363.985,1147.768,
1567794.543,,1358.212,1148.448,
1567861.202,,1353.816,1156.160,
1567927.860,,1362.177,1149.794,
1567994.519,,1358.953,1145.527,
1568061.173,,1358.540,1152.473,
1568127.837,,1364.502,1151.321,
1568194.495,,1370.203,1150.701,
1568261.151,,1360.589,1151.210,
1568327.809,,1367.284,1153.492,
1568394.469,,1361.772,1145.580,
1568461.126,,1363.019,1150.542,
1568527.788,,1357.835,1152.739,
1568594.445,,1377.668,1153.479,
1568661.101,,1373.644,1151.678,
1568727.760,,1369.781,1154.822,
1568794.421,,1379.328,1150.945,
1568861.077,,1366.242,1147.062,
1568927.740,,1358.393,1143.922,
1568994.394,,1356.533,1149.246,
1569061.058,,1362.552,1152.998,
1569127.718,,1358.082,1156.919,
1569194.376,,1359.847,1157.461,
1569261.032,,1361.436,1158.865,
1569327.688,,1357.415,1155.893,
1569394.346,,1349.326,1152.200,
1569461.008,,1343.871,1152.678,
1569527.668,,1355.519,1155.456,
1569594.325,,1358.107,1152.437,
1569660.984,,1360.069,1148.625,
1569727.642,,1359.195,1147.677,
1569794.302,,1358.786,1148.277,
1569860.956,,1356.682,1143.566,
1569927.618,,1357.774,1142.769,
1569994.279,,1361.674,1144.942,
1570060.937,,1364.167,1142.963,
1570127.595,,1362.023,1138.772,
1570194.250,,1353.681,1137.641,
1570260.911,,1346.013,1136.803,
1570327.568,,1341.712,1136.087,
1570394.229,,1347.164,1135.716,
1570460.886,,1348.933,1134.168,
1570527.549,,1354.133,1140.849,
1570594.205,,1355.212,1150.276,
1570660.866,,1356.646,1156.141,
1570727.520,,1363.019,1166.729,
1570794.183,,1359.917,1171.054,
1570860.838,,1356.843,1166.829,
1570927.497,,1351.164,1169.143,
1570994.159,,1359.402,1167.361,
1571060.817,,1363.247,1165.073,
1571127.471,,1356.922,1165.618,
1571194.131,,1356.818,1163.978,
1571260.794,,1355.271,1162.232,
1571327.448,,1365.011,1164.316,
1571394.110,,1367.490,1159.257,
1571460.768,,1357.856,1153.382,
1571527.426,,1360.104,1155.515,
1571594.086,,1362.465,1157.250,
1571660.741,,1362.250,1153.584,
1571727.404,,1354.849,1151.430,
1571794.060,,1348.529,1154.474,
1571860.716,,1352.468,1154.944,
1571927.377,,1362.421,1155.119,
1571994.034,,1357.817,1155.374,
1572060.693,,1358.317,1155.966,
1572127.354,,1359.419,1154.210,
1572194.009,,1355.404,1155.370,
1572260.671,,1347.910,1167.449,
1572327.326,,1360.268,1182.681,
1572393.986,,1359.955,1189.666,
1572460.647,,1356.569,1186.287,
1572527.307,,1348.260,1182.451,
1572593.964,,1352.326,1183.116,
1572660.624,,1357.393,1183.962,
1572727.284,,1366.296,1185.985,
1572793.937,,1365.250,1182.934,
1572860.597,,1358.737,1179.328,
1572927.259,,1358.764,1178.094,
1572993.917,,1355.517,1174.865,
1573060.576,,1349.757,1169.845,
1573127.233,,1356.856,1171.132,
1573193.891,,1359.920,1168.435,
1573260.549,,1361.173,1170.300,
1573327.208,,1367.045,1169.278,
1573393.866,,1361.358,1167.936,
1573460.526,,1373.414,1163.455,
1573527.182,,1366.498,1162.392,
1573593.841,,1370.177,1156.188,
1573660.505,,1365.692,1156.787,
1573727.158,,1357.517,1151.990,
1573793.818,,1355.154,1151.398,
1573860.478,,1353.362,1149.857,
1573927.135,,1360.876,1149.994,
1573993.793,,1356.702,1145.444,
1574060.455,,1362.376,1147.190,
1574127.112,,1361.286,1147.772,
1574193.770,,1362.907,1143.590,
1574260.432,,1356.656,1140.568,
1574327.089,,1358.151,1139.013,
1574393.748,,1358.457,1138.958,
1574460.406,,1358.541,1138.180,
1574527.068,,1354.974,1133.272,
1574593.720,,1353.050,1132.260,
1574660.383,,1353.038,1129.776,
1574727.038,,1351.074,1133.298,
1574793.698,,1355.520,1135.299,
1574860.359,,1359.304,1144.963,
1574927.018,,1356.142,1153.616,
1574993.674,,1353.196,1157.704,
1575060.333,,1352.094,1163.400,
1575126.995,,1353.644,1162.610,
1575193.652,,1361.338,1163.478,
1575260.310,,1360.170,1164.659,
1575326.972,,1360.594,1164.141,
1575393.630,,1359.316,1161.764,
1575460.283,,1360.664,1161.262,
1575526.942,,1356.004,1167.215,
1575593.604,,1362.446,1168.511,
1575660.263,,1364.816,1169.407,
1575726.922,,1370.254,1171.279,
1575793.581,,1364.597,1177.921,
1575860.237,,1363.426,1176.035,
1575926.891,,1360.238,1169.161,
1575993.552,,1362.083,1171.456,
1576060.210,,1367.384,1169.969,
1576126.863,,1365.370,1165.559,
1576193.525,,1356.913,1163.076,
1576260.182,,1352.832,1159.837,
1576326.838,,1350.743,1158.705,
1576393.491,,1350.321,1156.447,
1576460.150,,1349.978,1153.919,
1576526.805,,1351.261,1155.465,
1576593.467,,1353.581,1157.658,
1576660.122,,1350.461,1157.609,
1576726.779,,1352.790,1158.673,
1576793.437,,1359.479,1162.377,
1576860.095,,1366.136,1166.384,
1576926.755,,1366.470,1166.228,
1576993.410,,1365.032,1159.301,
1577060.064,,1359.891,1155.650,
1577126.725,,1353.146,1152.618,
1577193.383,,1351.183,1153.091,
1577260.040,,1352.545,1151.417,
1577326.697,,1355.382,1149.852,
1577393.350,,1355.803,1145.893,
1577460.013,,1351.173,1143.649,
1577526.666,,1359.316,1143.505,
1577593.326,,1357.813,1140.413,
1577659.981,,1357.061,1137.920,
1577726.637,,1360.319,1137.863,
1577793.296,,1362.031,1134.276,
1577859.957,,1356.276,1137.280,
1577926.612,,1355.782,1135.741,
1577993.269,,1353.200,1134.271,
1578059.928,,1353.125,1132.539,
1578126.583,,1355.750,1131.412,
1578193.244,,1351.294,1131.952,
1578259.899,,1346.504,1130.965,
1578326.559,,1352.883,1131.199,
1578393.210,,1351.809,1131.155,
1578459.868,,1356.828,1132.742,
1578526.529,,1349.809,1133.197,
1578593.182,,1347.808,1133.224,
1578659.845,,1346.766,1135.957,
1578726.499,,1344.324,1136.439,
1578793.157,,1341.741,1145.059,
1578859.816,,1345.948,1145.583,
1578926.472,,1347.394,1146.054,
1578993.129,,1350.799,1153.406,
1579059.789,,1350.448,1152.926,
1579126.447,,1347.743,1149.924,
1579193.098,,1353.171,1149.871,
1579259.760,,1353.329,1149.003,
1579326.413,,1359.123,1147.061,
1579393.076,,1356.520,1144.797,
1579459.734,,1358.084,1143.777,
1579526.389,,1356.409,1142.689,
1579593.044,,1360.036,1142.647,
1579659.702,,1360.839,1140.283,
1579726.362,,1358.207,1140.213,
1579793.017,,1356.802,1139.775,
1579859.677,,1357.950,1140.037,
1579926.333,,1356.177,1136.845,
1579992.991,,1355.712,1137.090,
1580059.645,,1356.697,1135.409,
1580126.301,,1351.899,1136.709,
1580192.960,,1354.174,1144.547,
1580259.621,,1351.253,1164.384,
1580326.273,,1357.730,1169.868,
1580392.935,,1362.173,1173.526,
1580459.593,,1361.058,1174.051,
1580526.247,,1360.151,1169.996,
1580592.903,,1361.403,1169.260,
1580659.562,,1361.616,1166.425,
1580726.222,,1361.026,1162.422,
1580792.879,,1361.334,1161.102,
1580859.536,,1360.848,1157.615,
1580926.188,,1360.632,1158.464,
1580992.852,,1357.541,1156.942,
1581059.508,,1357.925,1154.123,
1581126.166,,1362.022,1153.466,
1581192.821,,1363.095,1152.431,
1581259.479,,1368.626,1151.921,
1581326.139,,1362.938,1148.454,
1581392.795,,1356.747,1146.674,
1581459.452,,1358.072,1146.749,
1581526.106,,1347.390,1147.542,
1581592.766,,1356.244,1146.720,
1581659.424,,1359.513,1147.046,
1581726.080,,1357.943,1142.635,
1581792.734,,1355.063,1144.866,
1581859.393,,1357.844,1145.806,
1581926.049,,1359.987,1147.258,
1581992.706,,1360.437,1147.039,
1582059.366,,1364.289,1145.636,
1582126.020,,1362.629,1150.468,
1582192.681,,1358.772,1148.294,
1582259.338,,1358.298,1145.044,
1582325.998,,1344.500,1144.753,
1582392.653,,1355.875,1157.340,
1582459.313,,1348.346,1175.458,
1582525.964,,1366.996,1182.819,
1582592.623,,1360.668,1190.189,
1582659.284,,1356.592,1187.287,
1582725.942,,1357.230,1189.623,
1582792.599,,1362.883,1184.500,
1582859.255,,1357.426,1184.183,
1582925.910,,1359.959,1180.917,
1582992.567,,1351.004,1176.962,
1583059.225,,1350.188,1171.799,
1583125.881,,1353.126,1171.563,
1583192.540,,1351.538,1169.759,
1583259.199,,1348.869,1164.435,
1583325.857,,1356.692,1162.140,
1583392.515,,1348.601,1163.092,
1583459.172,,1354.029,1161.047,
1583525.829,,1359.794,1160.146,
1583592.483,,1360.687,1159.595,
1583659.141,,1366.447,1158.917,
1583725.796,,1361.481,1160.189,
1583792.455,,1366.965,1159.509,
1583859.119,,1365.990,1154.516,
1583925.777,,1357.117,1150.847,
1583992.434,,1353.946,1150.676,
1584059.091,,1353.235,1150.722,
1584125.753,,1353.187,1151.017,
1584192.414,,1354.156,1148.218,
1584259.074,,1353.934,1145.287,
1584325.734,,1351.069,1146.780,
1584392.389,,1352.277,1143.775,
1584459.049,,1354.009,1144.131,
1584525.710,,1339.187,1140.028,
1584592.367,,1337.493,1139.737,
1584659.023,,1341.434,1142.728,
1584725.689,,1342.980,1147.563,
1584792.343,,1343.148,1153.064,
1584859.007,,1343.062,1156.279,
1584925.663,,1364.028,1170.489,
1584992.321,,1351.674,1164.723,
1585058.983,,1355.826,1176.993,
1585125.642,,1373.892,1187.893,
1585192.300,,1353.569,1185.103,
1585258.956,,1364.124,1190.500,
1585325.616,,1364.640,1188.744,
1585392.279,,1362.703,1190.281,
1585458.938,,1364.836,1197.510,
1585525.594,,1363.909,1199.788,
1585592.255,,1364.004,1202.123,
1585658.911,,1364.885,1205.022,
1585725.572,,1359.763,1202.671,
1585792.233,,1356.633,1207.133,
1585858.886,,1356.159,1206.053,
1585925.547,,1350.655,1200.111,
1585992.205,,1360.882,1219.297,
1586058.869,,1373.961,1231.133,
1586125.526,,1342.896,1208.548,
1586192.188,,1337.677,1206.321,
1586258.846,,1332.196,1202.873,
1586325.504,,1352.758,1201.445,
1586392.164,,1351.702,1223.650,
1586458.823,,1356.310,1306.751,
1586525.484,,1355.715,1339.740,
1586592.139,,1352.220,1343.995,
1586658.798,,1352.782,1348.156,
1586725.459,,1351.232,1372.522,
1586792.118,,1354.451,1378.845,
1586858.774,,1352.810,1373.116,
1586925.438,,1352.902,1363.742,
1586992.091,,1346.971,1353.889,
1587058.756,,1349.382,1340.700,
1587125.410,,1350.810,1331.024,
1587192.074,,1345.590,1321.362,
1587258.728,,1344.176,1313.951,
1587325.388,,1348.903,1303.248,
1587392.051,,1349.912,1293.148,
1587458.706,,1349.941,1293.179,
1587525.367,,1351.001,1289.696,
1587592.030,,1348.031,1285.383,
1587658.684,,1349.241,1283.749,
1587725.344,,1348.458,1284.215,
1587792.007,,1347.372,1323.889,
1587858.663,,1345.494,1336.777,
1587925.324,,1338.912,1336.673,
1587991.983,,1338.198,1332.378,
1588058.638,,1333.540,1324.347,
1588125.298,,1338.832,1317.384,
1588191.962,,1341.747,1310.348,
1588258.617,,1341.556,1301.502,
1588325.278,,1337.227,1297.175,
1588391.933,,1337.617,1292.637,
1588458.595,,1346.356,1286.075,
1588525.256,,1341.717,1281.107,
1588591.916,,1337.739,1272.585,
1588658.570,,1335.847,1266.584,
1588725.233,,1335.344,1259.915,
1588791.893,,1338.061,1251.324,
1588858.548,,1335.230,1250.383,
1588925.212,,1332.330,1243.073,
1588991.866,,1341.748,1242.141,
1589058.526,,1338.489,1240.604,
1589125.188,,1333.512,1231.722,
1589191.847,,1336.320,1228.258,
1589258.504,,1335.263,1225.636,
1589325.165,,1336.009,1215.538,
1589391.820,,1334.485,1215.689,
1589458.485,,1334.553,1207.764,
1589525.143,,1334.792,1209.997,
1589591.803,,1331.800,1205.355,
1589658.459,,1331.729,1204.002,
1589725.119,,1337.414,1201.065,
1589791.774,,1337.964,1201.466,
1589858.436,,1350.291,1198.716,
1589925.092,,1351.339,1193.322,
1589991.756,,1339.166,1190.247,
1590058.413,,1342.119,1186.341,
1590125.070,,1340.681,1180.914,
1590191.730,,1336.057,1182.993,
1590258.387,,1329.881,1179.279,
1590325.051,,1337.648,1177.606,
1590391.709,,1341.246,1175.910,
1590458.367,,1341.351,1174.962,
1590525.024,,1334.658,1171.109,
1590591.684,,1335.942,1165.924,
1590658.346,,1342.734,1167.870,
1590725.005,,1335.358,1166.403,
1590791.665,,1331.494,1163.989,
1590858.323,,1333.830,1160.004,
1590924.983,,1339.460,1157.507,
1590991.638,,1344.316,1160.456,
1591058.301,,1342.492,1163.644,
1591124.960,,1345.333,1161.294,
1591191.621,,1340.044,1159.936,
1591258.280,,1338.408,1158.620,
1591324.935,,1340.373,1155.722,
1591391.595,,1344.685,1156.377,
1591458.256,,1341.200,1153.186,
1591524.910,,1342.672,1152.661,
1591591.575,,1343.527,1151.360,
1591658.232,,1343.624,1150.480,
1591724.891,,1346.257,1149.104,
1591791.551,,1346.797,1148.401,
1591858.204,,1343.151,1164.461,
1591924.858,,1344.636,1182.661,
1591991.522,,1342.625,1185.788,
1592058.179,,1339.095,1189.624,
1592124.830,,1338.722,1185.154,
1592191.492,,1342.708,1184.611,
1592258.144,,1339.424,1182.910,
1592324.800,,1340.518,1183.240,
1592391.459,,1338.576,1180.492,
1592458.119,,1337.446,1178.316,
1592524.773,,1337.426,1175.930,
1592591.435,,1338.974,1173.902,
1592658.089,,1340.510,1170.926,
1592724.749,,1342.296,1167.493,
1592791.402,,1342.423,1167.062,
1592858.062,,1343.710,1165.072,
1592924.714,,1343.800,1163.204,
1592991.376,,1342.178,1164.103,
1593058.033,,1344.331,1165.388,
1593124.690,,1344.339,1162.537,
1593191.342,,1341.044,1155.340,
1593258.000,,1341.191,1154.740,
1593324.656,,1341.361,1152.715,
1593391.313,,1342.511,1149.344,
1593457.974,,1337.965,1149.465,
1593524.630,,1343.754,1149.030,
1593591.288,,1349.720,1147.506,
1593657.941,,1346.554,1146.872,
1593724.597,,1332.830,1142.539,
1593791.259,,1343.153,1133.588,
1593857.913,,1344.050,1138.244,
1593924.570,,1348.182,1141.943,
1593991.229,,1342.200,1140.606,
1594057.887,,1341.274,1138.849,
1594124.544,,1344.784,1139.115,
1594191.197,,1348.278,1140.658,
1594257.857,,1346.859,1138.364,
1594324.516,,1349.498,1139.101,
1594391.167,,1346.147,1138.774,
1594457.826,,1360.282,1146.644,
1594524.482,,1364.161,1153.550,
1594591.141,,1346.785,1157.201,
1594657.799,,1352.950,1153.866,
1594724.454,,1350.099,1153.498,
1594791.114,,1339.902,1153.792,
1594857.767,,1346.765,1155.613,
1594924.427,,1350.802,1155.996,
1594991.081,,1346.559,1156.306,
1595057.738,,1352.686,1155.242,
1595124.396,,1349.497,1156.430,
1595191.056,,1351.744,1160.548,
1595257.708,,1347.874,1160.620,
1595324.368,,1339.485,1159.915,
1595391.025,,1345.132,1158.274,
1595457.681,,1348.163,1160.920,
1595524.339,,1354.310,1157.467,
1595590.992,,1351.069,1159.528,
1595657.649,,1347.519,1158.277,
1595724.309,,1338.650,1161.292,
1595790.964,,1336.930,1161.601,
1595857.621,,1345.067,1162.334,
1595924.283,,1345.277,1161.794,
1595990.937,,1350.766,1159.308,
1596057.594,,1348.705,1156.560,
1596124.251,,1351.166,1155.450,
1596190.910,,1345.796,1154.203,
1596257.566,,1340.100,1150.880,
1596324.219,,1343.497,1153.022,
1596390.880,,1339.535,1149.031,
1596457.534,,1344.319,1151.057,
1596524.191,,1342.339,1153.292,
1596590.853,,1338.967,1153.144,
1596657.505,,1344.849,1148.654,
1596724.164,,1344.098,1150.234,
1596790.823,,1341.140,1149.757,
1596857.475,,1349.533,1146.168,
1596924.132,,1344.900,1150.808,
1596990.789,,1340.830,1148.414,
1597057.447,,1351.925,1149.387,
1597124.106,,1344.678,1152.579,
1597190.765,,1348.814,1153.718,
1597257.419,,1340.423,1155.539,
1597324.075,,1341.533,1155.807,
1597390.737,,1345.370,1162.275,
1597457.393,,1341.782,1163.850,
1597524.044,,1347.129,1163.474,
1597590.701,,1351.553,1170.841,
1597657.360,,1354.151,1165.992,
1597724.020,,1351.858,1172.932,
1597790.674,,1346.020,1202.052,
1597857.334,,1346.583,1235.539,
1597923.991,,1339.951,1252.049,
1597990.647,,1345.843,1256.497,
1598057.305,,1342.564,1255.823,
1598123.959,,1343.824,1245.058,
1598190.616,,1346.951,1244.839,
1598257.272,,1363.065,1233.173,
1598323.930,,1348.311,1226.066,
1598390.591,,1348.213,1221.535,
1598457.246,,1345.258,1217.096,
1598523.903,,1350.795,1215.021,
1598590.559,,1354.808,1209.639,
1598657.215,,1354.834,1205.582,
1598723.874,,1353.665,1205.883,
1598790.528,,1353.509,1199.212,
1598857.186,,1355.910,1196.871,
1598923.843,,1347.350,1192.366,
1598990.502,,1345.683,1189.196,
1599057.155,,1340.747,1188.588,
1599123.813,,1342.306,1187.517,
1599190.474,,1348.092,1191.604,
1599257.127,,1355.308,1189.515,
1599323.788,,1355.455,1190.755,
1599390.446,,1357.896,1187.736,
1599457.102,,1357.254,1183.554,
1599523.757,,1358.737,1181.921,
1599590.413,,1363.845,1183.696,
1599657.068,,1367.427,1178.031,
1599723.727,,1356.747,1173.228,
1599790.384,,1357.550,1171.906,
1599857.043,,1362.660,1171.187,
1599923.705,,1359.682,1168.357,
1599990.364,,1355.048,1164.474,
1600057.017,,1356.755,1167.319,
1600123.680,,1355.076,1166.182,
1600190.336,,1359.443,1164.762,
1600256.992,,1361.955,1164.445,
1600323.653,,1366.752,1161.768,
1600390.313,,1368.469,1158.518,
1600456.968,,1362.959,1155.818,
1600523.629,,1356.623,1151.837,
1600590.287,,1356.694,1151.001,
1600656.947,,1355.995,1150.202,
1600723.602,,1346.644,1145.268,
1600790.263,,1351.635,1148.510,
1600856.923,,1350.595,1150.043,
1600923.577,,1353.003,1150.476,
1600990.238,,1348.810,1148.261,
1601056.894,,1351.781,1148.106,
1601123.556,,1355.286,1147.179,
1601190.215,,1354.566,1146.230,
1601256.873,,1354.843,1146.361,
1601323.528,,1353.507,1145.725,
1601390.190,,1353.381,1150.279,
1601456.849,,1352.933,1151.511,
1601523.506,,1351.459,1160.327,
1601590.164,,1349.884,1159.528,
1601656.822,,1347.569,1159.544,
1601723.481,,1350.961,1155.881,
1601790.139,,1348.416,1156.428,
1601856.798,,1346.785,1158.066,
1601923.457,,1346.332,1158.131,
1601990.116,,1349.101,1158.422,
1602056.774,,1358.947,1158.825,
1602123.433,,1361.047,1155.686,
1602190.088,,1360.323,1154.411,
1602256.749,,1358.937,1153.781,
1602323.405,,1357.359,1151.048,
1602390.066,,1353.900,1148.066,
1602456.726,,1359.710,1149.588,
1602523.382,,1357.718,1147.884,
1602590.044,,1349.467,1145.030,
1602656.702,,1356.448,1146.135,
1602723.357,,1351.117,1150.525,
1602790.019,,1349.381,1149.569,
1602856.677,,1352.229,1148.811,
1602923.332,,1352.882,1148.187,
1602989.994,,1353.403,1145.575,
1603056.652,,1357.235,1143.893,
1603123.310,,1358.723,1143.437,
1603189.967,,1357.649,1140.415,
1603256.623,,1359.146,1139.372,
1603323.285,,1359.078,1141.658,
1603389.945,,1361.195,1143.548,
1603456.601,,1365.688,1140.503,
1603523.256,,1357.142,1139.330,
1603589.916,,1354.657,1138.831,
1603656.576,,1350.676,1140.409,
1603723.233,,1355.014,1147.008,
1603789.890,,1361.866,1154.259,
1603856.550,,1351.550,1161.543,
1603923.207,,1352.064,1163.106,
1603989.867,,1361.087,1160.957,
1604056.525,,1359.227,1166.735,
1604123.184,,1350.977,1176.059,
1604189.845,,1355.193,1181.518,
1604256.499,,1352.458,1187.451,
1604323.162,,1347.687,1184.729,
1604389.822,,1348.494,1184.762,
1604456.476,,1343.397,1183.437,
1604523.134,,1347.127,1185.383,
1604589.792,,1352.575,1179.848,
1604656.455,,1349.567,1185.232,
1604723.109,,1352.262,1194.285,
1604789.773,,1354.140,1193.940,
1604856.428,,1359.687,1191.300,
1604923.086,,1342.629,1190.939,
1604989.746,,1343.581,1188.024,
1605056.402,,1346.706,1184.712,
1605123.059,,1350.734,1180.155,
1605189.723,,1352.464,1178.099,
1605256.382,,1355.474,1174.221,
1605323.035,,1357.372,1171.302,
1605389.694,,1362.562,1168.453,
1605456.355,,1360.564,1165.820,
1605523.013,,1356.436,1161.824,
1605589.669,,1356.665,1161.758,
1605656.330,,1359.875,1161.878,
1605722.992,,1360.995,1162.563,
1605789.647,,1362.634,1156.358,
1605856.308,,1359.423,1151.802,
1605922.966,,1352.920,1152.365,
1605989.622,,1349.603,1148.484,
1606056.281,,1353.590,1145.062,
1606122.938,,1360.372,1150.404,
1606189.598,,1364.380,1150.345,
1606256.253,,1361.344,1144.016,
1606322.916,,1362.743,1143.492,
1606389.576,,1366.207,1145.847,
1606456.231,,1361.163,1139.260,
1606522.893,,1359.889,1138.873,
1606589.549,,1359.820,1138.123,
1606656.209,,1361.597,1137.643,
1606722.863,,1363.022,1142.014,
1606789.525,,1361.356,1140.894,
1606856.179,,1365.139,1141.044,
1606922.837,,1367.948,1144.169,
1606989.497,,1370.053,1145.463,
1607056.155,,1372.249,1145.489,
1607122.816,,1372.340,1146.573,
1607189.477,,1367.652,1143.530,
1607256.132,,1363.545,1144.933,
1607322.790,,1363.914,1141.308,
1607389.450,Input1*2*0,1360.299,1140.670,
1607456.108,,1359.078,1140.641,
1607522.763,Input1*2*1,1360.490,1143.346,
1607589.423,,1363.515,1148.330,
1607656.080,,1360.781,1149.329,
1607722.742,,1360.848,1154.564,
1607789.399,,1357.669,1160.583,
1607856.061,,1356.814,1160.934,
1607922.719,,1354.297,1162.195,
1607989.377,,1356.235,1161.143,
1608056.029,,1357.964,1159.522,
1608122.689,,1357.518,1156.452,
1608189.346,,1358.613,1155.621,
1608256.008,,1355.949,1156.025,
1608322.665,,1357.226,1154.638,
1608389.323,,1358.321,1152.857,
1608455.984,,1357.592,1151.758,
1608522.636,,1355.789,1152.932,
1608589.294,,1352.519,1154.083,
1608655.956,,1353.207,1147.535,
1608722.612,,1350.635,1145.802,
1608789.273,,1344.047,1150.318,
1608855.929,,1355.672,1145.840,
1608922.591,,1354.273,1143.356,
1608989.244,,1355.902,1140.157,
1609055.904,,1356.729,1141.368,
1609122.562,,1355.222,1141.823,
1609189.217,,1362.724,1142.383,
1609255.876,,1356.092,1145.992,
1609322.536,,1363.516,1144.905,
1609389.197,,1362.398,1136.921,
1609455.851,,1360.835,1135.474,
1609522.508,,1357.832,1136.125,
1609589.170,,1354.129,1136.678,
1609655.826,,1350.096,1135.849,
1609722.485,,1353.749,1137.463,
1609789.144,,1349.778,1132.692,
1609855.801,,1342.130,1136.270,
1609922.462,,1340.060,1135.690,
1609989.117,,1348.399,1144.895,
1610055.777,,1354.478,1147.565,
1610122.434,,1361.755,1146.320,
1610189.091,,1366.015,1145.996,
1610255.753,,1356.106,1138.963,
1610322.408,,1346.696,1138.904,
1610389.068,,1340.074,1138.367,
1610455.721,,1352.335,1141.014,
1610522.383,,1353.316,1139.681,
1610589.041,,1363.694,1143.423,
1610655.700,,1366.536,1144.179,
1610722.357,,1362.298,1135.293,
1610789.017,,1355.601,1134.423,
1610855.670,,1354.318,1137.443,
1610922.328,,1351.753,1135.224,
1610988.988,,1356.000,1132.479,
1611055.645,,1349.829,1132.659,
1611122.305,,1348.931,1130.434,
1611188.964,,1354.784,1133.233,
1611255.620,,1357.073,1131.018,
1611322.278,,1358.902,1130.141,
1611388.940,,1356.847,1131.862,
1611455.595,,1358.296,1133.451,
1611522.252,,1355.829,1138.397,
1611588.911,,1363.535,1141.284,
1611655.568,,1362.799,1146.220,
1611722.225,,1361.614,1154.275,
1611788.887,,1359.170,1158.996,
1611855.544,,1358.787,1159.778,
1611922.204,,1359.086,1158.225,
1611988.862,,1355.227,1157.837,
1612055.520,,1356.393,1155.926,
1612122.174,,1355.385,1150.459,
1612188.837,,1350.604,1150.877,
1612255.495,,1348.573,1146.431,
1612322.150,,1349.988,1144.041,
1612388.810,,1348.933,1138.506,
1612455.470,,1340.747,1131.990,
1612522.128,,1338.327,1132.731,
1612588.785,,1343.618,1129.051,
1612655.438,,1340.418,1126.885,
1612722.096,,1343.362,1128.337,
1612788.755,,1354.716,1130.194,
1612855.416,,1353.192,1128.158,
1612922.072,,1351.095,1126.161,
1612988.731,,1344.447,1124.313,
1613055.388,,1346.164,1127.039,
1613122.047,,1349.852,1127.814,
1613188.708,,1351.927,1126.881,
1613255.366,,1344.752,1127.882,
1613322.019,,1348.131,1126.791,
1613388.679,,1346.049,1125.545,
1613455.342,,1343.875,1122.343,
1613521.995,,1344.963,1124.098,
1613588.658,,1341.719,1125.525,
1613655.311,,1344.770,1126.409,
1613721.971,,1344.253,1127.331,
1613788.630,,1339.151,1127.919,
1613855.286,,1343.629,1130.442,
1613921.948,,1344.691,1129.903,
1613988.605,,1340.817,1131.795,
1614055.262,,1343.466,1132.202,
1614121.922,,1345.350,1130.330,
1614188.580,,1346.320,1130.298,
1614255.234,,1347.414,1128.358,
1614321.892,,1344.760,1128.782,
1614388.555,,1344.402,1124.524,
1614455.207,,1344.397,1133.356,
1614521.868,,1348.914,1134.847,
1614588.525,,1347.769,1136.304,
1614655.186,,1353.852,1138.014,
1614721.843,,1350.136,1143.048,
1614788.500,,1347.968,1146.120,
1614855.157,,1356.351,1147.876,
1614921.819,,1353.520,1146.911,
1614988.474,,1359.897,1149.804,
1615055.131,,1361.473,1149.707,
1615121.789,,1360.344,1148.243,
1615188.449,,1358.535,1147.665,
1615255.107,,1361.294,1150.875,
1615321.765,,1362.050,1149.897,
1615388.425,,1355.357,1148.028,
1615455.081,,1354.311,1145.719,
1615521.739,,1349.312,1146.668,
1615588.400,,1352.336,1156.742,
1615655.054,,1354.182,1159.262,
1615721.714,,1348.112,1160.235,
1615788.371,,1355.103,1165.526,
1615855.029,,1349.893,1168.211,
1615921.688,,1344.976,1163.943,
1615988.346,,1348.640,1162.103,
1616055.004,,1354.254,1161.687,
1616121.660,,1352.060,1158.655,
1616188.319,,1342.598,1155.264,
1616254.979,,1342.578,1153.753,
1616321.636,,1344.179,1157.182,
1616388.290,,1342.145,1153.605,
1616454.947,,1342.755,1153.640,
1616521.610,,1345.305,1157.232,
1616588.265,,1345.471,1159.023,
1616654.925,,1349.993,1165.130,
1616721.584,,1348.512,1164.841,
1616788.239,,1341.534,1156.617,
1616854.900,,1349.572,1161.519,
1616921.555,,1345.505,1168.404,
1616988.213,,1341.609,1164.996,
1617054.869,,1338.688,1172.006,
1617121.527,,1340.531,1230.511,
1617188.189,,1341.904,1259.660,
1617254.846,,1341.749,1255.494,
1617321.507,,1343.549,1268.314,
1617388.161,,1351.349,1268.725,
1617454.816,,1355.298,1264.418,
1617521.476,,1355.474,1264.081,
1617588.139,,1345.400,1254.243,
1617654.791,,1358.837,1250.599,
1617721.451,,1366.078,1244.395,
1617788.112,,1369.979,1240.445,
1617854.764,,1367.633,1233.065,
1617921.426,,1370.888,1224.434,
1617988.084,,1364.002,1219.233,
1618054.736,,1374.018,1214.439,
1618121.400,,1372.438,1210.632,
1618188.053,,1369.640,1206.373,
1618254.717,,1371.306,1200.954,
1618321.375,,1369.943,1197.628,
1618388.033,,1362.798,1192.911,
1618454.690,,1358.280,1188.084,
1618521.344,,1360.810,1186.524,
1618588.001,,1355.434,1182.504,
1618654.659,,1355.420,1179.265,
1618721.320,,1356.483,1177.957,
1618787.978,,1357.943,1178.377,
1618854.638,,1353.034,1171.429,
1618921.295,,1341.271,1171.743,
1618987.952,,1346.347,1167.984,
1619054.608,,1347.850,1164.188,
1619121.264,,1352.236,1162.323,
1619187.922,,1346.448,1160.556,
1619254.581,,1336.508,1160.456,
1619321.238,,1340.151,1157.816,
1619387.896,,1347.499,1154.855,
1619454.556,,1348.825,1154.005,
1619521.216,,1352.107,1154.707,
1619587.871,,1351.497,1154.371,
1619654.529,,1355.871,1153.109,
1619721.189,,1357.638,1152.825,
1619787.843,,1355.692,1147.110,
1619854.507,,1350.067,1145.666,
1619921.164,,1350.537,1144.792,
1619987.821,,1348.569,1140.854,
1620054.481,,1341.898,1141.403,
1620121.134,,1346.703,1139.774,
1620187.794,,1347.869,1141.816,
1620254.451,,1348.337,1138.307,
1620321.110,,1349.057,1138.531,
1620387.766,,1349.798,1140.301,
1620454.429,,1345.900,1139.471,
1620521.081,,1350.213,1137.484,
1620587.739,,1346.903,1139.522,
1620654.397,,1348.376,1136.803,
1620721.058,,1350.115,1140.147,
1620787.718,,1350.006,1137.277,
1620854.371,,1349.639,1137.056,
1620921.031,,1349.916,1138.752,
1620987.690,,1347.334,1136.889,
1621054.343,,1351.449,1134.569,
1621121.008,,1346.226,1136.805,
1621187.664,,1347.086,1130.885,
1621254.321,,1342.474,1129.441,
1621320.978,,1345.959,1128.688,
1621387.637,,1353.323,1130.712,
1621454.294,,1359.115,1130.573,
1621520.951,,1363.909,1135.431,
1621587.611,,1362.505,1133.150,
1621654.266,,1365.702,1130.002,
1621720.925,,1351.436,1125.649,
1621787.581,,1361.879,1127.980,
1621854.241,,1345.325,1126.767,
1621920.900,,1351.998,1133.673,
1621987.559,,1344.206,1145.150,
1622054.218,,1347.051,1146.894,
1622120.874,,1348.562,1151.664,
1622187.530,,1356.324,1153.620,
1622254.191,,1357.372,1155.112,
1622320.847,,1353.247,1157.409,
1622387.505,,1347.159,1157.199,
1622454.160,,1344.418,1155.657,
1622520.820,,1353.366,1156.811,
1622587.478,,1354.778,1155.874,
1622654.135,,1351.742,1169.480,
1622720.796,,1375.720,1181.060,
1622787.452,,1354.171,1198.450,
1622854.113,,1362.120,1207.942,
1622920.770,,1352.833,1219.326,
1622987.429,,1357.114,1225.613,
1623054.083,,1357.580,1219.436,
1623120.740,,1359.994,1219.540,
1623187.400,,1364.739,1215.973,
1623254.055,,1360.289,1209.658,
1623320.719,,1360.043,1205.186,
1623387.376,,1358.979,1212.452,
1623454.029,,1355.623,1255.366,
1623520.690,,1351.199,1278.811,
1623587.349,,1350.871,1283.227,
1623654.007,,1355.624,1285.390,
1623720.662,,1355.897,1280.832,
1623787.320,,1354.567,1268.639,
1623853.979,,1348.582,1262.977,
1623920.638,,1349.876,1252.437,
1623987.294,,1350.128,1248.178,
1624053.957,,1355.554,1240.670,
1624120.614,,1353.825,1234.089,
1624187.272,,1350.359,1225.591,
1624253.925,,1344.029,1219.061,
1624320.583,,1342.850,1215.953,
1624387.242,,1345.110,1210.964,
1624453.900,,1351.858,1207.818,
1624520.562,,1354.409,1203.050,
1624587.216,,1345.993,1198.358,
1624653.880,,1348.198,1193.441,
1624720.535,,1342.797,1190.972,
1624787.190,,1350.081,1191.624,
1624853.852,,1341.910,1190.304,
1624920.509,,1337.583,1192.198,
1624987.165,,1343.818,1191.235,
1625053.825,,1339.209,1186.316,
1625120.481,,1348.488,1185.317,
1625187.145,,1347.179,1182.715,
1625253.802,,1350.369,1182.125,
1625320.456,,1343.018,1176.077,
1625387.118,,1352.329,1177.893,
1625453.772,,1367.502,1181.528,
1625520.433,,1361.580,1169.288,
1625587.087,,1352.235,1164.778,
1625653.747,,1351.407,1163.399,
1625720.405,,1346.912,1157.307,
1625787.066,,1343.772,1156.966,
1625853.722,,1348.702,1155.105,
1625920.379,,1348.983,1154.678,
1625987.039,,1355.445,1151.316,
1626053.700,,1344.101,1145.566,
1626120.357,,1339.045,1142.746,
1626187.013,,1333.383,1139.538,
1626253.672,,1328.693,1137.466,
1626320.332,,1327.925,1138.593,
1626386.987,,1327.032,1139.991,
1626453.644,,1332.420,1140.821,
1626520.301,,1332.383,1141.178,
1626586.965,,1334.169,1142.607,
1626653.622,,1333.779,1138.980,
1626720.276,,1333.754,1139.324,
1626786.937,,1329.060,1138.521,
1626853.594,,1332.085,1140.399,
1626920.252,,1331.908,1139.355,
1626986.912,,1330.381,1143.162,
1627053.567,,1332.387,1142.338,
1627120.227,,1332.958,1144.741,
1627186.888,,1333.745,1140.993,
1627253.546,,1330.074,1138.743,
1627320.199,,1329.319,1138.191,
1627386.860,,1336.198,1141.258,
1627453.521,,1343.249,1142.170,
1627520.174,,1348.273,1138.961,
1627586.833,,1341.902,1137.292,
1627653.492,,1336.583,1140.394,
1627720.151,,1334.627,1136.548,
1627786.806,,1338.939,1141.035,
1627853.468,,1344.540,1143.203,
1627920.126,,1345.952,1143.360,
1627986.783,,1343.493,1142.007,
1628053.440,,1340.456,1139.269,
1628120.101,,1336.816,1158.315,
1628186.754,,1335.105,1194.668,
1628253.416,,1340.358,1208.510,
1628320.069,,1332.668,1210.975,
1628386.733,,1338.380,1219.934,
1628453.386,,1346.484,1211.546,
1628520.049,,1341.009,1201.716,
1628586.707,,1349.559,1207.852,
1628653.365,,1351.940,1205.180,
1628720.025,,1342.325,1200.391,
1628786.676,,1338.694,1202.619,
1628853.338,,1341.744,1200.594,
1628919.993,,1341.144,1200.978,
1628986.653,,1343.323,1200.045,
1629053.312,,1341.163,1199.670,
1629119.972,,1341.970,1194.697,
1629186.631,,1348.801,1191.557,
1629253.289,,1345.058,1187.926,
1629319.947,,1347.509,1182.979,
1629386.603,,1346.446,1178.974,
1629453.263,,1342.579,1175.325,
1629519.916,,1339.655,1170.375,
1629586.578,,1344.396,1169.449,
1629653.235,,1341.860,1170.493,
1629719.897,,1345.328,1166.952,
1629786.551,,1348.470,1166.727,
1629853.211,,1346.568,1161.174,
1629919.870,,1344.715,1157.534,
1629986.525,,1348.797,1155.056,
1630053.183,,1350.899,1153.570,
1630119.839,,1346.199,1150.915,
1630186.499,,1343.029,1151.555,
1630253.160,,1342.260,1147.724,
1630319.817,,1342.718,1144.763,
1630386.473,,1343.841,1144.906,
1630453.136,,1342.090,1142.392,
1630519.791,,1345.625,1140.756,
1630586.447,,1345.332,1139.835,
1630653.110,,1345.111,1139.011,
1630719.765,,1343.876,1138.106,
1630786.423,,1344.294,1137.540,
1630853.082,,1344.814,1136.106,
1630919.736,,1344.983,1135.337,
1630986.398,,1344.906,1135.151,
1631053.057,,1345.508,1142.540,
1631119.713,,1345.045,1153.970,
1631186.374,,1349.326,1158.928,
1631253.027,,1353.230,1160.849,
1631319.689,,1350.355,1168.758,
1631386.343,,1353.977,1178.382,
1631453.005,,1357.368,1178.039,
1631519.663,,1359.891,1181.007,
1631586.311,,1355.960,1172.267,
1631652.976,,1349.086,1178.284,
1631719.635,,1350.847,1178.050,
1631786.298,,1351.579,1174.727,
1631852.955,,1351.293,1172.165,
1631919.607,,1350.154,1168.792,
1631986.269,,1350.899,1168.760,
1632052.924,,1349.646,1169.846,
1632119.586,,1348.467,1169.764,
1632186.240,,1348.981,1169.642,
1632252.899,,1349.635,1172.360,
1632319.555,,1346.572,1172.790,
1632386.213,,1347.706,1174.164,
1632452.868,,1347.350,1171.477,
1632519.530,,1344.515,1176.623,
1632586.183,,1349.292,1172.520,
1632652.843,,1343.734,1169.669,
1632719.500,,1346.841,1170.286,
1632786.159,,1343.959,1172.291,
1632852.818,,1348.616,1204.610,
1632919.476,,1348.154,1232.495,
1632986.136,,1345.699,1263.478,
1633052.790,,1345.183,1313.906,
1633119.451,,1346.221,1358.524,
1633186.103,,1347.485,1383.237,
1633252.765,,1343.335,1388.782,
1633319.418,,1342.846,1381.432,
1633386.081,,1341.545,1366.881,
1633452.736,,1343.119,1361.392,
1633519.397,,1347.440,1348.838,
1633586.054,,1349.792,1342.694,
1633652.707,,1353.202,1331.048,
1633719.369,,1351.846,1325.503,
1633786.026,,1353.481,1314.322,
1633852.680,,1357.247,1306.096,
1633919.343,,1357.696,1297.221,
1633986.001,,1357.108,1285.489,
1634052.656,,1352.652,1271.702,
1634119.315,,1345.856,1260.207,
1634185.974,,1345.920,1258.049,
1634252.629,,1341.253,1250.902,
1634319.288,,1338.760,1245.433,
1634385.945,,1338.395,1241.106,
1634452.599,,1340.507,1235.249,
1634519.261,,1336.473,1232.202,
1634585.920,,1337.143,1226.596,
1634652.573,,1335.858,1226.422,
1634719.231,,1340.750,1223.903,
1634785.891,,1336.347,1215.027,
1634852.551,,1336.476,1205.064,
1634919.202,,1342.969,1207.015,
1634985.865,,1342.788,1216.371,
1635052.522,,1345.042,1215.983,
1635119.182,,1347.120,1216.633,
1635185.838,,1347.727,1212.996,
1635252.495,,1353.253,1210.876,
1635319.154,,1352.977,1210.116,
1635385.810,,1355.171,1208.396,
1635452.466,,1351.536,1192.889,
1635519.124,,1340.892,1181.381,
1635585.783,,1366.906,1187.140,
1635652.440,,1380.601,1180.895,
1635719.095,,1350.250,1170.689,
1635785.754,,1352.502,1169.468,
1635852.414,,1351.092,1167.913,
1635919.068,,1354.451,1167.886,
1635985.725,,1356.511,1164.728,
1636052.384,,1344.018,1158.353,
1636119.045,,1339.307,1155.130,
1636185.700,,1333.450,1153.352,
1636252.360,,1329.607,1148.382,
1636319.020,,1328.021,1147.878,
1636385.672,,1329.220,1150.883,
1636452.335,,1328.360,1150.096,
1636518.990,,1328.388,1149.909,
1636585.649,,1328.877,1154.535,
1636652.302,,1329.893,1156.936,
1636718.964,,1327.811,1155.314,
1636785.624,,1331.162,1155.253,
1636852.277,,1332.176,1153.635,
1636918.939,,1337.993,1150.225,
1636985.595,,1335.852,1147.063,
1637052.252,,1330.952,1145.584,
1637118.906,,1328.033,1142.168,
1637185.570,,1326.569,1140.648,
1637252.226,,1326.726,1139.799,
1637318.884,,1325.288,1137.829,
1637385.542,,1329.947,1137.322,
1637452.201,,1330.194,1137.195,
1637518.857,,1328.387,1139.442,
1637585.513,,1327.405,1136.750,
1637652.172,,1330.212,1137.170,
1637718.826,,1328.470,1132.886,
1637785.489,,1323.045,1134.228,
1637852.144,,1329.670,1133.898,
1637918.799,,1329.940,1132.994,
1637985.462,,1330.112,1135.697,
1638052.119,,1329.815,1146.240,
1638118.771,,1333.224,1145.195,
1638185.433,,1330.240,1145.153,
1638252.087,,1327.622,1141.598,
1638318.745,,1332.832,1142.891,
1638385.406,,1334.577,1142.002,
1638452.061,,1336.823,1140.072,
1638518.718,,1337.797,1138.423,
1638585.375,,1342.560,1139.050,
1638652.035,,1345.895,1136.580,
1638718.691,,1342.476,1134.930,
1638785.350,,1340.181,1134.533,
1638852.011,,1341.118,1135.279,
1638918.667,,1343.715,1132.967,
1638985.324,,1337.487,1132.973,
1639051.982,,1341.300,1130.930,
1639118.638,,1339.345,1131.734,
1639185.295,,1343.074,1130.345,
1639251.957,,1343.822,1131.379,
1639318.614,,1339.975,1130.108,
1639385.271,,1341.801,1132.247,
1639451.926,,1341.758,1130.665,
1639518.589,,1341.576,1130.714,
1639585.240,,1342.266,1130.091,
1639651.902,,1341.516,1131.265,
1639718.556,,1341.873,1129.001,
1639785.215,,1339.563,1132.690,
1639851.873,,1342.947,1128.861,
1639918.536,,1344.187,1129.142,
1639985.189,,1345.189,1130.029,
1640051.849,,1345.786,1128.387,
1640118.509,,1343.244,1130.458,
1640185.164,,1351.456,1129.434,
1640251.820,,1351.267,1128.144,
1640318.477,,1348.406,1127.265,
1640385.138,,1351.086,1126.533,
1640451.795,,1348.665,1128.077,
1640518.457,,1351.169,1127.698,
1640585.112,,1349.044,1126.866,
1640651.767,,1345.180,1126.222,
1640718.429,,1349.616,1128.526,
1640785.085,,1347.524,1127.172,
1640851.742,,1345.032,1134.401,
1640918.401,,1350.286,1134.999,
1640985.062,,1348.308,1136.031,
1641051.720,,1343.388,1126.796,
1641118.378,,1337.872,1127.501,
1641185.035,,1343.710,1126.671,
1641251.691,,1341.910,1125.091,
1641318.350,,1341.280,1125.964,
1641385.005,,1352.218,1127.921,
1641451.666,,1353.538,1132.662,
1641518.323,,1361.189,1131.874,
1641584.979,,1354.871,1124.885,
1641651.642,,1350.378,1123.492,
1641718.300,,1347.498,1122.884,
1641784.958,,1345.061,1118.877,
1641851.610,,1335.036,1117.335,
1641918.271,,1332.720,1116.606,
1641984.927,,1331.878,1119.223,
1642051.588,,1338.072,1123.737,
1642118.243,,1335.366,1122.149,
1642184.905,,1333.860,1127.902,
1642251.558,,1334.509,1128.376,
1642318.218,,1337.693,1130.488,
1642384.875,,1337.491,1135.868,
1642451.536,,1336.031,1137.653,
1642518.191,,1334.244,1139.930,
1642584.853,,1331.461,1140.142,
1642651.505,,1333.663,1142.664,
1642718.165,,1330.402,1145.075,
1642784.823,,1329.759,1142.720,
1642851.480,,1334.176,1141.939,
1642918.142,,1332.798,1148.573,
1642984.796,,1332.522,1156.904,
1643051.453,,1330.715,1162.447,
1643118.115,,1329.014,1171.369,
1643184.772,,1327.961,1191.614,
1643251.431,,1331.893,1213.479,
1643318.089,,1330.983,1220.931,
1643384.748,,1334.737,1219.445,
1643451.407,,1334.109,1220.293,
1643518.059,,1333.510,1231.789,
1643584.720,,1332.715,1250.749,
1643651.378,,1330.749,1295.111,
1643718.034,,1328.166,1335.037,
1643784.691,,1329.582,1344.974,
1643851.350,,1329.668,1346.379,
1643918.008,,1332.683,1341.195,
1643984.670,,1335.234,1336.866,
1644051.326,,1337.109,1326.654,
1644117.980,,1339.505,1320.010,
1644184.638,,1337.886,1302.830,
1644251.296,,1334.169,1291.936,
1644317.954,,1340.895,1282.280,
1644384.618,,1343.875,1279.151,
1644451.270,,1339.452,1273.643,
1644517.928,,1341.896,1266.674,
1644584.590,,1340.271,1265.109,
1644651.248,,1341.517,1255.618,
1644717.904,,1346.724,1248.705,
1644784.565,,1348.131,1243.138,
1644851.223,,1340.970,1237.548,
1644917.880,,1337.737,1232.702,
1644984.534,,1337.749,1227.310,
1645051.193,,1334.084,1223.611,
1645117.850,,1339.383,1219.664,
1645184.512,,1341.025,1215.617,
1645251.165,,1349.413,1211.318,
1645317.828,,1352.505,1210.200,
1645384.484,,1352.747,1207.462,
1645451.140,,1354.385,1205.688,
1645517.801,,1352.976,1202.782,
1645584.455,,1354.073,1199.069,
1645651.118,,1351.975,1194.094,
1645717.774,,1350.223,1190.909,
1645784.430,,1354.639,1191.054,
1645851.089,,1352.749,1187.308,
1645917.747,,1351.399,1186.012,
1645984.407,,1351.104,1188.273,
1646051.062,,1352.294,1191.456,
1646117.723,,1350.726,1190.528,
1646184.377,,1351.704,1186.636,
1646251.037,,1347.936,1185.672,
1646317.697,,1354.306,1181.632,
1646384.355,,1349.493,1178.174,
1646451.010,,1351.651,1179.305,
1646517.673,,1354.262,1179.093,
1646584.329,,1356.368,1176.076,
1646650.984,,1355.256,1177.180,
1646717.646,,1347.602,1179.538,
1646784.302,,1346.100,1179.311,
1646850.960,,1348.464,1179.252,
1646917.616,,1348.248,1178.855,
1646984.273,,1349.103,1176.497,
1647050.930,,1347.750,1172.128,
1647117.594,,1346.877,1169.574,
1647184.252,,1353.071,1171.061,
1647250.908,,1355.648,1171.325,
1647317.566,,1355.137,1170.537,
1647384.220,,1354.672,1169.292,
1647450.882,,1353.498,1168.310,
1647517.536,,1351.426,1166.208,
1647584.194,,1350.456,1163.072,
1647650.852,,1349.653,1161.159,
1647717.515,,1356.668,1164.416,
1647784.169,,1362.560,1160.049,
1647850.828,,1353.005,1157.381,
1647917.484,,1348.196,1156.294,
1647984.145,,1350.295,1153.143,
1648050.804,,1346.600,1153.264,
1648117.459,,1344.493,1155.361,
1648184.123,,1344.059,1154.184,
1648250.777,,1348.598,1154.074,
1648317.437,,1348.604,1153.596,
1648384.092,,1345.111,1154.319,
1648450.755,,1347.410,1156.527,
1648517.414,,1356.640,1156.226,
1648584.070,,1356.209,1160.143,
1648650.727,,1355.078,1160.285,
1648717.385,,1349.739,1161.156,
1648784.045,,1345.845,1162.586,
1648850.702,,1343.758,1164.638,
1648917.360,,1349.875,1177.921,
1648984.019,,1349.974,1188.484,
1649050.678,,1345.309,1204.885,
1649117.338,,1343.196,1221.575,
1649183.991,,1344.433,1238.263,
1649250.655,,1342.315,1245.027,
1649317.308,,1335.879,1240.797,
1649383.965,,1338.136,1230.847,
1649450.624,,1336.154,1227.472,
1649517.283,,1340.549,1223.152,
1649583.945,,1348.725,1225.039,
1649650.604,,1350.711,1218.648,
1649717.257,,1348.612,1215.118,
1649783.920,,1343.921,1212.515,
1649850.574,,1347.516,1206.438,
1649917.230,,1349.116,1201.202,
1649983.891,,1349.534,1201.487,
1650050.551,,1346.914,1194.679,
1650117.209,,1348.319,1190.119,
1650183.864,,1345.635,1190.201,
1650250.527,,1347.044,1187.596,
1650317.185,,1351.736,1185.399,
1650383.843,,1348.322,1180.678,
1650450.500,,1345.261,1177.635,
1650517.154,,1348.200,1173.304,
1650583.814,,1345.568,1168.958,
1650650.475,,1342.766,1166.982,
1650717.133,,1344.182,1167.524,
1650783.790,,1346.306,1167.964,
1650850.449,,1351.687,1170.873,
1650917.107,,1358.016,1168.913,
1650983.765,,1351.944,1168.030,
1651050.425,,1353.248,1165.827,
1651117.081,,1353.412,1160.897,
1651183.738,,1347.071,1161.570,
1651250.399,,1353.445,1158.131,
1651317.058,,1353.346,1155.335,
1651383.716,,1349.166,1153.006,
1651450.374,,1344.425,1150.725,
1651517.029,,1340.764,1154.810,
1651583.687,,1345.633,1153.954,
1651650.346,,1345.235,1153.167,
1651717.007,,1344.078,1149.503,
1651783.664,,1348.018,1150.364,
1651850.321,,1348.211,1150.840,
1651916.983,,1350.786,1152.017,
1651983.635,,1349.708,1156.757,
1652050.296,,1352.391,1161.763,
1652116.955,,1352.162,1158.577,
1652183.614,,1351.207,1154.024,
1652250.268,,1350.836,1155.413,
1652316.926,,1352.708,1156.309,
1652383.588,,1351.754,1153.637,
1652450.244,,1351.249,1154.348,
1652516.905,,1353.152,1151.572,
1652583.561,,1352.727,1150.577,
1652650.219,,1349.754,1146.826,
1652716.876,,1352.456,1145.348,
1652783.535,,1349.789,1144.885,
1652850.197,,1349.411,1142.700,
1652916.852,,1345.286,1141.891,
1652983.511,,1347.870,1140.511,
1653050.170,,1349.765,1138.497,
1653116.827,,1347.185,1140.121,
1653183.489,,1350.626,1140.125,
1653250.142,,1342.198,1136.775,
1653316.801,,1345.794,1138.065,
1653383.463,,1350.180,1134.796,
1653450.117,,1348.956,1132.571,
1653516.780,,1351.564,1133.660,
1653583.436,,1351.641,1131.610,
1653650.093,,1348.477,1132.323,
1653716.749,,1348.270,1131.667,
1653783.412,,1349.087,1131.324,
1653850.068,,1346.535,1130.240,
1653916.728,,1348.571,1132.519,
1653983.387,,1347.298,1130.972,
1654050.041,,1350.468,1130.170,
1654116.699,,1348.078,1130.915,
1654183.358,,1352.832,1132.936,
1654250.013,,1355.461,1134.990,
1654316.673,,1357.498,1133.865,
1654383.334,,1348.877,1132.275,
1654449.990,,1343.987,1130.231,
1654516.652,,1340.375,1129.198,
1654583.307,,1347.534,1129.192,
1654649.965,,1349.781,1130.069,
1654716.623,,1346.580,1127.485,
1654783.282,,1349.621,1129.993,
1654849.937,,1348.888,1126.348,
1654916.601,,1347.407,1123.851,
1654983.253,,1343.237,1123.328,
1655049.914,,1341.703,1123.411,
1655116.575,,1343.811,1123.083,
1655183.231,,1348.010,1126.467,
1655249.889,,1351.937,1126.643,
1655316.545,,1352.791,1128.956,
1655383.206,,1353.977,1130.457,
1655449.865,,1356.128,1131.961,
1655516.524,,1358.270,1131.837,
1655583.181,,1361.749,1130.657,
1655649.841,,1356.479,1127.603,
1655716.495,,1352.477,1126.942,
1655783.152,,1350.927,1124.437,
1655849.812,,1352.229,1125.451,
1655916.470,,1352.769,1126.790,
1655983.128,,1351.461,1127.334,
1656049.781,,1352.134,1122.861,
1656116.437,,1342.598,1121.242,
1656183.095,,1343.477,1120.902,
1656249.757,,1344.134,1124.755,
1656316.412,,1347.727,1125.697,
1656383.070,,1338.958,1124.551,
1656449.723,,1340.437,1128.158,
1656516.380,,1335.783,1130.391,
1656583.041,,1335.270,1131.043,
1656649.699,,1338.646,1132.028,
1656716.357,,1340.108,1134.236,
1656783.011,,1342.801,1136.799,
1656849.667,,1341.238,1135.429,
1656916.329,,1342.558,1136.120,
1656982.980,,1336.606,1137.634,
1657049.637,,1337.840,1145.339,
1657116.296,,1342.311,1152.434,
1657182.955,,1342.444,1159.390,
1657249.612,,1345.244,1161.423,
1657316.267,,1346.713,1163.197,
1657382.923,,1348.796,1164.281,
1657449.582,,1350.469,1167.091,
1657516.242,,1349.989,1167.939,
1657582.896,,1353.134,1167.101,
1657649.552,,1352.301,1163.538,
1657716.210,,1340.184,1155.147,
1657782.872,,1343.915,1156.770,
1657849.528,,1343.839,1154.880,
1657916.183,,1343.212,1157.361,
1657982.840,,1346.717,1158.871,
1658049.496,,1350.525,1160.780,
1658116.156,,1351.608,1157.156,
1658182.809,,1349.869,1158.064,
1658249.472,,1361.336,1162.310,
1658316.124,,1367.544,1158.203,
1658382.785,,1363.235,1154.416,
1658449.443,,1360.127,1153.982,
1658516.096,,1353.879,1152.001,
1658582.754,,1362.739,1152.618,
1658649.413,,1362.222,1149.408,
1658716.069,,1358.396,1146.336,
1658782.729,,1352.449,1139.892,
1658849.381,,1344.177,1136.536,
1658916.037,,1340.646,1136.637,
1658982.699,,1337.977,1135.306,
1659049.357,,1341.557,1136.017,
1659116.009,,1336.566,1136.788,
1659182.669,,1336.714,1137.328,
1659249.323,,1341.029,1137.151,
1659315.980,,1338.495,1137.144,
1659382.643,,1336.172,1143.230,
1659449.294,,1340.398,1147.451,
1659515.955,,1340.164,1155.598,
1659582.614,,1338.359,1161.857,
1659649.273,,1336.787,1166.818,
1659715.926,,1340.689,1170.160,
1659782.581,,1341.268,1175.536,
1659849.240,,1341.107,1178.210,
1659915.897,,1340.621,1178.018,
1659982.556,,1343.196,1184.155,
1660049.213,,1343.387,1186.990,
1660115.870,,1341.510,1188.626,
1660182.527,,1340.286,1197.469,
1660249.181,,1340.738,1206.907,
1660315.844,,1341.347,1225.773,
1660382.500,,1337.700,1239.648,
1660449.156,,1336.114,1236.338,
1660515.812,,1337.567,1228.265,
1660582.471,,1339.305,1223.548,
1660649.128,,1340.879,1218.254,
1660715.787,,1338.320,1211.493,
1660782.444,,1341.610,1205.847,
1660849.102,,1341.005,1201.983,
1660915.755,,1346.312,1199.695,
1660982.410,,1343.821,1188.946,
1661049.071,,1346.034,1189.599,
1661115.728,,1345.283,1184.095,
1661182.383,,1345.793,1182.589,
1661249.044,,1345.638,1178.992,
1661315.697,,1341.329,1178.018,
1661382.358,,1342.425,1176.856,
1661449.011,,1345.321,1176.227,
1661515.667,,1346.142,1174.172,
1661582.329,,1345.906,1174.573,
1661648.988,,1347.118,1174.814,
1661715.641,,1348.367,1174.534,
1661782.301,,1350.680,1172.882,
1661848.953,,1348.987,1171.721,
1661915.615,,1351.239,1168.956,
1661982.273,,1344.631,1165.567,
1662048.927,,1350.531,1162.885,
1662115.587,,1346.809,1158.722,
1662182.242,,1341.786,1152.672,
1662248.899,,1345.771,1154.330,
1662315.553,,1358.145,1155.254,
1662382.211,,1352.303,1156.431,
1662448.871,,1349.268,1151.410,
1662515.529,,1349.994,1151.165,
1662582.186,,1349.053,1153.646,
1662648.844,,1352.575,1149.012,
1662715.502,,1358.790,1149.624,
1662782.157,,1358.588,1146.793,
1662848.811,,1352.660,1142.929,
1662915.472,,1355.118,1141.445,
1662982.128,,1349.962,1139.471,
1663048.781,,1348.297,1139.481,
1663115.440,,1351.082,1136.004,
1663182.097,,1353.785,1137.724,
1663248.755,,1354.457,1135.409,
1663315.416,,1353.543,1133.807,
1663382.069,,1348.124,1136.219,
1663448.728,,1343.631,1135.285,
1663515.382,,1342.457,1136.516,
1663582.044,,1349.370,1138.292,
1663648.699,,1353.821,1136.188,
1663715.358,,1352.994,1137.813,
1663782.011,,1353.350,1137.601,
1663848.671,,1358.540,1138.869,
1663915.329,,1355.553,1142.133,
1663981.987,,1352.275,1141.196,
1664048.647,,1351.220,1144.429,
1664115.308,,1354.680,1148.627,
1664181.962,,1352.190,1142.047,
1664248.625,,1352.113,1140.824,
1664315.281,,1347.452,1137.381,
1664381.938,,1343.631,1138.959,
1664448.596,,1351.287,1140.516,
1664515.255,,1354.059,1140.856,
1664581.912,,1354.604,1140.374,
1664648.576,,1354.940,1135.990,
1664715.228,,1350.467,1133.614,
1664781.888,,1355.379,1135.129,
1664848.550,,1359.716,1133.411,
1664915.204,,1356.491,1129.570,
1664981.866,,1352.203,1128.073,
1665048.525,,1356.852,1126.024,
1665115.182,,1346.418,1124.642,
1665181.837,,1345.636,1124.529,
1665248.500,,1353.630,1123.547,
1665315.155,,1354.805,1124.051,
1665381.815,,1351.232,1122.448,
1665448.473,,1350.226,1122.836,
1665515.130,,1348.056,1123.794,
1665581.789,,1347.203,1123.977,
1665648.448,,1350.068,1123.689,
1665715.106,,1349.178,1123.791,
1665781.766,,1347.999,1124.348,
1665848.422,,1349.083,1123.659,
1665915.079,,1348.997,1127.725,
1665981.740,,1345.366,1128.456,
1666048.396,,1351.569,1129.726,
1666115.056,,1354.808,1131.056,
1666181.712,,1357.977,1132.930,
1666248.373,,1357.449,1132.106,
1666315.029,,1358.575,1130.978,
1666381.687,,1355.951,1128.647,
1666448.350,,1354.300,1130.140,
1666515.005,,1352.677,1126.430,
1666581.666,,1348.134,1122.279,
1666648.324,,1342.381,1118.629,
1666714.982,,1341.731,1119.787,
1666781.642,,1348.291,1119.097,
1666848.300,,1345.800,1117.127,
1666914.958,,1342.586,1117.078,
1666981.613,,1339.909,1117.487,
1667048.273,,1344.722,1117.215,
1667114.933,,1348.496,1116.900,
1667181.588,,1341.805,1116.586,
1667248.250,,1339.361,1113.562,
1667314.907,,1336.456,1114.995,
1667381.565,,1334.543,1118.777,
1667448.222,,1333.787,1124.023,
1667514.883,,1338.106,1123.792,
1667581.543,,1341.596,1124.862,
1667648.197,,1344.374,1126.341,
1667714.856,,1343.454,1129.439,
1667781.516,,1345.818,1130.235,
1667848.172,,1347.097,1127.984,
1667914.835,,1349.184,1128.142,
1667981.490,,1345.712,1127.261,
1668048.147,,1347.838,1130.764,
1668114.810,,1345.121,1139.118,
1668181.464,,1345.310,1145.164,
1668248.126,,1343.626,1146.082,
1668314.783,,1344.229,1146.814,
1668381.446,,1349.081,1146.531,
1668448.101,,1349.707,1143.728,
1668514.758,,1345.691,1142.641,
1668581.419,,1342.525,1145.472,
1668648.072,,1343.713,1146.230,
1668714.730,,1345.328,1145.877,
1668781.394,,1348.282,1147.508,
1668848.051,,1347.089,1140.463,
1668914.706,,1343.397,1140.068,
1668981.369,,1342.226,1143.625,
1669048.026,,1345.407,1146.161,
1669114.686,,1343.305,1147.849,
1669181.342,,1343.872,1147.304,
1669248.001,,1343.477,1147.858,
1669314.661,,1344.558,1144.725,
1669381.318,,1346.392,1145.191,
1669447.972,,1346.747,1146.971,
1669514.634,,1348.871,1149.619,
1669581.289,,1349.709,1146.858,
1669647.952,,1347.654,1152.556,
1669714.611,,1341.588,1172.279,
1669781.264,,1344.705,1195.974,
1669847.921,,1341.928,1212.939,
1669914.582,,1340.606,1211.798,
1669981.240,,1337.155,1215.986,
1670047.902,,1342.398,1217.591,
1670114.558,,1348.301,1221.724,
1670181.218,,1346.993,1213.870,
1670247.877,,1336.390,1215.852,
1670314.535,,1339.711,1214.438,
1670381.190,,1340.347,1209.560,
1670447.847,,1341.530,1208.772,
1670514.506,,1340.080,1199.691,
1670581.167,,1335.850,1182.654,
1670647.826,,1328.693,1175.517,
1670714.482,,1331.710,1171.846,
1670781.144,,1332.673,1171.562,
1670847.799,,1324.909,1172.268,
1670914.461,,1329.581,1170.351,
1670981.114,,1333.939,1165.042,
1671047.773,,1329.407,1160.166,
1671114.435,,1330.252,1155.477,
1671181.093,,1333.056,1153.098,
1671247.748,,1332.589,1152.764,
1671314.412,,1328.009,1154.716,
1671381.069,,1330.365,1165.668,
1671447.724,,1333.779,1175.418,
1671514.384,,1333.374,1175.759,
1671581.041,,1336.310,1175.276,
1671647.698,,1333.243,1174.932,
1671714.362,,1335.183,1170.386,
1671781.019,,1335.557,1168.020,
1671847.677,,1332.648,1166.627,
1671914.332,,1332.263,1163.807,
1671980.993,,1334.853,1160.628,
1672047.648,,1335.473,1161.213,
1672114.305,,1340.547,1158.428,
1672180.966,,1339.518,1160.236,
1672247.618,,1341.243,1160.201,
1672314.280,,1338.935,1157.180,
1672380.933,,1337.336,1155.612,
1672447.598,,1340.283,1155.304,
1672514.254,,1336.731,1156.067,
1672580.908,,1341.456,1152.177,
1672647.569,,1343.982,1152.424,
1672714.223,,1341.396,1147.739,
1672780.881,,1341.652,1150.016,
1672847.542,,1340.653,1150.338,
1672914.198,,1339.375,1144.007,
1672980.856,,1339.286,1143.101,
1673047.513,,1334.247,1151.899,
1673114.172,,1334.140,1153.035,
1673180.833,,1338.070,1155.560,
1673247.487,,1343.428,1158.841,
1673314.144,,1342.539,1166.812,
1673380.805,,1341.473,1173.442,
1673447.458,,1341.765,1173.182,
1673514.116,,1342.165,1172.451,
1673580.777,,1339.615,1173.092,
1673647.433,,1339.918,1170.909,
1673714.091,,1342.367,1171.168,
1673780.749,,1342.513,1169.929,
1673847.410,,1343.310,1163.069,
1673914.067,,1346.655,1160.947,
1673980.720,,1342.929,1152.462,
1674047.381,,1337.896,1146.925,
1674114.037,,1335.276,1144.888,
1674180.698,,1341.837,1142.862,
1674247.352,,1342.881,1144.676,
1674314.015,,1339.749,1148.423,
1674380.667,,1338.547,1150.063,
1674447.324,,1338.069,1152.700,
1674513.988,,1339.295,1148.894,
1674580.644,,1343.989,1148.713,
1674647.299,,1341.496,1146.265,
1674713.959,,1337.304,1146.517,
1674780.616,,1342.510,1152.638,
1674847.272,,1336.136,1151.559,
1674913.929,,1335.486,1151.420,
1674980.590,,1336.602,1148.973,
1675047.245,,1336.622,1148.887,
1675113.907,,1334.068,1148.447,
1675180.561,,1334.609,1144.410,
1675247.220,,1338.443,1143.758,
1675313.879,,1339.037,1146.339,
1675380.533,,1341.364,1147.980,
1675447.192,,1341.946,1147.875,
1675513.850,,1340.269,1146.290,
1675580.509,,1342.508,1145.465,
1675647.163,,1343.013,1148.781,
1675713.824,,1340.224,1145.703,
1675780.484,,1336.692,1145.203,
1675847.141,,1333.709,1143.683,
1675913.794,,1333.679,1139.255,
1675980.452,,1334.159,1137.503,
1676047.114,,1336.973,1134.995,
1676113.773,,1335.863,1135.487,
1676180.431,,1336.233,1132.318,
1676247.085,,1339.159,1133.268,
1676313.742,,1336.281,1129.804,
1676380.398,,1338.592,1127.568,
1676447.060,,1337.255,1127.789,
1676513.716,,1337.761,1129.472,
1676580.377,,1337.794,1135.078,
1676647.031,,1341.932,1140.596,
1676713.689,,1343.390,1144.059,
1676780.350,,1341.760,1145.786,
1676847.008,,1343.940,1148.223,
1676913.665,,1344.749,1146.131,
1676980.318,,1339.132,1135.305,
1677046.979,,1334.846,1131.720,
1677113.637,,1330.572,1132.418,
1677180.297,,1327.413,1131.950,
1677246.953,,1327.496,1134.249,
1677313.613,,1328.348,1139.627,
1677380.269,,1329.916,1150.053,
1677446.924,,1333.770,1161.029,
1677513.585,,1333.057,1165.234,
1677580.239,,1336.284,1174.051,
1677646.900,,1342.332,1180.170,
1677713.560,,1345.265,1179.784,
1677780.213,,1350.456,1186.172,
1677846.873,,1342.860,1184.243,
1677913.529,,1346.088,1181.573,
1677980.187,,1342.425,1175.836,
1678046.845,,1340.949,1172.477,
1678113.501,,1337.954,1167.620,
1678180.159,,1335.069,1171.597,
1678246.819,,1341.851,1167.221,
1678313.473,,1349.644,1164.651,
1678380.131,,1338.583,1161.134,
1678446.789,,1353.916,1164.277,
1678513.449,,1374.343,1167.280,
1678580.109,,1370.191,1171.210,
1678646.765,,1367.143,1163.391,
1678713.424,,1335.343,1168.503,
1678780.078,,1334.724,1170.427,
1678846.741,,1334.228,1168.457,
1678913.394,,1338.151,1165.832,
1678980.052,,1336.729,1168.650,
1679046.714,,1341.070,1172.268,
1679113.367,,1342.939,1179.921,
1679180.024,,1340.230,1185.503,
1679246.686,,1337.339,1186.564,
1679313.340,,1343.186,1184.909,
1679379.999,,1340.696,1179.664,
1679446.661,,1340.599,1174.861,
1679513.318,,1337.643,1170.774,
1679579.973,,1336.410,1165.395,
1679646.632,,1332.349,1161.996,
1679713.292,,1332.670,1159.782,
1679779.946,,1331.327,1157.327,
1679846.605,,1333.795,1153.729,
1679913.261,,1331.928,1150.968,
1679979.917,,1334.831,1150.730,
1680046.577,,1332.668,1152.784,
1680113.237,,1332.782,1153.095,
1680179.891,,1330.002,1151.650,
1680246.555,,1332.518,1151.573,
1680313.209,,1336.518,1149.207,
1680379.868,,1340.025,1149.301,
1680446.523,,1342.117,1149.248,
1680513.185,,1340.107,1150.053,
1680579.841,,1336.336,1145.933,
1680646.497,,1337.343,1145.555,
1680713.153,,1344.000,1143.131,
1680779.815,,1343.700,1140.831,
1680846.472,,1341.327,1140.197,
1680913.127,,1339.593,1140.288,
1680979.786,,1341.463,1142.200,
1681046.448,,1336.805,1146.816,
1681113.103,,1334.060,1150.235,
1681179.761,,1337.252,1151.083,
1681246.420,,1338.590,1151.279,
1681313.074,,1340.878,1158.571,
1681379.733,,1340.885,1164.652,
1681446.391,,1334.510,1163.093,
1681513.050,,1337.114,1161.888,
1681579.705,,1331.627,1158.933,
1681646.364,,1339.808,1159.566,
1681713.021,,1341.023,1159.247,
1681779.682,,1347.028,1166.938,
1681846.338,,1345.602,1170.679,
1681913.000,,1348.996,1172.202,
1681979.653,,1344.400,1172.471,
1682046.313,,1338.273,1168.761,
1682112.967,,1338.874,1164.631,
1682179.632,,1322.489,1171.532,
1682246.284,,1338.893,1171.881,
1682312.946,,1343.776,1191.777,
1682379.599,,1330.629,1219.070,
1682446.262,,1335.997,1270.703,
1682512.919,,1329.681,1284.066,
1682579.576,,1334.021,1319.731,
1682646.235,,1334.749,1326.048,
1682712.890,,1345.001,1320.483,
1682779.547,,1341.695,1309.146,
1682846.204,,1343.918,1304.223,
1682912.867,,1344.515,1306.308,
1682979.519,,1339.109,1303.407,
1683046.177,,1336.242,1294.266,
1683112.837,,1335.640,1284.529,
1683179.493,,1328.885,1291.130,
1683246.150,,1331.025,1293.720,
1683312.809,,1335.936,1289.671,
1683379.472,,1335.654,1297.206,
1683446.124,,1332.188,1293.943,
1683512.784,,1334.624,1284.199,
1683579.445,,1335.161,1274.264,
1683646.102,,1333.799,1274.917,
1683712.759,,1332.755,1267.371,
1683779.416,,1340.181,1260.012,
1683846.075,,1332.121,1268.957,
1683912.731,,1346.892,1278.291,
1683979.393,,1333.587,1286.478,
1684046.051,,1338.270,1283.369,
1684112.706,,1339.168,1282.673,
1684179.360,,1340.368,1280.682,
1684246.019,,1338.037,1275.267,
1684312.678,,1337.077,1267.620,
1684379.334,,1336.702,1263.564,
1684445.997,,1337.056,1261.283,
1684512.649,,1340.994,1260.443,
1684579.311,,1340.695,1260.511,
1684645.966,,1340.870,1261.495,
1684712.626,,1340.883,1260.676,
1684779.287,,1339.439,1255.141,
1684845.943,,1338.121,1249.172,
1684912.601,,1339.886,1242.484,
1684979.258,,1339.380,1237.630,
1685045.917,,1336.851,1230.658,
1685112.574,,1346.283,1228.007,
1685179.232,,1341.577,1223.736,
1685245.892,,1338.414,1217.004,
1685312.543,,1342.591,1212.014,
1685379.206,,1335.372,1208.853,
1685445.864,,1340.670,1206.756,
1685512.522,,1339.461,1203.742,
1685579.177,,1340.082,1197.591,
1685645.835,,1342.646,1196.861,
1685712.491,,1337.765,1191.395,
1685779.152,,1338.587,1192.775,
1685845.806,,1336.627,1191.302,
1685912.468,,1335.754,1193.071,
1685979.126,,1340.874,1190.060,
1686045.781,,1341.805,1190.916,
1686112.440,,1337.985,1186.765,
1686179.098,,1337.107,1185.826,
1686245.756,,1339.392,1181.029,
1686312.414,,1336.004,1182.689,
1686379.071,,1338.646,1182.045,
1686445.726,,1336.267,1181.042,
1686512.389,,1343.880,1182.907,
1686579.048,,1343.625,1176.937,
1686645.702,,1343.509,1175.675,
1686712.363,,1342.771,1182.163,
1686779.019,,1347.232,1181.448,
1686845.678,,1344.740,1177.996,
1686912.332,,1341.360,1182.711,
1686978.990,,1346.894,1188.453,
1687045.653,,1345.131,1189.429,
1687112.310,,1341.205,1192.656,
1687178.967,,1349.871,1192.814,
1687245.622,,1348.520,1189.395,
1687312.282,,1346.573,1185.821,
1687378.940,,1345.456,1182.420,
1687445.600,,1342.972,1175.929,
1687512.254,,1338.030,1169.653,
1687578.911,,1337.375,1167.639,
1687645.568,,1333.488,1161.030,
1687712.228,,1332.450,1160.801,
1687778.888,,1336.522,1158.292,
1687845.547,,1329.532,1161.705,
1687912.204,,1335.979,1160.957,
1687978.862,,1344.399,1169.540,
1688045.516,,1341.952,1167.483,
1688112.178,,1341.465,1174.134,
1688178.835,,1352.076,1173.414,
1688245.490,,1334.563,1182.461,
1688312.153,,1338.795,1186.715,
1688378.809,,1341.656,1178.918,
1688445.469,,1338.126,1171.770,
1688512.126,,1334.706,1160.757,
1688578.783,,1340.360,1160.198,
1688645.444,,1338.016,1155.433,
1688712.101,,1347.162,1156.200,
1688778.760,,1333.636,1156.897,
1688845.412,,1329.461,1171.790,
1688912.070,,1332.983,1190.222,
1688978.731,,1331.512,1192.886,
1689045.387,,1328.301,1199.465,
1689112.045,,1325.867,1192.107,
1689178.705,,1327.419,1189.817,
1689245.363,,1321.260,1186.136,
1689312.020,,1328.504,1181.533,
1689378.679,,1325.125,1176.964,
1689445.339,,1329.526,1174.820,
1689511.996,,1324.514,1182.831,
1689578.654,,1325.987,1181.005,
1689645.310,,1330.506,1183.922,
1689711.967,,1338.615,1189.162,
1689778.626,,1341.260,1182.381,
1689845.283,,1338.121,1172.316,
1689911.942,,1329.091,1166.267,
1689978.600,,1332.520,1165.719,
1690045.257,,1333.373,1165.646,
1690111.915,,1332.104,1162.800,
1690178.571,,1333.205,1163.266,
1690245.231,,1339.322,1164.037,
1690311.891,,1337.002,1162.878,
1690378.547,,1329.857,1162.215,
1690445.209,,1325.918,1161.974,
1690511.866,,1327.736,1160.128,
1690578.523,,1340.058,1159.449,
1690645.181,,1341.049,1156.171,
1690711.837,,1329.445,1159.083,
1690778.493,,1335.447,1166.018,
1690845.154,,1340.517,1167.111,
1690911.812,,1338.868,1172.883,
1690978.473,,1330.878,1165.254,
1691045.129,,1334.178,1163.697,
1691111.788,,1329.686,1164.964,
1691178.446,,1334.431,1160.290,
1691245.101,,1341.937,1156.954,
1691311.758,,1332.366,1157.859,
1691378.418,,1332.429,1153.844,
1691445.079,,1330.023,1151.906,
1691511.731,,1333.715,1151.322,
1691578.394,,1341.406,1152.549,
1691645.048,,1336.228,1147.390,
1691711.709,,1332.314,1143.698,
1691778.366,,1334.102,1143.004,
1691845.024,,1335.198,1142.509,
1691911.680,,1335.912,1140.933,
1691978.340,,1333.645,1140.157,
1692044.995,,1328.859,1140.465,
1692111.657,,1332.292,1143.203,
1692178.317,,1335.021,1145.495,
1692244.971,,1333.465,1144.593,
1692311.633,,1332.677,1143.431,
1692378.291,,1336.392,1141.904,
1692444.949,,1331.645,1142.930,
1692511.605,,1331.304,1142.160,
1692578.261,,1339.274,1152.950,
1692644.920,,1332.203,1173.476,
1692711.580,,1328.645,1224.873,
1692778.239,,1331.022,1246.851,
1692844.892,,1331.821,1251.780,
1692911.552,,1330.899,1245.304,
1692978.208,,1335.916,1246.281,
1693044.867,,1336.547,1242.475,
1693111.527,,1341.868,1233.677,
1693178.186,,1334.612,1224.645,
1693244.845,,1330.677,1219.220,
1693311.501,,1327.474,1216.683,
1693378.160,,1333.988,1215.910,
1693444.821,,1337.944,1209.649,
1693511.475,,1346.269,1206.334,
1693578.133,,1349.917,1200.315,
1693644.792,,1349.433,1197.566,
1693711.449,,1348.961,1197.352,
1693778.107,,1347.699,1192.043,
1693844.766,,1348.356,1190.884,
1693911.427,,1341.987,1187.796,
1693978.082,,1353.102,1185.445,
1694044.740,,1340.249,1189.595,
1694111.395,,1340.756,1192.704,
1694178.054,,1334.265,1192.093,
1694244.712,,1338.743,1191.509,
1694311.370,,1342.346,1196.628,
1694378.030,,1343.951,1198.218,
1694444.686,,1348.814,1193.111,
1694511.344,,1348.955,1194.631,
1694578.003,,1352.110,1197.412,
1694644.658,,1348.734,1197.349,
1694711.321,,1348.785,1203.760,
1694777.977,,1346.578,1202.153,
1694844.632,,1341.820,1200.578,
1694911.290,,1339.798,1188.761,
1694977.954,,1328.948,1176.637,
1695044.609,,1337.774,1173.323,
1695111.265,,1336.409,1169.934,
1695177.922,,1335.903,1170.413,
1695244.585,,1348.407,1167.708,
1695311.240,,1342.339,1166.220,
1695377.898,,1342.969,1161.663,
1695444.561,,1338.506,1161.345,
1695511.213,,1342.825,1162.619,
1695577.875,,1346.064,1162.417,
1695644.530,,1346.925,1158.561,
1695711.192,,1343.240,1157.677,
1695777.846,,1346.553,1154.310,
1695844.507,,1342.909,1156.089,
1695911.163,,1339.513,1163.187,
1695977.821,,1341.522,1155.736,
1696044.477,,1339.150,1158.211,
1696111.137,,1333.358,1160.769,
1696177.796,,1339.599,1156.394,
1696244.456,,1338.014,1163.410,
1696311.116,,1337.537,1156.625,
1696377.770,,1336.112,1161.246,
1696444.428,,1329.249,1169.590,
1696511.089,,1336.376,1170.145,
1696577.746,,1329.433,1169.268,
1696644.405,,1329.220,1165.331,
1696711.065,,1332.646,1169.487,
1696777.720,,1332.551,1159.768,
1696844.378,,1327.730,1155.782,
1696911.034,,1332.887,1151.758,
1696977.692,,1335.634,1144.069,
1697044.356,,1331.112,1142.462,
1697111.012,,1339.448,1146.081,
1697177.671,,1338.426,1143.603,
1697244.329,,1336.345,1142.924,
1697310.985,,1341.477,1143.890,
1697377.640,,1345.445,1143.475,
1697444.301,,1341.529,1139.559,
1697510.960,,1342.297,1139.211,
1697577.615,,1341.896,1138.864,
1697644.279,,1338.107,1135.233,
1697710.934,,1334.794,1135.021,
1697777.589,,1335.455,1135.235,
1697844.250,,1336.964,1132.523,
1697910.909,,1335.813,1132.109,
1697977.565,,1341.249,1133.773,
1698044.223,,1332.033,1132.694,
1698110.883,,1335.154,1134.276,
1698177.542,,1339.775,1136.875,
1698244.196,,1340.046,1146.648,
1698310.855,,1338.516,1152.866,
1698377.517,,1339.331,1154.891,
1698444.176,,1336.054,1156.347,
1698510.831,,1331.119,1153.361,
1698577.489,,1333.584,1150.909,
1698644.150,,1331.977,1151.692,
1698710.807,,1329.910,1148.168,
1698777.462,,1331.661,1149.184,
1698844.119,,1331.882,1143.279,
1698910.780,,1336.884,1147.827,
1698977.438,,1340.970,1149.218,
1699044.095,,1346.657,1151.708,
1699110.755,,1347.052,1148.439,
1699177.412,,1345.170,1145.705,
1699244.073,,1342.146,1145.376,
1699310.727,,1343.978,1145.427,
1699377.389,,1347.231,1145.638,
1699444.047,,1346.419,1147.831,
1699510.702,,1346.613,1146.830,
1699577.365,,1345.874,1146.139,
1699644.022,,1350.298,1145.116,
1699710.678,,1348.098,1149.257,
1699777.334,,1345.860,1149.442,
1699843.991,,1347.253,1149.864,
1699910.656,,1344.417,1155.785,
1699977.313,,1346.370,1155.802,
1700043.966,,1341.697,1153.532,
1700110.627,,1337.953,1146.714,
1700177.283,,1337.147,1144.065,
1700243.941,,1335.522,1146.000,
1700310.603,,1335.891,1148.892,
1700377.259,,1339.243,1146.569,
1700443.920,,1333.124,1153.160,
1700510.578,,1337.838,1155.701,
1700577.235,,1335.530,1154.239,
1700643.894,,1337.640,1150.837,
1700710.552,,1323.210,1149.723,
1700777.206,,1326.967,1152.436,
1700843.870,,1330.114,1151.641,
1700910.526,,1328.462,1153.429,
1700977.181,,1325.003,1150.919,
1701043.841,,1330.445,1154.895,
1701110.498,,1347.472,1155.475,
1701177.157,,1340.583,1149.092,
1701243.817,,1340.010,1151.298,
1701310.474,,1342.151,1151.845,
1701377.134,,1345.033,1152.619,
1701443.787,,1345.432,1150.707,
1701510.449,,1347.239,1152.899,
1701577.106,,1349.336,1153.928,
1701643.764,,1346.150,1155.114,
1701710.421,,1343.227,1157.241,
1701777.083,,1341.813,1156.928,
1701843.737,,1340.824,1158.412,
1701910.398,,1342.259,1151.096,
1701977.057,,1340.888,1157.220,
1702043.714,,1336.794,1165.339,
1702110.372,,1333.883,1173.278,
1702177.027,,1336.930,1175.279,
1702243.685,,1337.066,1178.977,
1702310.349,,1336.355,1186.991,
1702377.003,,1341.690,1195.061,
1702443.664,,1342.597,1196.350,
1702510.320,,1340.630,1209.071,
1702576.977,,1334.359,1220.629,
1702643.640,,1338.783,1232.676,
1702710.296,,1334.720,1226.718,
1702776.955,,1342.750,1223.824,
1702843.610,,1341.439,1227.827,
1702910.269,,1343.114,1229.095,
1702976.929,,1341.404,1233.651,
1703043.584,,1340.124,1235.095,
1703110.244,,1341.673,1247.295,
1703176.900,,1338.777,1245.438,
1703243.563,,1344.581,1255.200,
1703310.215,,1336.436,1256.194,
1703376.879,,1337.197,1265.469,
1703443.535,,1346.445,1273.248,
1703510.194,,1341.867,1264.393,
1703576.848,,1338.899,1253.872,
1703643.512,,1342.704,1249.202,
1703710.167,,1340.947,1238.701,
1703776.827,,1345.487,1236.950,
1703843.484,,1339.461,1229.874,
1703910.143,,1341.515,1227.807,
1703976.801,,1339.141,1221.063,
1704043.462,,1338.991,1216.961,
1704110.120,,1337.940,1218.304,
1704176.775,,1339.933,1213.111,
1704243.438,,1338.823,1218.253,
1704310.096,,1341.987,1213.323,
1704376.755,,1339.890,1217.255,
1704443.413,,1340.383,1215.380,
1704510.069,,1338.650,1215.447,
1704576.727,,1341.977,1210.106,
1704643.387,,1336.936,1208.292,
1704710.043,,1341.765,1206.967,
1704776.702,,1332.410,1200.876,
1704843.360,,1336.630,1197.756,
1704910.021,,1335.629,1196.168,
1704976.681,,1336.981,1191.981,
1705043.336,,1333.541,1190.326,
1705109.994,,1338.231,1194.656,
1705176.657,,1332.677,1186.427,
1705243.315,,1337.327,1188.951,
1705309.973,,1329.536,1181.172,
1705376.632,,1335.532,1190.442,
1705443.286,,1334.750,1182.197,
1705509.943,,1333.976,1181.921,
1705576.605,,1334.608,1185.516,
1705643.263,,1333.275,1176.252,
1705709.923,,1328.914,1174.514,
1705776.583,,1334.302,1178.909,
1705843.238,,1331.856,1175.367,
1705909.900,,1329.747,1185.522,
1705976.557,,1336.692,1185.623,
1706043.213,,1333.160,1186.236,
1706109.876,,1334.495,1193.925,
1706176.534,,1340.818,1185.497,
1706243.189,,1333.274,1188.866,
1706309.845,,1334.702,1193.220,
1706376.508,,1331.221,1184.563,
1706443.167,,1331.785,1190.234,
1706509.826,,1336.561,1184.946,
1706576.480,,1327.883,1183.562,
1706643.138,,1335.822,1184.355,
1706709.797,,1330.145,1187.130,
1706776.455,,1337.899,1182.660,
1706843.117,,1344.274,1183.679,
1706909.778,,1333.420,1185.847,
1706976.436,,1329.601,1182.660,
1707043.093,,1335.078,1187.053,
1707109.751,,1326.300,1182.281,
1707176.408,,1330.392,1187.572,
1707243.065,,1332.915,1183.606,
1707309.726,,1328.079,1178.272,
1707376.386,,1332.502,1183.624,
1707443.041,,1323.966,1187.968,
1707509.699,,1332.472,1198.147,
1707576.359,,1335.633,1196.039,
1707643.015,,1326.204,1184.366,
1707709.680,,1324.937,1189.408,
1707776.336,,1333.426,1192.481,
1707842.991,,1326.553,1188.892,
1707909.652,,1338.401,1191.736,
1707976.310,,1329.323,1187.059,
1708042.967,,1334.710,1193.781,
1708109.629,,1326.839,1189.187,
1708176.288,,1331.560,1185.299,
1708242.945,,1333.490,1185.468,
1708309.602,,1323.648,1173.295,
1708376.258,,1328.878,1188.489,
1708442.920,,1314.735,1209.672,
1708509.578,,1328.697,1224.554,
1708576.238,,1326.355,1243.112,
1708642.898,,1308.258,1264.409,
1708709.553,,1314.661,1295.453,
1708776.213,,1330.066,1337.528,
1708842.872,,1308.853,1347.334,
1708909.530,,1325.675,1352.834,
1708976.185,,1321.290,1355.039,
1709042.846,,1324.305,1353.288,
1709109.508,,1322.058,1352.261,
1709176.166,,1319.133,1341.637,
1709242.824,,1323.684,1329.771,
1709309.480,,1325.880,1325.448,
1709376.140,,1327.948,1340.822,
1709442.796,,1325.398,1335.536,
1709509.456,,1324.978,1333.384,
1709576.118,,1326.804,1325.726,
1709642.770,,1324.558,1314.148,
1709709.435,,1333.362,1319.680,
1709776.091,,1333.161,1307.193,
1709842.746,,1321.394,1302.709,
1709909.409,,1326.842,1299.680,
1709976.068,,1322.080,1289.028,
1710042.727,,1321.580,1286.020,
1710109.385,,1325.820,1270.889,
1710176.042,,1324.896,1271.303,
1710242.702,,1330.612,1259.327,
1710309.358,,1323.114,1259.660,
1710376.000,,1327.187,1255.725,
1710442.672,,1322.161,1251.785,
1710509.333,,1322.963,1250.161,
1710575.991,,1320.737,1242.856,
1710642.651,,1322.945,1255.380,
1710709.308,,1323.864,1263.761,
1710775.965,,1321.085,1267.687,
1710842.627,,1326.994,1260.938,
1710909.283,,1314.940,1254.334,
1710975.944,,1322.015,1256.244,
1711042.601,,1321.920,1247.726,
1711109.258,,1323.484,1247.179,
1711175.918,,1328.274,1240.741,
1711242.577,,1322.720,1229.040,
1711309.239,,1319.872,1227.800,
1711375.891,,1321.896,1227.305,
1711442.553,,1319.039,1219.737,
1711509.213,,1318.644,1218.727,
1711575.871,,1316.822,1210.862,
1711642.526,,1315.367,1209.812,
1711709.187,,1320.484,1203.009,
1711775.846,,1317.299,1209.035,
1711842.505,,1321.776,1216.854,
1711909.159,,1320.986,1230.990,
1711975.820,,1322.260,1246.429,
1712042.475,,1313.948,1244.123,
1712109.133,,1317.709,1243.688,
1712175.790,,1313.288,1244.022,
1712242.452,,1315.288,1239.445,
1712309.106,,1319.149,1233.288,
1712375.763,,1318.195,1229.189,
1712442.427,,1321.645,1227.033,
1712509.085,,1316.295,1224.105,
1712575.740,,1325.186,1217.751,
1712642.400,,1324.389,1212.681,
1712709.059,,1317.578,1205.831,
1712775.717,,1325.468,1206.566,
1712842.369,,1316.740,1207.445,
1712909.033,,1318.356,1207.470,
1712975.685,,1320.716,1212.811,
1713042.349,,1308.922,1212.823,
1713109.006,,1313.402,1221.940,
1713175.662,,1321.798,1214.961,
1713242.319,,1320.707,1213.254,
1713308.980,,1321.962,1215.576,
1713375.635,,1322.222,1204.952,
1713442.293,,1316.821,1208.400,
1713508.953,,1326.944,1204.640,
1713575.609,,1317.912,1198.362,
1713642.268,,1312.094,1190.230,
1713708.927,,1316.049,1195.756,
1713775.582,,1324.401,1202.290,
1713842.245,,1317.735,1218.043,
1713908.898,,1313.936,1225.401,
1713975.557,,1319.939,1236.625,
1714042.213,,1315.598,1231.261,
1714108.876,,1321.653,1235.685,
1714175.535,,1321.700,1228.760,
1714242.192,,1313.670,1218.973,
1714308.850,,1310.470,1216.452,
1714375.506,,1319.016,1219.081,
1714442.161,,1328.577,1213.303,
1714508.819,,1313.326,1205.900,
1714575.482,,1324.648,1208.712,
1714642.139,,1304.885,1205.147,
1714708.795,,1318.842,1211.780,
1714775.452,,1306.085,1190.866,
1714842.113,,1315.697,1199.255,
1714908.770,,1323.051,1194.198,
1714975.429,,1308.589,1195.672,
1715042.083,,1321.496,1192.904,
1715108.744,,1308.340,1197.135,
1715175.400,,1313.116,1188.142,
1715242.061,,1320.303,1188.756,
1715308.719,,1313.795,1188.687,
1715375.379,,1314.946,1187.068,
1715442.032,,1327.199,1198.052,
1715508.691,,1317.625,1183.231,
1715575.351,,1327.105,1188.935,
1715642.005,,1321.317,1181.177,
1715708.668,,1319.929,1183.505,
1715775.326,,1313.090,1191.676,
1715841.981,,1314.556,1190.916,
1715908.640,,1321.181,1199.321,
1715975.298,,1319.470,1194.679,
1716041.959,,1321.979,1191.524,
1716108.615,,1320.272,1188.865,
1716175.270,,1320.629,1188.648,
1716241.932,,1311.392,1187.824,
1716308.589,,1322.649,1183.976,
1716375.244,,1320.564,1179.644,
1716441.902,,1322.241,1182.367,
1716508.565,,1329.256,1184.970,
1716575.222,,1333.317,1195.070,
1716641.878,,1336.289,1205.517,
1716708.537,,1325.199,1204.874,
1716775.196,,1324.306,1202.148,
1716841.855,,1320.370,1201.186,
1716908.507,,1311.346,1193.854,
1716975.164,,1327.047,1197.469,
1717041.825,,1324.742,1198.121,
1717108.487,,1315.826,1190.024,
1717175.144,,1302.046,1195.113,
1717241.797,,1310.973,1194.154,
1717308.459,,1306.818,1192.803,
1717375.113,,1315.014,1201.028,
1717441.776,,1311.569,1187.396,
1717508.432,,1322.190,1200.175,
1717575.086,,1319.168,1188.340,
1717641.746,,1324.456,1207.521,
1717708.406,,1327.830,1199.352,
1717775.066,,1308.924,1202.533,
1717841.723,,1333.686,1200.693,
1717908.379,,1320.782,1186.853,
1717975.037,,1317.706,1192.973,
1718041.695,,1318.364,1187.883,
1718108.354,,1307.176,1194.443,
1718175.009,,1325.617,1184.288,
1718241.668,,1304.837,1187.720,
1718308.327,,1323.124,1183.187,
1718374.983,,1325.790,1170.042,
1718441.645,,1330.780,1193.650,
1718508.302,,1324.407,1178.982,
1718574.959,,1306.409,1204.921,
1718641.615,,1317.259,1198.007,
1718708.278,,1304.752,1211.452,
1718774.931,,1336.255,1209.345,
1718841.590,,1316.654,1194.111,
1718908.247,,1331.851,1212.263,
1718974.905,,1322.847,1190.128,
1719041.567,,1305.973,1204.291,
1719108.222,,1328.513,1186.058,
1719174.883,,1307.348,1181.538,
1719241.536,,1323.919,1182.620,
1719308.195,,1311.724,1192.835,
1719374.854,,1304.551,1166.802,
1719441.510,,1313.911,1187.406,
1719508.174,,1326.969,1166.414,
1719574.831,,1300.345,1173.708,
1719641.490,,1327.407,1179.570,
1719708.144,,1299.119,1155.843,
1719774.806,,1320.524,1189.349,
1719841.463,,1322.524,1181.855,
1719908.122,,1311.623,1201.163,
1719974.779,,1302.884,1203.552,
1720041.435,,1320.051,1202.122,
1720108.096,,1312.796,1191.222,
1720174.754,,1322.251,1207.398,
1720241.409,,1319.979,1191.471,
1720308.070,,1306.775,1205.093,
1720374.726,,1331.398,1199.594,
1720441.383,,1313.721,1187.640,
1720508.044,,1326.372,1210.095,
1720574.698,,1324.697,1193.156,
1720641.357,,1311.939,1206.065,
1720708.015,,1344.886,1201.528,
1720774.672,,1325.963,1193.508,
1720841.330,,1323.359,1196.340,
1720907.987,,1326.313,1187.012,
1720974.648,,1312.734,1186.925,
1721041.303,,1319.603,1183.385,
1721107.963,,1324.490,1181.060,
1721174.621,,1317.174,1178.646,
1721241.279,,1315.666,1173.235,
1721307.940,,1317.281,1175.841,
1721374.594,,1336.529,1191.445,
1721441.255,,1329.049,1200.277,
1721507.912,,1323.637,1207.454,
1721574.567,,1332.335,1209.121,
1721641.227,,1338.510,1208.048,
1721707.883,,1331.233,1207.072,
1721774.542,,1326.763,1203.000,
1721841.199,,1323.935,1202.630,
1721907.860,,1312.850,1198.429,
1721974.518,,1317.947,1201.004,
1722041.172,,1321.163,1197.598,
1722107.832,,1323.323,1195.963,
1722174.488,,1312.750,1197.872,
1722241.146,,1323.199,1194.710,
1722307.809,,1327.572,1189.977,
1722374.464,,1324.618,1186.315,
1722441.124,,1321.867,1190.365,
1722507.781,,1326.084,1187.431,
1722574.437,,1342.688,1184.183,
1722641.098,,1347.865,1184.629,
1722707.754,,1341.468,1184.731,
1722774.413,,1337.213,1178.540,
1722841.066,,1346.193,1174.059,
1722907.727,,1330.716,1174.379,
1722974.385,,1333.064,1172.988,
1723041.046,,1344.188,1170.706,
1723107.702,,1338.490,1169.403,
1723174.362,,1342.708,1164.954,
1723241.016,,1341.663,1166.058,
1723307.678,,1339.006,1164.003,
1723374.335,,1342.920,1158.133,
1723440.993,,1324.182,1155.798,
1723507.651,,1327.948,1157.600,
1723574.306,,1332.166,1154.596,
1723640.965,,1332.003,1154.981,
1723707.620,,1335.218,1155.360,
1723774.283,,1319.682,1146.399,
1723840.938,,1333.017,1151.106,
1723907.600,,1334.077,1150.023,
1723974.256,,1336.549,1150.317,
1724040.913,,1333.449,1152.303,
1724107.569,,1333.809,1149.475,
1724174.228,,1331.477,1150.539,
1724240.889,,1329.020,1147.640,
1724307.544,,1335.137,1148.391,
1724374.203,,1337.747,1147.676,
1724440.863,,1335.990,1151.491,
1724507.518,,1340.624,1152.246,
1724574.178,,1341.061,1153.858,
1724640.832,,1338.022,1152.493,
1724707.491,,1343.044,1154.076,
1724774.151,,1350.977,1156.207,
1724840.807,,1343.492,1155.320,
1724907.464,,1346.069,1148.702,
1724974.122,,1342.739,1151.330,
1725040.784,,1341.501,1150.677,
1725107.440,,1345.005,1140.502,
1725174.098,,1335.719,1143.006,
1725240.755,,1336.863,1140.535,
1725307.413,,1340.278,1136.241,
1725374.074,,1341.378,1137.089,
1725440.732,,1336.295,1133.018,
1725507.388,,1333.857,1131.554,
1725574.048,,1331.998,1133.996,
1725640.706,,1334.334,1133.341,
1725707.361,,1330.569,1131.029,
1725774.017,,1317.156,1124.345,
1725840.675,,1318.077,1125.671,
1725907.336,,1326.767,1129.976,
1725973.990,,1329.364,1134.433,
1726040.648,,1350.073,1142.558,
1726107.311,,1351.368,1136.842,
1726173.965,,1327.857,1138.429,
1726240.623,,1334.522,1146.170,
1726307.283,,1327.694,1155.515,
1726373.941,,1341.311,1166.571,
1726440.602,,1341.904,1176.284,
1726507.260,,1344.127,1172.449,
1726573.912,,1350.116,1187.080,
1726640.572,,1347.721,1185.218,
1726707.229,,1348.663,1191.122,
1726773.886,,1365.096,1186.465,
1726840.549,,1344.756,1185.750,
1726907.204,,1353.323,1192.190,
1726973.866,,1349.784,1190.571,
1727040.523,,1353.330,1198.330,
1727107.179,,1363.098,1194.186,
1727173.837,,1349.621,1195.398,
1727240.494,,1356.684,1199.630,
1727307.153,,1359.312,1190.794,
1727373.813,,1347.998,1191.158,
1727440.468,,1341.635,1182.220,
1727507.124,Input1*2*0,1341.905,1183.031,
1727573.784,Input1*2*1,1344.156,1186.722,
1727640.445,,1332.378,1188.460,
1727707.100,,1340.606,1191.123,
1727773.761,,1347.916,1181.673,
1727840.419,,1352.287,1187.349,
1727907.076,,1360.040,1189.576,
1727973.730,,1342.620,1198.115,
1728040.386,,1345.008,1199.734,
1728107.042,,1338.161,1193.133,
1728173.706,,1340.560,1186.290,
1728240.360,,1346.501,1189.479,
1728307.020,,1342.864,1187.931,
1728373.673,,1341.075,1182.838,
1728440.332,,1335.245,1181.168,
1728506.988,,1354.741,1183.451,
1728573.649,,1341.944,1177.438,
1728640.306,,1345.489,1188.753,
1728706.964,,1355.679,1187.101,
1728773.619,,1340.070,1192.044,
1728840.281,,1351.361,1209.985,
1728906.935,,1349.694,1209.936,
1728973.595,,1338.779,1218.096,
1729040.250,,1328.793,1206.393,
1729106.905,,1332.441,1206.307,
1729173.564,,1319.793,1199.534,
1729240.224,,1344.503,1198.020,
1729306.878,,1319.998,1185.572,
1729373.534,,1342.351,1198.305,
1729440.193,,1332.096,1179.615,
1729506.853,,1330.877,1194.478,
1729573.512,,1345.984,1182.618,
1729640.165,,1343.073,1182.598,
1729706.827,,1328.391,1179.237,
1729773.481,,1336.950,1180.551,
1729840.140,,1331.578,1171.720,
1729906.796,,1339.310,1177.902,
1729973.452,,1344.660,1171.250,
1730040.111,,1333.331,1169.264,
1730106.771,,1327.790,1159.003,
1730173.425,,1338.224,1170.801,
1730240.087,,1337.322,1155.720,
1730306.745,,1327.835,1168.552,
1730373.400,,1347.881,1156.472,
1730440.059,,1321.923,1151.670,
1730506.713,,1353.313,1163.824,
1730573.369,,1338.970,1146.734,
1730640.027,,1327.803,1165.305,
1730706.688,,1356.796,1159.963,
1730773.342,,1331.466,1156.026,
1730840.003,,1323.361,1143.881,
1730906.660,,1341.872,1152.793,
1730973.314,,1347.173,1159.582,
1731039.975,,1355.784,1162.804,
1731106.629,,1351.096,1156.397,
1731173.286,,1348.514,1155.677,
1731239.944,,1345.931,1152.639,
1731306.604,,1343.498,1150.834,
1731373.261,,1349.696,1146.701,
1731439.919,,1344.057,1150.748,
1731506.578,,1347.148,1147.676,
1731573.236,,1352.965,1149.050,
1731639.890,,1356.527,1150.146,
1731706.546,,1360.535,1148.447,
1731773.205,,1353.347,1144.365,
1731839.865,,1360.847,1142.905,
1731906.523,,1348.646,1143.496,
1731973.175,,1348.997,1147.456,
1732039.835,,1355.124,1148.734,
1732106.495,,1363.986,1154.329,
1732173.151,,1354.226,1164.190,
1732239.807,,1345.920,1171.332,
1732306.469,,1343.435,1172.311,
1732373.121,,1348.205,1172.431,
1732439.782,,1343.791,1191.646,
1732506.440,,1334.520,1212.593,
1732573.097,,1340.322,1212.665,
1732639.750,,1338.778,1211.495,
1732706.410,,1342.153,1215.892,
1732773.065,,1342.571,1221.576,
1732839.722,,1345.897,1211.742,
1732906.385,,1340.016,1214.602,
1732973.039,,1339.166,1207.045,
1733039.700,,1341.535,1200.864,
1733106.356,,1344.026,1198.491,
1733173.015,,1336.594,1195.204,
1733239.668,,1341.539,1191.426,
1733306.329,,1344.056,1191.582,
1733372.984,,1341.576,1187.815,
1733439.641,,1342.741,1181.189,
1733506.298,,1347.019,1178.604,
1733572.959,,1344.469,1179.684,
1733639.617,,1346.040,1175.408,
1733706.274,,1347.474,1174.182,
1733772.929,,1344.144,1172.084,
1733839.584,,1348.101,1170.229,
1733906.241,,1344.995,1170.915,
1733972.902,,1345.209,1166.664,
1734039.559,,1346.799,1164.913,
1734106.214,,1346.284,1165.318,
1734172.876,,1352.027,1163.986,
1734239.532,,1352.501,1161.309,
1734306.192,,1350.617,1161.617,
1734372.850,,1348.643,1159.765,
1734439.505,,1350.400,1159.003,
1734506.160,,1348.197,1158.428,
1734572.816,,1347.494,1161.836,
1734639.475,,1347.830,1162.046,
1734706.135,,1347.838,1164.045,
1734772.791,,1347.922,1170.006,
1734839.447,,1349.085,1171.013,
1734906.108,,1348.728,1173.953,
1734972.765,,1345.048,1180.247,
1735039.419,,1346.503,1199.852,
1735106.081,,1346.146,1214.839,
1735172.734,,1346.326,1215.075,
1735239.394,,1346.761,1210.854,
1735306.053,,1344.397,1209.126,
1735372.707,,1343.211,1208.176,
1735439.369,,1346.813,1205.073,
1735506.026,,1346.837,1200.914,
1735572.678,,1344.851,1193.784,
1735639.337,,1351.131,1191.157,
1735705.996,,1346.940,1187.610,
1735772.653,,1349.852,1188.320,
1735839.310,,1355.253,1187.207,
1735905.970,,1359.150,1186.621,
1735972.631,,1349.052,1184.888,
1736039.289,,1348.781,1182.379,
1736105.948,,1343.503,1180.884,
1736172.604,,1348.162,1177.761,
1736239.261,,1349.710,1173.710,
1736305.922,,1355.705,1171.551,
1736372.576,,1356.595,1171.224,
1736439.235,,1357.829,1170.072,
1736505.894,,1358.156,1166.824,
1736572.550,,1365.104,1166.421,
1736639.207,,1356.759,1164.901,
1736705.866,,1352.760,1161.257,
1736772.525,,1354.350,1159.115,
1736839.185,,1347.215,1159.670,
1736905.845,,1350.879,1156.527,
1736972.499,,1355.931,1154.306,
1737039.163,,1354.278,1155.175,
1737105.814,,1357.564,1153.485,
1737172.477,,1360.460,1150.655,
1737239.132,,1357.237,1150.370,
1737305.790,,1358.899,1149.439,
1737372.447,,1358.337,1149.736,
1737439.107,,1354.855,1147.873,
1737505.768,,1351.390,1146.381,
1737572.424,,1356.798,1145.845,
1737639.081,,1355.649,1147.416,
1737705.742,,1357.174,1145.986,
1737772.400,,1359.077,1145.884,
1737839.055,,1356.712,1151.173,
1737905.716,,1355.615,1148.313,
1737972.377,,1352.975,1146.709,
1738039.030,,1350.206,1144.312,
1738105.688,,1353.685,1141.967,
1738172.351,,1351.692,1145.299,
1738239.009,,1354.963,1142.548,
1738305.664,,1356.827,1142.035,
1738372.320,,1351.862,1142.506,
1738438.984,,1350.699,1142.257,
1738505.638,,1354.431,1142.436,
1738572.299,,1362.549,1144.360,
1738638.953,,1366.676,1144.602,
1738705.612,,1359.184,1145.508,
1738772.275,,1363.991,1143.316,
1738838.933,,1365.932,1139.309,
1738905.588,,1358.983,1140.096,
1738972.247,,1355.622,1141.447,
1739038.902,,1359.584,1138.618,
1739105.565,,1363.414,1137.391,
1739172.221,,1361.809,1139.722,
1739238.877,,1362.269,1138.266,
1739305.540,,1361.014,1139.149,
1739372.193,,1357.301,1139.786,
1739438.852,,1355.244,1138.563,
1739505.515,,1352.247,1134.319,
1739572.168,,1354.719,1134.570,
1739638.830,,1346.333,1133.251,
1739705.490,,1351.036,1132.847,
1739772.143,,1348.677,1130.971,
1739838.805,,1348.964,1128.968,
1739905.461,,1347.853,1130.005,
1739972.118,,1349.025,1130.191,
1740038.778,,1350.566,1127.902,
1740105.437,,1351.899,1131.901,
1740172.091,,1355.479,1131.154,
1740238.750,,1355.385,1132.259,
1740305.410,,1356.390,1131.563,
1740372.067,,1357.741,1131.321,
1740438.728,,1356.500,1132.372,
1740505.386,,1361.540,1133.987,
1740572.045,,1354.197,1134.590,
1740638.704,,1348.984,1140.072,
1740705.357,,1345.528,1144.661,
1740772.015,,1351.333,1145.315,
1740838.675,,1353.836,1142.968,
1740905.332,,1354.890,1144.109,
1740971.990,,1358.127,1151.846,
1741038.652,,1357.942,1158.558,
1741105.306,,1359.172,1182.906,
1741171.969,,1356.732,1187.951,
1741238.626,,1360.163,1188.662,
1741305.285,,1355.598,1188.749,
1741371.939,,1357.667,1185.519,
1741438.602,,1354.884,1182.383,
1741505.257,,1354.439,1179.935,
1741571.915,,1357.808,1177.944,
1741638.575,,1355.060,1175.540,
1741705.229,,1353.703,1170.786,
1741771.890,,1353.741,1168.650,
1741838.545,,1354.730,1167.192,
1741905.208,,1354.588,1166.370,
1741971.863,,1352.531,1165.567,
1742038.521,,1355.735,1162.979,
1742105.181,,1357.515,1164.130,
1742171.837,,1352.035,1165.776,
1742238.496,,1349.711,1163.205,
1742305.153,,1351.224,1161.132,
1742371.815,,1349.974,1159.331,
1742438.469,,1347.827,1158.814,
1742505.131,,1351.864,1157.264,
1742571.786,,1353.628,1155.523,
1742638.445,,1354.129,1153.979,
1742705.104,,1354.642,1149.928,
1742771.761,,1357.536,1150.585,
1742838.420,,1359.108,1149.536,
1742905.080,,1359.242,1149.131,
1742971.740,,1354.209,1143.314,
1743038.398,,1358.674,1146.035,
1743105.056,,1360.983,1144.349,
1743171.712,,1358.999,1143.300,
1743238.371,,1354.718,1141.054,
1743305.029,,1357.269,1140.331,
1743371.689,,1357.276,1142.138,
1743438.345,,1351.886,1142.633,
1743505.006,,1350.876,1147.047,
1743571.660,,1356.895,1154.686,
1743638.321,,1353.895,1159.649,
1743704.980,,1354.538,1159.521,
1743771.636,,1349.717,1157.571,
1743838.296,,1352.508,1160.387,
1743904.950,,1350.964,1156.397,
1743971.609,,1354.832,1160.668,
1744038.268,,1355.968,1159.196,
1744104.929,,1350.563,1152.574,
1744171.587,,1355.557,1149.560,
1744238.245,,1356.926,1147.813,
1744304.898,,1360.165,1143.637,
1744371.556,,1356.382,1140.186,
1744438.217,,1343.314,1141.110,
1744504.878,,1350.979,1139.816,
1744571.533,,1357.301,1137.723,
1744638.190,,1347.747,1139.394,
1744704.848,,1345.182,1139.456,
1744771.506,,1352.200,1140.706,
1744838.164,,1355.627,1152.090,
1744904.828,,1339.197,1154.672,
1744971.481,,1344.046,1153.375,
1745038.141,,1347.889,1157.852,
1745104.802,,1353.170,1181.612,
1745171.459,,1355.498,1190.215,
1745238.112,,1354.173,1195.187,
1745304.777,,1349.108,1196.208,
1745371.432,,1354.422,1190.448,
1745438.092,,1351.317,1188.219,
1745504.748,,1348.820,1181.956,
1745571.408,,1353.590,1179.561,
1745638.065,,1357.623,1177.069,
1745704.725,,1353.701,1174.065,
1745771.381,,1354.595,1170.560,
1745838.036,,1354.605,1169.288,
1745904.696,,1355.475,1169.797,
1745971.353,,1354.169,1168.006,
1746038.012,,1353.370,1164.016,
1746104.671,,1349.680,1160.530,
1746171.328,,1353.351,1157.834,
1746237.990,,1358.682,1156.821,
1746304.648,,1354.667,1156.990,
1746371.302,,1354.513,1156.245,
1746437.963,,1347.501,1153.431,
1746504.624,,1356.342,1152.128,
1746571.276,,1353.518,1150.001,
1746637.936,,1356.214,1146.518,
1746704.596,,1353.566,1149.759,
1746771.256,,1352.621,1149.610,
1746837.910,,1353.598,1151.365,
1746904.573,,1354.145,1152.232,
1746971.225,,1350.713,1151.190,
1747037.885,,1350.465,1146.875,
1747104.546,,1357.129,1151.299,
1747171.202,,1366.056,1165.806,
1747237.859,,1368.526,1172.772,
1747304.520,,1373.589,1172.778,
1747371.177,,1376.138,1174.293,
1747437.834,,1359.252,1177.934,
1747504.492,,1358.323,1180.188,
1747571.150,,1357.564,1179.542,
1747637.810,,1356.668,1181.148,
1747704.465,,1355.335,1178.569,
1747771.129,,1360.887,1179.899,
1747837.782,,1364.601,1182.538,
1747904.440,,1368.388,1186.032,
1747971.101,,1360.753,1185.975,
1748037.761,,1358.871,1185.145,
1748104.414,,1358.164,1184.773,
1748171.073,,1354.056,1186.306,
1748237.732,,1353.538,1186.109,
1748304.393,,1357.104,1187.517,
1748371.049,,1354.546,1187.943,
1748437.708,,1355.518,1186.780,
1748504.369,,1355.719,1186.193,
1748571.027,,1351.622,1186.730,
1748637.684,,1350.823,1182.473,
1748704.341,,1359.279,1177.803,
1748770.997,,1356.032,1176.335,
1748837.658,,1356.107,1173.620,
1748904.316,,1354.010,1172.619,
1748970.972,,1351.076,1172.067,
1749037.633,,1349.606,1170.810,
1749104.288,,1359.041,1171.205,
1749170.949,,1360.883,1169.751,
1749237.609,,1361.134,1166.546,
1749304.261,,1361.026,1163.604,
1749370.920,,1356.914,1164.255,
1749437.584,,1357.349,1158.565,
1749504.240,,1364.844,1156.900,
1749570.898,,1367.658,1158.767,
1749637.557,,1371.270,1155.470,
1749704.216,,1373.055,1152.656,
1749770.871,,1372.165,1151.829,
1749837.533,,1371.221,1147.785,
1749904.189,,1362.231,1144.712,
1749970.847,,1363.457,1143.899,
1750037.504,,1362.114,1142.376,
1750104.166,,1361.816,1144.584,
1750170.820,,1362.635,1143.643,
1750237.480,,1362.695,1142.298,
1750304.135,,1363.084,1142.239,
1750370.798,,1362.287,1142.247,
1750437.453,,1359.756,1140.115,
1750504.110,,1360.030,1140.243,
1750570.768,,1359.521,1137.254,
1750637.430,,1358.583,1136.393,
1750704.087,,1348.761,1137.545,
1750770.746,,1349.884,1139.048,
1750837.403,,1354.359,1137.303,
1750904.062,,1354.675,1139.147,
1750970.721,,1364.431,1139.832,
1751037.379,,1369.226,1140.799,
1751104.038,,1366.069,1144.541,
1751170.694,,1365.886,1144.284,
1751237.352,,1367.146,1142.665,
1751304.007,,1368.211,1145.200,
1751370.669,,1364.673,1145.337,
1751437.324,,1364.197,1150.759,
1751503.987,,1350.104,1153.155,
1751570.640,,1353.361,1152.014,
1751637.301,,1355.712,1147.462,
1751703.958,,1350.979,1146.612,
1751770.615,,1352.669,1145.710,
1751837.271,,1352.441,1143.691,
1751903.933,,1353.895,1145.316,
1751970.588,,1358.325,1143.128,
1752037.248,,1349.737,1141.423,
1752103.907,,1347.850,1137.137,
1752170.568,,1350.284,1138.646,
1752237.219,,1359.602,1141.060,
1752303.880,,1360.796,1137.416,
1752370.541,,1354.273,1132.053,
1752437.193,,1353.092,1134.103,
1752503.854,,1351.372,1132.192,
1752570.515,,1352.044,1130.928,
1752637.170,,1356.559,1132.777,
1752703.827,,1361.407,1134.071,
1752770.484,,1363.205,1137.385,
1752837.144,,1362.454,1135.359,
1752903.799,,1364.559,1135.154,
1752970.458,,1363.461,1135.420,
1753037.116,,1363.412,1134.964,
1753103.774,,1363.373,1137.532,
1753170.434,,1364.505,1139.765,
1753237.094,,1363.020,1140.010,
1753303.751,,1362.525,1142.408,
1753370.410,,1366.372,1142.979,
1753437.064,,1368.257,1145.271,
1753503.726,,1365.277,1145.897,
1753570.382,,1360.066,1147.255,
1753637.041,,1351.590,1140.339,
1753703.698,,1339.097,1151.492,
1753770.354,,1341.783,1153.473,
1753837.012,,1339.474,1149.805,
1753903.671,,1337.096,1150.678,
1753970.328,,1334.989,1148.867,
1754036.986,,1331.973,1148.923,
1754103.648,,1352.536,1150.423,
1754170.306,,1347.905,1150.225,
1754236.962,,1359.497,1152.495,
1754303.616,,1362.202,1154.613,
1754370.278,,1361.095,1158.068,
1754436.936,,1360.785,1166.166,
1754503.593,,1360.414,1173.506,
1754570.247,,1360.061,1181.299,
1754636.908,,1359.693,1207.611,
1754703.568,,1357.385,1225.972,
1754770.224,,1358.409,1237.206,
1754836.884,,1362.455,1224.468,
1754903.538,,1335.649,1225.158,
1754970.200,,1337.593,1219.424,
1755036.853,,1343.797,1218.498,
1755103.516,,1346.666,1213.737,
1755170.169,,1345.484,1210.381,
1755236.826,,1345.123,1204.208,
1755303.490,,1349.263,1201.842,
1755370.146,,1346.272,1190.475,
1755436.805,,1341.917,1186.984,
1755503.464,,1341.655,1182.792,
1755570.117,,1335.568,1175.081,
1755636.776,,1337.802,1172.451,
1755703.434,,1337.628,1173.291,
1755770.090,,1335.813,1167.458,
1755836.753,,1335.695,1169.306,
1755903.411,,1342.063,1166.624,
1755970.067,,1356.509,1167.320,
1756036.728,,1355.286,1171.073,
1756103.383,,1349.515,1165.191,
1756170.044,,1351.007,1166.923,
1756236.702,,1349.115,1166.798,
1756303.355,,1351.014,1165.240,
1756370.018,,1352.350,1162.370,
1756436.672,,1352.247,1153.169,
1756503.328,,1352.146,1154.724,
1756569.987,,1349.392,1151.426,
1756636.645,,1356.334,1151.502,
1756703.304,,1353.058,1152.098,
1756769.964,,1353.364,1150.398,
1756836.618,,1359.014,1146.598,
1756903.278,,1358.494,1146.289,
1756969.935,,1360.026,1146.490,
1757036.594,,1358.042,1141.913,
1757103.250,,1357.302,1139.563,
1757169.907,,1354.868,1139.224,
1757236.565,,1356.734,1140.286,
1757303.226,,1361.173,1139.378,
1757369.881,,1349.562,1141.215,
1757436.538,,1351.219,1141.353,
1757503.203,,1355.485,1136.376,
1757569.855,,1352.132,1135.384,
1757636.512,,1352.300,1134.690,
1757703.174,,1352.195,1134.121,
1757769.834,,1359.581,1134.170,
1757836.490,,1353.606,1131.947,
1757903.146,,1347.462,1128.360,
1757969.806,,1355.983,1127.554,
1758036.461,,1348.624,1125.182,
1758103.119,,1351.330,1123.527,
1758169.782,,1345.798,1126.134,
1758236.438,,1351.030,1124.822,
1758303.096,,1353.777,1129.334,
1758369.751,,1357.449,1128.883,
1758436.408,,1362.427,1130.317,
1758503.070,,1366.163,1130.168,
1758569.724,,1362.320,1128.115,
1758636.388,,1359.284,1126.773,
1758703.045,,1357.744,1127.240,
1758769.704,,1356.968,1130.669,
1758836.357,,1367.936,1133.533,
1758903.018,,1362.068,1132.663,
1758969.674,,1357.203,1132.650,
1759036.335,,1355.718,1134.546,
1759102.993,,1353.346,1128.003,
1759169.650,,1356.218,1129.815,
1759236.307,,1354.900,1129.436,
1759302.964,,1350.344,1127.628,
1759369.619,,1360.175,1126.793,
1759436.278,,1354.645,1125.016,
1759502.938,,1349.062,1123.502,
1759569.594,,1345.154,1118.804,
1759636.253,,1342.910,1118.606,
1759702.913,,1341.899,1119.300,
1759769.566,,1347.375,1118.803,
1759836.225,,1346.631,1118.172,
1759902.880,,1346.634,1117.516,
1759969.541,,1350.660,1118.471,
1760036.198,,1352.448,1117.744,
1760102.855,,1352.881,1119.772,
1760169.513,,1349.383,1117.175,
1760236.170,,1353.898,1120.570,
1760302.828,,1359.021,1122.376,
1760369.483,,1364.063,1121.125,
1760436.140,,1365.268,1121.490,
1760502.801,,1361.430,1120.974,
1760569.459,,1357.444,1120.853,
1760636.115,,1360.430,1125.791,
1760702.769,,1360.836,1130.516,
1760769.425,,1357.295,1132.134,
1760836.083,,1360.179,1135.515,
1760902.744,,1356.002,1136.773,
1760969.396,,1350.131,1134.520,
1761036.057,,1351.370,1134.472,
1761102.714,,1350.562,1137.490,
1761169.372,,1356.200,1140.205,
1761236.029,,1349.604,1137.108,
1761302.683,,1347.050,1135.558,
1761369.344,,1353.151,1134.988,
1761436.000,,1348.341,1137.589,
1761502.658,,1350.386,1136.225,
1761569.311,,1349.414,1136.831,
1761635.971,,1352.639,1135.062,
1761702.631,,1341.764,1133.251,
1761769.288,,1348.659,1131.926,
1761835.941,,1339.168,1128.474,
1761902.601,,1342.394,1126.780,
1761969.260,,1350.541,1131.822,
1762035.914,,1354.627,1131.358,
1762102.575,,1362.804,1133.829,
1762169.229,,1360.370,1130.022,
1762235.887,,1357.065,1128.549,
1762302.543,,1354.561,1128.656,
1762369.203,,1351.492,1128.236,
1762435.859,,1350.683,1128.029,
1762502.516,,1346.704,1126.555,
1762569.176,,1345.837,1126.177,
1762635.831,,1342.787,1128.127,
1762702.486,,1345.328,1127.391,
1762769.148,,1349.926,1127.323,
1762835.802,,1347.903,1125.428,
1762902.458,,1342.896,1124.766,
1762969.119,,1341.493,1126.254,
1763035.771,,1344.174,1128.112,
1763102.432,,1345.058,1133.233,
1763169.091,,1346.410,1129.816,
1763235.747,,1347.217,1127.855,
1763302.405,,1345.876,1127.748,
1763369.064,,1345.042,1128.398,
1763435.715,,1355.628,1130.684,
1763502.377,,1354.308,1127.529,
1763569.033,,1347.915,1123.967,
1763635.689,,1351.700,1126.356,
1763702.346,,1353.472,1126.391,
1763769.002,,1353.095,1122.426,
1763835.659,,1352.496,1124.041,
1763902.320,,1353.394,1127.695,
1763968.977,,1356.702,1128.353,
1764035.633,,1352.782,1129.011,
1764102.290,,1353.389,1130.009,
1764168.947,,1354.734,1129.586,
1764235.607,,1350.720,1125.867,
1764302.265,,1338.677,1124.696,
1764368.920,,1348.682,1124.787,
1764435.574,,1348.098,1126.042,
1764502.235,,1348.857,1126.666,
1764568.890,,1332.866,1122.611,
1764635.546,,1331.850,1119.473,
1764702.209,,1342.268,1124.998,
1764768.864,,1350.161,1124.288,
1764835.523,,1349.309,1124.551,
1764902.174,,1340.441,1126.567,
1764968.836,,1337.542,1126.897,
1765035.490,,1341.241,1129.703,
1765102.151,,1340.294,1130.339,
1765168.807,,1340.392,1128.841,
1765235.465,,1334.502,1122.966,
1765302.118,,1332.474,1124.718,
1765368.782,,1340.092,1130.134,
1765435.435,,1340.324,1130.158,
1765502.093,,1348.092,1127.725,
1765568.750,,1338.747,1128.230,
1765635.408,,1345.062,1137.247,
1765702.062,,1341.709,1149.677,
1765768.722,,1349.239,1151.257,
1765835.378,,1354.200,1151.096,
1765902.033,,1349.037,1153.182,
1765968.697,,1348.093,1145.292,
1766035.350,,1348.124,1145.779,
1766102.006,,1352.291,1141.916,
1766168.663,,1350.872,1139.293,
1766235.321,,1346.741,1142.646,
1766301.978,,1350.585,1143.784,
1766368.639,,1345.667,1137.189,
1766435.293,,1345.100,1135.800,
1766501.951,,1348.807,1133.731,
1766568.609,,1344.405,1129.378,
1766635.269,,1341.410,1128.804,
1766701.922,,1346.727,1129.939,
1766768.581,,1347.728,1127.084,
1766835.238,,1340.889,1126.644,
1766901.895,,1340.512,1129.652,
1766968.555,,1348.459,1130.753,
1767035.207,,1350.202,1129.470,
1767101.868,,1343.350,1130.560,
1767168.523,,1342.780,1133.346,
1767235.179,,1340.844,1136.047,
1767301.836,,1347.382,1139.014,
1767368.492,,1344.232,1137.768,
1767435.151,,1350.387,1137.257,
1767501.809,,1341.169,1136.413,
1767568.466,,1344.131,1139.972,
1767635.128,,1352.171,1140.257,
1767701.781,,1349.952,1147.526,
1767768.443,,1346.820,1149.281,
1767835.100,,1350.846,1156.827,
1767901.757,,1351.152,1155.544,
1767968.415,,1351.581,1154.455,
1768035.078,,1356.221,1152.157,
1768101.735,,1355.107,1152.522,
1768168.395,,1354.496,1147.655,
1768235.050,,1350.451,1145.412,
1768301.712,,1348.005,1143.860,
1768368.367,,1343.404,1148.232,
1768435.024,,1340.799,1142.521,
1768501.686,,1335.286,1142.335,
1768568.345,,1339.450,1144.218,
1768634.999,,1342.556,1144.729,
1768701.663,,1349.190,1145.913,
1768768.319,,1348.332,1144.994,
1768834.975,,1349.493,1148.803,
1768901.635,,1353.673,1156.624,
1768968.291,,1354.200,1164.922,
1769034.955,,1353.460,1171.010,
1769101.611,,1350.722,1182.260,
1769168.273,,1351.766,1186.895,
1769234.926,,1352.696,1189.551,
1769301.587,,1350.733,1176.722,
1769368.247,,1344.303,1169.493,
1769434.905,,1344.694,1166.154,
1769501.564,,1345.363,1162.322,
1769568.218,,1349.991,1159.474,
1769634.881,,1344.013,1156.137,
1769701.536,,1349.839,1153.930,
1769768.193,,1340.282,1151.794,
1769834.857,,1340.171,1151.971,
1769901.510,,1344.011,1155.395,
1769968.169,,1345.672,1153.636,
1770034.832,,1348.264,1148.967,
1770101.491,,1343.978,1141.842,
1770168.147,,1337.846,1136.927,
1770234.807,,1334.661,1137.033,
1770301.462,,1334.420,1135.734,
1770368.122,,1332.175,1134.392,
1770434.784,,1331.816,1135.329,
1770501.439,,1337.494,1135.461,
1770568.097,,1335.155,1138.412,
1770634.755,,1336.006,1136.559,
1770701.416,,1335.867,1143.480,
1770768.072,,1338.533,1142.283,
1770834.736,,1342.570,1149.330,
1770901.389,,1340.339,1156.170,
1770968.050,,1333.415,1163.380,
1771034.712,,1333.491,1162.039,
1771101.367,,1334.412,1162.778,
1771168.028,,1339.715,1158.075,
1771234.681,,1339.776,1157.046,
1771301.343,,1338.165,1154.044,
1771368.002,,1344.666,1153.818,
1771434.661,,1338.798,1147.961,
1771501.318,,1339.478,1142.488,
1771567.980,,1336.894,1139.789,
1771634.637,,1332.688,1138.114,
1771701.296,,1332.396,1136.555,
1771767.952,,1337.398,1137.968,
1771834.608,,1343.308,1137.823,
1771901.268,,1342.590,1139.003,
1771967.931,,1346.241,1136.741,
1772034.583,,1347.498,1138.066,
1772101.247,,1347.208,1138.192,
1772167.903,,1352.018,1138.740,
1772234.562,,1350.070,1139.662,
1772301.218,,1350.529,1138.719,
1772367.881,,1347.333,1136.109,
1772434.539,,1344.778,1134.229,
1772501.197,,1348.439,1136.313,
1772567.856,,1350.666,1133.380,
1772634.512,,1345.783,1130.793,
1772701.171,,1342.594,1127.271,
1772767.829,,1337.166,1122.279,
1772834.491,,1333.438,1119.354,
1772901.147,,1336.910,1120.170,
1772967.804,,1335.396,1116.309,
1773034.464,,1334.265,1121.747,
1773101.125,,1330.427,1126.984,
1773167.779,,1332.604,1129.705,
1773234.441,,1334.790,1131.337,
1773301.097,,1335.472,1134.143,
1773367.755,,1332.670,1135.423,
1773434.416,,1340.428,1142.848,
1773501.071,,1335.115,1153.987,
1773567.730,,1340.453,1150.858,
1773634.390,,1333.638,1145.510,
1773701.047,,1329.381,1144.259,
1773767.708,,1332.657,1145.047,
1773834.369,,1335.138,1144.143,
1773901.026,,1335.263,1143.220,
1773967.681,,1336.127,1140.788,
1774034.344,,1333.396,1137.466,
1774101.004,,1332.786,1137.456,
1774167.656,,1333.167,1138.355,
1774234.315,,1338.076,1140.352,
1774300.974,,1344.125,1136.716,
1774367.634,,1343.592,1135.883,
1774434.292,,1340.693,1133.334,
1774500.954,,1332.864,1134.116,
1774567.607,,1331.321,1133.050,
1774634.270,,1334.018,1132.300,
1774700.926,,1332.311,1132.513,
1774767.585,,1337.921,1132.830,
1774834.243,,1354.880,1138.372,
1774900.906,,1351.882,1132.826,
1774967.563,,1346.019,1130.738,
1775034.218,,1338.902,1131.875,
1775100.877,,1340.844,1132.703,
1775167.540,,1344.213,1130.682,
1775234.198,,1346.454,1129.913,
1775300.853,,1339.623,1129.155,
1775367.513,,1336.696,1128.669,
1775434.170,,1337.798,1127.349,
1775500.828,,1340.180,1126.275,
1775567.486,,1338.842,1128.414,
1775634.147,,1335.131,1124.463,
1775700.805,,1334.515,1126.682,
1775767.466,,1334.869,1123.473,
1775834.122,,1338.842,1122.501,
1775900.777,,1338.094,1122.303,
1775967.433,,1344.594,1124.677,
1776034.089,,1344.987,1123.409,
1776100.747,,1342.079,1123.158,
1776167.406,,1342.641,1122.357,
1776234.064,,1345.211,1123.466,
1776300.720,,1347.495,1124.651,
1776367.378,,1348.310,1125.526,
1776434.035,,1346.471,1124.882,
1776500.694,,1349.985,1125.940,
1776567.353,,1353.096,1127.750,
1776634.003,,1352.545,1126.635,
1776700.663,,1351.965,1124.437,
1776767.318,,1345.696,1122.343,
1776833.981,,1343.790,1123.173,
1776900.633,,1346.995,1122.908,
1776967.296,,1347.365,1118.905,
1777033.950,,1341.417,1117.253,
1777100.605,,1345.006,1118.267,
1777167.263,,1343.706,1119.463,
1777233.922,,1340.548,1118.359,
1777300.581,,1342.072,1119.321,
1777367.237,,1350.262,1119.955,
1777433.894,,1349.551,1119.528,
1777500.547,,1348.619,1120.428,
1777567.205,,1344.528,1123.392,
1777633.865,,1350.410,1135.090,
1777700.520,,1351.986,1138.726,
1777767.178,,1350.791,1144.436,
1777833.834,,1349.567,1143.015,
1777900.496,,1352.315,1148.033,
1777967.148,,1356.532,1156.418,
1778033.808,,1349.741,1153.074,
1778100.468,,1339.868,1168.729,
1778167.122,,1343.493,1171.488,
1778233.778,,1341.321,1168.188,
1778300.436,,1347.170,1171.878,
1778367.094,,1341.814,1166.080,
1778433.753,,1342.876,1168.227,
1778500.407,,1348.387,1168.595,
1778567.067,,1353.362,1169.055,
1778633.726,,1356.020,1173.385,
1778700.379,,1358.422,1169.138,
1778767.036,,1364.702,1167.450,
1778833.695,,1352.461,1160.470,
1778900.350,,1345.222,1157.722,
1778967.008,,1348.333,1151.877,
1779033.671,,1338.733,1150.122,
1779100.327,,1345.594,1148.300,
1779166.983,,1343.721,1147.615,
1779233.638,,1350.543,1146.359,
1779300.296,,1350.109,1146.517,
1779366.956,,1361.220,1144.067,
1779433.610,,1352.370,1140.926,
1779500.267,,1352.563,1139.492,
1779566.927,,1345.548,1134.938,
1779633.585,,1345.803,1134.633,
1779700.241,,1342.994,1133.810,
1779766.899,,1346.033,1131.377,
1779833.556,,1342.107,1129.701,
1779900.212,,1338.340,1131.305,
1779966.870,,1342.981,1133.780,
1780033.527,,1348.244,1139.992,
1780100.182,,1348.923,1153.585,
1780166.843,,1341.071,1165.927,
1780233.499,,1341.363,1182.296,
1780300.157,,1342.197,1193.673,
1780366.811,,1345.345,1194.563,
1780433.466,,1345.354,1194.324,
1780500.126,,1340.163,1194.751,
1780566.781,,1340.584,1194.336,
1780633.438,,1346.534,1193.063,
1780700.096,,1343.750,1192.107,
1780766.755,,1343.235,1188.879,
1780833.414,,1342.909,1183.322,
1780900.069,,1347.753,1180.409,
1780966.724,,1345.906,1176.065,
1781033.381,,1341.975,1173.487,
1781100.045,,1341.403,1169.438,
1781166.700,,1340.053,1167.542,
1781233.353,,1341.763,1164.659,
1781300.014,,1345.585,1164.382,
1781366.671,,1347.945,1158.843,
1781433.330,,1347.049,1157.318,
1781499.988,,1344.980,1154.713,
1781566.642,,1346.332,1152.606,
1781633.298,,1347.738,1150.981,
1781699.958,,1349.832,1148.830,
1781766.614,,1349.460,1145.600,
1781833.268,,1346.915,1144.928,
1781899.925,,1344.094,1140.205,
1781966.588,,1344.205,1141.387,
1782033.242,,1342.297,1138.080,
1782099.900,,1344.661,1137.321,
1782166.560,,1341.846,1138.979,
1782233.214,,1342.066,1160.282,
1782299.868,,1342.339,1173.624,
1782366.530,,1342.946,1178.670,
1782433.187,,1340.258,1182.341,
1782499.846,,1336.624,1184.149,
1782566.503,,1342.689,1181.488,
1782633.154,,1337.219,1179.562,
1782699.813,,1338.844,1174.343,
1782766.471,,1335.524,1171.440,
1782833.131,,1336.453,1168.410,
1782899.789,,1338.991,1168.705,
1782966.443,,1346.980,1170.196,
1783033.099,,1349.042,1164.889,
1783099.760,,1347.244,1156.931,
1783166.414,,1345.836,1155.231,
1783233.072,,1343.105,1154.077,
1783299.732,,1347.444,1160.939,
1783366.385,,1354.508,1156.647,
1783433.042,,1352.407,1148.335,
1783499.704,,1350.071,1145.924,
1783566.358,,1346.245,1142.040,
1783633.018,,1346.669,1142.110,
1783699.672,,1344.564,1139.246,
1783766.333,,1345.026,1140.164,
1783832.992,,1352.633,1133.148,
1783899.649,,1342.774,1133.089,
1783966.307,,1339.310,1131.750,
1784032.967,,1338.571,1130.479,
1784099.627,,1341.213,1131.309,
1784166.283,,1344.302,1144.019,
1784232.944,,1343.996,1154.058,
1784299.601,,1348.374,1159.995,
1784366.261,,1345.298,1163.672,
1784432.919,,1347.688,1163.121,
1784499.578,,1347.627,1164.894,
1784566.241,,1347.880,1158.187,
1784632.898,,1344.427,1154.999,
1784699.560,,1340.664,1145.500,
1784766.217,,1333.871,1141.951,
1784832.876,,1344.555,1139.271,
1784899.531,,1338.243,1137.811,
1784966.192,,1338.356,1136.972,
1785032.853,,1333.960,1139.680,
1785099.512,,1350.816,1143.076,
1785166.169,,1339.675,1140.771,
1785232.826,,1347.905,1136.184,
1785299.484,,1335.775,1130.072,
1785366.143,,1335.163,1131.833,
1785432.806,,1340.187,1130.414,
1785499.463,,1340.793,1131.785,
1785566.124,,1339.858,1132.164,
1785632.782,,1337.662,1132.946,
1785699.439,,1350.462,1135.279,
1785766.096,,1338.785,1137.530,
1785832.760,,1350.016,1143.345,
1785899.418,,1345.899,1144.524,
1785966.079,,1331.933,1139.550,
1786032.734,,1344.337,1139.608,
1786099.394,,1341.440,1137.690,
1786166.054,,1345.216,1133.118,
1786232.712,,1342.075,1134.075,
1786299.371,,1338.427,1137.029,
1786366.028,,1340.866,1132.177,
1786432.690,,1344.825,1132.496,
1786499.346,,1336.980,1128.227,
1786566.006,,1340.153,1129.529,
1786632.664,,1336.445,1127.952,
1786699.322,,1337.246,1124.262,
1786765.985,,1335.981,1124.655,
1786832.642,,1338.818,1126.507,
1786899.299,,1343.079,1128.810,
1786965.961,,1347.813,1130.224,
1787032.618,,1347.313,1128.650,
1787099.278,,1348.384,1127.555,
1787165.937,,1344.782,1125.422,
1787232.599,,1347.815,1128.745,
1787299.253,,1349.469,1129.686,
1787365.913,,1350.983,1129.155,
1787432.570,,1351.518,1129.775,
1787499.230,,1349.713,1128.586,
1787565.892,,1349.746,1128.049,
1787632.546,,1346.273,1128.519,
1787699.208,,1356.571,1134.023,
1787765.869,,1348.608,1129.024,
1787832.524,,1349.410,1129.219,
1787899.182,,1342.447,1126.335,
1787965.841,,1340.116,1129.118,
1788032.503,,1339.765,1133.902,
1788099.163,,1340.808,1135.616,
1788165.820,,1341.004,1137.079,
1788232.483,,1336.981,1136.150,
1788299.138,,1342.980,1134.061,
1788365.795,,1338.074,1133.189,
1788432.457,,1344.391,1136.978,
1788499.114,,1353.575,1138.210,
1788565.774,,1352.614,1141.346,
1788632.435,,1351.654,1142.686,
1788699.093,,1349.190,1140.511,
1788765.752,,1344.497,1144.294,
1788832.409,,1346.374,1142.521,
1788899.070,,1351.545,1141.941,
1788965.729,,1350.362,1140.973,
1789032.386,,1344.900,1138.838,
1789099.049,,1356.142,1137.972,
1789165.704,,1356.966,1137.907,
1789232.367,,1352.421,1136.323,
1789299.019,,1356.132,1135.027,
1789365.683,,1346.913,1133.492,
1789432.343,,1348.780,1135.559,
1789498.997,,1346.173,1133.807,
1789565.656,,1341.868,1129.345,
1789632.315,,1340.641,1133.386,
1789698.975,,1343.205,1140.614,
1789765.633,,1345.796,1146.003,
1789832.295,,1344.431,1147.562,
1789898.954,,1343.012,1144.776,
1789965.615,,1346.523,1142.161,
1790032.273,,1347.275,1141.002,
1790098.931,,1345.555,1139.697,
1790165.590,,1347.678,1140.492,
1790232.248,,1350.863,1140.244,
1790298.904,,1351.281,1139.402,
1790365.563,,1349.486,1138.481,
1790432.222,,1346.643,1136.677,
1790498.881,,1343.081,1138.252,
1790565.539,,1341.319,1134.039,
1790632.198,,1344.704,1132.099,
1790698.861,,1342.072,1132.268,
1790765.518,,1339.326,1130.273,
1790832.179,,1342.782,1132.382,
1790898.839,,1341.658,1133.710,
1790965.499,,1344.078,1132.823,
1791032.154,,1342.264,1131.748,
1791098.812,,1349.346,1136.246,
1791165.473,,1347.640,1134.672,
1791232.128,,1343.702,1135.462,
1791298.789,,1345.721,1135.211,
1791365.448,,1348.379,1133.891,
1791432.109,,1344.252,1132.564,
1791498.769,,1345.904,1129.543,
1791565.423,,1350.902,1129.929,
1791632.088,,1349.636,1128.281,
1791698.746,,1347.125,1127.930,
1791765.404,,1340.839,1126.003,
1791832.058,,1348.864,1130.119,
1791898.718,,1344.614,1132.048,
1791965.377,,1341.881,1127.994,
1792032.032,,1346.901,1127.636,
1792098.692,,1345.610,1127.992,
1792165.347,,1343.924,1125.432,
1792232.006,,1340.111,1127.114,
1792298.662,,1338.900,1125.542,
1792365.320,,1339.208,1123.331,
1792431.981,,1340.615,1122.641,
1792498.638,,1340.490,1120.375,
1792565.292,,1345.198,1121.673,
1792631.954,,1341.692,1120.396,
1792698.610,,1337.815,1121.046,
1792765.272,,1339.733,1124.779,
1792831.929,,1336.638,1120.748,
1792898.586,,1335.156,1123.877,
1792965.243,,1331.067,1118.438,
1793031.899,,1331.704,1123.336,
1793098.554,,1341.192,1122.893,
1793165.217,,1338.278,1126.819,
1793231.874,,1333.548,1122.952,
1793298.531,,1335.592,1126.480,
1793365.186,,1330.293,1125.240,
1793431.848,,1348.931,1127.574,
1793498.501,,1344.740,1128.587,
1793565.163,,1350.238,1124.757,
1793631.821,,1354.074,1127.396,
1793698.481,,1350.873,1126.010,
1793765.138,,1346.806,1124.944,
1793831.796,,1344.751,1117.355,
1793898.449,,1339.328,1120.335,
1793965.106,,1350.110,1127.434,
1794031.764,,1350.571,1124.942,
1794098.424,,1342.147,1122.515,
1794165.079,,1337.308,1132.068,
1794231.738,,1353.227,1126.022,
1794298.399,,1350.080,1127.270,
1794365.053,,1343.994,1127.294,
1794431.714,,1337.150,1121.332,
1794498.374,,1328.294,1122.053,
1794565.031,,1341.438,1125.714,
1794631.689,,1338.915,1123.808,
1794698.341,,1346.201,1126.701,
1794765.005,,1346.430,1128.063,
1794831.661,,1342.202,1125.563,
1794898.321,,1343.497,1126.336,
1794964.977,,1333.016,1118.588,
1795031.633,,1331.571,1120.392,
1795098.293,,1344.037,1121.255,
1795164.948,,1343.357,1121.628,
1795231.609,,1334.157,1122.134,
1795298.264,,1338.047,1124.217,
1795364.921,,1341.563,1124.436,
1795431.583,,1335.593,1127.093,
1795498.241,,1341.238,1135.059,
1795564.894,,1338.182,1133.310,
1795631.556,,1334.498,1133.610,
1795698.215,,1339.500,1129.586,
1795764.870,,1337.854,1132.648,
1795831.528,,1341.479,1138.262,
1795898.185,,1343.965,1134.616,
1795964.841,,1341.088,1131.436,
1796031.502,,1333.923,1124.796,
1796098.159,,1336.597,1130.019,
1796164.816,,1344.222,1131.024,
1796231.475,,1340.058,1129.657,
1796298.130,,1336.516,1127.584,
1796364.786,,1349.070,1129.760,
1796431.447,,1344.626,1129.940,
1796498.104,,1338.202,1129.917,
1796564.764,,1340.236,1128.118,
1796631.421,,1345.288,1130.783,
1796698.081,,1347.751,1125.791,
1796764.734,,1347.716,1130.057,
1796831.395,,1353.528,1128.756,
1796898.050,,1349.750,1125.806,
1796964.712,,1344.316,1131.001,
1797031.364,,1342.720,1132.244,
1797098.025,,1341.672,1135.724,
1797164.686,,1344.154,1132.395,
1797231.340,,1342.731,1133.708,
1797298.000,,1342.189,1133.630,
1797364.657,,1339.289,1136.736,
1797431.314,,1340.582,1136.271,
1797497.972,,1348.786,1139.518,
1797564.629,,1346.737,1143.436,
1797631.287,,1344.990,1143.025,
1797697.948,,1345.999,1143.524,
1797764.605,,1345.659,1141.958,
1797831.264,,1339.239,1138.721,
1797897.918,,1339.153,1134.900,
1797964.579,,1326.123,1130.993,
1798031.236,,1336.511,1132.353,
1798097.893,,1334.750,1132.474,
1798164.549,,1333.268,1131.578,
1798231.210,,1339.041,1132.846,
1798297.867,,1334.825,1133.691,
1798364.523,,1334.475,1129.437,
1798431.184,,1340.935,1131.615,
1798497.836,,1332.502,1125.089,
1798564.497,,1337.913,1126.435,
1798631.153,,1339.885,1123.891,
1798697.814,,1345.191,1128.201,
1798764.473,,1353.704,1126.599,
1798831.129,,1345.382,1124.635,
1798897.783,,1349.532,1126.575,
1798964.445,,1347.509,1118.198,
1799031.100,,1337.229,1120.631,
1799097.760,,1341.949,1119.736,
1799164.414,,1340.173,1121.415,
1799231.074,,1335.057,1121.174,
1799297.732,,1344.666,1122.251,
1799364.393,,1345.262,1119.946,
1799431.050,,1344.492,1120.702,
1799497.704,,1343.306,1120.182,
1799564.367,,1348.782,1118.871,
1799631.019,,1340.809,1117.487,
1799697.680,,1342.628,1119.370,
1799764.334,,1347.066,1119.816,
1799830.997,,1348.599,1123.399,
1799897.649,,1339.722,1121.289,
1799964.308,,1330.973,1123.673,
1800030.970,,1336.234,1129.161,
1800097.623,,1337.308,1132.897,
1800164.285,,1340.228,1135.751,
1800230.939,,1344.039,1145.357,
1800297.600,,1340.237,1165.607,
1800364.258,,1344.633,1177.244,
1800430.910,,1342.571,1179.563,
1800497.573,,1344.323,1182.416,
1800564.231,,1346.631,1177.316,
1800630.886,,1346.206,1171.305,
1800697.547,,1342.493,1163.406,
1800764.202,,1338.430,1163.352,
1800830.861,,1332.448,1155.964,
1800897.519,,1333.469,1152.699,
1800964.175,,1337.017,1153.403,
1801030.835,,1340.964,1152.658,
1801097.487,,1354.293,1152.719,
1801164.149,,1343.493,1151.273,
1801230.804,,1335.981,1146.042,
1801297.462,,1333.856,1141.469,
1801364.123,,1339.796,1139.805,
1801430.781,,1337.114,1138.049,
1801497.436,,1340.368,1134.502,
1801564.093,,1336.708,1135.053,
1801630.753,,1336.340,1133.581,
1801697.409,,1344.679,1132.940,
1801764.063,,1343.699,1130.990,
1801830.726,,1339.460,1129.601,
1801897.385,,1351.778,1131.184,
1801964.036,,1353.577,1131.155,
1802030.698,,1352.159,1131.457,
1802097.358,,1349.995,1127.697,
1802164.014,,1348.860,1131.157,
1802230.667,,1354.191,1137.691,
1802297.327,,1357.107,1141.309,
1802363.986,,1355.476,1142.928,
1802430.640,,1355.634,1156.909,
1802497.300,,1352.244,1175.944,
1802563.960,,1349.836,1192.114,
1802630.618,,1348.143,1197.304,
1802697.275,,1350.709,1196.033,
1802763.930,,1348.811,1190.220,
1802830.592,,1346.615,1190.548,
1802897.243,,1345.287,1183.425,
1802963.907,,1348.219,1179.354,
1803030.560,,1350.410,1173.435,
1803097.221,,1345.606,1164.471,
1803163.876,,1342.425,1160.368,
1803230.532,,1340.866,1167.153,
1803297.193,,1339.690,1171.371,
1803363.848,,1342.689,1172.330,
1803430.506,,1342.905,1171.151,
1803497.163,,1341.408,1170.441,
1803563.821,,1338.589,1164.953,
1803630.481,,1335.873,1161.479,
1803697.135,,1336.708,1160.928,
1803763.796,,1340.892,1159.049,
1803830.451,,1340.975,1160.487,
1803897.108,,1345.468,1163.087,
1803963.769,,1348.268,1164.795,
1804030.428,,1350.623,1164.947,
1804097.082,,1354.995,1162.057,
1804163.745,,1357.248,1160.717,
1804230.397,,1360.344,1160.755,
1804297.061,,1357.640,1158.567,
1804363.717,,1356.111,1149.830,
1804430.371,,1343.097,1142.258,
1804497.029,,1339.813,1141.102,
1804563.690,,1350.137,1144.110,
1804630.344,,1351.302,1139.501,
1804697.004,,1354.572,1147.573,
1804763.660,,1361.110,1137.350,
1804830.321,,1343.017,1131.813,
1804896.973,,1336.211,1129.936,
1804963.631,,1333.983,1131.095,
1805030.293,,1335.368,1127.922,
1805096.946,,1334.605,1132.572,
1805163.609,,1334.011,1129.976,
1805230.262,,1338.700,1129.326,
1805296.920,,1338.061,1135.128,
1805363.581,,1338.636,1130.189,
1805430.240,,1336.594,1133.337,
1805496.894,,1340.404,1134.227,
1805563.553,,1344.072,1136.179,
1805630.207,,1336.929,1151.311,
1805696.871,,1344.534,1176.602,
1805763.526,,1345.805,1183.112,
1805830.185,,1344.597,1186.184,
1805896.842,,1343.441,1188.764,
1805963.497,,1338.562,1184.124,
1806030.153,,1348.326,1182.637,
1806096.817,,1346.123,1182.950,
1806163.474,,1342.233,1176.545,
1806230.130,,1346.154,1172.187,
1806296.786,,1347.076,1169.773,
1806363.441,,1344.477,1169.832,
1806430.103,,1345.233,1165.152,
1806496.760,,1348.101,1161.303,
1806563.415,,1349.559,1160.094,
1806630.073,,1341.186,1157.537,
1806696.735,,1347.234,1154.192,
1806763.388,,1341.457,1155.073,
1806830.051,,1339.570,1151.365,
1806896.705,,1345.160,1152.187,
1806963.366,,1348.543,1150.464,
1807030.019,,1347.874,1147.320,
1807096.678,,1346.274,1146.782,
1807163.336,,1350.522,1144.478,
1807229.995,,1354.730,1147.373,
1807296.651,,1354.799,1145.584,
1807363.310,,1355.187,1139.845,
1807429.968,,1348.165,1138.256,
1807496.626,,1351.059,1139.407,
1807563.285,,1355.320,1136.527,
1807629.937,,1356.610,1137.572,
1807696.597,,1358.370,1135.136,
1807763.257,,1359.559,1133.452,
1807829.913,,1352.233,1131.320,
1807896.572,,1347.058,1129.672,
1807963.233,,1340.241,1128.360,
1808029.890,,1347.933,1129.196,
1808096.546,,1345.205,1130.262,
1808163.201,,1345.098,1128.470,
1808229.863,,1354.399,1129.877,
1808296.518,,1348.817,1133.235,
1808363.180,,1348.320,1132.321,
1808429.834,,1353.727,1132.884,
1808496.495,,1350.018,1134.168,
1808563.152,,1350.745,1132.784,
1808629.813,,1350.975,1135.551,
1808696.466,,1347.268,1136.776,
1808763.126,,1352.097,1142.543,
1808829.782,,1357.617,1141.297,
1808896.441,,1353.943,1142.263,
1808963.101,,1354.267,1140.657,
1809029.759,,1351.213,1138.959,
1809096.416,,1350.337,1135.183,
1809163.073,,1352.473,1134.363,
1809229.736,,1355.140,1134.540,
1809296.390,,1355.296,1132.207,
1809363.047,,1355.093,1129.406,
1809429.708,,1346.737,1129.863,
1809496.367,,1356.088,1134.159,
1809563.026,,1351.659,1132.836,
1809629.686,,1350.883,1130.838,
1809696.341,,1349.546,1129.454,
1809762.995,,1344.085,1131.242,
1809829.657,,1336.044,1127.437,
1809896.314,,1334.044,1134.078,
1809962.974,,1339.167,1141.637,
1810029.632,,1342.673,1149.134,
1810096.286,,1344.641,1147.474,
1810162.945,,1339.867,1148.269,
1810229.608,,1342.676,1148.918,
1810296.264,,1340.755,1147.696,
1810362.921,,1344.291,1146.848,
1810429.578,,1344.064,1145.621,
1810496.237,,1352.279,1145.170,
1810562.899,,1351.348,1144.013,
1810629.551,,1353.506,1141.718,
1810696.215,,1351.557,1140.210,
1810762.871,,1353.659,1137.005,
1810829.527,,1351.800,1139.242,
1810896.188,,1358.986,1136.374,
1810962.845,,1352.714,1133.699,
1811029.506,,1348.865,1133.989,
1811096.160,,1348.692,1135.637,
1811162.819,,1348.024,1134.478,
1811229.475,,1350.220,1136.588,
1811296.137,,1349.207,1136.412,
1811362.792,,1347.211,1135.870,
1811429.454,,1346.410,1136.437,
1811496.110,,1345.504,1133.037,
1811562.766,,1344.550,1134.096,
1811629.422,,1347.204,1134.838,
1811696.083,,1343.812,1131.328,
1811762.741,,1348.318,1129.954,
1811829.397,,1347.292,1131.355,
1811896.057,,1349.615,1129.793,
1811962.713,,1350.893,1130.811,
1812029.372,,1349.500,1129.669,
1812096.033,,1346.601,1130.652,
1812162.693,,1350.763,1131.701,
1812229.349,,1353.317,1134.349,
1812296.007,,1349.216,1139.960,
1812362.663,,1346.664,1147.451,
1812429.320,,1343.939,1148.992,
1812495.983,,1348.119,1147.368,
1812562.636,,1351.169,1145.131,
1812629.298,,1349.456,1143.891,
1812695.956,,1348.873,1140.711,
1812762.610,,1349.102,1137.377,
1812829.275,,1348.192,1136.789,
1812895.933,,1346.512,1133.984,
1812962.588,,1353.855,1133.778,
1813029.242,,1352.845,1129.122,
1813095.907,,1344.871,1131.149,
1813162.563,,1352.037,1129.511,
1813229.218,,1348.666,1127.421,
1813295.875,,1347.142,1125.463,
1813362.533,,1347.677,1125.087,
1813429.196,,1349.078,1127.150,
1813495.855,,1345.461,1125.617,
1813562.512,,1346.906,1122.540,
1813629.170,,1355.743,1123.554,
1813695.827,,1350.715,1125.477,
1813762.484,,1349.804,1126.286,
1813829.140,,1346.760,1125.640,
1813895.802,,1345.584,1125.477,
1813962.459,,1349.528,1128.097,
1814029.119,,1351.222,1128.251,
1814095.776,,1350.749,1126.345,
1814162.433,,1352.364,1132.216,
1814229.090,,1359.761,1133.877,
1814295.749,,1362.131,1130.664,
1814362.405,,1356.151,1130.514,
1814429.063,,1353.854,1130.892,
1814495.722,,1347.790,1131.231,
1814562.384,,1349.143,1135.457,
1814629.040,,1349.610,1137.840,
1814695.702,,1360.397,1150.198,
1814762.353,,1363.736,1142.444,
1814829.012,,1355.281,1143.301,
1814895.671,,1359.927,1143.729,
1814962.327,,1354.381,1144.822,
1815028.991,,1351.849,1148.354,
1815095.648,,1353.516,1145.758,
1815162.307,,1354.063,1146.071,
1815228.961,,1348.643,1147.445,
1815295.624,,1346.830,1144.492,
1815362.279,,1351.632,1144.931,
1815428.939,,1346.010,1148.281,
1815495.594,,1346.616,1151.723,
1815562.251,,1348.210,1153.141,
1815628.913,,1341.351,1158.171,
1815695.571,,1340.506,1159.260,
1815762.227,,1341.730,1163.387,
1815828.883,,1343.566,1165.059,
1815895.542,,1344.019,1162.402,
1815962.200,,1346.835,1160.346,
1816028.857,,1345.477,1157.894,
1816095.517,,1346.541,1159.676,
1816162.169,,1350.373,1159.742,
1816228.829,,1346.403,1158.262,
1816295.490,,1349.991,1155.944,
1816362.143,,1351.081,1155.437,
1816428.801,,1350.812,1153.077,
1816495.458,,1350.398,1152.568,
1816562.117,,1347.983,1151.156,
1816628.778,,1347.345,1148.506,
1816695.431,,1350.392,1149.273,
1816762.093,,1348.551,1149.096,
1816828.750,,1345.710,1151.728,
1816895.406,,1348.436,1152.198,
1816962.061,,1346.239,1149.715,
1817028.723,,1350.300,1152.050,
1817095.379,,1351.975,1166.854,
1817162.036,,1355.205,1179.270,
1817228.696,,1352.409,1185.359,
1817295.348,,1354.114,1191.905,
1817362.008,,1354.337,1199.660,
1817428.662,,1352.187,1197.641,
1817495.325,,1351.279,1192.857,
1817561.979,,1349.842,1187.931,
1817628.640,,1351.326,1188.880,
1817695.295,,1347.977,1187.968,
1817761.951,,1350.682,1182.880,
1817828.613,,1352.477,1178.331,
1817895.266,,1350.319,1177.368,
1817961.922,,1347.671,1172.524,
1818028.586,,1351.289,1169.531,
1818095.242,,1352.334,1167.916,
1818161.901,,1348.392,1166.903,
1818228.559,,1345.658,1161.791,
1818295.214,,1344.183,1158.197,
1818361.869,,1342.437,1155.435,
1818428.527,,1335.394,1152.458,
1818495.185,,1341.541,1152.258,
1818561.842,,1345.287,1153.420,
1818628.498,,1341.891,1156.389,
1818695.162,,1343.937,1154.485,
1818761.813,,1346.280,1154.879,
1818828.472,,1347.306,1153.504,
1818895.134,,1347.953,1153.366,
1818961.791,,1346.839,1153.370,
1819028.445,,1348.407,1148.708,
1819095.100,,1347.720,1147.893,
1819161.758,,1351.453,1148.557,
1819228.415,,1351.172,1146.649,
1819295.073,,1352.171,1144.176,
1819361.735,,1347.103,1142.804,
1819428.389,,1349.094,1140.312,
1819495.045,,1348.495,1139.796,
1819561.704,,1352.747,1138.887,
1819628.366,,1356.254,1139.471,
1819695.018,,1364.851,1141.069,
1819761.675,,1360.523,1140.834,
1819828.335,,1350.951,1141.330,
1819894.994,,1354.281,1143.426,
1819961.651,,1356.395,1142.251,
1820028.311,,1357.681,1140.663,
1820094.963,,1358.517,1140.154,
1820161.625,,1354.371,1140.931,
1820228.283,,1351.269,1142.224,
1820294.937,,1350.868,1138.397,
1820361.595,,1349.006,1138.174,
1820428.253,,1350.054,1136.182,
1820494.912,,1352.867,1141.184,
1820561.570,,1354.846,1139.849,
1820628.225,,1351.323,1139.363,
1820694.884,,1348.855,1139.935,
1820761.538,,1347.733,1141.547,
1820828.201,,1350.954,1141.833,
1820894.855,,1351.989,1139.785,
1820961.517,,1350.301,1140.851,
1821028.168,,1348.071,1143.161,
1821094.832,,1349.437,1141.071,
1821161.489,,1350.659,1145.559,
1821228.144,,1350.140,1145.672,
1821294.799,,1347.274,1144.021,
1821361.460,,1349.169,1143.073,
1821428.115,,1347.478,1143.567,
1821494.772,,1348.368,1141.939,
1821561.434,,1355.135,1140.851,
1821628.088,,1346.450,1139.315,
1821694.748,,1349.951,1136.604,
1821761.401,,1347.758,1131.975,
1821828.063,,1339.791,1128.565,
1821894.722,,1335.782,1128.532,
1821961.375,,1337.970,1128.312,
1822028.033,,1342.051,1126.487,
1822094.693,,1339.615,1127.601,
1822161.351,,1341.220,1127.705,
1822228.010,,1337.138,1131.083,
1822294.667,,1344.002,1133.665,
1822361.323,,1349.627,1132.807,
1822427.981,,1349.859,1130.429,
1822494.636,,1341.012,1129.600,
1822561.294,,1350.121,1131.901,
1822627.953,,1346.313,1126.916,
1822694.610,,1343.660,1120.832,
1822761.270,,1342.667,1121.234,
1822827.927,,1341.375,1118.303,
1822894.582,,1344.041,1117.027,
1822961.238,,1337.370,1116.936,
1823027.896,,1336.081,1116.019,
1823094.556,,1335.242,1114.459,
1823161.210,,1333.516,1113.431,
1823227.867,,1332.487,1113.394,
1823294.530,,1333.682,1115.767,
1823361.182,,1339.925,1116.824,
1823427.845,,1339.436,1118.025,
1823494.499,,1341.126,1116.921,
1823561.155,,1342.126,1119.124,
1823627.816,,1344.865,1123.426,
1823694.472,,1345.438,1129.662,
1823761.131,,1342.970,1125.666,
1823827.789,,1340.452,1126.155,
1823894.444,,1341.520,1127.247,
1823961.101,,1344.583,1126.855,
1824027.764,,1343.513,1128.339,
1824094.420,,1341.810,1131.548,
1824161.082,,1344.256,1131.135,
1824227.739,,1340.725,1134.200,
1824294.397,,1343.811,1134.341,
1824361.052,,1345.465,1137.545,
1824427.715,,1342.641,1132.565,
1824494.369,,1345.642,1128.012,
1824561.028,,1347.085,1127.768,
1824627.686,,1331.531,1120.312,
1824694.347,,1327.411,1119.665,
1824761.000,,1333.393,1122.977,
1824827.662,,1337.770,1123.034,
1824894.317,,1346.013,1126.109,
1824960.981,,1344.956,1125.319,
1825027.635,,1344.057,1124.598,
1825094.290,,1341.789,1125.567,
1825160.951,,1338.908,1125.906,
1825227.610,,1341.986,1124.622,
1825294.270,,1343.963,1123.430,
1825360.924,,1343.744,1125.327,
1825427.587,,1342.094,1122.463,
1825494.241,,1342.133,1122.348,
1825560.903,,1342.688,1121.074,
1825627.562,,1342.690,1123.080,
1825694.217,,1343.290,1120.949,
1825760.875,,1347.021,1119.665,
1825827.533,,1347.045,1122.122,
1825894.191,,1347.812,1122.685,
1825960.852,,1343.543,1124.282,
1826027.509,,1342.689,1125.062,
1826094.167,,1340.336,1123.784,
1826160.824,,1341.084,1130.730,
1826227.485,,1337.859,1125.308,
1826294.137,,1344.537,1129.323,
1826360.796,,1348.067,1127.637,
1826427.459,,1339.569,1130.257,
1826494.118,,1352.839,1135.803,
1826560.777,,1359.763,1140.597,
1826627.431,,1358.217,1140.642,
1826694.092,,1365.258,1141.614,
1826760.751,,1370.993,1142.783,
1826827.409,,1370.725,1142.281,
1826894.062,,1366.838,1142.754,
1826960.720,,1369.103,1141.519,
1827027.381,,1368.318,1140.988,
1827094.035,,1368.199,1141.195,
1827160.698,,1367.101,1141.745,
1827227.358,,1361.888,1139.744,
1827294.016,,1359.903,1140.361,
1827360.672,,1361.845,1143.062,
1827427.326,,1365.877,1147.654,
1827493.984,,1358.874,1146.358,
1827560.647,,1358.972,1143.430,
1827627.305,,1360.163,1142.001,
1827693.961,,1364.306,1143.081,
1827760.618,,1348.963,1131.824,
1827827.277,,1342.626,1134.640,
1827893.938,,1337.483,1133.804,
1827960.594,,1342.723,1137.496,
1828027.252,,1344.339,1134.729,
1828093.910,,1339.471,1133.358,
1828160.570,,1338.761,1131.753,
1828227.227,,1342.365,1130.459,
1828293.886,,1339.050,1133.441,
1828360.546,,1337.340,1130.791,
1828427.201,,1338.926,1137.027,
1828493.857,,1343.019,1138.232,
1828560.520,,1339.235,1137.100,
1828627.179,,1341.171,1137.734,
1828693.833,,1340.324,1138.233,
1828760.495,,1343.461,1141.533,
1828827.152,,1343.042,1138.877,
1828893.809,,1343.948,1143.813,
1828960.465,,1350.531,1144.981,
1829027.127,,1345.952,1144.040,
1829093.783,,1343.945,1148.705,
1829160.442,,1345.650,1149.189,
1829227.098,,1348.679,1143.965,
1829293.761,,1345.953,1139.234,
1829360.417,,1343.090,1141.453,
1829427.077,,1345.852,1143.354,
1829493.733,,1349.834,1142.402,
1829560.388,,1354.055,1140.553,
1829627.051,,1352.961,1143.002,
1829693.705,,1355.611,1144.405,
1829760.367,,1356.023,1147.524,
1829827.021,,1349.496,1167.715,
1829893.679,,1342.708,1183.158,
1829960.342,,1340.125,1198.718,
1830027.001,,1341.970,1207.811,
1830093.657,,1348.523,1213.830,
1830160.312,,1346.676,1209.393,
1830226.975,,1345.527,1210.596,
1830293.629,,1347.686,1202.586,
1830360.288,,1348.471,1200.477,
1830426.949,,1344.943,1196.487,
1830493.604,,1347.866,1191.134,
1830560.261,,1344.584,1184.513,
1830626.923,,1344.345,1176.580,
1830693.578,,1336.724,1164.381,
1830760.235,,1337.752,1162.973,
1830826.893,,1338.072,1161.970,
1830893.554,,1335.763,1161.098,
1830960.210,,1344.361,1163.557,
1831026.870,,1346.226,1160.983,
1831093.531,,1343.343,1155.817,
1831160.184,,1343.688,1148.515,
1831226.843,,1344.190,1146.835,
1831293.505,,1348.166,1146.238,
1831360.162,,1354.298,1146.483,
1831426.818,,1353.883,1146.464,
1831493.475,,1357.105,1148.431,
1831560.137,,1352.854,1139.025,
1831626.795,,1347.644,1139.716,
1831693.453,,1354.569,1138.541,
1831760.113,,1351.844,1138.836,
1831826.769,,1349.650,1138.557,
1831893.426,,1350.137,1137.701,
1831960.081,,1347.899,1135.830,
1832026.738,,1342.495,1137.602,
1832093.401,,1348.073,1142.643,
1832160.059,,1348.995,1138.750,
1832226.717,,1347.620,1141.142,
1832293.375,,1349.459,1152.317,
1832360.033,,1347.761,1170.261,
1832426.689,,1340.663,1182.028,
1832493.347,,1337.752,1193.207,
1832560.001,,1335.750,1195.844,
1832626.664,,1339.546,1201.224,
1832693.318,,1336.762,1214.684,
1832759.978,,1337.884,1255.059,
1832826.634,,1343.822,1257.168,
1832893.296,,1346.194,1254.647,
1832959.949,,1344.649,1249.433,
1833026.612,,1345.988,1252.979,
1833093.270,,1342.504,1250.121,
1833159.921,,1343.570,1247.131,
1833226.580,,1341.579,1239.948,
1833293.237,,1347.299,1234.687,
1833359.899,,1342.533,1231.438,
1833426.557,,1344.551,1229.237,
1833493.213,,1342.758,1229.168,
1833559.874,,1350.097,1227.089,
1833626.531,,1354.290,1221.002,
1833693.189,,1354.961,1215.269,
1833759.847,,1350.589,1210.669,
1833826.501,,1352.112,1207.937,
1833893.162,,1351.796,1200.891,
1833959.815,,1350.319,1195.906,
1834026.473,,1348.181,1189.528,
1834093.132,,1349.236,1185.823,
1834159.788,,1349.060,1183.331,
1834226.447,,1342.840,1176.538,
1834293.106,,1353.275,1177.803,
1834359.764,,1363.189,1176.095,
1834426.421,,1355.521,1170.415,
1834493.080,,1348.690,1164.033,
1834559.740,,1346.942,1161.526,
1834626.398,,1344.581,1160.332,
1834693.051,,1347.321,1158.359,
1834759.711,,1346.755,1156.415,
1834826.371,,1348.833,1154.048,
1834893.027,,1349.731,1152.335,
1834959.687,,1353.906,1151.355,
1835026.340,,1349.307,1149.410,
1835093.001,,1349.988,1150.070,
1835159.656,,1352.753,1147.785,
1835226.316,,1354.028,1146.461,
1835292.977,,1351.904,1146.309,
1835359.630,,1354.531,1145.395,
1835426.290,,1355.622,1146.445,
1835492.947,,1352.126,1142.094,
1835559.607,,1350.089,1141.270,
1835626.264,,1350.372,1142.277,
1835692.922,,1346.164,1138.677,
1835759.576,,1348.867,1137.633,
1835826.235,,1351.540,1139.040,
1835892.897,,1348.529,1137.314,
1835959.553,,1346.164,1138.738,
1836026.211,,1348.399,1141.219,
1836092.866,,1344.250,1140.831,
1836159.526,,1351.007,1139.287,
1836226.186,,1346.780,1135.777,
1836292.844,,1340.633,1134.233,
1836359.502,,1336.249,1134.790,
1836426.157,,1336.969,1134.189,
1836492.813,,1339.710,1132.774,
1836559.471,,1342.455,1135.411,
1836626.130,,1337.281,1138.447,
1836692.790,,1336.895,1135.224,
1836759.442,,1345.898,1132.802,
1836826.104,,1343.273,1135.511,
1836892.761,,1343.158,1138.120,
1836959.418,,1343.794,1131.497,
1837026.078,,1345.549,1132.347,
1837092.736,,1340.394,1133.671,
1837159.391,,1340.958,1129.053,
1837226.051,,1346.589,1133.373,
1837292.708,,1343.308,1136.275,
1837359.368,,1349.113,1135.878,
1837426.024,,1350.508,1134.957,
1837492.679,,1353.107,1132.324,
1837559.336,,1345.913,1136.304,
1837625.995,,1348.340,1131.250,
1837692.653,,1343.714,1133.058,
1837759.315,,1344.716,1131.570,
1837825.968,,1353.404,1129.359,
1837892.630,,1342.057,1129.217,
1837959.285,,1343.303,1126.735,
1838025.941,,1342.681,1128.924,
1838092.603,,1353.147,1130.450,
1838159.259,,1351.343,1128.649,
1838225.914,,1353.303,1126.844,
1838292.574,,1350.095,1129.760,
1838359.232,,1346.229,1126.775,
1838425.887,,1352.450,1128.291,
1838492.548,,1351.174,1129.537,
1838559.205,,1351.596,1128.065,
1838625.865,,1347.164,1132.093,
1838692.519,,1349.628,1130.225,
1838759.181,,1346.040,1131.517,
1838825.839,,1347.621,1131.304,
1838892.493,,1353.987,1132.849,
1838959.150,,1353.855,1131.443,
1839025.811,,1357.164,1135.068,
1839092.468,,1364.294,1133.012,
1839159.123,,1357.095,1131.520,
1839225.785,,1356.334,1131.105,
1839292.440,,1364.391,1133.238,
1839359.101,,1368.755,1131.072,
1839425.757,,1364.458,1129.576,
1839492.418,,1367.308,1132.365,
1839559.075,,1361.126,1132.759,
1839625.728,,1361.714,1132.333,
1839692.389,,1364.984,1133.443,
1839759.048,,1368.020,1133.716,
1839825.703,,1367.114,1133.934,
1839892.361,,1366.288,1135.850,
1839959.022,,1362.237,1132.896,
1840025.681,,1362.300,1129.972,
1840092.338,,1364.122,1132.111,
1840158.995,,1358.722,1133.010,
1840225.657,,1360.022,1137.392,
1840292.311,,1366.532,1138.847,
1840358.968,,1357.963,1134.487,
1840425.627,,1348.859,1133.389,
1840492.284,,1345.771,1134.202,
1840558.942,,1347.391,1134.176,
1840625.603,,1350.368,1136.431,
1840692.264,,1351.849,1144.234,
1840758.920,,1354.391,1143.941,
1840825.581,,1354.567,1145.310,
1840892.236,,1352.811,1148.810,
1840958.895,,1353.437,1149.260,
1841025.550,,1354.022,1149.970,
1841092.211,,1357.565,1150.785,
1841158.868,,1357.789,1147.530,
1841225.525,,1357.874,1144.098,
1841292.185,,1355.122,1140.242,
1841358.841,,1353.394,1135.203,
1841425.500,,1348.217,1135.788,
1841492.158,,1348.812,1135.025,
1841558.819,,1349.038,1133.528,
1841625.478,,1343.921,1132.761,
1841692.136,,1345.775,1131.572,
1841758.793,,1347.028,1134.096,
1841825.449,,1349.087,1138.262,
1841892.108,,1348.165,1142.115,
1841958.768,,1351.665,1139.882,
1842025.429,,1353.410,1142.928,
1842092.085,,1349.539,1152.341,
1842158.742,,1351.593,1150.362,
1842225.403,,1351.191,1147.637,
1842292.060,,1344.495,1145.573,
1842358.719,,1347.979,1148.047,
1842425.374,,1346.880,1146.585,
1842492.036,,1346.875,1145.689,
1842558.696,,1346.723,1146.652,
1842625.353,,1347.220,1145.153,
1842692.007,,1348.170,1142.025,
1842758.664,,1349.111,1139.354,
1842825.325,,1343.329,1139.499,
1842891.982,,1344.248,1138.516,
1842958.643,,1355.662,1147.905,
1843025.298,,1357.425,1154.783,
1843091.959,,1354.897,1160.120,
1843158.614,,1356.343,1163.925,
1843225.277,,1352.946,1168.618,
1843291.931,,1348.084,1172.318,
1843358.592,,1355.902,1175.315,
1843425.250,,1352.785,1181.084,
1843491.907,,1346.361,1184.124,
1843558.565,,1349.033,1182.828,
1843625.223,,1351.691,1183.858,
1843691.881,,1340.617,1181.523,
1843758.543,,1341.183,1176.797,
1843825.201,,1343.501,1174.373,
1843891.861,,1340.049,1171.522,
1843958.516,,1340.782,1177.511,
1844025.175,,1339.743,1183.284,
1844091.829,,1341.452,1184.635,
1844158.491,,1340.468,1186.849,
1844225.147,,1344.226,1196.942,
1844291.809,,1345.900,1210.849,
1844358.468,,1343.244,1240.392,
1844425.121,,1342.772,1253.011,
1844491.780,,1340.898,1251.682,
1844558.440,,1339.788,1247.895,
1844625.097,,1342.069,1240.165,
1844691.755,,1343.091,1232.704,
1844758.417,,1341.476,1225.577,
1844825.076,,1343.643,1220.269,
1844891.729,,1340.889,1213.775,
1844958.390,,1342.707,1209.545,
1845025.050,,1341.944,1204.008,
1845091.703,,1342.795,1201.654,
1845158.366,,1344.464,1202.540,
1845225.019,,1343.338,1203.414,
1845291.682,,1345.922,1210.996,
1845358.336,,1343.381,1220.870,
1845425.000,,1343.644,1219.433,
1845491.658,,1343.408,1217.106,
1845558.316,,1344.914,1217.952,
1845624.969,,1341.484,1213.515,
1845691.633,,1347.105,1207.892,
1845758.287,,1347.739,1203.334,
1845824.946,,1349.436,1199.460,
1845891.606,,1348.790,1197.839,
1845958.264,,1350.323,1197.277,
1846024.919,,1350.920,1204.383,
1846091.579,,1350.670,1236.017,
1846158.236,,1347.714,1290.817,
1846224.898,,1348.577,1309.023,
1846291.557,,1346.273,1310.864,
1846358.216,,1343.522,1308.850,
1846424.871,,1346.253,1295.783,
1846491.526,,1347.788,1291.230,
1846558.184,,1342.707,1285.651,
1846624.843,,1350.754,1276.279,
1846691.505,,1356.098,1268.387,
1846758.164,,1349.512,1264.429,
1846824.822,,1350.929,1254.701,
1846891.476,,1351.121,1245.924,
1846958.138,,1346.694,1242.259,
1847024.798,,1347.772,1239.738,
1847091.455,,1345.573,1234.950,
1847158.109,,1347.554,1228.429,
1847224.767,,1347.899,1223.584,
1847291.430,,1347.358,1217.800,
1847358.084,,1345.423,1212.305,
1847424.742,,1345.443,1207.997,
1847491.400,Input1*2*0,1345.580,1206.426,
1847558.057,Input1*2*1,1348.417,1202.058,
1847624.718,,1349.229,1198.985,
1847691.377,,1347.258,1196.977,
1847758.039,,1344.534,1210.798,
1847824.692,,1352.706,1233.145,
1847891.349,,1351.048,1239.457,
1847958.013,,1348.393,1233.740,
1848024.668,,1349.457,1229.907,
1848091.326,,1348.040,1226.264,
1848157.988,,1350.579,1215.978,
1848224.644,,1352.050,1213.374,
1848291.302,,1349.532,1205.926,
1848357.959,,1345.417,1201.909,
1848424.619,,1343.363,1196.117,
1848491.277,,1349.072,1189.197,
1848557.936,,1343.577,1187.016,
1848624.595,,1343.423,1182.865,
1848691.252,,1341.539,1180.700,
1848757.912,,1353.310,1178.016,
1848824.566,,1351.635,1176.648,
1848891.224,,1351.533,1172.850,
1848957.883,,1349.532,1169.675,
1849024.545,,1352.507,1170.773,
1849091.202,,1359.855,1174.956,
1849157.859,,1354.488,1167.047,
1849224.518,,1348.551,1164.243,
1849291.173,,1350.278,1164.644,
1849357.833,,1344.132,1161.794,
1849424.491,,1350.073,1157.122,
1849491.154,,1350.723,1155.078,
1849557.806,,1352.957,1158.242,
1849624.464,,1349.195,1152.174,
1849691.128,,1351.211,1152.965,
1849757.786,,1349.103,1151.367,
1849824.441,,1346.976,1147.283,
1849891.100,,1355.027,1146.982,
1849957.761,,1353.839,1149.563,
1850024.419,,1365.723,1145.574,
1850091.072,,1355.257,1142.972,
1850157.736,,1349.478,1142.128,
1850224.392,,1349.631,1144.438,
1850291.047,,1353.252,1143.806,
1850357.705,,1347.032,1139.617,
1850424.365,,1349.024,1137.219,
1850491.026,,1341.295,1136.034,
1850557.684,,1345.172,1134.952,
1850624.344,,1344.804,1134.499,
1850690.998,,1347.483,1136.654,
1850757.658,,1347.250,1136.227,
1850824.318,,1349.114,1134.498,
1850890.977,,1345.963,1132.630,
1850957.631,,1348.923,1133.309,
1851024.290,,1347.820,1134.516,
1851090.949,,1352.187,1132.694,
1851157.605,,1353.979,1135.045,
1851224.268,,1358.130,1131.789,
1851290.925,,1352.517,1131.165,
1851357.583,,1349.639,1130.260,
1851424.239,,1351.780,1134.235,
1851490.896,,1353.454,1141.737,
1851557.560,,1352.595,1145.787,
1851624.217,,1353.293,1148.298,
1851690.875,,1353.617,1150.387,
1851757.533,,1351.322,1148.979,
1851824.188,,1351.351,1151.145,
1851890.851,,1351.835,1153.342,
1851957.509,,1352.365,1152.927,
1852024.169,,1352.486,1149.101,
1852090.821,,1350.438,1151.628,
1852157.480,,1347.859,1151.130,
1852224.138,,1352.260,1150.277,
1852290.798,,1351.783,1151.060,
1852357.459,,1349.549,1149.175,
1852424.118,,1351.452,1146.509,
1852490.773,,1345.231,1143.492,
1852557.428,,1347.665,1143.068,
1852624.087,,1346.111,1138.638,
1852690.750,,1340.902,1135.508,
1852757.404,,1341.425,1133.100,
1852824.068,,1340.194,1131.368,
1852890.721,,1344.467,1129.334,
1852957.383,,1345.771,1133.118,
1853024.042,,1346.690,1138.091,
1853090.701,,1344.088,1140.964,
1853157.359,,1346.711,1151.970,
1853224.011,,1353.777,1175.926,
1853290.670,,1345.990,1209.170,
1853357.328,,1342.363,1238.218,
1853423.987,,1340.618,1272.682,
1853490.649,,1343.446,1331.657,
1853557.304,,1341.098,1428.363,
1853623.967,,1340.079,1520.813,
1853690.621,,1340.054,1580.090,
1853757.284,,1338.975,1584.049,
1853823.940,,1341.157,1577.867,
1853890.595,,1341.596,1562.587,
1853957.258,,1343.765,1571.351,
1854023.913,,1340.278,1566.122,
1854090.575,,1342.175,1548.048,
1854157.227,,1340.200,1528.016,
1854223.886,,1344.132,1511.841,
1854290.546,,1341.265,1491.454,
1854357.208,,1345.665,1475.426,
1854423.863,,1339.884,1459.788,
1854490.519,,1342.670,1451.854,
1854557.182,,1340.062,1441.340,
1854623.836,,1341.480,1431.720,
1854690.494,,1339.090,1415.869,
1854757.153,,1340.813,1404.815,
1854823.815,,1337.899,1384.054,
1854890.468,,1342.780,1378.149,
1854957.132,,1342.884,1374.706,
1855023.789,,1340.719,1365.196,
1855090.447,,1352.244,1356.453,
1855157.108,,1356.778,1354.447,
1855223.761,,1354.464,1355.182,
1855290.424,,1358.083,1376.973,
1855357.077,,1351.026,1388.400,
1855423.741,,1351.131,1385.562,
1855490.395,,1349.633,1378.408,
1855557.057,,1343.677,1368.325,
1855623.715,,1346.390,1358.410,
1855690.368,,1350.711,1350.725,
1855757.029,,1345.550,1338.206,
1855823.684,,1346.096,1330.671,
1855890.343,,1345.334,1319.456,
1855957.000,,1344.622,1311.965,
1856023.655,,1345.978,1303.924,
1856090.309,,1348.145,1295.747,
1856156.968,,1352.001,1288.897,
1856223.623,,1348.739,1281.444,
1856290.285,,1349.540,1275.709,
1856356.936,,1347.266,1267.319,
1856423.595,,1348.792,1261.764,
1856490.251,,1346.085,1256.582,
1856556.909,,1346.010,1251.798,
1856623.563,,1348.989,1248.141,
1856690.224,,1354.216,1244.951,
1856756.879,,1350.329,1237.646,
1856823.538,,1352.891,1234.852,
1856890.195,,1354.215,1232.521,
1856956.852,,1349.394,1230.427,
1857023.506,,1348.802,1225.958,
1857090.164,,1348.977,1222.030,
1857156.821,,1347.605,1222.332,
1857223.477,,1350.975,1224.893,
1857290.131,,1347.862,1222.997,
1857356.790,,1353.736,1227.039,
1857423.447,,1362.534,1225.708,
1857490.106,,1354.987,1218.235,
1857556.758,,1353.518,1214.366,
1857623.417,,1349.372,1213.007,
1857690.071,,1346.239,1212.981,
1857756.729,,1348.262,1209.699,
1857823.383,,1350.446,1212.634,
1857890.047,,1351.433,1207.701,
1857956.700,,1351.001,1206.741,
1858023.359,,1347.950,1213.135,
1858090.011,,1348.288,1210.325,
1858156.669,,1349.514,1212.785,
1858223.326,,1346.020,1214.503,
1858289.981,,1345.210,1217.746,
1858356.637,,1341.985,1221.880,
1858423.295,,1343.124,1215.760,
1858489.953,,1344.354,1213.219,
1858556.608,,1344.712,1207.305,
1858623.269,,1343.955,1203.532,
1858689.927,,1342.941,1197.660,
1858756.583,,1341.984,1196.459,
1858823.240,,1338.852,1192.470,
1858889.895,,1336.695,1188.567,
1858956.553,,1338.089,1186.304,
1859023.205,,1341.346,1184.749,
1859089.862,,1344.570,1179.272,
1859156.525,,1344.947,1178.391,
1859223.179,,1347.533,1176.703,
1859289.834,,1343.213,1171.088,
1859356.493,,1339.130,1169.087,
1859423.146,,1340.555,1169.095,
1859489.802,,1339.200,1164.076,
1859556.462,,1340.854,1161.027,
1859623.118,,1342.918,1164.751,
1859689.778,,1339.743,1171.442,
1859756.429,,1345.527,1168.118,
1859823.088,,1343.730,1172.663,
1859889.744,,1345.674,1171.319,
1859956.400,,1335.770,1170.782,
1860023.060,,1334.287,1170.766,
1860089.715,,1334.927,1172.841,
1860156.373,,1335.714,1173.030,
1860223.026,,1334.131,1173.565,
1860289.684,,1333.714,1171.272,
1860356.346,,1329.043,1174.925,
1860422.999,,1337.718,1176.044,
1860489.656,,1339.846,1178.655,
1860556.316,,1339.799,1178.668,
1860622.971,,1343.670,1180.814,
1860689.629,,1348.210,1181.548,
1860756.285,,1345.607,1181.796,
1860822.941,,1350.087,1181.834,
1860889.596,,1346.806,1184.397,
1860956.254,,1343.800,1188.145,
1861022.908,,1343.723,1187.551,
1861089.567,,1347.628,1188.907,
1861156.225,,1342.069,1189.599,
1861222.883,,1340.875,1186.186,
1861289.537,,1345.943,1186.169,
1861356.195,,1348.232,1184.713,
1861422.851,,1348.491,1183.473,
1861489.509,,1347.050,1188.062,
1861556.165,,1347.417,1187.146,
1861622.818,,1342.505,1183.577,
1861689.474,,1338.674,1184.992,
1861756.135,,1339.139,1180.725,
1861822.792,,1342.418,1183.632,
1861889.445,,1340.229,1181.490,
1861956.103,,1336.929,1176.203,
1862022.760,,1336.109,1172.633,
1862089.415,,1338.027,1170.356,
1862156.072,,1343.045,1166.555,
1862222.731,,1343.770,1166.085,
1862289.388,,1341.096,1166.491,
1862356.043,,1340.990,1162.878,
1862422.699,,1336.931,1163.003,
1862489.357,,1341.301,1159.478,
1862556.011,,1344.940,1160.020,
1862622.669,,1337.363,1162.051,
1862689.327,,1345.249,1161.312,
1862755.982,,1343.689,1160.217,
1862822.640,,1344.822,1162.506,
1862889.297,,1345.238,1161.436,
1862955.953,,1346.304,1166.311,
1863022.611,,1348.989,1165.395,
1863089.269,,1344.765,1163.160,
1863155.928,,1345.544,1166.071,
1863222.581,,1347.341,1166.374,
1863289.239,,1345.217,1168.257,
1863355.892,,1346.523,1178.756,
1863422.552,,1344.914,1180.090,
1863489.208,,1344.882,1179.897,
1863555.862,,1341.486,1178.929,
1863622.523,,1345.049,1177.330,
1863689.176,,1348.137,1178.887,
1863755.841,,1348.748,1173.890,
1863822.500,,1350.913,1171.547,
1863889.159,,1347.451,1170.559,
1863955.817,,1346.854,1166.121,
1864022.474,,1352.858,1165.638,
1864089.135,,1351.039,1164.447,
1864155.792,,1354.699,1162.326,
1864222.455,,1347.456,1158.083,
