time,zscore,fluorescence,isobestic,ToneStart,PelletGrab
0.0,19.465700075967,354.933,371.764,0,0
0.099996,19.729708227111544,354.886,371.631,0,0
0.19999899999999998,17.694413853175494,354.752,371.738,0,0
0.299997,18.720379771442968,354.539,371.167,0,0
0.39999599999999996,17.12716779882361,354.468,371.313,0,0
0.5,19.087530255331295,354.57,371.159,0,0
0.599996,15.451438807699889,354.227,371.16,0,0
0.699998,14.249173117964945,353.956,370.87,0,0
0.799997,13.907342583591605,353.818,370.675,0,0
0.899996,14.558718146459947,354.056,370.999,0,0
0.9999969999999999,11.233538469855043,353.625,370.784,0,0
1.099998,14.948159569687283,354.013,370.851,0,0
1.199996,11.997166551981088,353.825,371.018,0,0
1.2999990000000001,8.899596479122575,353.459,370.883,0,0
1.3999970000000002,9.40431720048503,353.313,370.526,0,0
1.499998,9.159357904943587,353.226,370.408,0,0
1.599999,9.767711650360177,353.261,370.366,0,0
1.700002,8.877923633697892,353.219,370.443,0,0
1.8,9.685167423638456,353.244,370.348,0,0
1.9,11.889244154394046,353.25,369.975,0,0
1.999997,10.205896696757582,353.271,370.306,0,0
2.099996,13.092995203134524,353.303,369.862,0,0
2.199996,13.345578533727167,353.325,369.858,0,0
2.299998,10.2687716809023,353.149,370.069,0,0
2.399997,7.451775042882873,352.928,370.152,0,0
2.499999,10.988308349313785,353.11,369.871,0,0
2.600002,8.494995302173992,352.962,370.032,0,0
2.6999969999999998,8.434360672770707,352.881,369.893,0,0
2.8000010000000004,8.025226700012551,352.804,369.822,0,0
2.9,6.018407816948948,352.652,369.891,0,0
2.999999,6.134132547281564,352.598,369.771,0,0
3.1,3.976292336727586,352.479,369.927,0,0
3.1999969999999998,5.298903109519761,352.575,369.873,0,0
3.300002,3.8050887713386237,352.284,369.597,0,0
3.4000019999999997,7.409773856079153,352.542,369.444,0,0
3.500001,6.309216020756967,352.517,369.589,0,0
3.6000010000000002,8.954596816653964,352.787,369.625,0,0
3.6999989999999996,7.084945528779321,352.561,369.534,0,0
3.7999989999999997,8.303276622210063,352.658,369.5,0,0
3.899997,6.889278465205902,352.474,369.407,0,0
4.000002,7.3405181785829345,352.524,369.42,0,0
4.099996,7.25455231818421,352.502,369.394,0,0
4.200001,4.547459070383863,352.343,369.572,0,0
4.299999,5.428661236300064,352.338,369.409,0,0
4.400002000000001,6.830798952991337,352.354,369.194,0,0
4.500002,4.413883396783328,352.167,369.27,0,0
4.6,6.83479543266954,352.475,369.415,0,0
4.7,3.657487981106457,352.165,369.397,0,0
4.800001,4.332989425330195,352.215,369.371,0,0
4.900002000000001,3.7175087901297115,352.119,369.301,0,0
4.999996,3.8337393422447166,352.121,369.284,0,0
5.099996,2.629775189719665,352.015,369.298,0,0
5.199997000000001,0.7563967177212658,351.887,369.388,0,0
5.300001,3.4968005157099165,352.029,369.172,0,0
5.399996,2.2245739777641935,351.991,369.323,0,0
5.500001,0.5197277702152542,351.911,369.472,0,0
5.600001,2.770112437110206,351.911,369.08,0,0
5.7,0.512640579083252,351.832,369.327,0,0
5.7999979999999995,0.6147339401111842,351.837,369.318,0,0
5.899997,1.125112376003196,351.873,369.295,0,0
5.9999970000000005,1.163809491337404,351.822,369.194,0,0
6.099997999999999,4.687048054633496,352.094,369.081,0,0
6.199999,0.9361131807423946,351.883,369.345,0,0
6.299996,3.1814911012241036,352.001,369.171,0,0
6.4,7.32793192723522,352.439,369.255,0,0
6.499996,5.28949081827036,352.222,369.21,0,0
6.599997,7.184557565044483,352.346,369.108,0,0
6.699998,6.262895629100891,352.252,369.095,0,0
6.800002,5.965391780245722,352.173,369.001,0,0
6.9,5.352486077903464,352.112,368.995,0,0
7.0,3.383029470855126,352.02,369.168,0,0
7.100001,4.102115822592711,351.998,369.002,0,0
7.199999,5.079117176295458,352.058,368.942,0,0
7.300002,4.690887060489686,351.959,368.827,0,0
7.400002000000001,4.48609588744233,351.923,368.796,0,0
7.500002,6.202434125734625,352.054,368.738,0,0
7.600002000000001,6.093036578806497,352.108,368.856,0,0
7.6999960000000005,5.209009699365836,351.967,368.75,0,0
7.800002,4.183588616630728,351.886,368.779,0,0
7.899999,3.760700442241598,351.856,368.797,0,0
7.999999,2.8523089509770414,351.804,368.859,0,0
8.100001,4.072640037062568,351.912,368.845,0,0
8.199995999999999,2.6019996536675345,351.784,368.865,0,0
8.3,1.8447127632696587,351.674,368.794,0,0
8.399996,2.594310184091293,351.694,368.7,0,0
8.500001000000001,0.6004746034048657,351.585,368.846,0,0
8.599998,4.430068755865229,351.818,368.608,0,0
8.699999,4.068910318365604,351.771,368.584,0,0
8.799995999999998,2.4833872243956088,351.693,368.716,0,0
8.900001,0.15329093051062162,351.556,368.869,0,0
8.999998999999999,1.3965634030329837,351.533,368.61,0,0
9.100001,1.5361197692260644,351.579,368.67,0,0
9.2,0.21524156234325967,351.532,368.813,0,0
9.299998,1.4373740581870567,351.582,368.692,0,0
9.400002,0.3332949424997192,351.568,368.858,0,0
9.499996999999999,1.7209993326995594,351.563,368.607,0,0
9.599998,-0.6786923429244041,351.508,368.923,0,0
9.699997999999999,-0.10037986681514019,351.452,368.719,0,0
9.799998,-1.0611776171359408,351.426,368.838,0,0
9.9,-1.128617645950687,351.416,368.831,0,0
9.999998999999999,2.273589902911939,351.614,368.603,0,0
10.099998,2.7013382079314177,351.653,368.6,1,0
10.199999,1.9058795261927481,351.641,368.716,0,0
10.299999,2.817808555240514,351.666,368.603,0,0
10.400001,1.5966266173223063,351.642,368.771,0,0
10.5,2.2964002624583153,351.654,368.671,0,0
10.6,-0.345632619076709,351.469,368.79,0,0
10.700002,3.433671392837203,351.707,368.57,0,0
10.799998,3.556932362697052,351.696,368.528,0,0
10.900002,3.680163368992822,351.785,368.67,0,0
11.000001000000001,0.15753606691844363,351.464,368.692,0,0
11.099995999999999,1.8603218608878485,351.654,368.745,0,0
11.2,3.043650394707387,351.659,368.548,0,0
11.299995999999998,1.7417060475914117,351.548,368.57,0,0
11.400002,2.502936760777174,351.662,368.647,0,0
11.499996999999999,3.8752716845532214,351.674,368.43,0,0
11.599999,4.449197161373034,351.723,368.42,0,0
11.7,4.287521624246091,351.697,368.4,0,0
11.799998,5.057096332831199,351.777,368.413,0,0
11.899998,5.160058447745793,351.732,368.312,0,0
11.999996,4.722306185396365,351.75,368.421,0,0
12.099995999999999,9.844756922264642,352.115,368.201,0,0
12.199997,8.185866873352357,352.111,368.482,0,0
12.299997,6.657412235111789,351.934,368.422,0,0
12.400002,9.138996682739135,352.146,368.38,0,0
12.499998,4.621429687194462,351.701,368.347,0,0
12.599997,6.795178850826067,352.004,368.526,0,0
12.699999,5.5225882930189565,351.955,368.657,0,0
12.799999,9.114611367362542,352.122,368.339,0,0
12.899996999999999,12.050704509313617,352.446,368.424,0,0
12.999996999999999,21.06694716035983,353.264,368.36,0,0
13.099998,26.11730384719074,353.72,368.32,0,0
13.200002,23.864825014934187,353.518,368.34,0,0
13.300002000000001,21.566857469261436,353.278,368.298,0,0
13.400001,20.22937384520497,353.056,368.122,0,0
13.499996999999999,19.39389380124725,353.038,368.234,0,0
13.600001,23.187801549970356,353.348,368.144,0,0
13.699997,21.369644848944578,353.155,368.105,0,0
13.799997,20.363647690232927,353.085,368.151,0,0
13.899996,18.55680539221374,352.836,368.007,0,0
13.999998999999999,17.26307125824948,352.629,367.851,0,0
14.100001,14.479212810561178,352.405,367.923,0,0
14.199997,10.958410752718821,352.02,367.827,0,0
14.300001,10.36713374307126,352.099,368.075,0,0
14.4,7.957598440263692,351.818,367.977,0,0
14.499998999999999,7.776749580185281,351.782,367.942,0,0
14.6,8.215900967257568,351.803,367.904,0,0
14.7,7.365139700097215,351.858,368.153,0,0
14.800002000000001,9.736211693247126,352.103,368.191,0,0
14.899996,9.100504698705212,351.968,368.053,0,0
15.000001000000001,9.010689804559124,352.083,368.28,0,0
15.099999,8.538192738189602,352.033,368.27,0,0
15.199995999999999,5.894506856012841,351.738,368.187,0,0
15.299995999999998,5.858359665980971,351.701,368.125,0,0
15.399998,5.273000931920819,351.705,368.234,0,0
15.500001000000001,6.611767954603659,351.854,368.275,0,0
15.6,2.1166763476345887,351.385,368.194,0,0
15.700002,3.2678766160953407,351.538,368.275,0,0
15.799997,3.814741610056062,351.617,368.325,0,0
15.899996,1.1357069903088433,351.398,368.388,0,0
15.999984,1.1534393981419406,351.365,368.324,0,0
16.099968,1.6693108526112748,351.434,368.361,0,0
16.199957,2.7943695948246527,351.578,368.43,0,0
16.299939000000002,3.9176223700338353,351.674,368.411,0,0
16.399925,2.7143156929558376,351.444,368.197,0,0
16.49991,1.7406295293198328,351.333,368.162,0,0
16.599897000000002,2.7007017526268298,351.419,368.153,0,0
16.699883000000003,2.7626797595846377,351.338,367.993,0,0
16.799868,3.1738121632583707,351.396,368.028,0,0
16.899848000000002,1.9778941584517358,351.233,367.936,0,0
16.999831999999998,0.11760298179288287,351.08,367.978,0,0
17.099818,0.9046370555237058,351.148,367.966,0,0
17.199804,2.5785657841418397,351.289,367.934,0,0
17.29979,5.205163100878499,351.444,367.762,0,0
17.39977,3.660120276660901,351.242,367.659,0,0
17.499755,3.010219471297203,351.179,367.656,0,0
17.599739000000003,2.509715703900271,351.216,367.811,0,0
17.699716,4.195859574083932,351.425,367.902,0,0
17.799705999999997,4.433104622799806,351.441,367.89,0,0
17.899676,1.153905754982764,351.075,367.787,0,0
17.999671,0.6695875705452881,351.007,367.746,0,0
18.099649000000003,5.132313346857672,351.384,367.663,0,0
18.199633000000002,2.363842901458146,351.3,367.99,0,0
18.299615000000003,-0.19483602611786735,350.938,367.769,0,0
18.399598,0.09837286508499228,350.887,367.624,0,0
18.499581,4.235620767914078,351.268,367.605,0,0
18.599561,-0.9940605878223285,350.792,367.639,0,0
18.699538,1.2747517947530407,350.98,367.59,0,0
18.79952,7.038396014472613,351.611,367.748,0,0
18.899505,4.296212016960592,351.536,368.087,0,0
18.999485,4.279855196830115,351.428,367.891,0,0
19.099464,1.9205518149412104,351.143,367.777,0,0
19.199443,10.859230744963806,351.815,367.458,0,0
19.299425,6.149124195540374,352.536,369.604,0,0
19.399402,-2.9208862839435152,350.737,367.872,0,0
19.499381,1.6192622764860116,351.08,367.713,0,0
19.599363,3.604043555037582,351.252,367.684,0,0
19.699342,2.3955030940738786,351.278,367.942,0,0
19.799319999999998,2.677381899761156,351.227,367.799,0,0
19.899299,0.5898939741066137,350.959,367.669,0,0
19.999277999999997,0.4717404329195532,351.018,367.798,0,0
20.099256,1.4768429761265558,351.068,367.715,0,0
20.199238,2.383788543077969,351.131,367.673,0,0
20.299217000000002,-1.2197665172112173,350.843,367.77,0,0
20.399193999999998,-0.26589999148140386,350.905,367.718,0,0
20.499171999999998,-1.006462157949697,350.791,367.637,0,0
20.599149,0.05702537854702946,350.99,367.818,0,0
20.699128,-1.4497260101314624,350.853,367.828,0,0
20.799101999999998,-3.641026154690277,350.598,367.74,0,0
20.899085,-5.225001544266132,350.47,367.78,0,0
20.999062000000002,-2.5441776579117596,350.629,367.606,0,0
21.099034,-2.490210040723154,350.601,367.545,0,0
21.199009999999998,-0.575337447412998,350.718,367.427,0,0
21.298992,0.45010960168662667,350.821,367.438,0,0
21.398970000000002,-1.0657837745421728,350.744,367.56,0,0
21.498943,-2.0239562431090485,350.673,367.596,0,0
21.598921999999998,0.6472918502335632,350.805,367.374,0,0
21.698894,-1.2943505016970114,350.791,367.686,0,0
21.798874,-0.7145667051201763,350.81,367.62,0,0
21.898844,-1.7621389941987862,350.78,367.747,0,0
21.998818,0.09971312926308348,350.911,367.664,0,0
22.098796,-1.221388155245775,350.841,367.765,0,0
22.19877,0.6779786391621074,350.925,367.589,0,0
22.298748,-0.7354999662048979,350.818,367.638,0,0
22.398722000000003,-1.262994083106579,350.76,367.623,0,0
22.498693,-0.4047860239293614,350.895,367.722,0,0
22.598671,2.0334911959485935,350.968,367.432,0,0
22.698641,0.6765661316619934,350.962,367.657,0,0
22.798621,2.3835805502239387,351.049,367.52,0,0
22.898596,0.28509951953884155,350.937,367.679,0,0
22.998566,-1.2848733130071959,350.869,367.827,0,0
23.098542000000002,1.9628350301743889,351.093,367.674,0,0
23.198513,-0.6582872475413394,350.762,367.521,0,0
23.298483,1.5027816765058963,350.924,367.443,0,0
23.398462,-1.8988177554258274,350.648,367.527,0,0
23.498434,-0.6197606374425806,350.688,367.378,0,0
23.598402999999998,-0.4770875700764546,350.845,367.642,0,0
23.698375,-2.6967792687128433,350.54,367.467,0,0
23.798348999999998,-2.2469156177854552,350.613,367.523,0,0
23.898323,-1.772655954095013,350.647,367.503,0,0
23.998317,-1.693115916165102,350.704,367.594,0,0
24.098323,0.4156112159178899,350.898,367.584,0,0
24.19832,-1.0273155106325078,350.792,367.64,0,0
24.298318,1.2182196840213328,350.981,367.597,0,0
24.398317,0.5300213035151807,350.923,367.61,0,0
24.498316,0.46342314876585927,350.939,367.651,0,0
24.598312,0.023297550518288367,350.88,367.619,0,0
24.698314999999997,-0.03634140036419441,350.801,367.484,0,0
24.79831,0.8419237049299574,350.852,367.425,0,0
24.898314,3.0394887742491123,351.012,367.337,0,0
24.998312000000002,-1.69889136037978,350.54,367.293,0,0
25.098312,0.5282754728169272,350.874,367.52,0,0
25.198311,2.5449804631737036,350.962,367.331,0,0
25.298312999999997,2.401415603142481,351.068,367.551,0,0
25.398312,2.940906178983482,351.075,367.47,0,0
25.498312000000002,0.059035107718424906,350.909,367.666,0,0
25.598309,-0.22923984142449494,350.81,367.534,0,0
25.698310000000003,-0.16211699869460391,350.762,367.434,0,0
25.79831,0.19373130696327281,350.775,367.396,0,0
25.898307,-0.9207185125605555,350.637,367.336,0,0
25.998312000000002,-1.5289677674613553,350.561,367.302,0,0
26.098309,-2.061583273991908,350.509,367.299,0,0
26.198308,-2.490489098220062,350.413,367.197,0,0
26.298307,-2.005897947229869,350.536,367.339,0,0
26.398309,-2.979536967897958,350.245,366.973,0,0
26.498309000000003,-4.025963876274289,350.308,367.271,0,0
26.598312999999997,-4.689783109672883,350.23,367.243,0,0
26.698313,-1.0794093839449195,350.51,367.13,0,0
26.798312000000003,-2.7871708406647184,350.511,367.429,0,0
26.898314,-4.547697090552556,350.282,367.314,0,0
26.998311,-2.213125690512729,350.437,367.193,0,0
27.098314,-2.436455601467442,350.43,367.219,0,0
27.198312,-3.128040061477889,350.376,367.24,0,0
27.298311,-4.467656216015776,350.283,367.302,0,0
27.398315999999998,-4.791818970954046,350.142,367.099,0,0
27.498312000000002,-0.029739484794649936,350.707,367.31,0,0
27.598318,6.1493858606567215,351.281,367.291,0,0
27.698314999999997,6.796667204184839,351.371,367.344,0,0
27.798315,7.598235831594143,351.412,367.28,0,0
27.898317,5.868149790389336,351.2,367.191,0,0
27.99832,2.910632246946986,351.129,367.575,0,0
28.098322,3.7127507140811926,351.032,367.257,0,0
28.198321,4.91665577543937,351.098,367.169,0,0
28.298321,-0.07291938967723956,350.712,367.327,0,0
28.39832,-0.11382914132279401,350.738,367.382,0,0
28.498321,1.767804197527691,350.842,367.246,0,0
28.598325,0.2046318061502264,350.761,367.369,0,0
28.698326,-0.2849547751773978,350.7,367.342,0,0
28.798325000000002,2.5484234094332554,350.869,367.16,0,0
28.898326,2.8510018518431117,350.934,367.227,0,0
28.998329000000002,2.052457956384375,350.909,367.32,0,0
29.098332,3.2741709435832735,350.937,367.159,0,0
29.198334,0.8719828329878254,350.806,367.336,0,0
29.298334999999998,1.4633375465625325,350.882,367.373,0,0
29.398336,0.3839760785192334,350.7,367.226,0,0
29.498336,2.5362620344839484,350.866,367.157,0,0
29.598338,-0.339173494716712,350.606,367.179,0,0
29.698338,1.1363539954749646,350.733,367.156,0,0
29.798344,0.4241301179523423,350.633,367.096,0,0
29.898342,-1.0660395196951487,350.554,367.21,0,0
29.998347000000003,-0.321691822735643,350.52,367.018,0,0
30.098345000000002,-0.5890759683926374,350.48,366.991,0,0
30.198352,-3.0467658449612816,350.272,367.036,0,0
30.298355,-0.22387936937077843,350.59,367.13,0,0
30.398353,-0.06799502233750931,350.521,366.976,0,0
30.498355,0.20806078180302948,350.615,367.101,0,0
30.598361,1.9324200006766445,350.734,367.02,0,0
30.698364,0.3099143051622601,350.649,367.146,0,0
30.798361,-1.867001102113976,350.392,367.052,0,0
30.898366000000003,-0.991765040462753,350.372,366.863,0,0
30.998368,-1.6618992014583,350.495,367.206,0,0
31.098374,3.8431532494976604,350.89,366.975,0,0
31.198372,4.902048366993976,350.989,366.973,0,0
31.298372999999998,3.223242700196489,350.984,367.256,0,0
31.398379000000002,1.5258843823485109,350.843,367.292,0,0
31.49838,5.38686379771452,351.101,367.095,0,0
31.598381,2.4792054494189535,350.845,367.13,0,0
31.698385,0.8145191089958067,350.706,367.164,0,0
31.798388,0.8713951012043025,350.776,367.283,0,0
31.898394,0.4646806214089526,350.644,367.111,0,0
31.998390999999998,0.9726093764251111,350.736,367.192,0,0
32.098383,1.7840364209376853,350.748,367.073,0,0
32.198386,2.1239611355527117,350.779,367.071,0,0
32.298383,0.8972472745269681,350.695,367.13,0,0
32.398378,1.7020244709227499,350.733,367.06,0,0
32.498373,1.737633276353649,350.695,366.984,0,0
32.598371,5.2285876096951345,350.968,366.879,0,0
32.69837,5.2043940641305335,351.045,367.025,0,0
32.798365,6.935878044758493,351.119,366.86,0,0
32.898360999999994,10.754875134464392,351.479,366.858,0,0
32.998358999999994,26.45339493756369,352.976,366.881,0,0
33.09836,25.969935559813308,353.015,367.037,0,0
33.198354,26.646064141739252,353.018,366.925,0,0
33.298356,23.038787037927786,352.748,367.056,0,0
33.398351000000005,24.00689603981185,352.746,366.884,0,0
33.498351,20.344665166619528,352.542,367.146,0,0
33.598347000000004,17.201816421287095,352.217,367.095,0,0
33.698339999999995,14.067927805230443,351.926,367.105,0,0
33.798342,12.889181659536941,351.815,367.106,0,0
33.898336,12.847662191012605,351.811,367.106,0,0
33.998332000000005,9.389466133491226,351.429,367.005,0,0
34.098335,7.80497705268135,351.353,367.141,0,0
34.198332,9.452870538521324,351.518,367.158,0,0
34.298324,8.13761064261855,351.418,367.203,0,0
34.398325,6.015278459496586,351.177,367.129,0,0
34.498324999999994,6.236552245374052,351.231,367.19,0,0
34.59832,5.362006191319022,351.158,367.208,0,0
34.698319000000005,6.398507752514392,351.163,367.037,0,0
34.798313,4.102354894095539,351.061,367.249,0,0
34.898311,3.1255436179672476,350.968,367.248,0,0
34.998313,3.133121288275848,350.892,367.107,0,0
35.098309,2.713095873026063,350.856,367.114,0,0
35.198305999999995,2.6206829039128525,350.795,367.018,0,0
35.298303,3.8730897971778244,350.834,366.872,0,0
35.398299,-0.36258935125634245,350.735,367.427,0,0
35.4983,2.442250468540807,350.842,367.136,0,0
35.598292,1.952631555096167,350.763,367.076,0,0
35.698295,1.9891917536017478,350.793,367.125,0,0
35.798293,2.060493107148914,350.779,367.087,0,0
35.89829,0.8833316423629497,350.629,367.016,0,0
35.998283,2.4364644787556826,350.741,366.952,0,0
36.098284,4.021535311826496,350.912,366.991,0,0
36.198285000000006,2.6951668528229,350.843,367.095,0,0
36.298282,4.436588764340199,350.994,367.07,0,0
36.398275999999996,-0.453560032530187,350.507,367.025,0,0
36.498273,1.298464652278163,350.634,366.954,0,0
36.598276,2.5891278349498354,350.719,366.886,0,0
36.698269999999994,0.46120902176994055,350.578,366.997,0,0
36.798271,0.6181138117086628,350.571,366.957,0,0
36.898265,1.8437108713163828,350.733,367.042,0,0
36.998262000000004,2.329113170835856,350.8,367.081,0,0
37.098264,-1.5074331001074857,350.411,367.033,0,0
37.198258,0.554310482825653,350.545,366.921,0,0
37.298258000000004,0.6783552352212908,350.605,367.01,0,0
37.398255,1.2773297591311157,350.736,367.147,0,0
37.498253,3.8333509940557495,350.895,366.995,0,0
37.59825,3.270750689987908,350.933,367.163,0,0
37.69825,3.8298016123142946,350.945,367.088,0,0
37.798249000000006,3.8327749601136394,350.918,367.038,0,0
37.898244,2.9920813789769305,350.846,367.052,0,0
37.998239,3.421276642926541,350.843,366.972,0,0
38.098243000000004,3.8415078756520624,350.856,366.923,0,0
38.198237,7.74254037030257,351.321,367.1,0,0
38.298235999999996,12.793754563687267,351.704,366.926,0,0
38.398236,16.970011297983216,352.101,366.93,0,0
38.498235,15.087278059015148,352.031,367.129,0,0
38.598228000000006,17.191914874886024,352.131,366.947,0,0
38.698226000000005,14.898709029197825,351.845,366.82,0,0
38.798228,10.921332114517321,351.578,367.021,0,0
38.898223,10.619361536287492,351.489,366.91,0,0
38.998222,8.893977839544961,351.273,366.813,0,0
39.098219,8.679379853238792,351.189,366.696,0,0
39.198221,6.771930323150044,350.996,366.673,0,0
39.298218,5.266319630138324,350.841,366.65,0,0
39.398212,3.7133322392454002,350.75,366.753,0,0
39.49821300000001,6.794349837767448,350.932,366.552,0,0
39.598208,3.5338316567326626,350.673,366.643,0,0
39.698209999999996,3.606407317815454,350.608,366.511,0,0
39.798207000000005,2.401740051093328,350.507,366.535,0,0
39.898205000000004,3.325075240118784,350.623,366.588,0,0
39.9982,5.1417626869710205,350.755,366.515,0,0
40.098198,2.530896973580979,350.627,366.734,0,0
40.198196,2.6423804972741562,350.526,366.529,0,0
40.298190000000005,0.8402792382103841,350.406,366.622,0,0
40.398184,1.850361675322754,350.434,366.498,0,0
40.498184,1.5036598542388566,350.425,366.542,0,0
40.598178999999995,1.2247748587080516,350.436,366.611,0,0
40.698173000000004,0.9323902676877117,350.318,366.445,0,0
40.798167,0.8760186691403546,350.412,366.628,0,0
40.898163000000004,1.6691318801263253,350.426,366.516,0,0
40.998161999999994,0.02689525141350143,350.226,366.434,0,0
41.098156,1.4629470230143535,350.422,366.545,0,0
41.198149,-0.31217448166582035,350.279,366.591,0,0
41.298147,-2.200165435392584,350.14,366.664,0,0
41.39814,-0.960610656692324,350.256,366.662,0,0
41.498139,0.7695132510990558,350.426,366.674,0,0
41.598136,0.6601709790482921,350.359,366.57,0,0
41.69813,1.329603970829922,350.52,366.75,0,0
41.798123,-0.1431389036562485,350.317,366.633,0,0
41.898120999999996,-1.2474442369337275,350.307,366.807,0,0
41.998117,0.15562447133677781,350.389,366.714,0,0
42.098116000000005,1.047900251244054,350.439,366.651,0,0
42.198112,-0.9699004358405998,350.285,366.719,0,0
42.298102,-1.9247028312705676,350.175,366.683,0,0
42.3981,-2.8408900785915434,350.098,366.701,0,0
42.498098,-0.49459599734993026,350.298,366.661,0,0
42.598089,-0.41289087773458905,350.392,366.82,0,0
42.698087,0.45138844923498134,350.435,366.749,0,0
42.798083,1.7149842731033644,350.5,366.649,0,0
42.898077,1.2510063722541669,350.475,366.684,0,0
42.998072,0.8447359488206014,350.456,366.72,0,0
43.098068,0.6531884570413855,350.441,366.726,0,0
43.198066,0.1377143747115529,350.472,366.873,0,0
43.298065,2.9787554587310656,350.759,366.907,0,0
43.398059,0.5343670189028761,350.619,367.075,0,0
43.498055,0.8406089871394047,350.494,366.792,0,0
43.598047,-0.8793737299963,350.335,366.799,0,0
43.698045,0.8775802306538548,350.526,366.845,0,0
43.798043,2.768351874494686,350.684,366.807,0,0
43.898036,8.913809851172438,351.115,366.531,0,0
43.998036,5.1584148202898525,350.957,366.894,0,0
44.09803,6.713628852963101,350.98,366.666,0,0
44.198026,6.201056215430921,350.858,366.531,0,0
44.298019000000004,2.0530423628302175,350.677,366.92,0,0
44.398019999999995,3.519743642895053,350.765,366.827,0,0
44.498011,2.968153499392091,350.548,366.524,0,0
44.598005,2.1477278948659344,350.567,366.702,0,0
44.698007,3.5953593020908405,350.682,366.662,0,0
44.798,3.9604820828455853,350.718,366.665,0,0
44.897993,3.988592467269326,350.758,366.734,0,0
44.997993,3.816282194435051,350.716,366.687,0,0
45.097986,4.278004867159286,350.697,366.572,0,0
45.197983,4.205414942815607,350.809,366.791,0,0
45.297983,4.712427050875992,350.822,366.727,0,0
45.397977,4.847964781262806,350.789,366.643,0,0
45.497974,3.387822845376035,350.81,366.936,0,0
45.597964999999995,6.613680557189061,351.01,366.743,0,0
45.697964999999996,6.161160491872887,351.029,366.857,0,0
45.797959000000006,3.596758722026379,350.801,366.884,0,0
45.897955,7.192745783717206,351.036,366.691,0,0
45.997951,4.099396185958522,350.777,366.753,0,0
46.097947,4.746002942966079,350.807,366.696,0,0
46.197941,2.9947081310116044,350.676,366.76,0,0
46.297940000000004,3.4280322535367524,350.613,366.569,0,0
46.397932,2.719914049883717,350.66,366.779,0,0
46.497927000000004,1.874150790513122,350.588,366.794,0,0
46.597923,5.765830955781585,350.814,366.533,0,0
46.697919999999996,2.111781513827466,350.671,366.906,0,0
46.797916,1.9577977763198826,350.553,366.716,0,0
46.897912,3.4267186082140833,350.72,366.768,0,0
46.997907,0.958451471011044,350.6,366.977,0,0
47.097907,4.20123838048776,350.713,366.621,0,0
47.197900000000004,3.1807922842200416,350.681,366.74,0,0
47.297899,5.509966377375614,350.9,366.738,0,0
47.397894,3.829110698282907,350.755,366.764,0,0
47.497891,3.7123990908162536,350.684,366.654,0,0
47.597882,3.216571498552708,350.694,366.759,0,0
47.697877999999996,5.123941817655904,350.878,366.766,0,0
47.797879,4.22310512221381,350.791,366.763,0,0
47.897874,4.480890917415118,350.769,366.678,0,0
47.997868000000004,4.155928760338935,350.712,366.63,0,0
48.097868999999996,3.4511797345277935,350.693,366.718,0,0
48.197869,1.1292443850810796,350.489,366.747,0,0
48.297864000000004,-0.3226210676558016,350.445,366.919,0,0
48.397867,2.0691689328462872,350.646,366.873,0,0
48.497865,6.815202175267992,350.993,366.686,0,0
48.597863,7.810913762787004,351.131,366.767,0,0
48.69786,9.153317533763317,351.242,366.738,0,0
48.79786,5.416499138475205,350.933,366.82,0,0
48.897858,7.189483671618786,351.082,366.786,0,0
48.997852,5.087601193861902,350.895,366.808,0,0
49.097851999999996,3.2884570777742876,350.785,366.919,0,0
49.197855000000004,4.064051121325814,350.75,366.72,0,0
49.297849,3.423990821817623,350.717,366.771,0,0
49.39785,2.3315507218594305,350.601,366.748,0,0
49.497849,3.494719900176579,350.657,366.649,0,0
49.597848,2.0089376933707097,350.575,366.757,0,0
49.697843999999996,1.9905593422772108,350.466,366.56,0,0
49.797847000000004,1.437889489539287,350.438,366.605,0,0
49.897839999999995,1.1289049279792536,350.42,366.626,0,0
49.997841,0.8913944690377861,350.468,366.756,0,0
50.097837,-0.014304494567425071,350.299,366.603,0,0
50.197837,-0.5483632865152784,350.357,366.803,0,0
50.297837,-0.022357965572355216,350.331,366.664,0,0
50.397839,3.448395129186837,350.64,366.629,0,0
50.497835,5.423064865990801,350.876,366.72,0,0
50.597831,7.195289073005548,350.926,366.504,0,0
50.69783,8.01093470536375,351.01,366.517,0,0
50.797833,6.208432360658657,350.96,366.739,0,0
50.897831,7.075405240110169,350.932,366.537,0,0
50.997831,4.209059809539655,350.714,366.635,0,0
51.097825,5.089099073977298,350.803,366.646,0,0
51.197824999999995,5.560647309547419,350.855,366.66,0,0
51.297824,3.2396494420162765,350.569,366.538,0,0
51.397822,3.120630590836586,350.607,366.629,0,0
51.497822,5.638854902248443,350.777,366.504,0,0
51.597822,4.908661134629572,350.611,366.326,0,0
51.69782,3.289632447898519,350.649,366.678,0,0
51.797822999999994,3.6428338529765267,350.686,366.685,0,0
51.897821,5.474208123107021,350.778,366.536,0,0
51.997816,3.525852971224635,350.618,366.581,0,0
52.097813,1.4664776904676413,350.435,366.603,0,0
52.197813000000004,6.109993156923124,350.8,366.467,0,0
52.297813000000005,4.509912388736503,350.705,366.571,0,0
52.397813,3.4204008989695924,350.661,366.68,0,0
52.497813,3.873450867237625,350.627,366.539,0,0
52.597809,2.6209839225224587,350.529,366.577,0,0
52.697811,7.815823266571004,350.857,366.277,0,0
52.797807,7.935963988877039,350.935,366.4,0,0
52.897809,6.3209209770677806,350.975,366.755,0,0
52.997809000000004,6.769414163714732,350.921,366.578,0,0
53.097807,5.830534276465182,350.857,366.624,0,0
53.197809,5.286369679654322,350.82,366.651,0,0
53.297802000000004,3.6160443929132313,350.639,366.609,0,0
53.397802000000006,3.395080142471844,350.688,366.738,0,0
53.497801,1.1935322583545203,350.416,366.621,0,0
53.597799,0.11517035301041048,350.285,366.568,0,0
53.697801,1.3565461488229307,350.35,366.472,0,0
53.7978,1.5896393222172274,350.399,366.522,0,0
53.897796,1.8222949909825836,350.411,366.504,0,0
53.997800000000005,-0.9921300915167004,350.193,366.593,0,0
54.097796,0.18651664956199615,350.245,366.484,0,0
54.197797,1.1033186207810637,350.313,366.45,0,0
54.2978,1.1941370236768811,350.373,366.545,0,0
54.397798,2.7937041597762415,350.486,366.475,0,0
54.497794,4.95835785245929,350.572,366.257,0,0
54.597795,2.4172836149696995,350.413,366.407,0,0
54.697790999999995,2.4254250316784423,350.338,366.268,0,0
54.79779,1.6856955583256514,350.37,366.456,0,0
54.897792,4.001372000290101,350.548,366.381,0,0
54.997791,4.968098258469866,350.643,366.388,0,0
55.09779,5.188176514739934,350.675,366.409,0,0
55.197792,7.798117254445694,350.883,366.338,0,0
55.29779,8.336600617391394,350.925,366.322,0,0
55.397785000000006,7.2983330460725035,350.838,366.343,0,0
55.497786,12.957197843127554,351.324,366.253,0,0
55.597788,12.13112520253954,351.25,366.261,0,0
55.697786,10.583449813080135,351.142,366.332,0,0
55.797787,10.942424886102563,351.173,366.327,0,0
55.897782,12.180733664073971,351.204,366.169,0,0
55.997781,9.664596228415872,350.993,366.219,0,0
56.097781000000005,10.841981398584217,351.059,366.136,0,0
56.197777,10.072237829040583,351.055,366.263,0,0
56.297774,8.149004262997487,350.843,366.208,0,0
56.397768,9.358304118194578,351.043,366.366,0,0
56.497762,8.652739877466164,350.988,366.388,0,0
56.597762,10.895667617523738,351.114,366.23,0,0
56.697759,10.571457336140252,351.163,366.377,0,0
56.797752,14.607709060715546,351.42,366.148,0,0
56.897748,14.952701638370407,351.51,366.254,0,0
56.997746,13.506531055152834,351.298,366.116,0,0
57.097742,12.249040420042078,351.237,366.223,0,0
57.197737000000004,10.86310322188605,351.047,366.115,0,0
57.297735,10.521697832457445,351.071,366.219,0,0
57.397735,7.522648910252399,350.854,366.342,0,0
57.497727,6.226163379901744,350.648,366.189,0,0
57.597726,6.678749992942401,350.821,366.429,0,0
57.697725,7.716034832957647,350.802,366.214,0,0
57.797717,7.415636239606505,350.694,366.068,0,0
57.897718,6.481402179801417,350.669,366.185,0,0
57.997709,7.697290993725301,350.737,366.099,0,0
58.097707,6.942834869640613,350.729,366.216,0,0
58.197702,7.738483406545433,350.829,366.262,0,0
58.2977,6.375145285664394,350.627,366.128,0,0
58.397697,12.249515220790988,351.285,366.317,0,0
58.497694,14.10817174435392,351.429,366.259,0,0
58.597688999999995,11.040041939471212,351.106,366.199,0,0
58.697689,9.3066199000103,350.869,366.065,0,0
58.797683,9.144613752396655,350.898,366.147,0,0
58.897679,7.754392397073617,350.744,366.106,0,0
58.997679,5.741829805397113,350.673,366.326,0,0
59.097671000000005,5.01783427256224,350.532,366.193,0,0
59.197668,5.630375616036476,350.5,366.028,0,0
59.297667999999994,4.730034801645359,350.432,366.06,0,0
59.397665,4.647874988869805,350.368,365.957,0,0
59.497663,4.12977490872957,350.478,366.25,0,0
59.597654000000006,7.547587427315928,350.664,365.998,0,0
59.69765,8.85614694485785,350.9,366.205,0,0
59.797648,7.187533407798101,350.855,366.413,0,0
59.897642999999995,9.597106521292698,350.95,366.169,0,0
59.997641,7.745609892538302,350.679,365.993,0,0
60.097641,8.291291829349136,350.676,365.893,0,0
60.197639,6.340880340645225,350.575,366.047,0,0
60.297635,5.6028931522144525,350.518,366.071,0,0
60.397628,5.795022757505611,350.512,366.027,0,0
60.497626,3.075482708429843,350.26,366.037,0,0
60.597622,2.796122531919956,350.248,366.064,0,0
60.697618000000006,4.375615911686509,350.327,365.935,0,0
60.797618,3.210542500553424,350.222,365.945,0,0
60.897614000000004,5.252283130683683,350.467,366.041,0,0
60.997609,3.5667436278806317,350.378,366.171,0,0
61.097606,5.587616882180122,350.527,366.094,0,0
61.197605,5.439805370462971,350.472,366.019,0,0
61.297597,2.365127712910428,350.225,366.1,0,0
61.397594,3.612477816109747,350.284,365.992,0,0
61.497589,3.660965503439067,350.328,366.065,0,0
61.59759,5.778854979261346,350.534,366.076,0,0
61.697588,15.281401731027199,351.484,366.171,0,0
61.797584,20.611424842571864,351.978,366.153,0,0
61.897580000000005,20.42250072094994,351.924,366.087,0,0
61.997572999999996,17.79016054589307,351.696,366.126,0,0
62.097568,15.386362482797002,351.407,366.013,0,0
62.197569,14.22434192157241,351.33,366.074,0,0
62.297567,11.376372067475689,351.124,366.191,0,0
62.397563999999996,9.874863632441262,350.935,366.105,0,0
62.49756,7.155421813025169,350.708,366.161,0,0
62.597556,7.804041319883789,350.612,365.872,0,0
62.697554,4.185508074004695,350.394,366.101,0,0
62.797547,5.668786846529131,350.484,366.009,0,0
62.897543,4.342698692070328,350.323,365.944,0,0
62.997542,5.8615757046841725,350.518,366.039,0,0
63.097536999999996,3.3246920338420516,350.305,366.089,0,0
63.197532,4.434876006478206,350.407,366.084,0,0
63.29753,2.4764069501509494,350.19,366.026,0,0
63.397528,0.13309453258516915,350.004,366.092,0,0
63.497525,1.6883645049270057,350.097,365.993,0,0
63.597516999999996,3.3112102402484256,350.229,365.954,0,0
63.697519,2.5768487143409065,350.187,366.005,0,0
63.797513,4.235985103975433,350.417,366.14,0,0
63.897512,2.8580078967485063,350.225,366.027,0,0
63.997504,1.5995804387195751,350.028,365.884,0,0
64.097503,1.9498120661606557,350.094,365.945,0,0
64.197501,-0.21463399240675607,349.976,366.105,0,0
64.297497,1.2393052956014818,350.048,365.985,0,0
64.397491,-0.8527326477640114,349.97,366.206,0,0
64.497491,-0.2640835483708785,350.033,366.22,0,0
64.597487,2.682973883008987,350.175,365.969,0,0
64.69748,1.507966236767089,350.131,366.093,0,0
64.797476,3.5697856845939064,350.142,365.755,0,0
64.897474,1.990847254927305,350.156,366.056,0,0
64.99747,3.321824940893657,350.243,365.985,0,0
65.097468,0.459746758703925,350.04,366.11,0,0
65.197461,1.8843246621943293,350.069,365.916,0,0
65.29745799999999,3.001056999933663,350.164,365.897,0,0
65.397456,2.4753067043086254,350.089,365.851,0,0
65.497447,1.8874456157451642,350.119,366.009,0,0
65.59744400000001,0.325167281662303,349.965,365.998,0,0
65.69744,0.7318270488362706,349.976,365.948,0,0
65.797437,-0.18494282637683632,349.895,365.959,0,0
65.89743700000001,1.9073894531765319,350.179,366.118,0,0
65.997432,2.61202230455527,350.141,365.926,0,0
66.097431,1.552722904598033,350.09,366.017,0,0
66.19742600000001,1.7573666091294886,350.027,365.866,0,0
66.29741899999999,2.3274574851492407,350.154,366.001,0,0
66.397415,1.987725166927933,350.108,365.976,0,0
66.497412,0.4785588890214364,350.04,366.114,0,0
66.597413,2.8075043434857485,350.273,366.138,0,0
66.697406,2.443866934454756,350.253,366.165,0,0
66.797402,3.7002527480480727,350.265,365.969,0,0
66.897398,0.8823912496204342,350.089,366.136,0,0
66.997396,2.543593945879174,350.167,365.991,0,0
67.097393,0.6266411051071824,350.08,366.165,0,0
67.197389,0.7763725586261419,350.058,366.099,0,0
67.297383,0.295113741636748,349.916,365.922,0,0
67.397378,2.4983838891427848,350.067,365.817,0,0
67.49737300000001,2.2805013091992232,350.126,365.964,0,0
67.59737,2.042665181151785,350.088,365.936,0,0
67.69736900000001,1.7420688715451325,350.062,365.941,0,0
67.79736199999999,1.7897318153386745,350.101,366.005,0,0
67.897361,2.512781661588296,350.218,366.095,0,0
67.997361,2.834730868515739,350.215,366.034,0,0
68.097357,1.789566695010193,350.13,366.06,0,0
68.197352,1.0051003380933916,350.049,366.048,0,0
68.297345,1.347292600892699,350.049,365.989,0,0
68.397341,2.5706033561608086,350.172,366.003,0,0
68.497338,2.994890084048565,350.139,365.869,0,0
68.59733800000001,0.7315837426053889,350.01,366.026,0,0
68.697331,1.2031998333381977,350.063,366.042,0,0
68.797329,0.21074644612750654,349.902,365.919,0,0
68.897327,1.5770583177449373,350.057,365.967,0,0
68.997322,1.4206699385988502,350.018,365.923,0,0
69.097319,2.0569616737233547,349.942,365.673,0,0
69.19731200000001,-0.08638230837023006,349.97,366.098,0,0
69.297309,1.7749143756498147,350.093,366.001,0,0
69.39730800000001,2.8171420192287284,350.163,365.949,0,0
69.497303,3.2255758731916897,350.216,365.976,0,0
69.597298,4.3986029629305445,350.325,365.973,0,0
69.697293,3.819754547169768,350.183,365.813,0,0
69.797291,3.1006392331510395,350.131,365.843,0,0
69.89728699999999,1.1550717133317225,350.069,366.068,0,0
69.997287,2.486312560829047,350.106,365.905,0,0
70.09728100000001,1.286531603629839,350.008,365.934,0,0
70.19727800000001,2.3715377112044846,350.119,365.95,0,0
70.297271,1.736121038802537,350.076,365.982,0,0
70.397272,2.8505977225281094,350.105,365.842,0,0
70.49726700000001,2.582764646328344,350.106,365.891,0,0
70.597262,3.248965464522227,350.135,365.829,0,0
70.697257,1.3375064393848068,349.961,365.842,0,0
70.79725599999999,2.6981584092102886,350.116,365.891,0,0
70.89725299999999,5.253050231650422,350.366,365.907,0,0
70.99724499999999,7.418995659908375,350.564,365.895,0,0
71.097243,6.454236654696571,350.398,365.758,0,0
71.197243,8.61279891534183,350.679,365.9,0,0
71.297238,9.425212393625818,350.774,365.934,0,0
71.397233,7.6038681383129,350.677,366.073,0,0
71.497226,7.046228410759843,350.587,366.005,0,0
71.597228,7.379567226395462,350.678,366.115,0,0
71.697221,8.03321864534063,350.602,365.862,0,0
71.79722,5.281326347847715,350.442,366.047,0,0
71.897214,0.998464347312042,350.072,366.112,0,0
71.997211,5.706282276237813,350.412,365.919,0,0
72.097211,3.768227551743908,350.217,365.898,0,0
72.197192,4.215854995293436,350.29,365.955,0,0
72.29720900000001,6.17777213927162,350.36,365.743,0,0
72.3972,2.7355767828680317,350.132,365.923,0,0
72.497199,1.3306149703375911,350.026,365.973,0,0
72.59719899999999,3.173248763530654,350.057,365.71,0,0
72.697197,0.9383659759914471,350.016,366.024,0,0
72.797194,0.4651086182822852,350.028,366.129,0,0
72.897191,0.5401812243010915,349.95,365.973,0,0
72.997192,1.0250657760789872,350.07,366.11,0,0
73.097185,-0.13366982412773679,349.99,366.165,0,0
73.19718300000001,1.4151877871936884,350.028,365.966,0,0
73.297183,1.2828575106386615,350.088,366.1,0,0
73.397181,-0.41539135661552956,349.951,366.144,0,0
73.497178,3.5109532197441813,350.091,365.719,0,0
73.597174,1.8676092455375388,350.063,365.954,0,0
73.69717299999999,1.3048048480963068,349.91,365.771,0,0
73.797169,2.071554555903979,350.061,365.916,0,0
73.89716899999999,0.4981859803262102,349.857,365.815,0,0
73.997169,3.262689276423063,349.998,365.594,0,0
74.097167,1.7492584137056193,349.96,365.788,0,0
74.197165,0.3243889930693798,349.807,365.755,0,0
74.297158,-0.5451046522663698,349.75,365.802,0,0
74.39715600000001,-0.9587328129070134,349.716,365.812,0,0
74.497157,-0.8983446689560178,349.729,365.826,0,0
74.59715399999999,-2.617021032855059,349.633,365.949,0,0
74.697152,-0.9345608170711865,349.732,365.839,0,0
74.797148,-0.7516283807106038,349.743,365.828,0,0
74.89714500000001,0.9862560057736709,349.813,365.655,0,0
74.997147,-1.5208904107935568,349.637,365.768,0,0
75.097146,-1.1597810718918973,349.648,365.726,0,0
75.197145,2.444680892543473,350.038,365.817,0,0
75.297139,2.75151877878647,350.108,365.893,0,0
75.397136,4.199334127324068,350.106,365.638,0,0
75.49713899999999,5.796993324818823,350.216,365.563,0,0
75.597135,7.704033249140829,350.452,365.666,0,0
75.69713300000001,5.4881737236319,350.303,365.778,0,0
75.79713000000001,6.217372988697927,350.295,365.637,0,0
75.897126,4.571883654175198,350.132,365.624,0,0
75.99712699999999,2.4900412194714288,350.031,365.801,0,0
76.09711999999999,2.1321581170738355,349.899,365.621,0,0
76.19711699999999,5.092071254797781,350.24,365.734,0,0
76.297122,4.312115363349923,350.117,365.644,0,0
76.397118,3.863392548016179,350.09,365.673,0,0
76.497113,5.695570458639417,350.22,365.594,0,0
76.597111,4.627322644010341,350.148,365.648,0,0
76.697109,5.682267407175141,350.242,365.638,0,0
76.79711,3.5260241311253995,350.022,365.609,0,0
76.897103,3.0448940622254552,350.024,365.697,0,0
76.99710400000001,3.7570620077754207,350.172,365.846,0,0
77.09710199999999,3.2130233456561714,350.005,365.634,0,0
77.19710099999999,4.020401927271498,350.087,365.645,0,0
77.2971,3.8808751806930886,350.155,365.795,0,0
77.397092,4.932383767678513,350.284,365.85,0,0
77.49709200000001,5.517937116742558,350.351,365.872,0,0
77.597092,7.020747403772661,350.433,365.762,0,0
77.697087,6.079674615645943,350.354,365.781,0,0
77.79708900000001,7.139056865938938,350.387,365.658,0,0
77.897087,2.9653586474511795,350.136,365.923,0,0
77.997086,3.664068583656545,350.13,365.791,0,0
78.097081,2.071549066891262,349.947,365.732,0,0
78.19707700000001,3.8863135713769865,350.096,365.691,0,0
78.29707499999999,5.642906058575709,350.277,365.719,0,0
78.397078,5.284615481086568,350.233,365.701,0,0
78.497074,6.249503401747132,350.35,365.749,0,0
78.59707300000001,4.665034114230572,350.202,365.753,0,0
78.697069,4.864172101064567,350.308,365.914,0,0
78.79706900000001,3.5314525272319646,350.13,365.819,0,0
78.897068,4.695030516321927,350.131,365.619,0,0
78.997062,1.5684974417322644,349.935,365.803,0,0
79.09706200000001,3.079179528854033,350.021,365.699,0,0
79.197061,3.1776785559899414,350.049,365.734,0,0
79.29706,1.7985127851433267,349.934,365.763,0,0
79.397052,2.243682617346605,349.985,365.78,0,0
79.497056,3.9470368089805583,350.049,365.602,0,0
79.597053,0.04260319308344907,349.799,365.822,0,0
79.697048,0.19585476278093997,349.78,365.761,0,0
79.79704799999999,1.3127416925153683,349.913,365.812,0,0
79.897048,2.3981685865857187,349.974,365.736,0,0
79.997045,0.7583139842330147,349.905,365.895,0,0
80.09703599999999,1.5890185442897862,349.993,365.913,0,0
80.197038,2.3193181882490195,349.959,365.724,0,0
80.29703500000001,1.6025073216949015,349.83,365.612,0,0
80.39703,1.1265538240474062,349.864,365.758,0,0
80.497027,4.22550659457929,350.154,365.753,0,0
80.597024,5.0077730954048025,350.126,365.566,0,0
80.697019,5.218046652130693,350.17,365.611,0,0
80.79701700000001,4.815728694028893,350.074,365.505,0,0
80.897013,3.1977701331355957,349.95,365.559,0,0
80.997011,3.5576993463016833,350.025,365.635,0,0
81.097008,3.87489038505883,350.059,365.643,0,0
81.197004,1.5746877786514155,349.802,365.571,0,0
81.29700199999999,1.6339528991191858,349.829,365.611,0,0
81.397001,3.6828599460238323,349.986,365.544,0,0
81.497,3.3901868117835274,349.977,365.579,0,0
81.59699800000001,3.354270572149878,350.045,365.711,0,0
81.696993,8.239186106668246,350.549,365.789,0,0
81.796989,10.584019716175249,350.603,365.481,0,0
81.896988,9.01159859400188,350.517,365.597,0,0
81.996988,8.294610643992845,350.407,365.52,0,0
82.096979,5.656489029123559,350.18,365.562,0,0
82.196978,5.337398944486284,350.181,365.62,0,0
82.296977,2.093540640655309,349.919,365.703,0,0
82.39697,5.193783873310402,350.039,365.385,0,0
82.49697400000001,4.01475056552703,349.894,365.324,0,0
82.596967,3.0745392840139827,349.833,365.376,0,0
82.696963,2.225140132584302,349.767,365.403,0,0
82.796959,1.1812690731286521,349.675,365.416,0,0
82.896958,2.4288620197705892,349.766,365.367,0,0
82.996957,2.7966868773538858,349.82,365.403,0,0
83.096951,1.590561196131302,349.642,365.286,0,0
83.196953,2.743416276679397,349.811,365.397,0,0
83.29694500000001,4.517236083706956,349.911,365.273,0,0
83.396944,1.8798090856245133,349.777,365.486,0,0
83.496944,-0.42331129158640246,349.542,365.455,0,0
83.59694,0.840832825173247,349.69,365.508,0,0
83.696935,0.801114346482664,349.681,365.499,0,0
83.796931,2.7349323495962423,349.832,365.441,0,0
83.896933,1.9009436187744309,349.843,365.607,0,0
83.996925,6.283449775333301,350.231,365.559,0,0
84.09692600000001,4.362622324392761,350.074,365.605,0,0
84.196924,4.60542305792696,350.139,365.683,0,0
84.296918,3.307815011560304,350.023,365.696,0,0
84.396916,0.9515925862436413,349.852,365.792,0,0
84.496911,0.3303255843901291,349.738,365.691,0,0
84.596913,-0.48660375319225496,349.693,365.751,0,0
84.696906,1.9302504258619209,349.825,365.574,0,0
84.796908,-0.17286357724863002,349.685,365.683,0,0
84.896905,-0.13162607633383075,349.688,365.682,0,0
84.996898,0.8994820020475168,349.777,365.667,0,0
85.096895,0.44398479218553427,349.664,365.539,0,0
85.196895,0.34706034367865457,349.686,365.597,0,0
85.296891,2.035420169549505,349.804,365.521,0,0
85.396889,1.0762320839244242,349.72,365.534,0,0
85.49688499999999,0.10532538801442233,349.63,365.538,0,0
85.596882,-1.3255845496820806,349.534,365.611,0,0
85.69688099999999,-0.7111555497328546,349.42,365.295,0,0
85.796875,-0.9802831702605178,349.523,365.532,0,0
85.896874,1.737263462684175,349.753,365.483,0,0
85.99687,1.8555019926769114,349.866,365.671,0,0
86.096867,2.189898391309235,349.844,365.573,0,0
86.19686800000001,3.4297861410704766,349.931,365.518,0,0
86.296863,2.2405315499908185,349.791,365.468,0,0
86.396861,2.8309982048489117,349.853,365.48,0,0
86.49685799999999,2.2187686154109993,349.723,365.348,0,0
86.596857,4.05882809291111,350.001,365.54,0,0
86.696854,2.9020131955155857,349.832,365.431,0,0
86.79685099999999,2.35432237606113,349.863,365.584,0,0
86.896844,3.7765092746473403,350.008,365.604,0,0
86.99684500000001,4.105847234315409,350.054,365.632,0,0
87.09684,2.021671823187013,349.881,365.677,0,0
87.196841,2.65216707162855,349.937,365.671,0,0
87.296837,1.0845676493672853,349.746,365.593,0,0
87.39683199999999,0.41785934085323456,349.669,365.568,0,0
87.496831,1.795245284711431,349.794,365.559,0,0
87.596825,0.3021310601607347,349.622,365.503,0,0
87.696828,0.0931009779821776,349.641,365.575,0,0
87.796822,-0.16466428153486068,349.663,365.661,0,0
87.896818,-0.957796475628923,349.586,365.658,0,0
87.99681299999999,0.23664538853003494,349.635,365.541,0,0
88.096814,-0.34657097373806284,349.511,365.415,0,0
88.196806,-1.2231969045305089,349.556,365.651,0,0
88.296808,-0.7514909068570742,349.541,365.542,0,0
88.396803,-1.5430385400116915,349.556,365.708,0,0
88.496803,-1.9561202087755754,349.422,365.534,0,0
88.596795,-1.0773147592270973,349.508,365.54,0,0
88.696796,-0.9975563841451538,349.488,365.49,0,0
88.796789,-0.6711294034657774,349.481,365.421,0,0
88.896787,1.3704136788911483,349.69,365.451,0,0
88.996785,-0.3162891374045494,349.666,365.701,0,0
89.096782,0.8519498931043868,349.781,365.71,0,0
89.196777,-0.2291655329355513,349.636,365.632,0,0
89.296776,1.3513005452149622,349.684,365.446,0,0
89.396773,1.3282786540912972,349.757,365.585,0,0
89.496769,-1.6818008852535284,349.541,365.712,0,0
89.596766,-2.0187505003494843,349.393,365.499,0,0
89.696764,-1.3444858764296692,349.414,365.421,0,0
89.796758,-0.013680159331934044,349.496,365.341,0,0
89.896758,-1.445843555100916,349.414,365.44,0,0
89.996753,-0.08951034587035221,349.487,365.339,0,0
90.09675,1.7939376180897566,349.618,365.253,0,0
90.196746,0.20381484568984606,349.614,365.523,0,0
90.296745,-1.403698232188851,349.429,365.463,0,0
90.39674099999999,-0.29125939793412164,349.486,365.375,0,0
90.496737,-0.031205969184397504,349.445,365.255,0,0
90.596734,0.5317548763014683,349.612,365.465,0,0
90.696729,-0.5516332086920532,349.507,365.461,0,0
90.79672900000001,0.6100421368507111,349.498,365.243,0,0
90.896725,0.7208411144593829,349.613,365.436,0,0
90.99672,3.2849784981204144,349.835,365.399,0,0
91.096719,4.913260330032532,350.006,365.431,0,0
91.19671400000001,5.963855162498986,350.124,365.466,0,0
91.296713,3.491535311013218,349.917,365.516,0,0
91.396709,5.69387840924614,350.045,365.369,0,0
91.4967,5.699187282691587,350.131,365.527,0,0
91.5967,2.420920094373546,349.838,365.559,0,0
91.69669400000001,3.53179368615624,349.878,365.44,0,0
91.79669100000001,6.3053652361882175,350.141,365.442,0,0
91.896692,5.69488663272545,350.053,365.387,0,0
91.996686,10.49253127662211,350.571,365.506,0,0
92.096683,18.217006965798966,351.381,365.653,0,0
92.196679,18.601480046762887,351.336,365.504,0,0
92.296678,16.058868072676482,351.068,365.454,0,0
92.396674,13.17369723604676,350.86,365.574,0,0
92.496672,11.7593140349953,350.765,365.646,0,0
92.596666,12.403571045133525,350.725,365.461,0,0
92.696663,10.942338583325215,350.531,365.359,0,0
92.79666499999999,12.310483040225298,350.585,365.221,0,0
92.89666199999999,12.307572260613474,350.63,365.305,0,0
92.996656,10.184484338165838,350.462,365.366,0,0
93.096653,11.348279513000243,350.482,365.201,0,0
93.19664900000001,8.730934371444075,350.314,365.348,0,0
93.296644,6.532480145368196,350.078,365.297,0,0
93.396641,7.546595342236337,350.167,365.285,0,0
93.49664200000001,3.8265566743818087,349.817,365.289,0,0
93.59663800000001,4.667134275769431,349.851,365.206,0,0
93.696634,5.140811136079563,349.884,365.185,0,0
93.796629,4.690321384756833,349.947,365.38,0,0
93.896624,1.8261339726987804,349.685,365.397,0,0
93.99662699999999,4.510331053080525,349.964,365.444,0,0
94.096619,2.8643147580758805,349.746,365.33,0,0
94.196621,4.04696116057926,349.833,365.285,0,0
94.296616,3.0473253639182296,349.787,365.375,0,0
94.396613,2.4240336458136618,349.713,365.348,0,0
94.496606,2.6993378411516136,349.743,365.356,0,0
94.59660799999999,2.5043020903524598,349.747,365.398,0,0
94.696599,2.470191194175811,349.751,365.412,0,0
94.79660000000001,1.7825538365279536,349.647,365.341,0,0
94.896598,2.744290335998569,349.743,365.351,0,0
94.996592,0.6755342520016203,349.516,365.294,0,0
95.096591,3.2179293538564813,349.768,365.316,0,0
95.196587,1.4613261299764808,349.639,365.385,0,0
95.296584,-2.469982630374039,349.4,365.63,0,0
95.39658100000001,-0.9104880388671687,349.421,365.398,0,0
95.49657499999999,0.1255338715380842,349.48,365.327,0,0
95.596572,-0.18555791677474798,349.454,365.334,0,0
95.69657099999999,-0.2557608775706399,349.516,365.461,0,0
95.796567,2.572444330925024,349.676,365.264,0,0
95.896561,-0.9861772345579323,349.388,365.354,0,0
95.996563,3.07002691547179,349.725,365.269,0,0
96.09656100000001,1.7971020599678194,349.67,365.39,0,0
96.196556,0.09269276711131945,349.578,365.518,0,0
96.296554,-0.6450086620177505,349.441,365.395,0,0
96.396557,-1.0464234883724268,349.407,365.403,0,0
96.49655100000001,1.653757798667217,349.55,365.197,0,0
96.596547,0.471166689220593,349.553,365.409,0,0
96.69655,1.8099824458777771,349.614,365.289,0,0
96.796544,-1.0419661661877782,349.395,365.383,0,0
96.89654399999999,0.9814253509587609,349.549,365.315,0,0
96.996545,0.6664501519642765,349.546,365.365,0,0
97.09654300000001,0.9305631126988486,349.557,365.34,0,0
97.196539,0.829593367198855,349.615,365.465,0,0
97.296534,0.3415909529481474,349.444,365.236,0,0
97.396536,2.262236968630282,349.591,365.173,0,0
97.49653500000001,0.09001674637778877,349.539,365.456,0,0
97.596528,0.24473825189843504,349.494,365.347,0,0
97.696528,-1.0880879099110505,349.298,365.219,0,0
97.796524,-0.3656077478297422,349.423,365.324,0,0
97.896524,4.896350600994151,349.905,365.296,0,0
97.996526,2.4136289797484514,349.697,365.346,0,0
98.096524,0.7444417129343998,349.598,365.455,0,0
98.196518,1.7715673854566873,349.648,365.369,0,0
98.29652,4.058683467009516,349.784,365.222,0,0
98.396515,-0.5419250395007897,349.398,365.313,0,0
98.49651399999999,1.9837872428878653,349.612,365.268,0,0
98.596515,1.164250871225686,349.589,365.369,0,0
98.69650999999999,2.2244646244406368,349.703,365.395,0,0
98.79651,0.850297026505839,349.477,365.219,0,0
98.896505,0.7664140713630668,349.454,365.192,0,0
98.996506,0.7156100741235539,349.495,365.277,0,0
99.0965,1.1567653460899356,349.551,365.304,0,0
99.196498,1.9533535989324005,349.558,365.179,0,0
99.29649800000001,-1.4815507568279265,349.373,365.437,0,0
99.396497,1.7306472451154804,349.553,365.21,0,0
99.496496,0.5936693963967745,349.494,365.3,0,0
99.596491,-0.0777907216142149,349.46,365.355,0,0
99.696494,-0.33634532047742033,349.377,365.248,0,0
99.79649099999999,0.2682704970065611,349.449,365.276,0,0
99.896485,2.942252151831005,349.758,365.38,0,0
99.996489,1.413564215567642,349.675,365.494,0,0
100.09648299999999,1.21521810263997,349.664,365.509,0,0
100.196484,6.0099059170582185,350.048,365.382,0,0
100.296482,4.268154354736354,349.878,365.373,0,0
100.39647500000001,5.7275526977522775,349.858,365.083,0,0
100.496476,3.4574925215598533,349.75,365.28,0,0
100.596478,4.16925655469556,349.818,365.282,0,0
100.696472,1.891894614968064,349.593,365.265,0,0
100.79647299999999,4.20800890834294,349.785,365.216,0,0
100.896471,2.897064577250902,349.659,365.213,0,0
100.996466,4.591604289399016,349.752,365.09,0,0
101.096469,3.678338912293266,349.706,365.165,0,0
101.196465,6.392601473566842,349.965,365.17,0,0
101.29646000000001,4.70628750363992,349.766,365.098,0,0
101.39646,3.263135065312933,349.715,365.256,0,0
101.496459,2.9404692722232015,349.658,365.208,0,0
101.596457,4.033412566979074,349.724,365.14,0,0
101.69645600000001,1.366612980848481,349.56,365.303,0,0
101.796451,1.4800401400320216,349.535,365.238,0,0
101.89645200000001,3.1869813700989216,349.702,365.249,0,0
101.99645,-0.3567910231776267,349.423,365.353,0,0
102.096446,0.6414902009202716,349.392,365.123,0,0
102.196444,-0.6053516773205185,349.415,365.383,0,0
102.296447,1.3448004714379487,349.63,365.44,0,0
102.39644,2.272962853428097,349.619,365.259,0,0
102.496438,2.7923375085167863,349.715,365.346,0,0
102.596443,5.142291742075283,349.889,365.258,0,0
102.69644,7.0191340218840494,350.065,365.256,0,0
102.79643899999999,10.036172501126096,350.376,365.304,0,0
102.896435,9.746157703750528,350.371,365.346,0,0
102.996434,8.991798355178265,350.296,365.34,0,0
103.096429,10.662646463527233,350.521,365.464,0,0
103.196428,9.89382026034015,350.418,365.409,0,0
103.296427,10.197630285298093,350.386,365.298,0,0
103.396428,8.804924162953316,350.199,365.197,0,0
103.49642600000001,9.310519397834403,350.31,365.314,0,0
103.596423,6.934844210476466,350.042,365.235,0,0
103.69642,5.375712096912026,349.836,365.128,0,0
103.796418,5.6751378462328095,349.865,365.13,0,0
103.896416,5.307907355490542,349.844,365.156,0,0
103.99641199999999,6.8485135963082255,349.867,364.931,0,0
104.096409,5.8686052684545755,349.906,365.174,0,0
104.196405,7.024594145482329,349.966,365.084,0,0
104.296407,6.402869670236496,349.978,365.215,0,0
104.39640399999999,9.335842145104733,350.193,365.101,0,0
104.496395,7.86752335494612,350.007,365.015,0,0
104.59639800000001,8.813816495551045,350.17,365.151,0,0
104.696389,10.790230833248344,350.369,365.174,0,0
104.79639200000001,7.488830140506449,350.064,365.188,0,0
104.896383,13.828161439652614,350.637,365.14,0,0
104.996381,13.58849580734268,350.721,365.337,0,0
105.09638199999999,11.796059871704504,350.5,365.243,0,0
105.196375,14.834316360732519,350.763,365.199,0,0
105.29637,14.290788584028077,350.74,365.252,0,0
105.396366,12.30500846538384,350.548,365.245,0,0
105.496366,10.5383290612549,350.324,365.141,0,0
105.59636400000001,9.234645245642342,350.109,364.973,0,0
105.69636,10.209262437175225,350.21,364.99,0,0
105.796356,6.670392898289931,349.932,365.095,0,0
105.896356,6.621150168310518,349.884,365.016,0,0
105.996352,4.39603211196565,349.771,365.196,0,0
106.09634799999999,2.6389858758207043,349.624,365.232,0,0
106.196346,5.677023341424912,349.906,365.223,0,0
106.29634200000001,4.78506493866349,349.737,365.068,0,0
106.39634,5.607030848718377,349.879,365.187,0,0
106.496335,9.341658718808853,350.116,364.974,0,0
106.596329,4.963035824951193,349.795,365.146,0,0
106.696331,4.376597955108734,349.65,364.982,0,0
106.796323,2.755874719458201,349.536,365.055,0,0
106.896319,4.7843263842665325,349.641,364.896,0,0
106.996319,2.884102900504434,349.431,364.841,0,0
107.09631399999999,2.1352989905344915,349.45,365.007,0,0
107.196309,1.3508877909398564,349.414,365.078,0,0
107.29630800000001,2.89361300347086,349.466,364.906,0,0
107.39630700000001,2.4963379416317486,349.434,364.917,0,0
107.4963,0.5942507242919923,349.301,365.004,0,0
107.596296,1.5727991927116343,349.429,365.07,0,0
107.69629499999999,0.7867736051365215,349.426,365.202,0,0
107.79629,1.487682961029913,349.406,365.044,0,0
107.89629,-1.4086477811889269,349.223,365.212,0,0
107.996285,0.48676026135496336,349.229,364.894,0,0
108.096283,-1.0569415859877973,349.15,365.018,0,0
108.19627899999999,0.8430266976578361,349.251,364.874,0,0
108.296279,0.048028270138892416,349.289,365.083,0,0
108.39627300000001,-0.24415554385188132,349.224,365.015,0,0
108.49627000000001,-1.4839178020565005,349.102,365.007,0,0
108.59626300000001,0.09239349253106531,349.155,364.831,0,0
108.696263,-0.785592054510349,349.202,365.071,0,0
108.796259,0.59322773516404,349.301,365.014,0,0
108.896258,-1.5536607051395004,349.153,365.116,0,0
108.996257,1.3830652423348568,349.389,365.04,0,0
109.09625299999999,1.1941057490897666,349.343,364.989,0,0
109.19625,-0.6095451352598699,349.178,365.0,0,0
109.29624700000001,-2.5729697709913846,349.018,365.048,0,0
109.396242,0.1869729044995458,349.265,365.023,0,0
109.49623799999999,-1.6419565006289902,349.09,365.02,0,0
109.59623500000001,-1.3355516621880774,349.174,365.122,0,0
109.69623,0.44514633682921584,349.236,364.927,0,0
109.79622900000001,0.36584006477554043,349.227,364.925,0,0
109.89622100000001,3.0059756344241153,349.573,365.103,0,0
109.99622000000001,3.950125203848021,349.601,364.991,0,0
110.09621700000001,2.41336261755154,349.502,365.077,0,0
110.196212,1.55754672044268,349.375,364.993,0,0
110.296214,1.5920463342954079,349.361,364.962,0,0
110.396208,2.9980271031464154,349.443,364.869,0,0
110.496206,1.550694259506751,349.353,364.956,0,0
110.596205,2.301027704794471,349.448,365.001,0,0
110.696196,1.8238016552556078,349.428,365.048,0,0
110.79619500000001,1.0280115689566647,349.267,364.891,0,0
110.896193,-0.36738400036597935,349.233,365.072,0,0
110.99619100000001,-0.9627859260320923,349.254,365.215,0,0
111.096186,1.5747089659887432,349.368,364.984,0,0
111.19618399999999,3.1367333505268653,349.599,365.138,0,0
111.29617900000001,3.729607759459212,349.684,365.192,0,0
111.396175,6.055585211155452,349.853,365.099,0,0
111.49616999999999,5.482530597722091,349.781,365.067,0,0
111.596173,4.842351003495376,349.707,365.043,0,0
111.696165,3.4589601486199553,349.585,365.06,0,0
111.796161,2.7500654090703978,349.467,364.967,0,0
111.89616199999999,0.5586225742074638,349.33,365.097,0,0
111.996155,1.2848524590702768,349.395,365.091,0,0
112.09615600000001,0.6343657899861264,349.251,364.94,0,0
112.19614999999999,-0.4931189578938269,349.057,364.78,0,0
112.296143,1.6623059229088957,349.199,364.667,0,0
112.39613899999999,-1.270339406315522,349.168,365.121,0,0
112.496138,0.5626047156113426,349.192,364.847,0,0
112.596136,0.287730989656732,349.127,364.776,0,0
112.69612699999999,-0.16993838374623185,349.142,364.884,0,0
112.79612900000001,1.2590476370785526,349.274,364.879,0,0
112.896124,-1.5422371217414588,349.044,364.944,0,0
112.996118,-0.3575981829346598,349.123,364.884,0,0
113.09611,-1.398698417786291,349.085,364.996,0,0
113.19610899999999,2.168245174135479,349.267,364.711,0,0
113.296102,-1.155588809612611,349.074,364.935,0,0
113.39610499999999,-1.365423191875678,349.082,364.987,0,0
113.49610000000001,2.49158173905594,349.411,364.922,0,0
113.596096,-0.17843689466927606,349.207,365.012,0,0
113.696087,3.1852821947403016,349.41,364.801,0,0
113.796086,1.4554653571723315,349.321,364.939,0,0
113.896084,2.4711207218622846,349.465,365.028,0,0
113.996081,2.172109765111544,349.445,365.044,0,0
114.096075,2.1021238116196392,349.301,364.792,0,0
114.19606900000001,1.0258744037016956,349.245,364.877,0,0
114.296067,-0.5096655796614643,349.126,364.926,0,0
114.396064,1.6968337422983326,349.25,364.771,0,0
114.49606,1.5716108608428578,349.266,364.823,0,0
114.59605400000001,2.319731709728369,349.301,364.758,0,0
114.69605,3.2533351700929005,349.428,364.83,0,0
114.796044,3.6954588921236486,349.502,364.89,0,0
114.896042,2.476707477950733,349.401,364.917,0,0
114.996037,4.0592553888250436,349.616,365.038,0,0
115.09603200000001,4.015465495569712,349.531,364.89,0,0
115.196031,2.710498877736581,349.455,364.978,0,0
115.296027,2.802545836983076,349.441,364.937,0,0
115.396025,1.3642697520066196,349.31,364.947,0,0
115.49601700000001,0.944381943050507,349.234,364.881,0,0
115.596014,0.7637909045035417,349.204,364.858,0,0
115.69601,0.5613595061870926,349.179,364.848,0,0
115.796007,-0.3006393541158729,349.19,365.019,0,0
115.896001,-1.471570127652045,349.112,365.08,0,0
115.996,-1.1856983982742577,349.056,364.928,0,0
116.095996,0.30474633681983126,349.115,364.778,0,0
116.19599400000001,1.6905948887699658,349.169,364.637,0,0
116.295986,-0.015516656582501145,349.098,364.804,0,0
116.39598600000001,-0.9540073759893359,348.986,364.762,0,0
116.495981,-0.6805977171915856,349.056,364.844,0,0
116.595978,1.510497521593295,349.253,364.826,0,0
116.695973,1.044842838029428,349.258,364.917,0,0
116.795969,0.26154350038708096,349.121,364.802,0,0
116.89596499999999,-0.0668458288021832,349.083,364.79,0,0
116.995959,-1.4903808898701074,348.936,364.768,0,0
117.09595900000001,-2.7399277571012526,348.881,364.885,0,0
117.19595100000001,-0.023120185582918958,349.2,365.0,0,0
117.29594999999999,-2.8564784686470825,348.855,364.859,0,0
117.39594500000001,-0.7281488257972772,349.089,364.92,0,0
117.495943,2.88890147405807,349.429,364.917,0,0
117.595936,0.8663405717727358,349.146,364.749,0,0
117.695931,0.36092265380029537,349.163,364.869,0,0
117.79592699999999,-0.07576518640150538,349.199,365.012,0,0
117.895927,0.36459240786316194,349.2,364.938,0,0
117.99592299999999,1.1699928426320043,349.254,364.898,0,0
118.09591499999999,0.7615901874009784,349.278,365.014,0,0
118.195913,1.8008333283616347,349.234,364.753,0,0
118.295907,-1.7592732614443547,349.073,365.077,0,0
118.395904,-1.5363522872014581,348.998,364.901,0,0
118.49589999999999,-1.3396444684602262,348.939,364.759,0,0
118.595899,-1.8979018533571803,348.901,364.787,0,0
118.695891,-3.3271629070439612,348.754,364.766,0,0
118.795888,-2.499023373401446,348.877,364.849,0,0
118.895883,-0.17963079362840473,349.097,364.851,0,0
118.995884,0.6037455893044116,349.075,364.675,0,0
119.095878,4.4697867650563525,349.413,364.625,0,0
119.195871,2.883689521393104,349.399,364.876,0,0
119.29586599999999,3.656700390274626,349.432,364.803,0,0
119.39586299999999,3.6405330889353618,349.392,364.733,0,0
119.49586000000001,1.5937836347425425,349.279,364.882,0,0
119.595856,3.0803650530713464,349.336,364.729,0,0
119.69585400000001,2.9326642338869044,349.389,364.853,0,0
119.795851,3.346375727403974,349.394,364.791,0,0
119.895843,2.2617035949512254,349.316,364.837,0,0
119.995839,1.6660136227661322,349.225,364.774,0,0
120.09583599999999,0.4836301270036355,349.172,364.883,0,0
120.195832,-0.06193425428190323,349.064,364.78,0,0
120.295833,0.7193468182921251,349.138,364.781,0,0
120.395831,0.8335485199166035,349.075,364.646,0,0
120.495825,-0.4335780436382747,348.833,364.422,0,0
120.59582499999999,-2.041035005078167,348.811,364.662,0,0
120.695818,-0.096350269299152,349.051,364.766,0,0
120.795814,-0.395490854100719,349.0,364.725,0,0
120.895815,-0.031208053896629725,349.04,364.736,0,0
120.995813,-1.0692184440879622,349.005,364.853,0,0
121.095805,0.11075214003188563,348.958,364.562,0,0
121.195808,-1.6074433563394106,348.794,364.56,0,0
121.29580499999999,-1.6034032822723814,348.857,364.676,0,0
121.395799,-1.008781901268805,348.934,364.715,0,0
121.495798,-2.673409151321896,348.768,364.7,0,0
121.59578900000001,-1.3594823435318453,348.894,364.704,0,0
121.695789,-1.0894087814537303,348.849,364.575,0,0
121.795788,0.45947551402032705,348.957,364.505,0,0
121.895783,-0.2511814351710522,348.966,364.646,0,0
121.99578299999999,1.5369785961066484,349.17,364.711,0,0
122.09577800000001,1.1380817757612887,349.115,364.68,0,0
122.195775,1.167447517063933,349.113,364.672,0,0
122.295772,-1.8220237820406655,348.944,364.882,0,0
122.395769,-1.552613978457162,348.856,364.674,0,0
122.495767,-1.8230431554834692,348.905,364.812,0,0
122.595765,-3.033637592124943,348.764,364.764,0,0
122.695755,-3.3688973849915427,348.821,364.928,0,0
122.795756,-2.861779118103737,348.737,364.686,0,0
122.895753,-0.9935922202195455,348.904,364.669,0,0
122.99574899999999,-2.565371216209506,348.837,364.82,0,0
123.09574400000001,-1.8686236701895662,348.828,364.683,0,0
123.195746,-3.147778142160393,348.824,364.899,0,0
123.29574099999999,-3.3238839395506727,348.733,364.763,0,0
123.39574,-4.139328423278117,348.681,364.81,0,0
123.495732,-2.4819219495278344,348.796,364.734,0,0
123.595734,-4.650682459169489,348.647,364.838,0,0
123.695727,-2.842233014489966,348.754,364.721,0,0
123.795727,-3.1031784352212335,348.699,364.666,0,0
123.89572100000001,-2.198385817317063,348.72,364.548,0,0
123.995716,-2.879137777272116,348.734,364.693,0,0
124.095715,-2.3520589566072974,348.772,364.672,0,0
124.195716,-2.4428885962760347,348.732,364.615,0,0
124.295713,-0.962967413251252,348.89,364.649,0,0
124.395705,-0.6566189690724109,349.018,364.832,0,0
124.49570299999999,-1.998926381419551,348.889,364.829,0,0
124.595702,-1.0612560073989346,348.918,364.72,0,0
124.695694,0.22469126620486535,348.962,364.578,0,0
124.795692,-2.040397105561509,348.849,364.765,0,0
124.89569,0.8645748595303901,349.101,364.724,0,0
124.995689,2.3898204617857552,349.191,364.625,0,0
125.09568300000001,3.8994161059860897,349.323,364.606,0,0
125.195679,2.731101831605374,349.286,364.742,0,0
125.295679,5.294944798068895,349.484,364.661,0,0
125.395673,5.642280193949932,349.48,364.594,0,0
125.495672,3.4650304839965727,349.334,364.705,0,0
125.59567200000001,1.8583712031138986,349.18,364.702,0,0
125.69566999999999,1.307300064229343,349.178,364.795,0,0
125.795662,3.3077336576390355,349.27,364.617,0,0
125.895659,2.7658966360593333,349.183,364.552,0,0
125.995661,2.1456125739567815,349.225,364.738,0,0
126.095658,2.53984153726961,349.245,364.707,0,0
126.195655,5.003067052945636,349.29,364.362,0,0
126.295652,5.239091772578759,349.407,364.537,0,0
126.395644,2.9016522285410242,349.179,364.525,0,0
126.495644,1.9193504397600691,349.096,364.544,0,0
126.59564200000001,1.2788641302831445,349.085,364.636,0,0
126.695639,1.987129296929708,349.101,364.543,0,0
126.79563499999999,0.7875712684927738,349.048,364.655,0,0
126.89563000000001,2.1519001799012805,349.163,364.63,0,0
126.995626,0.9502874058582204,349.081,364.689,0,0
127.095623,1.834642357090341,349.118,364.604,0,0
127.195622,0.39693998218518406,349.024,364.682,0,0
127.295619,-1.1393414533094781,348.831,364.595,0,0
127.395614,0.5652261518672935,348.951,364.52,0,0
127.495614,-4.171530315582412,348.651,364.793,0,0
127.595606,-1.7237488427636805,348.819,364.677,0,0
127.695606,-1.7593584920548113,348.744,364.546,0,0
127.795602,-0.420337961091384,348.924,364.645,0,0
127.89559799999999,-2.0945590498465263,348.756,364.628,0,0
127.995598,-2.1354913420926915,348.768,364.658,0,0
128.095592,0.8844423967786018,349.045,364.643,0,0
128.195593,0.0320901376465135,348.852,364.437,0,0
128.295588,-0.1525642320175154,348.964,364.676,0,0
128.395586,2.6182059407195526,349.162,364.559,0,0
128.495583,-1.4750897402274363,348.881,364.755,0,0
128.59558,-0.7114145496351866,348.918,364.691,0,0
128.69557799999998,1.3087965436861457,349.051,364.585,0,0
128.79557499999999,0.08693708581779436,349.041,364.78,0,0
128.895567,1.3421062655952847,349.106,364.682,0,0
128.995566,-0.19785214019330347,348.942,364.649,0,0
129.095561,-1.8973689220170729,348.814,364.71,0,0
129.195559,-2.6433299566092416,348.749,364.721,0,0
129.295559,-2.2548325051875455,348.794,364.737,0,0
129.395552,-1.4823951751788336,348.784,364.585,0,0
129.495549,-0.4219238287841369,348.817,364.462,0,0
129.595548,-1.7299532289743897,348.732,364.534,0,0
129.69554399999998,-1.7432943599749153,348.764,364.596,0,0
129.795539,-0.5306542753498245,348.844,364.533,0,0
129.895537,-0.5781958997347378,348.757,364.382,0,0
129.995534,-3.8422756665113718,348.493,364.465,0,0
130.09553,-1.389679728842737,348.737,364.488,0,0
130.19553,-1.5156564148915381,348.754,364.542,1,0
130.295526,-1.766913745239966,348.751,364.581,0,0
130.395521,-0.7114904106090257,348.777,364.446,0,0
130.495517,0.4371883990329773,348.989,364.637,0,0
130.595518,2.9252240489311743,349.157,364.514,0,0
130.695517,0.058607352512087284,348.942,364.618,0,0
130.795513,1.86709526088974,349.099,364.593,0,0
130.895511,4.111486675673814,349.182,364.356,0,0
130.99550299999999,3.3047974660867894,349.233,364.591,0,0
131.095503,2.53583976851606,349.218,364.698,0,0
131.195495,4.31748813378946,349.248,364.444,0,0
131.295495,3.775423338147665,349.255,364.552,0,0
131.395496,4.465552432504252,349.297,364.51,0,0
131.49549299999998,6.7193318701412945,349.476,364.448,0,0
131.595483,10.52961805827462,349.831,364.439,0,0
131.695481,7.761609638241402,349.665,364.616,0,0
131.79548,6.562111477278908,349.562,364.636,0,0
131.895475,9.666658266430288,349.872,364.667,0,0
131.995474,9.301875023540822,349.805,364.608,0,0
132.095472,9.838467482618759,349.789,364.486,0,0
132.19546499999998,8.748580564104378,349.798,364.693,0,0
132.29546299999998,6.459004054364481,349.568,364.669,0,0
132.39545999999999,9.326607662471128,349.717,364.445,0,0
132.49545600000002,6.40135080369733,349.572,364.688,0,0
132.59545300000002,3.871117225229157,349.26,364.555,0,0
132.69545399999998,5.334350670931917,349.355,364.476,0,0
132.795453,4.3916664338512215,349.204,364.363,0,0
132.895446,3.263598937979247,349.267,364.676,0,0
132.995442,1.942539578168218,349.065,364.535,0,0
133.095441,1.6064887292953165,349.023,364.517,0,0
133.19544,3.8404940024242067,349.236,364.521,0,0
133.295434,6.4747067478042775,349.52,364.586,0,0
133.395434,5.278898762557958,349.413,364.598,0,0
133.495426,7.685809775723791,349.563,364.456,0,0
133.595426,5.14125234026243,349.429,364.653,0,0
133.695424,4.4052577279869904,349.247,364.447,0,0
133.795416,4.0448364268824495,349.219,364.459,0,0
133.895413,6.454271914136258,349.385,364.346,0,0
133.99541399999998,7.615366496450736,349.646,364.625,0,0
134.095407,8.93289221807549,349.662,364.426,0,0
134.195408,6.441210800729578,349.533,364.623,0,0
134.295402,8.176457091583954,349.526,364.309,0,0
134.395403,7.226152037483284,349.477,364.385,0,0
134.49540100000002,5.755619340586983,349.4,364.5,0,0
134.595397,6.414737295101233,349.432,364.445,0,0
134.695394,3.8005481347822614,349.255,364.575,0,0
134.79539000000003,3.145659734341877,349.191,364.572,0,0
134.895385,4.213266324763902,349.285,364.56,0,0
134.99538099999998,2.309636842024918,349.179,364.697,0,0
135.09537899999998,3.131758473081806,349.19,364.575,0,0
135.19537400000002,5.9410077826659755,349.29,364.271,0,0
135.295375,4.402183819388597,349.256,364.477,0,0
135.39536900000002,5.523801991813197,349.385,364.52,0,0
135.49536600000002,5.318317010185277,349.401,364.586,0,0
135.595364,2.7577195541891775,349.172,364.611,0,0
135.69536,2.9517932372007745,349.166,364.567,0,0
135.795356,3.1194258101059673,349.17,364.546,0,0
135.895354,3.0675382116273515,349.119,364.462,0,0
135.99535200000003,2.469165455733691,349.156,364.635,0,0
136.09534599999998,2.1379584952456683,349.115,364.618,0,0
136.195344,5.624640744451318,349.347,364.439,0,0
136.29534099999998,4.871104793284412,349.359,364.593,0,0
136.395337,7.372498827493585,349.55,364.51,0,0
136.495337,9.09899018384891,349.615,364.33,0,0
136.595333,9.431651631081408,349.702,364.433,0,0
136.69532500000003,9.533980001264965,349.752,364.508,0,0
136.795327,10.497020777002609,349.791,364.413,0,0
136.895321,10.075225695438741,349.786,364.478,0,0
136.995314,9.641752535217881,349.675,364.35,0,0
137.09531700000002,10.14869554198163,349.71,364.327,0,0
137.19530799999998,14.721719068809223,350.223,364.476,0,0
137.295307,15.01170717556213,350.119,364.235,0,0
137.3953,16.868938756973492,350.348,364.334,0,0
137.49529800000002,13.124213525147255,350.063,364.462,0,0
137.595299,14.158974060435057,350.124,364.395,0,0
137.695293,13.24382923324712,350.143,364.59,0,0
137.795287,15.405720499359186,350.247,364.406,0,0
137.895282,12.326031672602156,350.045,364.571,0,0
137.99528,12.804231558533509,350.105,364.599,0,0
138.095277,16.974281580637303,350.575,364.739,0,0
138.195276,16.4532634487248,350.378,364.468,0,0
138.295269,17.930575040046527,350.414,364.278,0,0
138.395269,14.118272418853058,350.115,364.392,0,0
138.495268,14.459265904887616,350.093,364.293,0,0
138.59526300000002,14.684557233573853,350.228,364.503,0,0
138.695258,14.6662568501781,350.153,364.369,0,0
138.795254,13.785665235673525,350.022,364.282,0,0
138.895249,13.272637622555349,349.96,364.258,0,0
138.99525,12.277069815454123,349.904,364.329,0,0
139.09524100000002,12.749992211417126,349.951,364.334,0,0
139.19523999999998,13.506824725410207,350.008,364.308,0,0
139.295234,10.35086904331665,349.689,364.271,0,0
139.395232,10.661722958360263,349.731,364.295,0,0
139.495231,11.709111607116299,349.847,364.327,0,0
139.595226,11.67149505380005,349.793,364.235,0,0
139.695226,11.825096658712795,349.856,364.325,0,0
139.795221,12.593490719582094,349.763,364.021,0,0
139.895215,10.287360521844574,349.626,364.171,0,0
139.99521,7.558489283291684,349.43,364.286,0,0
140.095209,6.770995253489592,349.329,364.238,0,0
140.195205,6.13473723630702,349.301,364.298,0,0
140.29520000000002,5.664034669568811,349.193,364.182,0,0
140.395199,4.570303693607618,349.15,364.294,0,0
140.495192,1.644664273322577,348.918,364.377,0,0
140.59519,4.683069902433227,349.175,364.322,0,0
140.695187,4.348906425236937,349.106,364.254,0,0
140.795182,2.871334590804615,348.893,364.12,0,0
140.895183,0.2566973651743188,348.754,364.32,0,0
140.99517600000001,0.13308291328152028,348.756,364.346,0,0
141.09517300000002,4.045265600867095,349.094,364.288,0,0
141.195173,3.172973950062447,348.929,364.137,0,0
141.29516800000002,0.7728364940074748,348.763,364.25,0,0
141.395161,1.0791191243729825,348.76,364.192,0,0
141.495161,1.5812307191326949,348.844,364.26,0,0
141.595157,-0.8814326466268759,348.671,364.371,0,0
141.695155,0.7048514461564663,348.726,364.197,0,0
141.795147,-0.6024213317099001,348.634,364.256,0,0
141.895147,-1.0384291067582359,348.582,364.237,0,0
141.995141,0.5101144848543088,348.728,364.237,0,0
142.09514199999998,0.651580560400617,348.698,364.158,0,0
142.19513899999998,0.30104622015114196,348.753,364.321,0,0
142.29513,0.8818353765475244,348.714,364.149,0,0
142.395128,-1.3036157366668086,348.627,364.37,0,0
142.49512299999998,1.9099623201307854,348.906,364.325,0,0
142.595123,1.866803838490878,348.933,364.383,0,0
142.695115,1.9850550358316406,348.897,364.297,0,0
142.795111,2.1124525405641212,348.976,364.421,0,0
142.895113,4.218286641725959,349.041,364.175,0,0
142.99510500000002,5.196070417598654,349.064,364.048,0,0
143.09510500000002,2.88143297484196,348.955,364.251,0,0
143.1951,5.486963666162417,349.214,364.275,0,0
143.295094,3.460424463116021,348.998,364.231,0,0
143.395095,4.091762655622062,349.029,364.179,0,0
143.49509,3.7373895680075684,348.932,364.063,0,0
143.595087,2.500203965950497,348.92,364.257,0,0
143.69508100000002,1.5651436151528597,348.792,364.185,0,0
143.795081,7.692673791890786,349.377,364.196,0,0
143.895078,5.398570321754128,349.102,364.09,0,0
143.995073,7.450300772346061,349.357,364.203,0,0
144.095068,7.652220973959424,349.355,364.165,0,0
144.195069,8.542641611545172,349.398,364.09,0,0
144.295066,6.601166426338713,349.177,364.022,0,0
144.39506400000002,5.4235117317496,349.194,364.259,0,0
144.495061,4.745022844635228,349.037,364.089,0,0
144.59506,3.456839785703237,348.943,364.141,0,0
144.695057,2.126142427576098,348.814,364.136,0,0
144.795054,2.1186310476612573,348.821,364.151,0,0
144.895051,1.0658689470143174,348.696,364.105,0,0
144.995049,1.3162803557458844,348.735,364.134,0,0
145.095044,0.5724733621957875,348.649,364.106,0,0
145.195043,-1.4812277809247765,348.525,364.236,0,0
145.295038,-0.9170122254298693,348.554,364.192,0,0
145.39504,2.5766187970603682,348.741,363.929,0,0
145.495038,2.1125443113198323,348.757,364.04,0,0
145.59503,3.062712983010732,348.86,364.065,0,0
145.695029,2.6554510990147357,348.808,364.041,0,0
145.795026,2.416634372758893,348.904,364.26,0,0
145.895027,2.7822415048275633,348.899,364.188,0,0
145.995024,0.8846589881776045,348.724,364.197,0,0
146.095021,2.7288332119202656,348.911,364.221,0,0
146.195019,-2.3703946446701685,348.674,364.673,0,0
146.295016,-0.4362774075226948,348.732,364.444,0,0
146.395015,-0.3104300287021441,348.694,364.353,0,0
146.49501199999997,-1.6558219854773812,348.531,364.288,0,0
146.595003,-2.5996431941799836,348.475,364.35,0,0
146.695006,0.1470439385103617,348.743,364.366,0,0
146.795002,-0.37861355652251605,348.701,364.381,0,0
146.895,0.6978238341197819,348.673,364.143,0,0
146.994993,2.6208372901314236,348.893,364.214,0,0
147.09499100000002,2.3340425994045795,348.835,364.158,0,0
147.19499299999998,1.960985569912446,348.902,364.347,0,0
147.294992,1.542924700798023,348.843,364.312,0,0
147.394985,3.0914914318010154,348.964,364.266,0,0
147.494984,2.5527279995885865,348.93,364.298,0,0
147.594979,3.2192614670683795,348.929,364.181,0,0
147.694979,3.0237200924450205,348.903,364.168,0,0
147.79497800000001,3.538033361088062,348.98,364.221,0,0
147.894972,1.7546626216873096,348.912,364.407,0,0
147.994968,2.999156898966463,348.87,364.114,0,0
148.094971,3.0629130776706788,348.887,364.135,0,0
148.194962,0.7018421142013814,348.791,364.37,0,0
148.294966,-0.24496324975326508,348.732,364.427,0,0
148.394963,0.917901297728792,348.735,364.231,0,0
148.49495800000003,-1.3040880639341097,348.644,364.451,0,0
148.59495800000002,1.981727360162284,348.832,364.226,0,0
148.694955,0.3420711968087831,348.689,364.249,0,0
148.794954,-0.18706853112780564,348.732,364.421,0,0
148.89494699999997,1.7079472089355408,348.845,364.3,0,0
148.994947,-0.993984679217247,348.601,364.322,0,0
149.094945,0.44378496274244533,348.705,364.264,0,0
149.194938,0.3130773707381559,348.671,364.225,0,0
149.294939,-0.20635317826005012,348.591,364.169,0,0
149.394932,0.14032841955528844,348.769,364.437,0,0
149.494929,-0.8188472097643164,348.611,364.314,0,0
149.59492699999998,-1.6327398263969477,348.47,364.197,0,0
149.694924,0.09235988412361806,348.649,364.227,0,0
149.794924,-2.551893204099798,348.461,364.342,0,0
149.894919,-0.8145846165986766,348.583,364.265,0,0
149.99491899999998,-0.9092058761154986,348.566,364.251,0,0
150.094914,-1.0488960423547047,348.573,364.289,0,0
150.194918,0.36660018302464487,348.62,364.13,0,0
150.294913,-0.5818488424239774,348.644,364.34,0,0
150.394912,-3.2930119648014675,348.485,364.52,0,0
150.494907,-0.7379821589265481,348.599,364.286,0,0
150.594902,-2.2268447918557386,348.492,364.349,0,0
150.69490299999998,-1.6476638602657556,348.486,364.238,0,0
150.79489999999998,-2.4613392081952084,348.376,364.178,0,0
150.894899,-1.2384998058298466,348.445,364.093,0,0
150.994897,-2.3434767219499464,348.408,364.218,0,0
151.094893,-0.6709780482012057,348.488,364.075,0,0
151.194889,-1.9251451037958878,348.432,364.191,0,0
151.29488800000001,-2.930795253696745,348.362,364.238,0,0
151.39488200000002,-0.08223365911637721,348.563,364.113,0,0
151.494879,0.7417409438776984,348.647,364.125,0,0
151.594876,-2.054461383740652,348.443,364.237,0,0
151.694878,0.5024092751466605,348.555,363.999,0,0
151.79487400000002,1.8459084809303636,348.699,364.031,0,0
151.894872,0.3400320973257729,348.598,364.108,0,0
151.994867,1.5545809709144398,348.701,364.087,0,0
152.09485999999998,-0.7563854549449582,348.638,364.374,0,0
152.194856,0.43869210608326875,348.581,364.062,0,0
152.294851,3.467431617609439,348.911,364.143,0,0
152.394847,4.539176323789896,349.113,364.329,0,0
152.494846,5.492610230449446,349.125,364.186,0,0
152.59484,2.772020429176747,348.97,364.375,0,0
152.69483499999998,12.724322990011883,349.883,364.324,0,0
152.79483100000002,17.335599286559745,350.267,364.229,0,0
152.894826,13.584500079664407,349.914,364.233,0,0
152.994821,15.504087149780055,350.094,364.231,0,0
153.09481599999998,14.949016404470067,350.034,364.218,0,0
153.194816,9.12552315589353,349.541,364.325,0,0
153.29480900000001,9.395511392761993,349.515,364.231,0,0
153.39480600000002,9.062093657816973,349.364,364.012,0,0
153.49480300000002,9.721898684727883,349.514,364.174,0,0
153.594795,12.874382210153348,349.697,363.963,0,0
153.694789,18.915032723807453,350.264,363.956,0,0
153.794787,17.993956976497213,350.252,364.095,0,0
153.894785,23.38797271633921,350.716,364.011,0,0
153.99478,28.742428669980487,351.223,364.013,0,0
154.094772,27.780710545423126,351.099,363.953,0,0
154.19476500000002,24.83007925381813,350.763,363.849,0,0
154.294765,21.316435188892306,350.458,363.9,0,0
154.394762,18.483010934018616,350.207,363.932,0,0
154.494758,14.8843160961157,349.882,363.961,0,0
154.594751,14.409944320170242,349.803,363.899,0,0
154.69474400000001,18.263060516597566,350.149,363.866,0,0
154.794745,13.908273555276324,349.79,363.964,0,0
154.894734,13.582160770435324,349.756,363.959,0,0
154.994731,9.64275505065007,349.464,364.108,0,0
155.094727,11.074832584952613,349.443,363.821,0,0
155.19472399999998,8.339543957435614,349.254,363.95,0,0
155.29472,10.837988844667539,349.442,363.862,0,0
155.394717,9.914855846587018,349.401,363.948,0,0
155.494707,9.817008843442219,349.4,363.964,0,0
155.594706,10.368362226931065,349.418,363.902,0,0
155.694704,9.624800537089465,349.313,363.839,0,0
155.79469699999999,8.939154711829092,349.245,363.834,0,0
155.894695,9.073253855786767,349.273,363.863,0,0
155.99468900000002,9.61791783571154,349.342,363.896,0,0
156.094685,10.106018599570891,349.435,363.983,0,0
156.194678,9.165188492513375,349.382,364.05,0,0
156.294677,8.920727083680017,349.253,363.856,0,0
156.394666,8.676232669148368,349.199,363.8,0,0
156.494662,7.5423340968590376,349.056,363.735,0,0
156.594663,9.120516225045463,349.276,363.866,0,0
156.69465599999998,6.137856765799411,349.106,364.073,0,0
156.794649,3.9805052286427296,348.926,364.118,0,0
156.894645,6.2451735353428885,349.062,363.975,0,0
156.99464,7.164814263006188,349.067,363.825,0,0
157.09463699999998,6.3485719517557415,349.041,363.92,0,0
157.194635,5.787048129408241,349.013,363.967,0,0
157.29463,3.7209701110370457,348.815,363.963,0,0
157.39462400000002,5.731817582815187,349.002,363.958,0,0
157.494619,4.2661473947764375,348.951,364.12,0,0
157.594615,5.940234567480836,349.073,364.054,0,0
157.69460999999998,6.567457938550453,349.071,363.942,0,0
157.794606,5.930288383318277,349.069,364.05,0,0
157.894603,3.1065156477294273,348.82,364.084,0,0
157.994597,3.675811602067923,348.806,363.96,0,0
158.09459099999998,2.2177602838628565,348.678,363.979,0,0
158.194587,1.8118652109265876,348.662,364.021,0,0
158.294581,1.0415883886615223,348.661,364.154,0,0
158.394577,3.751108566102652,348.757,363.86,0,0
158.494573,1.4459611723064032,348.519,363.824,0,0
158.594567,1.5349775401697148,348.596,363.951,0,0
158.694564,2.6906751985413853,348.688,363.92,0,0
158.794561,3.265684968313019,348.749,363.933,0,0
158.894558,7.536722143481519,349.128,363.888,0,0
158.994551,7.69932633708852,349.15,363.901,0,0
159.094545,6.42446011680947,349.104,364.039,0,0
159.194541,4.761541470797383,349.055,364.239,0,0
159.294539,5.052954990753407,348.912,363.926,0,0
159.394536,5.338058316863789,349.007,364.052,0,0
159.494529,4.394507325847471,348.857,363.941,0,0
159.594525,3.603826408947531,348.722,363.831,0,0
159.694516,3.760887796659238,348.8,363.948,0,0
159.794513,2.1596184209870115,348.659,363.968,0,0
159.89451300000002,2.7638605999570145,348.632,363.814,0,0
159.99451000000002,1.5485218820188302,348.615,363.995,0,0
160.09450700000002,3.4391496750839856,348.764,363.941,0,0
160.194506,3.46085273400661,348.733,363.881,0,0
160.294509,2.5742321011167055,348.771,364.106,0,0
160.394506,3.420528391954077,348.787,363.989,0,0
160.494502,3.855328538098655,348.788,363.916,0,0
160.594503,5.141597009468297,348.888,363.877,0,0
160.694505,3.4703960852990683,348.848,364.095,0,0
160.794503,4.393711167831916,348.849,363.937,0,0
160.8945,4.088924134559024,348.923,364.127,0,0
160.994497,7.845217043588627,349.343,364.247,0,0
161.094497,6.044004143084762,349.057,364.035,0,0
161.194501,7.523588828825839,349.203,364.047,0,0
161.294496,6.531047758700622,349.1,364.031,0,0
161.394495,5.495775753999521,348.931,363.901,0,0
161.49449299999998,1.4797747246464379,348.716,364.205,0,0
161.594494,3.431065088812114,348.924,364.249,0,0
161.694491,3.5072934706670993,348.79,363.99,0,0
161.79449400000001,0.7191017158809977,348.646,364.211,0,0
161.89449199999999,4.523026654141719,348.958,364.124,0,0
161.994492,2.335534569031618,348.817,364.246,0,0
162.094491,-0.17925829082711534,348.532,364.16,0,0
162.194491,1.2761553586381271,348.748,364.305,0,0
162.29449,2.28266700891861,348.796,364.219,0,0
162.394486,3.1671441126654414,348.758,363.996,0,0
162.49448999999998,2.7869687682186144,348.789,364.12,0,0
162.594485,2.8038393788702245,348.757,364.059,0,0
162.694489,3.0857326580417217,348.818,364.123,0,0
162.794486,1.3159471376984386,348.679,364.176,0,0
162.894484,-0.35890628204740344,348.568,364.264,0,0
162.994484,-0.9342078027172075,348.48,364.203,0,0
163.094482,1.3819258939388144,348.66,364.132,0,0
163.194484,1.8224352043998244,348.736,364.196,0,0
163.294479,2.485473618542688,348.82,364.236,0,0
163.39447700000002,1.9200419864318525,348.765,364.234,0,0
163.49447899999998,3.38680630878504,348.775,363.998,0,0
163.59447899999998,-0.43128233340944927,348.601,364.343,0,0
163.694477,1.1791622931572197,348.611,364.082,0,0
163.794477,1.05690584122148,348.674,364.22,0,0
163.89447399999997,0.799973044940209,348.646,364.214,0,0
163.99447700000002,3.888507797726027,348.886,364.119,0,0
164.094474,3.2605365347174273,348.849,364.161,0,0
164.19447,3.5906873062639515,348.945,364.281,0,0
164.294473,4.1643219458712695,348.97,364.228,0,0
164.39446900000002,4.017516128813353,348.916,364.155,0,0
164.49446799999998,2.181973989325969,348.786,364.236,0,0
164.59447,1.7287025541392347,348.784,364.312,0,0
164.69447,1.0412333698464389,348.643,364.173,0,0
164.794467,0.3682238798749193,348.555,364.129,0,0
164.894468,0.5965785694284181,348.543,364.068,0,0
164.994469,0.5058691252132883,348.478,363.965,0,0
165.09446499999999,-1.140730252216717,348.405,364.118,0,0
165.194469,1.7241458707378536,348.582,363.946,0,0
165.294467,1.2195692259742565,348.667,364.191,0,0
165.394468,3.5455894360288975,348.83,364.087,0,0
165.494463,4.655986563056412,348.915,364.051,0,0
165.59446599999998,4.735116717166665,348.959,364.119,0,0
165.69446,4.722333570224682,348.903,364.019,0,0
165.79446299999998,2.6272961236585215,348.649,363.917,0,0
165.894459,2.727325097051365,348.739,364.066,0,0
165.994458,3.296560325905739,348.825,364.126,0,0
166.094457,3.667693999505109,348.764,363.95,0,0
166.19445800000003,3.241324827737365,348.739,363.979,0,0
166.294457,0.18921324415570132,348.582,364.222,0,0
166.394457,0.1407974896174176,348.521,364.119,0,0
166.49445300000002,0.09444850763162536,348.464,364.023,0,0
166.594457,0.45383743416434175,348.447,363.93,0,0
166.69445499999998,-1.204715808037278,348.362,364.063,0,0
166.794451,0.18311428179971898,348.539,364.148,0,0
166.89445600000002,0.8443135972636647,348.6,364.146,0,0
166.994455,-0.7681977574764304,348.365,363.995,0,0
167.09445000000002,1.3933981957474366,348.638,364.122,0,0
167.194454,1.7996073687283578,348.795,364.341,0,0
167.294453,1.643603766262557,348.726,364.242,0,0
167.394453,1.5494233075600141,348.696,364.204,0,0
167.494451,-0.640855127060536,348.583,364.378,0,0
167.594451,-0.263730116677096,348.478,364.12,0,0
167.69445100000002,1.267983829658287,348.711,364.283,0,0
167.79444800000002,0.9947606956583748,348.582,364.094,0,0
167.89443400000002,-0.7968928149171677,348.473,364.206,0,0
167.99444,0.863586677441168,348.641,364.227,0,0
168.09444,1.922023159575672,348.72,364.189,0,0
168.194435,1.2191192866993896,348.627,364.141,0,0
168.294431,0.6669963005307846,348.595,364.179,0,0
168.394426,0.876485073507607,348.591,364.136,0,0
168.494427,-1.5485027440455361,348.452,364.303,0,0
168.594424,-1.8201484526682161,348.39,364.237,0,0
168.694418,-0.9986609189444671,348.308,363.944,0,0
168.794414,-2.0011701597486375,348.347,364.191,0,0
168.89441200000002,-1.6934929325832746,348.28,364.015,0,0
168.994406,-2.4631585690147366,348.397,364.365,0,0
169.094402,-2.336655515475782,348.377,364.307,0,0
169.194396,-0.5607382446183128,348.457,364.146,0,0
169.294393,-1.7356124099301085,348.371,364.193,0,0
169.394393,0.20672543440677044,348.495,364.084,0,0
169.494391,-1.0233380832231829,348.444,364.205,0,0
169.594383,-0.5400644218958108,348.461,364.153,0,0
169.69438,0.7820356076012667,348.572,364.128,0,0
169.794375,0.9439069658193879,348.626,364.2,0,0
169.894374,-0.12218314224872612,348.428,364.022,0,0
169.99437400000002,0.7711674279689182,348.549,364.09,0,0
170.094364,2.5120997998833854,348.717,364.097,0,0
170.194363,3.8082217650660253,348.825,364.071,0,0
170.294363,4.873782710447318,348.89,364.006,0,0
170.394354,2.9469788275473734,348.703,363.998,0,0
170.494354,4.0881622823371435,348.792,363.964,0,0
170.594346,5.037391470961788,348.871,363.945,0,0
170.694349,2.4202254301963237,348.691,364.07,0,0
170.794345,0.5782217644769627,348.568,364.165,0,0
170.894341,-0.22560991559272126,348.466,364.118,0,0
170.994336,0.40452150981478546,348.567,364.195,0,0
171.094329,-0.4648145174713507,348.43,364.095,0,0
171.194328,1.8448525551475645,348.617,364.038,0,0
171.294322,0.06289510798573418,348.385,363.922,0,0
171.394323,0.18984397715963738,348.377,363.886,0,0
171.49431700000002,-1.9555974560321463,348.209,363.951,0,0
171.59431400000003,-0.3158049239206153,348.337,363.902,0,0
171.694311,-1.1876975547349495,348.259,363.911,0,0
171.79430499999998,-2.356390775657478,348.21,364.025,0,0
171.89430199999998,-3.241153306599394,348.121,364.016,0,0
171.994299,-2.416020279216882,348.085,363.807,0,0
172.09429699999998,-1.4948513135229977,348.182,363.826,0,0
172.194289,-1.2237814483447607,348.211,363.833,0,0
172.294287,-1.0924854808763622,348.242,363.868,0,0
172.394283,-1.6568009503176198,348.192,363.875,0,0
172.49428,-0.7772281940520207,348.253,363.835,0,0
172.594273,1.2340632314520825,348.377,363.714,0,0
172.69427,0.5216495761376395,348.438,363.951,0,0
172.794267,-0.11184013217471274,348.332,363.867,0,0
172.89426500000002,-0.205122099922484,348.301,363.827,0,0
172.99426,-0.9717517451826273,348.271,363.906,0,0
173.09426000000002,-1.0245873450203322,348.271,363.916,0,0
173.194256,-0.515601059373379,348.335,363.946,0,0
173.29424799999998,2.5377452456587624,348.532,363.778,0,0
173.394247,4.3687367944191395,348.802,363.957,0,0
173.49424199999999,3.8368217736467223,348.773,363.997,0,0
173.59424299999998,7.196600043190081,348.993,363.818,0,0
173.694239,4.265454805573855,348.667,363.729,0,0
173.794231,6.599668678344309,348.946,363.837,0,0
173.894231,5.937145786473152,348.984,364.023,0,0
173.994225,10.44863207282028,349.289,363.8,0,0
174.094224,9.017125309742726,349.332,364.129,0,0
174.194221,11.545228394786605,349.394,363.804,0,0
174.294217,10.474238089940975,349.32,363.855,0,0
174.394215,10.009846485819603,349.43,364.139,0,0
174.49420800000001,11.242340336469109,349.376,363.826,0,0
174.5942,9.735954396106184,349.263,363.881,0,0
174.694201,8.216536942271114,348.983,363.631,0,0
174.794195,8.881557174464202,349.171,363.862,0,0
174.89419099999998,10.773271871068326,349.35,363.863,0,0
174.994188,10.746436051382645,349.278,363.736,0,0
175.09418599999998,11.655631548718922,349.388,363.781,0,0
175.19418,10.660022082381921,349.357,363.898,0,0
175.294176,6.543823021933136,348.951,363.868,0,0
175.39417699999998,8.477389735477642,349.097,363.801,0,0
175.494169,4.263042665710579,348.654,363.72,0,0
175.594167,4.501421328271183,348.756,363.867,0,0
175.694162,4.544187533575757,348.802,363.945,0,0
175.794159,4.140811589732777,348.677,363.786,0,0
175.89415400000001,4.68660642636016,348.651,363.644,0,0
175.99415,2.5371832610403358,348.606,363.936,0,0
176.094151,-0.10805062160591271,348.419,364.053,0,0
176.194145,1.9199895468437176,348.581,363.999,0,0
176.294142,2.73312117716696,348.608,363.908,0,0
176.394141,4.427420135644205,348.633,363.66,0,0
176.494139,4.808100767263013,348.724,363.762,0,0
176.59413899999998,4.726479906156761,348.799,363.915,0,0
176.69413200000002,1.874352814371553,348.587,364.022,0,0
176.79413200000002,3.058758109370405,348.604,363.848,0,0
176.894125,3.041534778275754,348.609,363.861,0,0
176.994123,5.33118417235423,348.774,363.767,0,0
177.09412400000002,3.09582846642599,348.61,363.855,0,0
177.194117,2.4519487527310524,348.559,363.874,0,0
177.294119,1.6915330779209814,348.466,363.836,0,0
177.394115,1.8600265392100022,348.544,363.951,0,0
177.494111,1.9407630845303974,348.48,363.82,0,0
177.594109,1.7067431213377804,348.502,363.902,0,0
177.694108,4.146986104942289,348.622,363.699,0,0
177.79410099999998,4.345577307781262,348.736,363.875,0,0
177.894102,3.878960408935604,348.636,363.773,0,0
177.994095,3.818524240796113,348.613,363.742,0,0
178.094091,-1.5105731551427648,348.176,363.866,0,0
178.19409,-2.2923807682501516,348.1,363.863,0,0
178.29408600000002,-0.3977067689188947,348.307,363.915,0,0
178.394087,-0.11767212375044799,348.27,363.799,0,0
178.494086,2.6721850260162214,348.491,363.721,0,0
178.594082,0.04556510573028464,348.29,363.809,0,0
178.694076,-1.5654174294561372,348.122,363.781,0,0
178.79407500000002,-1.3431171686484278,348.154,363.802,0,0
178.894073,-0.000181361816157996,348.361,363.95,0,0
178.994072,4.466665871149139,348.702,363.801,0,0
179.094066,6.256781121697363,348.804,363.678,0,0
179.194066,4.283730830625676,348.611,363.667,0,0
179.294063,5.951724423882034,348.827,363.775,0,0
179.394056,5.506009955460342,348.748,363.708,0,0
179.494053,1.04053886736316,348.453,363.943,0,0
179.594054,3.946027622488207,348.667,363.832,0,0
179.694048,3.1833474185333412,348.464,363.592,0,0
179.79404699999998,2.7164387724886065,348.483,363.709,0,0
179.89404199999998,3.7318303278122955,348.565,363.684,0,0
179.994039,-1.2528975391434027,348.116,363.726,0,0
180.09404,0.7771787507473507,348.307,363.725,0,0
180.194038,2.375291333197852,348.499,363.801,0,0
180.294031,6.914290902148738,348.899,363.748,0,0
180.394032,8.073599040313756,348.962,363.663,0,0
180.49402600000002,8.035196569929283,348.99,363.722,0,0
180.594022,7.506254191692504,348.914,363.675,0,0
180.69402,16.22444796597282,349.769,363.732,0,0
180.794016,17.026050127248244,349.821,363.689,0,0
180.89401800000002,14.698977714087691,349.588,363.666,0,0
180.99401500000002,15.891596772430862,349.696,363.658,0,0
181.094009,12.641782292810548,349.379,363.641,0,0
181.194011,11.083420501267959,349.235,363.648,0,0
181.294006,9.42091478831193,349.098,363.686,0,0
181.394003,7.903940390596346,348.934,363.649,0,0
181.493996,7.5207085296799185,348.937,363.722,0,0
181.593998,4.856590538118522,348.758,363.857,0,0
181.69399299999998,4.11364093151364,348.621,363.735,0,0
181.793991,2.4032929057743755,348.536,363.877,0,0
181.893989,1.9049300977802173,348.433,363.775,0,0
181.993987,1.4592010380698486,348.354,363.708,0,0
182.093983,1.035724296841351,348.382,363.834,0,0
182.193981,1.673678961424086,348.337,363.641,0,0
182.29397899999998,-0.8458531563928912,348.182,363.795,0,0
182.393974,1.624008708418985,348.326,363.631,0,0
182.493972,0.7793792731073087,348.337,363.799,0,0
182.59397,2.3073745662044676,348.499,363.832,0,0
182.693969,1.6108300934698927,348.424,363.816,0,0
182.793967,0.829916352742551,348.347,363.811,0,0
182.893957,2.6059932440014326,348.433,363.661,0,0
182.993956,3.484807772235907,348.526,363.68,0,0
183.093956,4.827319032541533,348.596,363.576,0,0
183.193952,3.323213767765037,348.418,363.511,0,0
183.293949,3.4834048781264597,348.48,363.598,0,0
183.39394399999998,0.42343056920463484,348.244,363.697,0,0
183.493944,0.3379071082520224,348.217,363.663,0,0
183.593942,1.8698252305877814,348.331,363.607,0,0
183.693939,0.9546413533777486,348.275,363.664,0,0
183.793932,0.3337023980674808,348.249,363.725,0,0
183.893933,2.537807807868103,348.382,363.587,0,0
183.99392600000002,3.585353185391027,348.479,363.584,0,0
184.093924,4.143516840694601,348.452,363.438,0,0
184.193922,4.3887637763572656,348.509,363.501,0,0
184.293917,2.7986379395726257,348.412,363.6,0,0
184.393913,0.1634986894475923,348.164,363.603,0,0
184.493905,-0.4592738259838261,348.115,363.622,0,0
184.59390100000002,-0.36893441001909083,348.078,363.539,0,0
184.693894,1.8206190056276026,348.358,363.674,0,0
184.793891,0.31533496651056275,348.225,363.692,0,0
184.893885,-0.290880133991862,348.158,363.675,0,0
184.99388399999998,-0.3325564120757714,348.252,363.856,0,0
185.093875,0.023538064687557387,348.201,363.701,0,0
185.193871,4.765967135913541,348.586,363.585,0,0
185.29387,3.605752541731613,348.434,363.508,0,0
185.393866,3.3557875402043873,348.542,363.751,0,0
185.493856,2.064272276132118,348.464,363.833,0,0
185.593851,3.3090754412217285,348.509,363.7,0,0
185.69384599999998,1.7123275878631674,348.288,363.572,0,0
185.793845,1.466343125382025,348.223,363.496,0,0
185.893842,0.7786863420204516,348.282,363.725,0,0
185.99383799999998,-0.8472541893450851,348.049,363.58,0,0
186.09383300000002,-0.35285330157017974,348.185,363.745,0,0
186.193828,-0.15241741100280506,348.172,363.687,0,0
186.293823,-1.5112809903233746,348.061,363.72,0,0
186.393815,-1.0028225837815248,348.113,363.728,0,0
186.493808,-1.0499746570075361,348.088,363.691,0,0
186.593808,0.9046768040525239,348.236,363.624,0,0
186.693804,8.09734718712077,348.95,363.687,0,0
186.793798,16.00473106956241,349.693,363.679,0,0
186.893796,14.875969783039517,349.613,363.729,0,0
186.99379000000002,14.060773187087372,349.542,363.741,0,0
187.093785,9.547946547127903,349.136,363.78,0,0
187.193777,8.544507450488029,348.976,363.661,0,0
187.293776,6.443594051825266,348.772,363.652,0,0
187.39377,7.147722681841434,348.73,363.453,0,0
187.493764,3.1208544461693197,348.383,363.516,0,0
187.593762,3.5141114700601936,348.479,363.625,0,0
187.693753,2.0492879048278696,348.302,363.555,0,0
187.793753,2.2014085159407886,348.354,363.625,0,0
187.893743,0.41653482971733935,348.275,363.791,0,0
187.993743,2.0390276015189115,348.328,363.607,0,0
188.093739,2.852327561726981,348.336,363.481,0,0
188.193728,2.0575681817246902,348.299,363.552,0,0
188.29372899999998,-0.6594754580630185,348.14,363.733,0,0
188.393723,-0.12572511505312717,348.152,363.663,0,0
188.49371299999999,-0.9382044243696096,348.153,363.807,0,0
188.593714,0.7189842457503575,348.237,363.674,0,0
188.693705,1.298948440705303,348.23,363.561,0,0
188.793705,1.0681185337860073,348.161,363.475,0,0
188.893696,-0.8149303841271461,348.095,363.682,0,0
188.993693,-0.6165912110978384,348.103,363.663,0,0
189.093686,0.8337146543035141,348.137,363.474,0,0
189.193682,-1.4440340603752504,348.019,363.654,0,0
189.29368,0.5032716543958287,348.1,363.465,0,0
189.393676,-0.5961209807635777,348.113,363.681,0,0
189.493668,-0.25159343139867923,348.162,363.712,0,0
189.593664,-2.0433405427954057,348.003,363.732,0,0
189.693657,-1.8321481468575453,348.047,363.777,0,0
189.793658,-0.5138059971578331,348.087,363.622,0,0
189.893652,0.4442449067278581,348.25,363.756,0,0
189.99364300000002,0.45567792150662684,348.255,363.764,0,0
190.093644,-0.6459706681004571,348.158,363.778,0,0
190.193638,-0.2444192807667767,348.17,363.731,0,0
190.293632,-0.6208024862625351,348.153,363.766,0,0
190.39362400000002,1.9338411326683536,348.286,363.567,0,0
190.493625,1.0570139801240497,348.207,363.575,0,0
190.593615,-0.9398443393940717,348.146,363.811,0,0
190.693611,-2.0573212619127568,347.96,363.664,0,0
190.79360699999998,-1.1753977506831825,348.187,363.929,0,0
190.89360200000002,-1.2694560530473988,348.113,363.81,0,0
190.993595,-0.8313380178938248,348.079,363.672,0,0
191.093595,-0.1785376610000795,348.124,363.642,0,0
191.193586,-0.8687310240224742,348.117,363.75,0,0
191.29358100000002,-0.3336262842852151,348.14,363.7,0,0
191.39358,-0.4010514961146963,348.137,363.707,0,0
191.493578,-1.3632069631728083,348.132,363.866,0,0
191.593572,-0.7782084253427106,348.132,363.765,0,0
191.69356299999998,-0.1012765309634066,348.182,363.74,0,0
191.793563,-2.0201818385068453,348.055,363.841,0,0
191.893552,1.7434278462456834,348.217,363.485,0,0
191.99355400000002,0.16771046138537749,348.173,363.679,0,0
192.093552,1.1591469365461402,348.181,363.522,0,0
192.193549,2.5381155206021293,348.33,363.557,0,0
192.29354199999997,2.1646727795165517,348.391,363.735,0,0
192.393542,6.799034979017717,348.706,363.509,0,0
192.493539,4.881942805478402,348.627,363.698,0,0
192.593535,4.747132943638892,348.666,363.794,0,0
192.69353,5.2040823852610165,348.649,363.684,0,0
192.79353,2.368219754958473,348.338,363.606,0,0
192.89353,2.1497103195231477,348.418,363.792,0,0
192.99352100000002,3.031466119639769,348.464,363.724,0,0
193.09352299999998,3.3932317183666902,348.463,363.66,0,0
193.19351999999998,2.810619790736442,348.439,363.718,0,0
193.293515,2.4149059881009416,348.418,363.749,0,0
193.39351000000002,1.5769136893481215,348.328,363.73,0,0
193.49350700000002,2.292656349981,348.442,363.816,0,0
193.593504,0.7495920928431958,348.35,363.916,0,0
193.693503,1.1375782656325581,348.308,363.772,0,0
193.793503,2.482062585124744,348.432,363.767,0,0
193.893501,1.1746329882294948,348.34,363.826,0,0
193.993498,1.8039792912731976,348.348,363.732,0,0
194.09349600000002,-0.8576683228660342,348.11,363.758,0,0
194.193488,0.1523362437214119,348.204,363.756,0,0
194.293486,0.3726954816393371,348.238,363.781,0,0
194.393486,0.9870701384221887,348.306,363.8,0,0
194.49347899999998,0.31299034241503415,348.194,363.712,0,0
194.593478,0.5216147774309337,348.247,363.774,0,0
194.693475,0.08611450628765974,348.238,363.834,0,0
194.79347700000002,1.8331579627814922,348.293,363.632,0,0
194.893474,-0.0977194856979179,348.154,363.713,0,0
194.993469,1.8595997485550033,348.374,363.778,0,0
195.093465,0.19999912842591028,348.215,363.775,0,0
195.19346,2.44260076222618,348.456,363.829,0,0
195.293461,6.814397496910854,348.794,363.691,0,0
195.39345699999998,4.844887391864323,348.672,363.81,0,0
195.493451,3.668733693187633,348.531,363.756,0,0
195.59345199999998,4.840343480664941,348.618,363.713,0,0
195.69344800000002,2.4186499010322913,348.469,363.861,0,0
195.793447,5.387975338427353,348.601,363.588,0,0
195.89344599999998,3.978454887385112,348.52,363.685,0,0
195.993441,3.6645782778935936,348.46,363.63,0,0
196.093435,6.393144896100352,348.735,363.662,0,0
196.193438,4.3227221349399345,348.579,363.736,0,0
196.29343400000002,4.847886249620202,348.644,363.765,0,0
196.393432,4.397057806494968,348.433,363.456,0,0
196.49342800000002,2.6153149209295763,348.413,363.73,0,0
196.593426,1.716146111227891,348.327,363.729,0,0
196.693424,1.9810903474238166,348.35,363.726,0,0
196.793419,2.1568269848375703,348.395,363.779,0,0
196.893415,1.5937556572709546,348.306,363.714,0,0
196.993415,2.062838320610444,348.332,363.681,0,0
197.09340799999998,2.3493611488535198,348.419,363.792,0,0
197.193409,2.783515080096616,348.408,363.697,0,0
197.29340299999998,3.077461210255077,348.337,363.516,0,0
197.39340299999998,1.1072322870898221,348.247,363.694,0,0
197.493402,0.8429696255782166,348.258,363.761,0,0
197.593397,0.08123959392893138,348.235,363.852,0,0
197.693391,-0.5429796453638682,348.125,363.759,0,0
197.793391,0.014361801517889716,348.18,363.764,0,0
197.89338899999998,3.4673157399161303,348.411,363.589,0,0
197.993383,2.566014421712181,348.446,363.811,0,0
198.093384,1.2939560624848216,348.353,363.862,0,0
198.193378,1.8931807080870777,348.3,363.661,0,0
198.29338,0.9574263752903253,348.26,363.751,0,0
198.393375,2.751307035859266,348.389,363.677,0,0
198.493369,1.9826969396028793,348.311,363.668,0,0
198.593368,0.42645461872501145,348.302,363.923,0,0
198.693364,1.2219690855845424,348.323,363.824,0,0
198.793365,-0.1443560746855027,348.245,363.919,0,0
198.89335699999998,-0.6536185001230643,348.085,363.714,0,0
198.99335399999998,1.9677735250922972,348.414,363.864,0,0
199.093356,0.7524869401961128,348.328,363.918,0,0
199.193353,0.29995877415811406,348.275,363.9,0,0
199.29335200000003,1.9341002344860827,348.309,363.679,0,0
199.393344,3.665434994456606,348.456,363.649,0,0
199.49334299999998,4.687326034352363,348.612,363.759,0,0
199.593328,5.5161689382992884,348.628,363.645,0,0
199.69333799999998,8.215278929284095,348.91,363.695,0,0
199.79333400000002,5.217281204971095,348.619,363.682,0,0
199.893329,3.260409834279836,348.427,363.67,0,0
199.993331,2.984394741494438,348.457,363.774,0,0
200.09332999999998,4.0859088208658205,348.414,363.504,0,0
200.193326,0.1949967080622668,348.169,363.731,0,0
200.293325,0.9304825051671102,348.224,363.705,0,0
200.39332199999998,2.750777958298125,348.368,363.654,0,0
200.49331899999999,1.5288342146604592,348.233,363.619,0,0
200.593315,1.6990746903867666,348.159,363.454,0,0
200.69331400000002,2.6956724474619262,348.305,363.55,0,0
200.79331,-0.397319796626434,348.111,363.732,0,0
200.893308,1.0893827524872866,348.299,363.82,0,0
200.993305,-0.8953461634366687,348.181,363.949,0,0
201.09330300000002,0.6086829889586624,348.169,363.666,0,0
201.193297,-0.054918414492123147,348.158,363.762,0,0
201.29329199999998,-2.258239863465083,347.959,363.78,0,0
201.39329,-1.301618845482018,348.036,363.756,0,0
201.49329,-0.06706375772956118,348.117,363.691,0,0
201.593284,-0.7204944823032583,347.97,363.535,0,0
201.693284,2.919511767440378,348.31,363.528,0,0
201.79328099999998,4.971936622082359,348.564,363.639,0,0
201.89327799999998,4.310656581545674,348.488,363.615,0,0
201.993274,4.140651057989695,348.409,363.5,0,0
202.09327100000002,3.6882615692996406,348.512,363.769,0,0
202.19326800000002,2.5686068421825445,348.372,363.707,0,0
202.293269,5.0668122218576706,348.56,363.619,0,0
202.393266,5.158113484068931,348.653,363.775,0,0
202.49326000000002,3.2487788245592446,348.528,363.878,0,0
202.593259,5.735952532259663,348.703,363.768,0,0
202.69325800000001,6.672128134250204,348.721,363.639,0,0
202.793258,3.2182122671512734,348.482,363.801,0,0
202.89325200000002,3.439433612611963,348.49,363.778,0,0
202.99325,0.6429959327812742,348.261,363.844,0,0
203.093248,2.1152417140570687,348.346,363.745,0,0
203.193243,1.221311947167864,348.248,363.721,0,0
203.29324,2.59723831018563,348.319,363.613,0,0
203.39324100000002,1.5819440125375706,348.178,363.531,0,0
203.493234,1.2815467943564698,348.172,363.573,0,0
203.593234,3.317180387318773,348.413,363.663,0,0
203.693234,3.123717229096088,348.322,363.53,0,0
203.793232,1.6876803306274568,348.276,363.696,0,0
203.893228,1.8104867271110456,348.316,363.749,0,0
203.99322099999998,2.788905790350711,348.438,363.804,0,0
204.093219,3.7414020756850914,348.432,363.628,0,0
204.19322,2.4469648256651366,348.407,363.808,0,0
204.293214,3.5175861493346754,348.485,363.766,0,0
204.393211,4.025464246174066,348.5,363.706,0,0
204.493208,-0.02982664267399858,348.19,363.842,0,0
204.593209,-0.38010722073311604,348.157,363.843,0,0
204.69320499999998,-0.007632817587978885,348.163,363.79,0,0
204.793201,0.1531020164624098,348.193,363.818,0,0
204.8932,0.24695815075979538,348.177,363.773,0,0
204.99319500000001,-0.2801268033535059,348.18,363.871,0,0
205.09319699999998,-0.3382439942336483,348.198,363.915,0,0
205.193193,3.3194937242184386,348.4,363.651,0,0
205.29318700000002,-0.536945319848606,348.08,363.734,0,0
205.39318400000002,0.8628720891737215,348.15,363.62,0,0
205.49318599999998,-2.0053135638684965,347.924,363.704,0,0
205.59317800000002,2.8114798100706153,348.228,363.426,0,0
205.693182,-0.4480068520236763,348.065,363.694,0,0
205.793177,0.7649080597860871,348.132,363.607,0,0
205.893176,0.5088233552912895,348.209,363.794,0,0
205.993174,0.9106939141459522,348.258,363.815,0,0
206.093168,1.402928215647972,348.265,363.743,0,0
206.19316500000002,1.347799381279204,348.261,363.746,0,0
206.29316599999999,2.34572449917157,348.418,363.862,0,0
206.39316200000002,2.4402710523356554,348.37,363.758,0,0
206.493155,2.7623359314576432,348.487,363.918,0,0
206.593156,3.1132230181705305,348.404,363.705,0,0
206.693153,3.1107349820733647,348.399,363.697,0,0
206.793147,0.7544750229020178,348.235,363.806,0,0
206.893146,0.5533862301100478,348.171,363.724,0,0
206.993147,2.8175272545396983,348.351,363.662,0,0
207.09314,2.6171183278711734,348.305,363.613,0,0
207.19313699999998,3.649583743651124,348.312,363.447,0,0
207.293135,2.5801819085314306,348.286,363.586,0,0
207.393134,1.9684911807082652,348.256,363.638,0,0
207.49312899999998,1.8455421102902874,348.232,363.616,0,0
207.593128,2.6504198750992485,348.224,363.462,0,0
207.69312200000002,1.0233263812036417,348.142,363.595,0,0
207.793122,1.1741859582465708,348.089,363.472,0,0
207.893119,-0.4618709691670591,347.998,363.59,0,0
207.993115,4.576013447990396,348.399,363.452,0,0
208.093116,3.4615467630781285,348.372,363.597,0,0
208.193114,3.9799771658522185,348.363,363.491,0,0
208.293112,7.820593067486508,348.766,363.565,0,0
208.393106,9.250007849990658,348.91,363.582,0,0
208.493108,9.394648675902591,348.87,363.484,0,0
208.593106,7.2855151740587685,348.681,363.504,0,0
208.69310000000002,6.163228343280434,348.65,363.643,0,0
208.793102,6.285613501084955,348.503,363.352,0,0
208.89309599999999,6.703780116097606,348.553,363.372,0,0
208.9931,2.990048456727662,348.284,363.524,0,0
209.093092,2.5057340859665436,348.178,363.414,0,0
209.19308900000001,3.2792421644227225,348.379,363.65,0,0
209.29308699999999,2.1997784133795197,348.189,363.489,0,0
209.393086,1.34597152716396,348.216,363.688,0,0
209.493087,2.960002826818767,348.303,363.568,0,0
209.59308199999998,4.7144777807045894,348.431,363.499,0,0
209.693082,2.963698266011944,348.321,363.602,0,0
209.793079,3.809696232965425,348.337,363.485,0,0
209.89307399999998,5.549838330256322,348.643,363.746,0,0
209.993075,6.160674044595672,348.621,363.6,0,0
210.09307199999998,6.159075843710722,348.615,363.59,0,0
210.193074,5.379337408148969,348.524,363.559,0,0
210.293068,5.737529653566678,348.483,363.422,0,0
210.393064,10.751862556282912,349.072,363.634,0,0
210.493065,10.097153628975242,349.045,363.699,0,0
210.59306099999998,12.73090411402683,349.273,363.661,0,0
210.693059,10.213957462683595,349.015,363.625,0,0
210.79305499999998,9.848934631033789,348.923,363.52,0,0
210.893053,8.68342108583693,348.864,363.615,0,0
210.993051,8.264127871580165,348.806,363.582,0,0
211.09305300000003,5.3023781492283515,348.463,363.467,0,0
211.193051,7.377969915487684,348.648,363.447,0,0
211.293043,5.451522197319671,348.579,363.656,0,0
211.393044,3.913169586928415,348.413,363.619,0,0
211.493043,2.6858596478459957,348.24,363.515,0,0
211.593037,2.5830703393342485,348.294,363.633,0,0
211.693036,4.810650968602478,348.395,363.432,0,0
211.793033,3.9179878235099137,348.383,363.566,0,0
211.89303099999998,5.6492150163742085,348.53,363.536,0,0
211.99303,4.002092236155354,348.426,363.632,0,0
212.09303,3.3648269124717984,348.43,363.751,0,0
212.19303,2.4629927761052466,348.353,363.767,0,0
212.293027,-0.3371526900389762,348.003,363.611,0,0
212.393024,0.0294953472509359,348.034,363.605,0,0
212.493022,2.8602258296561827,348.304,363.61,0,0
212.593019,1.4174654301583323,348.209,363.687,0,0
212.693014,1.8007137266222335,348.122,363.461,0,0
212.79301199999998,1.6553883485418464,348.166,363.568,0,0
212.893012,1.9445470080886704,348.225,363.627,0,0
212.993012,1.8201415597059223,348.265,363.723,0,0
213.093006,2.3953504412355913,348.163,363.436,0,0
213.193005,2.782231005950643,348.172,363.386,0,0
213.29300099999998,0.9481863744495068,348.09,363.555,0,0
213.393004,2.9720654745244746,348.2,363.406,0,0
213.492998,-0.03323836638711008,348.048,363.65,0,0
213.592997,-0.5127985635781053,348.018,363.679,0,0
213.692997,1.0551948536503704,348.155,363.659,0,0
213.792993,3.527105757524634,348.309,363.513,0,0
213.892988,5.429811614446053,348.457,363.455,0,0
213.99299100000002,4.376930884859794,348.363,363.466,0,0
214.092989,7.492508363679478,348.567,363.3,0,0
214.192983,5.613397371301176,348.484,363.475,0,0
214.29298300000002,6.577979070902115,348.496,363.33,0,0
214.392977,4.550368777908969,348.387,363.483,0,0
214.492981,4.4981418562330155,348.411,363.537,0,0
214.592973,4.431897137631517,348.419,363.564,0,0
214.692972,4.468874819434195,348.421,363.562,0,0
214.792971,3.822860787662436,348.397,363.631,0,0
214.892968,2.8113601930752727,348.283,363.598,0,0
214.99296900000002,2.5968636138137233,348.221,363.522,0,0
215.092961,2.4634656906733037,348.277,363.649,0,0
215.192963,1.2299631220968008,347.992,363.34,0,0
215.29296100000002,1.0117403760545198,348.034,363.456,0,0
215.392955,0.9445358216542353,348.118,363.623,0,0
215.492957,0.8585519758416104,348.035,363.486,0,0
215.592952,-0.5428367942645109,347.895,363.473,0,0
215.692954,1.0451289165346869,348.054,363.49,0,0
215.79295199999999,2.2765697732801486,348.132,363.42,0,0
215.892951,1.7457175226797457,348.114,363.48,0,0
215.99294500000002,0.13581160965935918,347.982,363.518,0,0
216.092943,1.8417054528152434,348.144,363.52,0,0
216.19294,2.9478721290906673,348.177,363.389,0,0
216.29293299999998,1.0816429190936672,348.03,363.444,0,0
216.392935,1.7151380147260638,348.102,363.467,0,0
216.492929,2.810456682158069,348.228,363.509,0,0
216.592927,2.2274180321423365,348.198,363.556,0,0
216.692926,1.6239221973707954,348.159,363.59,0,0
216.79291899999998,1.8261644413012788,348.175,363.585,0,0
216.89291599999999,2.361258808288322,348.254,363.638,0,0
216.992915,1.278715179039565,348.111,363.564,0,0
217.092913,2.8393707622542164,348.131,363.33,0,0
217.19290700000002,3.500208740903877,348.217,363.374,0,0
217.292901,0.8985506468494914,348.076,363.568,0,0
217.392902,-0.35435744199775837,347.962,363.577,0,0
217.492898,-0.042426300424184354,347.89,363.391,0,0
217.592893,0.46507241324050685,347.974,363.458,0,0
217.69289600000002,0.30687553829307357,347.907,363.363,0,0
217.792892,2.412061908005888,348.091,363.336,0,0
217.89288399999998,0.9283606998850227,347.928,363.295,0,0
217.992882,0.5668968014643675,347.957,363.412,0,0
218.09287700000002,-0.7685684890095442,347.889,363.52,0,0
218.192875,1.7699733655270762,348.033,363.344,0,0
218.292875,2.543711092418587,348.04,363.223,0,0
218.39287299999998,1.3759846033966916,348.152,363.633,0,0
218.492871,2.6258212771424057,348.16,363.431,0,0
218.59286300000002,4.081139541348378,348.257,363.357,0,0
218.69286400000001,3.405638137047304,348.29,363.536,0,0
218.792859,5.1959180490074806,348.354,363.343,0,0
218.89285800000002,4.883172654966431,348.405,363.492,0,0
218.99285,11.918353987491749,349.065,363.483,0,0
219.09285,13.379902070723757,349.099,363.292,0,0
219.192848,11.83916003490524,348.973,363.329,0,0
219.292846,9.982069899298688,348.891,363.502,0,0
219.392839,9.266352373572925,348.874,363.596,0,0
219.49283499999999,8.473679398923052,348.722,363.455,0,0
219.592838,8.218194179936416,348.717,363.491,0,0
219.692833,5.235420199944245,348.428,363.479,0,0
219.792826,4.75713238535255,348.509,363.712,0,0
219.892823,5.4276640178092705,348.447,363.482,0,0
219.992825,3.0170355203588306,348.267,363.571,0,0
220.092821,4.466332532233305,348.433,363.625,0,0
220.19281400000003,3.9343024916469327,348.385,363.63,0,0
220.29281,5.777429617176545,348.479,363.483,0,0
220.392807,7.143708093720772,348.704,363.66,0,0
220.492806,5.913304517181551,348.578,363.643,0,0
220.592804,7.425848860835396,348.669,363.548,0,0
220.692799,5.437716639008099,348.567,363.707,0,0
220.792798,5.333303831366856,348.454,363.518,0,0
220.892797,2.605897203958718,348.231,363.583,0,0
220.992788,4.280020339781583,348.39,363.585,0,0
221.092788,3.1275396622380636,348.273,363.571,0,0
221.19278500000001,1.0109393675651412,348.067,363.561,0,0
221.292784,0.4260156407050023,348.039,363.612,0,0
221.39278,2.156481845127897,348.143,363.503,0,0
221.492777,1.7147500544500964,348.178,363.645,0,0
221.592774,-0.5869022948234124,347.942,363.612,0,0
221.692772,1.1619608900570135,348.026,363.463,0,0
221.792765,1.5016233772481486,348.055,363.458,0,0
221.892767,-0.41062637899034077,347.883,363.475,0,0
221.99276,1.6414303674401285,348.031,363.391,0,0
222.09275599999998,0.8953703141790705,347.947,363.367,0,0
222.192751,2.8814239421502874,348.148,363.392,0,0
222.29275,2.8252257322719334,348.145,363.397,0,0
222.39275099999998,3.8998259256966197,348.206,363.323,0,0
222.492742,2.2691845979468797,348.034,363.291,0,0
222.592742,1.025880706011583,347.922,363.302,0,0
222.69273800000002,0.6517510675493644,347.896,363.32,0,0
222.792738,-0.004232262931126227,347.889,363.422,0,0
222.892735,1.8406987055931279,348.006,363.317,0,0
222.992732,1.0598866855048663,347.991,363.426,0,0
223.09272399999998,-0.15147169682488673,347.888,363.448,0,0
223.19272700000002,-0.027901438306104226,347.877,363.407,0,0
223.292722,1.9041432890869239,348.018,363.331,0,0
223.392719,1.9007958189859187,348.045,363.382,0,0
223.492718,1.6818555559334525,347.969,363.281,0,0
223.592715,0.6454099001692448,347.932,363.394,0,0
223.69271,0.15426911248826786,347.877,363.379,0,0
223.792704,2.958915311550972,348.144,363.383,0,0
223.89270499999998,2.386835221857857,348.127,363.452,0,0
223.992699,0.8044517469773143,347.965,363.43,0,0
224.09269899999998,3.043560309261559,348.247,363.56,0,0
224.19269599999998,0.3899369957696811,347.975,363.522,0,0
224.292687,0.7396947160392301,347.993,363.495,0,0
224.39268900000002,1.1678784470320036,347.932,363.309,0,0
224.492685,0.5488402177280512,348.041,363.618,0,0
224.592679,0.6836634512614003,348.024,363.564,0,0
224.692677,1.5037603965130204,348.068,363.503,0,0
224.79267199999998,0.6231925987750013,347.974,363.484,0,0
224.89267,0.9582356266124606,347.983,363.443,0,0
224.99266500000002,2.2166783337129186,348.144,363.521,0,0
225.09266200000002,4.181337982046825,348.312,363.489,0,0
225.19266399999998,5.741417094020143,348.42,363.417,0,0
225.292662,4.937831516812126,348.386,363.495,0,0
225.39265400000002,4.62597467048471,348.361,363.504,0,0
225.49265100000002,0.8939137522653422,348.118,363.707,0,0
225.59265,1.0158473847290408,348.115,363.681,0,0
225.692647,3.7936110902848834,348.305,363.548,0,0
225.792645,2.8583210428377672,348.208,363.533,0,0
225.892641,2.815681314276759,348.134,363.405,0,0
225.99264000000002,3.8755259519010594,348.211,363.363,0,0
226.092634,3.0652758165207006,348.153,363.398,0,0
226.19262899999998,3.049204634480131,348.3,363.672,0,0
226.292625,1.2323845283418735,347.968,363.378,0,0
226.392627,3.0627668108518415,348.157,363.408,0,0
226.49262,1.167507228125204,347.929,363.319,0,0
226.59261600000002,0.33607075255832336,347.944,363.492,0,0
226.69261799999998,1.6108509762074474,348.031,363.431,0,0
226.792611,0.2987439157539639,347.975,363.557,0,0
226.89261100000002,3.8438335228395375,348.243,363.434,0,0
226.99260800000002,-0.7792486502256036,347.894,363.597,0,0
227.092604,1.3290936214007376,348.012,363.448,0,0
227.192598,4.3920936694664,348.298,363.442,0,0
227.292598,5.387536775115532,348.42,363.494,0,0
227.392596,4.698431235496236,348.349,363.484,0,0
227.492592,8.506264198051094,348.65,363.376,0,0
227.59258300000002,6.693284028091807,348.445,363.315,0,0
227.69258100000002,6.697253706908822,348.464,363.35,0,0
227.792583,7.305808424591664,348.538,363.381,0,0
227.89257500000002,4.412344116621544,348.333,363.508,0,0
227.99257,6.013307471092537,348.459,363.462,0,0
228.09257300000002,5.01525115234244,348.324,363.388,0,0
228.19257000000002,4.261045447833542,348.33,363.531,0,0
228.29256700000002,2.110324255235422,348.186,363.641,0,0
228.392563,3.8285662561877003,348.222,363.409,0,0
228.492556,2.8837892545909325,348.204,363.541,0,0
228.592556,2.4675195281504556,348.205,363.616,0,0
228.692554,2.7894497667668814,348.147,363.454,0,0
228.79254699999998,0.39160284407944046,347.978,363.561,0,0
228.89254699999998,1.6176229478369373,348.068,363.514,0,0
228.992542,2.099985719093102,348.073,363.44,0,0
229.09254199999998,2.171035808768482,348.169,363.605,0,0
229.192535,0.584703811696385,347.98,363.534,0,0
229.292532,1.708459965170174,347.975,363.33,0,0
229.39253200000002,1.9880203530214997,348.063,363.444,0,0
229.49253,3.2528904008261077,348.142,363.37,0,0
229.59251999999998,2.0608084148569974,347.968,363.258,0,0
229.692523,4.048367807358921,348.236,363.406,0,0
229.792515,3.3461414266456035,348.148,363.367,0,0
229.892517,7.526579385556541,348.5,363.288,0,0
229.992511,1.6577335181608697,348.062,363.504,0,0
230.092511,3.7334130187608197,348.153,363.311,0,0
230.192503,3.8798800672703844,348.192,363.358,0,0
230.29249900000002,2.917583491140991,348.243,363.62,0,0
230.39249600000002,0.960017516181983,347.939,363.402,0,0
230.492495,1.3067152224772685,347.979,363.416,0,0
230.592493,0.5277211925762243,347.837,363.291,0,0
230.692489,0.8249536977227303,347.962,363.47,0,0
230.792485,2.872106184738407,348.084,363.339,0,0
230.892481,6.21160747962603,348.413,363.364,0,0
230.99248,2.651702739339929,348.114,363.434,0,0
231.09247399999998,2.623925148602976,348.105,363.423,0,0
231.192475,3.5865013141512194,348.119,363.282,0,0
231.292472,5.647859933635637,348.338,363.327,0,0
231.392469,5.006520912060039,348.29,363.351,0,0
231.49246599999998,8.691792160824912,348.568,363.222,0,0
231.592462,5.263342550122169,348.351,363.42,0,0
231.692455,5.465892170420724,348.379,363.437,0,0
231.792453,4.368709589343065,348.258,363.406,0,0
231.892451,5.79931598179434,348.313,363.259,0,0
231.992446,3.9347610125738086,348.189,363.356,0,0
232.092449,2.202153768080438,348.084,363.465,0,0
232.192443,4.375731152126926,348.206,363.312,0,0
232.292438,3.212087491988387,348.126,363.368,0,0
232.39243900000002,2.5904911723270523,348.119,363.464,0,0
232.492437,1.8165322681566092,347.984,363.351,0,0
232.592433,2.4430156242646426,347.951,363.182,0,0
232.692432,1.1264762962363386,347.906,363.329,0,0
232.792424,2.178220762798151,347.948,363.224,0,0
232.89242199999998,1.6242114915223664,347.93,363.288,0,0
232.992422,1.7841795637924993,348.048,363.478,0,0
233.092421,2.671112886561093,348.038,363.306,0,0
233.19241699999998,3.5616276796766733,348.249,363.54,0,0
233.292411,6.058435435126764,348.332,363.259,0,0
233.392412,4.328336625976986,348.243,363.397,0,0
233.49240400000002,2.682377741703378,348.15,363.513,0,0
233.592402,2.7405992654039464,348.035,363.292,0,0
233.692399,4.355077191756696,348.14,363.205,0,0
233.792396,2.1599022279629,348.063,363.446,0,0
233.892399,3.590726396214332,348.099,363.264,0,0
233.992394,2.0861705530057084,347.946,363.245,0,0
234.09239000000002,3.1815527131670205,348.053,363.252,0,0
234.192385,1.9725934751640366,347.991,363.349,0,0
234.292381,1.1480489071960887,347.836,363.208,0,0
234.392383,2.5003980790113007,348.051,363.369,0,0
234.49238,3.70455157602859,348.071,363.197,0,0
234.592377,4.927958958234053,348.22,363.259,0,0
234.692375,3.175117399238718,348.062,363.274,0,0
234.792375,1.0091446591495061,347.947,363.44,0,0
234.89236400000001,2.827555698233042,347.974,363.174,0,0
234.992363,0.7068768888473633,347.841,363.299,0,0
235.09236199999998,1.1192796940261676,347.872,363.285,0,0
235.192358,2.2257444598216267,347.842,363.038,0,0
235.29235699999998,-0.0717705854631778,347.82,363.398,0,0
235.39235399999998,0.9707365482437357,347.897,363.359,0,0
235.49235000000002,1.8663686697206099,347.915,363.237,0,0
235.592351,2.8045143969268196,347.968,363.172,0,0
235.692345,5.783037398542708,348.302,363.269,0,0
235.792343,12.181503075278155,348.923,363.299,0,0
235.892341,11.504238109196057,348.914,363.401,0,0
235.992335,11.447717147413803,348.805,363.211,0,0
236.092337,12.661725260013394,348.858,363.098,0,0
236.192329,11.227682837176316,348.797,363.236,0,0
236.292327,8.184249961295416,348.58,363.367,0,0
236.392324,9.84885569071937,348.593,363.102,0,0
236.492324,14.400869829750338,349.147,363.33,0,0
236.592317,11.767803887431906,348.89,363.316,0,0
236.69232,12.099025382380749,348.953,363.375,0,0
236.792315,11.88818657636739,348.968,363.44,0,0
236.892309,10.499010859422647,348.802,363.377,0,0
236.99230799999998,10.944946578994356,348.859,363.405,0,0
237.092306,10.98012126593775,348.794,363.28,0,0
237.19230199999998,10.195539200641068,348.658,363.167,0,0
237.29229999999998,9.643324385580849,348.638,363.227,0,0
237.39229600000002,9.109075311380286,348.536,363.133,0,0
237.49229300000002,9.417537378428417,348.58,363.161,0,0
237.592291,9.389443950214096,348.615,363.231,0,0
237.692288,15.005410056739453,349.087,363.123,0,0
237.79228400000002,19.39588159584741,349.448,363.024,0,0
237.892283,20.390490834841515,349.652,363.227,0,0
237.99228200000002,21.17570896550561,349.765,363.299,0,0
238.09228099999999,20.203958942359325,349.695,363.34,0,0
238.192278,18.925590863617668,349.496,363.197,0,0
238.292274,16.44188149379218,349.364,363.387,0,0
238.39227400000001,16.97055858469016,349.431,363.419,0,0
238.49226800000002,15.671027453746012,349.255,363.322,0,0
238.592267,13.686664720338532,349.055,363.3,0,0
238.69225899999998,14.04134089918682,349.055,363.239,0,0
238.792258,13.033498245402383,348.968,363.255,0,0
238.892256,11.063148676833052,348.784,363.26,0,0
238.99225399999997,8.379707317788828,348.538,363.275,0,0
239.092249,8.44537228698463,348.621,363.417,0,0
239.192251,7.478925166436191,348.489,363.343,0,0
239.292245,5.04447344521645,348.191,363.219,0,0
239.39224299999998,7.509386383290877,348.521,363.398,0,0
239.49223999999998,4.139777668118057,348.14,363.284,0,0
239.59224,6.559684739290278,348.344,363.239,0,0
239.69223499999998,5.922632319940426,348.285,363.242,0,0
239.792231,6.0490202196337375,348.277,363.206,0,0
239.892231,5.653349995744668,348.218,363.167,0,0
239.99222500000002,4.810075621734255,348.177,363.239,0,0
240.09222200000002,4.32960159881702,348.054,363.097,0,0
240.19221900000002,4.638966221477869,348.072,363.077,0,0
240.292216,3.232231984464331,348.025,363.236,0,0
240.392213,2.152169398557314,347.979,363.34,0,0
240.492209,3.5160033157112696,348.069,363.269,0,0
240.592207,3.9474520314807973,348.048,363.156,0,0
240.692201,4.134041141873292,348.087,363.196,0,0
240.7922,3.2813529938248136,348.0,363.185,0,0
240.89219599999998,-0.13271140654655406,347.786,363.386,0,0
240.992196,2.0849127138648984,347.91,363.229,0,0
241.092188,3.3515024779710973,347.987,363.151,0,0
241.192185,3.143810629169486,348.061,363.324,0,0
241.292181,19.040448025724572,349.49,363.188,0,0
241.392179,22.712758248857973,349.732,362.995,0,0
241.49217800000002,23.674653828627413,350.009,363.338,0,0
241.592174,21.747526219321706,349.753,363.203,0,0
241.692168,19.290265980101452,349.511,363.186,0,0
241.792169,18.922868241819458,349.415,363.074,0,0
241.892162,17.50855141282881,349.32,363.146,0,0
241.99215900000002,15.282563135954831,349.064,363.063,0,0
242.092161,15.233587503636201,348.903,362.776,0,0
242.19215400000002,14.417186155918037,348.864,362.847,0,0
242.292155,11.461035627060383,348.677,363.018,0,0
242.392148,11.355179417388861,348.734,363.142,0,0
242.492144,9.76067873511415,348.51,363.008,0,0
242.592139,8.222231516999875,348.375,363.028,0,0
242.692139,6.449283065419019,348.27,363.144,0,0
242.792135,6.2068851979258275,348.288,363.22,0,0
242.89213,4.9004025110743585,348.132,363.161,0,0
242.992133,6.009968028677545,348.186,363.068,0,0
243.092125,6.222291503278651,348.197,363.052,0,0
243.19212299999998,6.509804505406549,348.17,362.953,0,0
243.292122,4.297559181873227,347.999,363.024,0,0
243.39211799999998,6.177650884983565,348.19,363.049,0,0
243.492111,4.338486782518106,348.082,363.171,0,0
243.592113,8.401759489128894,348.455,363.151,0,0
243.692109,8.691756536599078,348.519,363.219,0,0
243.792101,6.585055685796182,348.277,363.141,0,0
243.892103,6.869779836925626,348.303,363.14,0,0
243.992097,6.845071624780963,348.328,363.191,0,0
244.092094,6.123203766804091,348.13,362.953,0,0
244.192093,4.509592704483965,347.933,362.872,0,0
244.292085,5.283000848050461,348.09,363.027,0,0
244.392083,4.482908979179539,348.027,363.051,0,0
244.492083,4.089722901569689,347.959,362.995,0,0
244.59207999999998,3.8730657696615034,347.949,363.015,0,0
244.692072,4.09823054399179,347.996,363.063,0,0
244.792069,3.6650269599973386,347.959,363.071,0,0
244.892071,4.947866247296194,348.112,363.13,0,0
244.992065,4.579698413199932,348.123,363.215,0,0
245.092062,2.2458543457747604,347.878,363.171,0,0
245.192056,3.5174553868610436,347.962,363.105,0,0
245.292058,3.7649320907865835,347.966,363.07,0,0
245.392052,2.508286423555802,347.862,363.098,0,0
245.492049,7.1575191728941645,348.254,363.011,0,0
245.59204300000002,13.657459595935237,348.952,363.165,0,0
245.692043,15.15505954913054,348.984,362.964,0,0
245.79204199999998,13.909861050235913,348.98,363.174,0,0
245.892033,13.283111803725802,348.866,363.074,0,0
245.99203400000002,9.915469423210693,348.564,363.105,0,0
246.092028,12.052534709779469,348.788,363.146,0,0
246.19203,10.571770938568267,348.609,363.075,0,0
246.292021,8.198570739134775,348.438,363.174,0,0
246.392023,7.787917174681291,348.314,363.018,0,0
246.492015,6.724371329172602,348.2,362.994,0,0
246.592013,6.188639953641605,348.112,362.926,0,0
246.69200899999998,6.653078815793967,348.205,363.017,0,0
246.79200500000002,5.900075755686925,348.172,363.088,0,0
246.892001,5.289648614075198,348.034,362.941,0,0
246.992001,5.214828746004823,347.976,362.848,0,0
247.09200099999998,2.8728784546741597,347.821,362.971,0,0
247.19199799999998,4.196399981571232,347.936,362.953,0,0
247.291993,4.878578106150302,347.936,362.835,0,0
247.391987,2.9630566230330895,347.811,362.939,0,0
247.49198800000002,2.9895388042936877,347.924,363.143,0,0
247.591981,3.6569721622800877,347.99,363.149,0,0
247.691978,3.2448975217467373,347.93,363.111,0,0
247.791977,3.5982764190611487,348.05,363.271,0,0
247.89196900000002,2.925095034462772,347.874,363.065,0,0
247.99197,4.117114362695703,347.982,363.057,0,0
248.09196599999999,0.5875850607296815,347.731,363.21,0,0
248.19196100000002,3.4394071540630833,347.834,362.904,0,0
248.291959,2.177189186114673,347.786,363.036,0,0
248.391954,0.29936589261587193,347.645,363.104,0,0
248.491949,0.937111903259276,347.762,363.209,0,0
248.591946,2.75396116235845,347.878,363.107,0,0
248.691943,0.5927340703982715,347.614,362.998,0,0
248.791942,2.171639038234073,347.745,362.965,0,0
248.891939,0.9542344433300145,347.717,363.126,0,0
248.991933,1.839149665201619,347.734,363.004,0,0
249.09192499999997,2.317135336422247,347.806,363.054,0,0
249.191924,1.2797104125829235,347.826,363.272,0,0
249.291921,2.437524442356971,347.79,363.005,0,0
249.39191699999998,3.469482618373054,347.997,363.207,0,0
249.491913,3.777612092242419,347.985,363.132,0,0
249.591912,2.391506113901228,347.853,363.131,0,0
249.69190400000002,-0.8984963358635084,347.604,363.246,0,0
249.79190499999999,2.2638222694429553,347.863,363.173,0,0
249.891898,1.698832234653809,347.838,363.226,0,0
249.991898,3.786209076048418,348.041,363.237,0,0
250.091893,2.6874595997922524,347.909,363.186,0,0
250.191884,3.147791235573042,347.844,362.987,1,0
250.291881,2.9632405865923466,347.874,363.075,0,0
250.391882,1.629100213100399,347.698,362.984,0,0
250.491873,2.2594647481169026,347.823,363.105,0,0
250.591872,1.7770177282457722,347.752,363.059,0,0
250.691866,2.239335695092986,347.866,363.189,0,0
250.791867,1.233887751854984,347.795,363.234,0,0
250.89185999999998,4.770208647977722,348.091,363.164,0,0
250.99185500000002,3.8043071238441626,348.002,363.169,0,0
251.091856,3.8135848057182975,347.94,363.054,0,0
251.191847,3.9145246749608233,348.022,363.188,0,0
251.29184400000003,0.9691232245332235,347.742,363.186,0,0
251.391846,1.7898518076257393,347.81,363.169,0,0
251.491842,0.47632894534437475,347.774,363.332,0,0
251.591838,2.3483130720388146,347.905,363.248,0,0
251.691831,0.4649344359986008,347.77,363.328,0,0
251.79182699999998,1.1204063669150084,347.749,363.176,0,0
251.891822,2.1981424321145777,347.825,363.129,0,0
251.99182399999998,2.471523811060066,347.832,363.095,0,0
252.091815,1.3745386456641095,347.823,363.27,0,0
252.191815,0.71897542214782,347.734,363.221,0,0
252.29181,0.0013061231434050179,347.725,363.33,0,0
252.391809,0.028266089660781243,347.675,363.234,0,0
252.49179999999998,1.7850898950866845,347.75,363.067,0,0
252.591796,-0.4826598622885949,347.583,363.155,0,0
252.691792,0.7814795753069379,347.725,363.197,0,0
252.791788,-0.6338624260882756,347.606,363.225,0,0
252.891788,-0.4098997488211373,347.573,363.126,0,0
252.99178400000002,1.2875848689770326,347.7,363.065,0,0
253.091782,0.012175871160292909,347.735,363.352,0,0
253.191778,0.1511062966988262,347.632,363.139,0,0
253.291775,1.6649033376458342,347.765,363.121,0,0
253.391771,-0.03685468230844703,347.57,363.059,0,0
253.491768,0.8746272709970253,347.708,363.155,0,0
253.591758,-0.5181783727187083,347.552,363.111,0,0
253.691756,-0.4434794008699148,347.65,363.279,0,0
253.79175700000002,0.35288146540932375,347.657,363.154,0,0
253.891751,0.7805300630414547,347.59,362.957,0,0
253.991749,-1.5403560306618318,347.462,363.126,0,0
254.091745,-0.5164468104714518,347.559,363.127,0,0
254.19173999999998,-2.322150828823282,347.427,363.199,0,0
254.291735,-1.9201038434106765,347.544,363.345,0,0
254.39173499999998,-0.931092458824081,347.529,363.146,0,0
254.49173000000002,-2.766899668149156,347.361,363.157,0,0
254.591728,-3.437695652967299,347.351,363.256,0,0
254.69171799999998,-0.44645106270998597,347.571,363.141,0,0
254.791714,-0.31813396180407605,347.517,363.02,0,0
254.891712,-0.866390332180281,347.48,363.048,0,0
254.991712,0.46487306751885976,347.574,362.99,0,0
255.09170699999999,-0.5746825965357805,347.59,363.201,0,0
255.191702,1.4487583289968304,347.725,363.098,0,0
255.291698,1.2025469957591417,347.747,363.182,0,0
255.391697,-0.5548864711626039,347.6,363.218,0,0
255.491695,1.2276651032926014,347.647,362.995,0,0
255.591687,1.961695782030043,347.678,362.925,0,0
255.69168200000001,-0.38838869619252303,347.513,363.031,0,0
255.79167999999999,1.092489104427381,347.688,363.096,0,0
255.891677,2.003782835314957,347.67,362.905,0,0
255.991672,1.0927348571117712,347.665,363.055,0,0
256.091672,1.1212353108633926,347.682,363.082,0,0
256.191667,0.7791511444531563,347.702,363.179,0,0
256.29166699999996,-0.36150810673185835,347.578,363.15,0,0
256.391666,-0.49045934870717134,347.535,363.094,0,0
256.491664,2.4141246131888083,347.693,362.88,0,0
256.591658,-0.7612776217275022,347.538,363.148,0,0
256.691657,-2.451121972977382,347.355,363.106,0,0
256.791655,-0.5444829511719186,347.492,363.027,0,0
256.89164900000003,2.18396692566016,347.729,362.989,0,0
256.991646,0.21223393524913792,347.64,363.169,0,0
257.091644,3.1717187059545653,347.882,363.1,0,0
257.191641,4.540883584908501,347.991,363.063,0,0
257.291639,3.2183582504534236,347.896,363.119,0,0
257.39164,5.602466446895741,348.045,362.979,0,0
257.49163699999997,6.981932023837676,348.249,363.115,0,0
257.591632,12.752601957665135,348.79,363.107,0,0
257.691627,18.460321727321297,349.237,362.937,0,0
257.791629,14.711135282705879,349.006,363.165,0,0
257.891621,11.607770445509443,348.629,363.012,0,0
257.991624,11.997850448283303,348.684,363.046,0,0
258.091615,9.22410012076865,348.411,363.027,0,0
258.191613,8.987522924995844,348.41,363.067,0,0
258.291613,5.9229344768246115,348.197,363.209,0,0
258.391614,7.6350809999093885,348.308,363.116,0,0
258.491608,4.566615349783174,348.018,363.117,0,0
258.591607,3.7753439958237367,347.939,363.11,0,0
258.691601,4.158305093288786,347.958,363.079,0,0
258.791598,3.8637835791139064,347.97,363.153,0,0
258.891601,5.972711653360701,348.087,363.002,0,0
258.99159299999997,3.8453484535995717,347.936,363.095,0,0
259.091594,4.106228066611061,347.969,363.111,0,0
259.191592,7.047311993389804,348.181,362.99,0,0
259.291588,3.443402824159085,347.942,363.178,0,0
259.391584,4.562663442731888,348.029,363.144,0,0
259.491583,4.723551822477932,348.027,363.113,0,0
259.591579,5.009503712618604,348.014,363.04,0,0
259.691579,3.0223940489017806,347.798,362.989,0,0
259.791575,1.2458421315264532,347.628,362.986,0,0
259.89157,2.059335481013304,347.735,363.042,0,0
259.991566,0.3078376410793913,347.569,363.042,0,0
260.091564,3.0332875117380906,347.753,362.907,0,0
260.19156,2.960793491002695,347.836,363.073,0,0
260.291558,0.5640321585114295,347.578,363.016,0,0
260.39155999999997,0.7226055506312401,347.591,363.013,0,0
260.491553,1.8004762096816016,347.673,362.977,0,0
260.591551,0.21490597392043875,347.614,363.145,0,0
260.691547,1.145197140853304,347.669,363.085,0,0
260.791549,0.09457282756948368,347.622,363.182,0,0
260.891543,1.488093645269557,347.667,363.023,0,0
260.991546,0.8308014088457875,347.636,363.081,0,0
261.091541,2.779919161322892,347.783,363.013,0,0
261.191539,10.26750325799609,348.538,363.1,0,0
261.291536,15.78159642693871,349.033,363.052,0,0
261.39153,22.2906212085183,349.596,362.956,0,0
261.491533,29.35156434871178,350.265,362.959,0,0
261.591528,33.70381331507628,350.711,363.023,0,0
261.691527,29.225226253309604,350.292,363.032,0,0
261.791521,25.950744313574944,350.001,363.067,0,0
261.891522,24.664070719448638,349.817,362.953,0,0
261.991518,22.09879181280824,349.536,362.883,0,0
262.091516,18.133068533327002,349.153,362.869,0,0
262.191508,14.771421153264578,348.938,363.059,0,0
262.29151,14.781974429983324,348.837,362.872,0,0
262.391507,16.52669942946846,349.0,362.869,0,0
262.49150699999996,22.250191443683676,349.536,362.86,0,0
262.591502,21.67293165000766,349.393,362.698,0,0
262.691501,20.338831939210575,349.348,362.848,0,0
262.79149800000005,18.650555978782464,349.107,362.699,0,0
262.891492,15.587497861777658,348.961,362.964,0,0
262.991493,17.182863994680144,348.949,362.665,0,0
263.091486,14.262110104699836,348.792,362.885,0,0
263.191487,22.619345960584912,349.545,362.817,0,0
263.29148100000003,37.223322086517705,350.942,362.847,0,0
263.39148,38.1710207622926,351.078,362.933,0,0
263.491475,34.43702264459495,350.668,362.829,0,0
263.591474,40.84097164785005,351.214,362.72,0,0
263.691469,51.61901316206016,352.328,362.895,0,0
263.791467,47.68934600816091,351.987,362.952,0,0
263.891468,42.795148047519845,351.445,362.807,0,0
263.99146399999995,37.740892001033195,351.027,362.918,0,0
264.09146000000004,33.904562765935765,350.672,362.933,0,0
264.191458,30.63809685230787,350.391,362.985,0,0
264.291452,25.92453734811279,349.965,363.022,0,0
264.391451,25.82520999801564,349.796,362.729,0,0
264.49144900000005,24.67527303733161,349.657,362.674,0,0
264.591449,23.259793105508738,349.563,362.748,0,0
264.691441,21.998534835194686,349.545,362.935,0,0
264.791437,21.250923002313737,349.356,362.718,0,0
264.891436,18.06601494541549,349.18,362.949,0,0
264.99143599999996,16.75885152566528,348.987,362.822,0,0
265.09143,14.426156173020972,348.778,362.844,0,0
265.191424,12.91018483829765,348.737,363.033,0,0
265.291426,14.556959121752264,348.869,362.99,0,0
265.391424,11.047526721878576,348.496,362.915,0,0
265.491419,11.751080114508648,348.585,362.957,0,0
265.591412,8.619794300742731,348.257,362.899,0,0
265.691414,7.855515787260369,348.311,363.132,0,0
265.79141100000004,7.624614505375561,348.285,363.125,0,0
265.89140299999997,6.463405812184584,348.127,363.037,0,0
265.991399,8.016625400115514,348.217,362.933,0,0
266.09139799999997,5.032446454579635,347.929,362.923,0,0
266.191396,5.947038410531647,348.001,362.897,0,0
266.29139399999997,5.423487914139403,347.962,362.917,0,0
266.391392,6.78700106426422,348.152,363.03,0,0
266.491386,6.8639428418729675,348.06,362.848,0,0
266.591382,7.536919015154757,348.126,362.853,0,0
266.69138,8.483661991063288,348.263,362.941,0,0
266.791374,6.58241342066185,348.141,363.048,0,0
266.891371,6.072234126534493,348.0,362.878,0,0
266.99137099999996,3.65395929592157,347.884,363.086,0,0
267.091369,3.9419191245612097,347.825,362.928,0,0
267.191367,5.574883668239955,347.947,362.869,0,0
267.291358,4.164428753298608,347.86,362.955,0,0
267.39135600000003,6.241985092845043,348.011,362.872,0,0
267.491358,2.8823913480900965,347.7,362.885,0,0
267.591349,3.8792368055896875,347.845,362.979,0,0
267.69135,4.773129087411626,347.902,362.929,0,0
267.79134899999997,4.5633552434750655,347.878,362.922,0,0
267.891344,4.867573963868339,347.945,362.993,0,0
267.99134200000003,6.360074232894805,348.051,362.929,0,0
268.09133299999996,5.250101484289606,347.906,362.856,0,0
268.19133500000004,6.475022947926532,347.978,362.776,0,0
268.291329,5.529185438735593,347.842,362.691,0,0
268.39132900000004,4.242192626591673,347.702,362.658,0,0
268.491324,4.520850776392161,347.853,362.888,0,0
268.591321,1.9136680214409396,347.555,362.794,0,0
268.69132,3.1560421678897006,347.658,362.768,0,0
268.791315,1.7198222618127355,347.574,362.864,0,0
268.89130900000004,5.879649105745574,347.848,362.645,0,0
268.991306,2.9661698992352785,347.733,362.941,0,0
269.091306,9.15493300667996,348.163,362.656,0,0
269.1913,7.067203320632701,348.075,362.858,0,0
269.29129700000004,8.568694570124096,348.09,362.625,0,0
269.391293,5.972716242939813,347.911,362.748,0,0
269.491294,6.7125933219770735,347.898,362.596,0,0
269.591289,3.8023329353156012,347.767,362.862,0,0
269.691289,4.709094260927859,347.785,362.738,0,0
269.79128000000003,3.9314690108786037,347.766,362.839,0,0
269.891281,2.9467475622069013,347.666,362.827,0,0
269.99127500000003,2.5735051722474727,347.626,362.819,0,0
270.091277,1.8671493639850938,347.592,362.88,0,0
270.19127299999997,2.886977514323416,347.687,362.878,0,0
270.291265,2.860871608404688,347.632,362.782,0,0
270.39126699999997,1.7637218566657837,347.548,362.819,0,0
270.491262,5.131602854324378,347.727,362.563,0,0
270.59126000000003,4.6293389084603,347.796,362.778,0,0
270.69125199999996,2.5045984586979206,347.667,362.911,0,0
270.79125,2.9423795176574337,347.67,362.841,0,0
270.891248,1.044063256477631,347.576,362.999,0,0
270.991244,3.2068908760827064,347.678,362.811,0,0
271.091245,3.918447431975421,347.727,362.778,0,0
271.191241,1.647044277597075,347.57,362.885,0,0
271.291235,3.054902023133981,347.693,362.867,0,0
271.391232,1.584170673323112,347.609,362.969,0,0
271.49123,2.420311286206516,347.685,362.964,0,0
271.59122499999995,1.7659239240179945,347.582,362.889,0,0
271.69122100000004,1.8436755195264956,347.614,362.935,0,0
271.79121899999996,3.183740867843332,347.667,362.8,0,0
271.891217,-0.6620997678980028,347.316,362.824,0,0
271.991213,0.9188063234473011,347.557,362.993,0,0
272.09121500000003,-2.325903114549359,347.271,363.032,0,0
272.191212,-0.25666775598238695,347.406,362.921,0,0
272.291205,-2.0495033449207636,347.366,363.16,0,0
272.391207,-0.3473681872600883,347.419,362.962,0,0
272.491199,0.5174651652079213,347.57,363.09,0,0
272.591199,-0.9911610542743208,347.371,362.987,0,0
272.691197,-0.48652252430954457,347.42,362.99,0,0
272.791194,1.972793552506394,347.637,362.962,0,0
272.891189,0.4549315529396317,347.523,363.017,0,0
272.991189,1.068764486006299,347.572,363.001,0,0
273.091189,-0.7830888514290587,347.365,362.943,0,0
273.191183,-1.2437757421097522,347.445,363.171,0,0
273.291178,0.6199324238443263,347.566,363.07,0,0
273.391176,1.6930531520001932,347.678,363.09,0,0
273.49117700000005,2.6549513362457686,347.686,362.938,0,0
273.59117599999996,-1.33807372175513,347.42,363.144,0,0
273.691169,0.23301865652129375,347.453,362.932,0,0
273.79116899999997,4.082387788856978,347.852,362.997,0,0
273.891168,1.9583165911288942,347.691,363.071,0,0
273.99116200000003,4.736521066348822,347.805,362.798,0,0
274.09116,2.321665441467745,347.579,362.803,0,0
274.19115700000003,1.6819591545898769,347.485,362.742,0,0
274.291154,1.8247207414155875,347.565,362.865,0,0
274.39115100000004,0.44065267512972045,347.418,362.836,0,0
274.491153,-0.047604399931418614,347.428,362.94,0,0
274.591149,2.1335733983239633,347.535,362.758,0,0
274.691146,2.1922001637278283,347.594,362.857,0,0
274.791142,0.7998586470329886,347.431,362.8,0,0
274.89113799999996,0.8190209465838753,347.308,362.571,0,0
274.991135,1.5915686897154888,347.628,363.026,0,0
275.091134,0.978521706182057,347.53,362.953,0,0
275.191133,-0.09979307135895896,347.363,362.834,0,0
275.291131,0.1790515635773283,347.445,362.937,0,0
275.391126,-1.0556207337231107,347.348,362.974,0,0
275.491127,0.41795512766013115,347.437,362.882,0,0
275.59112300000004,0.7216254014724917,347.517,362.977,0,0
275.69112199999995,0.04306856075978576,347.384,362.851,0,0
275.79111800000004,-2.023615706406128,347.373,363.191,0,0
275.891117,-0.8863281622224205,347.359,362.968,0,0
275.991111,-0.15528839983706855,347.418,362.95,0,0
276.091107,-1.347204834354855,347.312,362.963,0,0
276.191108,-2.1729439215658286,347.289,363.065,0,0
276.291102,-0.962624326337776,347.433,363.12,0,0
276.391099,0.6769406010478006,347.479,362.92,0,0
276.491102,-0.4308818146428657,347.469,363.095,0,0
276.591098,-0.4290444295657994,347.496,363.145,0,0
276.69109299999997,-0.7407087956480063,347.364,362.957,0,0
276.79109000000005,-0.453589605523049,347.412,362.996,0,0
276.89108899999997,-1.5698804220540088,347.305,362.994,0,0
276.991088,-0.1609366281359849,347.433,362.985,0,0
277.09108100000003,-2.0073458027746627,347.295,363.053,0,0
277.191078,-0.7678125412901,347.376,362.987,0,0
277.29107500000003,0.5494534820840851,347.385,362.775,0,0
277.391076,1.6776333747074281,347.662,363.089,0,0
277.49107,2.524337768116057,347.614,362.854,0,0
277.591072,3.343387570446615,347.721,362.909,0,0
277.691071,2.6852114195506855,347.722,363.026,0,0
277.791067,4.9053624710877965,347.999,363.15,0,0
277.89106,4.186778359737024,347.872,363.042,0,0
277.991063,4.537115328323364,347.895,363.024,0,0
278.09105800000003,3.95368130233407,347.821,362.99,0,0
278.191058,3.0863803077720857,347.637,362.803,0,0
278.29105599999997,0.19416636247734914,347.555,363.156,0,0
278.391053,1.278338027084471,347.505,362.876,0,0
278.49104800000003,1.124741357839709,347.551,362.988,0,0
278.591048,1.2766999680180389,347.521,362.907,0,0
278.691043,-0.27290466236290656,347.304,362.778,0,0
278.791041,1.5382616743969302,347.582,362.975,0,0
278.89103600000004,1.0086331264787165,347.462,362.847,0,0
278.99103499999995,0.6007889026466634,347.472,362.937,0,0
279.09103100000004,2.340961049922263,347.646,362.955,0,0
279.191026,1.701926055331622,347.47,362.743,0,0
279.291026,0.10121780854041366,347.396,362.886,0,0
279.39102399999996,1.1892535854899589,347.423,362.747,0,0
279.49102600000003,0.6312831624431123,347.44,362.876,0,0
279.591023,0.9570010834142333,347.471,362.877,0,0
279.69102000000004,-0.21729013487159335,347.452,363.047,0,0
279.791014,1.7417457762800341,347.588,362.957,0,0
279.89101,0.8120834736885449,347.503,362.963,0,0
279.99100799999997,2.810417260877949,347.665,362.914,0,0
280.091006,2.0524882117684986,347.562,362.857,0,0
280.191003,5.547797354637765,347.871,362.818,0,0
280.290995,2.555152749905558,347.667,362.964,0,0
280.39099300000004,3.627743616599964,347.767,362.962,0,0
280.490992,4.218301229295759,347.76,362.847,0,0
280.59098800000004,-0.6104111547426642,347.409,363.042,0,0
280.69098599999995,0.7375786240040877,347.522,363.016,0,0
280.790983,1.010432864147504,347.498,362.925,0,0
280.89097499999997,0.2518131407295924,347.377,362.835,0,0
280.99097600000005,-0.32797181349657983,347.299,362.793,0,0
281.090968,2.1195438789856937,347.485,362.71,0,0
281.190966,0.6656999405350006,347.445,362.89,0,0
281.29096000000004,1.4852076028131507,347.464,362.783,0,0
281.390963,-0.49735194881967276,347.349,362.917,0,0
281.490958,0.19707808654532877,347.404,362.898,0,0
281.590952,-1.5854778106722922,347.284,362.988,0,0
281.690951,1.2399641723694286,347.484,362.865,0,0
281.79095,0.6390216006156713,347.404,362.823,0,0
281.890941,0.4874772432694285,347.404,362.85,0,0
281.990937,-1.262417771510913,347.236,362.846,0,0
282.090936,-0.6128462804971864,347.346,362.936,0,0
282.190931,-1.3287488975307842,347.291,362.96,0,0
282.290932,2.449592145645999,347.461,362.616,0,0
282.390929,1.4780164718303954,347.484,362.828,0,0
282.490926,1.1388742625499473,347.488,362.895,0,0
282.590918,3.093767195318049,347.566,362.699,0,0
282.690917,1.2819981073079723,347.459,362.818,0,0
282.790915,1.722648230515803,347.44,362.707,0,0
282.89090999999996,0.8819223476273252,347.352,362.692,0,0
282.990907,-0.648462542558768,347.239,362.751,0,0
283.090902,2.906149502212907,347.496,362.606,0,0
283.190901,-0.3097482633099076,347.291,362.789,0,0
283.29089500000003,-0.05811312100300202,347.365,362.882,0,0
283.390889,1.1002103294361851,347.428,362.797,0,0
283.490885,2.6672579056552665,347.534,362.72,0,0
283.590885,2.613149859534891,347.578,362.811,0,0
283.69088,1.5386077475585367,347.513,362.879,0,0
283.790879,4.437810596600474,347.739,362.791,0,0
283.890875,4.058888114721906,347.73,362.841,0,0
283.99087,3.7834256690188344,347.696,362.827,0,0
284.090868,3.4277065635741337,347.718,362.93,0,0
284.190865,4.629683301739037,347.821,362.911,0,0
284.29086,1.0701189654865462,347.546,363.025,0,0
284.390859,1.4401724668718177,347.535,362.941,0,0
284.49085499999995,-2.2469589053738073,347.205,362.976,0,0
284.59085,-0.6969159010188049,347.267,362.821,0,0
284.690849,0.1521685362657228,347.385,362.891,0,0
284.790843,0.3654186013018488,347.407,362.895,0,0
284.890838,1.162321012349434,347.513,362.952,0,0
284.99083399999995,-0.9315420969714816,347.394,363.098,0,0
285.090832,-1.0015117295909046,347.399,363.12,0,0
285.190831,1.6634139150308715,347.636,363.093,0,0
285.290828,2.9568585478025473,347.777,363.128,0,0
285.390821,3.7846022980355314,347.787,363.003,0,0
285.49081800000005,0.4716911664271807,347.525,363.098,0,0
285.590814,3.2384500772270544,347.77,363.068,0,0
285.690816,2.9795620440225883,347.643,362.88,0,0
285.790809,1.053031335899121,347.567,363.076,0,0
285.890804,3.772964813180678,347.638,362.734,0,0
285.9908,5.280889825013857,347.777,362.728,0,0
286.090798,7.407167139749463,348.031,362.826,0,0
286.19079800000003,9.200612195165228,348.172,362.774,0,0
286.290791,11.345059729557633,348.4,362.821,0,0
286.390789,9.673771663989776,348.159,362.669,0,0
286.490783,7.367006511718367,348.059,362.887,0,0
286.590779,7.871073792217774,348.021,362.73,0,0
286.69077500000003,8.354196692824553,348.037,362.676,0,0
286.790773,6.081251684330142,347.869,362.763,0,0
286.890769,5.885775971493777,347.798,362.667,0,0
286.99077,2.5339604704229535,347.622,362.927,0,0
287.090761,2.7710732634118536,347.693,363.017,0,0
287.190762,0.12855809495449494,347.302,362.758,0,0
287.290757,4.335713194164366,347.718,362.792,0,0
287.390753,5.359967594589818,347.783,362.734,0,0
287.490747,2.7862968983915626,347.667,362.969,0,0
287.590749,3.4124095720561085,347.665,362.857,0,0
287.690745,4.467247784863899,347.703,362.744,0,0
287.790739,1.337087302109061,347.411,362.752,0,0
287.890737,3.020375028649686,347.603,362.813,0,0
287.99073100000004,2.3957386028235996,347.405,362.558,0,0
288.090727,0.38231469778766514,347.261,362.644,0,0
288.19073,1.8359695503815952,347.384,362.618,0,0
288.29072499999995,1.9310122416667101,347.422,362.672,0,0
288.390718,1.9669795260360592,347.443,362.705,0,0
288.49071899999996,4.1682269409970285,347.578,362.571,0,0
288.590714,2.7195966629956025,347.526,362.728,0,0
288.690712,7.175048070181438,347.872,362.59,0,0
288.790708,12.609087793422006,348.335,362.497,0,0
288.890704,10.61198794833377,348.167,362.536,0,0
288.99070400000005,10.346776426969805,348.228,362.695,0,0
289.090696,10.881609684299788,348.219,362.586,0,0
289.190698,7.974613751623816,348.028,362.741,0,0
289.290689,8.447816268906701,348.061,362.72,0,0
289.390692,4.826850780875372,347.709,362.703,0,0
289.490685,6.84941419966568,347.957,362.808,0,0
289.590686,1.984574849371467,347.464,362.748,0,0
289.69067700000005,3.0184591774739626,347.531,362.692,0,0
289.790674,3.6486612656162607,347.587,362.686,0,0
289.890676,0.21224075370263082,347.353,362.854,0,0
289.99066899999997,1.7380468040295887,347.51,362.878,0,0
290.090666,2.9303496056015623,347.511,362.673,0,0
290.190663,-0.6959604790890873,347.271,362.863,0,0
290.290662,0.47860070644915037,347.36,362.823,0,0
290.39065999999997,0.9717718918820333,347.44,362.885,0,0
290.490654,2.300174955440457,347.418,362.614,0,0
290.590655,1.3910283338970857,347.473,362.874,0,0
290.69065,3.3290805540663464,347.488,362.565,0,0
290.790648,-1.1170130993474734,347.227,362.859,0,0
290.89064,0.16325394230109608,347.401,362.957,0,0
290.990642,0.2792440584233534,347.31,362.77,0,0
291.090639,3.08666237467068,347.492,362.617,0,0
291.19063,1.206993869468986,347.365,362.711,0,0
291.29063199999996,1.1365148189804914,347.333,362.665,0,0
291.390629,2.608773516364324,347.417,362.564,0,0
291.49062,0.09527109970853322,347.348,362.875,0,0
291.59062,0.25534948620704406,347.359,362.868,0,0
291.69061800000003,0.774548060868371,347.292,362.655,0,0
291.790612,0.2904786327336472,347.291,362.738,0,0
291.890614,-0.08298697824170248,347.226,362.684,0,0
291.99061,0.6793567225391888,347.332,362.747,0,0
292.090603,2.059900974815252,347.372,362.581,0,0
292.190601,-1.253568176734105,347.173,362.792,0,0
292.290596,1.2954172589728457,347.411,362.787,0,0
292.390597,-1.0085960764732387,347.183,362.769,0,0
292.49059600000004,1.4070535820663943,347.416,362.778,0,0
292.590587,0.9128773438078551,347.376,362.791,0,0
292.690582,1.1237274951795126,347.438,362.869,0,0
292.79058000000003,0.5502785809983364,347.303,362.721,0,0
292.890576,0.6822888020090594,347.332,362.752,0,0
292.990579,0.43041285315532896,347.291,362.721,0,0
293.090571,1.2877203808269435,347.325,362.635,0,0
293.19057,0.550086740390945,347.281,362.683,0,0
293.290568,2.773796073693699,347.454,362.615,0,0
293.390565,0.9603006834186794,347.355,362.749,0,0
293.490561,1.0668045807638415,347.343,362.709,0,0
293.590557,2.8704859325742613,347.554,362.784,0,0
293.690554,2.8625191762137523,347.504,362.694,0,0
293.79055,3.33658355196251,347.561,362.717,0,0
293.890545,2.6669460372654488,347.618,362.939,0,0
293.990545,4.838933732866883,347.766,362.834,0,0
294.090542,4.945431357218862,347.754,362.794,0,0
294.190542,6.615556254020475,347.929,362.826,0,0
294.29053700000003,7.008472095804644,347.968,362.83,0,0
294.390534,8.485515636170142,348.078,362.776,0,0
294.490529,7.540079997342758,347.96,362.724,0,0
294.59052299999996,5.831418424766152,347.822,362.768,0,0
294.690523,3.1510394584561046,347.622,362.867,0,0
294.790523,3.5724807642095557,347.605,362.763,0,0
294.89051400000005,3.3654366931450634,347.509,362.623,0,0
294.99051000000003,-0.5184025214319178,347.274,362.867,0,0
295.09051,4.297022754574248,347.541,362.521,0,0
295.19051,3.92715906413953,347.572,362.643,0,0
295.290507,0.3302566087356082,347.25,362.677,0,0
295.39049800000004,2.67510108962428,347.41,362.564,0,0
295.490496,0.3404896984011434,347.159,362.509,0,0
295.590494,0.8177498118726206,347.225,362.548,0,0
295.69049,1.0345538314589944,347.268,362.59,0,0
295.79048800000004,-0.23734074392153953,347.155,362.604,0,0
295.890483,0.7033536729577365,347.267,362.647,0,0
295.990483,-0.5805136268561973,347.192,362.733,0,0
296.090476,1.0999491109699442,347.337,362.708,0,0
296.190474,0.9579080227299731,347.339,362.737,0,0
296.29046999999997,2.0515224660748768,347.341,362.551,0,0
296.390467,-3.048159549904448,346.972,362.76,0,0
296.490464,0.04264593414431121,347.177,362.6,0,0
296.59046,1.4040288811680026,347.294,362.579,0,0
296.69045500000004,-0.15061564187250615,347.126,362.541,0,0
296.790455,1.3073103360046634,347.263,362.54,0,0
296.89044900000005,0.11928569816666894,347.215,362.659,0,0
296.990444,1.6144636421803167,347.324,362.6,0,0
297.090441,1.5108470697339726,347.228,362.442,0,0
297.190435,2.9489726278071466,347.424,362.553,0,0
297.290433,3.467603738856011,347.47,362.548,0,0
297.390434,6.660432437877576,347.764,362.534,0,0
297.49043,6.82044874325231,347.775,362.527,0,0
297.590426,6.102543276642936,347.722,362.555,0,0
297.690417,3.1136432400692002,347.47,362.612,0,0
297.790419,3.898233377202409,347.558,362.638,0,0
297.890412,4.834761453118533,347.687,362.713,0,0
297.990411,3.5886469298207424,347.446,362.487,0,0
298.09040799999997,5.350881589615924,347.702,362.652,0,0
298.190404,4.083821560664713,347.515,362.529,0,0
298.29039500000005,3.9636324186496896,347.437,362.407,0,0
298.390397,1.2668498288696284,347.336,362.691,0,0
298.49038900000005,1.729630131962232,347.324,362.589,0,0
298.590389,2.2316879130831504,347.388,362.62,0,0
298.690386,1.559965412037873,347.366,362.697,0,0
298.79038099999997,0.5898615281182858,347.306,362.756,0,0
298.890373,3.174451698118147,347.449,362.57,0,0
298.990372,2.864109579424318,347.434,362.597,0,0
299.090372,-0.7250612134805161,347.216,362.821,0,0
299.19036800000003,3.2546766890701284,347.473,362.602,0,0
299.29036099999996,-0.28415665849133065,347.269,362.843,0,0
299.39036,0.5737995144310912,347.246,362.652,0,0
299.49035100000003,0.6296626044017526,347.239,362.63,0,0
299.590353,-1.3147094103014711,347.151,362.807,0,0
299.690345,0.9753669771013338,347.333,362.744,0,0
299.790346,0.6048058632672341,347.271,362.695,0,0
299.89034200000003,2.1344262501662423,347.405,362.676,0,0
299.990339,0.7948955245277104,347.303,362.722,0,0
300.090333,5.487693115876764,347.672,362.585,0,0
300.19033,4.744433823455722,347.709,362.783,0,0
300.290325,7.31196266977849,347.933,362.749,0,0
300.39031900000003,6.992005408664466,347.791,362.544,0,0
300.490321,4.121430826731569,347.629,362.746,0,0
300.590312,5.356570760782275,347.727,362.712,0,0
300.69031199999995,2.8673791659995795,347.569,362.855,0,0
300.790304,1.3388845520351917,347.435,362.875,0,0
300.890304,3.8680274622002293,347.632,362.798,0,0
300.990299,2.135866422138951,347.457,362.778,0,0
301.090294,2.3641302487416427,347.45,362.726,0,0
301.190289,2.406154335218389,347.508,362.826,0,0
301.29028600000004,4.205912971214312,347.567,362.622,0,0
301.390283,5.279202102327905,347.666,362.618,0,0
301.490284,1.5206197539844517,347.351,362.693,0,0
301.590278,-0.18810398642110832,347.188,362.691,0,0
301.69027500000004,2.3667794685017016,347.382,362.604,0,0
301.79026899999997,2.7509150117219994,347.343,362.466,0,0
301.890262,2.366726831499332,347.377,362.596,0,0
301.990265,1.4388771547626407,347.346,362.701,0,0
302.090257,-0.04294948478694093,347.18,362.654,0,0
302.19025300000004,0.5806612030175928,347.293,362.754,0,0
302.290255,0.2234086762497688,347.229,362.699,0,0
302.390247,0.10524429397095288,347.155,362.584,0,0
302.490244,0.8037933323927531,347.274,362.682,0,0
302.590244,-0.1824334102332603,347.194,362.707,0,0
302.690238,0.20764573304864956,347.211,362.671,0,0
302.790235,-0.5930912489454963,347.198,362.787,0,0
302.890232,2.0532918751334437,347.355,362.616,0,0
302.990226,1.5518854371746502,347.304,362.61,0,0
303.090227,3.465120117539784,347.527,362.688,0,0
303.190221,2.3894854445239146,347.388,362.62,0,0
303.29021500000005,1.4473892126501553,347.31,362.641,0,0
303.390211,-2.6425180413262517,347.074,362.919,0,0
303.490212,-0.8685850144265733,347.261,362.955,0,0
303.590206,0.4178162099775491,347.297,362.798,0,0
303.6902,-0.8969239525074832,347.193,362.836,0,0
303.790198,0.11293675095381439,347.186,362.648,0,0
303.890197,-0.4420655702393826,347.187,362.747,0,0
303.99019400000003,1.298071425436603,347.367,362.776,0,0
304.09019300000006,0.31964369778489476,347.291,362.807,0,0
304.19019099999997,1.5910917283389578,347.337,362.671,0,0
304.290192,1.499761017584917,347.365,362.739,0,0
304.390189,1.4891286148455665,347.374,362.758,0,0
304.490186,1.1750819995235269,347.288,362.655,0,0
304.59018199999997,-0.0056300352371344425,347.157,362.62,0,0
304.69018300000005,-0.24176070322575152,347.105,362.566,0,0
304.790178,1.7445901494365974,347.261,362.508,0,0
304.89017700000005,-0.36377919120041324,347.245,362.846,0,0
304.99018199999995,0.3548109517618119,347.211,362.659,0,0
305.09017700000004,2.1986358173966494,347.347,362.589,0,0
305.190174,1.3588015440244283,347.314,362.675,0,0
305.290176,1.9718600888264113,347.301,362.545,0,0
305.39017099999995,1.6256261036721198,347.2,362.42,0,0
305.490168,-0.13421345641493773,347.13,362.598,0,0
305.59017,-1.4662578646546547,347.126,362.823,0,0
305.69016600000003,-1.1874527353769655,347.089,362.707,0,0
305.790168,1.2503765712791612,347.279,362.633,0,0
305.890163,1.8762545207210262,347.377,362.705,0,0
305.990164,1.7262974807840272,347.375,362.728,0,0
306.090161,3.3241172957563796,347.541,362.756,0,0
306.190162,16.880579688279976,348.733,362.591,0,0
306.290157,15.979148744745782,348.642,362.581,0,0
306.39015500000005,17.660381703802113,348.886,362.738,0,0
306.490158,13.407539361829416,348.446,362.669,0,0
306.59015500000004,12.959184953906949,348.431,362.72,0,0
306.69015,11.206260003465422,348.291,362.768,0,0
306.790149,8.297738371085789,348.014,362.765,0,0
306.890153,8.928931484955347,348.025,362.676,0,0
306.99015,7.032073602808943,347.929,362.83,0,0
307.090146,6.762387160495175,347.801,362.642,0,0
307.190147,7.340498997022324,347.751,362.45,0,0
307.290144,6.020137158911341,347.803,362.776,0,0
307.390145,5.29551748230155,347.626,362.577,0,0
307.49014,6.5604700115417245,347.729,362.547,0,0
307.590141,4.00866967392507,347.589,362.734,0,0
307.69013900000004,6.384894085322337,347.721,362.564,0,0
307.790137,6.309394549720955,347.738,362.609,0,0
307.89013900000003,1.5785644900970526,347.374,362.763,0,0
307.990137,1.8881604561144487,347.316,362.603,0,0
308.09013,3.700209454755814,347.499,362.625,0,0
308.19013,2.1804276015262567,347.243,362.419,0,0
308.29013,5.726214835550588,347.628,362.511,0,0
308.390127,7.135975726497044,347.761,362.511,0,0
308.490126,6.161215349743157,347.606,362.396,0,0
308.590125,2.9906076804833157,347.314,362.411,0,0
308.690122,5.90564460351091,347.535,362.311,0,0
308.790124,3.082348012542623,347.359,362.479,0,0
308.89012099999997,3.007995334605975,347.356,362.487,0,0
308.99012300000004,4.280303553490205,347.426,362.395,0,0
309.090118,3.965235750316831,347.466,362.524,0,0
309.190116,0.8757002920066117,347.342,362.834,0,0
309.290115,2.0172474915576823,347.298,362.555,0,0
309.39011200000004,1.6875001108873542,347.254,362.532,0,0
309.49010999999996,2.772666048397419,347.34,362.502,0,0
309.590111,1.0767187317336577,347.213,362.564,0,0
309.690111,2.492202923014492,347.371,362.609,0,0
309.790109,2.57856900947853,347.287,362.44,0,0
309.890108,2.702578037773659,347.337,362.511,0,0
309.990103,1.898303790529582,347.359,362.692,0,0
310.090102,-0.17069980167359444,347.094,362.565,0,0
310.190103,0.8425157952971143,347.152,362.496,0,0
310.290103,0.33022226931406284,347.119,362.525,0,0
310.39009999999996,0.5655234459013162,347.098,362.446,0,0
310.490098,1.20284908532461,347.196,362.516,0,0
310.59009399999997,1.200703817425871,347.102,362.344,0,0
310.690093,0.2359760989289985,347.086,362.483,0,0
310.79009,0.436324377709801,347.078,362.434,0,0
310.890095,1.5743487945405112,347.169,362.404,0,0
310.990087,0.03265329166027289,347.018,362.395,0,0
311.09009000000003,1.763312426004226,347.152,362.341,0,0
311.190086,3.3357967469125684,347.308,362.355,0,0
311.29008699999997,5.436550103799112,347.502,362.347,0,0
311.390087,4.464401326538454,347.619,362.732,0,0
311.490085,4.463848888731075,347.542,362.591,0,0
311.590084,4.570339235931906,347.661,362.792,0,0
311.69008299999996,5.969091709981624,347.656,362.54,0,0
311.790082,5.35609261789514,347.62,362.581,0,0
311.890076,4.143788309913054,347.542,362.649,0,0
311.99007,5.22065968850568,347.612,362.591,0,0
312.090066,6.4825890960129176,347.687,362.51,0,0
312.190066,3.1841202837351963,347.409,362.573,0,0
312.290057,1.8863067487485299,347.299,362.597,0,0
312.39005699999996,1.1816055311332931,347.194,362.527,0,0
312.49005,1.65916779213313,347.222,362.496,0,0
312.590049,1.1829471078244382,347.181,362.504,0,0
312.690041,0.921223869957955,347.113,362.425,0,0
312.79004100000003,1.7139615602788731,347.142,362.341,0,0
312.89003,-0.8344294399659283,346.967,362.463,0,0
312.990029,-0.3536358260089348,346.954,362.356,0,0
313.090026,-0.06730783009194682,346.89,362.189,0,0
313.190018,-0.5323108652787453,346.943,362.368,0,0
313.29001400000004,0.4316699491172111,347.017,362.337,0,0
313.39000799999997,-2.6290962104690374,346.718,362.32,0,0
313.49000900000004,-2.9575319639822966,346.735,362.409,0,0
313.590005,0.6854824263957191,347.033,362.324,0,0
313.689998,-2.555756614896121,346.749,362.366,0,0
313.789994,2.5327678810590837,347.125,362.173,0,0
313.88999,-0.5032500052888026,346.999,362.47,0,0
313.98998800000004,0.6000970771005145,346.934,362.159,0,0
314.08997899999997,0.9922788526455647,347.136,362.463,0,0
314.189979,0.634255551141062,346.979,362.237,0,0
314.28997100000004,-1.1105098621108365,346.93,362.451,0,0
314.389969,-0.4182946429764396,347.062,362.574,0,0
314.489963,0.6395023243668776,347.059,362.385,0,0
314.58995699999997,-1.0583356719912806,346.934,362.451,0,0
314.689952,1.0354779100168898,347.148,362.481,0,0
314.789947,-1.3051005247293759,346.947,362.519,0,0
314.889947,1.7606983280362978,347.129,362.321,0,0
314.989942,-1.460119039614452,346.904,362.468,0,0
315.089939,-1.535194559738238,346.833,362.351,0,0
315.18993,-1.2657290528211549,346.906,362.439,0,0
315.28992700000003,-0.14821629180849347,347.013,362.442,0,0
315.389925,1.5180865585644172,347.017,362.16,0,0
315.489917,3.730051397616314,347.24,362.186,0,0
315.58991399999996,3.1563463698691367,347.155,362.13,0,0
315.689913,2.2527206983942047,347.135,362.251,0,0
315.78990799999997,3.628637725604095,347.211,362.152,0,0
315.88990500000006,1.940430499763535,347.113,362.266,0,0
315.989894,1.8706059228449659,347.105,362.264,0,0
316.089892,-0.6063281254603311,346.946,362.403,0,0
316.189887,0.20086786578226612,346.953,362.276,0,0
316.289886,1.7627481783158423,347.058,362.198,0,0
316.389879,1.2784149308823618,347.082,362.327,0,0
316.489875,0.006535658425818151,346.975,362.352,0,0
316.589867,1.03720967955136,346.914,362.061,0,0
316.689868,0.3358639681726115,346.924,362.202,0,0
316.789864,-0.8516821210678167,346.894,362.354,0,0
316.889854,-2.0964420640328436,346.795,362.389,0,0
316.989853,-1.4545709378232894,346.863,362.403,0,0
317.08984499999997,-1.0115490583702034,346.916,362.424,0,0
317.18984600000005,1.5353409184251152,347.156,362.423,0,0
317.28984,1.7818506827634057,347.104,362.285,0,0
317.38983399999995,0.9269349740775936,347.106,362.438,0,0
317.489828,4.609675578275888,347.417,362.37,0,0
317.589825,2.659427007102679,347.204,362.318,0,0
317.689822,2.209791679865523,347.234,362.452,0,0
317.789819,1.1997939472323058,347.011,362.218,0,0
317.88981199999995,1.9156557195269786,347.136,362.324,0,0
317.989805,-0.05069139263626725,346.928,362.284,0,0
318.089804,0.1969037890363453,347.006,362.385,0,0
318.189801,-0.19105384067061132,346.869,362.201,0,0
318.28979599999997,0.47421533251463455,347.024,362.371,0,0
318.389792,-0.384098021510946,346.886,362.267,0,0
318.48978600000004,-0.40851050722320215,347.066,362.603,0,0
318.589782,1.381851043337655,347.185,362.511,0,0
318.689778,1.0037485824030994,347.106,362.432,0,0
318.78977100000003,0.3947921701981645,347.128,362.579,0,0
318.88976899999994,1.679642598352941,347.203,362.494,0,0
318.989762,1.153461769327616,347.185,362.553,0,0
319.089762,1.210966000685488,347.176,362.527,0,0
319.18975300000005,1.81878616977287,347.256,362.569,0,0
319.28975,1.6609129099530444,347.175,362.448,0,0
319.389743,1.2731272907825673,347.144,362.459,0,0
319.48974,-1.6463672581640723,346.96,362.629,0,0
319.589734,0.6074543249927036,347.05,362.403,0,0
319.689733,1.8249210439321604,347.167,362.407,0,0
319.789728,2.6768686563830553,347.269,362.447,0,0
319.889724,2.111855367805372,347.187,362.395,0,0
319.989723,1.9730353248188421,347.154,362.359,0,0
320.089722,2.0852204349859753,347.198,362.421,0,0
320.18971999999997,2.502257182738624,347.198,362.349,0,0
320.289718,0.9335510629213238,347.095,362.433,0,0
320.389716,0.2945114781361217,347.006,362.381,0,0
320.48971500000005,0.2473717881086005,347.067,362.502,0,0
320.58970899999997,-1.4617930485187274,346.948,362.581,0,0
320.689711,0.8499232943959751,347.1,362.459,0,0
320.78970899999996,-0.44289859288622346,346.947,362.403,0,0
320.889705,0.20188862764437748,347.093,362.56,0,0
320.989707,-1.9746030686373115,346.876,362.54,0,0
321.089706,-3.0610034490054683,346.761,362.518,0,0
321.189702,-1.6532108110202413,346.896,362.522,0,0
321.289701,-1.2359575757623873,346.902,362.461,0,0
321.389701,-1.3315950660752793,346.922,362.515,0,0
321.489696,-1.1235607758292285,346.968,362.564,0,0
321.589695,-1.608822052035884,346.893,362.511,0,0
321.68969500000003,-1.0511062725027744,346.89,362.409,0,0
321.789692,-1.5290420968603284,346.882,362.478,0,0
321.889695,1.0343396793614212,347.154,362.533,0,0
321.989688,3.4488222037782092,347.263,362.314,0,0
322.089689,5.358845733339336,347.558,362.525,0,0
322.189684,5.955163620416752,347.588,362.477,0,0
322.28968699999996,4.967320574162298,347.597,362.666,0,0
322.389685,4.705490268005097,347.554,362.633,0,0
322.48968099999996,4.071235587721608,347.516,362.674,0,0
322.589679,3.248771353005097,347.314,362.446,0,0
322.689678,2.1312595958304565,347.339,362.687,0,0
322.78967800000004,4.306201209833566,347.421,362.46,0,0
322.889674,4.34919696629319,347.384,362.385,0,0
322.989673,4.401867969869768,347.299,362.22,0,0
323.08966999999996,2.111265792725489,347.231,362.494,0,0
323.18967,1.3099122796169296,347.106,362.404,0,0
323.289667,2.0914732756899252,347.222,362.482,0,0
323.38966899999997,2.6689468580017035,347.21,362.36,0,0
323.489665,-0.21793277263083155,347.003,362.482,0,0
323.58966200000003,2.152136530952524,347.179,362.394,0,0
323.689663,-0.06575964220554159,346.957,362.372,0,0
323.78965999999997,0.51626656463885,347.04,362.424,0,0
323.88966100000005,0.07880072838403127,346.963,362.359,0,0
323.989658,0.08886093411525905,347.043,362.505,0,0
324.089658,0.6853660566480823,347.129,362.56,0,0
324.189657,-0.08682809778721398,347.066,362.579,0,0
324.28965500000004,-2.1320857210530586,346.85,362.538,0,0
324.389654,-0.8353726866624333,347.012,362.611,0,0
324.489648,-0.4602216035944387,347.02,362.561,0,0
324.58965,-1.5342849505060574,347.004,362.719,0,0
324.689647,-1.597289739456393,346.976,362.679,0,0
324.78965000000005,-1.60718475405218,346.934,362.604,0,0
324.88964500000003,-1.2028251134065568,346.904,362.479,0,0
324.98964,-0.7341427810859149,346.979,362.536,0,0
325.08964399999996,0.13412897069116345,346.957,362.345,0,0
325.189641,-2.4247739960020023,346.887,362.662,0,0
325.289639,-1.166179079500749,346.928,362.519,0,0
325.389636,-1.621139480938604,346.87,362.492,0,0
325.489637,0.09534956077674321,347.013,362.457,0,0
325.589636,1.217111851636802,347.159,362.531,0,0
325.68963199999996,1.529507905949531,347.129,362.422,0,0
325.789633,8.941963846875332,347.815,362.395,0,0
325.889631,7.534829175664468,347.68,362.392,0,0
325.98963,9.899355236096119,347.862,362.316,0,0
326.08962699999995,5.574319774794113,347.519,362.438,0,0
326.189622,5.567820315486229,347.567,362.528,0,0
326.289624,5.1515125972949924,347.417,362.325,0,0
326.389619,4.151236492487983,347.377,362.426,0,0
326.48962,6.378289409543482,347.546,362.35,0,0
326.589616,3.857806792981008,347.378,362.48,0,0
326.689615,4.21849819007738,347.283,362.243,0,0
326.78961300000003,1.9720304345876074,347.142,362.375,0,0
326.889615,1.961130128033517,347.251,362.578,0,0
326.989614,2.6055006704578108,347.16,362.299,0,0
327.08961200000005,2.5259127933991765,347.15,362.295,0,0
327.189609,-0.40259720202658567,346.907,362.358,0,0
327.289609,-0.03303629806326392,347.021,362.504,0,0
327.389606,2.8039295826668043,347.133,362.217,0,0
327.489609,0.22826065647443902,346.975,362.375,0,0
327.589604,4.9444531234449745,347.362,362.267,0,0
327.689603,10.049335732848723,347.87,362.314,0,0
327.789599,9.20426487947101,347.73,362.204,0,0
327.889599,7.688324692230648,347.707,362.426,0,0
327.989592,7.255418792549809,347.625,362.351,0,0
328.08959100000004,5.836530295851271,347.509,362.385,0,0
328.18958299999997,6.982457548047562,347.535,362.234,0,0
328.289578,6.93089069004789,347.557,362.284,0,0
328.389577,5.474755890322247,347.444,362.33,0,0
328.489574,5.792136198406221,347.521,362.417,0,0
328.589566,2.7898724972816016,347.152,362.261,0,0
328.689565,3.9318554541881006,347.251,362.245,0,0
328.789555,2.4350204388414873,347.151,362.322,0,0
328.88955200000004,2.3542354533568512,347.211,362.447,0,0
328.98954599999996,0.8544113755096975,347.108,362.519,0,0
329.08954,-0.23346316448565982,347.032,362.569,0,0
329.18953700000003,1.7804935673083746,347.114,362.37,0,0
329.289532,2.9951499293122485,347.134,362.196,0,0
329.38953200000003,0.33599236426507034,347.023,362.455,0,0
329.489526,0.9605210155725824,347.041,362.38,0,0
329.589517,1.4473421423371584,347.065,362.34,0,0
329.68951400000003,2.7923412744876503,347.087,362.147,0,0
329.789509,1.7635018800981737,347.103,362.356,0,0
329.889505,2.720912106288963,347.109,362.201,0,0
329.989503,2.169535601131322,347.162,362.395,0,0
330.089499,2.432242174313402,347.111,362.256,0,0
330.189491,0.9013649438313169,347.023,362.361,0,0
330.289487,1.37715044801577,347.034,362.299,0,0
330.38948,0.8595931501989007,347.019,362.362,0,0
330.48947999999996,2.0445603532482233,347.09,362.287,0,0
330.589473,2.547444776887724,347.159,362.327,0,0
330.689468,1.3885424183209338,347.029,362.29,0,0
330.789465,0.11628541981508245,346.941,362.35,0,0
330.889461,1.0867175435223762,347.114,362.5,0,0
330.989456,2.0174158504680975,347.199,362.495,0,0
331.089447,1.7937186478290694,347.027,362.218,0,0
331.189442,-0.3730227974892918,346.893,362.349,0,0
331.289442,3.36638487490899,347.161,362.192,0,0
331.389432,1.7704797621647634,346.975,362.128,0,0
331.48942700000003,-0.8125877021772395,346.825,362.302,0,0
331.589425,1.290985756071722,346.947,362.161,0,0
331.68942300000003,0.7154784060918147,346.945,362.258,0,0
331.789418,1.553531364161475,347.012,362.236,0,0
331.889411,-1.6697565738163713,346.802,362.411,0,0
331.98940799999997,-0.1691601422894353,346.861,362.259,0,0
332.08940500000006,-0.2886045228083112,346.938,362.422,0,0
332.189394,-3.20980275443992,346.687,362.469,0,0
332.289395,-1.7604688086691236,346.733,362.302,0,0
332.389386,-3.6504559089635022,346.648,362.475,0,0
332.489382,-0.1367715726771561,346.824,362.188,0,0
332.58938,-0.2870349647766123,346.922,362.395,0,0
332.689376,0.9045892080925879,346.967,362.271,0,0
332.789368,2.269278948778912,347.105,362.288,0,0
332.889362,-0.9618005250965684,346.816,362.319,0,0
332.989361,4.269481501632758,347.299,362.298,0,0
333.089353,2.6335785406776373,347.069,362.16,0,0
333.189347,3.5559976116227627,347.113,362.081,0,0
333.289343,1.941393443208179,347.066,362.276,0,0
333.389342,4.615268754659319,347.274,362.194,0,0
333.489339,5.038595170152803,347.317,362.2,0,0
333.58933399999995,4.390877435787192,347.331,362.339,0,0
333.689324,3.9772152082887913,347.278,362.314,0,0
333.78931800000004,2.388181965719687,347.097,362.258,0,0
333.889317,1.6510167233495263,347.152,362.488,0,0
333.989309,2.6300238382995564,347.097,362.217,0,0
334.08931,1.4512825252145356,347.051,362.338,0,0
334.189303,1.8516348706862562,347.044,362.256,0,0
334.28929999999997,3.854481532870287,347.188,362.173,0,0
334.389291,-0.08145549275060064,346.903,362.334,0,0
334.489289,1.9337929693103537,347.071,362.293,0,0
334.58928399999996,3.1410281725101052,347.124,362.181,0,0
334.689278,0.0662220061113696,346.915,362.332,0,0
334.78927600000003,0.23323738412971862,346.893,362.263,0,0
334.88926799999996,0.5468766442620703,346.974,362.358,0,0
334.989263,1.5157220722670675,347.005,362.247,0,0
335.089258,3.7024403726605293,347.224,362.27,0,0
335.189254,2.4749614561460884,347.156,362.359,0,0
335.289249,2.189574376741479,347.076,362.262,0,0
335.38924699999995,4.114914980186711,347.273,362.29,0,0
335.48924200000005,3.140571522304104,347.136,362.208,0,0
335.589239,3.2187947967527135,347.223,362.355,0,0
335.689234,1.7557283783974398,347.03,362.255,0,0
335.78922700000004,1.734893619786126,347.056,362.307,0,0
335.889221,1.8264808940727684,347.066,362.31,0,0
335.98922100000004,-0.4320235382728873,346.913,362.422,0,0
336.089221,0.43222491344171543,346.914,362.274,0,0
336.189214,1.6283943029035348,347.004,362.232,0,0
336.28921399999996,2.6077588989723806,347.136,362.305,0,0
336.38921500000004,1.7182303885904786,347.013,362.234,0,0
336.489211,2.5693029046387843,347.172,362.379,0,0
336.58921000000004,0.25654579152608564,347.003,362.471,0,0
336.689205,1.491306920194925,347.151,362.529,0,0
336.78920400000004,5.032734578190834,347.403,362.377,0,0
336.889206,5.7242986498678405,347.473,362.386,0,0
336.989203,7.146865162809683,347.648,362.461,0,0
337.089203,8.94601034588391,347.776,362.384,0,0
337.189198,9.041027330810836,347.801,362.414,0,0
337.289194,10.338569565945152,347.887,362.347,0,0
337.389199,25.363172937742647,349.282,362.3,0,0
337.489196,28.810744087748922,349.661,362.398,0,0
337.589193,27.1046523496029,349.501,362.401,0,0
337.689189,25.46500466684429,349.325,362.363,0,0
337.789186,22.602871497365893,348.991,362.247,0,0
337.88918800000005,19.469188601130647,348.771,362.388,0,0
337.98918599999996,17.60245180985472,348.492,362.2,0,0
338.089185,14.721818743013634,348.403,362.538,0,0
338.189183,11.840113139221332,348.134,362.545,0,0
338.289182,10.117952949712983,347.904,362.422,0,0
338.38918,11.132733750540053,347.96,362.349,0,0
338.489175,10.169835089860463,347.873,362.357,0,0
338.589172,9.44466131685079,347.74,362.239,0,0
338.689174,8.069312661901968,347.714,362.431,0,0
338.78917099999995,8.761811303971399,347.708,362.3,0,0
338.88917,6.540057776418197,347.565,362.424,0,0
338.98916499999996,7.369059607688395,347.673,362.479,0,0
339.089163,7.61993798814847,347.666,362.423,0,0
339.189166,5.375885533855793,347.516,362.538,0,0
339.289163,6.595913455259093,347.655,362.582,0,0
339.389158,4.709822115057913,347.447,362.528,0,0
339.489162,6.255622737480288,347.538,362.427,0,0
339.589156,8.569647441495647,347.781,362.472,0,0
339.689156,7.0648845256417045,347.702,362.589,0,0
339.789157,7.625219935958613,347.621,362.343,0,0
339.88915000000003,7.006644786882645,347.622,362.453,0,0
339.989148,5.5053857817178855,347.408,362.321,0,0
340.089151,5.498744076318591,347.481,362.457,0,0
340.189148,6.710527006198755,347.529,362.335,0,0
340.289145,6.084166210207427,347.451,362.301,0,0
340.389142,6.856851649185407,347.514,362.283,0,0
340.48914299999996,6.689066981304036,347.556,362.39,0,0
340.589142,6.210724694700224,347.542,362.448,0,0
340.689139,5.531931529334989,347.496,362.482,0,0
340.78913900000003,7.155886800711865,347.577,362.349,0,0
340.88913299999996,4.302167109957518,347.39,362.502,0,0
340.989132,3.7909611955047535,347.343,362.505,0,0
341.08913,4.155629412434093,347.306,362.374,0,0
341.18913,2.610643589422272,347.177,362.406,0,0
341.289128,3.1536800730490815,347.196,362.347,0,0
341.38913,1.5482003523368801,347.139,362.522,0,0
341.48912800000005,3.7753387793109145,347.314,362.457,0,0
341.589122,4.376537479708769,347.326,362.375,0,0
341.689124,3.4347367814956793,347.291,362.475,0,0
341.78912199999996,2.615943288460025,347.216,362.48,0,0
341.88912,1.9605934661473465,347.157,362.486,0,0
341.98911499999997,1.4910051191527172,347.071,362.41,0,0
342.08911800000004,2.347123710761564,347.137,362.383,0,0
342.189114,2.027600421912564,347.169,362.498,0,0
342.289111,3.409010426000811,347.245,362.398,0,0
342.38910999999996,2.4359992212697557,347.069,362.244,0,0
342.48911,2.59993417685419,347.094,362.262,0,0
342.589109,1.4172064384221266,347.046,362.38,0,0
342.689103,1.6533316386606536,347.055,362.356,0,0
342.789102,-0.057429704159542454,346.95,362.461,0,0
342.889098,3.2738586306880015,347.118,362.191,0,0
342.989099,3.5345504969916974,347.194,362.286,0,0
343.089101,5.711085669638452,347.399,362.285,0,0
343.18909399999995,8.003679298183636,347.684,362.411,0,0
343.289097,13.744324259004705,348.113,362.202,0,0
343.389095,13.154940305228486,348.051,362.191,0,0
343.489092,13.3082807120803,348.1,362.255,0,0
343.589093,14.455827990159182,348.299,362.422,0,0
343.68908799999997,18.60083599665901,348.657,362.36,0,0
343.78908399999995,15.936553841168807,348.389,362.331,0,0
343.889086,14.58698193882429,348.185,362.191,0,0
343.989079,12.012099401298407,347.976,362.255,0,0
344.08907400000004,10.476275944695685,347.862,362.313,0,0
344.189071,9.304854787747967,347.683,362.188,0,0
344.289064,9.331077425503922,347.689,362.195,0,0
344.38906,7.672491945149789,347.571,362.267,0,0
344.489062,7.022649224823994,347.481,362.215,0,0
344.58905599999997,8.632996923938432,347.583,362.123,0,0
344.689049,9.231861851377285,347.61,362.069,0,0
344.789044,9.112342533169178,347.587,362.048,0,0
344.889044,5.84135406397953,347.36,362.2,0,0
344.989035,5.383416700707059,347.38,362.317,0,0
345.08903100000003,3.2209509600153137,347.16,362.289,0,0
345.189031,6.18553153944353,347.358,362.138,0,0
345.28902500000004,4.024882273731259,347.186,362.198,0,0
345.389023,3.5248924566138973,347.158,362.234,0,0
345.489017,4.728768981577312,347.302,362.29,0,0
345.58901099999997,9.12459259866029,347.606,362.085,0,0
345.68901,7.0050472650583115,347.533,362.32,0,0
345.788999,5.999566969542679,347.411,362.271,0,0
345.888995,8.339802436797099,347.513,362.052,0,0
345.988997,9.74344268439006,347.671,362.099,0,0
346.088992,9.415181760437996,347.625,362.072,0,0
346.188988,8.112659912880078,347.551,362.163,0,0
346.288978,9.222094630000138,347.579,362.022,0,0
346.388973,9.12828811022515,347.603,362.083,0,0
346.488974,8.868254671520466,347.664,362.241,0,0
346.588966,8.221120137010566,347.646,362.321,0,0
346.688964,10.33580985185456,347.787,362.213,0,0
346.78896000000003,8.547537953451242,347.685,362.337,0,0
346.888952,6.312160028150604,347.513,362.41,0,0
346.98894900000005,7.725564562380721,347.398,361.953,0,0
347.088944,7.4914584948469125,347.562,362.296,0,0
347.188941,7.574218205022188,347.544,362.249,0,0
347.28894,8.066145967366921,347.606,362.278,0,0
347.388933,5.251472035224403,347.364,362.323,0,0
347.488928,5.786204501294496,347.317,362.144,0,0
347.588923,6.7406686346835905,347.376,362.087,0,0
347.68892,5.468947580370662,347.281,362.134,0,0
347.788914,5.538161675712188,347.209,361.99,0,0
347.888908,6.387744100419884,347.382,362.161,0,0
347.988904,4.094451033140307,347.148,362.13,0,0
348.088903,4.117208440612015,347.114,362.064,0,0
348.18890000000005,4.421525583083656,347.205,362.179,0,0
348.28889000000004,3.839197200447089,347.204,362.279,0,0
348.388886,4.293676724337042,347.188,362.171,0,0
348.488882,1.9619668385447346,347.002,362.235,0,0
348.588881,9.151680064663118,347.68,362.232,0,0
348.68887199999995,14.130209038984894,348.069,362.082,0,0
348.788875,13.721018910627416,347.986,362.001,0,0
348.888865,9.832506675668325,347.768,362.277,0,0
348.988861,8.80812173577559,347.704,362.338,0,0
349.088856,6.776886441928654,347.485,362.289,0,0
349.188855,7.361705432375404,347.471,362.162,0,0
349.288852,14.445450961090925,348.108,362.102,0,0
349.38884499999995,13.333955392201862,347.995,362.088,0,0
349.488844,10.630278719265194,347.801,362.202,0,0
349.588838,11.27853010777982,347.818,362.121,0,0
349.68883,6.964747451501871,347.525,362.333,0,0
349.78882799999997,5.884971927033163,347.415,362.319,0,0
349.888822,7.290211212292757,347.515,362.259,0,0
349.988821,4.927468048109151,347.294,362.264,0,0
350.088818,4.0513542745432725,347.225,362.29,0,0
350.188811,2.450859929984594,347.15,362.431,0,0
350.28880699999996,5.076090877742721,347.317,362.282,0,0
350.388799,0.9140572447329548,346.959,362.348,0,0
350.488795,3.0450021216496093,347.176,362.377,0,0
350.588791,2.6037908787316733,347.209,362.515,0,0
350.68878600000005,2.38167735836601,347.21,362.556,0,0
350.788786,4.979574800465872,347.313,362.294,0,0
350.888782,5.591253136096127,347.351,362.258,0,0
350.988777,2.278831740011365,347.119,362.408,0,0
351.088774,4.0452165786734335,347.22,362.287,0,0
351.188765,5.6837324109055505,347.435,362.398,0,0
351.288761,4.706019227544513,347.314,362.346,0,0
351.388761,4.21583580852561,347.344,362.487,0,0
351.48875599999997,2.787314221252117,347.207,362.484,0,0
351.58874599999996,6.2751065128372225,347.311,362.069,0,0
351.68874200000005,1.6585748893470413,346.941,362.192,0,0
351.788742,2.373468390457644,346.973,362.127,0,0
351.888738,2.8752259657709245,347.068,362.215,0,0
351.988732,0.107625396863629,346.856,362.307,0,0
352.088727,2.611444783864435,347.055,362.238,0,0
352.18872899999997,2.6564403781716264,347.078,362.273,0,0
352.288725,1.7878618267372575,347.082,362.432,0,0
352.388719,5.418321647449079,347.387,362.362,0,0
352.488717,4.427263439814523,347.268,362.316,0,0
352.588713,3.5086022123915495,347.189,362.331,0,0
352.68870799999996,2.5644292486847764,347.094,362.321,0,0
352.788707,3.620435885546559,347.205,362.342,0,0
352.88870000000003,4.6502271273961435,347.332,362.397,0,0
352.988701,3.7258152784753484,347.253,362.413,0,0
353.08869699999997,3.3657792287014408,347.179,362.34,0,0
353.18869,6.392100675744415,347.441,362.296,0,0
353.288691,4.630916129045028,347.297,362.338,0,0
353.388688,4.333361149788687,347.33,362.451,0,0
353.488685,4.245952946819089,347.297,362.406,0,0
353.588681,4.349804635181306,347.281,362.359,0,0
353.688676,3.506562142139956,347.145,362.256,0,0
353.788677,0.2612430896150167,346.915,362.398,0,0
353.88867200000004,2.795601166288313,347.162,362.412,0,0
353.98867099999995,2.1865751626847802,347.115,362.432,0,0
354.088662,3.054080118794674,347.181,362.403,0,0
354.188662,2.426446905779226,347.098,362.36,0,0
354.288657,3.340155440114345,347.17,362.334,0,0
354.388653,2.040320544768797,347.093,362.419,0,0
354.488654,3.4788771592943544,347.138,362.252,0,0
354.588647,2.3737430790226184,347.093,362.362,0,0
354.688642,4.203965199190579,347.287,362.401,0,0
354.788641,1.9182099595496296,347.026,362.319,0,0
354.888639,4.109131972312549,347.209,362.275,0,0
354.988632,4.802588393558904,347.308,362.337,0,0
355.088631,3.6303232133670797,347.261,362.455,0,0
355.18863,7.775012120166528,347.588,362.336,0,0
355.28862599999997,11.667005527488373,348.021,362.456,0,0
355.388622,8.140847585432665,347.559,362.22,0,0
355.48861700000003,5.229773397817524,347.328,362.302,0,0
355.588618,6.414933160403325,347.486,362.387,0,0
355.68861200000003,5.5362805147954885,347.326,362.246,0,0
355.788608,4.798710487562709,347.325,362.373,0,0
355.88860800000003,2.470149864604936,347.148,362.453,0,0
355.98859999999996,5.225947595709013,347.223,362.112,0,0
356.088596,3.759449516878312,347.096,362.134,0,0
356.188597,4.508105983338976,347.11,362.03,0,0
356.288592,3.7176374955029274,347.154,362.249,0,0
356.38858899999997,4.932478814432722,347.236,362.189,0,0
356.488588,2.031028901403265,347.057,362.365,0,0
356.58858399999997,2.539412493521054,347.151,362.45,0,0
356.688577,1.5529281323170652,347.002,362.348,0,0
356.78857500000004,1.4353695275965455,346.983,362.334,0,0
356.88857299999995,3.215730644158289,347.075,362.194,0,0
356.988574,2.1622902256664887,347.055,362.341,0,0
357.088569,2.7092874427591993,347.157,362.434,0,0
357.188561,1.5995739911430682,347.017,362.37,0,0
357.28856099999996,0.6192756405863938,346.905,362.335,0,0
357.388554,0.36743625677764485,346.932,362.429,0,0
357.488552,2.4059633956699864,347.012,362.222,0,0
357.588548,7.4633927644982,347.64,362.498,0,0
357.68855099999996,16.777167010816633,348.408,362.291,0,0
357.788542,17.104182682487924,348.443,362.299,0,0
357.888538,13.305263530898348,348.19,362.495,0,0
357.98853499999996,14.023317276313685,348.231,362.446,0,0
358.088538,16.50224469886131,348.457,362.431,0,0
358.188528,18.55658943540384,348.626,362.385,0,0
358.28853100000003,17.224586034114978,348.434,362.264,0,0
358.38852399999996,15.514205249794074,348.191,362.115,0,0
358.488523,14.056377710643801,348.167,362.325,0,0
358.58851799999997,14.552816532251732,348.199,362.298,0,0
358.688518,14.169504741702637,348.144,362.264,0,0
358.78851000000003,13.70024299727502,348.02,362.118,0,0
358.888507,12.35232384773195,347.939,362.204,0,0
358.98850500000003,10.578924058963496,347.752,362.169,0,0
359.088504,9.73239853994697,347.657,362.142,0,0
359.188496,6.287231835572065,347.488,362.431,0,0
359.288498,5.510624004266113,347.317,362.252,0,0
359.388495,6.769371674116867,347.345,362.085,0,0
359.488488,6.182583193239196,347.33,362.16,0,0
359.588484,4.706151437729856,347.245,362.261,0,0
359.688482,4.672698317833668,347.247,362.271,0,0
359.788479,3.2063847769115834,347.151,362.35,0,0
359.888474,2.4741043813698433,347.063,362.316,0,0
359.988474,3.543610203068379,347.178,362.342,0,0
360.088469,0.9579892162798126,347.018,362.498,0,0
360.188472,2.5615537952529097,347.071,362.317,0,0
360.28846899999996,1.9076533024424793,347.004,362.308,0,0
360.388462,2.9474993067060664,347.12,362.341,0,0
360.488459,-0.3022181538398602,346.826,362.366,0,0
360.588463,3.9782799017996764,347.174,362.262,0,0
360.68845899999997,3.8786328849010423,347.123,362.186,0,0
360.788458,2.553686463128226,347.042,362.268,0,0
360.888456,4.348505714100053,347.112,362.085,0,0
360.98845,5.1593986343169185,347.177,362.064,0,0
361.088452,2.7558410051796973,347.019,362.192,0,0
361.188447,3.6957150279574487,347.05,362.086,0,0
361.288442,1.8215834754331308,346.91,362.155,0,0
361.38844300000005,3.5432322191147434,347.122,362.246,0,0
361.48844199999996,1.387754862698556,346.888,362.191,0,0
361.58844,0.405796022257252,346.809,362.217,0,0
361.688438,-0.2584744001723579,346.772,362.265,0,0
361.788437,-0.28137094115942474,346.775,362.275,0,0
361.888433,2.8874090240519523,347.032,362.197,0,0
361.988426,1.1461614952125039,346.86,362.184,0,0
362.088424,0.792011350204578,346.817,362.167,0,0
362.18842700000005,4.359188523373729,347.072,362.016,0,0
362.28842099999997,4.312584302111051,347.132,362.135,0,0
362.388418,3.395721521897513,346.951,361.962,0,0
362.48841999999996,1.2631598190515119,346.867,362.179,0,0
362.58841600000005,2.289252202696113,346.848,361.966,0,0
362.688416,2.301719034735091,346.925,362.106,0,0
362.78841,1.0526384989280506,346.799,362.092,0,0
362.888411,-0.6385039626751596,346.635,362.085,0,0
362.988407,0.07993995562829723,346.738,362.15,0,0
363.088405,-0.2530805036147884,346.722,362.179,0,0
363.188404,1.672477101355393,346.906,362.183,0,0
363.288398,-0.047210297364155114,346.823,362.33,0,0
363.388396,0.9770137591554368,346.856,362.213,0,0
363.488392,-0.6936884523041423,346.726,362.265,0,0
363.588394,-3.08390038773424,346.491,362.249,0,0
363.68839399999996,-1.9057155007873094,346.669,362.372,0,0
363.78838900000005,-1.0932336190105822,346.726,362.336,0,0
363.888383,-1.3529322195933686,346.724,362.378,0,0
363.988387,-2.235627893519286,346.712,362.51,0,0
364.08838000000003,1.8570536494650416,346.983,362.297,0,0
364.18838,1.4950604676887023,346.961,362.32,0,0
364.28838,-0.5002321697422155,346.784,362.342,0,0
364.388375,0.5649067492300422,346.81,362.205,0,0
364.488373,1.1090592491661724,346.965,362.396,0,0
364.58837,-1.3777170512391,346.735,362.406,0,0
364.688369,-0.7799577974051167,346.788,362.4,0,0
364.788364,-0.13801829432172164,346.743,362.206,0,0
364.888363,-0.25037501288006836,346.762,362.261,0,0
364.988362,0.12119370837206288,346.761,362.195,0,0
365.08835700000003,-1.4763989326728246,346.589,362.157,0,0
365.188354,-1.9657923254938463,346.643,362.342,0,0
365.288357,-2.0169674731754617,346.583,362.241,0,0
365.38835,-1.2746132656260676,346.635,362.208,0,0
365.488351,-0.5356798932896619,346.622,362.056,0,0
365.588344,-1.670586005822381,346.628,362.265,0,0
365.688346,-1.8098347486517323,346.62,362.275,0,0
365.788344,-2.2446831087277612,346.521,362.169,0,0
365.888339,-2.6494756882474175,346.558,362.308,0,0
365.988341,-1.0868727683948725,346.593,362.101,0,0
366.08833799999996,0.14717322852394218,346.729,362.137,0,0
366.188331,-1.7093034102479652,346.601,362.225,0,0
366.288331,-1.7602813445353855,346.597,362.227,0,0
366.388328,-2.7314680676503134,346.5,362.218,0,0
366.488329,-2.441109162368299,346.606,362.363,0,0
366.588324,-1.8512020708284591,346.705,362.443,0,0
366.688325,-0.5592339772691475,346.853,362.491,0,0
366.788321,-1.8156863508335142,346.685,362.401,0,0
366.888318,-2.1480135852557116,346.587,362.279,0,0
366.988315,0.21567692086449036,346.782,362.227,0,0
367.08831599999996,-0.6551065428363458,346.807,362.425,0,0
367.188311,8.394906539824342,347.568,362.251,0,0
367.288306,8.842274084492628,347.672,362.365,0,0
367.388306,8.549242650894719,347.6,362.284,0,0
367.488308,8.02080088750779,347.534,362.255,0,0
367.588302,7.1898324294812745,347.447,362.24,0,0
367.68830099999997,6.11106088641877,347.317,362.189,0,0
367.7883,6.08053754121661,347.297,362.158,0,0
367.888294,4.868636051835498,347.218,362.224,0,0
367.988294,8.015956205730417,347.542,362.273,0,0
368.088292,12.79872789049484,347.825,361.962,0,0
368.188283,8.574425674493094,347.572,362.232,0,0
368.288285,7.653119299426144,347.452,362.172,0,0
368.38828,6.070641166071863,347.351,362.262,0,0
368.488277,6.635952522163385,347.408,362.269,0,0
368.58827399999996,3.9277496676314523,347.2,362.358,0,0
368.688265,5.62460527674778,347.189,362.043,0,0
368.78826799999996,5.587807045613909,347.307,362.267,0,0
368.88825799999995,3.1527523380628923,347.002,362.13,0,0
368.988256,2.9412405399656625,347.11,362.366,0,0
369.088253,2.2429008684240674,347.035,362.35,0,0
369.188247,3.536016962560348,347.138,362.315,0,0
369.288244,4.351732500090272,347.054,362.019,0,0
369.388244,3.946434796810457,347.129,362.228,0,0
369.488243,5.029173609143575,347.292,362.34,0,0
369.588235,3.777763301957024,347.106,362.216,0,0
369.68823,1.926517918099207,347.041,362.419,0,0
369.788228,0.17878701366858069,346.826,362.328,0,0
369.88822700000003,1.6199511525444399,346.918,362.247,0,0
369.988221,1.1424777188622741,346.959,362.406,0,0
370.088217,-0.3434153354244179,346.753,362.286,0,0
370.18821299999996,2.8188877927395337,346.942,362.084,1,0
370.288212,2.0808921646711243,347.11,362.522,0,0
370.388205,3.799369851160146,347.038,362.091,0,0
370.488209,2.982145169325831,347.011,362.184,0,0
370.58820199999997,4.07312225267793,347.24,362.416,0,0
370.688199,2.961465985992265,347.077,362.31,0,0
370.78819699999997,2.8723198372552994,347.002,362.188,0,0
370.88819,4.428626075486885,347.15,362.19,0,0
370.988186,2.924087714575802,346.983,362.145,0,0
371.08818199999996,0.7675452643577445,346.9,362.368,0,0
371.188178,1.6827449856606533,346.914,362.235,0,0
371.28818,2.3379004047375953,347.017,362.311,0,0
371.388175,0.8834712208998511,346.858,362.272,0,0
371.48817099999997,-0.0985918469592583,346.829,362.39,0,0
371.588169,0.7195942771398061,346.836,362.261,0,0
371.68816200000003,0.8623434426975153,346.89,362.336,0,0
371.788162,1.0411773007717298,346.961,362.436,0,0
371.88815500000004,0.9713526579341935,346.84,362.226,0,0
371.988151,0.12974114275346998,346.827,362.349,0,0
372.08815000000004,-1.2260921937578135,346.717,362.383,0,0
372.188145,-0.6840058655907938,346.718,362.291,0,0
372.288141,-1.2752847475838263,346.739,362.433,0,0
372.38814,-0.9207807710942403,346.719,362.335,0,0
372.48813299999995,-0.4138622604003812,346.702,362.216,0,0
372.588131,0.25344800464060563,346.848,362.369,0,0
372.688128,0.13298501041626504,346.857,362.407,0,0
372.788126,0.8557420407225765,346.899,362.359,0,0
372.888121,0.19671436987585394,346.75,362.2,0,0
372.988115,2.8516139570104566,346.972,362.147,0,0
373.088112,4.512673214153896,347.256,362.381,0,0
373.18811200000005,3.8460560269766746,347.109,362.227,0,0
373.288108,3.9140781512631704,347.163,362.315,0,0
373.38810600000005,4.617575400627491,347.076,362.033,0,0
373.488097,3.1083625310293534,347.039,362.228,0,0
373.588097,2.2566615027666836,346.937,362.189,0,0
373.68809100000004,3.153202918905671,346.99,362.131,0,0
373.788091,4.09088354900296,347.067,362.11,0,0
373.888086,1.5393930630473962,346.926,362.295,0,0
373.988085,6.083730520470194,347.187,361.985,0,0
374.08807900000005,5.0207303471996845,347.146,362.095,0,0
374.188076,6.8869170865872675,347.257,361.975,0,0
374.288074,2.6708343299686934,347.02,362.273,0,0
374.38806900000003,2.8949862810446803,346.973,362.148,0,0
374.488063,5.570319212161859,347.229,362.154,0,0
374.58805800000005,3.6738136203759386,347.007,362.076,0,0
374.688058,3.3372447991047522,347.001,362.124,0,0
374.78805200000005,4.535372178821843,347.101,362.1,0,0
374.888052,6.3288957008459,347.241,362.046,0,0
374.988048,6.187957818461642,347.241,362.071,0,0
375.08804200000003,4.476691181210652,347.13,362.165,0,0
375.188037,5.281946578332384,347.201,362.156,0,0
375.28803700000003,3.9288581912287097,347.063,362.138,0,0
375.38803,4.180320406756773,347.105,362.172,0,0
375.48803000000004,2.033245351905768,346.843,362.064,0,0
375.588026,4.883973973102078,347.102,362.045,0,0
375.688024,3.5216607814539267,347.024,362.139,0,0
375.788022,3.2990970720289834,347.044,362.215,0,0
375.888015,5.607104026423009,347.187,362.077,0,0
375.988014,2.5804482597851135,346.969,362.203,0,0
376.08801,3.2401863000335913,347.017,362.177,0,0
376.188011,4.528461768943881,347.019,361.957,0,0
376.288006,7.714527075317156,347.432,362.163,0,0
376.388004,9.223468930912434,347.494,362.015,0,0
376.48800300000005,11.621998439137196,347.751,362.071,0,0
376.58800099999996,9.934856147287,347.645,362.17,0,0
376.688002,6.096318624669264,347.21,362.038,0,0
376.788,3.6845895132614883,347.042,362.149,0,0
376.888,4.9861830142854435,347.067,361.969,0,0
376.987995,5.939293651722658,347.021,361.719,0,0
377.087994,4.530082208180703,346.919,361.777,0,0
377.187992,3.150277208252554,346.86,361.909,0,0
377.28799200000003,2.7220239274501106,346.71,361.708,0,0
377.387987,4.3159757875570115,346.867,361.72,0,0
377.487986,4.797083713083831,346.903,361.703,0,0
377.587983,3.5982215568214486,346.791,361.706,0,0
377.68798300000003,5.327106851836351,346.97,361.735,0,0
377.787981,7.002220491957262,347.095,361.674,0,0
377.887979,4.650693375936586,346.974,361.861,0,0
377.98797499999995,5.469076888426778,346.937,361.651,0,0
378.087975,4.235262001321951,346.838,361.684,0,0
378.187975,3.642561284401056,346.848,361.806,0,0
378.287973,0.6975390922531504,346.535,361.743,0,0
378.387969,3.2813072330835564,346.878,361.925,0,0
378.487967,3.128619719988138,346.872,361.941,0,0
378.58796500000005,1.8681210788616756,346.802,362.032,0,0
378.687968,2.477228311346047,346.93,362.162,0,0
378.787963,0.7158630116408093,346.711,362.066,0,0
378.88795899999997,3.6914676823265076,346.803,361.718,0,0
378.987961,1.988417676228702,346.758,361.932,0,0
379.087956,3.646961107638275,346.901,361.907,0,0
379.187959,3.4611917847123794,346.831,361.811,0,0
379.287956,5.838539229774852,347.111,361.913,0,0
379.387952,4.692556882819636,346.954,361.824,0,0
379.487955,2.622177437171192,346.821,361.94,0,0
379.58794900000004,3.7701216962560102,346.988,362.048,0,0
379.687951,2.9006973771355633,346.824,361.898,0,0
379.787948,1.8930245511425217,346.854,362.129,0,0
379.887946,3.306064752753916,346.939,362.04,0,0
379.987942,2.3048735275699115,346.862,362.073,0,0
380.087942,-0.20046099364487327,346.727,362.261,0,0
380.187937,2.84522594916173,346.874,362.002,0,0
380.28794,-0.3203067268485821,346.632,362.108,0,0
380.387938,1.0554645021401083,346.77,362.123,0,0
380.487934,0.49702332736028,346.724,362.136,0,0
380.58793199999997,0.7478166404843614,346.623,361.907,0,0
380.687931,1.0097898579921585,346.716,362.033,0,0
380.787929,1.2492711549376792,346.721,362.001,0,0
380.887925,2.1843625287110324,346.807,361.997,0,0
380.987927,2.7606133400485153,346.852,361.98,0,0
381.087926,1.881220455324787,346.855,362.139,0,0
381.187919,3.255383412918279,346.976,362.123,0,0
381.287919,0.8741950218367979,346.806,362.225,0,0
381.387916,0.36307770092645375,346.821,362.342,0,0
381.487914,0.32236741191831986,346.712,362.149,0,0
381.58791499999995,-0.05587214004744246,346.72,362.23,0,0
381.687913,-0.3182369415253003,346.702,362.243,0,0
381.787908,1.019814441669906,346.856,362.294,0,0
381.88791200000003,1.396301082619507,346.862,362.24,0,0
381.98791,3.8368578570225824,347.117,362.285,0,0
382.08790600000003,4.583428222332884,347.208,362.323,0,0
382.187906,4.974870386581017,347.179,362.202,0,0
382.28790399999997,4.047466182345866,347.078,362.178,0,0
382.387901,3.095221415063328,347.004,362.208,0,0
382.487902,3.1424979261394252,347.018,362.226,0,0
382.587897,0.3082089197584216,346.797,362.313,0,0
382.68789799999996,0.24789900167814824,346.803,362.335,0,0
382.787897,0.5615918245684849,346.871,362.406,0,0
382.88789199999997,1.165665489775911,346.867,362.294,0,0
382.98789,-0.04629210872175123,346.638,362.084,0,0
383.08789,1.8962811043413472,346.972,362.361,0,0
383.187885,2.7539128959583956,346.986,362.238,0,0
383.28788299999997,2.2848839405720325,346.924,362.206,0,0
383.38788,5.042924243314723,347.14,362.124,0,0
383.48788299999995,4.512503398235412,347.101,362.145,0,0
383.587876,3.3620938970335787,347.005,362.169,0,0
383.687879,3.458542830592677,347.053,362.241,0,0
383.78787300000005,3.455263654053673,346.997,362.139,0,0
383.887875,4.703204705137669,347.099,362.11,0,0
383.98787,5.357382335180147,347.103,362.004,0,0
384.08786599999996,4.904181839845429,347.105,362.087,0,0
384.187857,3.835841705189603,347.001,362.082,0,0
384.287858,3.8866002219051525,346.905,361.897,0,0
384.387852,1.7085325973511485,346.914,362.293,0,0
384.487847,2.8252131179266087,346.99,362.239,0,0
384.587839,0.9364216036855183,346.822,362.259,0,0
384.687841,3.0933404366011787,346.923,362.07,0,0
384.787834,-0.0961472299593011,346.707,362.228,0,0
384.887825,1.1058079043501867,346.809,362.207,0,0
384.987822,2.3909837667153466,346.908,362.166,0,0
385.087818,2.8274505267046433,346.905,362.085,0,0
385.187817,1.9523769121830001,346.947,362.315,0,0
385.287809,4.186332010433142,346.983,361.993,0,0
385.38780599999996,3.762323150710201,346.972,362.047,0,0
385.487799,3.6311737442348306,347.005,362.131,0,0
385.58779599999997,2.1770976678361116,346.833,362.068,0,0
385.68779,1.199100061925042,346.712,362.016,0,0
385.78778600000004,0.591392903209885,346.732,362.159,0,0
385.887784,0.9140560671178373,346.734,362.107,0,0
385.98778100000004,3.9049424340575216,346.978,362.036,0,0
386.087769,0.9784106963024147,346.826,362.266,0,0
386.187767,-1.067852163281019,346.623,362.249,0,0
386.287763,-0.10333037036009035,346.602,362.043,0,0
386.387761,-0.4383782749491442,346.588,362.076,0,0
386.487756,3.224195367137221,346.939,362.085,0,0
386.58775,1.1583714274758847,346.776,362.145,0,0
386.687743,3.4359451241307584,346.927,362.027,0,0
386.78773700000005,1.7546760893285007,346.877,362.228,0,0
386.887738,-0.2870028885348409,346.694,362.247,0,0
386.987732,2.2519218865299444,346.917,362.216,0,0
387.08772600000003,0.41919830970788463,346.763,362.252,0,0
387.187724,0.989210184718849,346.771,362.168,0,0
387.287719,0.635322570437639,346.715,362.127,0,0
387.387715,6.078797898442993,347.173,362.023,0,0
387.487708,9.2944537204806,347.535,362.13,0,0
387.587705,12.098158391279515,347.87,362.259,0,0
387.68769799999995,13.629297586406745,347.964,362.166,0,0
387.787697,14.755607502770284,348.042,362.114,0,0
387.887691,11.870461826948528,347.845,362.254,0,0
387.987684,10.803261628123833,347.696,362.166,0,0
388.08767800000004,8.616268846394904,347.546,362.271,0,0
388.187677,9.652026915775943,347.56,362.117,0,0
388.287668,4.129695725448701,347.106,362.243,0,0
388.387663,7.970311067548386,347.176,361.704,0,0
388.487663,6.498159619495369,347.286,362.163,0,0
388.58765500000004,2.7422529498454886,346.936,362.173,0,0
388.687651,6.855887084108444,347.209,361.96,0,0
388.78764399999994,2.7188210944930917,346.861,362.04,0,0
388.88764399999997,4.097276145778446,347.021,362.095,0,0
388.987636,2.091460674424145,346.799,362.036,0,0
389.087631,2.039576415563286,346.877,362.189,0,0
389.187628,2.136026495547775,346.825,362.077,0,0
389.287623,2.0729168068482577,346.809,362.059,0,0
389.387623,4.247236400042055,346.991,362.016,0,0
389.487612,3.25769371964867,346.92,362.058,0,0
389.587611,4.952923568179917,347.098,362.091,0,0
389.68760499999996,4.135363766516247,346.965,361.989,0,0
389.787604,2.2502020583506126,346.818,362.047,0,0
389.88759600000003,4.273032978012731,346.971,361.977,0,0
389.987594,1.9294975505541654,346.76,361.997,0,0
390.08759000000003,3.5819926527842716,346.872,361.916,0,0
390.187579,0.5966261980531526,346.609,361.952,0,0
390.287578,1.4012991161409163,346.693,361.967,0,0
390.38756900000004,-0.5059362708343348,346.545,362.027,0,0
390.487568,-1.1731861501350243,346.486,362.035,0,0
390.587562,-1.0999737269374628,346.453,361.962,0,0
390.68756,-2.2359337003492823,346.31,361.897,0,0
390.787552,0.29579728530149424,346.622,362.031,0,0
390.88755,0.007840612157554234,346.613,362.065,0,0
390.98754599999995,-1.1081091456169503,346.442,361.945,0,0
391.08754100000004,-1.1047981214243832,346.435,361.932,0,0
391.18753399999997,0.9639793881916917,346.638,361.946,0,0
391.287528,2.129097331793745,346.755,361.959,0,0
391.387527,3.200159094189317,346.943,362.119,0,0
391.487523,2.929472060897744,346.859,362.012,0,0
391.587518,1.6031428537663877,346.748,362.039,0,0
391.687515,-0.7036164750304096,346.522,362.025,0,0
391.787506,3.1074470288323623,346.824,361.918,0,0
391.88750300000004,3.6146368568080702,346.894,361.959,0,0
391.987498,3.4002171163660586,346.93,362.063,0,0
392.0875,4.183716891322208,347.037,362.124,0,0
392.18749099999997,3.145524353173963,346.719,361.72,0,0
392.28749,1.5557045414016488,346.682,361.929,0,0
392.38749,1.384294248054202,346.665,361.928,0,0
392.487484,2.336333241770316,346.695,361.818,0,0
392.587479,2.5510688209282386,346.833,362.035,0,0
392.687479,1.69397044548754,346.643,361.835,0,0
392.787477,3.0445692781832663,346.827,361.939,0,0
392.887469,-0.04105296649924834,346.573,362.009,0,0
392.987469,1.4946142261984119,346.737,362.044,0,0
393.087467,1.5701027332898025,346.714,361.989,0,0
393.18746500000003,2.2662383667960673,346.816,362.056,0,0
393.28746,4.18215187367553,346.954,361.977,0,0
393.387459,5.771900710935622,346.978,361.745,0,0
393.48745,6.933506326928155,347.205,361.961,0,0
393.587453,4.1366157877114755,346.962,362.001,0,0
393.68745,4.836470932504038,346.96,361.876,0,0
393.78744300000005,4.812356999532169,347.064,362.072,0,0
393.887443,4.200302999889858,346.895,361.868,0,0
393.98744,3.4527930216222993,346.842,361.901,0,0
394.08743400000003,4.154669156266628,346.944,361.967,0,0
394.18743,5.423421666280572,347.117,362.065,0,0
394.28742800000003,6.991073247449009,347.19,361.927,0,0
394.387423,6.743083140676448,347.2,361.989,0,0
394.487419,9.059671148975116,347.371,361.901,0,0
394.587422,10.521326837472103,347.478,361.844,0,0
394.687418,9.124211145269776,347.269,361.703,0,0
394.78741499999995,11.81297138264948,347.479,361.622,0,0
394.887412,8.48087427734926,347.268,361.814,0,0
394.98740399999997,8.828979986645415,347.286,361.787,0,0
395.087404,7.241250101299396,347.153,361.819,0,0
395.18739899999997,7.545432962593162,347.2,361.853,0,0
395.287395,7.495624057079051,347.157,361.783,0,0
395.387394,4.600043044115442,347.04,362.072,0,0
395.487392,7.383070228650215,347.21,361.901,0,0
395.587388,6.461096458370464,347.078,361.819,0,0
395.68738299999995,9.174202783854163,347.324,361.8,0,0
395.787382,11.135848671088924,347.456,361.702,0,0
395.88737699999996,12.149816076192794,347.756,362.078,0,0
395.987377,13.03608799046279,347.77,361.95,0,0
396.08737099999996,9.4946676848989,347.293,361.689,0,0
396.187368,8.64436234217951,347.283,361.819,0,0
396.287364,7.4855885185903315,347.171,361.815,0,0
396.387361,6.399017068070537,347.018,361.723,0,0
396.48735899999997,6.37121435424584,347.101,361.881,0,0
396.587354,4.175196741181671,346.942,361.971,0,0
396.687356,5.08677959089633,346.891,361.719,0,0
396.787351,1.9525749743175733,346.746,361.998,0,0
396.887348,2.4809527616532225,346.643,361.717,0,0
396.987342,1.2097400437728614,346.572,361.808,0,0
397.087343,1.807916831404163,346.668,361.881,0,0
397.187335,1.2070299949264265,346.668,361.986,0,0
397.287337,-0.10987042532020123,346.453,361.82,0,0
397.38733,1.0701390084126046,346.585,361.858,0,0
397.48733000000004,1.2897201626147947,346.599,361.846,0,0
397.587327,1.9757685966818848,346.562,361.659,0,0
397.687326,3.5173651135556097,346.757,361.75,0,0
397.787317,0.06710901745420747,346.487,361.854,0,0
397.887314,-0.4795249130554175,346.478,361.933,0,0
397.98731599999996,0.6370442939202013,346.579,361.925,0,0
398.087311,0.5490299854879624,346.59,361.961,0,0
398.18730800000003,0.9727899435040468,346.507,361.735,0,0
398.28730099999996,3.3231085268779945,346.76,361.792,0,0
398.3873,5.428838709078627,346.979,361.829,0,0
398.4873,7.884911740623094,347.217,361.84,0,0
398.587293,7.132335266672976,347.107,361.769,0,0
398.687292,8.456925653697768,347.263,361.826,0,0
398.787287,8.396928176022074,347.331,361.962,0,0
398.88728399999997,7.300705781418114,347.126,361.776,0,0
398.987285,5.0619184357452225,346.951,361.844,0,0
399.087281,4.466126618746636,346.833,361.731,0,0
399.187276,5.962004863997535,346.934,361.657,0,0
399.28727299999997,6.721997585035099,347.054,361.746,0,0
399.387273,7.6015236097575585,347.194,361.851,0,0
399.48726899999997,5.775159266110782,347.008,361.827,0,0
399.587265,4.187613168949353,346.906,361.916,0,0
399.687263,2.2205645212061054,346.698,361.876,0,0
399.787255,4.36677489528081,346.848,361.779,0,0
399.88725400000004,3.8008176457000475,346.835,361.854,0,0
399.98725,2.6613261300497455,346.727,361.854,0,0
400.08725,5.4461060311542955,347.02,361.909,0,0
400.187248,3.2379078287189214,346.793,361.876,0,0
400.287244,3.87311003542036,346.805,361.788,0,0
400.387244,2.200951591187977,346.72,361.923,0,0
400.48724200000004,4.953160836936045,346.836,361.658,0,0
400.587241,3.376647564578319,346.722,361.723,0,0
400.687236,2.283107318833078,346.664,361.807,0,0
400.787232,1.4346412557152715,346.577,361.795,0,0
400.887235,2.1373992213915067,346.653,361.813,0,0
400.987227,1.122045188577759,346.535,361.773,0,0
401.087228,1.159052621712814,346.585,361.859,0,0
401.187223,-0.2549296078278259,346.463,361.881,0,0
401.287224,1.512168926214417,346.644,361.907,0,0
401.387221,2.3207221576067982,346.605,361.695,0,0
401.48722,3.591478470203527,346.807,361.846,0,0
401.58721299999996,4.4551647504591205,346.858,361.79,0,0
401.687212,3.831256879214217,346.858,361.899,0,0
401.78721,4.179097274795731,346.845,361.815,0,0
401.887209,3.918638699292151,346.856,361.881,0,0
401.98720299999997,5.445311256960225,346.936,361.763,0,0
402.087203,3.4416516004225413,346.824,361.906,0,0
402.187199,3.383523965758806,346.765,361.808,0,0
402.2872,5.0591357903289005,346.908,361.78,0,0
402.38719699999996,4.886938691393328,346.948,361.884,0,0
402.487196,5.4970583043956855,346.981,361.839,0,0
402.587195,4.596161699358047,346.901,361.849,0,0
402.68719400000003,3.1125201879897912,346.761,361.85,0,0
402.78718599999996,3.352995782206424,346.746,361.781,0,0
402.88718800000004,2.4892972894085377,346.763,361.963,0,0
402.987186,3.2718630050922255,346.721,361.75,0,0
403.087182,3.4585225179810974,346.752,361.775,0,0
403.18718199999995,1.1640620506935755,346.6,361.895,0,0
403.28717800000004,0.5056809971163682,346.55,361.918,0,0
403.387178,1.4323470952287694,346.595,361.84,0,0
403.487171,2.2011093015729912,346.568,361.657,0,0
403.58716999999996,1.1496084952150585,346.533,361.776,0,0
403.687167,3.11783257515721,346.739,361.813,0,0
403.787167,3.873431605238599,346.845,361.877,0,0
403.88716600000004,3.0665489755273363,346.769,361.878,0,0
403.987164,2.3902286407253617,346.726,361.917,0,0
404.08716,2.790665489509309,346.787,361.96,0,0
404.187156,1.2153064436743093,346.603,361.896,0,0
404.287157,3.350001539702216,346.728,361.755,0,0
404.387155,4.968559078293055,346.933,361.851,0,0
404.487152,4.073850906104822,346.865,361.882,0,0
404.587146,2.7689989963316557,346.843,362.069,0,0
404.687147,3.532211421960612,346.872,361.99,0,0
404.787146,1.6526991136134925,346.7,362.001,0,0
404.887143,3.0586593248903604,346.78,361.904,0,0
404.987142,2.3754807628318564,346.632,361.751,0,0
405.08714000000003,1.1504265779292309,346.542,361.799,0,0
405.187137,0.8193543878732786,346.586,361.938,0,0
405.287133,0.2830151479900662,346.572,362.006,0,0
405.38713299999995,5.299678447474873,347.044,362.002,0,0
405.487126,8.73297070421562,347.263,361.808,0,0
405.587128,8.46697711241983,347.255,361.84,0,0
405.687125,7.279367804147164,347.218,361.979,0,0
405.787123,7.238922116664454,347.146,361.854,0,0
405.88712,9.833569210008235,347.377,361.828,0,0
405.987119,9.473322351521434,347.359,361.858,0,0
406.08711200000005,10.823176292796825,347.45,361.791,0,0
406.187116,10.670261777211456,347.494,361.899,0,0
406.28711,8.943857938900443,347.293,361.83,0,0
406.38711,8.3785584830264,347.248,361.846,0,0
406.48710700000004,7.892139381640927,347.136,361.725,0,0
406.587101,6.565691634034951,347.05,361.798,0,0
406.687103,5.138130904092258,346.874,361.723,0,0
406.787098,5.654424555702061,346.909,361.698,0,0
406.88709600000004,4.618053556386569,346.92,361.899,0,0
406.987097,7.057117140636034,347.014,361.648,0,0
407.087093,3.597573954303447,346.804,361.864,0,0
407.187088,2.520558803168378,346.703,361.866,0,0
407.28709000000003,1.8042230616248702,346.641,361.877,0,0
407.38708399999996,1.634772611610598,346.628,361.883,0,0
407.48708600000003,2.2073759117190153,346.683,361.885,0,0
407.587082,4.19445971813679,346.806,361.766,0,0
407.687078,1.953522172358585,346.677,361.919,0,0
407.787075,2.4617347246504386,346.777,362.015,0,0
407.887076,3.586070309611438,346.832,361.921,0,0
407.98706599999997,3.6085799456654635,346.804,361.866,0,0
408.08706800000004,1.854780641310403,346.664,361.914,0,0
408.18706099999997,2.6820974572688434,346.717,361.868,0,0
408.28706,0.16508267259682283,346.532,361.966,0,0
408.387054,3.5006302168731205,346.801,361.881,0,0
408.487049,2.9185290400971184,346.768,361.922,0,0
408.587044,3.145868058714339,346.736,361.824,0,0
408.68703899999997,2.422833664529873,346.725,361.93,0,0
408.78703499999995,2.9883601528579544,346.644,361.683,0,0
408.887027,2.0126838557631794,346.614,361.798,0,0
408.987025,2.4615758239680514,346.716,361.908,0,0
409.087019,3.501566839773609,346.694,361.687,0,0
409.187013,2.3293026436292052,346.734,361.965,0,0
409.287012,4.958474724173287,346.815,361.657,0,0
409.38701000000003,1.6359512174173914,346.556,361.759,0,0
409.487006,1.403277601281617,346.518,361.73,0,0
409.587001,-0.8815728052097005,346.368,361.852,0,0
409.68699300000003,2.1946905645962205,346.544,361.641,0,0
409.78699,0.8129998420929261,346.568,361.926,0,0
409.886983,1.9580159458743136,346.613,361.81,0,0
409.986984,4.756104582102717,346.804,361.675,0,0
410.086973,2.0631965692084053,346.654,361.868,0,0
410.18697499999996,10.708922419994186,347.523,361.963,0,0
410.286968,11.628884261921353,347.544,361.842,0,0
410.38696000000004,10.587964909806564,347.385,361.731,0,0
410.486961,7.663595445267975,347.143,361.795,0,0
410.58695,9.060348797889937,347.158,361.58,0,0
410.68695,6.200063507997745,347.04,361.861,0,0
410.786944,7.160025372960855,347.055,361.722,0,0
410.886941,5.245284133721913,346.915,361.798,0,0
410.986934,4.0539692425024185,346.857,361.899,0,0
411.086932,4.890249865276879,346.869,361.776,0,0
411.186928,3.8665128381282936,346.835,361.892,0,0
411.28692,1.7621206594578003,346.67,361.955,0,0
411.38691600000004,3.3912478002153783,346.776,361.867,0,0
411.486911,2.2930327095739775,346.723,361.961,0,0
411.58691100000004,3.5334243565566714,346.808,361.902,0,0
411.686905,3.663699458563117,346.844,361.946,0,0
411.78689899999995,0.4206793274158952,346.636,362.128,0,0
411.886893,1.0887150623356787,346.556,361.865,0,0
411.986891,0.10979251152130261,346.542,362.01,0,0
412.086884,3.3977459315114698,346.769,361.856,0,0
412.18688199999997,2.9374806814042076,346.691,361.793,0,0
412.286876,6.075539132540777,346.931,361.689,0,0
412.38687400000003,7.65192791148429,347.238,361.98,0,0
412.486867,6.54085861479848,347.124,361.964,0,0
412.586863,5.294842222827768,347.013,361.977,0,0
412.68685800000003,7.521900870410958,347.125,361.796,0,0
412.786857,10.502009814961307,347.393,361.771,0,0
412.88685200000003,14.301375769111981,347.82,361.896,0,0
412.986843,13.939262651291997,347.754,361.838,0,0
413.086845,13.973005197520418,347.72,361.77,0,0
413.186836,11.716033129341342,347.371,361.521,0,0
413.286836,10.753856594929285,347.42,361.779,0,0
413.38682900000003,10.909706800027202,347.297,361.526,0,0
413.486827,7.656122508396197,347.038,361.616,0,0
413.586819,6.644588891206664,346.922,361.579,0,0
413.686811,5.999914727181492,346.907,361.664,0,0
413.786809,6.454131842528752,346.847,361.475,0,0
413.88680200000005,3.4577635439953314,346.652,361.638,0,0
413.986802,5.371453756951513,346.811,361.598,0,0
414.08679700000005,3.584299191985286,346.626,361.569,0,0
414.186793,4.22145121165823,346.692,361.58,0,0
414.286787,3.5788403768356165,346.681,361.672,0,0
414.386783,5.1424332115172025,346.777,361.577,0,0
414.48677899999996,3.772952118201027,346.669,361.617,0,0
414.586777,3.7926357767300356,346.694,361.66,0,0
414.686772,3.49742184913052,346.599,361.537,0,0
414.786766,-0.46102527908136787,346.369,361.803,0,0
414.886761,3.372193802328661,346.628,361.613,0,0
414.986755,1.213064494097359,346.46,361.68,0,0
415.086749,1.2941568466462023,346.412,361.578,0,0
415.186749,0.9326679241630471,346.464,361.737,0,0
415.28674,0.47997986752286315,346.359,361.623,0,0
415.386736,2.117338573566263,346.506,361.609,0,0
415.48673599999995,0.2384030330012127,346.427,361.791,0,0
415.586728,2.463126107033064,346.579,361.684,0,0
415.686723,2.4136190487501947,346.573,361.682,0,0
415.786718,1.4795125553922424,346.529,361.764,0,0
415.886718,1.361253895160234,346.554,361.831,0,0
415.986714,2.8701128950684573,346.672,361.786,0,0
416.086709,-0.24416955495780152,346.399,361.826,0,0
416.186705,1.2809990412720649,346.543,361.826,0,0
416.28670500000004,0.6931308143627601,346.435,361.73,0,0
416.386704,0.12426789791483564,346.5,361.949,0,0
416.48669900000004,2.2866962790191,346.626,361.805,0,0
416.586693,0.9656686009739259,346.609,362.004,0,0
416.686691,1.167897131967894,346.573,361.903,0,0
416.786689,1.0710304052819852,346.556,361.889,0,0
416.88668800000005,4.750413856077834,346.876,361.838,0,0
416.986682,4.770557800172665,346.863,361.811,0,0
417.08668,2.3245397750841965,346.632,361.812,0,0
417.18667999999997,2.749240677113966,346.729,361.917,0,0
417.286677,1.357682988558214,346.595,361.913,0,0
417.386671,1.2985318657795852,346.537,361.817,0,0
417.486667,1.6506379384515601,346.513,361.712,0,0
417.58666700000003,4.953675426093077,346.861,361.778,0,0
417.68665899999996,6.591062180785498,346.908,361.58,0,0
417.786659,8.340113826231974,347.096,361.622,0,0
417.886655,5.763971271233003,346.869,361.653,0,0
417.98665,4.663472566369905,346.681,361.499,0,0
418.08665,5.206781539733937,346.799,361.622,0,0
418.186647,4.6464248190584785,346.836,361.788,0,0
418.286645,7.082674196679622,346.883,361.451,0,0
418.386644,4.626029952506308,346.751,361.636,0,0
418.48663799999997,3.5339594696333827,346.735,361.797,0,0
418.586637,4.52651315427368,346.752,361.656,0,0
418.686632,2.528022575516678,346.653,361.822,0,0
418.786631,3.3387521805743035,346.624,361.628,0,0
418.886625,4.9786205853038235,346.762,361.597,0,0
418.986625,3.1839982977093917,346.76,361.906,0,0
419.08661800000004,5.116790600766901,346.792,361.629,0,0
419.18661599999996,4.518761850079435,346.745,361.647,0,0
419.28661200000005,2.5898945350465192,346.714,361.926,0,0
419.386613,2.9601500760149313,346.689,361.816,0,0
419.48661,4.261652635441072,346.745,361.693,0,0
419.586606,0.7312082327488928,346.562,361.971,0,0
419.686601,3.671592904432911,346.617,361.561,0,0
419.786598,1.9514521929258117,346.609,361.846,0,0
419.886595,-0.5148346924372066,346.425,361.937,0,0
419.98659000000004,-0.07837626624918392,346.403,361.821,0,0
420.086591,1.2534714022452231,346.451,361.678,0,0
420.18658600000003,3.2112047202183,346.737,361.864,0,0
420.286585,0.43021330050197726,346.514,361.938,0,0
420.38657900000004,1.48303085295579,346.428,361.597,0,0
420.486576,0.9316210362121894,346.474,361.778,0,0
420.58657400000004,1.7337452406527172,346.648,361.959,0,0
420.686572,2.1396014145535838,346.678,361.944,0,0
420.786572,2.565036547034535,346.618,361.76,0,0
420.886568,3.7800725264052355,346.718,361.733,0,0
420.98656300000005,3.430765292660229,346.688,361.739,0,0
421.08655699999997,0.7717919680141847,346.576,361.996,0,0
421.186556,1.416517996052408,346.565,361.864,0,0
421.286554,1.2320388941809601,346.537,361.845,0,0
421.386553,2.899923983435979,346.707,361.868,0,0
421.486546,5.824159326457819,346.867,361.654,0,0
421.586545,3.201333125871723,346.622,361.66,0,0
421.68654399999997,0.5212070984608336,346.508,361.917,0,0
421.786541,3.210723760069676,346.667,361.742,0,0
421.886534,0.6389387769466082,346.404,361.706,0,0
421.986532,1.7509395748104755,346.591,361.857,0,0
422.086533,0.7338523707830723,346.431,361.74,0,0
422.18652399999996,2.672328662132432,346.563,361.646,0,0
422.28652500000004,1.206901366163244,346.528,361.837,0,0
422.386525,1.9899972827360857,346.554,361.749,0,0
422.486518,1.878135607666784,346.572,361.802,0,0
422.58651799999996,2.078020645976247,346.551,361.729,0,0
422.686509,1.0873169304431496,346.506,361.819,0,0
422.786512,-0.23507111504556066,346.353,361.768,0,0
422.886506,-0.6876243570587863,346.354,361.849,0,0
422.98650699999996,-1.3415155054606573,346.249,361.77,0,0
423.086502,1.201032364134857,346.549,361.88,0,0
423.1865,1.6422759983147261,346.578,361.857,0,0
423.286494,4.162114986161218,346.759,361.752,0,0
423.38649300000003,6.132740262003694,346.956,361.772,0,0
423.48648599999996,3.4176970485645013,346.755,361.875,0,0
423.586484,2.3302587734340587,346.584,361.75,0,0
423.686479,2.00159627085238,346.619,361.872,0,0
423.786477,2.217773743471559,346.649,361.89,0,0
423.886476,2.753533937284361,346.594,361.696,0,0
423.986474,6.46569913110301,347.022,361.838,0,0
424.086471,5.180773410498487,346.872,361.786,0,0
424.186466,6.274403608264681,346.979,361.793,0,0
424.28646399999997,6.532886695141754,346.988,361.765,0,0
424.386457,3.7196368585690207,346.875,362.047,0,0
424.486452,6.818132010494622,346.983,361.707,0,0
424.586452,7.6505796845661935,347.149,361.868,0,0
424.686448,9.360979808571072,347.304,361.856,0,0
424.786444,12.232300196592284,347.509,361.734,0,0
424.886439,11.154237587020527,347.434,361.784,0,0
424.986439,8.98266184745307,347.192,361.717,0,0
425.08643199999995,8.314481155213274,347.14,361.738,0,0
425.186426,8.687416251495755,347.212,361.806,0,0
425.286425,8.475539362454253,347.22,361.858,0,0
425.38642,10.416084413603262,347.306,361.679,0,0
425.486419,9.032039821420073,347.22,361.762,0,0
425.586411,9.219025845219663,347.213,361.717,0,0
425.686411,8.50716902011929,347.146,361.718,0,0
425.786404,10.053641358641903,347.323,361.775,0,0
425.886403,9.682266641160895,347.217,361.645,0,0
425.986396,8.622077425703354,347.26,361.909,0,0
426.086397,9.24195434957199,347.226,361.739,0,0
426.186392,8.415387583589052,347.14,361.725,0,0
426.286388,6.402366867630927,347.038,361.888,0,0
426.386387,6.316944011686351,346.996,361.826,0,0
426.48638,4.804646204622795,346.837,361.797,0,0
426.58638,5.575517655559822,346.895,361.77,0,0
426.686376,6.504778435282162,346.962,361.732,0,0
426.78636800000004,4.226948500973336,346.798,361.827,0,0
426.886369,7.093926468775688,346.914,361.542,0,0
426.98636200000004,5.7250359971420925,346.849,361.661,0,0
427.086359,9.475399222200275,347.148,361.559,0,0
427.186358,8.544217897770013,347.082,361.6,0,0
427.28634999999997,10.032061175028606,347.254,361.658,0,0
427.386346,10.640586988187195,347.401,361.823,0,0
427.486343,13.177868718048385,347.588,361.726,0,0
427.58634,13.55359214851969,347.557,361.604,0,0
427.686334,13.220585990204102,347.478,361.517,0,0
427.78633399999995,11.699740610790293,347.397,361.633,0,0
427.886328,17.447930520266915,348.017,361.774,0,0
427.986327,16.358873671797866,347.804,361.572,0,0
428.086322,13.856687712902103,347.584,361.603,0,0
428.18632,14.056018094791304,347.701,361.784,0,0
428.286315,12.333604772530562,347.508,361.729,0,0
428.386312,13.854820778156368,347.575,361.588,0,0
428.486308,10.997223470088906,347.354,361.679,0,0
428.586304,11.353090584898563,347.507,361.899,0,0
428.686299,11.166530066103311,347.4,361.735,0,0
428.786299,9.839039034090858,347.265,361.718,0,0
428.886292,9.369910027279287,347.234,361.743,0,0
428.986287,9.03640883216279,347.218,361.772,0,0
429.086284,8.891916562145596,347.109,361.597,0,0
429.186278,10.52713075198012,347.227,361.53,0,0
429.286279,8.176649540163053,347.042,361.599,0,0
429.386276,5.170971418918572,346.882,361.828,0,0
429.486268,9.396284183271103,347.152,361.59,0,0
429.586266,10.060493786796236,347.151,361.473,0,0
429.686265,11.093348824738703,347.374,361.704,0,0
429.78626199999997,11.538696647087383,347.386,361.649,0,0
429.886256,13.389996286295961,347.519,361.572,0,0
429.986255,14.854812494761386,347.741,361.726,0,0
430.08624599999996,26.57031271209242,348.709,361.469,0,0
430.186247,27.624302899845983,348.959,361.746,0,0
430.28623999999996,26.753377974762408,348.79,361.587,0,0
430.386235,21.339026306845707,348.362,361.742,0,0
430.48623499999997,19.86784384716336,348.227,361.75,0,0
430.586232,19.62765250503979,348.247,361.829,0,0
430.686225,18.512819186180028,348.062,361.683,0,0
430.786221,20.566922734931442,348.087,361.372,0,0
430.886219,16.453176204137502,347.907,361.757,0,0
430.986211,19.09549932553934,348.086,361.627,0,0
431.086213,21.193425309137094,348.307,361.669,0,0
431.18620699999997,20.85467206259148,348.178,361.491,0,0
431.28620400000005,20.00109118104196,348.29,361.846,0,0
431.386197,20.35558814547341,348.382,361.954,0,0
431.486197,23.158657926850275,348.43,361.555,0,0
431.58619300000004,17.7569082979004,348.082,361.855,0,0
431.686189,15.12622620919393,347.783,361.763,0,0
431.786186,14.582148984749837,347.721,361.744,0,0
431.886179,13.258308004182469,347.607,361.765,0,0
431.98618,10.914758932598357,347.302,361.612,0,0
432.086177,9.766526971321687,347.247,361.711,0,0
432.186176,9.530471327687371,347.25,361.758,0,0
432.28617599999995,8.795151979427855,347.121,361.649,0,0
432.386173,8.647392591097807,347.078,361.596,0,0
432.48616999999996,7.191339920041403,347.014,361.732,0,0
432.586171,6.39968285072171,346.915,361.688,0,0
432.686168,8.83601513458734,347.093,361.592,0,0
432.786172,7.285245000999813,347.032,361.75,0,0
432.88617,8.296541900242673,347.091,361.683,0,0
432.986169,8.786473680195202,347.092,361.6,0,0
433.086163,9.250872285600154,347.127,361.584,0,0
433.18616,8.633912469631678,347.063,361.574,0,0
433.286165,8.547527506102895,347.022,361.514,0,0
433.386164,7.728038548281121,346.947,361.519,0,0
433.486157,10.391192557494223,347.297,361.7,0,0
433.586158,11.223422512060504,347.307,361.574,0,0
433.68615500000004,8.847403676499486,347.106,361.618,0,0
433.786153,9.993868960391445,347.168,361.533,0,0
433.88615100000004,9.971370941634643,347.17,361.541,0,0
433.986156,7.378795348632447,346.967,361.619,0,0
434.08615299999997,5.704792520881515,346.915,361.815,0,0
434.186149,8.211965901544952,346.991,361.519,0,0
434.28614899999997,3.785813104129044,346.732,361.813,0,0
434.38615100000004,8.690840207611693,347.094,361.626,0,0
434.48614299999997,5.709321416599575,346.814,361.63,0,0
434.58614500000004,7.656185378426139,347.043,361.713,0,0
434.686141,6.511650187919732,346.909,361.666,0,0
434.78614,7.445472445419025,346.946,361.572,0,0
434.88614399999994,7.238082835584535,347.074,361.844,0,0
434.98614000000003,9.558785444628098,347.209,361.689,0,0
435.086141,9.723406578834448,347.22,361.681,0,0
435.18613400000004,10.117894909716096,347.281,361.725,0,0
435.28613299999995,9.3505635323163,347.243,361.789,0,0
435.38613699999996,6.505349921354407,346.996,361.83,0,0
435.486136,7.349560819066951,346.918,361.54,0,0
435.586134,8.603773458913762,347.119,361.692,0,0
435.68613400000004,4.139026779283099,346.777,361.84,0,0
435.786132,4.817691560955787,346.754,361.68,0,0
435.88612800000004,5.352847913379908,346.862,361.786,0,0
435.986126,5.404142334859572,346.84,361.737,0,0
436.08612300000004,3.738905375462044,346.691,361.753,0,0
436.18612099999996,6.783017217468581,346.933,361.669,0,0
436.286121,5.5065025723144965,346.83,361.702,0,0
436.386118,6.676655650121459,346.835,361.508,0,0
436.486116,5.932511763106757,346.853,361.671,0,0
436.586122,6.398026259310649,346.918,361.71,0,0
436.686118,3.6411130933272644,346.6,361.605,0,0
436.786115,4.046166532220046,346.662,361.649,0,0
436.886118,4.577409880157575,346.768,361.752,0,0
436.986115,2.061857427117923,346.5,361.697,0,0
437.086113,4.890599360267113,346.645,361.472,0,0
437.18611,3.142610793409425,346.461,361.438,0,0
437.286109,3.324406510217051,346.597,361.657,0,0
437.38611,4.12715255469427,346.689,361.687,0,0
437.486106,4.067216507078919,346.563,361.466,0,0
437.58610200000004,2.566757405522679,346.516,361.641,0,0
437.686107,1.7031159361048962,346.414,361.604,0,0
437.786103,3.122437725123226,346.473,361.466,0,0
437.886098,3.05095074908416,346.472,361.477,0,0
437.98609799999997,3.1879225603588206,346.588,361.667,0,0
438.086103,1.4893594892755968,346.394,361.606,0,0
438.18609999999995,2.502215959960109,346.495,361.616,0,0
438.286097,3.7444960513328294,346.609,361.61,0,0
438.38609499999995,7.737528214575619,346.969,361.578,0,0
438.486095,6.540054979481402,346.93,361.715,0,0
438.586093,7.991063155796925,347.067,361.715,0,0
438.68609200000003,6.632741714000718,346.853,361.558,0,0
438.786091,5.870411826736752,346.897,361.772,0,0
438.886088,4.917783764543598,346.823,361.802,0,0
438.98609000000005,4.836917397868322,346.701,361.592,0,0
439.08608399999997,3.863149938839341,346.6,361.576,0,0
439.186084,5.984925819729305,346.845,361.658,0,0
439.286086,5.63711953058342,346.807,361.649,0,0
439.386084,3.8346654361691606,346.551,361.492,0,0
439.48607799999996,4.338542560186936,346.643,361.574,0,0
439.586077,3.650272707424998,346.594,361.604,0,0
439.686082,5.335039063398189,346.808,361.705,0,0
439.786076,2.9408441063117805,346.558,361.662,0,0
439.886076,3.2824541898063058,346.564,361.614,0,0
439.98606900000004,2.412802872347966,346.506,361.659,0,0
440.086071,2.972319937050518,346.575,361.689,0,0
440.186064,2.1007842170422917,346.619,361.922,0,0
440.28606,6.073868490900053,346.832,361.623,0,0
440.386057,5.173184180348836,346.764,361.655,0,0
440.48605699999996,3.0851800989496097,346.556,361.636,0,0
440.586051,1.5621907480269275,346.471,361.745,0,0
440.686052,3.4046593922556068,346.676,361.802,0,0
440.786043,1.9435030668812918,346.605,361.926,0,0
440.88604200000003,2.803289775549662,346.585,361.74,0,0
440.986041,0.139660405703226,346.328,361.731,0,0
441.086033,3.250632308273597,346.591,361.674,0,0
441.186033,3.2869060096614273,346.679,361.83,0,0
441.28603000000004,6.161536514080723,346.974,361.873,0,0
441.38603,5.100681374962464,346.749,361.644,0,0
441.48602500000004,5.73348648864913,346.907,361.825,0,0
441.58602,2.9222653139419483,346.648,361.838,0,0
441.686017,4.168010831711871,346.677,361.675,0,0
441.78601199999997,2.136724781667847,346.601,361.889,0,0
441.88601,1.4252578334797759,346.471,361.774,0,0
441.986009,0.40621015215585293,346.313,361.661,0,0
442.086001,2.610486938799107,346.587,361.782,0,0
442.186004,1.7817357500094013,346.547,361.853,0,0
442.286,0.15898795066630342,346.408,361.88,0,0
442.38599300000004,2.195943643659385,346.589,361.859,0,0
442.485989,-0.35296607105714967,346.301,361.773,0,0
442.585988,-0.8414743631536902,346.241,361.748,0,0
442.685981,0.7283512865401157,346.405,361.777,0,0
442.78598,1.6860682977841588,346.366,361.539,0,0
442.885977,-0.43720146891268946,346.34,361.861,0,0
442.985972,-0.3050318201487523,346.33,361.82,0,0
443.085972,-0.8809204590620505,346.315,361.893,0,0
443.185969,-1.05494669175443,346.263,361.828,0,0
443.285962,-1.546738563205585,346.344,362.063,0,0
443.38595799999996,-1.657037647057215,346.179,361.779,0,0
443.485955,-0.5164086784108373,346.316,361.833,0,0
443.585955,-0.8065616521913159,346.334,361.917,0,0
443.68595,-1.6562324374868924,346.273,361.953,0,0
443.785949,-1.7698023628490789,346.224,361.883,0,0
443.885945,1.6699152495322591,346.442,361.686,0,0
443.98594099999997,0.23885153316108054,346.382,361.825,0,0
444.085941,0.5227486817644632,346.357,361.73,0,0
444.18593400000003,0.84242741569228,346.518,361.971,0,0
444.285929,-1.0177761611152856,346.306,361.905,0,0
444.385929,-2.5566325876794727,346.182,361.945,0,0
444.485924,1.3980170268223282,346.44,361.732,0,0
444.585924,0.4513633232110631,346.297,361.634,0,0
444.685917,1.5505966271428846,346.454,361.732,0,0
444.785913,-0.17607027724036195,346.303,361.755,0,0
444.885912,1.4940112464846023,346.383,361.612,0,0
444.985912,1.814659693718225,346.418,361.621,0,0
445.085905,6.02578870452461,346.847,361.678,0,0
445.185903,6.01225176682777,346.708,361.425,0,0
445.2859,7.943641067246537,346.96,361.553,0,0
445.385898,5.4103007400288625,346.78,361.663,0,0
445.48589000000004,4.830068952607617,346.676,361.573,0,0
445.58589,1.9859003565217697,346.534,361.807,0,0
445.685882,3.152796027115007,346.505,361.551,0,0
445.78588299999996,1.0383309933059288,346.282,361.509,0,0
445.885879,3.9265079381931893,346.556,361.511,0,0
445.985874,2.226708856688767,346.457,361.625,0,0
446.085869,3.4319281593717355,346.58,361.642,0,0
446.18586700000003,2.909836052865362,346.519,361.621,0,0
446.285864,4.281962358120536,346.623,361.574,0,0
446.38586200000003,5.133210621421153,346.606,361.395,0,0
446.485861,4.401380529841861,346.723,361.738,0,0
446.58585800000003,3.2563112836484316,346.602,361.715,0,0
446.685852,3.269640441657158,346.515,361.553,0,0
446.78585200000003,2.5631787553023515,346.442,361.542,0,0
446.885849,-0.2770574724194201,346.227,361.641,0,0
446.985842,3.331390718195225,346.424,361.376,0,0
447.08583799999997,1.6458724199313013,346.247,361.344,0,0
447.185836,1.6653141857911204,346.372,361.571,0,0
447.28583000000003,1.4857665150689268,346.276,361.426,0,0
447.385828,0.6365079832152529,346.277,361.576,0,0
447.48582500000003,0.68040894051298,346.188,361.405,0,0
447.585821,-1.4819274120627326,346.067,361.559,0,0
447.68581800000004,-1.3279532720620777,346.077,361.551,0,0
447.785817,-0.3349258318713551,346.187,361.581,0,0
447.88581400000004,-1.7783717626143714,346.003,361.494,0,0
447.98581199999995,-0.23614307086025163,346.122,361.445,0,0
448.08580800000004,-1.4598636869827888,346.049,361.524,0,0
448.18580699999995,3.3496430295855597,346.496,361.51,0,0
448.285803,4.712785578967193,346.616,361.494,0,0
448.385799,3.151805297688629,346.566,361.674,0,0
448.48579700000005,9.48080061267657,347.198,361.736,0,0
448.58579,9.927889751512215,347.183,361.631,0,0
448.685788,9.649245941954351,347.101,361.529,0,0
448.785783,9.817046268963985,347.021,361.353,0,0
448.88578,8.308697589671219,346.995,361.568,0,0
448.985776,6.2087180453408,346.725,361.437,0,0
449.08578,5.725217163785624,346.697,361.47,0,0
449.185772,7.752307001844214,346.745,361.206,0,0
449.285773,6.7754406538036145,346.766,361.415,0,0
449.385769,5.376589770049719,346.571,361.3,0,0
449.485767,5.550490800889329,346.728,361.559,0,0
449.585762,5.532502612854437,346.725,361.557,0,0
449.68575799999996,8.260947949169411,346.854,361.32,0,0
449.785753,5.6590708444644475,346.686,361.464,0,0
449.885754,6.9187651950550535,346.781,361.42,0,0
449.985751,4.090471732775544,346.553,361.493,0,0
450.085748,3.958683330983746,346.555,361.52,0,0
450.185741,3.155874212716216,346.493,361.546,0,0
450.285744,2.8882508094879644,346.424,361.466,0,0
450.38574,2.6605868283060827,346.449,361.552,0,0
450.48573200000004,3.430896365848368,346.42,361.365,0,0
450.585733,2.5128374339397332,346.527,361.722,0,0
450.68573,3.453192919264937,346.663,361.809,0,0
450.785727,2.5005302295185197,346.514,361.701,0,0
450.88572,1.5039454442355396,346.394,361.654,0,0
450.98571999999996,-1.116781694964118,346.209,361.77,0,0
451.085717,-0.04074592938260715,346.235,361.631,0,0
451.18571000000003,-0.20353874259897806,346.152,361.507,0,0
451.285709,1.0246084894793142,346.35,361.658,0,0
451.385711,2.2144078087373247,346.446,361.628,0,0
451.485706,7.146514910363309,346.691,361.221,0,0
451.58570199999997,4.11516523996956,346.59,361.563,0,0
451.685701,2.994247496317107,346.374,361.361,0,0
451.78569500000003,4.132308490085868,346.495,361.386,0,0
451.885693,5.072895587934982,346.612,361.438,0,0
451.985687,4.489803146483207,346.661,361.63,0,0
452.085684,4.474831916082435,346.561,361.449,0,0
452.185686,4.8174988346503715,346.622,361.502,0,0
452.285684,5.009362299293535,346.672,361.561,0,0
452.385675,5.157087128491366,346.72,361.624,0,0
452.485677,5.560038880896338,346.653,361.431,0,0
452.58567200000005,2.248486851148194,346.463,361.658,0,0
452.685665,5.935492751113041,346.737,361.521,0,0
452.78566600000005,4.85860970662066,346.748,361.729,0,0
452.885662,4.653293328800869,346.63,361.548,0,0
452.985658,4.777160162378195,346.554,361.387,0,0
453.08565999999996,3.935230493176323,346.547,361.521,0,0
453.18565,3.9576806229712576,346.55,361.523,0,0
453.28565100000003,3.5544017271935444,346.491,361.485,0,0
453.385648,4.716850146873448,346.548,361.388,0,0
453.48564500000003,2.8919669250674165,346.41,361.452,0,0
453.585645,3.5134594289305627,346.524,361.554,0,0
453.685641,2.343771313676196,346.361,361.458,0,0
453.78563299999996,1.7889940149814565,346.298,361.439,0,0
453.88563500000004,0.6808794688230453,346.218,361.485,0,0
453.985629,-1.5522662160228664,346.024,361.517,0,0
454.085626,0.1705831283223662,346.234,361.604,0,0
454.185624,-0.7880940492970419,346.129,361.578,0,0
454.285621,-0.004048311427948761,346.185,361.545,0,0
454.38561599999997,0.4544714316485615,346.245,361.576,0,0
454.485613,1.987908638054957,346.411,361.615,0,0
454.58561,5.554915911673483,346.653,361.44,0,0
454.685611,6.712476140577467,346.834,361.572,0,0
454.785608,5.737722936332014,346.684,361.466,0,0
454.885599,7.733210035219182,346.91,361.535,0,0
454.985603,8.974758477065775,346.906,361.312,0,0
455.08559499999996,5.400411003908876,346.758,361.662,0,0
455.18559600000003,5.683316484186242,346.759,361.615,0,0
455.285594,6.327842913392227,346.748,361.483,0,0
455.38558500000005,3.7526260797865945,346.526,361.523,0,0
455.485582,3.404502371354969,346.482,361.503,0,0
455.58558500000004,4.2078611385534765,346.517,361.428,0,0
455.685582,1.8657037540873074,346.404,361.628,0,0
455.78557900000004,8.1330850720031,346.953,361.548,0,0
455.88557199999997,9.821668607987457,347.169,361.652,0,0
455.98557,10.90412887028654,347.163,361.453,0,0
456.08556400000003,9.594156342245507,347.09,361.547,0,0
456.185565,7.371995749017676,346.984,361.739,0,0
456.285565,8.987746447776434,347.098,361.668,0,0
456.385558,7.176680023839823,346.87,361.564,0,0
456.485555,6.162574675229537,346.794,361.601,0,0
456.585558,6.506387049609118,346.81,361.571,0,0
456.685553,5.666516160506675,346.782,361.666,0,0
456.785549,3.4860224483478937,346.537,361.595,0,0
456.88555099999996,2.597185472014374,346.506,361.693,0,0
456.985545,5.0278715465959305,346.665,361.563,0,0
457.08554399999997,2.3523777038550335,346.527,361.775,0,0
457.185538,2.337574076306597,346.508,361.743,0,0
457.285535,3.341384456491582,346.55,361.646,0,0
457.385534,1.670952564930502,346.444,361.742,0,0
457.48553000000004,0.47316836005315266,346.349,361.776,0,0
457.585531,2.339734354375943,346.434,361.608,0,0
457.685529,0.34126440419424614,346.291,361.693,0,0
457.785523,0.03382459965024159,346.234,361.642,0,0
457.885523,1.2601507673572927,346.309,361.567,0,0
457.985524,-0.8196804089524552,346.117,361.576,0,0
458.085521,1.0679885979886445,346.304,361.592,0,0
458.185515,0.8715734336668445,346.27,361.564,0,0
458.285511,3.207320449561007,346.401,361.399,0,0
458.38551,2.428106072223822,346.432,361.592,0,0
458.485507,3.5348626508169065,346.562,361.639,0,0
458.585503,4.183040832217796,346.572,361.545,0,0
458.68550400000004,2.1317040964837055,346.399,361.584,0,0
458.785499,2.7938975590886854,346.425,361.517,0,0
458.8855,2.4694052970904057,346.449,361.618,0,0
458.985494,0.7403668879612814,346.288,361.623,0,0
459.08549,2.5861656638740795,346.533,361.753,0,0
459.18549,2.8720698329198653,346.462,361.573,0,0
459.285491,2.9195442356014008,346.469,361.578,0,0
459.385487,4.333919560675056,346.527,361.439,0,0
459.48548,4.465317600787826,346.499,361.365,0,0
459.585484,3.503127033180125,346.479,361.496,0,0
459.68548100000004,4.580708223131869,346.547,361.434,0,0
459.785473,1.3261575481649923,346.295,361.537,0,0
459.88547600000004,3.334974781983439,346.469,361.508,0,0
459.985473,3.5293410403053644,346.485,361.504,0,0
460.085472,2.155024064817233,346.307,361.416,0,0
460.18546899999996,1.3574437491770077,346.258,361.465,0,0
460.28546600000004,1.9044033102186746,346.403,361.637,0,0
460.385463,3.5027068072574483,346.411,361.374,0,0
460.485456,2.0787189364990226,346.262,361.348,0,0
460.58545899999996,1.7528541606794543,346.25,361.383,0,0
460.685457,2.821663258725984,346.39,361.455,0,0
460.785451,2.586843925857589,346.354,361.43,0,0
460.885448,3.508539929306398,346.454,361.454,0,0
460.985446,1.2151252659111353,346.263,361.502,0,0
461.085442,1.9658100397298002,346.299,361.438,0,0
461.185443,0.9229549510369998,346.198,361.434,0,0
461.285442,0.9046558595413624,346.239,361.513,0,0
461.385435,3.1095207583778715,346.506,361.621,0,0
461.485436,-0.3436375649424343,346.195,361.65,0,0
461.58543,0.14708747712806197,346.12,361.427,0,0
461.685429,0.2669257653223039,346.217,361.585,0,0
461.785427,1.455739386066004,346.339,361.603,0,0
461.88542099999995,5.340625060227869,346.629,361.461,0,0
461.985419,6.4875618424058,346.834,361.639,0,0
462.085418,6.567924997244637,346.774,361.515,0,0
462.18541999999997,4.847832092280156,346.622,361.535,0,0
462.285411,5.34605419135908,346.745,361.675,0,0
462.38541200000003,6.0843071403380105,346.807,361.661,0,0
462.485409,7.873373647082564,346.895,361.512,0,0
462.58540999999997,6.78637346715083,346.792,361.512,0,0
462.685407,8.793065677746526,347.062,361.66,0,0
462.78540000000004,7.943779248052683,346.938,361.58,0,0
462.885403,8.843634305299247,347.018,361.571,0,0
462.985396,7.8812312220165355,346.917,361.553,0,0
463.085391,8.019949149099103,346.931,361.555,0,0
463.185391,8.740480071643772,347.031,361.614,0,0
463.285392,12.249028188336116,347.324,361.543,0,0
463.385387,13.79690084022548,347.493,361.585,0,0
463.485386,11.06969209602563,347.255,361.622,0,0
463.585379,11.624265203775723,347.298,361.605,0,0
463.68537699999996,8.194539172076476,346.999,361.652,0,0
463.78537900000003,8.366611495592226,346.958,361.547,0,0
463.885377,8.774720585737734,347.054,361.653,0,0
463.98537300000004,5.703389165547504,346.759,361.645,0,0
464.08537,7.078884380147373,346.828,361.533,0,0
464.185365,4.8681984902328015,346.672,361.631,0,0
464.28535899999997,5.940669141520627,346.808,361.695,0,0
464.385356,4.524248723217534,346.657,361.664,0,0
464.485358,5.404591828461107,346.652,361.502,0,0
464.58534999999995,3.0166918517635053,346.42,361.491,0,0
464.68534999999997,1.8266420339207419,346.429,361.715,0,0
464.785347,3.4984683542538333,346.482,361.522,0,0
464.885343,0.881781370431908,346.355,361.744,0,0
464.985337,-0.09580622578729288,346.258,361.736,0,0
465.08533500000004,2.6757655066686774,346.415,361.543,0,0
465.185332,2.0951586886688434,346.405,361.626,0,0
465.285327,2.882405315257146,346.37,361.425,0,0
465.385329,3.0865827564172523,346.494,361.618,0,0
465.48532400000005,0.20990317241291248,346.331,361.819,0,0
465.58532199999996,-0.2945736609354586,346.232,361.725,0,0
465.685319,1.0528808362418745,346.269,361.559,0,0
465.78531599999997,0.7370553930359752,346.371,361.802,0,0
465.885308,1.2371534235663013,346.367,361.708,0,0
465.985306,2.205548331605851,346.335,361.481,0,0
466.08530099999996,3.5159197753704254,346.531,361.614,0,0
466.185301,1.401563295389596,346.339,361.629,0,0
466.285297,4.634023046855448,346.576,361.503,0,0
466.385292,4.083769901062316,346.533,361.52,0,0
466.485287,3.4215803520639647,346.443,361.47,0,0
466.585286,4.506919481749263,346.565,361.506,0,0
466.68528299999997,3.0415115613041013,346.436,361.524,0,0
466.785283,3.583881612548474,346.486,361.522,0,0
466.885277,3.089745417005064,346.382,361.417,0,0
466.98527,2.0488632916940124,346.435,361.696,0,0
467.08527100000003,3.326932704105172,346.36,361.336,0,0
467.185264,6.082085613301728,346.716,361.512,0,0
467.285266,6.192262928635676,346.761,361.576,0,0
467.385259,5.605475695127014,346.664,361.5,0,0
467.485256,4.120722368492732,346.606,361.652,0,0
467.585254,4.635293837969374,346.605,361.561,0,0
467.685252,3.3577323811965383,346.403,361.412,0,0
467.78524699999997,3.6563754558820776,346.543,361.618,0,0
467.885244,4.957408158775105,346.518,361.346,0,0
467.98523700000004,5.833122875231982,346.543,361.24,0,0
468.085239,3.141013293495698,346.423,361.488,0,0
468.185233,2.720848839271469,346.426,361.567,0,0
468.285229,1.7676192526519137,346.315,361.529,0,0
468.38523,-1.488403249621706,346.177,361.842,0,0
468.48522399999996,2.0771582208484123,346.408,361.647,0,0
468.585222,3.535571031895574,346.593,361.734,0,0
468.68521999999996,2.7271894452489227,346.437,361.588,0,0
468.785211,3.992543606001054,346.507,361.497,0,0
468.885211,0.4648397283279612,346.252,361.642,0,0
468.985208,1.6766170777014555,346.349,361.61,0,0
469.08520699999997,2.5690920229216125,346.412,361.571,0,0
469.185203,2.0758320867734557,346.382,361.602,0,0
469.28520000000003,3.633578850829202,346.509,361.565,0,0
469.385198,3.735000433014424,346.576,361.671,0,0
469.485191,2.7376161468413147,346.488,361.683,0,0
469.585188,0.5823302788007096,346.278,361.672,0,0
469.685181,3.7844351422928297,346.498,361.52,0,0
469.78518199999996,0.1390437414188226,346.196,361.599,0,0
469.88518,0.6243590630866258,346.308,361.721,0,0
469.98517300000003,1.5020988144351746,346.412,361.76,0,0
470.085169,2.505411515566149,346.392,361.549,0,0
470.18517099999997,0.48253665070332097,346.188,361.526,0,0
470.285167,3.211048758152014,346.448,361.53,0,0
470.385163,2.0757047570002127,346.41,361.658,0,0
470.485158,1.046386515224605,346.263,361.567,0,0
470.585153,2.9781737400020765,346.352,361.395,0,0
470.685151,3.320053094038251,346.42,361.461,0,0
470.785151,4.254806924309257,346.512,361.468,0,0
470.885146,3.373951735464598,346.466,361.537,0,0
470.985141,4.850113988037628,346.513,361.367,0,0
471.085137,4.867645678127632,346.515,361.368,0,0
471.18513299999995,5.291542542322278,346.7,361.635,0,0
471.285132,4.740637661056566,346.514,361.389,0,0
471.385128,5.457686073395532,346.599,361.421,0,0
471.48512300000004,3.7565961371205594,346.52,361.572,0,0
471.58512,3.9375808398039616,346.513,361.528,0,0
471.68511700000005,5.437161672163453,346.622,361.468,0,0
471.785114,3.478624254528806,346.473,361.535,0,0
471.885115,5.810601602832975,346.658,361.47,0,0
471.985112,4.339420540919853,346.529,361.489,0,0
472.085104,7.928397209190895,346.797,361.358,0,0
472.18510399999997,9.2288679364973,346.96,361.432,0,0
472.285102,10.855567070666694,347.087,361.383,0,0
472.385101,12.243197857998362,347.174,361.302,0,0
472.485098,15.314455688744365,347.455,361.285,0,0
472.58509499999997,11.110864855652222,347.185,361.52,0,0
472.685093,12.80308709965367,347.297,361.432,0,0
472.78509,11.838579329835085,347.167,361.361,0,0
472.88508399999995,11.630314816019025,347.252,361.554,0,0
472.985081,7.720545648275625,346.925,361.633,0,0
473.085082,9.280352223464215,347.031,361.557,0,0
473.18508,10.096945918027478,347.089,361.522,0,0
473.28507900000005,8.900673762797496,347.036,361.633,0,0
473.385072,9.806483898749272,347.047,361.496,0,0
473.485071,7.8550493821898115,346.934,361.628,0,0
473.58507000000003,6.754444051521081,346.802,361.577,0,0
473.68506199999996,7.913564262922747,346.875,361.51,0,0
473.785061,7.422587584228549,346.83,361.513,0,0
473.885063,5.861065202329057,346.668,361.487,0,0
473.985057,5.69814556286285,346.61,361.409,0,0
474.085058,8.802493889700008,346.905,361.412,0,0
474.185054,6.223297111504055,346.631,361.357,0,0
474.285047,4.11166108224073,346.436,361.366,0,0
474.38504700000004,5.251415062424757,346.63,361.525,0,0
474.485044,5.253994164188055,346.617,361.501,0,0
474.585044,4.6805391490214365,346.443,361.281,0,0
474.68503999999996,5.854796696534972,346.587,361.342,0,0
474.785034,3.6691368947550544,346.385,361.351,0,0
474.88503399999996,1.8896367420545517,346.31,361.523,0,0
474.985032,4.710114664985642,346.495,361.373,0,0
475.08502899999996,2.3178126021317746,346.224,361.291,0,0
475.185027,2.031814225478644,346.356,361.584,0,0
475.28502299999997,1.2433592819952344,346.297,361.613,0,0
475.38501899999994,3.636926811004377,346.49,361.552,0,0
475.48501600000003,0.7297090749543045,346.129,361.394,0,0
475.585013,0.5325041537081318,346.127,361.425,0,0
475.685016,1.477819960628847,346.195,361.386,0,0
475.785012,3.1251751851247485,346.362,361.407,0,0
475.885009,3.776016911126922,346.394,361.353,0,0
475.985005,3.2374283457573694,346.382,361.425,0,0
476.085004,2.797678927228934,346.4,361.535,0,0
476.184999,2.5023459210253645,346.311,361.423,0,0
476.284999,0.5571000199529261,346.21,361.576,0,0
476.384992,2.0817146770622554,346.323,361.519,0,0
476.48499300000003,0.2889482674043225,346.075,361.375,0,0
476.584987,1.5222927403218325,346.186,361.365,0,0
476.68498999999997,1.3685388440066741,346.168,361.359,0,0
476.784985,-0.6362275485392583,346.013,361.423,0,0
476.88498100000004,0.5715831085472611,346.158,361.48,0,0
476.984983,2.0520572104867267,346.269,361.427,0,0
477.084974,0.3328221783248446,346.091,361.399,0,0
477.184972,1.4254918268798595,346.155,361.327,0,0
477.28497100000004,1.4731265640125601,346.118,361.251,0,0
477.384966,0.40717072718775615,346.092,361.389,0,0
477.484967,0.1145701173404813,346.05,361.363,0,0
477.584962,-0.9382362183021946,345.916,361.3,0,0
477.684959,-1.0030479561549326,345.945,361.365,0,0
477.784961,0.9204145065613412,346.068,361.257,0,0
477.884957,-0.1714982295970882,345.989,361.302,0,0
477.98495299999996,0.17587722666237474,346.026,361.31,0,0
478.08495,-0.5268367692486451,345.955,361.302,0,0
478.18494799999996,-1.3185305997729655,345.912,361.361,0,0
478.28494300000006,0.009500168965976344,346.07,361.421,0,0
478.384944,0.4872312358754576,346.084,361.364,0,0
478.48494300000004,0.8702243501971377,346.151,361.421,0,0
478.584938,3.963966164110097,346.47,361.47,0,0
478.684934,2.1783004245499,346.258,361.391,0,0
478.784933,1.5424503925843691,346.258,361.502,0,0
478.884927,1.7999547083453429,346.249,361.441,0,0
478.984929,2.1121711594770054,346.243,361.376,0,0
479.08492700000005,1.5995552630057117,346.209,361.403,0,0
479.18492,1.7788697507539306,346.26,361.466,0,0
479.284922,1.3175344071949027,346.189,361.416,0,0
479.38491600000003,0.6734448498847178,346.098,361.361,0,0
479.484917,0.9670102322554122,346.156,361.417,0,0
479.58491100000003,2.1521007562527203,346.182,361.259,0,0
479.684908,-0.7338575750651327,346.054,361.526,0,0
479.78490600000003,2.0461400288720633,346.233,361.372,0,0
479.884904,-0.795183408796396,346.019,361.473,0,0
479.98490100000004,0.39582579866652906,346.176,361.555,0,0
480.084895,3.577457694003859,346.312,361.252,0,0
480.18489500000004,0.6899385241967618,346.067,361.304,0,0
480.284891,-0.2957749706621161,345.985,361.325,0,0
480.384891,0.9485703194087821,346.134,361.383,0,0
480.48488199999997,-0.9137011588097768,346.024,361.505,0,0
480.584883,0.9840319046544695,346.075,361.269,0,0
480.684878,-0.3784902446410561,346.034,361.431,0,0
480.784874,-0.620517463944222,345.962,361.341,0,0
480.884872,-0.07503241869683827,346.096,361.493,0,0
480.98486599999995,0.8875220231280628,346.114,361.359,0,0
481.084864,2.6226740679781613,346.273,361.35,0,0
481.18486099999996,2.1387631084101186,346.289,361.464,0,0
481.284858,5.190952224802822,346.447,361.224,0,0
481.384859,3.7824382767182545,346.431,361.44,0,0
481.484852,0.1680440580388717,346.089,361.44,0,0
481.58484899999996,2.2029702929466315,346.247,361.377,0,0
481.684849,1.4363815953287296,346.058,361.163,0,0
481.784842,-1.5284350705260936,345.922,361.429,0,0
481.884843,0.378697655663359,346.019,361.276,0,0
481.98483799999997,0.6964093893963829,346.032,361.245,0,0
482.084831,0.4363985242553214,346.067,361.355,0,0
482.18483100000003,-0.5056401732673201,345.975,361.35,0,0
482.284829,-1.7932172904472683,345.915,361.464,0,0
482.384822,-0.6201210511943414,346.004,361.424,0,0
482.48482299999995,-1.727456470346159,345.923,361.468,0,0
482.584821,-1.5384704234033781,345.901,361.395,0,0
482.684814,-2.390428108375914,345.886,361.516,0,0
482.784812,0.5187443031948259,346.087,361.38,0,0
482.884809,-1.3253545875430013,345.926,361.405,0,0
482.984806,-0.13021363026035737,346.066,361.455,0,0
483.084804,1.4176623533104868,346.01,361.083,0,0
483.18479599999995,2.1888594788900497,346.211,361.319,0,0
483.284795,1.0486712963300493,346.072,361.262,0,0
483.384793,0.5074944961450567,346.119,361.443,0,0
483.48479100000003,1.893298672936529,346.058,361.09,0,0
483.584788,3.3072217586285877,346.36,361.4,0,0
483.684784,0.7567281904900236,346.061,361.294,0,0
483.784777,2.301256581688655,346.296,361.458,0,0
483.884778,3.6123016436666666,346.335,361.302,0,0
483.984772,1.0987795498495687,346.127,361.357,0,0
484.084768,1.1118673152671947,346.165,361.425,0,0
484.184771,1.1454759547317104,346.062,361.23,0,0
484.28476400000005,-1.0483017700636283,345.925,361.36,0,0
484.384761,0.13466737172495372,346.022,361.333,0,0
484.484761,-0.8113321688554463,346.028,361.509,0,0
484.58475500000003,0.1888824332307999,346.105,361.477,0,0
484.684752,3.089755583127199,346.34,361.405,0,0
484.78475,2.869768547163807,346.294,361.359,0,0
484.884742,1.9315923930035102,346.279,361.495,0,0
484.984739,4.036184576067819,346.38,361.315,0,0
485.084737,1.3430970080039744,346.211,361.473,0,0
485.184733,2.536701954675413,346.159,361.17,0,0
485.284732,0.9097753337900545,346.143,361.424,0,0
485.384726,0.2744040144978851,346.03,361.327,0,0
485.484729,0.9585382249618298,346.057,361.258,0,0
485.584724,0.49558324730116293,345.944,361.131,0,0
485.684718,-1.5993611225946935,345.837,361.299,0,0
485.784717,0.32198693553457836,345.981,361.23,0,0
485.884712,-0.07620193203252665,346.01,361.353,0,0
485.98470899999995,0.4233255595735845,346.044,361.329,0,0
486.084708,1.3582358820781766,346.142,361.347,0,0
486.184701,0.39039780157468257,346.128,361.49,0,0
486.284701,0.6614630802218724,346.048,361.296,0,0
486.384699,1.1023691416426906,346.077,361.273,0,0
486.484694,0.4996148132926469,346.016,361.266,0,0
486.584693,-0.12938665724221957,346.046,361.431,0,0
486.68469,1.7391173928805017,346.11,361.224,0,0
486.784681,-0.19079624038025564,346.061,361.47,0,0
486.884684,1.8880062945296971,346.24,361.438,0,0
486.98467700000003,2.4303359266907907,346.165,361.206,0,0
487.084673,2.2551044353590184,346.264,361.419,0,0
487.18467300000003,-0.1952228699742743,346.081,361.509,0,0
487.28467099999995,2.76430177237696,346.221,361.252,0,0
487.384663,4.179863878505297,346.415,361.363,0,0
487.484664,6.370393986685836,346.585,361.295,0,0
487.58466,5.801382335823577,346.631,361.479,0,0
487.68465299999997,6.724812662009865,346.679,361.407,0,0
487.784652,5.976315252049628,346.589,361.372,0,0
487.88465,5.1590669806144085,346.53,361.406,0,0
487.984649,6.512413483938625,346.523,361.158,0,0
488.08464000000004,7.179716446335788,346.637,361.252,0,0
488.184637,4.236063674614693,346.403,361.334,0,0
488.284638,2.778575487364735,346.334,361.461,0,0
488.38463,1.7379401377503405,346.118,361.245,0,0
488.484632,1.663436271575542,346.12,361.262,0,0
488.584629,1.5525759978051543,346.199,361.427,0,0
488.684621,1.130086977973203,346.042,361.212,0,0
488.784617,-0.2296679533924963,345.898,361.184,0,0
488.884619,2.8130278727642146,346.135,361.091,0,0
488.984612,1.7998923297763247,346.114,361.229,0,0
489.084608,2.4929724324002738,346.15,361.175,0,0
489.184608,1.8648796302059547,346.179,361.338,0,0
489.284605,2.7168035223691804,346.236,361.295,0,0
489.384598,3.770540558237126,346.361,361.342,0,0
489.484596,5.1422154587007665,346.484,361.33,0,0
489.58459600000003,4.006599515956284,346.34,361.263,0,0
489.684591,3.272056044420873,346.391,361.485,0,0
489.784587,4.721474262164504,346.417,361.281,0,0
489.884582,4.652007921605482,346.451,361.356,0,0
489.984581,4.294107646033289,346.305,361.15,0,0
490.084581,4.581424027944085,346.351,361.185,0,0
490.184578,4.945066729557683,346.389,361.192,1,0
490.28457000000003,3.845045887504102,346.325,361.266,0,0
490.384571,5.355321803965965,346.491,361.309,0,0
490.484565,3.017651930046502,346.248,361.269,0,0
490.584563,3.4077561968315595,346.226,361.161,0,0
490.684556,3.695069858876025,346.272,361.196,0,0
490.784559,5.0794134815887935,346.325,361.053,0,0
490.884549,5.189438506999421,346.47,361.301,0,0
490.98455,4.479805041459749,346.319,361.147,0,0
491.08454700000004,0.7159079078888738,346.052,361.311,0,0
491.18454499999996,2.8804565456855604,346.194,361.196,0,0
491.284537,0.7408952681591043,346.073,361.346,0,0
491.384536,0.47788883864804477,346.03,361.313,0,0
491.484535,-0.3125003549331662,346.023,361.438,0,0
491.584527,0.8362027757103964,346.076,361.336,0,0
491.68452399999995,1.6481129787851412,346.139,361.311,0,0
491.78452500000003,3.9170078020953065,346.33,361.268,0,0
491.884521,1.0924292557321968,346.079,361.298,0,0
491.98451400000005,1.789404111875738,346.117,361.247,0,0
492.08451,3.805224140939482,346.227,361.099,0,0
492.18451,6.821626533968316,346.63,361.316,0,0
492.284504,5.021375506986758,346.515,361.418,0,0
492.384506,5.514890054295166,346.568,361.43,0,0
492.484503,6.369105631173968,346.61,361.359,0,0
492.584498,2.7279722093499426,346.322,361.463,0,0
492.68449599999997,7.195923985642936,346.659,361.306,0,0
492.784493,11.74936959311785,347.053,361.239,0,0
492.884486,11.73644281917013,347.088,361.306,0,0
492.984481,10.9002965484307,347.087,361.45,0,0
493.084477,11.008764547998753,347.09,361.437,0,0
493.184479,9.6469777142397,346.817,361.172,0,0
493.284474,9.38440691445008,346.811,361.207,0,0
493.384473,9.298344270019435,346.913,361.41,0,0
493.484466,10.09562425165172,346.767,361.003,0,0
493.584465,8.210317329020793,346.632,361.083,0,0
493.684461,4.790962188860584,346.484,361.406,0,0
493.784457,3.696944348287216,346.326,361.306,0,0
493.884455,4.375522270081801,346.359,361.249,0,0
493.984454,2.148853554352418,346.164,361.278,0,0
494.084447,3.4064623245469448,346.336,361.376,0,0
494.184445,2.2443526906453166,346.277,361.47,0,0
494.284444,3.1588363600603673,346.216,361.199,0,0
494.384442,-0.47240115871985466,345.886,361.224,0,0
494.484439,1.904294355555694,346.091,361.188,0,0
494.584431,4.491342668637013,346.286,361.097,0,0
494.68443099999996,2.368770798969685,346.184,361.279,0,0
494.784425,3.273781807871048,346.227,361.201,0,0
494.884419,3.6369715771532642,346.203,361.094,0,0
494.984422,0.8307799326688149,345.932,361.084,0,0
495.08441700000003,1.6782740447554017,346.075,361.2,0,0
495.184415,3.242311214899658,346.27,361.287,0,0
495.284406,8.383133626827675,346.619,361.035,0,0
495.384406,7.899810353903801,346.728,361.32,0,0
495.48440600000004,8.999737699174473,346.834,361.324,0,0
495.584396,8.170550666980372,346.663,361.154,0,0
495.684393,6.2043514192263975,346.441,361.088,0,0
495.78439399999996,5.762209623676867,346.474,361.226,0,0
495.88439,5.28837629117514,346.429,361.226,0,0
495.984389,5.9184564991198165,346.421,361.102,0,0
496.084385,4.814525636142241,346.305,361.081,0,0
496.184377,3.041598211333293,346.229,361.25,0,0
496.284375,5.741506286200385,346.445,361.178,0,0
496.384369,2.811347960742947,346.29,361.403,0,0
496.484369,2.3842044750741027,346.188,361.29,0,0
496.584364,4.008489783828819,346.33,361.269,0,0
496.684354,5.892352827146368,346.396,361.063,0,0
496.784354,2.9284022265800758,346.234,361.281,0,0
496.884348,2.676683074184587,346.085,361.051,0,0
496.984348,1.9246507274853595,346.105,361.219,0,0
497.084341,-0.8765169105542855,345.891,361.313,0,0
497.184337,2.999450301655231,346.228,361.259,0,0
497.284334,3.1237355154134367,346.295,361.361,0,0
497.384332,0.6612425924348924,345.969,361.19,0,0
497.484328,3.2949171396764774,346.232,361.216,0,0
497.58432,1.953492364342849,346.143,361.286,0,0
497.684318,2.1458552944105826,346.136,361.24,0,0
497.78431,0.7662338462069693,346.126,361.462,0,0
497.88430999999997,1.298830454788878,346.124,361.366,0,0
497.984303,1.1413463616960866,346.01,361.184,0,0
498.08430300000003,0.10584393064761952,346.057,361.451,0,0
498.184294,1.3671480912388487,346.15,361.403,0,0
498.28429,1.509179573325947,346.104,361.294,0,0
498.38428999999996,-0.9634913855984417,345.914,361.375,0,0
498.484285,0.35412593176300705,346.027,361.354,0,0
498.584279,1.4876038402295961,346.134,361.354,0,0
498.68427399999996,-1.7960787484607166,345.851,361.405,0,0
498.784271,1.5192175194007218,346.104,361.294,0,0
498.884271,2.3722809187311893,346.091,361.122,0,0
498.984265,-1.0321165874101124,345.858,361.286,0,0
499.08426000000003,0.8558604629946328,345.957,361.14,0,0
499.184257,-0.18649777457772634,345.899,361.215,0,0
499.28425,-0.4192099557410042,345.898,361.254,0,0
499.38424599999996,-0.6344859151725595,345.978,361.439,0,0
499.48424200000005,-0.12852156926772992,345.88,361.171,0,0
499.58423999999997,-0.03780917324957748,345.946,361.277,0,0
499.684237,0.43545684462773987,345.971,361.241,0,0
499.784229,-1.114262937720204,345.896,361.373,0,0
499.884227,-1.3060540708526163,345.888,361.392,0,0
499.98422600000004,-2.3697917822772245,345.822,361.456,0,0
500.084222,-2.129609940295161,345.788,361.352,0,0
500.184219,-1.4616541047855407,345.87,361.387,0,0
500.284211,-1.8019227810488596,345.786,361.292,0,0
500.38421,0.3708676034661976,345.919,361.159,0,0
500.4842,-1.0395358851231058,345.83,361.241,0,0
500.58419699999996,-1.3423890403798395,345.874,361.375,0,0
500.684198,-2.0523008728842167,345.742,361.256,0,0
500.784194,-0.46416123584535657,345.967,361.394,0,0
500.884191,-0.19567935166784023,345.871,361.171,0,0
500.984182,1.1630784392156066,345.983,361.141,0,0
501.084182,-1.0965334202101475,345.88,361.345,0,0
501.18417900000003,0.4868639071340074,345.904,361.114,0,0
501.284173,-0.5164843610173206,345.991,361.449,0,0
501.38417,1.1501118696788721,346.062,361.29,0,0
501.484163,3.9215198744070476,346.219,361.097,0,0
501.584158,1.5706211342060827,346.159,361.396,0,0
501.68415799999997,1.0091918946092595,346.078,361.345,0,0
501.78414799999996,2.0132410718736105,346.157,361.316,0,0
501.884144,1.1147910563965162,346.08,361.331,0,0
501.98414399999996,-0.7461975529839812,345.981,361.473,0,0
502.084137,0.3500444399728784,346.041,361.393,0,0
502.18413799999996,2.0447026898269685,346.069,361.15,0,0
502.284131,2.40158472610464,346.208,361.344,0,0
502.384124,3.6463229631276604,346.294,361.286,0,0
502.484126,3.9204917127383037,346.323,361.292,0,0
502.58411700000005,2.8946579020310663,346.297,361.423,0,0
502.684114,5.739617224310303,346.474,361.254,0,0
502.784108,5.655366821550925,346.549,361.407,0,0
502.884104,4.880613769764271,346.425,361.314,0,0
502.98409999999996,4.625568910834524,346.467,361.436,0,0
503.0841,4.725759422591441,346.379,361.257,0,0
503.184093,4.802224478129589,346.398,361.279,0,0
503.284087,3.3219554648126546,346.235,361.237,0,0
503.384085,3.258418787228813,346.25,361.276,0,0
503.48408,2.843877860634306,346.178,361.216,0,0
503.58408000000003,2.8890725933521804,346.206,361.26,0,0
503.684076,3.624411897541731,346.196,361.114,0,0
503.78406800000005,1.4231707152883963,346.117,361.352,0,0
503.884069,3.278247103769497,346.233,361.243,0,0
503.984059,4.244362258917412,346.297,361.193,0,0
504.084059,3.8658394851104325,346.392,361.434,0,0
504.184058,5.6416438372507285,346.413,361.164,0,0
504.28405300000003,6.981804744791975,346.439,360.979,0,0
504.38404599999996,2.4244957336169115,346.191,361.316,0,0
504.484044,3.6253259395352835,346.256,361.227,0,0
504.584045,5.981513496709059,346.477,361.224,0,0
504.68404200000003,2.5419604108765617,346.151,361.223,0,0
504.78404,3.6342845731299502,346.209,361.14,0,0
504.884033,3.2201602405771106,346.224,361.24,0,0
504.98403,3.303577710076847,346.098,360.994,0,0
505.084027,3.6723870288802845,346.274,361.254,0,0
505.184026,5.747725833142948,346.313,360.965,0,0
505.28401899999994,-0.049096530544534875,345.938,361.284,0,0
505.38401500000003,0.6234277842025042,346.04,361.355,0,0
505.484016,1.2162804832359482,345.91,361.013,0,0
505.58400900000004,-1.8219434543456772,345.71,361.174,0,0
505.684006,1.0855310124204987,345.894,361.007,0,0
505.78400400000004,0.5406237657636707,345.845,361.012,0,0
505.884001,-1.212329989975396,345.741,361.126,0,0
505.983999,-1.5732938805247874,345.617,360.961,0,0
506.08399699999995,-0.7233437653762711,345.826,361.198,0,0
506.18399300000004,0.8664521163829053,345.893,361.045,0,0
506.283988,-1.3280882919961583,345.713,361.096,0,0
506.383986,0.34462518574613893,345.946,361.234,0,0
506.483981,0.1151423072253426,345.854,361.105,0,0
506.583978,3.154756540488177,346.138,361.099,0,0
506.68397600000003,0.9392929563314942,345.962,361.161,0,0
506.783975,2.6770861606351,346.143,361.192,0,0
506.88397,2.336098784265271,346.066,361.11,0,0
506.983966,2.2844754340762847,346.143,361.261,0,0
507.08396500000003,2.778623099907372,346.189,361.26,0,0
507.183962,1.1592903058647563,345.946,361.095,0,0
507.283956,0.6189879400305262,345.867,361.044,0,0
507.38395199999997,1.54156901705484,346.097,361.307,0,0
507.483948,-0.4734369842797607,345.928,361.347,0,0
507.58394599999997,3.382790186120778,346.099,360.991,0,0
507.683945,0.7541925336622525,345.966,361.204,0,0
507.783936,-1.5562185413092817,345.787,361.277,0,0
507.88394,2.190333810813765,345.996,361.01,0,0
507.98393,0.16567127093731535,345.825,361.048,0,0
508.083928,-0.32729240739320226,345.782,361.055,0,0
508.183924,1.4853935012274107,346.069,361.268,0,0
508.283924,2.1225465120704636,346.072,361.163,0,0
508.383918,3.9877143687140246,346.202,361.078,0,0
508.48391399999997,1.0256004407466233,345.938,361.108,0,0
508.583915,3.4574066194769055,346.158,361.09,0,0
508.68390999999997,1.7800977748222468,346.003,361.097,0,0
508.783907,-0.18504964256940382,345.886,361.224,0,0
508.883904,0.5558002647617785,345.845,361.02,0,0
508.98389899999995,1.0778000352397556,345.792,360.832,0,0
509.083896,-0.6873640349131641,345.72,361.007,0,0
509.183896,-1.2178458488709138,345.774,361.199,0,0
509.283893,-0.29315067281468343,345.883,361.239,0,0
509.383891,-0.5805932467451799,345.829,361.19,0,0
509.483882,-0.36503917202295816,345.778,361.059,0,0
509.583879,3.470908082522924,346.046,360.885,0,0
509.68388,1.2742333891569926,345.987,361.159,0,0
509.783875,0.6555057645256681,345.962,361.221,0,0
509.883874,2.130808108916183,346.016,361.064,0,0
509.98386800000003,-2.5363586691827207,345.65,361.203,0,0
510.083869,0.7246462676519876,345.887,361.072,0,0
510.18386,2.7403827466156456,346.022,360.97,0,0
510.283857,6.042948845829535,346.37,361.036,0,0
510.38385800000003,8.048305122199167,346.585,361.083,0,0
510.483853,7.86915752579691,346.482,360.925,0,0
510.583846,5.235537428817586,346.242,360.942,0,0
510.683846,3.3883149326964572,346.128,361.054,0,0
510.783845,2.945009711056181,346.056,360.999,0,0
510.88384,1.9971049954025972,345.964,360.995,0,0
510.983833,1.2682660583843133,345.915,361.032,0,0
511.08383299999997,0.5037961560482823,345.861,361.066,0,0
511.18383,2.151489129704227,345.965,360.971,0,0
511.283829,2.397829222226747,345.943,360.888,0,0
511.383826,1.2487368110771744,345.926,361.057,0,0
511.48382,2.2244452656140146,346.067,361.147,0,0
511.583815,0.9382083383963132,345.818,360.913,0,0
511.683817,0.2987792977849332,345.803,360.997,0,0
511.78380699999997,0.9802408294142745,345.914,361.083,0,0
511.883809,0.0010960639655098262,345.756,360.963,0,0
511.98380699999996,-0.5857431030958681,345.865,361.266,0,0
512.083802,1.753249605238885,345.911,360.944,0,0
512.183803,0.7205061076942778,345.83,360.975,0,0
512.2838009999999,2.712520728674754,346.047,361.028,0,0
512.383799,7.106318644696906,346.502,361.101,0,0
512.483798,8.969880057097047,346.59,360.939,0,0
512.583791,6.57640274210516,346.545,361.273,0,0
512.683794,6.889409991296371,346.513,361.16,0,0
512.7837910000001,6.291127419632194,346.497,361.235,0,0
512.883785,6.462736497830574,346.5,361.211,0,0
512.983787,6.447955072696259,346.387,361.006,0,0
513.083781,6.13998815888383,346.449,361.174,0,0
513.1837800000001,7.70441992051164,346.631,361.237,0,0
513.283779,5.822249654876197,346.505,361.333,0,0
513.383777,4.891826306206989,346.369,361.245,0,0
513.4837739999999,3.5129013522645405,346.202,361.178,0,0
513.5837750000001,5.9543324081023306,346.449,361.208,0,0
513.683772,3.469923394174557,346.153,361.096,0,0
513.78377,2.7750813362271396,346.142,361.197,0,0
513.883765,4.082302460884124,346.235,361.141,0,0
513.9837640000001,4.0638156794419,346.176,361.036,0,0
514.083762,3.997240049087924,346.213,361.116,0,0
514.18376,2.2093492980529814,346.022,361.076,0,0
514.283756,2.5296671530593127,346.082,361.131,0,0
514.383756,1.7615266402635588,345.982,361.081,0,0
514.483753,1.795196096247996,345.985,361.081,0,0
514.583751,1.6888966098658449,345.909,360.96,0,0
514.683751,-0.0652592761533538,345.85,361.157,0,0
514.7837480000001,2.029601041342699,345.849,360.791,0,0
514.883744,-2.0941720845055225,345.592,361.036,0,0
514.983745,-0.944706318078598,345.794,361.208,0,0
515.083742,0.8540347496210859,345.84,360.98,0,0
515.183742,0.04225121125136238,345.65,360.772,0,0
515.283739,0.5333266708498263,345.818,360.996,0,0
515.383741,-1.9076757006653406,345.606,361.031,0,0
515.483735,-1.6894055842060733,345.602,360.986,0,0
515.583732,-0.11027365262687297,345.793,361.063,0,0
515.683733,-0.26098560525204795,345.809,361.119,0,0
515.783733,-0.19671222121268844,345.735,360.972,0,0
515.883726,1.4006018816338055,345.875,360.952,0,0
515.9837249999999,0.6528793264942392,345.859,361.053,0,0
516.083721,0.1734691045483112,345.77,360.973,0,0
516.183722,-1.4402366152943564,345.727,361.175,0,0
516.283718,-1.3433216697704258,345.655,361.026,0,0
516.3837189999999,0.6183398417706752,345.855,361.053,0,0
516.483719,0.21640233978241802,345.763,360.954,0,0
516.583712,0.04867253111912407,345.785,361.024,0,0
516.683711,2.2462295054712254,345.916,360.883,0,0
516.783711,0.7658662142587043,345.853,361.025,0,0
516.8837100000001,-0.31537275665007364,345.706,360.943,0,0
516.983708,2.0559316345946934,345.948,360.976,0,0
517.083705,1.7238246963583905,345.98,361.093,0,0
517.183702,1.9491888825791353,346.037,361.159,0,0
517.283703,2.0026442446439274,345.981,361.047,0,0
517.383698,2.554680371712093,346.039,361.058,0,0
517.483699,1.8522592760844616,345.98,361.072,0,0
517.583694,2.6884096852086894,346.104,361.155,0,0
517.68369,2.070605318702348,346.003,361.077,0,0
517.78369,1.7194682896422353,345.912,360.971,0,0
517.883688,3.028980282574804,345.99,360.887,0,0
517.983684,3.5122746798617794,346.054,360.921,0,0
518.083685,0.5696615492185751,345.8,360.966,0,0
518.183685,1.6109030105229962,345.851,360.879,0,0
518.28368,0.7470691612033787,345.855,361.037,0,0
518.3836759999999,0.7338697883923114,345.759,360.863,0,0
518.483678,0.34086528375933334,345.726,360.871,0,0
518.583674,0.6779222130062375,345.849,361.039,0,0
518.683671,-0.7297470497246935,345.657,360.931,0,0
518.783671,1.451881164598966,345.924,361.043,0,0
518.8836689999999,1.6340645775923743,345.878,360.927,0,0
518.983669,3.3729705493899225,346.039,360.921,0,0
519.083664,0.5459155154704524,345.953,361.255,0,0
519.183665,1.9171055759520974,345.864,360.853,0,0
519.283662,1.159943891521985,345.852,360.963,0,0
519.383658,-0.9571494836044785,345.619,360.903,0,0
519.48366,0.8631469147667907,345.754,360.835,0,0
519.583654,0.7767660754185145,345.825,360.981,0,0
519.683651,2.387152119903917,346.007,361.036,0,0
519.783651,3.3056501805136467,346.004,360.871,0,0
519.883649,3.1974699395748565,345.98,360.846,0,0
519.983644,9.682889331737394,346.704,361.05,0,0
520.0836419999999,8.201172047106148,346.555,361.034,0,0
520.183639,6.398507296210624,346.455,361.164,0,0
520.28364,8.292584152755213,346.616,361.131,0,0
520.383632,7.172746977918893,346.386,360.903,0,0
520.483627,5.453313279290707,346.258,360.967,0,0
520.583625,4.488347995367785,346.197,361.023,0,0
520.683627,3.022495807780043,346.037,360.984,0,0
520.783621,2.4409929633412037,345.959,360.942,0,0
520.883615,3.320598467249242,346.042,360.942,0,0
520.983611,1.3393334686965495,345.88,360.989,0,0
521.083608,1.5559708714867304,345.884,360.959,0,0
521.183606,-0.08575303180837822,345.734,360.969,0,0
521.283605,1.2512600983068705,345.982,361.193,0,0
521.383597,0.07532157564535402,345.763,360.995,0,0
521.483601,1.1477445708934217,345.98,361.208,0,0
521.583595,0.640974666865955,345.852,361.061,0,0
521.68359,-0.8635207974501282,345.734,361.106,0,0
521.783586,0.7351684916788912,345.835,361.014,0,0
521.883582,0.8494675807366786,345.919,361.149,0,0
521.983584,-1.2365716372586275,345.621,360.964,0,0
522.083575,1.1121584762304138,345.925,361.115,0,0
522.183575,2.478218491985231,345.979,360.977,0,0
522.2835729999999,1.453707560097049,345.914,361.036,0,0
522.383569,0.10481810901876164,345.858,361.168,0,0
522.483563,0.08907152416127063,345.771,361.011,0,0
522.58356,-0.3299346054700208,345.76,361.064,0,0
522.683555,-0.524344165439166,345.761,361.1,0,0
522.783558,-1.612282049285274,345.64,361.067,0,0
522.883549,-1.8108269338100347,345.633,361.089,0,0
522.983548,-2.1089367100128245,345.678,361.224,0,0
523.083546,-0.11276153501560353,345.753,361.015,0,0
523.18354,-0.5694569951560834,345.708,361.012,0,0
523.283538,-1.4546522472340948,345.629,361.021,0,0
523.3835339999999,0.4700006552143078,345.763,360.933,0,0
523.483532,-2.643933948469503,345.589,361.155,0,0
523.58353,0.47678288440227484,345.841,361.076,0,0
523.683522,-2.6522837082109603,345.571,361.124,0,0
523.783522,-0.14789681136652919,345.812,361.132,0,0
523.883518,-1.7618572174823082,345.763,361.323,0,0
523.983517,-0.2385607103798137,345.821,361.165,0,0
524.08351,-0.13113140224190323,345.825,361.154,0,0
524.183507,-1.1163382547604999,345.761,361.208,0,0
524.283502,0.5023223924832741,345.909,361.199,0,0
524.383501,1.914818083835231,345.95,361.029,0,0
524.483498,2.2210724812933917,346.019,361.103,0,0
524.583494,2.0340271105244856,345.987,361.077,0,0
524.683492,2.734773138820183,346.052,361.075,0,0
524.783493,3.7586848335739456,346.253,361.267,0,0
524.883485,4.452319057366718,346.282,361.2,0,0
524.9834860000001,6.757875451086081,346.458,361.123,0,0
525.08348,12.755768144269624,346.981,361.042,0,0
525.1834749999999,13.910068158776326,347.084,361.031,0,0
525.283471,16.512380197939695,347.331,361.033,0,0
525.38347,17.82250452477906,347.527,361.166,0,0
525.483466,19.113568381177497,347.675,361.214,0,0
525.5834629999999,19.548109090943154,347.717,361.216,0,0
525.683461,19.67854359712819,347.671,361.109,0,0
525.783459,19.744827312946068,347.651,361.061,0,0
525.8834499999999,17.54263906499134,347.448,361.071,0,0
525.983451,14.476351436168214,347.116,360.994,0,0
526.083445,12.263133487201415,346.9,360.982,0,0
526.1834449999999,12.433320790492985,346.892,360.938,0,0
526.283439,10.383535935477047,346.717,360.973,0,0
526.38344,10.781057876136462,346.768,360.998,0,0
526.483432,9.262302158287198,346.628,361.005,0,0
526.58343,9.722079751537823,346.78,361.205,0,0
526.6834309999999,5.611415527829628,346.415,361.249,0,0
526.783426,6.652605270951852,346.516,361.254,0,0
526.883421,7.1931353417524075,346.524,361.175,0,0
526.983415,4.709133798566419,346.24,361.085,0,0
527.0834150000001,3.9070820143629104,346.308,361.35,0,0
527.183414,3.8690231292771786,346.214,361.184,0,0
527.283409,4.267223789695615,346.283,361.242,0,0
527.3834009999999,5.647509436377735,346.359,361.142,0,0
527.483402,7.792112972145754,346.585,361.185,0,0
527.583398,5.620765798981821,346.286,361.013,0,0
527.683395,6.949531030068267,346.418,361.025,0,0
527.783392,6.625926423788114,346.372,360.997,0,0
527.8833860000001,5.640923395299081,346.339,361.108,0,0
527.983385,3.599142253433729,346.249,361.298,0,0
528.0833789999999,3.6056835853183697,346.144,361.104,0,0
528.18338,3.511469469375878,346.186,361.198,0,0
528.283374,2.3345332321550494,346.093,361.232,0,0
528.383371,1.4948871704658326,345.902,361.027,0,0
528.4833689999999,1.1032549734318742,345.805,360.917,0,0
528.583363,-0.7128164810175187,345.807,361.237,0,0
528.6833590000001,1.0359701310673632,345.901,361.106,0,0
528.783355,2.39233138549086,346.003,361.058,0,0
528.883353,1.995405198324507,345.918,360.971,0,0
528.98335,2.935182903233288,346.073,361.093,0,0
529.083345,0.26081188552509793,345.821,361.095,0,0
529.1833449999999,2.401037042349294,346.058,361.159,0,0
529.2833390000001,1.4595286502155762,345.909,361.049,0,0
529.383336,2.2177095361960624,346.024,361.129,0,0
529.483337,1.4883830958393398,345.888,361.006,0,0
529.5833279999999,4.93527592594975,346.179,360.942,0,0
529.68333,2.9535050590713907,346.055,361.059,0,0
529.7833270000001,2.9300815768378325,346.12,361.183,0,0
529.883322,1.2679148748128666,345.861,360.996,0,0
529.983319,-0.1251491629109973,345.828,361.178,0,0
530.083314,0.825502340165033,345.815,360.989,0,0
530.183311,2.51608643421177,345.991,361.019,0,0
530.283307,1.469230376310976,345.969,361.161,0,0
530.3833050000001,2.3897809793198257,345.92,360.911,0,0
530.483301,3.863321881374713,346.157,361.091,0,0
530.5832979999999,0.796975488993215,345.925,361.198,0,0
530.683292,0.8330994659959667,345.969,361.273,0,0
530.7832900000001,-0.0461141691190871,345.821,361.154,0,0
530.883289,2.234138824293009,345.987,361.063,0,0
530.983284,2.3123541266938887,345.979,361.035,0,0
531.0832839999999,3.0438821504907416,346.048,361.035,0,0
531.183277,1.4522474261844511,345.881,361.005,0,0
531.283274,0.9541250692925045,345.881,361.092,0,0
531.383268,2.1336661745795653,346.044,361.187,0,0
531.483267,1.1781018137033883,345.954,361.188,0,0
531.583265,2.225953663715962,346.029,361.144,0,0
531.683264,0.9370270828253277,345.989,361.295,0,0
531.78326,2.1249117282627465,345.993,361.096,0,0
531.883254,1.4479193878817023,346.025,361.273,0,0
531.983254,2.1277517450434345,346.019,361.144,0,0
532.083251,2.8746889879214335,346.065,361.099,0,0
532.1832410000001,1.653580199812916,346.02,361.229,0,0
532.283242,0.7085769328128847,345.956,361.276,0,0
532.383238,3.574837793729393,346.066,360.98,0,0
532.483235,2.210988775953885,345.97,361.041,0,0
532.583228,0.8390759156831455,345.914,361.177,0,0
532.683226,2.0908159223998006,346.036,361.184,0,0
532.783227,1.9510957235911583,346.015,361.17,0,0
532.883221,2.4283862319605003,346.023,361.102,0,0
532.98322,-0.4197893301996556,345.76,361.114,0,0
533.083216,0.9409087937464201,345.901,361.137,0,0
533.183209,1.7269149617887645,345.967,361.122,0,0
533.2832099999999,1.7483431599147066,345.952,361.091,0,0
533.383201,1.219626841575155,345.979,361.233,0,0
533.483202,-2.0025538745319538,345.654,361.196,0,0
533.583196,1.479285558889027,345.907,361.056,0,0
533.6831940000001,1.8216162360860866,345.943,361.063,0,0
533.783188,0.38577634805619204,345.919,361.269,0,0
533.8831899999999,0.217792622489037,345.86,361.19,0,0
533.983181,2.7108997271924213,346.057,361.119,0,0
534.0831800000001,2.9030757421600244,346.175,361.303,0,0
534.183175,4.529323073542026,346.246,361.151,0,0
534.283176,2.002014729080034,346.109,361.339,0,0
534.383174,0.8593579437771874,345.91,361.172,0,0
534.483168,1.1487810735921844,346.016,361.317,0,0
534.583161,1.5410047529683524,346.029,361.273,0,0
534.683158,0.4440110873449628,346.024,361.455,0,0
534.783161,0.5365443554976274,345.838,361.097,0,0
534.883154,2.108044524258263,345.981,361.087,0,0
534.983152,-0.9843248321875656,345.821,361.331,0,0
535.0831489999999,0.5276783556654961,345.86,361.14,0,0
535.1831480000001,1.1971207025204509,345.934,361.16,0,0
535.28314,1.5127663839954735,345.999,361.225,0,0
535.3831409999999,0.5558581190062021,345.798,361.022,0,0
535.4831310000001,0.4887217834452435,345.898,361.218,0,0
535.5831310000001,0.5384782598246727,345.746,360.93,0,0
535.68313,-0.9932415477543654,345.745,361.195,0,0
535.7831239999999,1.6373390218970905,345.93,361.078,0,0
535.8831230000001,0.3941603203658647,345.859,361.164,0,0
535.9831210000001,3.0647329003154815,346.063,361.075,0,0
536.0831189999999,0.9413490616514858,345.893,361.132,0,0
536.1831139999999,2.473307135632388,346.029,361.116,0,0
536.2831110000001,2.6735935962325126,345.982,360.995,0,0
536.383112,1.2832796673012103,345.921,361.125,0,0
536.483111,1.529738299369381,345.955,361.145,0,0
536.583108,5.726011878052376,346.331,361.107,0,0
536.6831090000001,8.830331204101041,346.657,361.167,0,0
536.783107,10.528957398646227,346.793,361.122,0,0
536.8831,9.626518536901028,346.614,360.95,0,0
536.9831019999999,8.684000429731443,346.616,361.118,0,0
537.0830990000001,6.486591978876411,346.439,361.175,0,0
537.1831,5.838394652066241,346.296,361.025,0,0
537.283095,5.940942380960433,346.324,361.059,0,0
537.383095,4.8867468094432835,346.21,361.033,0,0
537.4830890000001,5.129489777629653,346.323,361.199,0,0
537.583088,4.087729660718412,346.158,361.077,0,0
537.6830870000001,3.6914352220653823,346.141,361.115,0,0
537.783087,0.5103590008314353,345.89,361.207,0,0
537.8830849999999,2.198634533234089,346.031,361.173,0,0
537.98308,4.385750678817796,346.217,361.135,0,0
538.083084,-0.42912287354077183,345.899,361.388,0,0
538.183079,2.4258738742102888,345.965,361.013,0,0
538.283081,2.886793130416849,346.047,361.084,0,0
538.383078,7.070386829919161,346.493,361.177,0,0
538.48307,4.710027148193812,346.212,361.071,0,0
538.583072,5.138096344480229,346.236,361.041,0,0
538.6830679999999,3.486194453851822,346.097,361.073,0,0
538.78307,3.456778377729986,346.131,361.141,0,0
538.883066,3.166268282803289,346.024,360.995,0,0
538.983063,1.4641881072176608,346.027,361.297,0,0
539.083064,2.076459600551785,345.907,360.97,0,0
539.183059,2.624277217908674,345.982,361.013,0,0
539.283057,3.119222133215787,346.052,361.056,0,0
539.383059,4.528421779452042,346.159,361.008,0,0
539.483054,5.736229467471295,346.285,361.03,0,0
539.583057,4.941995015021848,346.257,361.117,0,0
539.683049,5.3861334058122505,346.326,361.167,0,0
539.783052,5.105924576637588,346.314,361.194,0,0
539.88305,6.170775219081288,346.358,361.09,0,0
539.9830479999999,6.532849556639824,346.41,361.123,0,0
540.083043,7.4600146844168345,346.41,360.962,0,0
540.183042,7.119334058237498,346.42,361.04,0,0
540.283039,6.388338601416735,346.342,361.024,0,0
540.38304,6.806758507572224,346.339,360.946,0,0
540.483036,4.52103110381776,346.233,361.149,0,0
540.583034,3.359467942716443,346.117,361.138,0,0
540.683032,3.8923879009152773,346.077,360.972,0,0
540.7830309999999,2.704328432753335,346.096,361.214,0,0
540.883029,1.9843710385940176,346.006,361.174,0,0
540.983027,9.781942646873462,346.703,361.1,0,0
541.083024,12.129257605723899,346.946,361.139,0,0
541.183028,10.33229254156906,346.796,361.176,0,0
541.283024,11.454816897919352,346.896,361.165,0,0
541.38302,11.969313216262334,346.926,361.131,0,0
541.483019,13.213708792169497,346.956,360.97,0,0
541.583017,10.206899571625806,346.653,360.936,0,0
541.6830150000001,8.41451118853894,346.548,361.055,0,0
541.783016,8.660520404988436,346.52,360.961,0,0
541.883012,7.946058224694423,346.474,361.001,0,0
541.9830069999999,9.366267996717754,346.619,361.021,0,0
542.0830080000001,6.694334215800992,346.483,361.236,0,0
542.183009,7.949551105289571,346.47,360.994,0,0
542.283009,10.547630481585898,346.809,361.166,0,0
542.383,14.94575367687833,347.128,360.988,0,0
542.4830039999999,14.32164378760054,347.065,360.981,0,0
542.583,12.078013067025353,346.882,361.035,0,0
542.682998,11.888149220741473,346.853,361.015,0,0
542.782993,14.973854859629173,347.118,360.966,0,0
542.8829939999999,13.097527213351272,347.073,361.21,0,0
542.982993,14.826732043574781,347.157,361.064,0,0
543.082991,23.673671927390597,348.019,361.111,0,0
543.182988,29.428098236074998,348.438,360.881,0,0
543.2829849999999,29.36417398771204,348.497,361.001,0,0
543.382983,27.278433076589998,348.411,361.206,0,0
543.482983,26.69066513808869,348.296,361.097,0,0
543.58298,20.446649045932286,347.751,361.181,0,0
543.682981,19.92831280850245,347.623,361.036,0,0
543.7829790000001,19.42741278159415,347.576,361.037,0,0
543.882975,17.556883340099,347.406,361.05,0,0
543.982971,17.503120126480457,347.354,360.964,0,0
544.0829669999999,15.181794297997921,347.143,360.98,0,0
544.1829690000001,13.34642938788678,346.991,361.02,0,0
544.282964,12.356839167541661,346.813,360.865,0,0
544.382961,11.298649863370002,346.847,361.112,0,0
544.4829560000001,11.002158908630117,346.709,360.91,0,0
544.582954,11.31964834372082,346.697,360.833,0,0
544.682949,10.421698948204023,346.713,361.019,0,0
544.782944,10.317571916971906,346.697,361.008,0,0
544.882943,7.6824725500332836,346.421,360.959,0,0
544.982937,7.608899454240064,346.453,361.031,0,0
545.082936,9.056937784984008,346.549,360.956,0,0
545.182936,8.859024640934168,346.51,360.919,0,0
545.2829300000001,8.532128308066357,346.505,360.967,0,0
545.382923,6.3882594674743345,346.326,361.011,0,0
545.482925,7.483853393860674,346.474,361.093,0,0
545.582922,6.591020786420164,346.347,361.015,0,0
545.682914,8.801134764598624,346.458,360.835,0,0
545.78291,6.180016557031637,346.273,360.951,0,0
545.88291,4.62626130345527,346.121,360.942,0,0
545.9829080000001,4.187632718927931,346.125,361.026,0,0
546.082904,3.6630765700411234,346.01,360.906,0,0
546.182902,3.123540563643514,345.98,360.945,0,0
546.282895,4.055719806451926,346.037,360.888,0,0
546.382891,1.590652034362615,345.951,361.159,0,0
546.48289,2.9729555153822798,346.006,361.02,0,0
546.582887,2.246335322083823,345.867,360.891,0,0
546.6828810000001,3.325181673411137,345.927,360.814,0,0
546.782882,3.0155551887064997,345.847,360.721,0,0
546.8828739999999,1.5571728964067024,345.76,360.815,0,0
546.982875,2.7389925966806064,345.858,360.79,0,0
547.082867,1.2868331745513173,345.733,360.813,0,0
547.182866,1.6585619346474862,345.737,360.756,0,0
547.282866,3.6208040404396153,345.955,360.816,0,0
547.382858,2.389571543939448,345.821,360.784,0,0
547.482855,1.4070612320930356,345.729,360.786,0,0
547.582856,-0.4945423318601579,345.624,360.924,0,0
547.68285,0.8780813949740243,345.727,360.875,0,0
547.782845,3.1863577184410468,345.825,360.654,0,0
547.882845,2.7350385432695252,345.924,360.915,0,0
547.982837,2.972034807921303,345.962,360.944,0,0
548.082839,3.910886968035689,345.993,360.838,0,0
548.18283,3.8375424734725887,346.006,360.875,0,0
548.282828,4.358901900027332,346.066,360.895,0,0
548.382824,4.35932941386314,346.13,361.013,0,0
548.4828229999999,4.189439207571091,346.123,361.03,0,0
548.58282,6.489249280384785,346.124,360.632,0,0
548.682819,5.313396605956271,346.036,360.675,0,0
548.782814,6.494518229819135,346.141,360.663,0,0
548.8828120000001,8.021155912763575,346.264,360.624,0,0
548.9828050000001,7.821802796198717,346.339,360.797,0,0
549.082803,7.108704609898655,346.279,360.811,0,0
549.182802,4.801390934707333,346.059,360.808,0,0
549.282799,5.449002688162448,346.013,360.611,0,0
549.382791,6.242730403862556,346.183,360.786,0,0
549.482792,10.999596942668317,346.718,360.943,0,0
549.5827830000001,14.523436382008168,347.019,360.884,0,0
549.682781,14.42735843766463,346.963,360.798,0,0
549.7827759999999,14.711009329003337,347.019,360.852,0,0
549.8827739999999,17.990898814007323,347.404,360.99,0,0
549.982772,21.594949664158587,347.749,360.998,0,0
550.08277,23.857479547696848,347.828,360.75,0,0
550.182764,24.777893199803714,347.954,360.822,0,0
550.2827619999999,21.74551488495704,347.71,360.901,0,0
550.382759,18.689259759304672,347.392,360.848,0,0
550.482757,17.40192054228816,347.269,360.846,0,0
550.582753,19.783744785363186,347.387,360.649,0,0
550.6827480000001,16.754547379932202,347.227,360.882,0,0
550.782747,17.925359368189625,347.237,360.697,0,0
550.882744,13.268837346140376,346.928,360.939,0,0
550.9827389999999,15.109727145830886,347.053,360.849,0,0
551.082735,12.931791231140254,346.936,361.013,0,0
551.18273,14.846496221787998,347.012,360.82,0,0
551.2827269999999,11.174331374293642,346.77,361.014,0,0
551.382728,8.72242122338472,346.526,360.992,0,0
551.482723,9.238738448170531,346.529,360.908,0,0
551.582721,9.880596367724582,346.483,360.712,0,0
551.682718,6.615304702627557,346.311,360.964,0,0
551.78271,7.163582595292705,346.298,360.845,0,0
551.882708,3.5987628216491245,346.083,361.07,0,0
551.982704,4.267039565713401,346.077,360.943,0,0
552.082701,4.626069093896015,346.176,361.063,0,0
552.1827,4.707412493163532,346.227,361.143,0,0
552.282694,6.087610176205343,346.328,361.089,0,0
552.382693,3.3823639860669603,346.072,361.089,0,0
552.4826850000001,1.7941168168400858,345.895,361.04,0,0
552.5826800000001,2.584685757691609,345.906,360.923,0,0
552.682679,2.10559061846623,345.879,360.957,0,0
552.782672,2.6752635964192386,345.824,360.757,0,0
552.8826750000001,1.2398207022871577,345.812,360.985,0,0
552.9826700000001,1.9069256787996083,345.851,360.941,0,0
553.082666,2.156137806243208,345.782,360.771,0,0
553.1826580000001,0.968312229533756,345.707,360.84,0,0
553.2826580000001,1.8096411927981526,345.819,360.9,0,0
553.382654,1.0011005330806684,345.819,361.041,0,0
553.4826489999999,0.6362551714845253,345.799,361.068,0,0
553.582646,0.6574270981596211,345.703,360.888,0,0
553.682638,1.5581212535706888,345.688,360.704,0,0
553.782636,-0.09066485139307152,345.683,360.982,0,0
553.882633,-0.17849648455724978,345.668,360.97,0,0
553.982627,0.3026050664965808,345.753,361.043,0,0
554.082625,1.4619240191313476,345.738,360.814,0,0
554.1826239999999,2.676582941976573,345.869,360.844,0,0
554.28262,2.000745764065667,345.731,360.708,0,0
554.382616,2.504791930042933,345.916,360.961,0,0
554.482609,0.23861373258286653,345.695,360.949,0,0
554.582606,3.007764702879268,345.873,360.795,0,0
554.682605,1.6445413898326382,345.77,360.843,0,0
554.782599,2.969316101439768,345.9,360.852,0,0
554.882594,2.100592927025873,345.778,360.779,0,0
554.982593,2.8187032040133064,345.874,360.831,0,0
555.082589,1.0729895698669236,345.662,360.745,0,0
555.182583,-0.07184009742021046,345.559,360.755,0,0
555.2825770000001,0.6697128034403521,345.667,360.825,0,0
555.3825770000001,0.36715106015705756,345.673,360.889,0,0
555.482571,0.24738577993543062,345.599,360.774,0,0
555.582566,-0.17173410135712747,345.613,360.873,0,0
555.682565,0.43399455456943453,345.625,360.79,0,0
555.782558,0.353463405846361,345.727,360.992,0,0
555.882559,-2.012975931234733,345.565,361.106,0,0
555.982554,-0.4033535679968042,345.654,360.99,0,0
556.082549,0.7936253236890234,345.723,360.909,0,0
556.1825429999999,-0.6636469916974786,345.666,361.058,0,0
556.2825409999999,0.21932209776444203,345.689,360.947,0,0
556.3825350000001,-0.7009247489852649,345.623,360.986,0,0
556.482536,1.3472833202183836,345.81,360.974,0,0
556.58253,1.0939430824852006,345.75,360.908,0,0
556.6825259999999,-0.41706893303506265,345.564,360.829,0,0
556.78252,2.2525220098888252,345.769,360.742,0,0
556.882522,1.0778043063998233,345.661,360.748,0,0
556.982519,2.6761351349476192,345.806,360.737,0,0
557.0825110000001,2.8121987972914715,345.81,360.721,0,0
557.182505,2.7388180787980163,345.848,360.804,0,0
557.282506,0.48249244551194814,345.685,360.897,0,0
557.3825019999999,0.49739791079224877,345.702,360.926,0,0
557.4824980000001,-0.31614377042968655,345.545,360.779,0,0
557.582494,-0.5090703065351208,345.588,360.892,0,0
557.68249,-0.1902005478236545,345.487,360.651,0,0
557.782487,0.28719977120524914,345.601,360.778,0,0
557.882483,-1.8304470501695238,345.306,360.604,0,0
557.9824769999999,-0.17765550521658013,345.498,360.67,0,0
558.082474,1.111955665667251,345.585,360.606,0,0
558.182467,-0.14673386450033282,345.612,360.875,0,0
558.282467,1.1803799721940555,345.627,360.672,0,0
558.3824599999999,1.060779931719126,345.684,360.798,0,0
558.482456,-0.5141601552636427,345.53,360.789,0,0
558.582455,-0.9104940732469999,345.463,360.735,0,0
558.682451,0.6537924332460365,345.645,360.798,0,0
558.7824479999999,-0.9422866118962183,345.464,360.743,0,0
558.882443,0.8488908611759429,345.668,360.807,0,0
558.982443,0.9580640924597731,345.645,360.746,0,0
559.082436,-0.016015023487121194,345.65,360.925,0,0
559.1824300000001,1.047448361289459,345.583,360.617,0,0
559.282431,-1.52727548906862,345.41,360.747,0,0
559.382422,-1.2418006667129813,345.439,360.751,0,0
559.482419,1.3447997587572356,345.628,360.649,0,0
559.582418,-0.15316700150046217,345.559,360.783,0,0
559.682414,-1.9863031842508838,345.467,360.933,0,0
559.782409,-1.1645068594357506,345.519,360.886,0,0
559.882404,-0.728198038754614,345.484,360.746,0,0
559.982407,-1.5955712503351562,345.398,360.739,0,0
560.082403,0.1530885724648042,345.567,360.746,0,0
560.182402,-0.31221654167101826,345.5,360.704,0,0
560.2824009999999,-0.30881335201287785,345.517,360.735,0,0
560.382396,-0.295084938009293,345.579,360.847,0,0
560.482395,-2.318531574231423,345.394,360.859,0,0
560.582398,-1.1041065637668874,345.494,360.832,0,0
560.6823919999999,-0.7064287127192869,345.476,360.73,0,0
560.782392,1.580651539437459,345.597,360.555,0,0
560.88239,0.04496164436255182,345.569,360.771,0,0
560.982393,0.9573361662916822,345.61,360.688,0,0
561.082388,1.6807548634906364,345.619,360.579,0,0
561.182385,0.041386533437712925,345.585,360.802,0,0
561.282384,2.732817895754736,345.76,360.656,0,0
561.382389,1.9305114213326036,345.647,360.588,0,0
561.4823839999999,0.23070422006389746,345.56,360.724,0,0
561.582383,-0.7886234429873357,345.458,360.714,0,0
561.682382,0.6618900040974771,345.57,360.668,0,0
561.782378,0.33904939869310075,345.648,360.868,0,0
561.882381,1.9783013240507064,345.761,360.791,0,0
561.982376,0.046113772259251465,345.583,360.8,0,0
562.0823780000001,3.277978495009971,345.839,360.709,0,0
562.182377,3.565513265157872,345.872,360.72,0,0
562.282372,5.129811756924529,346.004,360.691,0,0
562.382376,5.495999917012549,345.964,360.554,0,0
562.482369,4.563765913406427,345.936,360.665,0,0
562.5823710000001,1.8177633617868703,345.768,360.834,0,0
562.682372,0.6220975472748542,345.689,360.897,0,0
562.78237,3.2280414657981256,345.782,360.615,0,0
562.8823649999999,-0.1804640517801076,345.522,360.73,0,0
562.982367,2.367043756774516,345.716,360.644,0,0
563.082362,1.1385276616966635,345.579,360.606,0,0
563.1823639999999,1.09385638993,345.642,360.73,0,0
563.282358,1.7105935571567075,345.667,360.669,0,0
563.38236,1.385941310092888,345.672,360.735,0,0
563.482357,-0.5809500717883765,345.463,360.693,0,0
563.582356,2.0674413081476497,345.741,360.744,0,0
563.682358,3.172898653425494,345.822,360.701,0,0
563.7823510000001,5.597201113129663,345.975,360.561,0,0
563.88235,6.80539387781219,346.113,360.605,0,0
563.982353,6.922801358885788,346.156,360.664,0,0
564.0823469999999,6.297699591689848,346.119,360.705,0,0
564.1823519999999,7.01810140743739,346.175,360.683,0,0
564.2823460000001,7.824938663112485,346.237,360.657,0,0
564.3823490000001,8.20353603926327,346.196,360.516,0,0
564.482348,7.10787395147759,346.102,360.534,0,0
564.5823469999999,5.458398451039013,346.029,360.687,0,0
564.682342,9.719618411124246,346.478,360.772,0,0
564.78234,10.83930564433062,346.606,360.813,0,0
564.882337,11.832791425213024,346.715,360.841,0,0
564.982341,10.076714986830083,346.483,360.72,0,0
565.082337,8.415505547259707,346.429,360.91,0,0
565.1823340000001,7.1412550225890765,346.248,360.799,0,0
565.282333,6.019170862902517,346.114,360.748,0,0
565.382331,5.591095468190006,346.044,360.694,0,0
565.482332,3.397534730327152,345.819,360.662,0,0
565.5823290000001,3.1995324419103595,345.855,360.763,0,0
565.6823320000001,4.5978341275880785,346.005,360.796,0,0
565.7823249999999,3.7353051885931525,345.845,360.652,0,0
565.882326,3.29315813697019,345.884,360.801,0,0
565.982329,1.9800279238892329,345.764,360.809,0,0
566.082321,3.314221198231816,345.84,360.717,0,0
566.182324,3.6969052149037465,345.907,360.774,0,0
566.282323,4.440745046612144,345.975,360.77,0,0
566.382322,2.0232993321607173,345.681,360.65,0,0
566.4823170000001,4.923425238350139,345.929,360.602,0,0
566.582315,5.062191372408715,346.005,360.718,0,0
566.6823149999999,3.4023632850560928,345.937,360.882,0,0
566.782312,4.972667924445791,345.975,360.679,0,0
566.882313,2.9485010874291744,345.822,360.75,0,0
566.982315,4.0667757097589705,346.014,360.909,0,0
567.082309,3.600554109941747,345.898,360.777,0,0
567.1823079999999,2.966709939934471,345.858,360.814,0,0
567.2823109999999,4.4873338941748715,345.95,360.719,0,0
567.382308,2.665704514260783,345.783,360.729,0,0
567.482305,3.1803335202698424,345.869,360.798,0,0
567.582307,0.8481517797102833,345.626,360.757,0,0
567.6823029999999,1.1991408235018473,345.615,360.676,0,0
567.7823000000001,2.0319345562551385,345.705,360.697,0,0
567.882304,3.915996901811182,345.833,360.605,0,0
567.982295,1.0426209320914865,345.666,360.798,0,0
568.082289,2.393563831311008,345.805,360.819,0,0
568.182287,2.3468664156961805,345.739,360.706,0,0
568.282282,4.550013068325739,345.87,360.564,0,0
568.382273,2.3263015265026725,345.709,360.655,0,0
568.482269,2.3214142405274982,345.71,360.658,0,0
568.582268,1.167121974244573,345.611,360.677,0,0
568.682262,3.701984029122502,345.775,360.538,0,0
568.782255,0.378254062623427,345.604,360.802,0,0
568.882254,-0.08797200486560602,345.488,360.67,0,0
568.982246,2.4245605489932065,345.72,360.66,0,0
569.082245,1.130504093118061,345.598,360.661,0,0
569.182236,2.903049164244548,345.766,360.662,0,0
569.282229,0.17474717083193486,345.56,360.758,0,0
569.3822240000001,1.2558262657124233,345.63,360.699,0,0
569.48222,4.148811960495311,345.892,360.678,0,0
569.582214,3.349915181318636,345.819,360.683,0,0
569.6822090000001,4.073030311963212,345.947,360.793,0,0
569.782206,3.469993841361655,345.886,360.786,0,0
569.882204,4.57840091441701,346.02,360.84,0,0
569.982194,2.855647677959878,345.783,360.704,0,0
570.0821940000001,2.960863191000355,345.808,360.732,0,0
570.18219,1.895070035828401,345.719,360.754,0,0
570.282182,2.2763905488905043,345.725,360.699,0,0
570.3821800000001,1.8312664283412148,345.711,360.751,0,0
570.482171,2.5721082495217984,345.776,360.742,0,0
570.5821659999999,2.2895081775167587,345.779,360.797,0,0
570.682159,4.893743422607793,346.055,360.852,0,0
570.7821580000001,3.7576722624809986,345.805,360.59,0,0
570.88215,3.941496210768508,345.857,360.654,0,0
570.9821469999999,1.2625665665382464,345.766,360.953,0,0
571.082145,1.169440204763335,345.663,360.78,0,0
571.182139,-1.0462256521829392,345.487,360.842,0,0
571.282133,2.343074650083071,345.778,360.788,0,0
571.382127,0.4117614117482124,345.649,360.887,0,0
571.482124,1.5227296233029202,345.699,360.786,0,0
571.5821189999999,0.6679573658940966,345.643,360.832,0,0
571.6821110000001,2.2643882534876303,345.84,360.917,0,0
571.782107,5.110470326169145,346.103,360.906,0,0
571.882105,8.233794297653056,346.377,360.867,0,0
571.982095,9.601969122605201,346.516,360.885,0,0
572.082092,8.944485083027255,346.358,360.709,0,0
572.182086,8.870145454817244,346.397,360.794,0,0
572.28208,6.203670288715795,346.205,360.905,0,0
572.38208,6.004536126855691,346.161,360.859,0,0
572.482074,5.205859464344029,346.094,360.875,0,0
572.582067,5.776616769112799,346.069,360.73,0,0
572.682059,4.005335484194517,345.866,360.665,0,0
572.78206,2.5376729606156423,345.814,360.825,0,0
572.882052,4.632303270241702,345.938,360.689,0,0
572.9820500000001,4.8510710069354674,345.977,360.723,0,0
573.082043,3.5417868409469957,345.959,360.918,0,0
573.1820409999999,3.5610890806080193,345.815,360.65,0,0
573.2820330000001,4.9140971328350105,345.933,360.632,0,0
573.382029,4.144143695016292,345.891,360.689,0,0
573.482025,4.158282469400213,345.99,360.869,0,0
573.582019,4.412949958009417,345.94,360.733,0,0
573.682009,3.1193365750922046,345.83,360.756,0,0
573.782009,2.774883675486971,345.844,360.842,0,0
573.882,1.030484855777979,345.668,360.822,0,0
573.981998,1.3384244012500093,345.76,360.938,0,0
574.08199,2.4521461461269216,345.807,360.831,0,0
574.18199,-0.14743393312694356,345.611,360.923,0,0
574.2819840000001,1.2434970258702926,345.744,360.926,0,0
574.381979,2.34341823281674,345.806,360.849,0,0
574.4819719999999,0.924305305162068,345.645,360.8,0,0
574.581966,1.781001940617529,345.709,360.769,0,0
574.6819620000001,2.28251676158,345.778,360.809,0,0
574.7819599999999,3.1562274127657712,345.836,360.764,0,0
574.8819540000001,2.921954200507472,345.699,360.553,0,0
574.981949,1.5482769128674074,345.726,360.842,0,0
575.081941,1.8050296515607258,345.63,360.621,0,0
575.1819350000001,1.4842332958844697,345.687,360.782,0,0
575.281933,2.022524721456339,345.766,360.834,0,0
575.381924,1.4866337914588932,345.632,360.681,0,0
575.481922,5.464350496812582,346.133,360.911,0,0
575.581915,6.723568007170358,346.228,360.867,0,0
575.68191,6.362831978215094,346.141,360.77,0,0
575.781908,9.489815645113087,346.436,360.769,0,0
575.8819,8.368397731722672,346.295,360.705,0,0
575.981902,6.910858218426808,346.207,360.797,0,0
576.0819009999999,6.1142294079689865,346.169,360.866,0,0
576.181895,4.680598229042298,346.08,360.952,0,0
576.281897,5.739169486195416,346.062,360.735,0,0
576.381895,3.5122455358095075,345.842,360.718,0,0
576.481896,4.124999347534789,345.965,360.838,0,0
576.5818939999999,4.180800865000572,345.925,360.755,0,0
576.681891,4.1646047149989975,345.982,360.863,0,0
576.781887,5.873911692751888,346.15,360.875,0,0
576.881886,14.862623363257981,346.964,360.809,0,0
576.981883,14.761386815270496,346.976,360.849,0,0
577.081879,15.804034848255867,347.094,360.885,0,0
577.1818810000001,13.002406680763839,346.824,360.876,0,0
577.281878,12.7184050212027,346.841,360.957,0,0
577.3818789999999,12.852858525700887,346.728,360.726,0,0
577.4818789999999,10.460636617791808,346.519,360.758,0,0
577.581874,9.821939641233337,346.478,360.794,0,0
577.681874,8.93405472718575,346.408,360.82,0,0
577.7818689999999,7.9933078586794055,346.308,360.8,0,0
577.8818660000001,6.605910372496756,346.15,360.751,0,0
577.981865,5.458738675131568,346.012,360.697,0,0
578.081866,3.161664145954344,345.862,360.821,0,0
578.181866,2.144557167206709,345.845,360.967,0,0
578.2818599999999,3.458015326991902,345.956,360.943,0,0
578.3818630000001,3.895425111630815,345.926,360.812,0,0
578.481862,3.4863884066554434,345.879,360.797,0,0
578.581861,3.041255338081226,345.84,360.803,0,0
578.681854,2.628570542879225,345.722,360.658,0,0
578.781857,0.347826954990917,345.548,360.735,0,0
578.8818540000001,0.11691046413106711,345.601,360.873,0,0
578.981851,1.9607258287374436,345.704,360.742,0,0
579.0818469999999,0.07078293760100654,345.555,360.797,0,0
579.181849,0.981066407123163,345.542,360.615,0,0
579.2818490000001,2.1711135818584335,345.556,360.434,0,0
579.381843,3.312823032995244,345.71,360.519,0,0
579.481846,3.205378899651926,345.71,360.538,0,0
579.5818399999999,2.5887570134673212,345.645,360.526,0,0
579.681841,1.216270097556186,345.552,360.594,0,0
579.781838,3.4862452913379056,345.779,360.617,0,0
579.8818349999999,3.4431670523575253,345.784,360.634,0,0
579.9818329999999,5.186484607432767,345.965,360.664,0,0
580.0818320000001,5.571201949319668,346.036,360.728,0,0
580.181828,5.105879383670281,345.894,360.548,0,0
580.281832,8.43168979314384,346.229,360.586,0,0
580.381831,6.650714210789054,346.074,360.611,0,0
580.481825,4.0518118480099306,345.871,360.69,0,0
580.581826,3.0197846034546822,345.789,360.719,0,0
580.681825,5.035320573894181,345.899,360.571,0,0
580.781821,5.489197978209307,346.051,360.772,0,0
580.8818229999999,4.36131777486802,345.942,360.768,0,0
580.981821,3.312318393695922,345.766,360.627,0,0
581.081816,3.225997773206155,345.818,360.738,0,0
581.181812,3.0813061789443195,345.821,360.769,0,0
581.281814,3.5711162703360615,345.809,360.662,0,0
581.3818100000001,1.6714919369317058,345.708,360.807,0,0
581.481807,2.0332495097507794,345.704,360.737,0,0
581.581811,2.202555628619285,345.778,360.844,0,0
581.6818079999999,2.782935166457767,345.78,360.747,0,0
581.781806,1.5936948026613906,345.619,360.658,0,0
581.881802,0.7409437752329604,345.617,360.803,0,0
581.981802,3.561252816015084,345.883,360.802,0,0
582.0817979999999,3.1409081124247606,345.917,360.938,0,0
582.1818000000001,5.050955549097775,345.948,360.663,0,0
582.281793,2.615450374516708,345.861,360.927,0,0
582.381798,5.223641001690282,345.964,360.663,0,0
582.48179,3.2576123340922147,345.779,360.665,0,0
582.581789,2.574257259127523,345.849,360.913,0,0
582.681792,1.729860164196086,345.663,360.718,0,0
582.781787,0.9486607139854863,345.527,360.604,0,0
582.881787,2.310803013692055,345.735,360.75,0,0
582.981787,-0.7319845820220455,345.446,360.748,0,0
583.081782,2.1570398321206863,345.756,360.816,0,0
583.181779,-0.011529135554480917,345.585,360.879,0,0
583.281784,0.3672389134282368,345.575,360.795,0,0
583.381776,-0.28547701579053003,345.493,360.758,0,0
583.4817800000001,-0.6568271154826384,345.455,360.753,0,0
583.5817780000001,-0.19046586712063293,345.431,360.628,0,0
583.681775,1.8808796918956063,345.649,360.669,0,0
583.7817709999999,3.8129382959181894,345.806,360.622,0,0
583.881771,2.7057239999246416,345.737,360.688,0,0
583.981768,2.135524631362042,345.684,360.69,0,0
584.081767,2.583917908483782,345.742,360.719,0,0
584.18176,3.761734145934859,345.838,360.691,0,0
584.2817610000001,5.185750821524129,345.96,360.668,0,0
584.381756,4.445200590912933,345.911,360.707,0,0
584.481753,3.476622176109312,345.81,360.69,0,0
584.5817460000001,5.3243211293802295,345.94,360.608,0,0
584.681745,2.2150954924011916,345.642,360.601,0,0
584.781743,2.7618397043689913,345.793,360.784,0,0
584.881738,2.6040866363526276,345.679,360.602,0,0
584.981732,0.5396133374290822,345.601,360.818,0,0
585.08173,3.0878143196910615,345.663,360.489,0,0
585.1817269999999,0.0854364495542909,345.48,360.675,0,0
585.2817269999999,1.5393235469709978,345.632,360.702,0,0
585.3817190000001,0.13302197594931675,345.557,360.809,0,0
585.481716,0.012045619407567048,345.453,360.639,0,0
585.581714,-1.0397457479762005,345.33,360.596,0,0
585.681713,-1.6695101825925605,345.323,360.693,0,0
585.781709,-0.3496075082773579,345.377,360.563,0,0
585.881705,-0.6331526300869513,345.356,360.574,0,0
585.9817029999999,-1.2435763022765076,345.278,360.537,0,0
586.081696,-1.056335254929122,345.32,360.582,0,0
586.181691,1.67775567445607,345.586,360.596,0,0
586.281692,2.562717871810107,345.613,360.492,0,0
586.381687,2.4336544174174866,345.599,360.489,0,0
586.481684,0.706208561374333,345.492,360.593,0,0
586.581681,1.5467723477355202,345.586,360.62,0,0
586.6816779999999,0.4777151820942744,345.513,360.672,0,0
586.7816720000001,3.4840356021327725,345.683,360.462,0,0
586.881669,2.277931775723372,345.684,360.674,0,0
586.981669,3.8527885364783496,345.717,360.461,0,0
587.0816609999999,3.3857727876650845,345.733,360.572,0,0
587.181664,2.6194459314949223,345.737,360.713,0,0
587.28166,2.5671727325455085,345.702,360.658,0,0
587.381654,4.341937294572494,345.955,360.815,0,0
587.4816539999999,3.1796020837117718,345.746,360.633,0,0
587.581647,1.9344240743951693,345.727,360.815,0,0
587.681647,2.4163944861951308,345.736,360.748,0,0
587.7816409999999,1.838848361822698,345.641,360.674,0,0
587.8816360000001,1.2045007004741013,345.589,360.689,0,0
587.981632,1.4078537009762795,345.576,360.63,0,0
588.0816289999999,1.830251064070596,345.656,360.704,0,0
588.1816289999999,1.6535931470425296,345.65,360.724,0,0
588.281623,1.3762878207574887,345.541,360.572,0,0
588.381619,-0.7488582505202641,345.404,360.69,0,0
588.48162,-1.231700774425772,345.331,360.64,0,0
588.5816149999999,1.4936503993744137,345.594,360.65,0,0
588.6816110000001,-0.05100342831446205,345.407,360.575,0,0
588.781607,2.1230884876077263,345.632,360.611,0,0
588.8816019999999,-1.7010771722813913,345.274,360.618,0,0
588.9815990000001,3.6833080701722865,345.764,360.583,0,0
589.081598,3.4597178265795554,345.834,360.751,0,0
589.181595,1.3621914053144386,345.617,360.717,0,0
589.281589,2.6356322590232697,345.709,360.665,0,0
589.381588,0.9707395149245233,345.534,360.633,0,0
589.481588,0.8697020848425453,345.552,360.684,0,0
589.5815799999999,5.114314033113368,345.994,360.759,0,0
589.681581,5.662714335424912,346.012,360.697,0,0
589.781576,8.065838591166974,346.088,360.419,0,0
589.881569,4.90550411035569,345.933,360.684,0,0
589.981566,5.113420316468067,345.99,360.753,0,0
590.0815670000001,4.769428100896398,345.916,360.677,0,0
590.181564,4.664016455363041,345.945,360.749,0,0
590.28156,3.9880583711829924,345.882,360.751,0,0
590.381552,3.514151771522957,345.868,360.808,0,0
590.4815500000001,3.568569021892159,345.767,360.613,0,0
590.581551,4.519707169228945,345.847,360.595,0,0
590.681547,7.244794106296487,346.179,360.732,0,0
590.781538,7.016870680716571,346.16,360.737,0,0
590.881536,5.918169885466549,346.038,360.704,0,0
590.981537,8.27848505724262,346.223,360.634,0,0
591.0815309999999,7.129660478125221,346.118,360.641,0,0
591.1815300000001,6.011823281055583,346.123,360.845,0,0
591.2815280000001,3.387624376120538,345.885,360.864,0,0
591.381522,4.117865340479412,345.899,360.763,0,0
591.48152,6.89953547034593,346.157,360.754,0,0
591.581514,5.099940369803408,345.941,360.67,0,0
591.681513,5.235931288253385,345.92,360.608,0,0
591.781508,2.6836313438938766,345.81,360.85,0,0
591.881502,2.6694899946456347,345.821,360.873,0,0
591.981503,3.9841083312830277,345.837,360.674,0,0
592.081498,7.616563540863197,346.176,360.666,0,0
592.181498,5.332986918986061,346.105,360.933,0,0
592.2814960000001,6.246001268910434,346.089,360.745,0,0
592.381493,3.273328908019297,345.755,360.648,0,0
592.4814889999999,2.725158391887244,345.753,360.74,0,0
592.581481,5.145702402152895,345.935,360.654,0,0
592.68148,2.9773400727075816,345.77,360.728,0,0
592.78148,2.6280494650656356,345.708,360.675,0,0
592.881475,3.6761822166714646,345.82,360.699,0,0
592.98147,3.925253521245126,345.851,360.713,0,0
593.081471,2.317825360026608,345.676,360.671,0,0
593.181466,2.123460389428819,345.658,360.672,0,0
593.281462,3.0752746320976967,345.756,360.687,0,0
593.381464,0.8689747774734107,345.601,360.786,0,0
593.48146,5.003699090437836,346.025,360.847,0,0
593.581455,2.2873446070298056,345.706,360.733,0,0
593.681449,2.5915922651776824,345.727,360.719,0,0
593.7814490000001,2.182543412269294,345.63,360.612,0,0
593.881446,0.5245031894091832,345.535,360.726,0,0
593.981442,3.2457083707893175,345.79,360.722,0,0
594.0814399999999,2.003330659171281,345.643,360.668,0,0
594.181436,3.007777365827243,345.765,360.718,0,0
594.281432,2.9113513161091826,345.728,360.667,0,0
594.3814279999999,4.022689786961794,345.865,360.726,0,0
594.481429,5.790577285165655,346.038,360.737,0,0
594.581426,4.167267977505063,345.899,360.764,0,0
594.681423,6.504802841133654,346.115,360.755,0,0
594.7814229999999,6.06332493449444,346.047,360.707,0,0
594.88142,7.214654961095063,346.203,360.794,0,0
594.981411,5.669305855353285,345.998,360.686,0,0
595.081411,3.9054966756432243,345.943,360.892,0,0
595.181409,2.533928248029696,345.774,360.82,0,0
595.2814089999999,3.843474333903194,345.808,360.655,0,0
595.381404,2.44930617600295,345.801,360.885,0,0
595.481399,2.332410536445957,345.78,360.867,0,0
595.581398,6.403954177441515,346.104,360.755,0,0
595.681391,2.507798385428866,345.793,360.861,0,0
595.781392,2.3470240350433236,345.701,360.72,0,0
595.881387,4.1716882538601245,345.881,360.734,0,0
595.981388,3.9809867452785244,345.884,360.773,0,0
596.081385,1.8045971612994742,345.659,360.738,0,0
596.181375,3.511555903363892,345.842,360.778,0,0
596.2813739999999,2.6930408003930504,345.809,360.86,0,0
596.3813710000001,1.3943115912536088,345.717,360.917,0,0
596.48137,1.6842882990431824,345.766,360.957,0,0
596.5813639999999,0.7865016835106318,345.638,360.878,0,0
596.681361,1.4164959297564628,345.661,360.811,0,0
596.781362,4.345050679224767,345.928,360.793,0,0
596.881362,2.730492848673049,345.742,360.732,0,0
596.981356,6.014910562296968,346.022,360.676,0,0
597.081356,2.908570100441417,345.902,360.996,0,0
597.181352,4.022749334820101,345.836,360.681,0,0
597.281345,4.725583988687661,345.936,360.743,0,0
597.381343,2.8879435011041514,345.955,361.098,0,0
597.481341,4.607422368188327,345.887,360.674,0,0
597.581338,4.398729042897107,346.022,360.959,0,0
597.681335,2.5315615283886856,345.742,360.769,0,0
597.781332,3.853441233589828,345.95,360.922,0,0
597.8813299999999,2.834278127939657,345.804,360.831,0,0
597.981326,2.5937089269742066,345.755,360.783,0,0
598.081326,1.214049560153324,345.676,360.878,0,0
598.1813199999999,2.4920934728694526,345.713,360.724,0,0
598.281315,3.6684944128294665,345.823,360.722,0,0
598.381315,3.2628671982724287,345.766,360.688,0,0
598.48131,1.5146692396543915,345.744,360.952,0,0
598.581311,6.7797603693014,346.145,360.774,0,0
598.6813050000001,9.908079179679875,346.426,360.747,0,0
598.7813000000001,7.366144482336773,346.236,360.84,0,0
598.881297,8.782770243153633,346.366,360.833,0,0
598.981295,7.456013932186269,346.217,360.79,0,0
599.081294,6.325984106448996,346.204,360.963,0,0
599.181292,9.953878929354248,346.423,360.735,0,0
599.281287,7.448255841584277,346.256,360.864,0,0
599.381287,9.070623203687667,346.406,360.858,0,0
599.481279,6.460218026530939,346.128,360.801,0,0
599.581277,6.019174132973708,346.097,360.821,0,0
599.681275,4.862300955147433,345.957,360.765,0,0
599.781275,4.537586897440402,345.912,360.739,0,0
599.881271,3.7680080589517715,345.932,360.91,0,0
599.981263,4.395939134595335,345.926,360.79,0,0
600.0812639999999,4.778784481021488,345.974,360.812,0,0
600.1812560000001,6.135413305486977,346.088,360.786,0,0
600.281254,4.933697486242921,345.978,360.793,0,0
600.381247,5.543920663673959,345.985,360.7,0,0
600.481245,5.543323577282369,346.0,360.728,0,0
600.581244,5.893989845754079,346.033,360.728,0,0
600.681241,4.910419423198797,345.967,360.778,0,0
600.781233,5.118356610677565,345.924,360.663,0,0
600.8812310000001,2.793178607485138,345.792,360.825,0,0
600.981221,6.922627423476525,346.153,360.771,0,0
601.081223,8.51603877871941,346.272,360.713,0,0
601.181217,7.58373789605839,346.194,360.732,0,0
601.281211,5.725676553812956,346.104,360.89,0,0
601.381206,8.181887562981125,346.166,360.577,0,0
601.481206,6.472550664091411,346.108,360.768,0,0
601.581201,5.409653546527092,346.072,360.887,0,0
601.681196,5.286110700368611,345.977,360.734,0,0
601.781191,6.660887327123937,346.115,360.749,0,0
601.8811890000001,5.164446425676678,346.013,360.822,0,0
601.981182,5.955136295572109,346.005,360.67,0,0
602.08118,5.452718637270842,345.947,360.651,0,0
602.181175,4.676511294064098,345.868,360.641,0,0
602.281169,3.7048651245353392,345.864,360.803,0,0
602.3811629999999,4.260804927589991,345.93,360.828,0,0
602.481162,4.783451727959901,345.901,360.684,0,0
602.5811600000001,2.601042233226505,345.745,360.777,0,0
602.681153,3.3581348445778514,345.811,360.767,0,0
602.7811509999999,1.3322750267486756,345.666,360.853,0,0
602.8811489999999,2.478079947786888,345.803,360.906,0,0
602.9811430000001,1.8860100159548452,345.73,360.875,0,0
603.081138,2.384021489312766,345.784,360.888,0,0
603.181137,4.037401337512245,345.969,360.941,0,0
603.2811280000001,4.3269422830260424,345.931,360.821,0,0
603.381122,4.188221674684321,345.84,360.678,0,0
603.48112,4.598865723258501,345.914,360.743,0,0
603.5811199999999,5.986334788584104,345.932,360.535,0,0
603.681112,3.6227389052762193,345.848,360.792,0,0
603.781111,3.7424269438158686,345.726,360.547,0,0
603.8811069999999,6.08079855412291,346.091,360.812,0,0
603.9811,4.800930281175193,345.941,360.759,0,0
604.081094,5.818464370720145,346.055,360.792,0,0
604.1810919999999,7.962890376420261,346.231,360.743,0,0
604.2810840000001,9.72318180043975,346.381,360.713,0,0
604.381085,7.639381147640236,346.249,360.833,0,0
604.481081,9.230285580311309,346.302,360.654,0,0
604.581077,10.133350161708254,346.378,360.637,0,0
604.681071,8.870733102626174,346.203,360.535,0,0
604.78107,5.457479178457085,346.073,360.89,0,0
604.881064,3.885874529085429,345.934,360.908,0,0
604.981056,3.011958660544743,345.855,360.915,0,0
605.081053,5.246303945792644,345.952,360.705,0,0
605.1810529999999,3.4898455179415526,345.864,360.849,0,0
605.2810470000001,3.9308457603969855,345.905,360.848,0,0
605.381042,3.9421990235211317,345.907,360.85,0,0
605.481036,3.6854882498136363,345.938,360.952,0,0
605.5810359999999,4.564912601731271,345.921,360.768,0,0
605.681027,3.6753555393639177,345.859,360.809,0,0
605.781029,4.176121942093383,345.91,360.816,0,0
605.881023,3.347316409715584,345.707,360.587,0,0
605.9810180000001,3.264385676600657,345.774,360.725,0,0
606.0810110000001,7.31403442390095,346.178,360.764,0,0
606.181011,8.16376900254066,346.237,360.725,0,0
606.2810069999999,5.832627665925536,346.049,360.785,0,0
606.381,6.544384720849642,346.208,360.954,0,0
606.480997,3.742726918002913,345.863,360.807,0,0
606.580991,4.960727788084324,345.959,360.772,0,0
606.680987,4.223790100528882,345.956,360.895,0,0
606.780986,3.9696529019230815,345.878,360.796,0,0
606.880979,5.713390393943357,346.021,360.756,0,0
606.980978,6.444520314877941,346.034,360.653,0,0
607.080973,4.789939117029246,345.854,360.61,0,0
607.1809669999999,3.2996790332423847,345.789,360.75,0,0
607.280961,3.739993626613548,345.812,360.716,0,0
607.380956,4.328762226332407,345.961,360.888,0,0
607.480954,4.256045971681485,345.792,360.59,0,0
607.580952,7.240829045543124,346.229,360.875,0,0
607.680949,13.079457627100574,346.675,360.68,0,0
607.780944,14.416513994940013,346.829,360.731,0,0
607.8809399999999,13.621928447476991,346.695,360.623,0,0
607.980935,16.701956840432654,346.966,360.586,0,0
608.080928,14.963189154439409,346.89,360.749,0,0
608.180927,14.513426698208166,346.781,360.627,0,0
608.280927,11.26278815074038,346.443,360.571,0,0
608.380922,11.230214328214856,346.474,360.634,0,0
608.480915,10.365729927491827,346.366,360.586,0,0
608.580911,7.76285131946524,346.186,360.708,0,0
608.6809089999999,9.382700572125072,346.27,360.581,0,0
608.7809100000001,6.976851350749271,346.057,360.608,0,0
608.8809030000001,5.521764231196141,345.985,360.729,0,0
608.980904,10.079935634271928,346.361,360.628,0,0
609.080894,12.551479588673594,346.55,360.546,0,0
609.180891,10.920283997502182,346.507,360.751,0,0
609.280887,9.137874056113073,346.341,360.756,0,0
609.380886,7.903280969192883,346.198,360.708,0,0
609.4808850000001,7.962661029706406,346.229,360.755,0,0
609.5808810000001,9.56408713909379,346.383,360.76,0,0
609.680879,10.30214982827406,346.301,360.481,0,0
609.7808719999999,11.108627203371427,346.432,360.582,0,0
609.880869,7.280241922229382,346.166,360.759,0,0
609.980865,7.3591897536816875,346.132,360.683,0,0
610.080861,5.653570560783969,345.945,360.636,0,0
610.1808580000001,5.137099630533174,345.921,360.682,0,0
610.280855,5.1224567678721185,345.945,360.729,1,0
610.380856,5.439757513218292,346.008,360.79,0,0
610.480849,5.3341108131732025,345.956,360.713,0,0
610.580848,6.915111312201611,346.026,360.567,0,0
610.680841,5.86717659288281,345.905,360.527,0,0
610.78084,4.334601185312599,345.861,360.713,0,0
610.8808399999999,5.843852668856153,345.984,360.677,0,0
610.9808370000001,6.5871190982310885,346.09,360.743,0,0
611.08083,2.5327708453569846,345.776,360.871,0,0
611.180828,3.9404114095000775,345.897,360.849,0,0
611.280821,5.1929194851225855,345.918,360.67,0,0
611.380821,4.618010769918436,345.995,360.912,0,0
611.4808149999999,5.4024809950404435,345.975,360.739,0,0
611.580816,4.566684002846663,345.967,360.87,0,0
611.6808120000001,5.215103380465708,345.845,360.533,0,0
611.780807,3.646202673095929,345.803,360.729,0,0
611.880801,8.428067272358273,346.142,360.521,0,0
611.980797,5.599881994566136,345.982,360.719,0,0
612.080794,10.764646762295582,346.542,360.851,0,0
612.180793,10.91531751428733,346.505,360.757,0,0
612.28079,10.733102707874908,346.48,360.743,0,0
612.38079,6.838094715332568,346.099,360.72,0,0
612.4807830000001,8.366847039485666,346.307,360.837,0,0
612.580782,7.907194773104552,346.19,360.702,0,0
612.6807739999999,7.802215152506602,346.181,360.704,0,0
612.7807750000001,4.381922013855185,345.815,360.626,0,0
612.88077,4.062042891284287,345.696,360.463,0,0
612.980764,4.252174401672724,345.841,360.697,0,0
613.080763,4.403990828511505,345.809,360.612,0,0
613.1807580000001,4.084771421148191,345.758,360.574,0,0
613.28076,2.705310595343743,345.685,360.68,0,0
613.3807539999999,2.818248669699673,345.714,360.714,0,0
613.480749,4.7528019926031675,345.812,360.558,0,0
613.580747,3.968271944750436,345.792,360.658,0,0
613.680745,4.378204431756048,345.873,360.736,0,0
613.7807419999999,3.8624305397506395,345.817,360.723,0,0
613.8807380000001,3.1305775265606126,345.721,360.674,0,0
613.980731,3.7044410226626328,345.755,360.637,0,0
614.080733,2.45207831294833,345.75,360.846,0,0
614.180726,1.0345172287364897,345.531,360.69,0,0
614.280722,2.802561585165758,345.785,360.85,0,0
614.380721,0.5575925037095729,345.647,360.987,0,0
614.4807149999999,2.528467464121958,345.743,360.821,0,0
614.5807140000001,1.985579495647038,345.654,360.752,0,0
614.680708,4.145171408836932,345.801,360.647,0,0
614.780709,2.5726287628024327,345.663,360.667,0,0
614.8807049999999,2.359584216029207,345.684,360.743,0,0
614.980703,2.254113587572978,345.738,360.861,0,0
615.080699,2.9976324303754627,345.775,360.8,0,0
615.180693,1.6241426494796714,345.708,360.916,0,0
615.280686,5.440486471109152,345.997,360.784,0,0
615.380689,5.389078220620098,345.961,360.727,0,0
615.480681,5.70612078765607,346.068,360.869,0,0
615.580677,6.520911023874358,346.09,360.768,0,0
615.6806750000001,4.10813320986504,345.922,360.879,0,0
615.780671,4.6449882905636,345.94,360.819,0,0
615.8806679999999,5.086218221727378,345.937,360.737,0,0
615.9806659999999,2.5633331454346746,345.745,360.823,0,0
616.0806670000001,1.4015698085927437,345.679,360.904,0,0
616.180664,2.477311843551069,345.636,360.638,0,0
616.28066,3.1546000520869435,345.72,360.675,0,0
616.380658,3.540640482905705,345.752,360.667,0,0
616.480652,1.0465231193899673,345.485,360.61,0,0
616.580651,4.952471973866879,345.889,360.674,0,0
616.680649,2.5627246462458495,345.621,360.597,0,0
616.780647,5.0018604596136145,345.764,360.436,0,0
616.880646,2.3835545100727757,345.607,360.603,0,0
616.98064,3.09535736193226,345.616,360.496,0,0
617.08064,2.797734770256577,345.579,360.48,0,0
617.1806339999999,2.822823270527944,345.666,360.636,0,0
617.280637,3.766777487835245,345.76,360.645,0,0
617.380629,4.105247112110807,345.75,360.568,0,0
617.48063,2.002795572150558,345.632,360.717,0,0
617.580628,3.958003727888732,345.795,360.677,0,0
617.680622,3.3072981177579925,345.692,360.601,0,0
617.780623,3.822741105217406,345.777,360.668,0,0
617.8806169999999,6.344349519180335,346.049,360.73,0,0
617.980614,9.497277508391667,346.222,360.5,0,0
618.0806160000001,7.103111915360604,346.065,360.628,0,0
618.180611,8.010513737636959,346.155,360.636,0,0
618.280609,7.527591971876197,346.132,360.678,0,0
618.3806099999999,5.949761255038056,345.981,360.675,0,0
618.480603,5.057215583116811,345.866,360.619,0,0
618.580602,5.15242675236131,345.933,360.726,0,0
618.680603,4.556431979883394,345.833,360.646,0,0
618.780599,1.983451211439832,345.583,360.634,0,0
618.8805940000001,4.023469489747716,345.785,360.651,0,0
618.980591,6.140290662012148,345.941,360.57,0,0
619.080589,7.106353952453243,345.936,360.393,0,0
619.180591,5.099762629640456,345.82,360.529,0,0
619.280585,4.977735498726076,345.867,360.637,0,0
619.380584,4.244011402209581,345.823,360.684,0,0
619.480579,6.825221682904935,345.949,360.467,0,0
619.580581,4.018442792330718,345.697,360.492,0,0
619.680576,3.9463218133610654,345.696,360.503,0,0
619.780573,5.4192342493138135,345.821,360.477,0,0
619.880573,5.829837932622135,345.92,360.588,0,0
619.980572,16.245791629474155,346.863,360.511,0,0
620.080563,21.06388962120683,347.375,360.615,0,0
620.1805649999999,21.4787030950872,347.307,360.418,0,0
620.2805579999999,20.321532402857382,347.236,360.489,0,0
620.3805570000001,25.913234516070112,347.688,360.348,0,0
620.4805550000001,28.45870428049424,348.059,360.588,0,0
620.580553,27.881095255885562,347.964,360.514,0,0
620.680549,24.96142607158662,347.741,360.612,0,0
620.780546,21.367099955196796,347.358,360.533,0,0
620.880543,23.457757669149235,347.405,360.256,0,0
620.9805429999999,19.622674982454573,347.165,360.482,0,0
621.080542,18.621176388368053,347.006,360.364,0,0
621.180543,16.80729277654141,346.743,360.196,0,0
621.280539,15.463697727524389,346.631,360.224,0,0
621.3805309999999,13.097353426719227,346.45,360.303,0,0
621.4805289999999,10.951049323698763,346.186,360.191,0,0
621.580526,9.54973246508121,346.118,360.31,0,0
621.68053,10.451662676216852,346.089,360.1,0,0
621.7805209999999,9.862481344742267,346.169,360.35,0,0
621.880523,10.367148102632871,346.172,360.268,0,0
621.980521,8.18749619815036,345.938,360.217,0,0
622.080516,7.215154218211712,345.866,360.254,0,0
622.180512,9.142765674910862,346.034,360.228,0,0
622.280512,7.7846764715638805,345.944,360.299,0,0
622.380507,6.432594000927424,345.785,360.242,0,0
622.4805060000001,4.271990542976745,345.624,360.322,0,0
622.580502,2.5968609435312655,345.585,360.542,0,0
622.680503,2.77832796413991,345.527,360.404,0,0
622.7805,4.9813730230062205,345.633,360.216,0,0
622.880496,5.467584131363355,345.781,360.404,0,0
622.980497,2.2180455877714804,345.498,360.449,0,0
623.080493,4.941729533542924,345.744,360.428,0,0
623.180489,3.93331126139758,345.63,360.394,0,0
623.280491,2.306474735634781,345.551,360.532,0,0
623.380484,3.2539036651385307,345.56,360.384,0,0
623.480481,2.344984721829494,345.544,360.513,0,0
623.5804810000001,2.026646013575827,345.542,360.565,0,0
623.680478,2.2724674406193768,345.514,360.471,0,0
623.780478,0.5891209163368004,345.334,360.433,0,0
623.8804719999999,4.1020262295833785,345.553,360.225,0,0
623.980472,2.1520225752203617,345.338,360.169,0,0
624.080465,1.8700063590411975,345.334,360.211,0,0
624.180466,1.3668241962637497,345.358,360.343,0,0
624.2804610000001,1.351962343290896,345.301,360.241,0,0
624.380458,1.7065039767518433,345.311,360.198,0,0
624.480455,1.2617244695536356,345.309,360.272,0,0
624.5804499999999,0.3615273950831091,345.321,360.451,0,0
624.6804490000001,0.7243376797586499,345.347,360.436,0,0
624.780444,1.6448573315025836,345.379,360.335,0,0
624.880444,0.7200906530845295,345.324,360.395,0,0
624.980441,0.08728572970807452,345.264,360.395,0,0
625.080432,0.06943524893119926,345.204,360.288,0,0
625.180433,-1.1507573492915861,345.189,360.473,0,0
625.280426,-0.38288134394514406,345.212,360.382,0,0
625.3804279999999,0.5548250990440182,345.369,360.508,0,0
625.480424,1.5505556126995934,345.313,360.232,0,0
625.58042,0.8788827884349008,345.289,360.305,0,0
625.680417,1.2816515537668867,345.409,360.456,0,0
625.780412,2.088815848413541,345.483,360.452,0,0
625.880412,0.4167114861673877,345.347,360.493,0,0
625.980404,1.0257525327440122,345.324,360.345,0,0
626.0804059999999,5.727337453956642,345.719,360.254,0,0
626.180399,9.325419495994158,346.189,360.493,0,0
626.280397,13.611633309791257,346.492,360.305,0,0
626.380395,10.928013836221309,346.356,360.522,0,0
626.480393,12.044640490215578,346.356,360.328,0,0
626.580385,11.992942800476925,346.414,360.444,0,0
626.680387,10.597180944434397,346.24,360.367,0,0
626.780383,9.443008581454505,346.122,360.351,0,0
626.8803760000001,7.187000206868237,345.946,360.42,0,0
626.980377,5.055158152967515,345.71,360.357,0,0
627.080372,5.34230878242583,345.787,360.449,0,0
627.1803689999999,5.93315384307723,345.84,360.444,0,0
627.2803680000001,6.959630934901974,345.913,360.4,0,0
627.380364,4.8040632435198445,345.784,360.538,0,0
627.4803569999999,4.082588689426439,345.558,360.248,0,0
627.580358,4.853859753658952,345.696,360.368,0,0
627.68035,3.148405425920557,345.59,360.47,0,0
627.780348,3.119748974836619,345.523,360.352,0,0
627.8803419999999,2.066027080086714,345.427,360.359,0,0
627.980342,2.801461108793861,345.504,360.373,0,0
628.080338,-0.5706393680842213,345.273,360.535,0,0
628.180336,1.3333240603032208,345.348,360.342,0,0
628.280331,0.45613168071767995,345.31,360.425,0,0
628.3803290000001,0.5023724405851704,345.349,360.489,0,0
628.480326,4.772693986169355,345.713,360.416,0,0
628.5803249999999,1.7311943660527453,345.435,360.434,0,0
628.6803179999999,3.1857140901461354,345.53,360.356,0,0
628.780319,1.9252959145771795,345.49,360.502,0,0
628.880312,0.8410178839269775,345.346,360.426,0,0
628.9803129999999,1.2360210582494713,345.337,360.341,0,0
629.080308,-0.4232193828735177,345.212,360.4,0,0
629.180304,1.6885306407712435,345.361,360.307,0,0
629.280299,0.820774719235591,345.294,360.335,0,0
629.3803,2.3656258243619157,345.422,360.302,0,0
629.480293,0.8997128037941476,345.318,360.366,0,0
629.5802950000001,1.7500675391216942,345.445,360.452,0,0
629.680287,0.4248371145162312,345.363,360.532,0,0
629.780287,2.408804856259443,345.426,360.303,0,0
629.8802830000001,1.8187447175060036,345.382,360.325,0,0
629.980275,4.279170210912088,345.683,360.451,0,0
630.080277,3.0898490851853446,345.497,360.316,0,0
630.1802759999999,-0.01078137493603996,345.327,360.543,0,0
630.2802730000001,1.18973170775013,345.367,360.408,0,0
630.3802659999999,0.34932485684308734,345.314,360.457,0,0
630.48026,0.5050195933174512,345.284,360.375,0,0
630.580262,-1.581153150185191,345.217,360.615,0,0
630.680258,-1.611156278928869,345.064,360.339,0,0
630.78025,1.2187364915055392,345.282,360.248,0,0
630.8802519999999,0.4987613245630247,345.298,360.403,0,0
630.980249,-1.1526675036095881,345.177,360.468,0,0
631.080247,0.7105845267068595,345.29,360.352,0,0
631.18024,-3.0265733926316503,345.031,360.526,0,0
631.280238,-2.3639970242503785,345.056,360.457,0,0
631.380237,-1.129240265008005,345.115,360.351,0,0
631.48023,1.9838572781687855,345.375,360.288,0,0
631.5802269999999,0.21817542545776047,345.247,360.36,0,0
631.680222,0.19752224452754588,345.265,360.397,0,0
631.780222,1.1079002785501961,345.333,360.364,0,0
631.8802169999999,-0.16263186107950944,345.279,360.486,0,0
631.980214,-0.4446063543636848,345.15,360.298,0,0
632.08021,-0.20413408490789395,345.234,360.411,0,0
632.180205,0.3455633347473714,345.263,360.369,0,0
632.280202,0.1534012438110244,345.305,360.48,0,0
632.3802,1.744236434050186,345.408,360.393,0,0
632.480193,-0.8195772826685982,345.173,360.407,0,0
632.580192,-0.9864454482682786,345.2,360.486,0,0
632.680187,-0.8450301350600682,345.223,360.504,0,0
632.780183,0.32258673267265764,345.305,360.452,0,0
632.880181,2.149068832163435,345.383,360.278,0,0
632.980175,4.830893806930447,345.637,360.279,0,0
633.0801700000001,4.287715864797713,345.617,360.337,0,0
633.180168,1.764802922144459,345.425,360.423,0,0
633.280162,2.206285985634595,345.303,360.122,0,0
633.38016,1.3422038121243618,345.232,360.142,0,0
633.4801550000001,1.8084398249565523,345.283,360.155,0,0
633.580155,0.06274587640179359,345.177,360.264,0,0
633.6801509999999,-1.4141809448973002,345.01,360.214,0,0
633.780146,-1.688884782423114,345.073,360.378,0,0
633.880139,-0.13203752239387062,345.088,360.135,0,0
633.980135,-1.7635016596030082,345.039,360.329,0,0
634.080131,-1.1478490978166374,345.115,360.362,0,0
634.1801330000001,-1.0146942081554988,345.097,360.306,0,0
634.280125,2.0174398831235876,345.445,360.419,0,0
634.38012,2.3066790207194443,345.451,360.38,0,0
634.4801180000001,0.6943175056163661,345.35,360.475,0,0
634.580115,7.068087218628715,345.789,360.174,0,0
634.680112,5.914075950381196,345.802,360.399,0,0
634.78011,8.748367891953551,345.934,360.149,0,0
634.880105,9.710682827428286,346.033,360.164,0,0
634.980099,7.308902949527081,345.878,360.297,0,0
635.080094,9.915328801559852,346.114,360.278,0,0
635.1800910000001,8.088965396721143,345.952,360.298,0,0
635.280088,6.010892190702324,345.745,360.279,0,0
635.380082,9.50007637605739,346.021,360.18,0,0
635.480081,6.957656181983358,345.744,360.113,0,0
635.5800790000001,6.528964783818634,345.712,360.129,0,0
635.680071,12.615987764223016,346.319,360.187,0,0
635.780067,15.479447353606018,346.513,360.046,0,0
635.8800659999999,13.29535784644292,346.39,360.2,0,0
635.980061,11.563243643828269,346.238,360.222,0,0
636.080055,10.670442828598025,346.117,360.155,0,0
636.180054,8.594857748340372,346.001,360.303,0,0
636.280053,8.81927263252123,345.99,360.244,0,0
636.380044,7.746033943307922,345.809,360.098,0,0
636.480044,4.72585539962469,345.639,360.311,0,0
636.5800409999999,4.765676243703998,345.61,360.251,0,0
636.6800350000001,2.0974427258235684,345.476,360.469,0,0
636.780033,4.64826615834012,345.635,360.318,0,0
636.88003,3.052731491057256,345.422,360.204,0,0
636.980024,4.8327641266668815,345.513,360.062,0,0
637.080016,2.1760136582191145,345.404,360.324,0,0
637.1800159999999,1.9388513096223845,345.295,360.165,0,0
637.2800080000001,1.3745613949453523,345.173,360.039,0,0
637.380007,-0.5606130679597989,345.173,360.376,0,0
637.480002,2.863281145748563,345.445,360.281,0,0
637.5799989999999,1.8959805501867604,345.355,360.284,0,0
637.679997,1.6208597010099328,345.306,360.242,0,0
637.779995,1.5295963158876726,345.382,360.398,0,0
637.879986,1.0685069153019424,345.304,360.335,0,0
637.979986,9.049788933425226,345.976,360.183,0,0
638.079978,10.777586115500954,346.18,360.258,0,0
638.17998,8.522004566820266,346.041,360.395,0,0
638.2799749999999,8.605744376229893,345.983,360.274,0,0
638.37997,10.085533118217073,346.088,360.21,0,0
638.479967,7.909741353351755,345.906,360.254,0,0
638.579964,4.8813122475742325,345.67,360.347,0,0
638.6799579999999,5.663909387878471,345.627,360.132,0,0
638.779954,4.249945815222863,345.504,360.152,0,0
638.879948,2.520565735892296,345.399,360.26,0,0
638.9799479999999,2.4840347197729273,345.428,360.32,0,0
639.079945,3.518092065361296,345.474,360.225,0,0
639.179941,-0.07036371177773332,345.272,360.478,0,0
639.279934,0.9193280492590797,345.31,360.376,0,0
639.3799300000001,2.515694501275309,345.357,360.185,0,0
639.479929,1.5649186040726462,345.324,360.29,0,0
639.579926,0.9348406993104001,345.286,360.33,0,0
639.6799209999999,2.741072991809105,345.386,360.2,0,0
639.779913,1.5617815231881724,345.364,360.365,0,0
639.879912,1.5917374911960631,345.277,360.2,0,0
639.9799059999999,4.3933242907906855,345.532,360.182,0,0
640.0799039999999,4.528494555221323,345.618,360.317,0,0
640.179907,2.6991583838492152,345.403,360.24,0,0
640.279902,2.4003412953331225,345.386,360.261,0,0
640.379899,1.0850201705808828,345.212,360.17,0,0
640.4798959999999,1.3075781887661384,345.228,360.161,0,0
640.579894,1.1460234256877737,345.168,360.079,0,0
640.679891,-0.43831439035983,345.099,360.228,0,0
640.7798889999999,0.024490841793813514,345.085,360.122,0,0
640.879886,0.6458916262283886,345.136,360.108,0,0
640.979882,-0.6462898148946354,345.143,360.346,0,0
641.079885,1.1245155686946242,345.294,360.316,0,0
641.179881,2.7398854702864117,345.514,360.44,0,0
641.279875,0.8321535160516493,345.303,360.384,0,0
641.3798710000001,1.9655233660845461,345.341,360.257,0,0
641.479871,1.3301609950403543,345.29,360.274,0,0
641.57987,-1.046085021783598,345.076,360.294,0,0
641.679868,0.99667971284005,345.225,360.213,0,0
641.779868,0.6684208869594219,345.24,360.298,0,0
641.879861,1.5112026021142044,345.294,360.251,0,0
641.979863,-1.2082548325566485,345.047,360.27,0,0
642.079859,0.5209113321272835,345.262,360.365,0,0
642.179856,2.3620781744499815,345.374,360.251,0,0
642.279853,2.97266440459128,345.443,360.272,0,0
642.379848,1.9359246897201148,345.366,360.311,0,0
642.4798490000001,2.4483422208884127,345.448,360.373,0,0
642.5798440000001,1.2592407946466169,345.243,360.203,0,0
642.679839,1.1927993765405924,345.317,360.351,0,0
642.7798399999999,1.0685174542147493,345.179,360.119,0,0
642.879835,1.2728887474144288,345.246,360.207,0,0
642.979833,0.5510559163601505,345.264,360.366,0,0
643.0798299999999,-0.26499503518250334,345.197,360.385,0,0
643.179831,0.14445823993132667,345.216,360.349,0,0
643.27983,0.08746489562484297,345.236,360.396,0,0
643.3798270000001,-1.6159127699608504,345.059,360.367,0,0
643.479822,0.40938040934039244,345.202,360.278,0,0
643.5798229999999,-0.23287937882888077,345.146,360.287,0,0
643.67982,-1.4112345828281907,345.073,360.358,0,0
643.779818,0.2703819214752247,345.196,360.292,0,0
643.879809,-0.7443125865943168,345.17,360.421,0,0
643.979812,0.9232981974933194,345.252,360.282,0,0
644.0798050000001,0.6646848473049314,345.285,360.388,0,0
644.179804,2.6490753865159733,345.385,360.227,0,0
644.279804,1.7012909018001736,345.33,360.291,0,0
644.3798029999999,1.6091523603040307,345.282,360.219,0,0
644.4797950000001,2.9185825908842142,345.391,360.192,0,0
644.579794,0.49243644409656956,345.2,360.263,0,0
644.679792,0.5763513862648091,345.248,360.337,0,0
644.7797909999999,-1.7967061071763324,345.093,360.465,0,0
644.879789,0.1359691171989815,345.168,360.267,0,0
644.979785,-1.256172232062978,345.065,360.32,0,0
645.07978,-1.569932294429326,345.033,360.316,0,0
645.179782,0.629096389622834,345.312,360.447,0,0
645.2797780000001,-0.03887146612372483,345.159,360.282,0,0
645.379776,0.7859494819837717,345.27,360.343,0,0
645.479774,0.9853168119708505,345.205,360.189,0,0
645.579773,0.3832849532845935,345.149,360.191,0,0
645.679767,0.23225432590280598,345.19,360.293,0,0
645.779764,-1.2502096107472092,345.029,360.255,0,0
645.879763,1.33389399120661,345.283,360.273,0,0
645.9797619999999,-0.00951076271103264,345.177,360.312,0,0
646.0797580000001,-0.2788744755388449,345.078,360.177,0,0
646.179758,0.3785611341571647,345.246,360.372,0,0
646.2797539999999,-1.8878443612131164,345.125,360.544,0,0
646.3797519999999,-0.9868711610312063,345.097,360.336,0,0
646.479747,2.3505854439810223,345.338,360.199,0,0
646.579746,0.426264852303114,345.195,360.271,0,0
646.679746,-0.6247458994408221,345.146,360.364,0,0
646.7797380000001,0.7373047552394794,345.304,360.418,0,0
646.879735,-3.6021235840549664,344.9,360.43,0,0
646.979736,1.9088500153422756,345.346,360.292,0,0
647.079731,1.0799029263056328,345.318,360.385,0,0
647.17973,3.0346116031607537,345.469,360.323,0,0
647.279726,1.1385932756181525,345.264,360.276,0,0
647.379726,1.9967369216241317,345.395,360.368,0,0
647.479719,0.8983508603240415,345.385,360.541,0,0
647.579717,-0.03240203145771415,345.274,360.499,0,0
647.6797190000001,2.4754264875706564,345.411,360.315,0,0
647.779715,1.1646735625870432,345.282,360.306,0,0
647.8797099999999,1.4225708032794955,345.422,360.519,0,0
647.979713,-0.11091761426194278,345.229,360.431,0,0
648.07971,-0.2658153839109794,345.168,360.346,0,0
648.179705,0.658544849061556,345.277,360.386,0,0
648.279699,1.8684702259907966,345.288,360.196,0,0
648.379696,1.0723705733921678,345.318,360.39,0,0
648.479697,2.3049817588297525,345.498,360.507,0,0
648.579694,2.178364945511058,345.425,360.395,0,0
648.679692,1.7243393557916833,345.458,360.535,0,0
648.77969,2.709201782300069,345.47,360.386,0,0
648.8796850000001,1.9382117571798827,345.379,360.353,0,0
648.97968,5.610780079459657,345.768,360.43,0,0
649.07968,9.941293711127683,346.154,360.387,0,0
649.179677,11.473474735775937,346.277,360.347,0,0
649.279676,11.081953692285833,346.367,360.581,0,0
649.37967,9.168257895391559,346.1,360.423,0,0
649.4796650000001,12.552391979896255,346.309,360.219,0,0
649.579661,6.931520349877881,345.986,360.603,0,0
649.679659,6.955466832708338,345.943,360.52,0,0
649.7796609999999,8.816636061305669,346.027,360.351,0,0
649.8796580000001,7.8596549883323235,345.957,360.389,0,0
649.979655,3.1365536938958347,345.514,360.396,0,0
650.079653,4.941613829625841,345.634,360.303,0,0
650.17965,3.513358670265846,345.564,360.423,0,0
650.279646,4.861442533258139,345.581,360.22,0,0
650.379642,1.7819108049977672,345.463,360.539,0,0
650.479636,2.6529626233557893,345.505,360.465,0,0
650.579632,0.2167318488008325,345.225,360.374,0,0
650.6796310000001,1.9323247999028226,345.436,360.464,0,0
650.779629,2.306797436999678,345.518,360.55,0,0
650.8796239999999,3.878568292257501,345.523,360.286,0,0
650.9796230000001,2.605498437199281,345.428,360.333,0,0
651.0796210000001,1.063238953993482,345.307,360.379,0,0
651.179617,1.5301539238177673,345.326,360.333,0,0
651.279616,2.0554612077479972,345.344,360.275,0,0
651.3796130000001,2.578214020523957,345.421,360.326,0,0
651.479612,3.4938247177367456,345.552,360.408,0,0
651.579609,1.569551645361231,345.284,360.25,0,0
651.679603,3.1561820862531467,345.479,360.333,0,0
651.7796040000001,6.796103435472134,345.866,360.412,0,0
651.879596,5.044420321617503,345.729,360.465,0,0
651.979595,5.518207213424166,345.803,360.519,0,0
652.0795899999999,6.834792581250541,345.823,360.327,0,0
652.1795870000001,5.894584876670469,345.766,360.386,0,0
652.279584,7.833149204656811,346.022,360.52,0,0
652.379584,5.338058400180056,345.756,360.465,0,0
652.479578,5.778053832608935,345.823,360.512,0,0
652.579581,7.823986276181147,346.056,360.585,0,0
652.679577,7.646548183749339,346.007,360.526,0,0
652.779573,8.893234992432408,346.053,360.394,0,0
652.8795709999999,8.096187942577783,346.134,360.682,0,0
652.979563,9.925391341184547,346.234,360.548,0,0
653.079563,12.964188638040717,346.531,360.566,0,0
653.179564,12.752039261735534,346.476,360.502,0,0
653.279558,17.088749246039477,346.874,360.48,0,0
653.379554,16.701671282782115,346.778,360.371,0,0
653.479551,13.192986672988239,346.533,360.531,0,0
653.579549,14.226072182225911,346.655,360.576,0,0
653.679546,14.041045626775633,346.608,360.522,0,0
653.7795450000001,17.949287991370046,346.897,360.374,0,0
653.8795379999999,22.815143817680745,347.432,360.512,0,0
653.9795409999999,22.23223690927767,347.249,360.277,0,0
654.079534,20.83634963755916,347.275,360.568,0,0
654.17953,20.574129718069674,347.112,360.314,0,0
654.2795309999999,17.096020357396316,346.865,360.465,0,0
654.3795289999999,17.310734634308254,346.902,360.496,0,0
654.4795230000001,19.691389878605932,347.121,360.485,0,0
654.579522,16.796316501635435,346.79,360.38,0,0
654.679517,16.01728809671392,346.664,360.284,0,0
654.779516,15.096613456085622,346.617,360.358,0,0
654.879514,13.780591279273152,346.425,360.234,0,0
654.979511,11.955792108891648,346.305,360.331,0,0
655.079506,12.206872156159895,346.24,360.168,0,0
655.1795030000001,13.165447199904865,346.418,360.329,0,0
655.2795010000001,11.359058312419817,346.253,360.34,0,0
655.379501,11.426680971384343,346.2,360.231,0,0
655.479493,12.959719845694455,346.447,360.419,0,0
655.5794910000001,10.147152225235976,346.17,360.399,0,0
655.679493,10.208583535492618,346.08,360.223,0,0
655.779487,8.663298379106207,346.031,360.402,0,0
655.879484,8.387233246716715,345.983,360.362,0,0
655.9794810000001,5.213249235417544,345.774,360.53,0,0
656.0794790000001,5.262027409486236,345.704,360.393,0,0
656.179476,5.877195469160507,345.768,360.404,0,0
656.27947,5.919057177421657,345.743,360.351,0,0
656.379467,8.371675097094888,345.94,360.287,0,0
656.479466,7.5045635119348155,345.891,360.348,0,0
656.5794649999999,5.1942991533466865,345.624,360.259,0,0
656.6794629999999,6.588742641359863,345.803,360.346,0,0
656.779456,4.518931224823906,345.562,360.263,0,0
656.879453,4.298951880207044,345.528,360.239,0,0
656.9794499999999,4.803297897498701,345.625,360.33,0,0
657.0794470000001,5.920055002229072,345.756,360.377,0,0
657.179446,5.028633105544075,345.571,360.192,0,0
657.279442,4.853419002565184,345.682,360.427,0,0
657.379441,6.400558543122903,345.745,360.274,0,0
657.479438,3.91325426741698,345.533,360.317,0,0
657.579436,3.562949180198843,345.447,360.22,0,0
657.679429,3.3763157751751995,345.383,360.135,0,0
657.779426,4.534677294576825,345.525,360.195,0,0
657.879426,2.0707945024994365,345.375,360.348,0,0
657.979422,3.9448116353937888,345.495,360.243,0,0
658.0794179999999,4.3774835315835965,345.47,360.122,0,0
658.1794170000001,3.195602994483111,345.532,360.442,0,0
658.279412,5.30570037224819,345.689,360.364,0,0
658.379408,9.177819299111823,346.036,360.329,0,0
658.479407,9.826299135029661,346.145,360.417,0,0
658.579406,14.124882563931397,346.447,360.225,0,0
658.679402,14.295031489381264,346.395,360.1,0,0
658.779397,14.848297235018709,346.595,360.372,0,0
658.8793939999999,10.762425032823687,346.184,360.327,0,0
658.979396,10.541057849614514,346.164,360.329,0,0
659.079392,11.63439061965867,346.233,360.266,0,0
659.1793839999999,11.449584569884673,346.192,360.223,0,0
659.279386,11.484288529239633,346.231,360.289,0,0
659.379382,8.422723344782096,346.006,360.408,0,0
659.479382,8.945303834763203,345.927,360.172,0,0
659.579378,8.95196383759324,345.959,360.23,0,0
659.679376,8.135653564896446,345.911,360.284,0,0
659.77937,6.424223923397972,345.699,360.192,0,0
659.879368,5.370025258309012,345.541,360.085,0,0
659.979363,3.8707021717855388,345.517,360.302,0,0
660.0793649999999,2.6445299007803316,345.396,360.293,0,0
660.1793590000001,2.271243505418425,345.285,360.154,0,0
660.279354,3.5440922343540926,345.415,360.172,0,0
660.379349,3.6220559929068474,345.357,360.052,0,0
660.47935,1.7804631282155254,345.249,360.174,0,0
660.579348,1.5926141772935989,345.33,360.356,0,0
660.679345,3.4852768690865807,345.386,360.13,0,0
660.7793379999999,3.518636783278939,345.339,360.038,0,0
660.87934,0.9451091290831574,345.152,360.142,0,0
660.979335,1.3963614268233804,345.213,360.176,0,0
661.079332,2.9788891570647666,345.3,360.061,0,0
661.1793299999999,3.2441514910627056,345.382,360.166,0,0
661.279324,0.5536003447748044,345.216,360.329,0,0
661.379324,1.7919860577419922,345.296,360.261,0,0
661.4793199999999,2.945537565239675,345.387,360.228,0,0
661.579319,0.6766452257164118,345.125,360.141,0,0
661.6793170000001,1.0874171501116947,345.23,360.263,0,0
661.779314,-0.10336457177740227,345.133,360.292,0,0
661.879312,2.2384690196483215,345.263,360.124,0,0
661.9793090000001,2.7359037713019125,345.38,360.253,0,0
662.0793050000001,5.50020800805224,345.663,360.293,0,0
662.1792979999999,16.950345676809192,346.675,360.163,0,0
662.2792979999999,17.592391942566252,346.766,360.219,0,0
662.379296,16.390309909524493,346.75,360.399,0,0
662.479289,13.768561840423851,346.428,360.263,0,0
662.579289,16.565292546179965,346.682,360.244,0,0
662.679287,11.205639122101573,346.175,360.244,0,0
662.7792830000001,11.412756104517271,346.214,360.28,0,0
662.879281,8.915314771013373,346.038,360.391,0,0
662.979274,10.305421338894673,346.128,360.315,0,0
663.079271,8.602516752268516,345.863,360.124,0,0
663.179269,8.772606372138386,345.936,360.229,0,0
663.2792659999999,8.271719044269016,345.845,360.149,0,0
663.3792639999999,7.8844018439977575,345.743,360.029,0,0
663.479262,6.014956802447508,345.709,360.292,0,0
663.579258,7.179556601378522,345.763,360.189,0,0
663.679255,5.704149027496347,345.713,360.354,0,0
663.779253,2.9803129903844736,345.427,360.302,0,0
663.8792530000001,3.1093160660992907,345.351,360.14,0,0
663.979249,3.493427209138813,345.435,360.228,0,0
664.079243,3.8189185193855106,345.514,360.317,0,0
664.1792389999999,3.534314741038145,345.519,360.376,0,0
664.27924,3.907894398046554,345.502,360.28,0,0
664.379237,1.3808275950240176,345.252,360.26,0,0
664.479228,2.6538662651289804,345.463,360.427,0,0
664.5792280000001,2.4081290174502263,345.432,360.413,0,0
664.67922,3.7014505442003895,345.521,360.352,0,0
664.7792169999999,3.2463121424972434,345.424,360.253,0,0
664.8792129999999,4.462592368593708,345.578,360.325,0,0
664.979211,7.777470292282958,345.881,360.306,0,0
665.07921,9.096280674780688,346.036,360.362,0,0
665.179203,7.371034117072306,345.864,360.346,0,0
665.2792049999999,5.945077039916019,345.754,360.392,0,0
665.379195,7.885303213715735,345.852,360.235,0,0
665.479197,6.789200727929424,345.827,360.38,0,0
665.579194,5.206682354056428,345.731,360.479,0,0
665.679188,7.134970004377132,345.792,360.256,0,0
665.779186,4.970854507370607,345.641,360.355,0,0
665.879184,5.097041248608227,345.693,360.429,0,0
665.97918,4.584429084807006,345.596,360.34,0,0
666.079171,2.83367066502861,345.408,360.299,0,0
666.179169,2.3596330414039257,345.419,360.402,0,0
666.279169,4.156870064360583,345.51,360.257,0,0
666.3791659999999,5.576369314620227,345.668,360.301,0,0
666.479162,1.686987734267743,345.387,360.461,0,0
666.579157,2.371575942406651,345.438,360.436,0,0
666.679153,3.280988306175581,345.507,360.405,0,0
666.779147,5.470346698538386,345.759,360.488,0,0
666.8791480000001,6.001404321003289,345.727,360.337,0,0
666.9791459999999,5.220965360806902,345.64,360.313,0,0
667.07914,5.24809467709007,345.631,360.292,0,0
667.1791380000001,9.029178493283089,345.952,360.225,0,0
667.279135,10.982022805531024,346.105,360.167,0,0
667.379128,12.282398268662849,346.355,360.401,0,0
667.4791260000001,12.082440836652216,346.243,360.23,0,0
667.579119,10.248903228531361,346.095,360.277,0,0
667.6791189999999,7.445510683106211,345.833,360.283,0,0
667.779116,9.045066898818583,345.864,360.062,0,0
667.87911,7.150614721491082,345.701,360.092,0,0
667.979105,7.6830239873229775,345.73,360.053,0,0
668.079105,7.654043664729728,345.757,360.108,0,0
668.1791,7.615819979316866,345.894,360.367,0,0
668.2791,10.6822316386814,346.086,360.187,0,0
668.379096,8.183669290655194,345.83,360.151,0,0
668.479094,4.074320994129093,345.457,360.18,0,0
668.5790870000001,3.8972863479959385,345.495,360.281,0,0
668.679086,5.696804475600639,345.621,360.2,0,0
668.779082,5.089235310330064,345.546,360.168,0,0
668.879076,3.18346078030775,345.514,360.441,0,0
668.97907,6.425286873253074,345.684,360.19,0,0
669.079068,4.3190947434966365,345.545,360.301,0,0
669.179064,5.61175112043903,345.566,360.115,0,0
669.279065,5.067152212294027,345.535,360.153,0,0
669.3790600000001,6.100240925111864,345.607,360.106,0,0
669.479054,3.934043218355538,345.477,360.244,0,0
669.579049,5.218624891316733,345.563,360.179,0,0
669.679048,3.7285449357795883,345.404,360.146,0,0
669.779042,3.6280306687283934,345.515,360.368,0,0
669.879044,1.8391156866448617,345.306,360.295,0,0
669.9790409999999,2.750364457718101,345.373,360.26,0,0
670.079035,4.697241967096244,345.495,360.146,0,0
670.179028,3.905553897886769,345.364,360.043,0,0
670.279029,4.894005951832249,345.522,360.162,0,0
670.3790250000001,4.38617297941478,345.526,360.258,0,0
670.479018,2.0815966487098327,345.359,360.352,0,0
670.579018,3.1769513612438938,345.507,360.434,0,0
670.679017,3.0315080709615927,345.317,360.11,0,0
670.7790130000001,6.621294715516494,345.696,360.183,0,0
670.879008,7.4396882919995715,345.714,360.074,0,0
670.979,4.069317662072926,345.606,360.462,0,0
671.078997,4.637419246723076,345.49,360.15,0,0
671.178999,3.642260649592659,345.399,360.156,0,0
671.278992,4.2378643490640435,345.478,360.198,0,0
671.37899,6.544457210978724,345.74,360.279,0,0
671.478985,3.6014924156322543,345.536,360.416,0,0
671.57898,2.5006208372180034,345.36,360.284,0,0
671.678976,2.905699322976135,345.315,360.131,0,0
671.778979,1.2557984955709147,345.261,360.319,0,0
671.8789740000001,1.362951070172501,345.19,360.17,0,0
671.97897,1.5376201497650765,345.283,360.311,0,0
672.078963,2.2424313869508823,345.337,360.288,0,0
672.1789640000001,4.300322700506965,345.507,360.243,0,0
672.278958,3.5401177852129257,345.398,360.175,0,0
672.378954,2.714550169013164,345.46,360.433,0,0
672.4789529999999,2.5272075333839714,345.403,360.361,0,0
672.578945,2.8646818921457826,345.394,360.286,0,0
672.678941,2.2428108655929435,345.422,360.446,0,0
672.778939,3.333833831177387,345.481,360.365,0,0
672.878936,1.800727359245741,345.4,360.483,0,0
672.978928,3.1896648897455697,345.51,360.444,0,0
673.078931,3.1453100016724105,345.46,360.36,0,0
673.178927,0.4926602751225422,345.334,360.59,0,0
673.278919,3.114732278399672,345.428,360.307,0,0
673.378916,2.3551648849454554,345.437,360.456,0,0
673.4789109999999,3.645284023591601,345.467,360.287,0,0
673.5789100000001,3.9319306538697294,345.507,360.311,0,0
673.678909,2.830310173631468,345.463,360.422,0,0
673.7789009999999,4.275366330940729,345.512,360.261,0,0
673.8789009999999,2.6659861392348896,345.314,360.177,0,0
673.978897,2.617041069221745,345.244,360.057,0,0
674.078888,5.299214817841087,345.635,360.31,0,0
674.178886,4.527242959775113,345.62,360.417,0,0
674.278882,4.4748232797187235,345.61,360.408,0,0
674.37888,2.322853313087285,345.527,360.63,0,0
674.478877,4.183539293646792,345.599,360.439,0,0
674.5788719999999,3.597361909696016,345.482,360.326,0,0
674.67887,2.743813338563394,345.387,360.3,0,0
674.778867,2.3449244298344807,345.435,360.458,0,0
674.878861,2.57232215569181,345.327,360.22,0,0
674.9788580000001,-0.6416973333414441,345.149,360.452,0,0
675.0788540000001,1.3125132877977117,345.313,360.414,0,0
675.17885,7.520417695569133,345.901,360.416,0,0
675.278844,9.836466105841955,346.084,360.35,0,0
675.378841,9.565206419126904,346.037,360.311,0,0
675.478836,10.078558536247776,345.993,360.141,0,0
675.5788349999999,5.864561934012625,345.715,360.363,0,0
675.67883,3.940910779186511,345.54,360.376,0,0
675.77883,5.33307094467638,345.634,360.307,0,0
675.8788199999999,2.453797389802816,345.392,360.363,0,0
675.978819,3.7988321307266446,345.481,360.293,0,0
676.0788170000001,3.2836657993005067,345.418,360.267,0,0
676.1788100000001,3.683663429897967,345.416,360.194,0,0
676.278812,2.854942243949463,345.319,360.16,0,0
676.378803,2.9009269489606866,345.277,360.075,0,0
676.478801,3.3953588023613213,345.391,360.199,0,0
676.5788,4.441763742303242,345.486,360.192,0,0
676.678797,4.230291348645183,345.399,360.069,0,0
676.7787900000001,2.101048091861847,345.385,360.414,0,0
676.878784,2.8056920310221094,345.283,360.104,0,0
676.97878,4.100093764972354,345.502,360.282,0,0
677.07878,1.6902204347778411,345.337,360.398,0,0
677.178776,2.9458415763905674,345.392,360.281,0,0
677.27877,3.2653875746369105,345.365,360.176,0,0
677.3787659999999,3.686522215803523,345.39,360.149,0,0
677.478766,2.16906177875898,345.267,360.187,0,0
677.57876,4.103278977475908,345.409,360.112,0,0
677.678758,4.133092351437223,345.547,360.361,0,0
677.778756,10.981221601006839,346.17,360.316,0,0
677.8787530000001,12.482100963934638,346.302,360.298,0,0
677.9787439999999,11.279623262234969,346.099,360.134,0,0
678.078741,10.320997431987543,346.037,360.187,0,0
678.178737,9.823103143043598,345.899,360.02,0,0
678.278735,6.440592046504356,345.673,360.193,0,0
678.37873,6.407920998753339,345.704,360.256,0,0
678.4787269999999,6.490941464742561,345.603,360.056,0,0
678.578722,8.699196056424311,345.722,359.891,0,0
678.678721,4.469567331513739,345.436,360.101,0,0
678.778713,3.9867494921530704,345.519,360.338,0,0
678.8787149999999,4.977335749994393,345.506,360.142,0,0
678.978709,4.181677358184816,345.498,360.266,0,0
679.078702,3.8584939142905115,345.37,360.087,0,0
679.178701,2.7274606450772643,345.283,360.124,0,0
679.278701,3.442373796167091,345.351,360.125,0,0
679.378695,4.574053685679681,345.472,360.151,0,0
679.478687,1.8016579572361062,345.27,360.262,0,0
679.5786879999999,2.2170540904928204,345.27,360.19,0,0
679.678684,2.430842051381682,345.258,360.131,0,0
679.778677,4.928741204903558,345.412,359.98,0,0
679.8786779999999,4.437902258265283,345.435,360.108,0,0
679.978671,2.5332960711068386,345.333,360.252,0,0
680.078673,7.11964050653768,345.722,360.17,0,0
680.178672,10.903254411324381,346.009,360.04,0,0
680.2786679999999,11.794490993101881,346.079,360.014,0,0
680.3786709999999,12.338598606854918,346.139,360.03,0,0
680.4786650000001,10.589643657831518,345.999,360.077,0,0
680.5786629999999,8.698403880886802,345.82,360.077,0,0
680.678665,5.0494826331663045,345.515,360.151,0,0
680.778662,6.188109819966843,345.516,359.955,0,0
680.878661,5.595670350926267,345.512,360.051,0,0
680.978659,5.460250014629011,345.511,360.073,0,0
681.078655,4.495895642786811,345.399,360.035,0,0
681.178655,3.0850640366805626,345.36,360.209,0,0
681.2786550000001,3.3742465243738904,345.366,360.17,0,0
681.378652,2.0246211243852836,345.198,360.096,0,0
681.478652,1.5262042169302263,345.198,360.183,0,0
681.5786459999999,0.5468805534943293,345.146,360.258,0,0
681.678646,1.957175012232987,345.289,360.276,0,0
681.778645,1.9328022903501414,345.261,360.229,0,0
681.8786409999999,0.11833182197990492,345.111,360.269,0,0
681.978643,1.2709526557451458,345.178,360.192,0,0
682.078641,2.310230399144087,345.262,360.166,0,0
682.178641,1.5631445187599076,345.095,359.989,0,0
682.278636,1.591373149384875,345.166,360.115,0,0
682.378633,1.2108874114772294,345.169,360.187,0,0
682.478636,-0.33550886751905556,344.965,360.081,0,0
682.578632,0.9150524966541628,345.013,359.952,0,0
682.678633,1.8534228920875422,345.063,359.881,0,0
682.7786289999999,3.4363391155012217,345.262,359.972,0,0
682.878628,3.5818174341540066,345.318,360.05,0,0
682.97863,4.40063198795913,345.398,360.055,0,0
683.078628,3.242482273547552,345.278,360.036,0,0
683.178628,3.0036095603833264,345.277,360.076,0,0
683.2786219999999,3.490025395278373,345.306,360.045,0,0
683.37862,2.3849967721217418,345.147,359.945,0,0
683.478619,4.661477656192534,345.373,359.965,0,0
683.578618,3.941459878509762,345.339,360.028,0,0
683.678618,5.927851054726385,345.493,359.966,0,0
683.778616,6.24827840164443,345.54,359.997,0,0
683.878615,3.6995880103682133,345.276,359.955,0,0
683.978614,3.741387683341716,345.326,360.04,0,0
684.078611,5.163628907006487,345.481,360.078,0,0
684.1786069999999,3.3691796058603996,345.278,360.017,0,0
684.2786060000001,2.3059070053489727,345.311,360.263,0,0
684.378603,2.9907261147234916,345.318,360.157,0,0
684.4786019999999,5.147001059870809,345.481,360.082,0,0
684.578604,6.305366700507882,345.548,360.004,0,0
684.678602,6.846937499383069,345.617,360.037,0,0
684.778603,8.372617647656307,345.797,360.103,0,0
684.878601,10.152312695113741,346.007,360.18,0,0
684.978599,9.173483763907356,345.867,360.093,0,0
685.0785979999999,12.101923174855763,346.109,360.029,0,0
685.178596,11.230668120190117,346.002,359.984,0,0
685.278593,9.158239751535058,345.895,360.148,0,0
685.378591,8.75294392782249,345.85,360.136,0,0
685.4785899999999,6.69108989723085,345.744,360.3,0,0
685.578585,7.259123085003006,345.753,360.218,0,0
685.678583,9.19886339724682,345.864,360.085,0,0
685.7785849999999,6.5333540703532025,345.677,360.205,0,0
685.8785849999999,6.112645267608722,345.655,360.238,0,0
685.9785820000001,6.201373429964493,345.629,360.175,0,0
686.078583,14.537975987693466,346.377,360.101,0,0
686.178581,14.37498351501447,346.331,360.045,0,0
686.278579,12.554740123105832,346.231,360.178,0,0
686.378575,13.789203539466836,346.284,360.061,0,0
686.47857,11.434282547061045,346.078,360.092,0,0
686.578571,10.193590202523293,345.979,360.126,0,0
686.6785699999999,9.511754616140319,345.891,360.083,0,0
686.778568,7.977032800952132,345.793,360.17,0,0
686.878565,8.192848867683077,345.86,360.256,0,0
686.9785649999999,9.925914679177257,345.977,360.17,0,0
687.078566,10.11487767321733,345.942,360.073,0,0
687.1785600000001,10.818039924950032,346.054,360.157,0,0
687.278565,10.12288024681874,345.943,360.074,0,0
687.3785600000001,12.226691366604465,346.213,360.205,0,0
687.478556,12.219316947998442,346.204,360.19,0,0
687.5785579999999,13.55398269536261,346.323,360.177,0,0
687.678553,18.243975936620338,346.768,360.18,0,0
687.778551,14.000809363979677,346.403,360.247,0,0
687.878551,13.593011080847662,346.292,360.114,0,0
687.978547,14.771797377007578,346.443,360.187,0,0
688.0785470000001,11.910468454259828,346.144,360.135,0,0
688.1785379999999,10.687275978347827,345.976,360.039,0,0
688.2785379999999,10.555041866179371,346.034,360.169,0,0
688.378534,8.702163915558204,345.907,360.258,0,0
688.478531,9.087235276910494,345.84,360.068,0,0
688.578528,11.49292156528689,346.038,360.014,0,0
688.678518,17.975035455278647,346.709,360.121,0,0
688.7785180000001,20.146069650624536,346.756,359.83,0,0
688.878516,15.35709831176467,346.497,360.187,0,0
688.978512,15.312717255674455,346.472,360.149,0,0
689.078507,14.030222478505712,346.281,360.021,0,0
689.178503,12.900522019754854,346.28,360.216,0,0
689.278501,11.955263489553476,346.116,360.079,0,0
689.3784899999999,12.318925210768974,346.116,360.016,0,0
689.478492,10.594563761949757,345.968,360.044,0,0
689.578488,10.073821490482251,346.011,360.214,0,0
689.678479,11.799319172258222,346.08,360.041,0,0
689.7784760000001,8.882789239126485,345.841,360.109,0,0
689.878471,8.968981214682277,345.824,360.063,0,0
689.9784669999999,7.949863014106749,345.809,360.213,0,0
690.0784649999999,7.3436909572470235,345.645,360.017,0,0
690.1784620000001,6.456304535759971,345.618,360.122,0,0
690.278461,7.0856699957098295,345.729,360.217,0,0
690.378454,6.044060289196138,345.626,360.209,0,0
690.478453,8.223784225298953,345.776,360.106,0,0
690.578446,7.637992226486881,345.796,360.245,0,0
690.678439,5.015523136878749,345.481,360.122,0,0
690.778437,5.287682525599593,345.493,360.097,0,0
690.878432,7.0561590669591086,345.584,359.957,0,0
690.978433,7.338611447521207,345.716,360.151,0,0
691.0784259999999,4.914492184285449,345.504,360.183,0,0
691.178421,6.0940008068909535,345.573,360.105,0,0
691.278416,3.8643783953968573,345.337,360.059,0,0
691.378415,0.9960979680559491,345.158,360.229,0,0
691.4784129999999,2.4429234348097713,345.33,360.294,0,0
691.578409,0.49605202171581014,345.124,360.254,0,0
691.678399,5.224021059512246,345.459,360.048,0,0
691.778398,3.56741227520571,345.456,360.331,0,0
691.878392,5.609017130774127,345.5,360.057,0,0
691.978388,2.3947436283494365,345.341,360.324,0,0
692.0783839999999,5.149406641611816,345.522,360.178,0,0
692.1783839999999,3.749172034819358,345.409,360.214,0,0
692.278382,4.672597448839134,345.444,360.118,0,0
692.378376,5.262217378264236,345.492,360.104,0,0
692.4783719999999,4.0137160844034,345.364,360.086,0,0
692.5783680000001,3.5960102271503107,345.295,360.032,0,0
692.67836,3.417101553294555,345.36,360.183,0,0
692.77836,4.354564550359342,345.361,360.022,0,0
692.8783540000001,2.211322577902255,345.256,360.202,0,0
692.97835,4.3142629285833145,345.402,360.105,0,0
693.07835,4.330814289425406,345.342,359.992,0,0
693.1783419999999,3.9755807285635156,345.405,360.17,0,0
693.2783410000001,2.760880365994901,345.259,360.113,0,0
693.378335,2.224094445458271,345.182,360.065,0,0
693.478334,5.659149527961944,345.548,360.141,0,0
693.578329,10.124984476154385,346.018,360.229,0,0
693.678326,10.337850628174744,345.982,360.126,0,0
693.778317,8.400826617965588,345.859,360.237,0,0
693.878314,8.703591985928007,345.794,360.065,0,0
693.978308,7.865189098072063,345.72,360.075,0,0
694.078309,5.650966148861215,345.486,360.03,0,0
694.178306,9.83200374256102,345.872,360.013,0,0
694.2783000000001,7.960103881388791,345.597,359.833,0,0
694.3782950000001,7.404365390542562,345.753,360.217,0,0
694.478295,6.163471334698236,345.573,360.102,0,0
694.578287,7.018144317358231,345.639,360.075,0,0
694.678284,6.027541860067029,345.593,360.163,0,0
694.7782830000001,3.9673356830118665,345.379,360.128,0,0
694.8782739999999,4.056272504586144,345.384,360.122,0,0
694.978271,4.631863143729743,345.441,360.127,0,0
695.078265,1.8461297930270202,345.216,360.198,0,0
695.178261,3.141034454485578,345.297,360.122,0,0
695.2782589999999,4.795915476105287,345.449,360.114,0,0
695.3782560000001,3.3101946851268065,345.254,360.014,0,0
695.478249,2.5007324028786786,345.236,360.122,0,0
695.5782489999999,-0.3820224665690764,345.029,360.243,0,0
695.678244,1.4522023580140597,345.111,360.075,0,0
695.778238,1.7658978425899292,345.284,360.339,0,0
695.8782389999999,1.5440933345966863,345.127,360.089,0,0
695.978235,3.0609642753701083,345.454,360.427,0,0
696.078227,2.3718038374001873,345.274,360.216,0,0
696.178227,1.026051033124099,345.158,360.237,0,0
696.278226,-0.2014992402771597,344.951,360.07,0,0
696.378218,-1.2236101620297761,344.933,360.215,0,0
696.478216,0.42229726154426506,345.101,360.238,0,0
696.578212,0.5379341420578078,345.027,360.082,0,0
696.678212,-2.327807197580208,344.814,360.189,0,0
696.778208,-0.25178783900456286,345.008,360.185,0,0
696.878205,3.2456181400010595,345.25,360.022,0,0
696.9781999999999,5.83721135850214,345.602,360.219,0,0
697.078197,5.86775408469168,345.608,360.225,0,0
697.178193,5.819891811596045,345.643,360.298,0,0
697.278193,4.729322071515218,345.512,360.247,0,0
697.378189,4.6283923437721715,345.461,360.171,0,0
697.478187,1.8589788320353862,345.237,360.241,0,0
697.578186,1.3219622470488241,345.154,360.182,0,0
697.678182,0.873643554356579,345.162,360.275,0,0
697.7781729999999,1.8315261277661135,345.247,360.265,0,0
697.878175,-1.4355380767194508,344.883,360.164,0,0
697.978173,0.22895199076960052,345.137,360.342,0,0
698.078169,1.0527970803797388,345.249,360.405,0,0
698.178167,2.4767145689338945,345.221,360.106,0,0
698.278163,0.12223815099046159,345.027,360.159,0,0
698.378157,0.03257477852707994,344.97,360.07,0,0
698.478152,0.8674594266447644,345.07,360.109,0,0
698.57815,-0.6436123585365903,345.015,360.271,0,0
698.6781480000001,-1.4893573046068584,344.899,360.205,0,0
698.7781480000001,-0.5080750996020021,345.096,360.397,0,0
698.87814,0.5967670749534804,345.04,360.102,0,0
698.9781409999999,1.2330415089257138,345.106,360.113,0,0
699.078133,-1.0102140288774921,345.016,360.338,0,0
699.178134,3.9637330633702827,345.346,360.08,0,0
699.278128,1.9607466510172187,345.176,360.116,0,0
699.3781280000001,3.6185900404510414,345.381,360.205,0,0
699.478122,4.54406596332683,345.445,360.162,0,0
699.578123,3.4022022049984333,345.376,360.234,0,0
699.678118,5.091563085735096,345.528,360.22,0,0
699.7781160000001,4.959817192240448,345.498,360.188,0,0
699.878113,2.797054915082672,345.333,360.261,0,0
699.97811,3.8287407907790945,345.394,360.194,0,0
700.078106,5.135774621376497,345.593,360.333,0,0
700.178101,6.867433068836872,345.749,360.319,0,0
700.2781,5.211120347858028,345.577,360.291,0,0
700.3780919999999,5.197998660281166,345.543,360.231,0,0
700.4780949999999,5.060970462878483,345.5,360.176,0,0
700.578088,2.1069608559875928,345.258,360.245,0,0
700.678087,3.210557105419776,345.422,360.355,0,0
700.778082,5.097184910387785,345.522,360.211,0,0
700.878076,5.8849424549211795,345.617,360.249,0,0
700.978072,5.13317553425053,345.605,360.358,0,0
701.0780749999999,5.989023220582683,345.601,360.202,0,0
701.1780699999999,10.07944145922665,346.073,360.359,0,0
701.278063,14.658894490118227,346.407,360.177,0,0
701.378061,12.375666314698627,346.248,360.282,0,0
701.47806,11.045094560591803,346.103,360.247,0,0
701.5780570000001,12.026493508620566,346.025,359.933,0,0
701.678051,9.793842916986568,345.861,360.02,0,0
701.77805,6.338642848550736,345.689,360.305,0,0
701.8780479999999,8.30691094965131,345.719,360.018,0,0
701.978046,5.329684089152561,345.471,360.08,0,0
702.078042,5.425304131816645,345.425,359.979,0,0
702.178037,5.025232766128825,345.493,360.174,0,0
702.2780339999999,4.2774045696794705,345.408,360.148,0,0
702.3780330000001,4.115545906061209,345.367,360.101,0,0
702.478031,3.588169162015281,345.311,360.09,0,0
702.578025,5.445161011162587,345.362,359.861,0,0
702.6780219999999,4.687147715039692,345.438,360.133,0,0
702.778019,3.4475891593946675,345.344,360.176,0,0
702.878017,6.153494814718312,345.553,360.09,0,0
702.9780159999999,3.6769481757395943,345.348,360.144,0,0
703.0780060000001,2.770740031819483,345.229,360.083,0,0
703.178005,2.3573767717673295,345.199,360.1,0,0
703.278003,4.04695141290344,345.382,360.143,0,0
703.3780019999999,3.683732923187496,345.285,360.028,0,0
703.477994,2.8425300558430293,345.289,360.182,0,0
703.577991,2.312825449081195,345.298,360.291,0,0
703.67799,2.24273761701336,345.151,360.033,0,0
703.777985,2.928871813859685,345.269,360.131,0,0
703.877982,0.07550684494996872,345.13,360.372,0,0
703.977983,2.3032975764305936,345.209,360.13,0,0
704.07798,0.22300665219167903,345.173,360.426,0,0
704.1779760000001,0.9747088569936515,345.176,360.301,0,0
704.277971,1.0124002367759846,345.118,360.188,0,0
704.3779669999999,-0.5425758650551266,345.042,360.319,0,0
704.4779649999999,0.43190475382146626,345.009,360.089,0,0
704.577961,2.577144689825069,345.134,359.946,0,0
704.677955,-0.8808284295672997,344.99,360.283,0,0
704.7779499999999,2.2789020730209373,345.143,360.015,0,0
704.8779499999999,0.399341869495067,345.02,360.116,0,0
704.977942,5.180378459922187,345.416,360.013,0,0
705.077945,2.071666339967049,345.136,360.039,0,0
705.177937,3.1614916606595282,345.24,360.041,0,0
705.2779370000001,0.1930076814120558,344.97,360.061,0,0
705.377931,0.12009364236389418,344.976,360.085,0,0
705.477931,1.489000959958763,345.089,360.055,0,0
705.5779259999999,1.5747365777455251,345.035,359.941,0,0
705.677923,1.5300823479536902,345.079,360.03,0,0
705.777916,2.670961340427492,345.14,359.944,0,0
705.877917,1.7154722833580294,345.212,360.243,0,0
705.9779080000001,3.267165127304844,345.27,360.08,0,0
706.077906,4.300643134565414,345.429,360.193,0,0
706.177904,1.8358158819895865,345.23,360.256,0,0
706.277897,4.723574165140263,345.41,360.085,0,0
706.377897,0.8987505891167737,345.14,360.254,0,0
706.477894,0.21114083171602863,345.077,360.258,0,0
706.577893,0.7844603960037249,345.049,360.107,0,0
706.677888,1.0317781892513356,345.063,360.09,0,0
706.777883,0.8144894432851439,345.076,360.152,0,0
706.877879,0.5273353985060626,345.04,360.136,0,0
706.977873,-1.3793066818897888,344.809,360.043,0,0
707.077872,0.7440573516183118,345.014,360.051,0,0
707.177866,0.18609007161372731,344.985,360.095,0,0
707.277868,2.0561749295061205,345.053,359.895,0,0
707.377863,0.7326881028229005,344.994,360.017,0,0
707.47786,1.0386142228927833,345.038,360.045,0,0
707.577856,3.1305357545105084,345.121,359.834,0,0
707.677849,2.2010431303814046,345.146,360.042,0,0
707.777847,2.7180150671712258,345.173,360.002,0,0
707.8778440000001,1.7529132682346158,345.143,360.115,0,0
707.977839,-0.2103035556772856,344.961,360.122,0,0
708.077837,1.5138050919930235,345.019,359.929,0,0
708.177835,0.40273833549428817,344.954,360.003,0,0
708.27783,-0.6101384205975692,344.826,359.944,0,0
708.377828,1.1532049945029685,345.06,360.068,0,0
708.477824,0.9595642590413436,345.141,360.251,0,0
708.57782,-0.7926069595101817,344.942,360.19,0,0
708.677814,1.7804368015983285,345.108,360.048,0,0
708.777809,1.9201790340211546,345.089,359.989,0,0
708.877811,1.3100525508971732,344.998,359.928,0,0
708.977807,5.034752220362874,345.374,359.972,0,0
709.077799,2.307606208837178,345.204,360.134,0,0
709.1778009999999,5.130292120780234,345.411,360.024,0,0
709.2777950000001,3.6176212220214388,345.314,360.109,0,0
709.37779,4.380792502520575,345.367,360.074,0,0
709.4777879999999,4.766485887556236,345.418,360.101,0,0
709.5777870000001,2.7034976374335855,345.232,360.118,0,0
709.677777,1.0269055869484336,345.157,360.272,0,0
709.777778,3.72685337397031,345.31,360.084,0,0
709.87777,3.178105693351671,345.221,360.016,0,0
709.9777680000001,2.6844926068801755,345.222,360.104,0,0
710.077769,2.176668307136264,345.126,360.016,0,0
710.177761,3.162130553396465,345.206,359.992,0,0
710.2777600000001,3.8969980244733087,345.321,360.076,0,0
710.3777560000001,1.624380996527115,345.063,359.997,0,0
710.477754,0.6498934451746395,344.937,359.935,0,0
710.577751,4.252298097107515,345.296,359.969,0,0
710.677747,2.900321687963976,345.193,360.015,0,0
710.777738,4.634970376949038,345.327,359.96,0,0
710.8777389999999,4.608495860903821,345.32,359.952,0,0
710.977734,2.3556311718474414,345.103,359.945,0,0
711.0777340000001,1.747289030013318,345.135,360.11,0,0
711.177728,4.076684838510509,345.216,359.854,0,0
711.277726,2.8672201374299466,345.158,359.958,0,0
711.377723,4.246297206191296,345.135,359.676,0,0
711.47772,0.2731890286525628,344.87,359.88,0,0
711.577713,1.7241659691447544,344.975,359.821,0,0
711.6777099999999,3.031905670575878,345.117,359.855,0,0
711.777705,1.5284005228159034,345.085,360.058,0,0
711.877701,0.6798642298545448,345.022,360.09,0,0
711.977699,1.94348743454799,345.112,360.036,0,0
712.0776970000001,2.4275964399400234,345.106,359.941,0,0
712.1776990000001,2.160180734190518,345.136,360.043,0,0
712.277693,2.592834935970242,345.036,359.784,0,0
712.3776949999999,0.9734538796181258,345.03,360.055,0,0
712.477692,1.655274151607664,345.009,359.898,0,0
712.577689,2.654080112262046,345.062,359.822,0,0
712.677687,2.914457668166799,345.168,359.972,0,0
712.777685,2.7167227057990724,345.141,359.957,0,0
712.877684,2.4925460605561436,345.124,359.965,0,0
712.977677,1.8672097234584553,345.112,360.052,0,0
713.0776800000001,-0.3789890347706608,344.894,360.042,0,0
713.177675,0.8379951416011913,344.916,359.871,0,0
713.2776700000001,0.40825964912044405,344.985,360.073,0,0
713.377669,-1.8680717838410985,344.806,360.14,0,0
713.477671,-0.23570616112806847,344.895,360.02,0,0
713.5776679999999,0.19205507114289608,344.944,360.036,0,0
713.677665,1.7738101580049743,345.113,360.072,0,0
713.777663,1.5192731904075807,345.129,360.146,0,0
713.87766,1.5484398189595492,345.099,360.086,0,0
713.9776559999999,3.493450556851835,345.198,359.93,0,0
714.077651,1.598514541914362,344.998,359.892,0,0
714.177654,1.6812029469502119,345.066,360.003,0,0
714.277652,1.6268882489758303,345.108,360.09,0,0
714.377649,3.393052409519974,345.189,359.932,0,0
714.4776430000001,1.011429862179685,345.012,360.021,0,0
714.5776450000001,1.464246747284168,345.065,360.04,0,0
714.677643,2.383250212025601,345.186,360.103,0,0
714.7776409999999,3.83840290281084,345.199,359.874,0,0
714.877636,2.089171379277142,345.103,360.002,0,0
714.977634,1.1098535487954135,344.976,359.939,0,0
715.077633,1.3228878420027759,345.046,360.031,0,0
715.177632,1.0750171985660484,345.061,360.102,0,0
715.2776269999999,2.7991533362532977,345.044,359.771,0,0
715.377623,2.6344497730675314,345.181,360.052,0,0
715.477623,0.745455003987197,345.062,360.162,0,0
715.577622,1.4399042023543027,345.071,360.058,0,0
715.67762,1.1830714164113691,345.077,360.114,0,0
715.7776160000001,1.2991488985667794,345.015,359.98,0,0
715.877618,0.7110650200100271,344.975,360.009,0,0
715.9776139999999,0.27790754350651486,344.979,360.092,0,0
716.077608,-0.5791387795420397,344.919,360.131,0,0
716.177608,-0.17752864893020218,344.834,359.905,0,0
716.277608,1.7628374294510896,345.038,359.943,0,0
716.377604,-0.008442391682268489,344.891,359.981,0,0
716.477601,0.9023232300920745,344.921,359.878,0,0
716.5775990000001,2.4305004764113907,345.117,359.973,0,0
716.677596,4.118258237475099,345.227,359.882,0,0
716.777598,3.9044262749480723,345.205,359.879,0,0
716.877594,3.6004999244700895,345.131,359.796,0,0
716.977591,3.191683728713374,345.196,359.987,0,0
717.077586,3.191451791166179,345.098,359.807,0,0
717.1775849999999,0.7603537166427148,345.031,360.107,0,0
717.277587,0.5208265791682563,344.887,359.884,0,0
717.377581,2.286718192340294,345.062,359.899,0,0
717.47758,1.1593234662257057,344.996,359.974,0,0
717.57758,2.5781401416353984,345.036,359.801,0,0
717.6775729999999,2.386571281359991,345.096,359.945,0,0
717.777575,0.5968800234012464,344.994,360.069,0,0
717.877574,1.0947851103402597,344.973,359.944,0,0
717.977571,0.9441719488046271,344.951,359.93,0,0
718.077569,1.6785255769559593,345.179,360.222,0,0
718.177561,5.975247994825218,345.408,359.896,0,0
718.277561,8.04753958373372,345.681,360.038,0,0
718.3775579999999,7.865895399409498,345.649,360.011,0,0
718.47756,8.697118456913975,345.678,359.92,0,0
718.5775570000001,6.593438943563028,345.48,359.922,0,0
718.677551,5.490428553711353,345.375,359.921,0,0
718.777551,4.223291723771687,345.236,359.886,0,0
718.877552,5.120678161971436,345.368,359.973,0,0
718.977548,4.036792581638445,345.161,359.781,0,0
719.077541,4.347256754489912,345.325,360.029,0,0
719.177545,2.85139904515505,345.141,359.951,0,0
719.277542,3.8591516522864175,345.228,359.936,0,0
719.3775400000001,4.353354188670897,345.261,359.911,0,0
719.4775330000001,2.8057709591532887,345.077,359.842,0,0
719.577537,-0.26761242374478567,344.946,360.136,0,0
719.67753,2.937847760549707,345.118,359.895,0,0
719.7775300000001,1.2727545240517986,345.018,360.001,0,0
719.8775280000001,1.897065184698991,345.072,359.992,0,0
719.977522,1.269224128583279,344.994,359.958,0,0
720.0775209999999,1.4772439692267298,344.957,359.854,0,0
720.177521,1.0493441125554548,345.024,360.052,0,0
720.277516,1.9265871286799716,344.953,359.769,0,0
720.3775089999999,0.5665192862060447,344.94,359.982,0,0
720.4775089999999,5.33006572837723,345.355,359.917,0,0
720.577507,6.3527106226681855,345.557,360.111,0,0
720.677505,8.937013739407742,345.717,359.956,0,0
720.7775,4.3255337167870564,345.365,360.111,0,0
720.877497,5.504576893353261,345.397,359.965,0,0
720.977491,1.4351664806757152,345.068,360.068,0,0
721.077492,5.521707142938213,345.438,360.038,0,0
721.1774849999999,2.6890788944474155,345.164,360.027,0,0
721.2774880000001,3.8271769117265686,345.253,359.993,0,0
721.377482,3.8307954657604606,345.282,360.046,0,0
721.477481,6.385842429430542,345.58,360.15,0,0
721.5774749999999,4.466267558501889,345.463,360.269,0,0
721.677468,6.447834911862272,345.541,360.068,0,0
721.777466,3.6078464505773424,345.275,360.073,0,0
721.877468,2.8321888062976504,345.189,360.05,0,0
721.977463,5.583583196477124,345.436,360.026,0,0
722.077459,3.8079596183576054,345.225,359.947,0,0
722.177455,5.671778677859429,345.406,359.956,0,0
722.277456,6.436283816343093,345.545,360.079,0,0
722.3774490000001,6.635578478074395,345.48,359.925,0,0
722.477445,4.440828265175435,345.356,360.079,0,0
722.577443,5.04747342855519,345.323,359.913,0,0
722.6774399999999,5.265828045353378,345.306,359.844,0,0
722.7774370000001,2.814551582614559,345.111,359.912,0,0
722.877432,1.621433603108482,344.979,359.877,0,0
722.977431,1.309407652917462,345.02,360.007,0,0
723.07743,4.040843018999454,345.17,359.808,0,0
723.177426,4.7508515935489,345.337,359.992,0,0
723.277422,4.369880167867573,345.328,360.042,0,0
723.377422,5.100832003150908,345.441,360.123,0,0
723.477414,4.75900868802954,345.277,359.881,0,0
723.577416,3.449083986403833,345.197,359.962,0,0
723.677412,6.582078991774377,345.479,359.936,0,0
723.777409,3.585073858696225,345.215,359.972,0,0
723.877404,2.5174421364608195,345.159,360.055,0,0
723.977399,1.2387751557764104,345.095,360.16,0,0
724.077398,2.198035932406635,345.141,360.078,0,0
724.177398,3.03339006073228,345.178,360.001,0,0
724.277389,3.3717213580348324,345.218,360.016,0,0
724.37739,3.099481526588808,345.222,360.071,0,0
724.477387,2.582935112459512,345.073,359.887,0,0
724.57738,5.186966967101461,345.324,359.896,0,0
724.677377,7.2981107458107255,345.586,360.011,0,0
724.777376,6.282679943075813,345.492,360.015,0,0
724.877371,9.69200716776383,345.761,359.917,0,0
724.9773710000001,8.223929681923286,345.653,359.974,0,0
725.077366,6.55034762254744,345.506,359.995,0,0
725.1773639999999,5.506656591261266,345.374,359.934,0,0
725.277359,3.8581414692880545,345.206,359.912,0,0
725.3773560000001,5.946588071322575,345.324,359.766,0,0
725.477358,6.4649232755608255,345.362,359.746,0,0
725.577349,8.319778464753696,345.534,359.74,0,0
725.6773499999999,8.860171692948109,345.598,359.764,0,0
725.777345,4.14889672797714,345.292,360.021,0,0
725.877343,5.304742349375038,345.268,359.776,0,0
725.977338,6.462622695820687,345.323,359.676,0,0
726.0773399999999,6.2328963373351165,345.362,359.788,0,0
726.177335,5.042525598919124,345.252,359.793,0,0
726.277329,4.819044092745206,345.203,359.742,0,0
726.3773249999999,3.7242549856939093,345.214,359.953,0,0
726.4773220000001,4.031348679784809,345.188,359.852,0,0
726.577323,2.5260160651865373,345.108,359.967,0,0
726.677317,3.1604641825492976,345.101,359.844,0,0
726.777316,2.6589935863389385,345.173,360.064,0,0
726.877313,2.941701883558498,345.186,360.039,0,0
726.977308,3.8368429334363396,345.183,359.878,0,0
727.077306,2.310588305413859,345.107,360.004,0,0
727.177305,3.6388395979445796,345.108,359.775,0,0
727.277297,1.9911783909293248,345.089,360.027,0,0
727.3773,1.4380364366356286,345.036,360.026,0,0
727.4772909999999,0.7683259309698849,345.016,360.106,0,0
727.577292,0.4862565623898546,344.887,359.918,0,0
727.677289,-0.3007149669913667,344.907,360.092,0,0
727.777285,0.23626759080368545,344.881,359.951,0,0
727.877284,1.5440081324884505,344.998,359.939,0,0
727.9772820000001,0.894537260943091,344.956,359.975,0,0
728.077277,2.4064183041105744,345.076,359.933,0,0
728.177269,2.401774602297783,345.064,359.912,0,0
728.2772659999999,3.949275476475939,345.214,359.919,0,0
728.3772630000001,4.355878727258105,345.261,359.935,0,0
728.477258,5.190093869366305,345.268,359.803,0,0
728.577262,3.551458822805105,345.108,359.794,0,0
728.677252,4.738052149765552,345.213,359.781,0,0
728.7772510000001,4.041672123685949,345.197,359.873,0,0
728.87725,5.867821833989189,345.294,359.734,0,0
728.9772439999999,5.4548422948396365,345.401,360.003,0,0
729.0772410000001,6.549035896024067,345.469,359.938,0,0
729.177235,4.744217433064127,345.246,359.842,0,0
729.2772319999999,7.038826539976033,345.471,359.857,0,0
729.377231,6.048687500085881,345.362,359.829,0,0
729.477228,4.333725040834788,345.21,359.848,0,0
729.577226,4.317109965388936,345.236,359.899,0,0
729.677223,5.0326780823847415,345.297,359.887,0,0
729.7772160000001,3.283491697633239,345.076,359.785,0,0
729.877218,4.207551489030187,345.179,359.814,0,0
729.977214,4.198306909983983,345.172,359.803,0,0
730.0772079999999,3.5837836717832743,345.117,359.809,0,0
730.177206,3.3142788862963903,345.168,359.95,0,0
730.277205,4.786415143646933,345.225,359.799,0,0
730.377199,3.8551116502077063,345.152,359.827,1,0
730.477196,3.4697418923489556,345.204,359.99,0,0
730.577194,4.226471028036031,345.239,359.923,0,0
730.677186,2.3954049385156226,345.107,359.999,0,0
730.7771879999999,1.6199695385167294,345.027,359.987,0,0
730.877179,2.023356778072617,345.065,359.987,0,0
730.977181,1.7414912332062071,344.992,359.902,0,0
731.077172,3.5347039831976215,345.231,360.03,0,0
731.177169,1.798115412077061,345.115,360.119,0,0
731.277166,2.054401303314747,345.088,360.025,0,0
731.377165,3.9377515113408417,345.279,360.049,0,0
731.477162,4.017723647522657,345.225,359.936,0,0
731.5771609999999,2.5958585289864433,345.098,359.95,0,0
731.677157,1.7583502000416467,345.023,359.958,0,0
731.777151,3.496893459774365,345.159,359.906,0,0
731.87715,3.0945842720886136,345.042,359.761,0,0
731.977144,2.3050885046178604,345.046,359.906,0,0
732.0771430000001,0.5898541304141894,344.988,360.098,0,0
732.177136,3.1700269160833696,345.115,359.883,0,0
732.277133,5.361010880506297,345.209,359.675,0,0
732.377129,1.512229679880257,345.015,359.988,0,0
732.4771310000001,4.799053254989342,345.211,359.777,0,0
732.577123,5.446767706945452,345.352,359.924,0,0
732.677125,4.721432962654248,345.305,359.964,0,0
732.77712,3.661686549587254,345.078,359.731,0,0
732.877115,4.241094259579701,345.287,360.015,0,0
732.977111,4.104553710888513,345.131,359.752,0,0
733.077108,3.6838007814772866,345.134,359.831,0,0
733.177108,5.594511685053722,345.314,359.83,0,0
733.277103,4.888734442646901,345.227,359.793,0,0
733.377101,5.912389467332642,345.203,359.571,0,0
733.477098,4.51691087915372,345.191,359.792,0,0
733.577091,4.36010853918299,345.107,359.665,0,0
733.67709,1.932713397193539,344.961,359.819,0,0
733.777083,1.281150444936441,344.965,359.94,0,0
733.8770820000001,4.063395841949348,345.091,359.688,0,0
733.977078,1.100608799277967,344.896,359.845,0,0
734.077074,3.3533936183068596,345.079,359.79,0,0
734.177075,0.2512873914870449,344.898,359.997,0,0
734.277067,3.151940765951409,344.989,359.66,0,0
734.377062,3.324722306702181,345.084,359.805,0,0
734.477064,4.531574189174037,345.117,359.656,0,0
734.577061,3.440027704857631,345.062,359.745,0,0
734.677058,3.092840794126613,345.06,359.802,0,0
734.777051,2.071873717299723,344.997,359.864,0,0
734.877048,2.919874562068674,345.014,359.748,0,0
734.977044,1.098439167455978,344.934,359.918,0,0
735.077044,1.119757357109535,344.95,359.944,0,0
735.1770409999999,0.956124634856191,344.711,359.533,0,0
735.2770370000001,1.3063883017473414,344.788,359.614,0,0
735.37703,2.9706377124646464,345.011,359.735,0,0
735.47703,3.6779337479430207,345.056,359.695,0,0
735.5770289999999,3.4919072511961833,345.035,359.689,0,0
735.6770230000001,3.2060886356154064,345.06,359.785,0,0
735.77702,3.232926374271158,345.07,359.799,0,0
735.877017,2.4172251359800963,345.065,359.932,0,0
735.977015,2.3776934815205664,344.916,359.665,0,0
736.077012,1.3477423829965771,344.894,359.804,0,0
736.177007,3.317764074015592,345.072,359.789,0,0
736.2770019999999,3.2315183422732168,345.03,359.727,0,0
736.376999,1.5289667738377715,344.877,359.742,0,0
736.476998,1.9466273470822835,344.862,359.642,0,0
736.576996,-0.6674409300419878,344.719,359.834,0,0
736.676991,-0.4858719543283695,344.692,359.753,0,0
736.7769910000001,-1.2480192628405546,344.71,359.919,0,0
736.876983,0.37926734601302475,344.817,359.833,0,0
736.976981,1.6805956260833061,344.866,359.697,0,0
737.0769799999999,2.1170454190978973,344.993,359.855,0,0
737.176978,3.294456180033569,345.058,359.77,0,0
737.276972,3.5911644972774988,345.112,359.818,0,0
737.3769719999999,2.313648520043501,345.028,359.886,0,0
737.4769640000001,0.9522615991316317,344.854,359.803,0,0
737.576965,6.061120138479319,345.206,359.562,0,0
737.676962,4.306301657947099,345.241,359.932,0,0
737.7769599999999,5.124644891327771,345.259,359.823,0,0
737.8769570000001,4.538410139599301,345.167,359.756,0,0
737.976953,4.808903810506715,345.237,359.838,0,0
738.076952,2.7863784196140484,345.007,359.767,0,0
738.1769449999999,2.138071103367573,344.92,359.72,0,0
738.2769440000001,3.0094705887668285,345.049,359.806,0,0
738.376939,3.5519026925724053,345.167,359.929,0,0
738.476935,2.036985000011106,344.91,359.72,0,0
738.576935,-0.5890549175806624,344.805,359.984,0,0
738.676928,2.3649017033758235,344.963,359.761,0,0
738.776931,2.1887554967314498,344.95,359.768,0,0
738.876927,0.15471356360567906,344.77,359.791,0,0
738.976921,1.0473048778614011,344.801,359.693,0,0
739.076915,1.1844966275035256,344.791,359.651,0,0
739.176917,0.9478580984445628,344.85,359.801,0,0
739.2769109999999,4.498109590694996,345.097,359.638,0,0
739.3769080000001,0.2702992531988929,344.759,359.752,0,0
739.4769080000001,2.088152836250906,344.89,359.677,0,0
739.576905,4.695878468130653,345.087,359.586,0,0
739.6769,0.7006850927951435,344.821,359.792,0,0
739.776897,1.701099060291813,344.841,359.655,0,0
739.876897,3.3561681150023572,345.024,359.704,0,0
739.97689,2.2271698557540502,344.916,359.702,0,0
740.07689,1.4223008647868016,344.843,359.708,0,0
740.1768880000001,2.357849882199727,344.946,359.735,0,0
740.27688,2.7237617276361976,344.981,359.736,0,0
740.376876,0.5982178309473404,344.813,359.797,0,0
740.476877,0.42226563787623284,344.881,359.953,0,0
740.576874,1.8112078119509236,344.866,359.684,0,0
740.676871,2.406067535009056,344.952,359.739,0,0
740.776868,3.4381612404860493,345.075,359.786,0,0
740.876864,3.7330278945013577,345.131,359.838,0,0
740.9768590000001,2.8594296337522596,345.039,359.821,0,0
741.0768569999999,4.041698237404477,345.03,359.599,0,0
741.176858,4.279081612415059,345.111,359.707,0,0
741.2768540000001,2.348467246967346,344.981,359.804,0,0
741.376848,2.343622050814308,344.888,359.634,0,0
741.476845,1.9262960594914593,344.931,359.786,0,0
741.5768410000001,2.0816375687116238,344.945,359.785,0,0
741.6768370000001,0.29358918737149486,344.735,359.71,0,0
741.776835,3.418294875945165,345.026,359.702,0,0
741.876836,2.3125445631743027,344.849,359.569,0,0
741.9768310000001,3.792229725919206,344.979,359.551,0,0
742.076831,1.6045911188844717,344.866,359.724,0,0
742.176824,1.1826864218627122,344.864,359.794,0,0
742.2768199999999,0.5238135609518091,344.751,359.701,0,0
742.3768190000001,-2.0674741449817935,344.552,359.786,0,0
742.476819,-1.6178764473671863,344.571,359.743,0,0
742.576809,-0.12097154514911503,344.751,359.814,0,0
742.6768129999999,-2.280945735834754,344.458,359.651,0,0
742.776808,-0.47481552777190605,344.583,359.567,0,0
742.876804,2.5216103640368694,344.876,359.585,0,0
742.976802,1.1275450574545691,344.775,359.642,0,0
743.0768009999999,-0.2377408145543726,344.574,359.51,0,0
743.1767950000001,0.9439964744660752,344.728,359.588,0,0
743.276794,-0.33008041927634185,344.659,359.683,0,0
743.3767859999999,0.3015884548419797,344.68,359.612,0,0
743.476786,-1.4575188139946154,344.526,359.635,0,0
743.576786,-1.7644684118552663,344.499,359.639,0,0
743.676781,-1.8442993117247026,344.5,359.655,0,0
743.776773,-2.041380492455858,344.516,359.719,0,0
743.87677,-1.020988335403059,344.583,359.665,0,0
743.976769,-1.7180685798002304,344.574,359.77,0,0
744.076768,-1.3863820529524418,344.54,359.65,0,0
744.176765,1.8451822740639445,344.921,359.789,0,0
744.2767580000001,1.1382632749272314,344.804,359.697,0,0
744.376754,-0.042959949752124624,344.784,359.866,0,0
744.4767539999999,0.40020773480032007,344.785,359.791,0,0
744.5767480000001,0.5405682700183492,344.884,359.949,0,0
744.676747,0.21250163958168833,344.78,359.815,0,0
744.776745,2.059565201374981,344.873,359.665,0,0
744.8767369999999,2.8960235227927593,344.99,359.735,0,0
744.976732,3.654769641495417,345.129,359.859,0,0
745.076733,5.016759554840106,345.237,359.821,0,0
745.176729,3.417394470254705,345.153,359.945,0,0
745.2767249999999,2.7475128327731633,344.977,359.738,0,0
745.376722,1.0527716101109414,344.828,359.759,0,0
745.476719,2.0082982891216825,344.978,359.869,0,0
745.5767149999999,0.6772349710699487,344.846,359.858,0,0
745.6767140000001,0.441762368577596,344.86,359.925,0,0
745.776705,1.2237892278904687,344.855,359.78,0,0
745.876702,4.089423501357269,345.109,359.749,0,0
745.9766979999999,2.296502701750714,344.998,359.857,0,0
746.076695,3.836851415061384,345.187,359.937,0,0
746.176694,3.253849105626799,345.054,359.794,0,0
746.276692,0.7344921865340471,344.908,359.964,0,0
746.3766899999999,2.808208474287772,345.042,359.85,0,0
746.4766800000001,3.9853767522733192,345.126,359.8,0,0
746.576681,2.2926590899318344,345.081,360.012,0,0
746.676674,4.0220494255012555,345.102,359.75,0,0
746.776673,0.5422753891512088,344.813,359.824,0,0
746.876671,1.2512004529781504,344.8,359.677,0,0
746.976666,1.8106971822857543,344.787,359.556,0,0
747.076661,2.0988938469328047,344.844,359.611,0,0
747.176661,-0.07863790795400637,344.745,359.808,0,0
747.276652,1.6737519197943234,344.741,359.496,0,0
747.376652,2.575019994462648,344.9,359.632,0,0
747.4766480000001,-0.8750981911838023,344.61,359.699,0,0
747.576643,0.5071087344386336,344.746,359.709,0,0
747.676639,0.08592683028336123,344.662,359.628,0,0
747.7766409999999,2.453866678631658,344.876,359.61,0,0
747.8766330000001,2.636805102510677,344.86,359.549,0,0
747.976634,0.35540056375837786,344.674,359.604,0,0
748.076625,0.5121245515164297,344.674,359.577,0,0
748.176626,-1.146110341187039,344.629,359.783,0,0
748.276619,0.8715180631309403,344.749,359.653,0,0
748.376616,3.3143773702264725,345.019,359.725,0,0
748.4766119999999,2.5175572435045686,344.931,359.702,0,0
748.576612,3.894265516371073,345.023,359.632,0,0
748.676605,0.31215510763166054,344.814,359.871,0,0
748.7766019999999,0.27947971288466084,344.745,359.75,0,0
748.876601,1.0129298983717403,344.899,359.906,0,0
748.976595,1.860675335513403,344.96,359.871,0,0
749.0765919999999,0.47394569527489344,344.901,360.004,0,0
749.176587,2.8754807549480956,345.041,359.844,0,0
749.2765860000001,3.244614151680985,345.06,359.815,0,0
749.37658,1.840025634725327,344.833,359.642,0,0
749.4765749999999,1.1673173511218642,344.81,359.717,0,0
749.5765779999999,0.8360017093890387,344.772,359.705,0,0
749.676568,-0.13645076820036892,344.675,359.696,0,0
749.776566,2.7078272537606094,344.871,359.562,0,0
749.876567,3.51303636639263,344.947,359.562,0,0
749.9765620000001,0.23941481784802437,344.79,359.843,0,0
750.076558,-0.01995780019115897,344.78,359.87,0,0
750.176555,3.9668735644015745,344.971,359.528,0,0
750.276552,1.9003888509872822,344.845,359.656,0,0
750.376544,2.8085609125475512,344.984,359.754,0,0
750.476541,3.0997759260067204,344.969,359.676,0,0
750.576537,3.6783096323305613,345.054,359.732,0,0
750.6765389999999,7.879293293741902,345.487,359.798,0,0
750.776534,6.833749833240473,345.357,359.741,0,0
750.876529,9.315269352545503,345.535,359.637,0,0
750.9765239999999,7.641685571546829,345.363,359.612,0,0
751.076526,8.662258818585897,345.536,359.753,0,0
751.176518,6.252118988223089,345.34,359.812,0,0
751.276514,8.04676195833669,345.44,359.684,0,0
751.3765139999999,6.790172322066561,345.327,359.695,0,0
751.476509,4.216360536151601,345.109,359.742,0,0
751.576505,6.155788415813195,345.314,359.782,0,0
751.676505,4.875765928785586,345.164,359.729,0,0
751.7765019999999,4.86806985798335,345.274,359.933,0,0
751.876498,4.06091198587347,345.166,359.875,0,0
751.976497,3.1367636721376897,345.004,359.738,0,0
752.0764939999999,1.3233516638307763,344.959,359.971,0,0
752.1764880000001,1.9775188228749,345.043,360.012,0,0
752.2764930000001,2.3344855727990783,345.019,359.906,0,0
752.376487,1.4925951085896658,344.955,359.935,0,0
752.476486,4.15548225459319,345.167,359.862,0,0
752.5764849999999,8.207058509751361,345.55,359.862,0,0
752.676482,6.3465426936326805,345.45,360.002,0,0
752.77648,7.558462540586275,345.44,359.773,0,0
752.876478,9.264829039176272,345.536,359.653,0,0
752.976476,6.826850759128791,345.389,359.807,0,0
753.076478,7.426088787361721,345.439,359.795,0,0
753.176475,7.2003541287138635,345.255,359.496,0,0
753.276478,4.578485755451035,345.058,359.59,0,0
753.376474,3.099333154651661,345.012,359.763,0,0
753.4764749999999,4.6447442967913855,345.183,359.809,0,0
753.576467,3.974815960115994,345.107,359.786,0,0
753.676467,1.7074254841347238,344.937,359.868,0,0
753.776468,3.5484892587469807,345.074,359.8,0,0
753.876469,2.970267865832806,345.042,359.842,0,0
753.976466,3.061464580818648,345.057,359.854,0,0
754.076463,9.70356283700379,345.679,359.843,0,0
754.1764599999999,9.934976996048253,345.729,359.895,0,0
754.276457,12.02017376703408,345.888,359.825,0,0
754.37646,12.749314088942562,345.903,359.726,0,0
754.4764570000001,11.865124913638851,345.835,359.755,0,0
754.576456,8.859392255929354,345.518,359.695,0,0
754.676452,7.894232961106798,345.563,359.946,0,0
754.776453,8.092581357620075,345.524,359.84,0,0
754.876453,5.617618717101989,345.311,359.879,0,0
754.976449,4.9203174783783235,345.271,359.927,0,0
755.076448,7.025753785208835,345.408,359.813,0,0
755.176445,7.107111522398253,345.315,359.628,0,0
755.2764470000001,5.246583986394192,345.24,359.814,0,0
755.376444,5.385576451538287,345.303,359.906,0,0
755.4764399999999,5.760714379694023,345.253,359.749,0,0
755.5764399999999,3.450105245625914,345.08,359.833,0,0
755.676443,6.192272878546383,345.362,359.875,0,0
755.776441,11.235815087148435,345.76,359.73,0,0
755.876436,9.31969806518359,345.583,359.738,0,0
755.9764329999999,8.7042324156627,345.554,359.792,0,0
756.0764320000001,11.345741936818435,345.758,359.708,0,0
756.176432,9.22249694089036,345.575,359.741,0,0
756.27643,7.967961879470263,345.491,359.805,0,0
756.376432,7.522153395184191,345.465,359.835,0,0
756.476426,6.956356219313849,345.407,359.827,0,0
756.576429,5.730070292808097,345.386,360.002,0,0
756.676423,5.311655645897643,345.274,359.869,0,0
756.776428,5.840756546691278,345.369,359.952,0,0
756.876424,4.007860513957063,345.189,359.94,0,0
756.976421,6.177663024291034,345.331,359.824,0,0
757.076418,4.800617263500127,345.199,359.821,0,0
757.1764179999999,3.9879375242271227,345.097,359.775,0,0
757.276415,1.5097269548064358,344.95,359.936,0,0
757.376418,3.0839161548041933,345.021,359.793,0,0
757.476416,4.957167395913741,345.148,359.701,0,0
757.57641,6.575007290560412,345.284,359.67,0,0
757.67641,5.397263972238219,345.179,359.682,0,0
757.77641,5.08935627374765,345.228,359.826,0,0
757.8764100000001,6.549531252303832,345.273,359.655,0,0
757.976404,5.144181880427319,345.203,359.771,0,0
758.076405,2.6404710803547746,345.015,359.861,0,0
758.176403,5.0973862658226965,345.201,359.776,0,0
758.276402,3.0373601465575244,345.018,359.798,0,0
758.376398,3.549251066514603,345.038,359.746,0,0
758.476403,5.090547524637121,345.151,359.686,0,0
758.5763959999999,7.142850291723857,345.352,359.699,0,0
758.676394,8.62181447342099,345.539,359.786,0,0
758.776393,8.976700647694354,345.536,359.719,0,0
758.876393,8.611352608489796,345.51,359.735,0,0
758.976392,6.388347058643123,345.298,359.732,0,0
759.0763919999999,5.092454700364181,345.159,359.702,0,0
759.176389,6.067101026612591,345.207,359.621,0,0
759.276392,5.997145900768662,345.216,359.65,0,0
759.3763839999999,7.593825340742057,345.375,359.665,0,0
759.476386,8.273284297876291,345.444,359.674,0,0
759.576382,9.521243690913442,345.551,359.654,0,0
759.676384,9.511737265745216,345.588,359.724,0,0
759.77638,6.7259564401654695,345.388,359.841,0,0
759.876378,4.18940666395918,345.117,359.784,0,0
759.976374,3.753521876613087,344.999,359.643,0,0
760.076372,4.344683056225006,345.114,359.752,0,0
760.176365,4.274749099538014,345.073,359.689,0,0
760.276364,3.992632716766826,345.019,359.639,0,0
760.376357,3.5773664285200253,345.066,359.798,0,0
760.476355,1.2451411545461042,344.904,359.906,0,0
760.576345,1.8630142294085597,344.915,359.819,0,0
760.67634,4.226608902321249,345.065,359.684,0,0
760.776339,3.0269903756917804,345.04,359.847,0,0
760.876337,1.6591215924739742,344.948,359.916,0,0
760.97633,2.695157721142204,344.973,359.782,0,0
761.076323,2.7649539461675756,345.03,359.875,0,0
761.176319,3.3614290086055516,345.083,359.869,0,0
761.276314,3.9480222301507517,345.128,359.85,0,0
761.376313,2.8112118207702457,344.991,359.796,0,0
761.476308,2.062410415545933,344.957,359.864,0,0
761.5763059999999,2.9051183459125345,344.961,359.725,0,0
761.6763000000001,2.5020496320467704,344.976,359.823,0,0
761.776291,2.719466304718025,344.96,359.756,0,0
761.8762909999999,5.068557276698902,345.157,359.71,0,0
761.976284,1.7531095761236368,344.958,359.921,0,0
762.07628,3.5863774579547636,345.041,359.755,0,0
762.1762709999999,3.8138706381113034,345.114,359.85,0,0
762.276272,1.8595989042777035,344.916,359.826,0,0
762.3762680000001,2.5915179198778175,344.878,359.629,0,0
762.476262,2.3725771089307646,344.924,359.752,0,0
762.576254,0.862660986261282,344.774,359.739,0,0
762.67625,-1.1152926130628686,344.583,359.732,0,0
762.776245,1.7261882178190782,344.857,359.742,0,0
762.876246,2.87807782503098,344.906,359.632,0,0
762.9762410000001,2.015932997432241,344.889,359.751,0,0
763.076235,1.2972742810042512,344.791,359.696,0,0
763.176231,-0.5051017907453125,344.734,359.905,0,0
763.2762260000001,0.3068128780480567,344.709,359.718,0,0
763.376222,1.285787190104768,344.846,359.8,0,0
763.476218,2.8516834857467686,344.951,359.721,0,0
763.5762110000001,4.06703049674454,344.981,359.565,0,0
763.676208,5.529011016634114,345.099,359.528,0,0
763.776204,4.508032129479146,345.036,359.59,0,0
763.8761999999999,2.1567348246268927,344.851,359.659,0,0
763.976193,5.103256621299109,345.167,359.728,0,0
764.076185,10.86148852397767,345.644,359.604,0,0
764.176182,8.3639990861584,345.418,359.623,0,0
764.276178,7.0602471693406805,345.375,359.771,0,0
764.376177,6.754924009096968,345.29,359.668,0,0
764.476171,7.126108319696821,345.338,359.692,0,0
764.5761620000001,5.057107369485467,345.171,359.745,0,0
764.676163,5.5413965477591836,345.221,359.753,0,0
764.776157,4.502742637934947,345.096,359.704,0,0
764.8761480000001,3.664527729805511,345.028,359.725,0,0
764.976145,5.21616911446969,345.136,359.654,0,0
765.076139,4.297287164926811,345.012,359.586,0,0
765.176137,3.460620065682135,345.086,359.868,0,0
765.276129,3.344295194188321,344.933,359.607,0,0
765.3761310000001,4.574772961214546,345.059,359.625,0,0
765.4761219999999,1.552898771042726,344.847,359.761,0,0
765.576119,3.0397292709713346,344.913,359.624,0,0
765.676112,3.0711333236016713,344.968,359.72,0,0
765.776108,2.028084842715314,344.904,359.784,0,0
765.876104,1.5563509458535976,344.75,359.583,0,0
765.9761,1.9971944032181657,344.791,359.582,0,0
766.076093,2.7855889075395734,344.929,359.699,0,0
766.176094,2.9770389289030876,344.885,359.585,0,0
766.27609,2.4118879623553293,344.92,359.748,0,0
766.376083,3.427184717479464,345.055,359.82,0,0
766.476076,2.815871691352744,344.984,359.796,0,0
766.5760720000001,2.048484835666873,344.864,359.709,0,0
766.676067,3.783539506191208,345.06,359.768,0,0
766.776064,1.7469974019839494,344.789,359.624,0,0
766.8760609999999,2.223655359917958,344.941,359.821,0,0
766.976053,2.412355843841015,344.875,359.667,0,0
767.076047,1.3771322709763654,344.79,359.691,0,0
767.1760459999999,-0.6858948161813656,344.629,359.754,0,0
767.276043,2.5695916066380753,344.959,359.795,0,0
767.37604,-0.4159488262741519,344.72,359.875,0,0
767.4760309999999,2.9014365868982646,344.914,359.655,0,0
767.5760280000001,1.7278029273030462,344.867,359.773,0,0
767.676013,-0.26717763237340875,344.707,359.826,0,0
767.776015,1.3033498380619883,344.732,359.599,0,0
767.8760130000001,0.6703788268636686,344.772,359.783,0,0
767.976008,-0.8372227172459047,344.582,359.696,0,0
768.076009,3.27204801345593,344.971,359.697,0,0
768.1760039999999,0.10075564484315529,344.734,359.813,0,0
768.276006,1.6983740344169502,344.842,359.734,0,0
768.376002,1.2811028955960286,344.735,359.61,0,0
768.475996,3.9793555431199747,345.021,359.667,0,0
768.575995,2.270816956025923,344.862,359.672,0,0
768.6759930000001,2.287770891362668,344.839,359.627,0,0
768.775993,2.4534387457509474,344.873,359.661,0,0
768.875987,2.4800362442796127,344.877,359.664,0,0
768.975984,1.6875600131080717,344.828,359.712,0,0
769.075983,1.2311728743853296,344.801,359.742,0,0
769.1759790000001,0.7635184741363394,344.78,359.785,0,0
769.275983,1.0611130306219425,344.883,359.923,0,0
769.375976,0.11580978552698207,344.719,359.786,0,0
769.4759710000001,1.1297418980051106,344.818,359.792,0,0
769.575973,2.2772784565805426,344.828,359.611,0,0
769.675973,-1.2515120769994246,344.636,359.872,0,0
769.7759699999999,3.097302209684469,345.027,359.835,0,0
769.875961,-0.8100055195902218,344.578,359.689,0,0
769.975965,-0.11561347704252978,344.662,359.723,0,0
770.075957,-1.2970732669449772,344.636,359.881,0,0
770.1759549999999,2.0019224694989637,344.825,359.655,0,0
770.2759520000001,-0.8241030998464786,344.65,359.825,0,0
770.375951,1.3314731641375825,344.72,359.579,0,0
770.475952,0.369523367023523,344.774,359.846,0,0
770.5759479999999,2.2243814238625776,344.896,359.748,0,0
770.675943,3.0330144232180185,345.012,359.821,0,0
770.775943,2.8973033561276895,345.03,359.878,0,0
770.8759399999999,3.638149180162496,345.076,359.834,0,0
770.975935,2.0443057310791417,344.961,359.9,0,0
771.0759320000001,2.6449556118271342,344.922,359.724,0,0
771.175929,1.478659221813214,344.917,359.918,0,0
771.275931,5.02156066731704,345.122,359.679,0,0
771.375925,3.2123308627453895,344.96,359.696,0,0
771.4759270000001,5.523969898586545,345.104,359.559,0,0
771.575924,3.9627697747252317,344.991,359.623,0,0
771.675922,1.686628097371289,344.843,359.747,0,0
771.7759159999999,2.0201230854139935,344.857,359.715,0,0
771.8759150000001,2.7832541141153113,344.935,359.726,0,0
771.975917,5.94379616850746,345.262,359.778,0,0
772.07591,2.696684527577874,344.92,359.714,0,0
772.17591,5.79583602110366,345.27,359.819,0,0
772.275906,3.918775589460872,345.138,359.903,0,0
772.375905,3.8794250223312674,345.07,359.785,0,0
772.4759009999999,5.486458533205449,345.199,359.743,0,0
772.575902,7.306139982542352,345.328,359.664,0,0
772.6758930000001,6.8959353078251615,345.357,359.789,0,0
772.775893,3.8655843957017506,345.073,359.794,0,0
772.8758909999999,3.6924020191017592,345.088,359.852,0,0
772.9758909999999,3.783159740705565,345.041,359.75,0,0
773.0758880000001,1.6417585079064054,344.834,359.742,0,0
773.175887,2.7674523574119863,344.849,359.574,0,0
773.275882,3.230784836133721,344.978,359.731,0,0
773.3758780000001,3.0456964912644326,344.881,359.585,0,0
773.4758760000001,2.948126438769206,344.945,359.72,0,0
773.575874,2.5722102285834416,344.893,359.69,0,0
773.675872,1.6627422740717808,344.79,359.659,0,0
773.7758719999999,2.948590300593251,344.987,359.798,0,0
773.875864,3.58943758849889,345.023,359.753,0,0
773.975862,3.1238600002757706,344.981,359.757,0,0
774.075866,1.3348261705770461,344.897,359.914,0,0
774.1758580000001,3.8071489508429215,345.06,359.784,0,0
774.2758540000001,2.970814691472959,344.89,359.617,0,0
774.375852,4.899855586113751,345.175,359.806,0,0
774.4758499999999,3.3912998625116915,345.061,359.859,0,0
774.575853,3.570311461011695,345.068,359.841,0,0
774.6758440000001,1.256708991014272,344.892,359.92,0,0
774.7758419999999,5.771780589186227,345.171,359.648,0,0
774.8758399999999,3.069443932506369,344.974,359.756,0,0
774.9758429999999,2.2233902091370807,344.952,359.863,0,0
775.075841,3.8736734685938616,345.009,359.681,0,0
775.175837,1.6343196678894734,344.846,359.771,0,0
775.275834,2.783196751877521,344.942,359.748,0,0
775.3758290000001,0.5509863356598327,344.74,359.765,0,0
775.47583,1.4414865461063469,344.792,359.706,0,0
775.575827,1.559096506920283,344.847,359.787,0,0
775.675821,3.14987232256848,344.825,359.47,0,0
775.775821,2.6994038571840724,344.929,359.74,0,0
775.875816,1.5386694135097336,344.818,359.738,0,0
775.9758149999999,2.2163159175136307,344.814,359.613,0,0
776.0758149999999,1.0698143233035682,344.75,359.695,0,0
776.175809,1.4805225240330135,344.83,359.771,0,0
776.275809,2.045107409589555,344.724,359.478,0,0
776.375807,0.5659368433401245,344.703,359.697,0,0
776.475804,2.434376756649044,344.779,359.512,0,0
776.5758020000001,1.9862350793470656,344.818,359.662,0,0
776.675797,3.1355988192303252,344.851,359.523,0,0
776.7757929999999,3.2617048652829284,344.928,359.643,0,0
776.8757870000001,0.5816530965832674,344.763,359.806,0,0
776.975787,0.43701106203015994,344.697,359.71,0,0
777.075784,1.240154927428396,344.744,359.657,0,0
777.175783,3.371549909345295,344.909,359.59,0,0
777.2757780000001,7.109606941200933,345.158,359.398,0,0
777.375774,3.8980814555858867,344.921,359.521,0,0
777.475775,4.846713826469557,345.041,359.577,0,0
777.575773,1.3469279527805522,344.755,359.66,0,0
777.675766,2.712402794087666,344.753,359.419,0,0
777.775764,2.301028021651074,344.827,359.627,0,0
777.875764,1.782371383980992,344.724,359.528,0,0
777.975762,3.592364478065631,344.926,359.585,0,0
778.075759,-1.335215706206348,344.524,359.703,0,0
778.17575,3.06189042942655,344.875,359.584,0,0
778.2757489999999,1.1177124439684258,344.716,359.63,0,0
778.375748,2.5378455618286586,344.842,359.615,0,0
778.4757460000001,4.033136535618418,345.005,359.655,0,0
778.575743,2.8723798382581074,344.944,359.745,0,0
778.675738,3.691650174381789,344.911,359.542,0,0
778.775734,4.516851773752123,344.984,359.533,0,0
778.875732,1.7064638626163624,344.792,359.669,0,0
778.975728,3.203843596113195,344.909,359.624,0,0
779.075731,1.5021752277656448,344.805,359.729,0,0
779.1757269999999,2.1000414360360136,344.819,359.651,0,0
779.2757240000001,2.2643535719917214,344.792,359.573,0,0
779.3757169999999,1.9725339227233076,344.836,359.705,0,0
779.475716,2.5978049931681713,344.739,359.418,0,0
779.575711,0.6198034523913492,344.648,359.595,0,0
779.6757140000001,1.9043295815346175,344.709,359.484,0,0
779.775711,0.6233243338161807,344.685,359.663,0,0
779.8757029999999,0.45065962098469586,344.562,359.467,0,0
779.975701,-0.3563228011900879,344.56,359.604,0,0
780.075696,1.2978664701414098,344.619,359.425,0,0
780.1757,1.0927316299753236,344.625,359.472,0,0
780.275697,0.7730739956585623,344.718,359.699,0,0
780.375689,0.876449915632938,344.726,359.696,0,0
780.475689,-0.6759962350143828,344.566,359.672,0,0
780.575688,2.0160407385348904,344.865,359.754,0,0
780.67568,3.188186794407131,344.842,359.508,0,0
780.7756800000001,1.5534284157118565,344.709,359.548,0,0
780.875678,1.3921931563915442,344.736,359.626,0,0
780.9756709999999,1.9852208457713472,344.774,359.593,0,0
781.0756709999999,0.6019339443516392,344.705,359.707,0,0
781.175665,2.137216813189551,344.887,359.775,0,0
781.275665,0.08068011192679192,344.594,359.594,0,0
781.3756629999999,4.904629195497939,345.087,359.662,0,0
781.475662,6.438082908825089,345.246,359.688,0,0
781.5756580000001,7.839858695215861,345.292,359.529,0,0
781.675656,7.437975130412737,345.212,359.452,0,0
781.77565,7.555356299714893,345.261,359.522,0,0
781.875647,5.665456940421897,345.043,359.45,0,0
781.9756480000001,3.67481319163316,344.947,359.62,0,0
782.07564,3.0961287638624033,344.903,359.64,0,0
782.1756369999999,3.2071132180548907,344.859,359.54,0,0
782.2756400000001,1.9976611492106133,344.701,359.46,0,0
782.375634,2.9391380319095335,344.885,359.635,0,0
782.475632,0.04280045401604124,344.624,359.659,0,0
782.5756289999999,2.93993007241803,344.85,359.571,0,0
782.675629,-1.6194055861190735,344.535,359.785,0,0
782.775622,3.51248038347855,344.762,359.31,0,0
782.875623,3.3898194665207204,344.897,359.58,0,0
782.9756169999999,5.050870165538475,345.036,359.547,0,0
783.075612,6.30526301321949,345.136,359.513,0,0
783.175615,1.6673383611451071,344.744,359.599,0,0
783.275609,3.5755203265391717,344.883,359.523,0,0
783.375605,4.595445193796753,344.938,359.447,0,0
783.4756060000001,5.11236213498953,345.015,359.499,0,0
783.5756,2.4275032352829706,344.799,359.569,0,0
783.675596,2.949723526192519,344.839,359.552,0,0
783.775595,4.7142136429727906,345.003,359.547,0,0
783.875591,8.859338382228422,345.403,359.562,0,0
783.975588,9.313273625288646,345.461,359.59,0,0
784.075584,6.814209584924577,345.143,359.44,0,0
784.175585,6.46192934469856,345.184,359.577,0,0
784.275583,5.901665999195106,345.07,359.465,0,0
784.375578,3.121853023653284,344.876,359.592,0,0
784.47557,2.5116827337983865,344.81,359.577,0,0
784.575573,4.879427308858942,344.918,359.364,0,0
784.6755649999999,2.946904692537538,344.915,359.695,0,0
784.7755649999999,3.208258518325642,344.82,359.475,0,0
784.8755620000001,5.435038645266767,345.025,359.465,0,0
784.9755600000001,9.92678350797263,345.548,359.646,0,0
785.075557,11.900446915401208,345.772,359.715,0,0
785.1755509999999,10.373294021714331,345.597,359.659,0,0
785.275549,9.059665786006923,345.521,359.748,0,0
785.375547,7.035035693961838,345.337,359.762,0,0
785.47554,5.130707856398929,344.991,359.457,0,0
785.5755379999999,7.2409303661838225,345.204,359.482,0,0
785.6755350000001,6.0896209720982695,345.089,359.471,0,0
785.775537,4.99944237022481,345.02,359.534,0,0
785.875533,6.197996580725867,345.062,359.403,0,0
785.975532,5.275148110000565,345.061,359.562,0,0
786.0755230000001,8.98397992381405,345.373,359.491,0,0
786.175524,10.745006102786263,345.572,359.551,0,0
786.275518,10.877171096693393,345.455,359.313,0,0
786.375514,8.043781778795044,345.288,359.499,0,0
786.475514,8.34808266045594,345.29,359.45,0,0
786.575513,10.142693812826801,345.44,359.414,0,0
786.6755089999999,8.399624128075084,345.381,359.609,0,0
786.775504,7.750846252146083,345.282,359.54,0,0
786.8755,8.717216090125888,345.314,359.431,0,0
786.975501,5.994647801905658,345.114,359.537,0,0
787.075493,4.244477791604602,344.994,359.621,0,0
787.17549,3.8432857873265833,344.907,359.531,0,0
787.275486,1.2772890613974819,344.668,359.538,0,0
787.3754889999999,4.854085868779354,345.161,359.823,0,0
787.475483,4.006990119826831,344.884,359.461,0,0
787.575477,3.600700188117337,344.89,359.543,0,0
787.67548,1.7949086292385312,344.743,359.587,0,0
787.775473,2.341978640045916,344.731,359.47,0,0
787.875468,3.3358939272829993,344.858,359.531,0,0
787.975466,3.612345836753594,344.934,359.623,0,0
788.075465,2.4047217126706797,344.799,359.585,0,0
788.175461,1.5575501539789187,344.697,359.545,0,0
788.275456,0.25839222848975385,344.649,359.683,0,0
788.3754570000001,2.257619966619052,344.764,359.547,0,0
788.475451,2.558013121452692,344.764,359.495,0,0
788.575452,1.7505960285758482,344.7,359.518,0,0
788.675446,1.2491463046849325,344.672,359.554,0,0
788.775443,4.093337357675089,345.043,359.742,0,0
788.875443,6.015534665100364,345.198,359.693,0,0
788.9754399999999,5.676641978790437,345.112,359.594,0,0
789.075433,7.210548671059036,345.283,359.642,0,0
789.175434,5.414173195003225,345.157,359.723,0,0
789.2754279999999,4.718713405299793,345.09,359.721,0,0
789.375423,5.197985188162545,345.033,359.533,0,0
789.475421,5.418414711153611,344.945,359.333,0,0
789.575416,3.790733051003972,344.923,359.576,0,0
789.6754159999999,2.641717523766236,344.818,359.583,0,0
789.775411,4.4738203632901365,344.921,359.454,0,0
789.875412,3.0571739421700848,344.907,359.675,0,0
789.975409,3.8527927869012473,344.806,359.351,0,0
790.075408,3.1469641053088755,344.794,359.452,0,0
790.1754,4.594391427027219,345.059,359.688,0,0
790.275399,1.6321159990919156,344.701,359.545,0,0
790.3753939999999,2.2207151224540356,344.875,359.763,0,0
790.4753939999999,1.3988375600149758,344.758,359.691,0,0
790.5753930000001,3.5584897510538704,344.961,359.689,0,0
790.675388,2.153142732090785,344.866,359.759,0,0
790.7753839999999,5.9305185024589955,345.091,359.516,0,0
790.87538,4.401286490391744,344.937,359.499,0,0
790.97538,3.920249471535271,345.018,359.732,0,0
791.075373,2.4066896744307336,344.772,359.543,0,0
791.1753739999999,1.9093741701062126,344.752,359.593,0,0
791.2753710000001,2.3932131613465235,344.765,359.533,0,0
791.375367,2.899824603076027,344.747,359.412,0,0
791.47536,0.9260093014164105,344.539,359.373,0,0
791.575356,3.8707169853027183,344.782,359.308,0,0
791.675358,3.407365371490152,344.9,359.606,0,0
791.775352,3.4996775688956947,344.97,359.719,0,0
791.8753469999999,5.383721688409593,345.104,359.638,0,0
791.975348,9.881937698803826,345.545,359.667,0,0
792.075342,11.371987320943733,345.595,359.5,0,0
792.175344,9.893733568838488,345.573,359.717,0,0
792.275336,14.025792784063386,345.881,359.565,0,0
792.3753360000001,10.292921423388783,345.536,359.58,0,0
792.47533,11.435365777573145,345.614,359.525,0,0
792.575327,8.579235334227695,345.403,359.634,0,0
792.6753249999999,9.112970104246916,345.393,359.523,0,0
792.775321,6.166052685825466,345.137,359.565,0,0
792.8753220000001,7.328260666886062,345.231,359.536,0,0
792.9753199999999,5.616285565993474,345.032,359.468,0,0
793.075314,6.741931874344018,345.147,359.484,0,0
793.1753100000001,5.349680808581036,345.069,359.583,0,0
793.275308,2.744621302530747,344.785,359.514,0,0
793.375305,5.656425507540144,345.095,359.578,0,0
793.4753029999999,4.400257392222254,345.044,359.703,0,0
793.5753000000001,4.780667314542699,345.007,359.569,0,0
793.675302,4.1856267013097535,345.037,359.728,0,0
793.7752979999999,4.933405363295902,344.988,359.508,0,0
793.8752959999999,4.128281895476519,344.934,359.549,0,0
793.975288,5.394643400618424,344.996,359.443,0,0
794.075285,2.2155416125097216,344.73,359.507,0,0
794.175282,3.414960293807045,344.896,359.604,0,0
794.275285,1.6351438354323715,344.752,359.649,0,0
794.375276,2.3339138756525943,344.8,359.616,0,0
794.475279,3.6287411167506245,344.956,359.678,0,0
794.57527,3.7688815398059408,344.999,359.733,0,0
794.675267,3.817304305706999,345.023,359.769,0,0
794.775269,4.3983696759609785,345.074,359.762,0,0
794.875265,3.901778644566967,344.972,359.661,0,0
794.9752639999999,4.87366708920674,344.998,359.54,0,0
795.0752610000001,3.2290133929708493,344.882,359.613,0,0
795.1752560000001,4.136285893439028,344.947,359.575,0,0
795.275253,13.860182320507647,345.78,359.416,0,0
795.37525,17.222305783412892,346.169,359.547,0,0
795.47525,22.632947028743697,346.624,359.443,0,0
795.575246,20.046038034042642,346.364,359.415,0,0
795.675243,16.713838608860694,346.077,359.467,0,0
795.775237,16.069605069987006,346.098,359.618,0,0
795.875233,14.617662327922636,345.835,359.387,0,0
795.975233,9.470493095117675,345.528,359.718,0,0
796.075229,12.481450245614976,345.674,359.463,0,0
796.175227,8.871088661988487,345.377,359.545,0,0
796.2752240000001,8.858564485706891,345.461,359.702,0,0
796.3752219999999,7.650733316891195,345.27,359.561,0,0
796.4752149999999,6.370937091474126,345.101,359.473,0,0
796.575217,6.320292805915377,345.089,359.46,0,0
796.675211,6.572855904799864,345.116,359.466,0,0
796.775208,5.5307313757526755,345.026,359.482,0,0
796.875206,6.177970837898416,345.155,359.607,0,0
796.975201,4.789907814315249,344.96,359.49,0,0
797.075204,5.220418963275866,344.956,359.408,0,0
797.175197,6.128816795567109,345.076,359.471,0,0
797.2751920000001,6.112222788260555,345.002,359.338,0,0
797.37519,2.536950646399216,344.898,359.769,0,0
797.475193,4.003036554181547,345.074,359.838,0,0
797.575186,3.5607137416156944,344.938,359.665,0,0
797.6751820000001,4.427560368433562,344.922,359.485,0,0
797.7751850000001,3.4975773596845854,344.935,359.671,0,0
797.875179,4.091781774142893,344.903,359.509,0,0
797.9751779999999,3.1496872087735475,344.748,359.388,0,0
798.075171,2.850276925777102,344.794,359.525,0,0
798.175167,1.7293467743657998,344.596,359.356,0,0
798.2751679999999,3.9689937702685234,344.812,359.364,0,0
798.375167,2.1346915216464697,344.671,359.424,0,0
798.475164,1.2070461580546727,344.594,359.444,0,0
798.575156,3.20371782914869,344.768,359.417,0,0
798.675154,1.8944492139255495,344.706,359.531,0,0
798.775153,1.2295425713900683,344.687,359.612,0,0
798.875152,3.176588871010746,344.79,359.463,0,0
798.975147,1.0172048360903017,344.69,359.655,0,0
799.075142,-0.01478932174816381,344.564,359.603,0,0
799.1751419999999,1.849501020711839,344.657,359.45,0,0
799.275137,1.7286988269173644,344.74,359.624,0,0
799.375139,2.470036839347146,344.698,359.418,0,0
799.475132,0.9559563013524011,344.59,359.483,0,0
799.575133,2.117232502103996,344.71,359.502,0,0
799.675129,1.733734804018058,344.635,359.431,0,0
799.775128,1.0780495727099555,344.556,359.4,0,0
799.87512,1.1297077247009588,344.539,359.36,0,0
799.9751210000001,1.2962891750908505,344.572,359.392,0,0
800.0751160000001,0.18975398026441967,344.577,359.594,0,0
800.175112,1.2335741750769345,344.656,359.558,0,0
800.275104,2.2613323072087796,344.665,359.396,0,0
800.375103,0.26681058458737905,344.492,359.425,0,0
800.475102,1.7837120208857689,344.644,359.441,0,0
800.575094,2.971451219123711,344.704,359.345,0,0
800.67509,0.5587879026126752,344.467,359.329,0,0
800.77509,-1.9813211665032695,344.431,359.705,0,0
800.875088,-0.6321937837893765,344.478,359.557,0,0
800.975084,0.20542917615619416,344.525,359.498,0,0
801.0750820000001,0.926689508525076,344.661,359.623,0,0
801.175076,0.5208953278974412,344.579,359.543,0,0
801.275074,2.0863180669862844,344.697,359.488,0,0
801.375071,7.076717237189736,345.159,359.47,0,0
801.475066,5.834834861555506,345.03,359.449,0,0
801.575063,5.242823605934588,344.963,359.429,0,0
801.6750579999999,5.185024275904762,345.015,359.535,0,0
801.7750550000001,5.195748075317982,345.03,359.561,0,0
801.875053,5.565571560841402,345.017,359.473,0,0
801.975044,2.535398995405648,344.839,359.673,0,0
802.0750459999999,6.243081198563358,345.146,359.593,0,0
802.1750400000001,6.40783310570963,345.156,359.583,0,0
802.275037,3.602495662960896,344.971,359.731,0,0
802.375035,4.755762110591135,345.006,359.595,0,0
802.475031,4.23614865503711,344.979,359.636,0,0
802.575027,3.1673436216538553,344.918,359.71,0,0
802.675025,3.015791657439267,344.872,359.652,0,0
802.7750189999999,2.706975226981328,344.872,359.706,0,0
802.875019,4.424358733354385,344.981,359.608,0,0
802.975014,4.621072141107761,344.975,359.563,0,0
803.0750089999999,3.2610302131053506,344.837,359.546,0,0
803.1750069999999,3.6807279122961796,344.851,359.499,0,0
803.275,6.731178809376988,345.104,359.434,0,0
803.375,5.977129826995966,344.957,359.295,0,0
803.4749919999999,3.57683732784225,344.819,359.459,0,0
803.574992,6.217134520000197,345.143,359.596,0,0
803.674986,10.845716984867758,345.536,359.514,0,0
803.774981,9.681698133542218,345.566,359.772,0,0
803.874984,11.037037887197796,345.6,359.599,0,0
803.974976,9.585516188622107,345.424,359.528,0,0
804.074974,10.522887548686041,345.525,359.551,0,0
804.1749699999999,11.252697969113527,345.558,359.485,0,0
804.2749699999999,6.500507016848269,345.184,359.624,0,0
804.3749620000001,9.693275020285293,345.401,359.468,0,0
804.474961,7.829986907980734,345.304,359.614,0,0
804.574957,8.781396159073843,345.371,359.572,0,0
804.6749540000001,10.82913208713825,345.477,359.411,0,0
804.774947,5.50892744604159,345.002,359.463,0,0
804.874946,9.237974748030185,345.342,359.44,0,0
804.974944,7.867542200735513,345.309,359.618,0,0
805.074939,4.374905870937052,344.959,359.582,0,0
805.174935,4.1587485656773735,344.927,359.561,0,0
805.274931,5.344171088482329,345.027,359.539,0,0
805.3749270000001,3.3595089095964705,344.912,359.673,0,0
805.474922,4.251118632240751,345.044,359.761,0,0
805.574919,5.676994422164218,345.17,359.745,0,0
805.6749179999999,3.70314485758749,345.037,359.844,0,0
805.774916,6.183774501625219,345.116,359.558,0,0
805.874911,3.3848873899720835,344.899,359.646,0,0
805.9749039999999,1.7363574573559872,344.706,359.578,0,0
806.074902,1.3084505626864031,344.723,359.684,0,0
806.174899,2.4962108423351337,344.733,359.496,0,0
806.274899,4.244126907188519,344.94,359.573,0,0
806.374892,2.7746489257067157,344.821,359.61,0,0
806.474891,1.3883490999432777,344.799,359.811,0,0
806.574884,3.894716706250153,344.9,359.561,0,0
806.6748839999999,3.404098807023421,344.804,359.47,0,0
806.7748819999999,1.0341441305463637,344.683,359.66,0,0
806.874877,4.620689896460202,344.953,359.533,0,0
806.974872,1.3296181094546635,344.715,359.668,0,0
807.074868,4.038253959177199,344.896,359.53,0,0
807.174864,2.373586257060597,344.808,359.658,0,0
807.274858,3.8061506968423253,344.883,359.547,0,0
807.374858,2.018734532303124,344.766,359.643,0,0
807.4748510000001,3.661857918800992,344.887,359.58,0,0
807.574847,2.9746215260185744,344.936,359.79,0,0
807.674846,2.701511101156358,344.766,359.525,0,0
807.774845,0.4835713493347517,344.511,359.442,0,0
807.8748370000001,1.0522096872064606,344.588,359.485,0,0
807.974838,1.3948658032151033,344.667,359.571,0,0
808.074837,1.1166142730378834,344.69,359.662,0,0
808.1748299999999,1.9492143243027298,344.655,359.453,0,0
808.2748290000001,1.239941390816245,344.628,359.527,0,0
808.374823,1.7807526883322464,344.729,359.619,0,0
808.474824,0.41517954453905254,344.622,359.66,0,0
808.574819,0.3256884758270295,344.596,359.628,0,0
808.674818,0.6764295712208176,344.585,359.547,0,0
808.774816,1.8103322910211617,344.741,359.637,0,0
808.874809,7.64623518244583,345.271,359.597,0,0
808.974812,14.079364166856504,345.864,359.569,0,0
809.0748070000001,19.7736641577177,346.373,359.515,0,0
809.174808,18.83451238259811,346.321,359.583,0,0
809.274804,16.780265966650028,346.038,359.42,0,0
809.3747979999999,14.446915788555298,345.796,359.381,0,0
809.474794,12.700639232128077,345.703,359.514,0,0
809.574796,11.3128238232616,345.464,359.316,0,0
809.67479,8.368664283727812,345.205,359.352,0,0
809.7747889999999,10.026713078457192,345.366,359.36,0,0
809.8747850000001,7.997944989405431,345.174,359.36,0,0
809.974783,6.987542464141503,345.087,359.376,0,0
810.074777,5.750919408964222,345.021,359.47,0,0
810.174779,5.467407538403234,344.981,359.446,0,0
810.274776,6.723593217768484,345.179,359.592,0,0
810.374775,5.2822233684990545,344.917,359.361,0,0
810.474768,7.018038298085726,344.931,359.085,0,0
810.5747680000001,5.211756630982125,344.847,359.245,0,0
810.674766,4.631682737079928,344.817,359.291,0,0
810.774758,3.8104303163310984,344.843,359.482,0,0
810.87476,7.658588917488974,345.116,359.315,0,0
810.9747560000001,8.415933542780877,345.269,359.465,0,0
811.0747560000001,5.773184784589642,344.951,359.34,0,0
811.174753,6.984799496766894,345.085,359.376,0,0
811.2747489999999,4.675542178549009,344.948,359.526,0,0
811.374745,5.050170326406819,344.986,359.531,0,0
811.4747460000001,20.13737675738408,346.38,359.471,0,0
811.574741,26.93441070848539,346.996,359.422,0,0
811.6747340000001,26.635009809054534,347.017,359.513,0,0
811.774737,26.688041506892596,347.011,359.493,0,0
811.874729,28.025662417988904,347.083,359.393,0,0
811.974728,25.87257628007497,346.77,359.192,0,0
812.0747240000001,21.500838884967525,346.426,359.32,0,0
812.1747240000001,17.842441212942248,346.1,359.357,0,0
812.274721,16.74219318941164,345.917,359.212,0,0
812.3747149999999,16.02947799263237,345.875,359.259,0,0
812.4747179999999,12.740949363696808,345.603,359.331,0,0
812.574715,11.779966399858342,345.531,359.366,0,0
812.674709,11.721267650645126,345.534,359.382,0,0
812.774709,11.620768879379474,345.445,359.236,0,0
812.8747060000001,14.013684931508413,345.813,359.497,0,0
812.9747,13.069304995488604,345.623,359.312,0,0
813.074702,8.619638937434827,345.27,359.437,0,0
813.174697,11.71928145439503,345.532,359.38,0,0
813.2746920000001,10.48199792416284,345.398,359.349,0,0
813.374691,9.183334788162218,345.262,359.325,0,0
813.474686,7.714776241042834,345.142,359.36,0,0
813.574685,8.23696009382201,345.257,359.481,0,0
813.6746800000001,5.275601811397212,344.898,359.336,0,0
813.774679,4.313677173383835,344.877,359.465,0,0
813.874676,3.1076516984186258,344.759,359.458,0,0
813.974672,4.140235836431414,344.769,359.297,0,0
814.074671,3.0024737488259525,344.683,359.337,0,0
814.17467,3.061707046401179,344.689,359.338,0,0
814.274665,1.4894708289191774,344.563,359.38,0,0
814.3746620000001,0.6486927536885374,344.554,359.51,0,0
814.474663,3.0656583168668523,344.596,359.167,0,0
814.574656,3.2418494988884645,344.731,359.385,0,0
814.674653,4.030073066964276,344.713,359.215,0,0
814.7746530000001,5.441682882068676,344.867,359.253,0,0
814.8746530000001,3.587377345094721,344.729,359.322,0,0
814.974644,4.105924284204943,344.748,359.267,0,0
815.0746459999999,4.607662621529674,344.829,359.329,0,0
815.1746400000001,4.3310447993402885,344.794,359.313,0,0
815.274641,2.4840883662738893,344.673,359.412,0,0
815.374638,3.430247350980129,344.652,359.209,0,0
815.474633,2.9846649900253177,344.607,359.204,0,0
815.5746310000001,2.3721529618119317,344.631,359.355,0,0
815.674628,2.6129816227794764,344.677,359.398,0,0
815.774623,4.128074072581631,344.756,359.28,0,0
815.874627,3.9374052250385714,344.79,359.376,0,0
815.9746210000001,2.43254471537954,344.622,359.329,0,0
816.074622,4.09083121084403,344.764,359.302,0,0
816.1746189999999,3.2360474996958604,344.714,359.359,0,0
816.274611,0.21442419011735278,344.433,359.368,0,0
816.3746090000001,2.4814634987052915,344.563,359.213,0,0
816.47461,1.5731471352901376,344.44,359.145,0,0
816.57461,1.0921397249561136,344.446,359.24,0,0
816.6746069999999,1.987212092796266,344.543,359.263,0,0
816.774598,1.4372484667179923,344.524,359.324,0,0
816.8746,1.6475550330002364,344.447,359.146,0,0
816.974594,1.8355219448362434,344.463,359.143,0,0
817.074591,2.0395292546688504,344.599,359.358,0,0
817.174592,0.33282268221451566,344.438,359.359,0,0
817.274586,2.8166335059867986,344.601,359.227,0,0
817.374586,-0.037681154348917216,344.438,359.424,0,0
817.474586,2.937859730979472,344.61,359.223,0,0
817.574585,2.7717815490012976,344.661,359.346,0,0
817.674581,0.5036961305784834,344.473,359.395,0,0
817.77458,3.703595832388483,344.676,359.212,0,0
817.8745720000001,0.5322844525581979,344.464,359.374,0,0
817.9745740000001,0.4191003751776956,344.47,359.405,0,0
818.074569,-0.23704110560386685,344.379,359.352,0,0
818.174567,2.4325105884781246,344.565,359.23,0,0
818.2745659999999,1.7882533333927224,344.636,359.473,0,0
818.374561,0.7445681426838445,344.429,359.274,0,0
818.474558,2.496617832067796,344.644,359.365,0,0
818.57456,-1.0944476262626,344.376,359.497,0,0
818.674555,2.376026849633574,344.591,359.289,0,0
818.774554,0.9920207182159038,344.579,359.508,0,0
818.874548,-0.4139787542490404,344.391,359.407,0,0
818.974545,3.500137257998873,344.711,359.315,0,0
819.074547,1.1901868647799976,344.581,359.478,0,0
819.1745450000001,1.7714987466688463,344.588,359.39,0,0
819.274543,2.4484680634443214,344.541,359.186,0,0
819.374535,2.2678971274187516,344.614,359.352,0,0
819.474532,2.9905954168458653,344.611,359.221,0,0
819.5745330000001,2.169851270147514,344.524,359.204,0,0
819.674529,1.0400982022523242,344.523,359.399,0,0
819.7745259999999,2.6188430841785935,344.664,359.384,0,0
819.874524,1.2914433799116147,344.528,359.365,0,0
819.974522,0.8945446585311606,344.605,359.576,0,0
820.07452,1.4873185362330905,344.687,359.624,0,0
820.1745189999999,2.4219395715940353,344.766,359.607,0,0
820.2745189999999,1.1471958508224116,344.604,359.531,0,0
820.374513,1.684575344876867,344.665,359.55,0,0
820.474514,3.567242110634362,344.788,359.449,0,0
820.574505,1.3740546426082565,344.706,359.68,0,0
820.6745030000001,1.5071466207296849,344.563,359.394,0,0
820.7745060000001,1.0040592793415726,344.593,359.537,0,0
820.8745,1.8860566897799926,344.623,359.439,0,0
820.974501,1.6340078980489712,344.655,359.542,0,0
821.0745,3.767247795199087,344.793,359.425,0,0
821.174495,-0.2334846202467283,344.533,359.643,0,0
821.274494,0.14918483474942318,344.581,359.665,0,0
821.374486,0.4348870552138715,344.522,359.507,0,0
821.474485,3.2611943569038577,344.775,359.481,0,0
821.574485,2.5709806932436434,344.796,359.64,0,0
821.674481,2.619888015141088,344.757,359.56,0,0
821.774481,1.8797999806454637,344.751,359.678,0,0
821.8744760000001,4.15281353659357,344.887,359.533,0,0
821.974473,3.3775817581526204,344.813,359.532,0,0
822.07447,3.8018564160984565,344.872,359.567,0,0
822.1744699999999,3.453782067273599,344.746,359.396,0,0
822.27447,5.8208296224127185,344.861,359.196,0,0
822.374467,3.641853375703461,344.876,359.603,0,0
822.4744599999999,5.922454104534965,345.01,359.453,0,0
822.5744599999999,8.639758668924781,345.344,359.595,0,0
822.674456,8.256518920754136,345.2,359.397,0,0
822.774458,6.8049744618902555,345.074,359.418,0,0
822.874455,7.584636367019171,345.184,359.485,0,0
822.9744529999999,7.634918258367038,345.156,359.425,0,0
823.07445,8.38558421580289,345.335,359.624,0,0
823.174442,12.02062872522297,345.621,359.518,0,0
823.274446,12.386294583878296,345.65,359.508,0,0
823.374441,10.015678600329187,345.461,359.573,0,0
823.47444,9.401640091733444,345.293,359.371,0,0
823.574432,8.62663548418158,345.225,359.381,0,0
823.6744329999999,6.813285408244333,345.005,359.292,0,0
823.774418,5.749349251738445,344.845,359.183,0,0
823.8744320000001,4.816582730073541,344.911,359.467,0,0
823.974427,4.496779052395979,344.798,359.315,0,0
824.0744179999999,3.5638497736651575,344.708,359.312,0,0
824.174413,2.9913731838993534,344.651,359.307,0,0
824.2744150000001,2.442112953868466,344.6,359.309,0,0
824.374407,-0.5358705816194785,344.409,359.476,0,0
824.474403,1.9196367641264014,344.634,359.463,0,0
824.5744,3.6538275381688328,344.681,359.248,0,0
824.674396,2.8296304833977572,344.604,359.25,0,0
824.77439,3.6129289969555916,344.81,359.493,0,0
824.8743880000001,2.0090013591187987,344.606,359.397,0,0
824.974385,2.675103803132426,344.702,359.458,0,0
825.074382,3.678929655209199,344.762,359.394,0,0
825.174372,4.119763965796078,344.803,359.393,0,0
825.2743710000001,2.1128260069060727,344.631,359.426,0,0
825.374368,2.605840170691561,344.684,359.438,0,0
825.4743599999999,2.9101369511263093,344.686,359.389,0,0
825.574358,0.12137945446857636,344.433,359.409,0,0
825.674354,0.9530045515254811,344.524,359.432,0,0
825.7743469999999,1.4589093374568083,344.538,359.37,0,0
825.874345,3.7583320253633077,344.739,359.34,0,0
825.974341,2.87596984670561,344.669,359.365,0,0
826.074338,3.621159055268764,344.754,359.392,0,0
826.174334,3.610234401277088,344.855,359.58,0,0
826.2743320000001,1.4805587208061644,344.629,359.535,0,0
826.374325,2.3243817540067506,344.688,359.497,0,0
826.474324,2.2909552154545856,344.726,359.573,0,0
826.574318,4.210854314268924,344.871,359.506,0,0
826.674311,3.6650573886557134,344.785,359.443,0,0
826.774312,4.1661350330069515,344.798,359.38,0,0
826.874304,6.355234396535009,344.944,359.268,0,0
826.974303,4.746631074230138,344.92,359.504,0,0
827.074296,5.915990330504505,344.95,359.356,0,0
827.174296,4.611590243757388,344.789,359.287,0,0
827.274287,2.904201320833648,344.61,359.255,0,0
827.374287,3.6797286317739357,344.712,359.308,0,0
827.4742809999999,1.7704503848700233,344.64,359.508,0,0
827.5742730000001,2.6841927087770494,344.623,359.318,0,0
827.674268,3.0054498529178026,344.744,359.485,0,0
827.774267,3.1782204341426334,344.814,359.584,0,0
827.874265,2.949896362731082,344.739,359.486,0,0
827.9742610000001,1.7068326041443629,344.68,359.594,0,0
828.074258,2.96585318548228,344.7,359.412,0,0
828.174251,2.9360524220016484,344.859,359.71,0,0
828.27425,2.876238311258573,344.782,359.579,0,0
828.3742460000001,3.0885900888008533,344.759,359.5,0,0
828.474236,3.3494199276947834,344.802,359.534,0,0
828.574236,2.5737334818692252,344.716,359.511,0,0
828.674232,2.472757834198018,344.665,359.435,0,0
828.774227,2.8901161812891054,344.769,359.554,0,0
828.874219,2.9210672553687482,344.787,359.582,0,0
828.974215,2.1938913471979795,344.692,359.534,0,0
829.074218,0.5274151574824647,344.531,359.528,0,0
829.174211,0.6744583349139774,344.554,359.545,0,0
829.274206,2.6005592535828357,344.711,359.499,0,0
829.374199,2.585337572482834,344.648,359.386,0,0
829.4742,2.3703263690105767,344.621,359.374,0,0
829.5741949999999,3.703812109549626,344.685,359.26,0,0
829.6741890000001,3.42277791984433,344.761,359.449,0,0
829.774182,2.2850584909339506,344.575,359.305,0,0
829.8741779999999,3.090458395969629,344.707,359.408,0,0
829.974177,2.3589098696281923,344.623,359.381,0,0
830.074173,1.3126268480616639,344.575,359.475,0,0
830.174167,3.1378425523177578,344.648,359.292,0,0
830.2741629999999,1.6810052427524613,344.534,359.336,0,0
830.374161,4.512832328380518,344.781,359.298,0,0
830.474159,2.4095766186908705,344.595,359.322,0,0
830.5741509999999,3.1499384693695323,344.679,359.348,0,0
830.6741450000001,0.5682763657835165,344.507,359.481,0,0
830.774147,0.37668709453708593,344.542,359.579,0,0
830.874139,-0.37735264866030666,344.37,359.394,0,0
830.974135,1.9790553415965684,344.634,359.47,0,0
831.07413,2.6796735927423785,344.655,359.387,0,0
831.174126,2.1589329283078977,344.573,359.327,0,0
831.274126,2.134727923082589,344.551,359.291,0,0
831.3741210000001,1.8987516816649317,344.628,359.474,0,0
831.4741160000001,2.882359284099221,344.66,359.362,0,0
831.574109,2.801114727024268,344.7,359.45,0,0
831.674104,2.031381106541702,344.67,359.529,0,0
831.7740990000001,0.9688304233972886,344.496,359.394,0,0
831.874097,2.004585376656406,344.615,359.433,0,0
831.9740919999999,1.3405858361434695,344.62,359.558,0,0
832.074093,2.5531523363089876,344.678,359.454,0,0
832.174093,3.352653485944255,344.629,359.225,0,0
832.27409,1.0164992617791566,344.49,359.376,0,0
832.374082,1.1522644288079338,344.544,359.452,0,0
832.4740840000001,1.2899021792443373,344.521,359.386,0,0
832.574079,0.39233307035973924,344.53,359.559,0,0
832.674076,-0.1539508404642002,344.507,359.612,0,0
832.774072,2.2793250858669674,344.575,359.314,0,0
832.874073,0.07881012398740019,344.426,359.423,0,0
832.974067,1.5393629511987947,344.633,359.55,0,0
833.074068,-0.9721524149564736,344.391,359.542,0,0
833.1740629999999,-2.0333501386061483,344.278,359.519,0,0
833.274065,0.40007746898800395,344.527,359.554,0,0
833.374057,-0.1581555790903145,344.492,359.587,0,0
833.47406,1.6645276043659798,344.574,359.421,0,0
833.574052,0.41781627986034736,344.444,359.399,0,0
833.6740550000001,-0.7018061554171533,344.407,359.526,0,0
833.774046,0.15074053534587398,344.494,359.538,0,0
833.874046,0.13967516952395098,344.389,359.347,0,0
833.974047,1.111041631802191,344.553,359.48,0,0
834.074039,0.3831621753135261,344.49,359.491,0,0
834.174039,-0.06379508338492647,344.434,359.466,0,0
834.2740379999999,0.3381940615563524,344.461,359.446,0,0
834.374035,0.5944240801732836,344.509,359.49,0,0
834.474031,1.1359488201869217,344.553,359.477,0,0
834.574027,0.21588864184667933,344.474,359.492,0,0
834.6740259999999,3.6380796511822866,344.704,359.32,0,0
834.774025,0.052739532183872354,344.486,359.543,0,0
834.874021,2.355614865840961,344.677,359.494,0,0
834.97402,0.7498472503822744,344.475,359.402,0,0
835.074013,-0.7003336443987237,344.385,359.489,0,0
835.174012,2.3834737136742414,344.583,359.317,0,0
835.27401,-0.2733894377761515,344.474,359.579,0,0
835.37401,2.9456025472902514,344.65,359.343,0,0
835.474007,2.2271179489751933,344.658,359.483,0,0
835.5740030000001,0.0781008196725843,344.503,359.572,0,0
835.674002,-0.24957140884267243,344.511,359.644,0,0
835.773995,1.97880625142266,344.733,359.665,0,0
835.873993,2.050951410774495,344.65,359.5,0,0
835.973995,4.225320297188235,344.837,359.466,0,0
836.073992,3.6245621204789296,344.792,359.488,0,0
836.173987,3.103356103078977,344.723,359.452,0,0
836.273986,0.12220138176134206,344.423,359.419,0,0
836.3739860000001,3.9271088869993926,344.768,359.392,0,0
836.473982,1.8762494488190662,344.625,359.486,0,0
836.573981,2.086068663687166,344.611,359.424,0,0
836.6739749999999,1.8563159428257836,344.65,359.536,0,0
836.77397,3.544030935095736,344.785,359.491,0,0
836.873972,3.478448076012392,344.758,359.453,0,0
836.97397,6.834616240132293,345.091,359.482,0,0
837.0739649999999,6.89226881851058,345.03,359.36,0,0
837.1739590000001,6.702292204097037,345.057,359.443,0,0
837.273956,5.348699665912623,344.887,359.366,0,0
837.373958,1.8943772589889025,344.714,359.649,0,0
837.473954,4.961668047526843,344.83,359.329,0,0
837.5739520000001,2.0246404675065133,344.557,359.338,0,0
837.673949,3.6851887384072453,344.784,359.467,0,0
837.7739449999999,4.181460774284663,344.746,359.311,0,0
837.8739429999999,2.5517301806189256,344.67,359.455,0,0
837.973939,5.5863126297424825,344.934,359.413,0,0
838.073937,3.4049010590847475,344.733,359.423,0,0
838.173934,3.190809904154836,344.705,359.409,0,0
838.273935,3.3109679217749965,344.701,359.381,0,0
838.3739300000001,3.886240218629941,344.852,359.559,0,0
838.473929,5.329627225762381,344.884,359.367,0,0
838.573926,8.687191629870844,345.178,359.324,0,0
838.6739220000001,11.946132946940061,345.473,359.3,0,0
838.773923,12.687663989819658,345.512,359.243,0,0
838.873916,13.53813273650244,345.62,359.294,0,0
838.973915,15.864906355424344,345.835,359.285,0,0
839.073917,15.251279278686278,345.779,359.289,0,0
839.1739080000001,14.433284067959258,345.714,359.312,0,0
839.273905,11.804561852021916,345.387,359.168,0,0
839.373903,9.98432809685602,345.137,359.025,0,0
839.473902,9.534578533703517,345.159,359.144,0,0
839.5738980000001,8.365298246765665,345.126,359.287,0,0
839.673898,7.725521716529649,344.936,359.049,0,0
839.773899,9.434569900663659,345.179,359.199,0,0
839.8738950000001,9.802281364395732,345.262,359.288,0,0
839.973891,10.362952845566909,345.154,358.992,0,0
840.073886,9.213685070661061,345.093,359.08,0,0
840.1738819999999,6.798725597112514,344.846,359.046,0,0
840.2738810000001,6.089441077239354,344.844,359.166,0,0
840.373874,5.250773180015178,344.739,359.119,0,0
840.47387,5.064736407108783,344.693,359.067,0,0
840.573869,5.0908389060183445,344.76,359.186,0,0
840.673868,2.6609647935987373,344.448,359.035,0,0
840.773859,2.3445381497612914,344.5,359.186,0,0
840.873858,0.9536915304774791,344.358,359.167,0,0
840.973855,2.6561265455995047,344.477,359.09,0,0
841.07385,3.322694531046239,344.56,359.127,0,0
841.173846,2.40281857214851,344.587,359.337,0,0
841.2738429999999,1.5903326618498794,344.541,359.394,0,0
841.373843,1.6691019923232604,344.557,359.41,0,0
841.473835,1.8867357763551615,344.547,359.354,0,0
841.5738349999999,1.3368154396451681,344.428,359.231,0,0
841.6738270000001,1.9879708495120423,344.534,359.313,0,0
841.773828,1.671382000160756,344.43,359.177,0,0
841.873826,-0.003395565440860539,344.328,359.281,0,0
841.973822,0.545954729980336,344.351,359.228,0,0
842.073816,0.07622512906377849,344.326,359.264,0,0
842.173812,0.00533889260984244,344.336,359.295,0,0
842.273809,-0.9646062152610754,344.255,359.315,0,0
842.373804,0.785202960160572,344.335,359.158,0,0
842.473803,-1.2022417369541305,344.273,359.39,0,0
842.573797,-0.2646226055940427,344.33,359.332,0,0
842.673794,-1.093679110228726,344.327,359.471,0,0
842.7737900000001,1.3522064156294613,344.475,359.318,0,0
842.87379,0.557200451268554,344.41,359.337,0,0
842.973784,0.01067867643584342,344.406,359.425,0,0
843.0737809999999,2.4664568394579414,344.537,359.239,0,0
843.173776,0.426399407410748,344.401,359.344,0,0
843.273776,-0.055062636669608554,344.395,359.417,0,0
843.373774,1.6292216031849696,344.49,359.299,0,0
843.473769,-0.5044151620211285,344.387,359.481,0,0
843.573766,0.11300374539894997,344.361,359.326,0,0
843.673765,-1.7362473889283006,344.23,359.407,0,0
843.773758,-0.8618262270140448,344.237,359.268,0,0
843.873754,0.1753360628045498,344.292,359.189,0,0
843.973751,-0.7279799146933522,344.301,359.363,0,0
844.0737439999999,-0.5267001723756812,344.365,359.446,0,0
844.1737449999999,-0.4823816918987511,344.306,359.33,0,0
844.273743,-0.5397168570076265,344.345,359.412,0,0
844.373738,-0.5848540696057584,344.352,359.433,0,0
844.473734,0.23831823092287818,344.321,359.233,0,0
844.573727,-0.28640506684869665,344.412,359.492,0,0
844.67373,-1.1544582521314817,344.214,359.279,0,0
844.7737219999999,0.20542620331063208,344.368,359.326,0,0
844.8737179999999,1.0152856937367827,344.289,359.04,0,0
844.973718,-0.9919116332828276,344.186,359.2,0,0
845.0737120000001,-0.8051243865137767,344.272,359.326,0,0
845.1737099999999,-0.01554791548676455,344.315,359.268,0,0
845.2737060000001,1.3227114303709702,344.505,359.385,0,0
845.373704,1.5056672066890406,344.414,359.186,0,0
845.473697,0.9147911264403079,344.377,359.221,0,0
845.5736929999999,0.4386326083545592,344.334,359.225,0,0
845.673695,0.7047665361636308,344.34,359.19,0,0
845.773688,0.12396711156732121,344.392,359.387,0,0
845.873687,1.2684763204423777,344.474,359.339,0,0
845.973679,0.6019877704479282,344.388,359.297,0,0
846.073678,3.1756873767800413,344.547,359.142,0,0
846.173675,0.973105534511823,344.394,359.244,0,0
846.273674,2.163127284762697,344.489,359.212,0,0
846.373668,0.23017866375414034,344.399,359.383,0,0
846.473663,1.873777754217463,344.482,359.25,0,0
846.573661,0.18449704974356254,344.427,359.443,0,0
846.6736589999999,1.064460024275248,344.378,359.2,0,0
846.7736550000001,1.528965727009052,344.437,359.228,0,0
846.8736530000001,0.9707116321520836,344.452,359.353,0,0
846.973645,4.211058602863749,344.686,359.22,0,0
847.073647,5.221281680152124,344.839,359.326,0,0
847.173638,5.511064738244349,344.913,359.412,0,0
847.273637,7.0411045282137765,344.982,359.273,0,0
847.373636,7.53138087897113,344.988,359.199,0,0
847.4736330000001,6.353626224961362,344.883,359.211,0,0
847.573624,6.334248883546776,344.862,359.176,0,0
847.6736239999999,9.645153959695861,345.138,359.108,0,0
847.773617,12.195345133819647,345.435,359.211,0,0
847.873615,13.828088494238049,345.636,359.297,0,0
847.97361,14.747070005413335,345.732,359.314,0,0
848.0736119999999,15.659622508616753,345.81,359.299,0,0
848.1736040000001,19.83074109800259,346.163,359.223,0,0
848.2736,23.4742717553977,346.496,359.202,0,0
848.373601,20.14394297327544,346.132,359.112,0,0
848.4735969999999,16.70413518442526,345.887,359.26,0,0
848.573593,13.86458388029797,345.608,359.241,0,0
848.673593,14.056934644938089,345.588,359.171,0,0
848.773589,12.947941279585066,345.427,359.068,0,0
848.873587,11.214100639970109,345.283,359.105,0,0
848.9735820000001,9.513563670365885,345.209,359.265,0,0
849.07358,9.465894104826775,345.225,359.303,0,0
849.173571,8.063585775950605,345.008,359.148,0,0
849.27357,11.608742396392103,345.298,359.065,0,0
849.373564,11.548160467930787,345.403,359.269,0,0
849.473562,9.189970407979175,345.188,359.284,0,0
849.573561,8.648557714831636,345.066,359.154,0,0
849.6735600000001,7.2733297930575835,344.957,359.193,0,0
849.773557,7.0059013688681775,344.937,359.203,0,0
849.873547,5.529030534057409,344.901,359.394,0,0
849.9735479999999,6.1974931661089,344.857,359.197,0,0
850.073544,5.9723735209479285,344.816,359.161,0,0
850.173543,3.478804070865601,344.542,359.091,0,0
850.273541,4.51683269322769,344.721,359.24,0,0
850.373534,3.462313712218992,344.582,359.168,1,0
850.473529,4.3597350900856995,344.564,358.979,0,0
850.573527,1.0688686880593652,344.382,359.217,0,0
850.673527,3.895631210685732,344.647,359.213,0,0
850.7735180000001,3.291691535173813,344.518,359.081,0,0
850.873515,3.1885736923617776,344.638,359.32,0,0
850.973514,3.5294544890891766,344.569,359.134,0,0
851.0735139999999,2.804065337645,344.597,359.312,0,0
851.173504,4.71725465802629,344.843,359.432,0,0
851.273506,8.295303852206324,345.091,359.266,0,0
851.3735039999999,4.399678417236732,344.723,359.267,0,0
851.4735,4.564635249734991,344.789,359.36,0,0
851.573493,4.8535743592668465,344.689,359.126,0,0
851.67349,5.401052822109449,344.789,359.215,0,0
851.773488,5.375019464874721,344.744,359.137,0,0
851.873483,3.9972805950451935,344.594,359.101,0,0
851.973479,5.392125241858553,344.71,359.072,0,0
852.073475,4.654559743035714,344.72,359.219,0,0
852.1734749999999,5.448715032312638,344.808,359.243,0,0
852.273473,2.5040901977232037,344.562,359.303,0,0
852.37347,2.2642616985833754,344.512,359.253,0,0
852.4734649999999,2.6165937662247605,344.543,359.249,0,0
852.5734640000001,4.8930283826589696,344.744,359.223,0,0
852.67346,1.9318545255079507,344.491,359.273,0,0
852.773452,1.8311178472943548,344.421,359.162,0,0
852.8734529999999,1.833994038749092,344.507,359.32,0,0
852.9734470000001,3.877584181641488,344.63,359.191,0,0
853.073448,4.045539298766113,344.674,359.243,0,0
853.173444,2.8723958095379456,344.539,359.199,0,0
853.273441,5.291364172200178,344.735,359.139,0,0
853.3734370000001,3.650399671485352,344.59,359.158,0,0
853.473431,2.3775074477497875,344.401,359.032,0,0
853.5734259999999,1.8383138568176787,344.464,359.242,0,0
853.673426,4.0915647701119005,344.584,359.071,0,0
853.773421,2.643246481410741,344.442,359.062,0,0
853.87342,3.6284137671911183,344.591,359.165,0,0
853.9734179999999,0.9256169316403253,344.382,359.251,0,0
854.073411,1.901638310023192,344.416,359.144,0,0
854.1734080000001,10.567597291740288,345.212,359.101,0,0
854.273407,11.828188369851857,345.324,359.088,0,0
854.3734039999999,12.329461834949928,345.418,359.174,0,0
854.4734,10.487116724615804,345.267,359.217,0,0
854.573393,7.338156480393048,344.937,359.158,0,0
854.67339,9.075075803186865,345.056,359.075,0,0
854.7733880000001,7.739819204761345,345.016,359.234,0,0
854.873384,6.3857730695859445,344.834,359.135,0,0
854.973385,5.755836024956162,344.752,359.094,0,0
855.0733769999999,5.620334725367788,344.801,359.208,0,0
855.173373,6.4416245302367265,344.872,359.196,0,0
855.273373,7.770479079804719,345.016,359.23,0,0
855.373366,8.460740431745782,345.067,359.204,0,0
855.473365,8.990338899330666,345.049,359.079,0,0
855.573363,6.6251899021039975,344.979,359.362,0,0
855.673359,8.079130763307484,345.062,359.262,0,0
855.7733569999999,7.167373309994412,344.924,359.167,0,0
855.8733560000001,7.261783429000211,344.923,359.149,0,0
855.97335,6.176656287458378,344.861,359.224,0,0
856.073343,5.015451253688015,344.763,359.246,0,0
856.173343,3.300465630525004,344.611,359.265,0,0
856.2733390000001,4.129137093691064,344.624,359.145,0,0
856.3733370000001,2.9247142153633066,344.523,359.169,0,0
856.473333,3.1020967539119906,344.563,359.212,0,0
856.5733240000001,2.0305313774625713,344.505,359.292,0,0
856.67332,3.5100264168945383,344.504,359.033,0,0
856.773321,0.8508915951853068,344.335,359.185,0,0
856.873314,0.6361412893794517,344.239,359.046,0,0
856.973308,3.288874349595298,344.512,359.087,0,0
857.073306,0.03735162640584568,344.256,359.182,0,0
857.173302,2.402289768690479,344.467,359.159,0,0
857.273299,2.7391880974234195,344.571,359.292,0,0
857.373297,2.3626276451236827,344.401,359.045,0,0
857.473289,2.9417759179310274,344.629,359.364,0,0
857.573285,2.7164404190211404,344.557,359.271,0,0
857.67328,2.2280848114346874,344.546,359.336,0,0
857.773282,2.3409274214623648,344.45,359.14,0,0
857.873278,1.3884307848794912,344.425,359.26,0,0
857.973269,-0.07624136435632571,344.357,359.39,0,0
858.073265,0.506641070186699,344.456,359.471,0,0
858.173265,7.728798375380333,344.941,359.107,0,0
858.2732589999999,7.876773786756329,344.938,359.076,0,0
858.373257,6.548228014141384,344.797,359.048,0,0
858.47325,3.648131283231045,344.715,359.402,0,0
858.5732489999999,4.343501647686304,344.648,359.158,0,0
858.673247,4.719970558434742,344.684,359.159,0,0
858.77324,3.7550919393460642,344.585,359.145,0,0
858.873234,2.9099637677160213,344.537,359.204,0,0
858.973234,3.8993201667225645,344.569,359.091,0,0
859.0732310000001,5.383826732719622,344.675,359.028,0,0
859.173223,4.1343244688579555,344.623,359.15,0,0
859.273218,6.191693432894993,344.781,359.083,0,0
859.3732190000001,6.301256730043476,344.826,359.147,0,0
859.473211,1.841222645356843,344.528,359.375,0,0
859.57321,4.077243182800335,344.623,359.161,0,0
859.6732049999999,4.532809747942503,344.623,359.082,0,0
859.7732040000001,4.399159799298714,344.645,359.146,0,0
859.8731949999999,3.8997969027019557,344.571,359.097,0,0
859.9731929999999,4.649566002297554,344.701,359.206,0,0
860.073191,3.0734344833368534,344.548,359.199,0,0
860.173189,3.730847250864727,344.541,359.072,0,0
860.273182,1.5852626747969836,344.426,359.234,0,0
860.3731750000001,3.0490641053193492,344.567,359.239,0,0
860.473171,1.503974183802908,344.399,359.199,0,0
860.573171,0.9477993457615422,344.393,359.285,0,0
860.673164,1.6109268817866143,344.461,359.295,0,0
860.773163,-0.044042407960444056,344.275,359.241,0,0
860.873159,-1.803620157804821,344.109,359.242,0,0
860.973157,0.3703173363576137,344.234,359.094,0,0
861.073149,-0.5046941257066003,344.181,359.149,0,0
861.173144,-1.9790095710491664,344.086,359.231,0,0
861.273145,-0.25222026703222483,344.241,359.216,0,0
861.3731409999999,-1.0995778252432002,344.033,358.981,0,0
861.473137,0.3881110882481275,344.223,359.072,0,0
861.573128,0.7091426178134944,344.338,359.228,0,0
861.6731289999999,0.7465463433451809,344.324,359.196,0,0
861.773125,1.4979607378213768,344.371,359.152,0,0
861.873122,-0.46070302128189183,344.209,359.195,0,0
861.973119,1.0143874591708246,344.294,359.095,0,0
862.07311,0.6212026457371015,344.292,359.16,0,0
862.1731060000001,-0.41106221384067604,344.26,359.281,0,0
862.273102,2.1870238815042944,344.38,359.05,0,0
862.373101,0.41248837308992087,344.249,359.118,0,0
862.473099,0.09727565766540765,344.156,359.002,0,0
862.573092,2.135714821235181,344.497,359.275,0,0
862.67309,0.08464073422130476,344.323,359.312,0,0
862.7730779999999,0.8737639337661707,344.354,359.232,0,0
862.873083,1.724028956195343,344.406,359.18,0,0
862.973078,1.511736276767317,344.476,359.346,0,0
863.073076,1.0820334114783114,344.395,359.272,0,0
863.173066,0.5165180238099787,344.193,358.999,0,0
863.273066,-0.0980597292256918,344.213,359.143,0,0
863.373059,2.6526259866945234,344.442,359.086,0,0
863.473055,1.4693527853105839,344.343,359.11,0,0
863.5730570000001,2.5048824751347514,344.456,359.138,0,0
863.673046,1.8863973405948284,344.474,359.279,0,0
863.773044,-0.31776320088259047,344.254,359.258,0,0
863.873045,-0.053229594376209236,344.243,359.192,0,0
863.973037,0.7522047164434829,344.3,359.157,0,0
864.07304,1.4203440610249234,344.475,359.363,0,0
864.173034,0.23275232626913878,344.262,359.178,0,0
864.2730359999999,0.5501259940928348,344.331,359.25,0,0
864.373029,-0.13866801262960377,344.263,359.245,0,0
864.473031,-0.8456235812636574,344.196,359.245,0,0
864.573024,-0.9043424947312296,344.249,359.353,0,0
864.6730239999999,0.1836592293014507,344.23,359.129,0,0
864.773021,0.4265352340179041,344.33,359.271,0,0
864.873018,-0.0868217319350828,344.19,359.103,0,0
864.973018,0.7349129165452333,344.298,359.159,0,0
865.0730209999999,-0.20907562545289185,344.27,359.272,0,0
865.173012,-0.8457222662755309,344.289,359.418,0,0
865.273015,2.306361464127036,344.494,359.247,0,0
865.3730089999999,-0.33068195040914694,344.276,359.305,0,0
865.473012,1.7218822021611722,344.383,359.145,0,0
865.5730060000001,1.44527696027703,344.323,359.083,0,0
865.673007,0.516246425760851,344.26,359.129,0,0
865.773003,0.5570707667650814,344.311,359.216,0,0
865.8730039999999,1.2293989238054002,344.369,359.206,0,0
865.973,-0.4180366790141384,344.306,359.377,0,0
866.072998,2.5252956250104996,344.538,359.292,0,0
866.172996,3.3243011668112317,344.577,359.225,0,0
866.2729899999999,4.853173720463646,344.691,359.169,0,0
866.3729910000001,2.7260114100293698,344.506,359.199,0,0
866.472989,3.169142682408649,344.557,359.216,0,0
866.572988,1.9658573842669582,344.486,359.295,0,0
866.6729869999999,0.19154967190216443,344.361,359.374,0,0
866.7729810000001,1.3880564236698008,344.349,359.144,0,0
866.87298,-1.1959086223566178,344.192,359.305,0,0
866.972981,1.5936445624135163,344.385,359.175,0,0
867.072978,1.4574519160448296,344.441,359.302,0,0
867.1729740000001,-2.2802905818164914,344.195,359.5,0,0
867.272973,-0.24425366245142396,344.245,359.238,0,0
867.372975,0.8096763033487394,344.338,359.226,0,0
867.4729669999999,-0.10696130795759833,344.324,359.36,0,0
867.572965,-0.6780392568928685,344.228,359.283,0,0
867.6729640000001,-0.27512768568586343,344.254,359.261,0,0
867.772964,0.11970965636811651,344.345,359.36,0,0
867.872961,2.1193907499938147,344.472,359.246,0,0
867.972961,-0.0017860264549430084,344.268,359.24,0,0
868.072956,-1.3637101703716523,344.232,359.411,0,0
868.172956,1.3780360619465222,344.402,359.247,0,0
868.2729549999999,-0.6732862649863488,344.272,359.365,0,0
868.372952,1.1004341730341438,344.351,359.202,0,0
868.472951,0.5994164430133933,344.385,359.352,0,0
868.572947,-1.5449657570964428,344.15,359.293,0,0
868.672948,0.7478031202506431,344.327,359.22,0,0
868.7729420000001,-0.47568933330255003,344.203,359.205,0,0
868.872944,-0.6624271040957623,344.189,359.212,0,0
868.972942,0.02209938919582127,344.215,359.141,0,0
869.072938,-0.2777649014584398,344.249,359.256,0,0
869.172937,-1.5886022987407569,344.095,359.201,0,0
869.2729370000001,0.1547369654700966,344.257,359.196,0,0
869.372928,-0.9611813957417317,344.166,359.223,0,0
869.472929,0.4467939640477835,344.224,359.085,0,0
869.572929,1.173358783165498,344.323,359.141,0,0
869.6729250000001,-0.2221177723817801,344.261,359.27,0,0
869.772924,1.1384726486343226,344.383,359.258,0,0
869.872924,-0.22986949047813593,344.304,359.351,0,0
869.972922,-0.6055734083212273,344.283,359.378,0,0
870.072918,-0.10699331689960245,344.23,359.194,0,0
870.172913,-3.460590338879394,343.985,359.327,0,0
870.272915,0.3415924038134283,344.258,359.168,0,0
870.372912,-2.6862842972759067,344.09,359.386,0,0
870.472907,-0.656935886903187,344.191,359.219,0,0
870.572906,0.3861602185738648,344.352,359.334,0,0
870.672904,1.5594404655469576,344.359,359.143,0,0
870.7729039999999,0.03936481571979803,344.295,359.29,0,0
870.8729030000001,-1.9073271125674123,344.095,359.261,0,0
870.972901,1.4759673769729575,344.436,359.3,0,0
871.072895,2.3030169932539315,344.482,359.241,0,0
871.172892,2.6406420750147315,344.504,359.223,0,0
871.27289,1.7824298947609085,344.414,359.207,0,0
871.372891,2.1834803701764476,344.492,359.281,0,0
871.472888,1.2774827451751254,344.329,359.139,0,0
871.572888,0.41395635283133575,344.301,359.238,0,0
871.6728850000001,1.5800500076656077,344.447,359.304,0,0
871.7728810000001,1.212885963625504,344.348,359.186,0,0
871.872878,0.791442476013615,344.308,359.186,0,0
871.972875,-1.194105434952824,344.119,359.184,0,0
872.072877,-1.5532599823395268,344.105,359.221,0,0
872.172874,0.11514902660790592,344.236,359.172,0,0
872.272865,-0.1897694519632379,344.263,359.275,0,0
872.372865,0.39223801371721595,344.263,359.174,0,0
872.472862,2.731883622827679,344.489,359.183,0,0
872.572856,-0.8053758475966397,344.2,359.267,0,0
872.6728519999999,0.6703545745168555,344.403,359.384,0,0
872.77285,-1.3381605386750381,344.164,359.294,0,0
872.872847,3.5763895143720044,344.596,359.234,0,0
872.972839,0.07729347520771243,344.303,359.304,0,0
873.072841,0.4261644533515053,344.369,359.365,0,0
873.1728340000001,2.8550708644063096,344.448,359.088,0,0
873.272833,1.1556621831691576,344.429,359.349,0,0
873.372828,7.338436673483269,345.038,359.394,0,0
873.472825,9.648913266788536,345.202,359.294,0,0
873.5728220000001,8.345890957687702,345.052,359.245,0,0
873.672816,9.933135256647654,345.215,359.269,0,0
873.7728129999999,10.612575401951466,345.309,359.324,0,0
873.872809,14.117287455765974,345.568,359.191,0,0
873.9728050000001,10.749198414130076,345.345,359.367,0,0
874.072805,9.127815888215032,345.11,359.217,0,0
874.172798,5.952383839486823,344.865,359.319,0,0
874.272798,5.201269954089189,344.846,359.415,0,0
874.372792,5.380775950739321,344.765,359.235,0,0
874.472785,5.131749977882573,344.725,359.205,0,0
874.572782,2.0338029606090715,344.452,359.242,0,0
874.672778,5.384703407669693,344.747,359.202,0,0
874.77278,3.315025461441713,344.537,359.176,0,0
874.8727719999999,2.854964331844506,344.489,359.168,0,0
874.972769,1.544766328605431,344.453,359.33,0,0
875.072769,2.6198895564650937,344.448,359.134,0,0
875.172762,3.4416579026686285,344.481,359.052,0,0
875.2727610000001,2.038389293119109,344.365,359.083,0,0
875.372758,2.6957498866524565,344.483,359.186,0,0
875.472755,4.189685703799327,344.585,359.114,0,0
875.5727469999999,3.173289661114089,344.542,359.212,0,0
875.672747,3.469764759117873,344.565,359.203,0,0
875.772744,1.971780376475378,344.452,359.256,0,0
875.87274,2.1538193046718574,344.362,359.059,0,0
875.9727330000001,0.8176343449667366,344.348,359.266,0,0
876.072733,1.9320467808148727,344.394,359.157,0,0
876.172724,2.375861153847944,344.463,359.207,0,0
876.272723,0.993990597776274,344.305,359.157,0,0
876.372717,1.8309119519842825,344.384,359.157,0,0
876.472716,1.6379733763419932,344.358,359.143,0,0
876.572716,2.4912382140541935,344.388,359.05,0,0
876.672708,0.9295147658625733,344.413,359.368,0,0
876.7727070000001,0.7276468817955061,344.303,359.201,0,0
876.872702,-0.3004382460268619,344.179,359.152,0,0
876.972696,1.3017969556548326,344.232,358.971,0,0
877.0726920000001,3.9400616059699116,344.477,358.963,0,0
877.172694,0.2901310683008498,344.248,359.177,0,0
877.2726899999999,1.1337306373813845,344.301,359.128,0,0
877.372682,1.0173137494485218,344.348,359.235,0,0
877.472679,2.6611543342792414,344.412,359.067,0,0
877.5726729999999,0.6967129143165152,344.325,359.249,0,0
877.672676,2.0492519059466234,344.462,359.266,0,0
877.7726729999999,0.3878773164593767,344.208,359.088,0,0
877.872664,-0.5188986869948724,344.252,359.327,0,0
877.972666,-0.14032752495657738,344.217,359.197,0,0
878.072657,-0.28222269727353244,344.173,359.141,0,0
878.1726580000001,-0.2806748042826272,344.148,359.095,0,0
878.272648,1.7095912673774567,344.254,358.944,0,0
878.37265,0.19847855943280399,344.199,359.106,0,0
878.4726430000001,2.6705604490020964,344.381,359.011,0,0
878.57264,-0.6425773448264595,344.142,359.148,0,0
878.672638,0.7871977125972852,344.295,359.181,0,0
878.772636,-1.0946282938349943,344.012,358.988,0,0
878.87263,-0.7386671967977924,344.164,359.206,0,0
878.972623,2.1991468919849058,344.402,359.133,0,0
879.072625,0.5326855930725897,344.216,359.081,0,0
879.172623,-1.3926937495205924,344.174,359.339,0,0
879.272617,1.6764410148176236,344.288,359.015,0,0
879.372611,2.1683119433901723,344.336,359.018,0,0
879.4726049999999,0.0886770921512112,344.293,359.301,0,0
879.5726080000001,2.911817182351608,344.437,359.075,0,0
879.672601,5.98295437691109,344.705,359.034,0,0
879.772601,7.526256602834118,344.947,359.211,0,0
879.8725919999999,6.909700241047652,344.763,358.98,0,0
879.9725940000001,8.223102105282235,345.03,359.243,0,0
880.07259,6.24769692794157,344.78,359.127,0,0
880.1725849999999,3.6219227995132512,344.556,359.172,0,0
880.272588,3.626642355164968,344.64,359.326,0,0
880.372586,0.3820604219062785,344.289,359.245,0,0
880.472584,3.0166889378617556,344.438,359.061,0,0
880.572579,2.4885818453640667,344.389,359.063,0,0
880.672582,1.0744907225940783,344.316,359.175,0,0
880.7725770000001,4.5332475314002725,344.525,358.958,0,0
880.8725770000001,0.3261274357226515,344.152,359.004,0,0
880.972574,-0.17650118333471884,344.194,359.169,0,0
881.072574,0.949417334616073,344.215,359.012,0,0
881.1725720000001,4.905586580765445,344.583,359.001,0,0
881.272569,2.0979682513019746,344.363,359.085,0,0
881.372568,0.5438869561481586,344.261,359.168,0,0
881.472566,1.6686257771416628,344.352,359.14,0,0
881.5725620000001,1.8883636057984867,344.271,358.953,0,0
881.672561,0.02323869099279582,344.176,359.103,0,0
881.772555,0.071446859302808,344.169,359.082,0,0
881.872557,0.47275868441425023,344.178,359.029,0,0
881.972553,0.4970363333410749,344.222,359.106,0,0
882.072554,0.3413096467972604,344.268,359.218,0,0
882.172548,-0.312727816084302,344.106,359.034,0,0
882.2725479999999,0.4954367372745178,344.235,359.131,0,0
882.372549,0.5061744048652687,344.225,359.111,0,0
882.472544,2.704932939010227,344.373,359.001,0,0
882.572544,-0.14660658968170193,344.182,359.146,0,0
882.67254,-0.6004321527117024,344.071,359.021,0,0
882.77254,-0.1263001455142623,344.207,359.189,0,0
882.8725350000001,-1.8008243713800336,344.061,359.212,0,0
882.972534,-1.5245771141692481,344.081,359.201,0,0
883.0725309999999,-1.2055773255954938,344.117,359.212,0,0
883.1725289999999,-0.7472691606253508,344.164,359.219,0,0
883.2725280000001,0.24434182961664383,344.306,359.308,0,0
883.372524,-0.8381732904482049,344.06,359.044,0,0
883.472528,0.2971080005612396,344.227,359.154,0,0
883.5725239999999,-2.108213958959989,344.032,359.214,0,0
883.67252,-0.1390958898665539,344.136,359.063,0,0
883.772521,-1.2704244696777975,344.068,359.135,0,0
883.872521,-0.8865921679168679,344.096,359.12,0,0
883.9725189999999,0.04018659577244606,344.246,359.235,0,0
884.0725150000001,0.8175695472310076,344.321,359.238,0,0
884.172515,0.649504439629471,344.193,359.032,0,0
884.272513,-0.27222837344683615,344.272,359.338,0,0
884.37251,-0.04150424179725993,344.304,359.357,0,0
884.4725030000001,0.06261816112834738,344.18,359.111,0,0
884.572507,-2.149840830876925,344.019,359.2,0,0
884.672501,1.1197014639197826,344.265,359.084,0,0
884.772502,-0.40012307725678675,344.157,359.15,0,0
884.8725019999999,0.5632282215180396,344.261,359.174,0,0
884.972499,1.5245230313066127,344.336,359.145,0,0
885.072498,-1.3187361648914937,344.136,359.272,0,0
885.1724939999999,1.819777823274859,344.362,359.142,0,0
885.272493,1.516907161248846,344.443,359.344,0,0
885.372487,1.6483372801801146,344.433,359.303,0,0
885.472489,1.9850663151341699,344.406,359.195,0,0
885.5724819999999,3.664019420464146,344.613,359.284,0,0
885.672483,4.7756842827127555,344.637,359.135,0,0
885.77248,2.6416302957243807,344.447,359.157,0,0
885.872479,0.9703103948321423,344.335,359.242,0,0
885.972476,-0.23433577625900007,344.228,359.255,0,0
886.072478,1.3506268834014656,344.356,359.215,0,0
886.172475,1.8224648629364382,344.482,359.365,0,0
886.272472,0.1576498338431579,344.213,359.16,0,0
886.372471,2.795169295265065,344.59,359.395,0,0
886.472466,3.3045212685746788,344.619,359.36,0,0
886.5724640000001,4.588354525691638,344.687,359.262,0,0
886.672466,2.6540687887905055,344.511,359.275,0,0
886.772466,8.030186239763335,345.066,359.361,0,0
886.8724579999999,9.039071918646938,345.133,359.309,0,0
886.97246,9.948674444378806,345.133,359.151,0,0
887.0724570000001,8.141055280990397,344.963,359.153,0,0
887.172453,8.097254492214354,345.081,359.378,0,0
887.272451,5.212660967430908,344.776,359.319,0,0
887.3724520000001,5.686588130717723,344.856,359.384,0,0
887.472449,5.347253637844627,344.733,359.217,0,0
887.5724449999999,4.871121851549807,344.64,359.129,0,0
887.6724449999999,3.4282848713127727,344.592,359.292,0,0
887.772445,2.297000244644173,344.424,359.18,0,0
887.872443,2.9387663351355466,344.459,359.133,0,0
887.972437,3.907378299177143,344.626,359.272,0,0
888.072434,4.727330488996722,344.611,359.102,0,0
888.172431,3.3634071226464743,344.421,358.99,0,0
888.2724300000001,5.781189666853674,344.712,359.105,0,0
888.372424,5.802264658771875,344.722,359.12,0,0
888.4724209999999,6.704962038952875,344.742,359.0,0,0
888.572412,4.050236620501397,344.487,358.993,0,0
888.672415,0.6272103817616098,344.255,359.162,0,0
888.772407,2.4498666848009956,344.412,359.134,0,0
888.8724050000001,1.0838870020418854,344.193,358.969,0,0
888.972399,-1.9336612063238612,344.07,359.268,0,0
889.072398,-0.9863711575439486,344.104,359.166,0,0
889.172395,1.2974174613969864,344.322,359.17,0,0
889.2723860000001,-0.49548153554190627,344.136,359.14,0,0
889.372384,-0.06476118502266336,344.188,359.161,0,0
889.472382,-0.542775836809575,344.197,359.261,0,0
889.5723760000001,0.0146110680607978,344.255,359.271,0,0
889.672354,1.5331398097209776,344.374,359.226,0,0
889.7723689999999,1.414917855351548,344.348,359.199,0,0
889.8723630000001,0.7909384569285496,344.322,359.26,0,0
889.972364,1.7269507016398709,344.387,359.217,0,0
890.072357,2.373533554888504,344.448,359.217,0,0
890.172351,2.184266377862174,344.443,359.241,0,0
890.272348,-1.4976019438375745,344.18,359.398,0,0
890.372346,3.393518283247204,344.575,359.274,0,0
890.472345,0.40109156277445934,344.306,359.3,0,0
890.572338,3.6568350452053107,344.567,359.214,0,0
890.672334,3.5997112554117026,344.662,359.399,0,0
890.772328,5.572737830850442,344.768,359.251,0,0
890.872326,3.32996344737375,344.54,359.222,0,0
890.972325,5.540629368504232,344.8,359.316,0,0
891.072318,3.109343303584536,344.577,359.329,0,0
891.1723129999999,7.956812731014458,344.907,359.093,0,0
891.272311,9.337375869579418,345.101,359.21,0,0
891.372311,8.796672261597614,344.947,359.021,0,0
891.472304,7.264391085495574,344.94,359.275,0,0
891.572299,6.796799689043354,344.769,359.042,0,0
891.672293,7.002458052016812,344.822,359.104,0,0
891.772295,6.18792184950972,344.747,359.108,0,0
891.8722859999999,6.8899101397020965,344.804,359.091,0,0
891.9722879999999,4.644581716975529,344.635,359.171,0,0
892.072284,4.184523575661216,344.587,359.163,0,0
892.172276,5.184664917563963,344.676,359.153,0,0
892.2722709999999,7.453961528699422,344.916,359.2,0,0
892.372267,6.817167655627521,344.754,359.013,0,0
892.472266,4.544953879863834,344.558,359.048,0,0
892.5722589999999,5.341430858734511,344.606,358.998,0,0
892.67226,4.463870018679033,344.612,359.162,0,0
892.772255,3.865445275710941,344.502,359.064,0,0
892.872251,3.232277385283708,344.461,359.099,0,0
892.972243,2.720245269362786,344.457,359.181,0,0
893.0722430000001,5.911860521358716,344.694,359.062,0,0
893.172241,6.459139088372855,344.738,359.048,0,0
893.272235,5.975854078582476,344.709,359.079,0,0
893.3722319999999,2.544808461097567,344.417,359.139,0,0
893.4722290000001,2.744481869168476,344.489,359.237,0,0
893.572223,3.184218839762412,344.425,359.043,0,0
893.6722199999999,2.5984036216073276,344.395,359.09,0,0
893.772217,3.6100398324559415,344.484,359.078,0,0
893.87221,2.4206019691286538,344.298,358.943,0,0
893.9722049999999,1.6713530050603445,344.227,358.943,0,0
894.0722020000001,2.341131313028505,344.344,359.042,0,0
894.1721970000001,0.5371609764921078,344.245,359.174,0,0
894.272198,1.8251410973309439,344.296,359.044,0,0
894.372191,0.89847451039868,344.093,358.832,0,0
894.472189,-0.09564351543577797,344.107,359.031,0,0
894.572182,1.155039048637387,344.286,359.143,0,0
894.672177,0.7432430765866501,344.273,359.191,0,0
894.7721750000001,0.7986187640235153,344.177,359.005,0,0
894.872173,0.7114283036227178,344.161,358.991,0,0
894.972167,-1.014169433673097,344.108,359.194,0,0
895.0721659999999,1.458402551318303,344.227,358.983,0,0
895.172163,1.5334986246939541,344.247,359.007,0,0
895.272154,-1.4421942311923346,344.091,359.238,0,0
895.372153,1.412412378889252,344.307,359.139,0,0
895.47215,2.7150800872838543,344.417,359.115,0,0
895.5721480000001,2.4230672107271842,344.38,359.098,0,0
895.67214,0.8062233752000344,344.29,359.214,0,0
895.772138,0.3919707001911185,344.111,358.957,0,0
895.872135,2.9819554046093306,344.371,358.985,0,0
895.97213,0.9904586706945682,344.126,358.881,0,0
896.07213,3.722511778994163,344.394,358.899,0,0
896.1721289999999,1.9036055691203568,344.28,359.006,0,0
896.272123,1.38769932889759,344.199,358.947,0,0
896.372122,1.7014306067983405,344.197,358.889,0,0
896.472116,-0.11931560134934042,344.085,359.0,0,0
896.5721169999999,-1.2720180525435132,344.009,359.061,0,0
896.67211,1.452004075421646,344.242,359.016,0,0
896.772111,0.15357501487296749,344.112,359.003,0,0
896.872108,1.7718217371163298,344.36,359.178,0,0
896.9721049999999,2.5234798325269727,344.388,359.099,0,0
897.072105,2.0445250741741448,344.448,359.293,0,0
897.172098,2.0398636408214204,344.436,359.272,0,0
897.272099,1.5989207605520064,344.311,359.119,0,0
897.3720910000001,1.3682661863396248,344.326,359.187,0,0
897.472089,0.7054538706776394,344.261,359.183,0,0
897.572088,0.5856529607658857,344.168,359.033,0,0
897.672082,3.278882647707253,344.372,358.94,0,0
897.7720860000001,2.580645422485641,344.358,359.036,0,0
897.872078,0.15992436466692275,344.161,359.095,0,0
897.972074,-0.021483463061623336,344.06,358.941,0,0
898.072077,0.5110438626749473,344.195,359.097,0,0
898.17207,-0.09683947830223841,344.164,359.146,0,0
898.27207,0.895748432812681,344.18,359.003,0,0
898.372069,0.09842277660317546,344.18,359.142,0,0
898.472066,2.7390291537966176,344.335,358.968,0,0
898.572059,1.3297684571464117,344.263,359.081,0,0
898.672058,0.6283600435667009,344.14,358.977,0,0
898.772055,1.1804669757150874,344.185,358.964,0,0
898.8720559999999,0.38173442867337226,344.249,359.221,0,0
898.972049,3.050622461989454,344.392,359.02,0,0
899.072048,1.3507962059695062,344.286,359.121,0,0
899.172046,2.797589466908575,344.433,359.14,0,0
899.2720400000001,2.2030408334206038,344.4,359.183,0,0
899.372039,2.1958364541232784,344.422,359.225,0,0
899.472034,2.996936445259878,344.415,359.073,0,0
899.572034,3.245165003990663,344.378,358.962,0,0
899.672031,4.732427145774666,344.506,358.939,0,0
899.772026,3.3033923315814584,344.443,359.072,0,0
899.872022,0.7982815007849324,344.294,359.234,0,0
899.972023,1.8290007421120176,344.381,359.215,0,0
900.0720230000001,1.4726218982623682,344.339,359.2,0,0
900.172015,3.513459112176666,344.465,359.077,0,0
900.272015,4.33200673256145,344.514,359.025,0,0
900.37201,3.718831231746,344.495,359.097,0,0
900.4720060000001,7.179161195928308,344.796,359.049,0,0
900.57201,8.669573303001911,345.083,359.318,0,0
900.672005,7.584972583952658,344.883,359.139,0,0
900.772003,7.274117192248438,344.829,359.094,0,0
900.8720010000001,5.962603404580984,344.657,359.006,0,0
900.971998,5.768944151632637,344.713,359.143,0,0
901.071995,4.747801300886004,344.494,358.918,0,0
901.1719919999999,3.3874523257096216,344.55,359.258,0,0
901.271985,3.159872378802001,344.368,358.963,0,0
901.371986,3.9940060191289275,344.525,359.107,0,0
901.471985,1.9622473656552972,344.355,359.148,0,0
901.5719760000001,1.130233159517475,344.299,359.19,0,0
901.67198,1.123516381769847,344.258,359.116,0,0
901.771973,2.559508335654194,344.398,359.124,0,0
901.8719719999999,1.8605575708910627,344.441,359.325,0,0
901.971967,1.6931777339353338,344.331,359.152,0,0
902.071964,4.182029612740476,344.551,359.124,0,0
902.171964,2.41694956156677,344.366,359.091,0,0
902.2719599999999,2.3550225107454628,344.41,359.183,0,0
902.3719590000001,2.7844141827642432,344.351,359.0,0,0
902.471956,2.3210787349139124,344.444,359.252,0,0
902.571953,2.4511485246629383,344.398,359.145,0,0
902.671947,0.5678658615249966,344.304,359.3,0,0
902.771946,2.6424836710452744,344.462,359.23,0,0
902.871942,2.6345872983390697,344.491,359.285,0,0
902.9719379999999,0.8393857640857897,344.32,359.283,0,0
903.0719379999999,2.309904812566219,344.36,359.101,0,0
903.1719350000001,2.593494268220747,344.422,359.166,0,0
903.271931,3.6481230954803125,344.508,359.141,0,0
903.371931,5.908925677220911,344.726,359.149,0,0
903.471927,9.479189814510528,344.92,358.885,0,0
903.571926,6.871300569862236,344.814,359.144,0,0
903.671922,8.644074771816504,344.969,359.121,0,0
903.771917,7.308165580724559,344.861,359.155,0,0
903.871914,4.209520461189428,344.62,359.251,0,0
903.971916,4.035030166101996,344.474,359.013,0,0
904.071912,2.4129063304684104,344.371,359.106,0,0
904.171907,2.5928399890717118,344.377,359.086,0,0
904.2719089999999,5.286774724187157,344.549,358.934,0,0
904.371902,4.322065969613166,344.606,359.207,0,0
904.471901,1.477436052699575,344.395,359.314,0,0
904.5719,2.7116150545713866,344.467,359.232,0,0
904.6718950000001,1.2853953546540398,344.276,359.129,0,0
904.771891,0.6377265699330827,344.282,359.253,0,0
904.871892,-0.17263992950425783,344.14,359.133,0,0
904.97189,-0.004860777373521237,344.078,358.99,0,0
905.0718810000001,0.6012238929415907,344.233,359.17,0,0
905.171883,-0.12893008622618612,344.135,359.117,0,0
905.271876,0.8047797994296151,344.215,359.102,0,0
905.371875,0.5384963256400268,344.225,359.167,0,0
905.471875,0.39108658364003773,344.187,359.123,0,0
905.57187,0.47107697931909354,344.058,358.872,0,0
905.671865,0.5399193476410494,344.191,359.105,0,0
905.7718649999999,0.7016484658898392,344.298,359.274,0,0
905.8718660000001,-0.294242184841607,344.164,359.201,0,0
905.9718590000001,0.9334430219243691,344.368,359.363,0,0
906.07186,0.958472268421296,344.28,359.197,0,0
906.171856,1.7827683603845772,344.329,359.144,0,0
906.271853,3.113232954764437,344.49,359.209,0,0
906.371846,3.077542735460512,344.468,359.175,0,0
906.471848,1.0260108326845594,344.307,359.236,0,0
906.571843,2.335564594936387,344.447,359.266,0,0
906.671842,3.221467800559324,344.504,359.217,0,0
906.771839,0.3766435227841555,344.212,359.175,0,0
906.871837,1.5535346552573468,344.39,359.298,0,0
906.971833,3.9644805547845365,344.551,359.175,0,0
907.071829,6.025992108452944,344.717,359.122,0,0
907.171826,4.8024958359380046,344.618,359.153,0,0
907.271821,2.6486609680658826,344.462,359.241,0,0
907.371823,2.4768881475745377,344.413,359.181,0,0
907.471815,4.653539382041457,344.66,359.257,0,0
907.571818,6.496915770462716,344.757,359.115,0,0
907.6718149999999,8.136822480246172,344.894,359.082,0,0
907.7718070000001,8.363405891715862,344.943,359.133,0,0
907.871811,7.526111451519084,344.874,359.152,0,0
907.971807,5.675300250073184,344.651,359.064,0,0
908.0718,4.538240019246121,344.558,359.091,0,0
908.171803,5.09932172588723,344.587,359.047,0,0
908.271799,4.542245815047655,344.557,359.089,0,0
908.371796,6.308808448877565,344.725,359.091,0,0
908.471788,4.913577072544452,344.644,359.185,0,0
908.571789,3.585277912009163,344.484,359.122,0,0
908.671784,1.8482319290456801,344.331,359.143,0,0
908.771785,3.2028550346560167,344.447,359.121,0,0
908.8717800000001,2.5531739691877164,344.324,359.008,0,0
908.971779,2.6432093947608863,344.359,359.057,0,0
909.071779,3.5309531492409247,344.414,359.004,0,0
909.171772,0.9260847936148041,344.236,359.13,0,0
909.271767,0.5041937068868345,344.184,359.108,0,0
909.371764,1.2153965419945503,344.206,359.025,0,0
909.471768,1.0560495245497337,344.131,358.915,0,0
909.5717589999999,3.750169327084925,344.409,358.958,0,0
909.6717580000001,5.475137849121057,344.541,358.901,0,0
909.771759,6.819175882462785,344.681,358.925,0,0
909.871754,6.496102857374802,344.709,359.033,0,0
909.9717539999999,5.20802387319981,344.574,359.009,0,0
910.071745,5.703818917960481,344.599,358.969,0,0
910.1717460000001,2.0582782987395145,344.334,359.116,0,0
910.271743,2.7324868551915,344.315,358.964,0,0
910.3717419999999,2.832415215797667,344.333,358.98,0,0
910.471739,2.89300043146073,344.425,359.139,0,0
910.571732,3.229734511965079,344.398,359.031,0,0
910.6717319999999,5.225938412446272,344.61,359.074,0,0
910.7717299999999,2.4696182500179784,344.328,359.035,0,0
910.8717290000001,1.0183221661915505,344.183,359.021,0,0
910.971723,2.322129692210421,344.323,359.052,0,0
911.071721,1.212172120337491,344.288,359.181,0,0
911.1717219999999,1.8528066849494471,344.293,359.079,0,0
911.271716,4.716367689169949,344.543,359.041,0,0
911.371714,1.7579526385498858,344.312,359.131,0,0
911.471708,3.1661630452810803,344.376,359.004,0,0
911.571711,1.6371549835373513,344.253,359.044,0,0
911.671704,2.7416708659895375,344.341,359.014,0,0
911.771701,2.443697820234685,344.273,358.941,0,0
911.8716979999999,4.1596942140164765,344.421,358.915,0,0
911.971696,1.7196349482909437,344.295,359.108,0,0
912.071696,4.281341661297597,344.567,359.163,0,0
912.1716899999999,3.320173916490279,344.414,359.049,0,0
912.2716899999999,4.734359140698391,344.484,358.932,0,0
912.371683,2.4221462041779804,344.294,358.985,0,0
912.471679,5.356958162216917,344.579,358.999,0,0
912.571676,4.100137813170676,344.46,358.999,0,0
912.6716729999999,1.3523144855206322,344.2,358.999,0,0
912.771674,1.9812060263771112,344.249,358.98,0,0
912.871669,0.9705754256188602,344.181,359.031,0,0
912.97167,3.22195302939775,344.403,359.048,0,0
913.071661,2.921220229384775,344.338,358.981,0,0
913.1716580000001,3.6252696996840568,344.424,359.017,0,0
913.271657,0.5581229586451492,344.18,359.102,0,0
913.371654,1.8980596816262232,344.237,358.974,0,0
913.471651,0.7807968187712201,344.085,358.889,0,0
913.571649,1.0087670852483226,344.12,358.914,0,0
913.671644,-0.1409768196604147,344.122,359.118,0,0
913.771642,1.599881436710582,344.193,358.946,0,0
913.8716430000001,-0.6829129318862843,344.021,359.027,0,0
913.971635,-0.33653437047438506,344.021,358.967,0,0
914.071635,0.35622654616406285,344.163,359.108,0,0
914.17163,-1.8037760744133031,343.92,359.037,0,0
914.271627,-1.8932892600119449,343.969,359.143,0,0
914.371627,2.7187541101937196,344.355,359.051,0,0
914.471626,2.5115578580339837,344.357,359.091,0,0
914.571617,2.878847419391393,344.378,359.066,0,0
914.671619,2.5169411798103813,344.367,359.109,0,0
914.771615,2.4460660316718026,344.377,359.14,0,0
914.871613,2.924187658435003,344.34,358.989,0,0
914.9716119999999,2.966828752782653,344.464,359.21,0,0
915.071608,1.5886675159150776,344.252,359.06,0,0
915.171604,0.5830704013116365,344.241,359.215,0,0
915.271596,2.123673883144089,344.361,359.168,0,0
915.3716,0.5726086020839485,344.212,359.164,0,0
915.471592,-0.33269865889338485,344.067,359.055,0,0
915.571591,1.7467277441865725,344.276,359.078,0,0
915.671588,0.573107854295332,344.204,359.15,0,0
915.771585,2.4440209395225763,344.421,359.224,0,0
915.871585,3.8469290369783744,344.522,359.166,0,0
915.971577,1.7632319914096413,344.321,359.159,0,0
916.0715779999999,4.60748527034545,344.567,359.117,0,0
916.171571,4.184480972911133,344.435,358.948,0,0
916.271567,4.711503208296008,344.551,359.07,0,0
916.3715699999999,4.791160830366579,344.666,359.268,0,0
916.4715640000001,9.039591512308265,344.885,358.932,0,0
916.5715600000001,4.856831496002172,344.548,359.04,0,0
916.671559,4.620910400497775,344.525,359.039,0,0
916.771557,4.9532409520616,344.584,359.09,0,0
916.871553,0.5716438038434783,344.207,359.159,0,0
916.971549,2.3662519915406826,344.382,359.169,0,0
917.071547,3.037713053792818,344.341,358.977,0,0
917.1715459999999,1.9741786752274713,344.343,359.166,0,0
917.271539,4.392281255748045,344.44,358.924,0,0
917.371541,2.0462573071930503,344.293,359.062,0,0
917.471536,1.2616534494675353,344.123,358.886,0,0
917.571535,2.35420016675378,344.249,358.928,0,0
917.6715300000001,0.0663629160366744,344.045,358.951,0,0
917.771529,1.2863122222490098,344.07,358.785,0,0
917.871524,1.5450545331244718,344.184,358.95,0,0
917.971519,5.178033051019068,344.491,358.883,0,0
918.071519,4.726953385040777,344.427,358.844,0,0
918.171518,5.556707444006435,344.62,359.055,0,0
918.271513,6.825806033985894,344.754,359.081,0,0
918.3715060000001,7.593390187725376,344.646,358.749,0,0
918.471507,4.425294670279457,344.468,358.973,0,0
918.571504,4.2744245228819695,344.465,358.994,0,0
918.671502,1.839692003919621,344.252,359.026,0,0
918.7714960000001,2.9005371093881798,344.325,358.976,0,0
918.871494,4.424819852596129,344.444,358.93,0,0
918.9714889999999,3.013507447587853,344.343,358.99,0,0
919.071491,-0.2277109685721839,344.207,359.304,0,0
919.171485,2.195446649027913,344.311,359.074,0,0
919.271481,4.202714119575107,344.461,359.001,0,0
919.37148,5.184212929201656,344.614,359.112,0,0
919.4714769999999,7.761323160575785,344.888,359.168,0,0
919.5714740000001,7.500595452525749,344.817,359.083,0,0
919.671473,5.08471761185508,344.596,359.097,0,0
919.7714669999999,6.609465925388427,344.702,359.027,0,0
919.8714620000001,5.628752994004192,344.564,358.944,0,0
919.9714620000001,3.8505591690399683,344.412,358.974,0,0
920.071457,1.9236189280953881,344.278,359.063,0,0
920.171454,-0.42838973894036136,344.15,359.237,0,0
920.271453,1.8667054475719302,344.287,359.09,0,0
920.371453,-0.6723861070118757,344.05,359.096,0,0
920.4714449999999,0.7886556774362714,344.219,359.153,0,0
920.571444,-0.12334987118943051,344.15,359.185,0,0
920.671446,2.155477813245132,344.161,358.809,0,0
920.771443,0.4250696037611261,344.082,358.965,0,0
920.871439,-0.6657930582347138,344.02,359.041,0,0
920.9714309999999,-1.5219497139944484,343.984,359.124,0,0
921.071434,0.8963920953437235,344.062,358.847,0,0
921.171426,-0.12665095343953553,343.995,358.902,0,0
921.271427,0.9541533303094505,344.165,359.027,0,0
921.371425,2.2671525878948025,344.32,359.084,0,0
921.471418,4.138792196160787,344.455,359.007,0,0
921.571419,5.55595620447595,344.553,358.941,0,0
921.671416,7.528253830029778,344.766,358.99,0,0
921.7714129999999,6.091442164821341,344.624,358.979,0,0
921.871407,6.396650437996264,344.675,359.02,0,0
921.971404,5.632233483518124,344.608,359.03,0,0
922.071405,5.041402739834618,344.496,358.927,0,0
922.1714020000001,3.834221046377987,344.423,359.003,0,0
922.271395,2.685929560860601,344.261,358.905,0,0
922.371396,1.408622998021452,344.208,359.03,0,0
922.471392,1.7713471231459923,344.159,358.877,0,0
922.5713860000001,-0.39422741947320505,344.047,359.048,0,0
922.67139,1.344522632581025,344.214,359.053,0,0
922.771383,2.2962036339979783,344.212,358.884,0,0
922.871383,5.693525005137083,344.569,358.95,0,0
922.971375,6.968566842728407,344.784,359.124,0,0
923.0713760000001,8.917248130789785,344.854,358.914,0,0
923.1713739999999,6.2183710139365695,344.647,359.003,0,0
923.271373,3.7264054024547826,344.415,359.01,0,0
923.371365,3.4709604364162865,344.357,358.948,0,0
923.471361,2.6347953708166827,344.343,359.068,0,0
923.571358,3.8356644334798804,344.37,358.909,0,0
923.6713560000001,1.9804628441818213,344.208,358.934,0,0
923.771357,0.1983303150758739,344.129,359.099,0,0
923.871355,0.7936936042629398,344.102,358.946,0,0
923.971348,2.588087062946987,344.246,358.899,0,0
924.0713499999999,2.428256612128111,344.234,358.905,0,0
924.1713440000001,1.6806597672491115,344.08,358.752,0,0
924.271344,2.2127927347335894,344.078,358.656,0,0
924.371339,1.2299379867928817,344.111,358.888,0,0
924.4713370000001,-0.8135477400725954,343.96,358.966,0,0
924.5713320000001,0.22823881132795507,343.985,358.831,0,0
924.671329,-0.48148663740219017,343.971,358.929,0,0
924.7713299999999,-0.6454190233795026,343.876,358.783,0,0
924.871326,-0.4124130071255513,343.968,358.912,0,0
924.97132,0.6091230157542653,344.04,358.867,0,0
925.071316,-1.304719552915892,343.923,358.985,0,0
925.171314,0.15866138486444006,344.002,358.876,0,0
925.271311,0.7597181909310154,344.1,358.952,0,0
925.371309,0.07115273808727265,344.063,359.004,0,0
925.471305,3.3620695897429256,344.342,358.945,0,0
925.5713020000001,3.1173729877457,344.416,359.124,0,0
925.6713000000001,3.93573183795795,344.384,358.923,0,0
925.771301,3.812896312213723,344.413,358.998,0,0
925.871297,5.36361166250851,344.547,358.975,0,0
925.9712959999999,4.5808067876388305,344.475,358.979,0,0
926.071292,2.3063061932699433,344.269,358.996,0,0
926.171291,2.9358829935762683,344.336,359.01,0,0
926.271285,3.1025308589165155,344.244,358.812,0,0
926.3712830000001,1.3985441362189326,344.205,359.037,0,0
926.471281,1.177410311870551,344.016,358.728,0,0
926.571278,1.6175231079400545,344.164,358.924,0,0
926.6712759999999,1.1167985795938842,344.079,358.855,0,0
926.771272,0.13740797336229782,344.077,359.022,0,0
926.871267,1.02974526169771,344.152,359.005,0,0
926.971264,3.537684913291322,344.37,358.97,0,0
927.07126,2.9573866425337467,344.359,359.051,0,0
927.171259,2.4895113859755806,344.332,359.083,0,0
927.271257,2.2763655085365837,344.278,359.021,0,0
927.371253,3.91882062740251,344.381,358.925,0,0
927.471251,3.8371470004803063,344.384,358.945,0,0
927.57125,3.22351275479328,344.378,359.041,0,0
927.671244,4.406881403322778,344.474,359.012,0,0
927.7712419999999,5.3902115708719816,344.65,359.165,0,0
927.871239,5.816838671388297,344.619,359.034,0,0
927.971237,3.3655487519737237,344.424,359.102,0,0
928.071232,2.14553198381586,344.265,359.022,0,0
928.171226,0.2547224410709449,344.048,358.952,0,0
928.271223,2.177775257863641,344.377,359.223,0,0
928.371223,2.946704274625191,344.355,359.049,0,0
928.4712149999999,1.8692104737498405,344.216,358.981,0,0
928.571216,1.0786026314512949,344.115,358.933,0,0
928.6712120000001,0.15116499576690065,344.119,359.102,0,0
928.771208,1.459620311855258,344.154,358.939,0,0
928.871207,0.7831997334269163,344.21,359.16,0,0
928.9711990000001,-0.844189010225237,344.069,359.184,0,0
929.0711970000001,0.26361086152154367,344.016,358.894,0,0
929.171192,2.2110706953475066,344.256,358.997,0,0
929.2711929999999,0.3048598225400701,344.037,358.926,0,0
929.371184,0.47808918743007556,344.144,359.093,0,0
929.4711850000001,0.8723006208804431,344.117,358.975,0,0
929.571182,1.3398407482721693,344.104,358.87,0,0
929.6711779999999,1.9571771954411934,344.303,359.129,0,0
929.771171,-1.6299661506566767,344.037,359.264,0,0
929.871169,-1.3306545015577127,343.907,358.973,0,0
929.9711629999999,-0.26501163415403073,344.056,359.062,0,0
930.071164,-1.2432215325423772,343.984,359.1,0,0
930.171159,1.497346910850874,344.249,359.111,0,0
930.271152,1.5641822259246743,344.253,359.107,0,0
930.371149,3.8992726418542523,344.409,358.988,0,0
930.471147,2.417416206579821,344.241,358.937,0,0
930.571144,1.649559702598768,344.159,358.92,0,0
930.671142,0.5660271701004621,344.164,359.118,0,0
930.771135,1.7526328441114931,344.219,359.013,0,0
930.8711360000001,4.68305534784463,344.565,359.14,0,0
930.971132,13.043775694530146,345.268,358.979,0,0
931.0711239999999,10.49594154952014,345.053,359.027,0,0
931.171125,10.460961233156759,344.999,358.934,0,0
931.271115,7.36781035738714,344.827,359.156,0,0
931.3711139999999,7.5900488497128915,344.837,359.136,0,0
931.47111,5.0132513827677,344.616,359.178,0,0
931.571108,5.076223140109768,344.518,358.987,0,0
931.671106,5.542865503863094,344.456,358.792,0,0
931.7710969999999,4.57751416499486,344.42,358.894,0,0
931.871098,7.156034792838144,344.63,358.832,0,0
931.971096,4.7346294602565315,344.44,358.904,0,0
932.071087,4.87940474325345,344.428,358.857,0,0
932.1710860000001,3.40186737861841,344.374,359.015,0,0
932.271081,2.5181357049587048,344.318,359.066,0,0
932.37108,2.424557636241938,344.209,358.882,0,0
932.4710749999999,1.650272507995806,344.109,358.833,0,0
932.5710740000001,3.51248799581438,344.248,358.765,0,0
932.671067,4.953466484268054,344.57,359.107,0,0
932.7710629999999,6.997060989420412,344.718,359.024,0,0
932.8710629999999,3.4697288476294346,344.362,358.983,0,0
932.9710600000001,7.733955378552627,344.745,358.946,0,0
933.071055,12.862519246867755,345.238,358.961,0,0
933.1710529999999,11.831221239792674,345.13,358.942,0,0
933.271048,11.394627299016237,345.069,358.906,0,0
933.371042,8.635780259171725,344.796,358.884,0,0
933.471039,9.414538355790341,344.907,358.953,0,0
933.571033,7.962544578265391,344.794,358.998,0,0
933.671031,8.55377598964516,344.759,358.831,0,0
933.771029,6.783140623258954,344.68,358.994,0,0
933.871023,5.716201209569706,344.592,359.018,0,0
933.9710200000001,4.887431399080454,344.495,358.984,0,0
934.071016,5.0310167738544855,344.578,359.112,0,0
934.171011,3.4533306721965307,344.333,358.936,0,0
934.271008,2.6027084549091586,344.266,358.961,0,0
934.371004,1.3647157700714478,344.214,359.081,0,0
934.471004,1.1497319350904909,344.162,359.023,0,0
934.571001,-0.06365902834912214,344.102,359.124,0,0
934.6709969999999,2.958298166702013,344.361,359.075,0,0
934.7709910000001,4.7906307117403095,344.495,359.003,0,0
934.870988,3.4938236505020313,344.357,358.975,0,0
934.9709889999999,3.6367707394083015,344.322,358.886,0,0
935.070982,2.219737031806252,344.171,358.855,0,0
935.170978,1.668144761544039,344.235,359.069,0,0
935.270978,3.12693937457328,344.294,358.924,0,0
935.370968,2.6700737007789885,344.33,359.07,0,0
935.4709690000001,3.669587019104481,344.301,358.843,0,0
935.570961,4.382582496509448,344.446,358.986,0,0
935.6709599999999,2.9570418396470006,344.298,358.962,0,0
935.77096,2.5981825226578414,344.165,358.78,0,0
935.870954,0.9183021713358672,344.206,359.148,0,0
935.970948,2.063076770832847,344.244,359.019,0,0
936.070947,1.9595855105199702,344.202,358.96,0,0
936.1709420000001,-0.6323959050260204,344.01,359.058,0,0
936.270942,0.7033583010096093,344.184,359.146,0,0
936.370935,-0.1302165054798321,344.036,359.019,0,0
936.4709320000001,2.115409201553488,344.283,359.083,0,0
936.570929,5.3500472903010445,344.467,358.859,0,0
936.670926,2.5826399442450723,344.322,359.074,0,0
936.7709209999999,1.859843089124694,344.241,359.051,0,0
936.8709220000001,1.2133839826961696,344.127,358.954,0,0
936.970916,0.7914893057689084,344.1,358.978,0,0
937.070912,0.15074497256071687,344.061,359.018,0,0
937.1709050000001,0.5470040938756344,344.088,358.999,0,0
937.270907,1.6630538057938276,344.101,358.829,0,0
937.370899,3.0424374779275536,344.39,359.121,0,0
937.470899,4.28763239616239,344.525,359.153,0,0
937.570892,3.600942686177702,344.411,359.063,0,0
937.670894,4.802714082264173,344.487,358.994,0,0
937.770886,4.202860820976054,344.516,359.152,0,0
937.8708819999999,3.303750649987447,344.408,359.11,0,0
937.970878,4.324846545123798,344.443,358.997,0,0
938.070878,2.6004176562909085,344.37,359.163,0,0
938.170871,4.192081401788495,344.447,359.028,0,0
938.27087,1.3483693694958503,344.26,359.179,0,0
938.370864,0.4924880769000206,344.13,359.089,0,0
938.4708639999999,0.614785029072016,344.005,358.838,0,0
938.570858,1.7585430467709067,344.269,359.125,0,0
938.67086,4.10332284015102,344.352,358.87,0,0
938.770852,4.817250047562618,344.471,358.965,0,0
938.870853,5.374670621790597,344.479,358.883,0,0
938.970848,5.421712405863081,344.542,358.991,0,0
939.070842,6.863504411132929,344.582,358.814,0,0
939.170838,4.405539570883986,344.413,358.931,0,0
939.2708349999999,6.751867255825098,344.638,358.937,0,0
939.3708349999999,7.8605468027802115,344.684,358.829,0,0
939.47083,6.86463235810316,344.625,358.894,0,0
939.570822,6.591495585393439,344.555,358.813,0,0
939.670824,4.987780870188938,344.432,358.866,0,0
939.7708170000001,5.748617113927983,344.525,358.905,0,0
939.870814,2.801043868854151,344.226,358.868,0,0
939.970811,4.579986033728349,344.493,359.05,0,0
940.0708070000001,4.351701737976092,344.368,358.86,0,0
940.1708050000001,3.8732664589361274,344.315,358.846,0,0
940.2708,3.582173888859755,344.302,358.873,0,0
940.3707979999999,3.4890202416377836,344.28,358.849,0,0
940.470793,2.191738550994781,344.18,358.891,0,0
940.570787,3.249158598488373,344.213,358.768,0,0
940.670789,1.1451853526105018,344.134,358.989,0,0
940.7707839999999,4.532662286773174,344.408,358.904,0,0
940.8707780000001,2.6041583436875606,344.182,358.824,0,0
940.970776,0.13424499499977102,344.001,358.921,0,0
941.070773,3.156712726262834,344.147,358.664,0,0
941.170773,4.026205941658089,344.428,359.03,0,0
941.270764,5.485684039521938,344.505,358.918,0,0
941.3707659999999,9.077973000186699,344.825,358.882,0,0
941.4707569999999,7.650788771747051,344.76,359.011,0,0
941.570759,4.575846013841953,344.487,359.044,0,0
941.670753,5.122725260554296,344.419,358.824,0,0
941.770746,3.5962578271257226,344.287,358.847,0,0
941.8707430000001,6.797756154731009,344.557,358.787,0,0
941.9707460000001,4.0313245208827055,344.286,358.77,0,0
942.070737,4.90895701477299,344.352,358.739,0,0
942.170734,3.0548970695739346,344.22,358.819,0,0
942.2707310000001,3.593680652498941,344.267,358.812,0,0
942.370728,4.596356403470677,344.372,358.831,0,0
942.470724,5.00111352318778,344.421,358.851,0,0
942.570723,5.644981870193155,344.41,358.719,0,0
942.6707210000001,3.4592164762441744,344.22,358.75,0,0
942.770712,3.0834962225129052,344.274,358.915,0,0
942.870714,2.5471456312237786,344.184,358.843,0,0
942.970705,1.7583601012710164,344.131,358.883,0,0
943.0707020000001,4.332045839116836,344.365,358.866,0,0
943.170702,2.7168484644042823,344.217,358.875,0,0
943.2706979999999,1.025356693466224,344.002,358.774,0,0
943.370691,0.9397586344229509,344.053,358.883,0,0
943.470687,1.7677553690638022,344.073,358.776,0,0
943.570686,1.5060711078720517,344.103,358.877,0,0
943.670682,-0.5985615890947285,343.956,358.973,0,0
943.770678,1.9963057687813037,344.117,358.818,0,0
943.870677,1.2286804270549265,344.041,358.812,0,0
943.9706709999999,0.12844024921172809,343.883,358.713,0,0
944.0706729999999,2.2145417523772677,344.091,358.733,0,0
944.170665,3.419735135230413,344.232,358.783,0,0
944.2706629999999,1.6236028237562352,344.112,358.875,0,0
944.37066,3.909493984302741,344.284,358.794,0,0
944.470659,2.046234848052276,344.162,358.894,0,0
944.570655,1.540201115999409,344.139,358.94,0,0
944.670655,2.731616539140117,344.245,358.928,0,0
944.770652,-0.930940052024326,344.011,359.135,0,0
944.8706480000001,1.8703628816448308,344.185,358.968,0,0
944.970643,3.8213340180992246,344.29,358.822,0,0
945.070642,5.790607726813995,344.6,359.05,0,0
945.1706350000001,9.727493988789695,344.939,358.989,0,0
945.270634,10.14288056385098,344.864,358.779,0,0
945.370634,12.243431728629798,345.15,358.94,0,0
945.4706269999999,13.988649622241208,345.26,358.839,0,0
945.5706230000001,9.845435617712898,344.93,358.953,0,0
945.670622,9.288110059203358,344.969,359.122,0,0
945.7706189999999,9.03704418285845,344.9,359.039,0,0
945.8706169999999,7.208755930756349,344.715,359.017,0,0
945.9706110000001,5.7714640130252075,344.636,359.122,0,0
946.070608,7.6038323766852,344.695,358.912,0,0
946.170606,4.914605467377198,344.515,359.049,0,0
946.270606,2.8658333321475697,344.376,359.15,0,0
946.3706010000001,5.641647512097322,344.484,358.866,0,0
946.470599,3.711229618749218,344.435,359.112,0,0
946.570596,4.195356146519166,344.354,358.879,0,0
946.6705929999999,2.991623245942293,344.296,358.982,0,0
946.7705890000001,4.743736106641505,344.411,358.889,0,0
946.870588,4.991046175899709,344.4,358.826,0,0
946.970584,4.452856747939326,344.312,358.758,0,0
947.0705770000001,2.7911738560472847,344.277,358.983,0,0
947.170575,1.8060635460203356,344.225,359.059,0,0
947.270576,2.3152033238001097,344.248,359.013,0,0
947.370567,2.7211307623963537,344.252,358.95,0,0
947.47057,4.76173161050357,344.422,358.908,0,0
947.570565,2.7222245996085186,344.123,358.713,0,0
947.6705649999999,2.500047134659573,344.235,358.958,0,0
947.770561,0.5604729599936323,344.096,359.04,0,0
947.8705550000001,1.706160267456043,344.158,358.955,0,0
947.970552,2.875518494648516,344.238,358.899,0,0
948.070547,1.8708613078250367,344.201,359.006,0,0
948.1705479999999,3.0528614239955547,344.286,358.957,0,0
948.27054,6.317343141778527,344.575,358.921,0,0
948.370537,6.838876035200912,344.647,358.963,0,0
948.4705379999999,9.967264171205192,344.934,358.947,0,0
948.5705370000001,7.996713596820046,344.66,358.786,0,0
948.670531,9.18763229648688,344.854,358.936,0,0
948.770527,6.95637783550269,344.601,358.859,0,0
948.870522,7.213353770776024,344.567,358.752,0,0
948.9705250000001,4.8726313594350525,344.408,358.867,0,0
949.070522,5.700597366984802,344.503,358.898,0,0
949.170515,3.946807693335644,344.287,358.806,0,0
949.2705139999999,3.7931862635747664,344.287,358.833,0,0
949.3705080000001,3.1646652031274987,344.166,358.72,0,0
949.470504,3.4402900860001764,344.068,358.492,0,0
949.570503,3.310999841646294,344.154,358.673,0,0
949.6705010000001,1.6348685276129191,344.041,358.757,0,0
949.770499,1.564944792604172,344.0,358.694,0,0
949.870496,0.18441219292245017,343.978,358.894,0,0
949.9704939999999,1.3636852927199035,343.991,358.713,0,0
950.070492,0.753997289074102,343.912,358.674,0,0
950.170483,1.6429210640776695,343.922,358.538,0,0
950.27048,1.8715617723067548,344.025,358.688,0,0
950.3704819999999,1.0114847708828083,344.037,358.86,0,0
950.470478,1.077644189834456,344.023,358.823,0,0
950.570476,2.1812184680687308,344.187,358.933,0,0
950.670469,0.8354725001436673,343.996,358.816,0,0
950.770465,1.106194827935929,344.072,358.909,0,0
950.870461,2.9389651638720165,344.268,358.951,0,0
950.970463,0.4661217272286168,343.959,358.813,0,0
951.070458,-1.0204151646746482,343.996,359.14,0,0
951.170453,1.1823324252125271,343.996,358.757,0,0
951.270455,-0.10802972065095764,343.851,358.715,0,0
951.370451,2.3253869430842107,344.175,358.888,0,0
951.470446,-1.2679409955436711,343.872,358.956,0,0
951.570446,-0.41764545279203935,343.899,358.858,0,0
951.670439,-0.19175352719649827,343.98,358.968,0,0
951.770439,2.749574265138911,344.108,358.692,0,0
951.870432,0.03988194194584691,343.944,358.862,0,0
951.970433,0.5816882671900413,343.919,358.722,0,0
952.070425,-0.13994592678101153,343.818,358.662,0,0
952.170422,0.12546257078131162,343.956,358.87,0,0
952.2704200000001,1.2021627933856607,344.068,358.889,0,0
952.370417,0.7382129589355606,344.018,358.878,0,0
952.470412,1.5970051041370743,344.067,358.819,0,0
952.5704109999999,0.6006076676191654,344.071,359.0,0,0
952.670409,2.8186601719078745,344.298,359.032,0,0
952.7704030000001,2.7747351720035285,344.21,358.878,0,0
952.870403,2.4328089022131,344.271,359.05,0,0
952.970397,0.2801662857963103,344.045,359.009,0,0
953.070395,0.714810175176697,344.099,359.033,0,0
953.170393,-0.36200518802845344,344.003,359.044,0,0
953.270392,0.9857140153021637,344.164,359.106,0,0
953.370388,0.774220909748564,344.027,358.891,0,0
953.4703810000001,0.7345822510698613,344.128,359.084,0,0
953.570377,0.574543814091242,344.085,359.033,0,0
953.670376,1.7429946749436667,344.141,358.933,0,0
953.770375,2.2647565798558746,344.219,358.986,0,0
953.870368,2.086783773302681,344.183,358.951,0,0
953.9703689999999,3.4259852001401483,344.372,359.066,0,0
954.0703639999999,1.83056550775746,344.215,359.055,0,0
954.170362,1.7562488605300557,344.235,359.105,0,0
954.2703590000001,1.987488399432162,344.179,358.962,0,0
954.370355,1.7922199989684742,344.268,359.16,0,0
954.4703519999999,-0.07169632175074865,344.078,359.135,0,0
954.5703440000001,2.07769281155569,344.136,358.868,0,0
954.670343,-0.33453825247163826,344.011,359.058,0,0
954.7703399999999,-0.07506020402445922,344.043,359.072,0,0
954.8703360000001,3.8802722011831765,344.262,358.787,0,0
954.9703320000001,2.6140149285591314,344.197,358.888,0,0
955.070334,1.040199229476213,344.054,358.899,0,0
955.1703299999999,1.7192367417112935,344.061,358.794,0,0
955.270325,1.7352527373759854,344.114,358.889,0,0
955.370318,1.2664765420410893,344.063,358.877,0,0
955.470316,0.9788197232312748,344.09,358.977,0,0
955.5703120000001,2.6263701717714567,344.125,358.755,0,0
955.6703100000001,1.4402931444036582,344.179,359.061,0,0
955.770306,3.3781713036002574,344.267,358.886,0,0
955.870304,3.9371772760169432,344.342,358.927,0,0
955.970301,3.478055833052948,344.293,358.917,0,0
956.070299,3.8998208013990765,344.361,358.969,0,0
956.170292,5.449376123404603,344.54,359.029,0,0
956.2702929999999,6.8376083665994365,344.582,358.865,0,0
956.3702900000001,3.7737099938677687,344.297,358.874,0,0
956.470286,4.432237561934359,344.42,358.986,0,0
956.570282,4.797233770219549,344.456,358.989,0,0
956.6702809999999,3.186672972452264,344.228,358.85,0,0
956.770276,4.198066028949899,344.386,358.965,0,0
956.87027,3.442880756832402,344.259,358.863,0,0
956.970267,3.703257868933587,344.34,358.967,0,0
957.0702650000001,3.394755588154262,344.196,358.756,0,0
957.1702610000001,2.882978546172721,344.173,358.803,0,0
957.270259,3.4610234081021054,344.346,359.021,0,0
957.3702589999999,3.5198792259133307,344.215,358.77,0,0
957.470252,3.9814531073975608,344.196,358.655,0,0
957.570248,2.4954161455096426,344.145,358.82,0,0
957.6702489999999,2.430333023014197,344.08,358.712,0,0
957.770246,1.5486763556306609,344.028,358.77,0,0
957.87024,3.325318613104855,344.31,358.98,0,0
957.970236,2.282977378104392,344.239,359.031,0,0
958.070231,1.7268786403454097,344.108,358.887,0,0
958.170233,1.8775932498716628,344.202,359.034,0,0
958.27023,4.595635794926287,344.479,359.071,0,0
958.3702219999999,1.6740660472491518,344.133,358.943,0,0
958.4702219999999,0.6328723212588157,344.067,359.003,0,0
958.57022,1.9785583765645098,344.149,358.92,0,0
958.670214,1.2511466329841627,344.123,358.999,0,0
958.7702099999999,2.673365195620499,344.253,358.991,0,0
958.870207,2.5206992172636893,344.177,358.878,0,0
958.970201,1.1057292832043077,344.055,358.9,0,0
959.070201,0.6401797651856646,343.988,358.858,0,0
959.170198,0.7939251510714614,343.985,358.826,0,0
959.270197,1.1161697334819407,344.005,358.807,0,0
959.37019,1.5703410391396517,344.094,358.892,0,0
959.470188,1.8942199907615804,344.056,358.766,0,0
959.570186,2.002150000220355,344.209,359.029,0,0
959.670179,2.3515722107711117,344.112,358.79,0,0
959.770181,3.5057598090623965,344.196,358.744,0,0
959.870172,1.041610287063829,343.99,358.794,0,0
959.9701709999999,3.4086279903173184,344.23,358.824,0,0
960.070168,1.9543477706996157,344.107,358.851,0,0
960.170168,4.370146712619289,344.244,358.683,0,0
960.270166,4.4562785373010145,344.302,358.775,0,0
960.370165,5.242891835812337,344.342,358.712,0,0
960.470156,3.1366840918400456,344.128,358.685,0,0
960.570156,3.760523947299447,344.195,358.7,0,0
960.67015,1.4680667957710674,344.071,358.871,0,0
960.770152,3.2962620680169787,344.222,358.831,0,0
960.87015,2.2474926863603506,344.133,358.85,0,0
960.970143,3.15798024626364,344.257,358.92,0,0
961.070142,8.827258710201614,344.737,358.817,0,0
961.1701380000001,7.286716153204283,344.739,359.089,0,0
961.2701380000001,7.500012765825451,344.715,359.008,0,0
961.370137,7.623225981399371,344.614,358.801,0,0
961.470133,6.719274240227973,344.555,358.85,0,0
961.5701260000001,5.619245251822203,344.453,358.854,0,0
961.670125,4.494398262470686,344.328,358.82,0,0
961.770123,4.718475160085664,344.361,358.842,0,0
961.87012,2.2920352048468358,344.139,358.856,0,0
961.9701160000001,3.6333496786040325,344.232,358.794,0,0
962.070119,6.845699480279107,344.409,358.561,0,0
962.170112,5.225204508541959,344.298,358.639,0,0
962.270108,2.984245782092842,344.168,358.79,0,0
962.37011,5.172656100826385,344.371,358.783,0,0
962.4701040000001,2.080229128105885,344.142,358.9,0,0
962.5701,3.0061838940030365,344.118,358.695,0,0
962.6701019999999,2.86701610041546,344.196,358.863,0,0
962.770097,2.6899770132771788,344.134,358.78,0,0
962.870093,3.374493710465717,344.235,358.847,0,0
962.970091,2.578170633809919,344.084,358.708,0,0
963.070091,1.2686872905478204,344.041,358.857,0,0
963.170088,1.7589992984833964,344.022,358.737,0,0
963.270081,0.6067911214333084,343.908,358.728,0,0
963.3700799999999,0.28328968508174757,343.899,358.768,0,0
963.470079,2.2900940193384365,344.087,358.765,0,0
963.5700770000001,0.2863636600477523,343.999,358.952,0,0
963.670075,1.7686322065184976,344.02,358.733,0,0
963.7700699999999,0.9531951983510943,343.946,358.739,0,0
963.870068,4.788693615337708,344.314,358.749,0,0
963.970065,7.541686875083568,344.578,358.756,0,0
964.070064,4.824909216466905,344.328,358.769,0,0
964.17006,4.743961004625605,344.274,358.684,0,0
964.2700570000001,2.466668717187196,344.171,358.891,0,0
964.370053,3.1617712171817516,344.248,358.912,0,0
964.47005,1.483144417596279,344.069,358.875,0,0
964.5700479999999,2.9290465770865626,344.192,358.85,0,0
964.670044,3.442791800680644,344.21,358.794,0,0
964.770047,3.5482450014481097,344.247,358.844,0,0
964.8700429999999,1.4406750260534547,343.997,358.751,0,0
964.9700359999999,1.9445168793825705,344.057,358.774,0,0
965.070034,1.4180117874404783,344.075,358.899,0,0
965.170035,0.2761515627748535,343.956,358.879,0,0
965.270032,0.3368174628870856,343.898,358.762,0,0
965.370025,3.6392516184778625,344.152,358.655,0,0
965.470022,1.3010671059098142,343.984,358.753,0,0
965.570019,0.5724995824070934,343.978,358.869,0,0
965.6700209999999,2.4754106005660255,344.129,358.816,0,0
965.7700150000001,1.7165591020841633,343.981,358.676,0,0
965.8700130000001,-0.29615392279905695,343.934,358.94,0,0
965.970014,1.5656389547832998,344.011,358.758,0,0
966.070012,0.8423642669437267,343.993,358.851,0,0
966.1700089999999,5.956250997777469,344.427,358.76,0,0
966.2700060000001,6.7726848119189835,344.622,358.977,0,0
966.369998,4.678666216972503,344.401,358.935,0,0
966.4699969999999,3.845761158523574,344.321,358.933,0,0
966.5699989999999,5.637169528901201,344.487,358.927,0,0
966.669992,4.2766872599915775,344.362,358.934,0,0
966.769987,5.318237649218321,344.431,358.88,0,0
966.8699869999999,5.366500476975754,344.349,358.721,0,0
966.9699840000001,6.098425137065899,344.336,358.57,0,0
967.0699790000001,2.427335986596006,344.18,358.922,0,0
967.16998,1.5576639994648231,344.065,358.862,0,0
967.2699769999999,1.2730307542703925,344.02,358.829,0,0
967.3699760000001,3.6451270877907365,344.217,358.779,0,0
967.469972,5.2335639092066994,344.335,358.72,0,0
967.569968,3.9962742672174354,344.276,358.827,0,0
967.669968,4.583587397841321,344.289,358.749,0,0
967.769965,3.902405561788693,344.219,358.739,0,0
967.869961,4.167862429445976,344.257,358.763,0,0
967.969957,4.238140457202494,344.301,358.832,0,0
968.0699579999999,4.416057551248902,344.228,358.667,0,0
968.169949,2.292589017783833,344.064,358.735,0,0
968.269951,2.034343741239934,344.134,358.909,0,0
968.369948,3.260044498434941,344.184,358.788,0,0
968.4699449999999,0.8965774653013782,344.006,358.872,0,0
968.569936,2.3971716577112665,344.182,358.935,0,0
968.669935,2.400106590660553,344.193,358.955,0,0
968.769929,3.792033631108851,344.206,358.737,0,0
968.8699270000001,3.5016428868586402,344.186,358.751,0,0
968.969924,2.403878556683099,344.169,358.911,0,0
969.069926,2.3190680905468564,344.013,358.639,0,0
969.16992,2.784033639969955,344.134,358.781,0,0
969.2699200000001,1.4290831215373074,343.978,358.73,0,0
969.369911,1.0218968356686,343.985,358.814,0,0
969.4699109999999,2.818371514418211,344.133,358.774,0,0
969.5699050000001,1.361334443452956,344.013,358.807,0,0
969.669904,2.898068526908128,344.081,358.665,0,0
969.769903,2.253373223714616,344.165,358.932,0,0
969.869895,2.5356827350212705,344.041,358.655,0,0
969.969892,2.4578861590868986,344.146,358.862,0,0
970.0698930000001,1.8652191551656823,344.061,358.809,0,0
970.169887,2.540754841688574,344.203,358.953,0,0
970.269885,1.7795887263387016,344.095,358.887,0,0
970.369879,0.11930961301062563,344.021,359.04,0,0
970.469879,2.825699385672554,344.142,358.792,1,0
970.569878,1.3918573571966784,344.078,358.924,0,0
970.6698710000001,0.7008379151591942,343.9,358.717,0,0
970.7698710000001,8.20522110160402,344.628,358.751,0,0
970.869867,11.280278603948664,344.923,358.759,0,0
970.969865,10.419548030624458,344.867,358.806,0,0
971.0698590000001,10.581317522406115,344.924,358.883,0,0
971.169857,9.839698821080384,344.801,358.786,0,0
971.2698519999999,11.828809415235288,344.977,358.764,0,0
971.369853,13.984622550912901,345.078,358.575,0,0
971.46985,9.29496372381503,344.761,358.808,0,0
971.569845,11.309368767277615,344.922,358.754,0,0
971.669841,12.364904734673,345.082,358.865,0,0
971.7698399999999,11.979571885763717,345.059,358.89,0,0
971.869838,11.916798836665558,344.979,358.754,0,0
971.969834,9.803235101050772,344.773,358.743,0,0
972.0698299999999,8.825698456002566,344.769,358.906,0,0
972.169829,8.527039751327818,344.733,358.892,0,0
972.269825,7.520128355288165,344.611,358.843,0,0
972.36982,7.0632960882603015,344.597,358.897,0,0
972.4698149999999,6.5858127274141705,344.493,358.789,0,0
972.569811,4.475214833939858,344.34,358.875,0,0
972.669812,5.181370933379895,344.38,358.826,0,0
972.769805,3.22919555598565,344.161,358.763,0,0
972.8698029999999,2.6112026723931105,344.166,358.88,0,0
972.969801,6.280315578027266,344.415,358.7,0,0
973.069797,4.555010245749456,344.268,358.73,0,0
973.169796,1.642353285838251,344.056,358.847,0,0
973.2697929999999,3.1733305172799726,344.149,358.752,0,0
973.369786,4.152107256112421,344.255,358.777,0,0
973.469781,4.745169531485135,344.268,358.698,0,0
973.569778,4.924387313885894,344.381,358.875,0,0
973.669779,6.722973988649421,344.433,358.658,0,0
973.769772,7.350465699404791,344.571,358.803,0,0
973.86977,5.846813627188044,344.333,358.627,0,0
973.9697709999999,7.964648284704875,344.544,358.647,0,0
974.069762,8.112424050774456,344.535,358.605,0,0
974.16976,6.079268390660657,344.454,358.81,0,0
974.269762,6.170979021581157,344.381,358.66,0,0
974.3697589999999,4.244509931518039,344.259,358.771,0,0
974.4697560000001,4.799225148081103,344.17,358.511,0,0
974.569748,4.717295525413664,344.267,358.704,0,0
974.66975,0.7501774611135381,343.958,358.826,0,0
974.769742,4.006398775921106,344.231,358.762,0,0
974.869743,3.9806104844467103,344.217,358.741,0,0
974.969735,0.7815336505797607,343.954,358.814,0,0
975.0697369999999,3.387873308934352,344.19,358.795,0,0
975.169732,3.2565457967279867,344.222,358.877,0,0
975.26973,5.168216171109155,344.326,358.736,0,0
975.369723,3.7886227313512917,344.278,358.888,0,0
975.469723,6.203052263477061,344.404,358.7,0,0
975.569715,4.457984151934263,344.241,358.704,0,0
975.669715,5.081136418082357,344.315,358.732,0,0
975.7697099999999,3.545967153921893,344.13,358.659,0,0
975.8697090000001,2.794435854810424,344.074,358.687,0,0
975.969706,2.2573816139983554,344.041,358.72,0,0
976.069704,-0.5428622288738907,343.838,358.834,0,0
976.169703,0.051369964123012146,343.806,358.672,0,0
976.269698,0.351800181017123,343.781,358.574,0,0
976.369696,-0.10526876033215073,343.786,358.663,0,0
976.469687,-0.22906273746727795,343.941,358.97,0,0
976.569689,4.3451498016500905,344.137,358.535,0,0
976.6696870000001,0.47134116346343397,343.889,358.753,0,0
976.769681,3.473818725187538,344.038,358.505,0,0
976.86968,3.0027336304519823,344.027,358.567,0,0
976.9696759999999,3.42701663507488,344.136,358.694,0,0
977.069672,-0.677828787969622,343.883,358.943,0,0
977.169669,-0.5813007898253751,343.836,358.84,0,0
977.269664,-0.4089330114763904,343.844,358.825,0,0
977.369665,-0.7363368939859285,343.833,358.862,0,0
977.469657,-0.5547908130866951,343.881,358.919,0,0
977.569655,0.18749552197999653,343.838,358.711,0,0
977.669657,-1.1359991486104475,343.779,358.833,0,0
977.769654,-0.7181125220628874,343.795,358.79,0,0
977.869649,-2.0022424627425264,343.612,358.677,0,0
977.969644,-0.7919942379291588,343.785,358.785,0,0
978.06964,1.0155556959514542,343.846,358.583,0,0
978.1696380000001,-0.30153137090860815,343.855,358.829,0,0
978.269639,-1.9725986010593493,343.749,358.925,0,0
978.369635,0.15678607522961635,343.835,358.713,0,0
978.469627,-0.022563893911454858,343.813,358.704,0,0
978.5696280000001,-0.11135405364897104,343.83,358.751,0,0
978.669625,0.5959297298931551,343.925,358.803,0,0
978.769623,-0.10227353214190046,343.886,358.853,0,0
978.869614,2.0519185539529174,344.02,358.725,0,0
978.969611,3.9640231669487576,344.186,358.698,0,0
979.069612,9.49102300471087,344.627,358.548,0,0
979.169608,9.945634041871088,344.778,358.747,0,0
979.269602,16.218801000125325,345.345,358.699,0,0
979.3696040000001,13.818592257267888,345.082,358.633,0,0
979.469595,16.285408465850196,345.276,358.561,0,0
979.569594,14.170202293914395,345.153,358.703,0,0
979.669592,12.839196754115575,344.921,358.508,0,0
979.769586,10.63431848535555,344.833,358.73,0,0
979.8695849999999,10.727427243686018,344.721,358.508,0,0
979.969586,9.76511114387478,344.613,358.477,0,0
980.069578,6.142526228883655,344.473,358.85,0,0
980.169576,5.555653196759611,344.288,358.612,0,0
980.2695729999999,3.9333136906363158,344.204,358.74,0,0
980.3695740000001,5.764946683251134,344.395,358.773,0,0
980.469569,4.21001548976368,344.194,358.674,0,0
980.569567,4.586254598700734,344.299,358.802,0,0
980.669564,4.374478505588184,344.306,358.852,0,0
980.769556,4.197185811132315,344.313,358.896,0,0
980.869557,4.13397218496395,344.196,358.692,0,0
980.969552,4.267680014982831,344.296,358.853,0,0
981.069549,4.375747134867608,344.149,358.564,0,0
981.169549,3.6784539304683257,344.134,358.658,0,0
981.269542,3.0953694965499237,344.226,358.929,0,0
981.3695379999999,3.8995022089103184,344.172,358.69,0,0
981.4695370000001,5.378724741673007,344.34,358.742,0,0
981.569536,3.2506718526900817,344.156,358.774,0,0
981.669532,2.346294084922257,344.035,358.709,0,0
981.769525,1.4276185894311118,344.017,358.836,0,0
981.8695230000001,3.903906227974973,344.107,358.571,0,0
981.96952,4.1606226916902695,344.167,358.637,0,0
982.069522,0.39351335850672026,343.853,358.715,0,0
982.1695139999999,1.2042269994305856,343.998,358.841,0,0
982.269509,-0.061479927923848,343.745,358.596,0,0
982.36951,1.8439370936234294,343.962,358.664,0,0
982.469505,1.6509835730169977,344.036,358.834,0,0
982.569506,3.0364539671936472,344.106,358.722,0,0
982.6695030000001,5.921878322563742,344.351,358.671,0,0
982.7695,9.104947026154003,344.741,358.835,0,0
982.869498,7.578049424061775,344.572,358.79,0,0
982.969489,7.510853423270013,344.628,358.905,0,0
983.069492,6.422315653475464,344.551,358.953,0,0
983.169486,8.478817048894959,344.66,358.796,0,0
983.269481,7.077438837091296,344.492,358.731,0,0
983.3694810000001,5.0990313317402665,344.339,358.794,0,0
983.469476,5.183601651345007,344.305,358.717,0,0
983.569475,4.164030881050847,344.228,358.753,0,0
983.6694719999999,4.231565245572959,344.25,358.782,0,0
983.7694690000001,3.471074913505609,344.185,358.795,0,0
983.869463,3.2076180184085286,344.092,358.67,0,0
983.969462,3.204367288723793,344.066,358.623,0,0
984.0694560000001,1.954181866691558,344.071,358.85,0,0
984.169451,2.169088165235676,344.064,358.8,0,0
984.269451,1.6416589669621755,344.108,358.973,0,0
984.3694479999999,4.703213550921015,344.274,358.746,0,0
984.469446,1.4634440909033528,344.024,358.85,0,0
984.569443,1.087770216439753,344.003,358.877,0,0
984.669434,1.2849803241434261,343.984,358.808,0,0
984.7694329999999,2.065616675527673,344.043,358.781,0,0
984.869427,1.8924816645001798,344.008,358.747,0,0
984.969424,1.0175015479437552,343.955,358.802,0,0
985.0694209999999,-0.44252811883571813,343.857,358.876,0,0
985.1694170000001,0.10545874788825163,343.919,358.895,0,0
985.269419,0.1394411327225167,343.915,358.882,0,0
985.36941,0.5274793367849784,343.851,358.697,0,0
985.46941,-0.7100529052095751,343.836,358.885,0,0
985.5694080000001,1.1758505614346626,343.993,358.846,0,0
985.669399,1.4312044983848928,344.017,358.846,0,0
985.769398,1.7030968045703052,344.073,358.902,0,0
985.869397,5.6501382806594105,344.351,358.727,0,0
985.969389,5.763867796592979,344.404,358.805,0,0
986.069386,6.290695210132755,344.489,358.87,0,0
986.169385,7.143080555049889,344.495,358.733,0,0
986.2693830000001,6.283340263432615,344.288,358.502,0,0
986.369377,10.20962255709239,344.726,358.625,0,0
986.469375,10.032375267168515,344.633,358.485,0,0
986.569371,9.712312889190027,344.664,358.598,0,0
986.669363,8.25343100835603,344.571,358.681,0,0
986.769365,6.96698815858144,344.428,358.642,0,0
986.869363,4.929312764498592,344.177,358.535,0,0
986.969357,3.11274918288995,344.023,358.568,0,0
987.0693540000001,7.499492877043442,344.479,358.644,0,0
987.169346,9.29920985813719,344.586,358.528,0,0
987.269346,6.660996790318975,344.488,358.807,0,0
987.369342,6.7465209737662795,344.378,358.59,0,0
987.469338,5.623035839617183,344.314,358.668,0,0
987.569334,8.036073413027887,344.479,358.552,0,0
987.6693329999999,12.987886880790874,344.933,358.526,0,0
987.769328,13.576776422631374,345.038,358.617,0,0
987.869322,11.742019009796438,344.96,358.793,0,0
987.9693199999999,10.615351975439182,344.812,358.717,0,0
988.069321,9.686385761929794,344.674,358.625,0,0
988.169312,9.959436915709718,344.71,358.644,0,0
988.269309,12.012704011573573,344.86,358.563,0,0
988.36931,9.845775874332833,344.737,358.714,0,0
988.4693050000001,9.293356778576806,344.627,358.608,0,0
988.569304,7.483439458340545,344.522,358.73,0,0
988.669299,6.929418563090961,344.395,358.593,0,0
988.769293,5.7156123481025025,344.273,358.58,0,0
988.869288,7.836699229645516,344.418,358.478,0,0
988.969287,6.251595490158912,344.356,358.64,0,0
989.069283,3.8763923037578207,344.222,358.807,0,0
989.1692800000001,5.001182754902069,344.263,358.687,0,0
989.269274,3.168298282923733,344.108,358.721,0,0
989.3692709999999,4.402037446293721,344.193,358.663,0,0
989.469268,3.3537325847350132,344.116,358.704,0,0
989.569264,1.9256661175343017,344.002,358.743,0,0
989.669265,3.25413208604828,344.059,358.617,0,0
989.76926,2.380073676233899,344.005,358.67,0,0
989.8692530000001,4.052432383548062,344.113,358.578,0,0
989.969249,3.8845594657801907,344.141,358.659,0,0
990.06925,4.839963632888674,344.085,358.39,0,0
990.169245,3.471350522766201,344.175,358.794,0,0
990.2692410000001,7.736732260579511,344.588,358.812,0,0
990.369236,10.581733850628543,344.752,358.619,0,0
990.469234,8.89001983940535,344.556,358.553,0,0
990.56923,7.6782599605309905,344.488,358.639,0,0
990.669226,7.951831590782724,344.386,358.404,0,0
990.769224,6.178206038150602,344.354,358.654,0,0
990.869225,4.673401991016352,344.136,358.515,0,0
990.969217,6.403201042199117,344.319,358.551,0,0
991.0692190000001,4.048693075513115,344.175,358.696,0,0
991.169212,4.709072578511761,344.296,358.804,0,0
991.2692049999999,6.664193856609951,344.409,358.672,0,0
991.369206,8.896481696518768,344.708,358.834,0,0
991.469202,10.800559814956133,344.839,358.744,0,0
991.569196,15.215402693068738,345.177,358.598,0,0
991.669193,12.896980183182254,345.05,358.768,0,0
991.76919,13.736000636259252,345.133,358.775,0,0
991.869188,11.220212929464184,344.752,358.512,0,0
991.9691829999999,10.8451803437646,344.849,358.756,0,0
992.069179,9.589596897884155,344.585,358.489,0,0
992.169178,7.733248391684937,344.468,358.597,0,0
992.26918,7.687432223363452,344.532,358.723,0,0
992.3691729999999,6.575508215513444,344.318,358.523,0,0
992.4691700000001,8.727378298841945,344.517,358.515,0,0
992.569168,6.878379037773751,344.417,358.653,0,0
992.669165,7.108949951643771,344.343,358.477,0,0
992.7691629999999,4.710077316880113,344.191,358.615,0,0
992.869162,5.0833985350109065,344.143,358.462,0,0
992.9691580000001,5.371842455731399,344.206,358.528,0,0
993.069155,5.294541146685137,344.248,358.619,0,0
993.1691539999999,6.101135168281602,344.36,358.685,0,0
993.269151,2.2531247018685514,344.009,358.709,0,0
993.3691530000001,2.467071220375141,344.103,358.845,0,0
993.46915,3.962879560897749,344.203,358.769,0,0
993.569147,5.697084760852781,344.3,358.646,0,0
993.6691430000001,4.269690872881904,344.229,358.764,0,0
993.769139,3.8353790327522397,344.253,358.884,0,0
993.869139,4.142244803074592,344.246,358.818,0,0
993.969135,2.3082256281343687,344.061,358.797,0,0
994.06913,2.6323222993313786,344.079,358.774,0,0
994.1691310000001,1.7173746779938845,343.957,358.709,0,0
994.269126,2.0959349273978187,344.022,358.763,0,0
994.369128,1.3404706494516407,344.039,358.926,0,0
994.469125,1.8108028172591415,343.998,358.769,0,0
994.569121,1.1270978226143922,343.937,358.776,0,0
994.669115,-2.0857609258689567,343.664,358.833,0,0
994.769116,-0.9874207895141343,343.74,358.782,0,0
994.869112,0.038716230701599484,343.857,358.819,0,0
994.969112,1.6503358936066133,344.081,358.951,0,0
995.069109,0.28325062802059,343.832,358.731,0,0
995.169105,0.17446472607698557,343.852,358.787,0,0
995.269102,1.0222534333720228,343.863,358.66,0,0
995.3691,-0.3095147977526725,343.813,358.8,0,0
995.469101,1.352087588769792,343.814,358.513,0,0
995.569093,0.21796599700630645,343.899,358.867,0,0
995.669096,2.2332781784523457,344.109,358.903,0,0
995.769088,1.2107785839588199,343.904,358.704,0,0
995.869087,0.7435427424632005,344.045,359.045,0,0
995.9690879999999,-0.28703089304324275,343.905,358.967,0,0
996.069084,1.7009521529037603,344.051,358.89,0,0
996.169078,1.833096095095579,344.059,358.882,0,0
996.269076,1.4003979075036455,344.075,358.987,0,0
996.369079,1.4021847072519749,344.106,359.044,0,0
996.469075,1.363524274870456,344.106,359.051,0,0
996.569074,3.877775054852027,344.136,358.669,0,0
996.669072,2.0919428856706674,344.161,359.026,0,0
996.769063,0.18527783121568706,343.98,359.025,0,0
996.869064,1.1548740827525286,344.071,359.024,0,0
996.9690579999999,0.8719073443920373,343.918,358.792,0,0
997.0690559999999,1.8382566159059872,344.075,358.913,0,0
997.1690590000001,1.3205516045472572,343.971,358.812,0,0
997.269053,1.2098940284562325,344.068,359.01,0,0
997.369051,2.3889886422429996,344.0,358.68,0,0
997.469052,1.5542222461199344,343.997,358.82,0,0
997.5690500000001,0.6458673710844913,344.049,359.074,0,0
997.6690450000001,2.8202953682211125,344.186,358.948,0,0
997.7690429999999,1.443080412791156,343.973,358.796,0,0
997.8690409999999,0.8529344016310856,343.929,358.818,0,0
997.969037,1.9250721367801682,343.996,358.755,0,0
998.069032,1.3110172018481987,343.953,358.783,0,0
998.1690309999999,2.1323870284758946,343.924,358.587,0,0
998.2690289999999,2.9773303781314024,344.138,358.834,0,0
998.369026,4.43156773894791,344.152,358.607,0,0
998.469025,3.5094025368969377,344.244,358.937,0,0
998.569024,1.0561226611566248,343.92,358.768,0,0
998.6690209999999,2.9192584720069132,344.108,358.79,0,0
998.769015,3.280124084240798,344.161,358.825,0,0
998.869015,4.456870646180737,344.208,358.707,0,0
998.969014,2.8170798279462788,344.093,358.781,0,0
999.069013,3.974052049690682,344.149,358.683,0,0
999.1690110000001,6.014659814718517,344.344,358.687,0,0
999.269005,7.380545878905931,344.529,358.79,0,0
999.369001,9.215465219251868,344.579,358.563,0,0
999.4689989999999,7.252227249266164,344.447,358.662,0,0
999.568995,7.560448042171015,344.501,358.708,0,0
999.668993,3.9717044189153907,344.268,358.904,0,0
999.768992,3.834205723811041,344.238,358.873,0,0
999.8689880000001,4.782437570877534,344.296,358.815,0,0
999.968988,4.832996021970539,344.249,358.72,0,0
1000.068984,6.701230152287207,344.344,358.57,0,0
1000.168979,4.986054536503461,344.186,358.578,0,0
1000.2689790000001,4.531711058579409,344.288,358.845,0,0
1000.368973,6.2634185317120386,344.319,358.601,0,0
1000.468966,7.752767868136332,344.476,358.631,0,0
1000.568966,4.7265181990889165,344.35,358.926,0,0
1000.66896,4.655497232689781,344.229,358.716,0,0
1000.768957,5.173617226851741,344.261,358.685,0,0
1000.868958,3.778858766120546,344.217,358.847,0,0
1000.968951,7.403324340389099,344.602,358.925,0,0
1001.068948,8.728991268086618,344.762,358.989,0,0
1001.168941,9.706868937672168,344.844,358.97,0,0
1001.2689399999999,9.703213287894476,344.706,358.717,0,0
1001.3689350000001,6.758637386413804,344.435,358.731,0,0
1001.4689350000001,8.774406296276075,344.657,358.789,0,0
1001.568931,8.511183280989242,344.57,358.675,0,0
1001.668927,8.411556477524659,344.68,358.895,0,0
1001.768924,7.465342774446741,344.567,358.852,0,0
1001.868921,7.742566132396465,344.536,358.747,0,0
1001.9689159999999,5.989455088868391,344.388,358.78,0,0
1002.068916,3.2289752506361165,344.223,358.957,0,0
1002.168909,5.813948392839999,344.451,358.927,0,0
1002.268907,4.321790337749473,344.238,358.795,0,0
1002.368903,4.052582277496167,344.17,358.717,0,0
1002.4689000000001,2.9686407383369486,344.113,358.801,0,0
1002.568892,3.363504167947395,344.229,358.946,0,0
1002.668892,3.9354714491659273,344.14,358.683,0,0
1002.768885,3.1928900731059406,344.143,358.818,0,0
1002.868882,1.6271113147763703,344.06,358.938,0,0
1002.968878,4.097659486953849,344.15,358.674,0,0
1003.0688789999999,4.012082087352841,344.201,358.783,0,0
1003.1688710000001,2.27022782552481,344.072,358.849,0,0
1003.268873,2.658446079969612,344.139,358.905,0,0
1003.368866,3.981180633186548,344.171,358.734,0,0
1003.4688639999999,2.971520658476259,344.052,358.691,0,0
1003.568857,2.4747287861804894,343.969,358.625,0,0
1003.668858,2.148903995984528,344.05,358.831,0,0
1003.768855,2.6311995611834047,343.996,358.648,0,0
1003.868848,5.2957039093635885,344.25,358.652,0,0
1003.968848,7.365309474606976,344.376,358.524,0,0
1004.068843,5.993984873358067,344.369,358.75,0,0
1004.168839,5.521091414344528,344.31,358.724,0,0
1004.2688340000001,3.113055605652886,344.093,358.744,0,0
1004.368829,3.682663994772997,344.144,358.739,0,0
1004.468828,4.34811395542908,344.247,358.813,0,0
1004.568821,3.2504381852796276,344.055,358.651,0,0
1004.668823,2.9435330974268745,343.978,358.563,0,0
1004.768818,1.8643980250022836,343.972,358.74,0,0
1004.8688149999999,1.4901062937964449,343.962,358.787,0,0
1004.9688120000001,1.9599445850107522,344.009,358.792,0,0
1005.068807,4.127480871363628,344.141,358.658,0,0
1005.168802,3.7844581044432317,344.122,358.683,0,0
1005.2688009999999,1.7660445301118128,344.0,358.81,0,0
1005.368796,2.244379341352932,344.069,358.854,0,0
1005.468795,4.361814186484044,344.168,358.668,0,0
1005.568792,1.242744625202752,343.918,358.751,0,0
1005.6687870000001,3.938486129469483,344.238,358.871,0,0
1005.768785,4.55616193307393,344.243,358.773,0,0
1005.868778,3.374074778777919,344.149,358.806,0,0
1005.9687739999999,2.7052996249931276,344.128,358.884,0,0
1006.068772,3.5515122057331117,344.072,358.634,0,0
1006.168769,2.957451267662949,344.051,358.699,0,0
1006.2687659999999,6.5394044979948305,344.401,358.72,0,0
1006.3687580000001,4.540592421889557,344.139,358.586,0,0
1006.468757,5.10626197671999,344.263,358.716,0,0
1006.568751,6.651267714688687,344.372,358.648,0,0
1006.66875,5.357678013626526,344.293,358.728,0,0
1006.768747,5.703610392723389,344.331,358.738,0,0
1006.868744,3.0714332476026236,344.114,358.797,0,0
1006.9687389999999,2.3231387233087557,344.042,358.795,0,0
1007.0687360000001,1.880324729153763,344.069,358.922,0,0
1007.1687290000001,3.1609900800536304,344.103,358.762,0,0
1007.268732,6.398823706354026,344.396,358.738,0,0
1007.368726,7.686123934508128,344.504,358.713,0,0
1007.4687210000001,7.748645062524213,344.444,358.592,0,0
1007.568719,7.174597190574406,344.395,358.602,0,0
1007.668712,6.863288009116403,344.404,358.673,0,0
1007.768711,7.406228846553076,344.459,358.68,0,0
1007.868711,3.4935972980105476,344.172,358.833,0,0
1007.968705,5.808733767115553,344.281,358.631,0,0
1008.068699,5.611904157394398,344.303,358.706,0,0
1008.1687,6.485176215745284,344.405,358.742,0,0
1008.268695,9.622081642978582,344.714,358.765,0,0
1008.3686899999999,5.643719519123794,344.386,358.854,0,0
1008.4686879999999,8.183431570002268,344.557,358.727,0,0
1008.5686890000001,5.581387557368609,344.301,358.709,0,0
1008.668682,7.104768894593164,344.446,358.711,0,0
1008.768679,5.714418513849179,344.316,358.714,0,0
1008.86868,5.153240252375372,344.278,358.742,0,0
1008.968678,5.30703597124239,344.2,358.572,0,0
1009.068676,5.515035491786507,344.238,358.606,0,0
1009.1686679999999,6.7885365204462715,344.361,358.611,0,0
1009.268669,7.594671289637171,344.486,358.701,0,0
1009.368666,6.711258013615014,344.286,358.487,0,0
1009.468664,7.258528893801029,344.43,358.657,0,0
1009.56866,10.732238260760257,344.704,358.557,0,0
1009.668657,9.863696542379271,344.669,358.644,0,0
1009.768656,9.244829719038389,344.6,358.625,0,0
1009.868652,8.458362114166139,344.557,358.683,0,0
1009.9686509999999,9.528686143480197,344.576,358.532,0,0
1010.068648,8.337389953085044,344.517,358.631,0,0
1010.168647,11.172733795766607,344.704,358.482,0,0
1010.268639,9.521474355764203,344.539,358.466,0,0
1010.368635,7.061661681481752,344.447,358.725,0,0
1010.468637,9.263434685242837,344.623,358.666,0,0
1010.568634,7.431738055744202,344.398,358.571,0,0
1010.668632,5.91721126819734,344.353,358.752,0,0
1010.768628,7.55625260322568,344.441,358.629,0,0
1010.868622,6.810275779295895,344.329,358.553,0,0
1010.96862,6.893211333925803,344.378,358.629,0,0
1011.068616,9.958434273698996,344.59,358.486,0,0
1011.1686139999999,11.12296590598516,344.719,358.521,0,0
1011.268613,8.30751743381319,344.62,358.829,0,0
1011.368613,9.454818270836526,344.724,358.821,0,0
1011.468608,8.812097174398968,344.531,358.578,0,0
1011.5686010000001,5.949588412526275,344.277,358.609,0,0
1011.6686010000001,9.453864029488956,344.574,358.546,0,0
1011.768596,6.346064029974606,344.318,358.616,0,0
1011.868599,6.697994652287574,344.312,358.544,0,0
1011.96859,7.416114179114232,344.364,358.515,0,0
1012.068588,4.893093374014205,344.247,358.739,0,0
1012.168587,5.742945042706403,344.287,358.665,0,0
1012.268583,8.518479423991701,344.564,358.692,0,0
1012.368581,9.333403941995378,344.567,358.556,0,0
1012.468581,8.648320464203254,344.52,358.589,0,0
1012.568573,9.196360867886344,344.482,358.424,0,0
1012.6685699999999,6.18737917411232,344.306,358.624,0,0
1012.768571,6.5769973041605185,344.334,358.608,0,0
1012.868565,5.024123877996437,344.187,358.608,0,0
1012.968562,7.162461660727795,344.332,358.503,0,0
1013.0685609999999,5.994426192949838,344.179,358.425,0,0
1013.168559,5.401764205282697,344.119,358.418,0,0
1013.268553,7.502588087351257,344.361,358.498,0,0
1013.368554,5.577529747951441,344.2,358.537,0,0
1013.468552,5.810381562761085,344.186,358.471,0,0
1013.568551,4.617484901333865,344.11,358.539,0,0
1013.668544,4.583203692535794,344.099,358.525,0,0
1013.768542,7.690704048462222,344.365,358.474,0,0
1013.8685370000001,6.063766342573927,344.311,358.658,0,0
1013.9685350000001,5.1692933580155564,344.173,358.56,0,0
1014.068533,3.0472163908271717,344.02,358.648,0,0
1014.168529,4.611544936068255,344.108,358.538,0,0
1014.268529,4.7646500627553445,344.037,358.381,0,0
1014.368526,3.264162685876155,343.958,358.497,0,0
1014.4685209999999,4.0652448532018886,344.076,358.575,0,0
1014.568518,3.59075358168856,344.0,358.518,0,0
1014.6685200000001,3.418777252855263,343.97,358.493,0,0
1014.7685110000001,2.107028875277687,343.892,358.578,0,0
1014.86851,3.8819059088741223,344.051,358.562,0,0
1014.968506,0.10263251491694755,343.719,358.609,0,0
1015.068507,3.554058668404738,343.961,358.454,0,0
1015.168503,1.4772673279005062,343.815,358.547,0,0
1015.268502,2.4016286764657746,343.799,358.357,0,0
1015.368498,3.8801928636290204,343.924,358.33,0,0
1015.468497,3.750503945057848,343.923,358.351,0,0
1015.56849,3.5923168797766034,343.903,358.342,0,0
1015.66849,2.6915778752107453,343.903,358.499,0,0
1015.7684889999999,2.6333670058195984,343.943,358.583,0,0
1015.8684840000001,1.7650874296346573,343.839,358.543,0,0
1015.968477,2.3578949309289308,343.946,358.637,0,0
1016.068476,2.3082346564368335,343.883,358.53,0,0
1016.168473,3.327939948991394,344.007,358.581,0,0
1016.268471,4.109270106027723,344.084,358.587,0,0
1016.368469,3.083488272127177,344.045,358.694,0,0
1016.468462,2.9469483921675894,343.939,358.523,0,0
1016.56846,3.0627785342820117,343.946,358.516,0,0
1016.668451,1.1385872519920712,343.909,358.783,0,0
1016.768451,2.5948557925696827,344.027,358.747,0,0
1016.8684499999999,3.1925234412421344,344.06,358.704,0,0
1016.96844,3.355035050353784,344.035,358.63,0,0
1017.068438,3.4619360367034755,343.958,358.47,0,0
1017.168437,5.7970454392988024,344.139,358.397,0,0
1017.268431,4.933074169206083,344.174,358.612,0,0
1017.368432,5.4698061594653815,344.242,358.644,0,0
1017.468422,4.798069775124921,344.168,358.625,0,0
1017.568424,3.84542236196107,344.062,358.596,0,0
1017.6684200000001,3.036650746080951,344.037,358.691,0,0
1017.768416,5.365114739683158,344.169,358.529,0,0
1017.868407,2.5462377039119204,344.03,358.764,0,0
1017.9684100000001,5.0372589334199525,344.104,358.467,0,0
1018.068401,4.491464237639562,344.118,358.588,0,0
1018.168398,7.091639753350666,344.292,358.456,0,0
1018.2683959999999,5.893874423185367,344.315,358.707,0,0
1018.36839,5.944450745556733,344.243,358.566,0,0
1018.468391,5.74003810968307,344.267,358.646,0,0
1018.568388,4.645993763782329,344.196,358.706,0,0
1018.668382,4.8822894276862945,344.197,358.667,0,0
1018.768377,4.093985330810941,344.156,358.729,0,0
1018.868373,2.7174171423606595,344.061,358.794,0,0
1018.968368,4.774386728498705,344.182,358.659,0,0
1019.068365,2.8798851340401517,344.069,358.781,0,0
1019.168364,0.7090939398115003,343.869,358.791,0,0
1019.2683619999999,3.5453288990664054,344.13,358.778,0,0
1019.368359,1.6421253640975633,343.939,358.758,0,0
1019.468355,2.467378222878303,343.987,358.703,0,0
1019.568351,4.228013436181668,344.124,358.649,0,0
1019.668344,4.223867016124865,344.074,358.558,0,0
1019.7683390000001,3.5856518139102747,344.101,358.719,0,0
1019.86834,3.963345318351817,344.067,358.591,0,0
1019.968331,0.7081875286182192,343.815,358.694,0,0
1020.068328,3.0255801145622625,344.034,358.694,0,0
1020.168329,1.0596010917180807,343.88,358.753,0,0
1020.268323,2.9979572279234454,343.98,358.6,0,0
1020.368319,2.5425066834331385,344.002,358.72,0,0
1020.468314,3.0009106212552896,343.924,358.497,0,0
1020.568309,3.0838823711054553,343.898,358.435,0,0
1020.6683079999999,6.7037233259164815,344.363,358.661,0,0
1020.7683059999999,9.125280860211593,344.525,358.538,0,0
1020.868304,7.268293971761972,344.315,358.475,0,0
1020.968301,6.030104175164964,344.257,358.584,0,0
1021.068292,6.128921572463014,344.27,358.591,0,0
1021.168289,7.103603372450357,344.318,358.51,0,0
1021.268289,5.763586923413529,344.227,358.576,0,0
1021.368284,4.855760737005712,344.141,358.576,0,0
1021.4682770000001,5.102642808905392,344.118,358.491,0,0
1021.568277,6.091557638832732,344.213,358.494,0,0
1021.668273,4.480966408835044,344.11,358.585,0,0
1021.768265,2.3517814041362133,343.921,358.608,0,0
1021.8682610000001,2.1098993397389263,343.942,358.689,0,0
1021.968263,4.895330271479095,344.202,358.683,0,0
1022.068257,3.6511555187244698,344.163,358.828,0,0
1022.168253,2.356034898595084,343.917,358.601,0,0
1022.268248,3.4437786676902573,344.067,358.688,0,0
1022.368246,1.9255981815044088,343.976,358.785,0,0
1022.468241,4.181438821868267,344.062,358.551,0,0
1022.5682419999999,5.635869711331873,344.182,358.519,0,0
1022.668233,5.396985971946922,344.181,358.559,0,0
1022.768233,7.326987575750232,344.465,358.746,0,0
1022.868226,7.006105606935988,344.297,358.493,0,0
1022.968225,6.729513296728797,344.312,358.569,0,0
1023.068221,8.758668330437054,344.432,358.437,0,0
1023.168218,8.139070822194176,344.47,358.615,0,0
1023.268216,7.3347174017836,344.334,358.505,0,0
1023.3682120000001,5.607039064597849,344.402,358.931,0,0
1023.468202,3.083860262723989,344.129,358.868,0,0
1023.568204,7.186806058839795,344.35,358.561,0,0
1023.668198,7.1449091780437435,344.416,358.69,0,0
1023.768195,8.707639691814409,344.487,358.549,0,0
1023.868193,7.759767907163292,344.507,358.751,0,0
1023.9681899999999,8.57100624262915,344.539,358.669,0,0
1024.0681829999999,7.780918334853697,344.375,358.505,0,0
1024.1681859999999,8.623371647779779,344.523,358.631,0,0
1024.268181,9.094819386599871,344.587,358.667,0,0
1024.368175,12.117533142319813,344.764,358.467,0,0
1024.468177,9.402585467257879,344.587,358.614,0,0
1024.568171,11.761844814534248,344.748,358.5,0,0
1024.668168,8.921864882139952,344.507,358.551,0,0
1024.768169,6.319091327956206,344.358,358.73,0,0
1024.868165,6.035367101660962,344.387,358.833,0,0
1024.9681659999999,6.5525982930819024,344.37,358.712,0,0
1025.068159,7.412369241918304,344.343,358.513,0,0
1025.168157,6.785878031151343,344.376,358.683,0,0
1025.268158,8.166039658280416,344.533,358.732,0,0
1025.3681550000001,9.463034004822688,344.568,358.571,0,0
1025.4681480000002,7.163230019174185,344.477,358.804,0,0
1025.568144,5.891976458745956,344.33,358.755,0,0
1025.668147,8.697670332539063,344.518,358.613,0,0
1025.768142,9.476677229289745,344.66,358.739,0,0
1025.868141,8.883587368250156,344.538,358.618,0,0
1025.968138,14.553853052873055,344.917,358.329,0,0
1026.0681319999999,13.133323001386067,344.951,358.639,0,0
1026.1681310000001,13.30022191850846,344.89,358.498,0,0
1026.268132,14.84247559304353,345.002,358.436,0,0
1026.368126,13.267289659053127,344.898,358.519,0,0
1026.468121,12.71559957573749,344.731,358.308,0,0
1026.568123,10.56523523953007,344.615,358.469,0,0
1026.668118,12.327258688519594,344.738,358.389,0,0
1026.768118,13.231071034866531,344.938,358.6,0,0
1026.868111,13.342110427008352,344.869,358.454,0,0
1026.968112,14.600671522942598,345.002,358.48,0,0
1027.068105,14.041361981968661,344.912,358.412,0,0
1027.168107,13.846823836951796,344.969,358.551,0,0
1027.268104,11.788231518305624,344.747,358.501,0,0
1027.368099,13.307052811442155,344.822,358.375,0,0
1027.4681,11.68770786363787,344.766,358.554,0,0
1027.5680969999999,8.179728740283183,344.389,358.471,0,0
1027.668091,9.68176300653639,344.476,358.37,0,0
1027.768088,8.9527208698871,344.558,358.648,0,0
1027.868087,8.182863583840243,344.397,358.486,0,0
1027.968086,8.762363164388947,344.456,358.494,0,0
1028.068084,9.024855382233092,344.491,358.513,0,0
1028.168078,7.752195819495734,344.408,358.582,0,0
1028.268076,7.300709831000964,344.307,358.475,0,0
1028.368072,4.576801841186296,344.121,358.607,0,0
1028.468076,6.769912443758456,344.144,358.268,0,0
1028.568069,6.633529009499182,344.219,358.43,0,0
1028.668071,4.599506541633713,344.064,358.499,0,0
1028.768063,5.714646962686955,344.128,358.423,0,0
1028.868062,5.52977477593958,344.162,358.518,0,0
1028.968061,8.48190009016855,344.372,358.391,0,0
1029.068055,12.623173794355807,344.745,358.357,0,0
1029.168054,11.910941023966904,344.765,358.518,0,0
1029.268053,10.402904880486995,344.613,358.501,0,0
1029.36805,8.570750355320502,344.401,358.43,0,0
1029.468049,7.586135294222939,344.336,358.482,0,0
1029.568043,8.100803116970852,344.403,358.516,0,0
1029.668043,6.665435630926003,344.197,358.387,0,0
1029.768042,8.180285812744154,344.42,358.534,0,0
1029.868037,6.773871008461888,344.245,358.457,0,0
1029.9680309999999,8.614495534748306,344.42,358.459,0,0
1030.068031,8.735623795568973,344.415,358.429,0,0
1030.168027,6.762039882747009,344.313,358.585,0,0
1030.268023,7.549360992937763,344.371,358.555,0,0
1030.3680259999999,6.63211137298198,344.289,358.564,0,0
1030.4680230000001,8.266982788100023,344.469,358.611,0,0
1030.568021,9.243270282769211,344.534,358.561,0,0
1030.668015,7.630398913722067,344.396,358.588,0,0
1030.768012,7.539334112804972,344.403,358.617,0,0
1030.868012,6.992895291174769,344.324,358.567,0,0
1030.968006,5.31402279788328,344.239,358.703,0,0
1031.068008,5.3360846527180055,344.198,358.624,0,0
1031.168005,6.344106661034104,344.241,358.528,0,0
1031.267998,5.550320084678638,344.131,358.464,0,0
1031.368001,6.366367141439821,344.214,358.475,0,0
1031.467997,3.5247448248227786,344.056,358.679,0,0
1031.567994,3.9311683873007044,344.047,358.592,0,0
1031.66799,3.5661304692727174,343.927,358.435,0,0
1031.767985,3.0249305112666374,343.961,358.592,0,0
1031.867986,3.7897504298836937,343.956,358.45,0,0
1031.967981,1.8331600338515244,343.898,358.684,0,0
1032.067981,2.6954666243394323,343.862,358.468,0,0
1032.167974,0.7529358856185754,343.72,358.545,0,0
1032.267973,2.1443675205299844,343.871,358.581,0,0
1032.36797,2.1420662897115244,343.819,358.486,0,0
1032.467967,6.327230447427538,344.238,358.529,0,0
1032.567968,8.294317066223442,344.363,358.417,0,0
1032.667963,6.708288673629932,344.352,358.673,0,0
1032.767965,8.061405572011541,344.326,358.39,0,0
1032.8679570000002,6.5174911405884774,344.213,358.451,0,0
1032.967956,5.52710864182394,344.198,358.596,0,0
1033.067951,6.264112748266774,344.192,358.457,0,0
1033.167955,6.859449230360897,344.315,358.58,0,0
1033.267946,7.239680689948524,344.272,358.435,0,0
1033.367947,6.458969824326645,344.229,358.492,0,0
1033.4679429999999,5.1936940226685655,344.088,358.453,0,0
1033.56794,5.530664489415192,344.142,358.494,0,0
1033.667941,3.6384418146498865,344.089,358.726,0,0
1033.767937,4.905761750942655,344.175,358.664,0,0
1033.867932,3.9795840869586945,344.009,358.52,0,0
1033.967933,3.733821396755295,343.978,358.506,0,0
1034.067925,4.912562510169465,344.229,358.763,0,0
1034.167925,4.283379927077331,344.115,358.663,0,0
1034.2679229999999,6.107901030288723,344.32,358.723,0,0
1034.367922,8.35177588007405,344.444,358.561,0,0
1034.467916,10.162291473970873,344.608,358.548,0,0
1034.567914,8.693351701618665,344.426,358.469,0,0
1034.667913,5.100519862122887,344.11,358.513,0,0
1034.767908,6.006229464270539,344.183,358.49,0,0
1034.867906,4.026240023649111,344.013,358.522,0,0
1034.9679059999999,5.513763181683196,344.172,358.556,0,0
1035.0679030000001,4.826405007237875,344.09,358.525,0,0
1035.1678980000002,3.8399522412935982,344.027,358.581,0,0
1035.2679,3.767256744424591,344.089,358.708,0,0
1035.367898,4.825858373826943,344.127,358.594,0,0
1035.467891,7.007185005999758,344.294,358.522,0,0
1035.567892,3.988125153975758,344.054,358.606,0,0
1035.667889,2.922120438637044,344.015,358.72,0,0
1035.767885,2.2333446960672823,344.022,358.853,0,0
1035.867882,3.304101246889296,344.128,358.862,0,0
1035.967881,3.538823775359784,344.062,358.7,0,0
1036.067876,-0.7183495821458262,343.656,358.694,0,0
1036.167878,0.35473418903760284,343.697,358.583,0,0
1036.267875,-0.4953861975569603,343.617,358.584,0,0
1036.367872,2.682897692035414,343.956,358.655,0,0
1036.467868,3.0277054880672445,343.964,358.61,0,0
1036.567866,1.8964466897818153,343.846,358.59,0,0
1036.667862,-0.19505580355169688,343.716,358.715,0,0
1036.767862,1.0233326939591585,343.724,358.518,0,0
1036.867855,1.379137238073396,343.82,358.633,0,0
1036.9678569999999,0.6140785392214966,343.735,358.61,0,0
1037.0678540000001,2.2535850751762636,343.835,358.509,0,0
1037.167852,2.704755074137986,344.021,358.773,0,0
1037.2678469999998,3.9592290135552215,344.046,358.601,0,0
1037.367843,0.8847755171777715,343.785,358.656,0,0
1037.467843,4.449088259114527,344.023,358.474,0,0
1037.567836,1.5697704090219278,343.856,358.668,0,0
1037.667835,2.287705592693913,343.827,358.49,0,0
1037.767836,3.8702054837437383,343.914,358.375,0,0
1037.867833,2.744640370507387,343.921,358.584,0,0
1037.967831,1.6551714442947603,343.92,358.772,0,0
1038.067826,3.9767275207580886,344.097,358.694,0,0
1038.167823,6.535511576488042,344.316,358.652,0,0
1038.26782,5.189538303569277,344.194,358.662,0,0
1038.36782,6.691360586807587,344.25,358.504,0,0
1038.467817,6.272435713554158,344.351,358.763,0,0
1038.5678149999999,7.535904488747078,344.31,358.468,0,0
1038.667814,5.631106980735668,344.102,358.417,0,0
1038.767811,5.419385884033067,344.034,358.329,0,0
1038.867809,3.904664818412557,343.933,358.407,0,0
1038.967803,2.9425663361801275,343.906,358.525,0,0
1039.0678,3.7151820520507255,343.955,358.481,0,0
1039.167796,5.832608742807762,344.104,358.387,0,0
1039.2677959999999,3.983703661453667,343.829,358.203,0,0
1039.367792,2.9562968276940493,343.848,358.417,0,0
1039.467789,1.1298937081200244,343.636,358.345,0,0
1039.567785,2.010083676591552,343.718,358.343,0,0
1039.667788,2.827508743097747,343.812,358.374,0,0
1039.767783,3.3936678428094926,343.898,358.434,0,0
1039.867779,4.002373882857419,343.944,358.413,0,0
1039.96778,5.807361106988547,344.139,358.458,0,0
1040.0677759999999,4.412661488416916,343.995,358.436,0,0
1040.167771,4.788512393208372,343.988,358.358,0,0
1040.267766,2.3260058929238974,343.774,358.393,0,0
1040.367764,3.8710144789820853,343.908,358.371,0,0
1040.467761,1.337257457157167,343.659,358.354,0,0
1040.5677560000001,4.509611790132589,343.892,358.231,0,0
1040.667751,1.9534720307420559,343.836,358.573,0,0
1040.7677469999999,1.1911856068905446,343.723,358.498,0,0
1040.867745,2.692067277780323,343.83,358.434,0,0
1040.967743,2.187724897710209,343.699,358.281,0,0
1041.067736,1.15965847548088,343.65,358.37,0,0
1041.167731,1.0957539053579526,343.59,358.271,0,0
1041.26773,0.4465401132783326,343.554,358.318,0,0
1041.367723,2.723440111899304,343.867,358.498,0,0
1041.467719,2.652868451801844,343.808,358.402,0,0
1041.567718,3.9677498367145296,343.961,358.455,0,0
1041.66771,1.9266323920593034,343.745,358.413,0,0
1041.7677099999999,0.6691529839423287,343.658,358.472,0,0
1041.867706,1.5206077118356112,343.74,358.475,0,0
1041.9677,0.23944663401304547,343.66,358.551,0,0
1042.067697,0.2678988248654111,343.737,358.688,0,0
1042.167696,0.9002983474686069,343.751,358.604,0,0
1042.267693,1.0262588591314472,343.747,358.575,0,0
1042.367687,-0.08705235272512046,343.597,358.493,0,0
1042.467681,0.6589174418166975,343.6,358.369,0,0
1042.567678,-0.9622396854921901,343.496,358.46,0,0
1042.66768,1.00736218963178,343.662,358.423,0,0
1042.767672,4.405667299041397,343.968,358.395,0,0
1042.867672,4.600800654918555,344.02,358.457,0,0
1042.9676670000001,3.887685987200568,343.966,358.482,0,0
1043.067662,5.634065541251461,344.131,358.482,0,0
1043.167654,5.29612339677446,344.094,358.473,0,0
1043.267653,4.63383572081691,343.991,358.399,0,0
1043.367652,3.215250210155062,343.798,358.291,0,0
1043.467649,2.0936055091676375,343.782,358.457,0,0
1043.567643,5.332871504733397,343.986,358.269,0,0
1043.667639,3.924362711233411,343.882,358.323,0,0
1043.767638,4.5643176801453125,343.969,358.372,0,0
1043.867628,1.1473269588642767,343.718,358.505,0,0
1043.967626,1.0282674088654804,343.618,358.342,0,0
1044.067628,2.200161581390202,343.764,358.407,0,0
1044.167624,1.111182249182343,343.7,358.479,0,0
1044.267619,1.7461260844678932,343.68,358.332,0,0
1044.36761,1.0210412415744112,343.664,358.429,0,0
1044.46761,1.6987053385148514,343.735,358.442,0,0
1044.5676019999999,2.6329495157922826,343.752,358.311,0,0
1044.667598,0.8765870151719101,343.72,358.558,0,0
1044.767596,3.957939750955457,343.877,358.311,0,0
1044.867591,1.8393279693049958,343.714,358.38,0,0
1044.967593,1.8301050863989243,343.732,358.415,0,0
1045.067585,1.1105729474318142,343.635,358.362,0,0
1045.16758,2.253027757428257,343.813,358.491,0,0
1045.267582,-1.425553629795711,343.509,358.572,0,0
1045.3675779999999,2.077620801427528,343.726,358.362,0,0
1045.467572,-0.3318270563739841,343.623,358.592,0,0
1045.567569,-0.39367328768999227,343.592,358.546,0,0
1045.667563,1.581698592986993,343.708,358.416,0,0
1045.7675629999999,3.773138722731522,343.889,358.368,0,0
1045.867558,3.55539195574489,343.94,358.5,0,0
1045.967553,3.564114616510167,343.926,358.473,0,0
1046.067547,1.1407047460931963,343.682,358.446,0,0
1046.167546,1.627108743360267,343.736,358.461,0,0
1046.2675450000002,1.216077395657083,343.666,358.404,0,0
1046.367539,0.4048064710694348,343.6,358.424,0,0
1046.467537,2.017637215435809,343.729,358.381,0,0
1046.567532,0.5001701725042044,343.606,358.419,0,0
1046.667526,-0.4756600530863418,343.444,358.291,0,0
1046.767522,-1.0156740173588188,343.408,358.319,0,0
1046.867516,2.4741341051476793,343.702,358.253,0,0
1046.967514,1.778674214514252,343.76,358.481,0,0
1047.067511,1.646043382837086,343.681,358.359,0,0
1047.167508,1.8317512969096446,343.737,358.43,0,0
1047.267505,1.28899921803557,343.654,358.372,0,0
1047.367497,1.3220967775951213,343.626,358.315,0,0
1047.467494,1.4464467895963844,343.63,358.301,0,0
1047.567495,1.6726237275246791,343.667,358.33,0,0
1047.667489,-0.07796866760248193,343.585,358.484,0,0
1047.767488,2.139026378327721,343.682,358.277,0,0
1047.867484,6.045331330394684,344.123,358.409,0,0
1047.9674790000001,14.258278354059925,344.818,358.259,0,0
1048.067476,16.95685112606258,345.01,358.143,0,0
1048.167473,12.880076989048817,344.764,358.4,0,0
1048.267473,11.056664881110805,344.555,358.333,0,0
1048.367469,12.468126511175441,344.653,358.268,0,0
1048.467463,9.286558165081491,344.371,358.303,0,0
1048.567462,5.857176729850864,344.071,358.348,0,0
1048.667461,7.276918454330433,344.16,358.265,0,0
1048.767453,4.706321939253131,344.051,358.512,0,0
1048.867452,6.642189714994351,344.085,358.238,0,0
1048.967446,6.453440184966098,344.067,358.238,0,0
1049.0674490000001,4.544231185342703,343.97,358.392,0,0
1049.167445,2.9309021569523326,343.845,358.443,0,0
1049.2674410000002,4.629964289174103,343.924,358.293,0,0
1049.367434,3.212019834021393,343.849,358.402,0,0
1049.467432,2.9821199071346483,343.832,358.411,0,0
1049.567433,3.181639583097668,343.848,358.406,0,0
1049.667429,3.8811474898319713,343.914,358.406,0,0
1049.767426,4.628743915507431,343.884,358.221,0,0
1049.8674210000001,4.957885021980934,343.984,358.348,0,0
1049.967422,6.196941019343572,344.057,358.267,0,0
1050.067419,5.1007882989624305,344.107,358.55,0,0
1050.167414,2.8426431208349494,343.927,358.612,0,0
1050.267413,6.217778515754181,344.127,358.393,0,0
1050.3674099999998,3.505146889245467,343.935,358.512,0,0
1050.4674029999999,1.4810475990075522,343.713,358.456,0,0
1050.5674040000001,1.3228642273191,343.718,358.493,0,0
1050.667396,1.4499322271788606,343.819,358.657,0,0
1050.767398,3.6793538808360893,343.89,358.4,0,0
1050.867394,2.0535786559752007,343.841,358.593,0,0
1050.9673910000001,3.7503469565925496,343.91,358.425,0,0
1051.06739,4.279321544465118,343.874,358.267,0,0
1051.1673859999999,4.122296449038696,343.859,358.267,0,0
1051.267384,4.136281608828397,343.908,358.355,0,0
1051.367376,1.7270743278729093,343.786,358.55,0,0
1051.467372,3.0677628568948,343.811,358.363,0,0
1051.567371,2.2507361607980942,343.77,358.43,0,0
1051.6673700000001,3.277393886541108,343.799,358.305,0,0
1051.767368,4.454389060096479,343.852,358.198,0,0
1051.867364,3.5731903634175217,343.887,358.416,0,0
1051.967357,1.1582577451738303,343.715,358.52,0,0
1052.067356,4.055236498651575,343.885,358.329,0,0
1052.1673540000002,3.3370604110073145,343.849,358.388,0,0
1052.267353,2.203740954322892,343.727,358.361,0,0
1052.3673489999999,1.4023327681090494,343.719,358.486,0,0
1052.4673440000001,3.791498028660425,343.86,358.33,0,0
1052.567344,1.6510262825774586,343.752,358.504,0,0
1052.667342,2.056062483741724,343.782,358.489,0,0
1052.767337,1.6367647272245112,343.696,358.404,0,0
1052.867334,2.6957958354028317,343.821,358.45,0,0
1052.967335,2.338776279812899,343.786,358.448,0,0
1053.067325,4.042840398354474,343.997,358.54,0,0
1053.1673230000001,3.3770934123830583,343.929,358.531,0,0
1053.2673189999998,5.084166610372483,344.093,358.536,0,0
1053.367321,7.583428290544737,344.283,358.451,0,0
1053.467314,6.221843145650851,344.128,358.403,0,0
1053.5673140000001,4.581609019766663,344.026,358.501,0,0
1053.6673130000001,7.679027535412205,344.253,358.38,0,0
1053.767307,7.0100986283480236,344.101,358.217,0,0
1053.867303,4.786157112274996,344.04,358.492,0,0
1053.967302,6.090501701164695,344.117,358.407,0,0
1054.067299,4.305677560357474,343.991,358.486,0,0
1054.167296,3.012161301507768,343.787,358.336,0,0
1054.267293,3.5557921858877632,343.885,358.422,0,0
1054.367288,3.3104601138958794,343.941,358.568,0,0
1054.4672890000002,3.1040059145483205,343.936,358.595,0,0
1054.567283,2.944059865843237,343.768,358.314,0,0
1054.667279,2.4867835629245163,343.792,358.438,0,0
1054.767275,3.4527015233858314,343.937,358.537,0,0
1054.8672709999998,4.290621632030674,343.965,358.443,0,0
1054.96727,4.842803324222548,343.96,358.338,0,0
1055.0672690000001,3.6000277592808314,343.907,358.457,0,0
1055.167268,2.574933036989996,343.911,358.643,0,0
1055.267266,4.160200240190406,343.995,358.522,0,0
1055.367259,4.641575143363892,343.992,358.433,0,0
1055.4672560000001,5.931189669977235,344.11,358.426,0,0
1055.567255,3.5661438663101688,343.94,358.525,0,0
1055.667254,6.531127787971844,344.211,358.508,0,0
1055.7672479999999,7.262621475184264,344.211,358.381,0,0
1055.867242,5.010399170423508,344.162,358.683,0,0
1055.967243,4.202433529828585,343.905,358.351,0,0
1056.067241,3.2005554322959315,343.915,358.544,0,0
1056.16724,3.277805608032433,343.864,358.437,0,0
1056.26724,2.726766676318543,343.815,358.443,0,0
1056.3672390000002,2.8278826270502133,343.863,358.514,0,0
1056.467237,2.191814878014828,343.744,358.406,0,0
1056.5672339999999,2.640514453552244,343.814,358.457,0,0
1056.667227,3.7485555769099226,343.842,358.316,0,0
1056.767228,2.4051012381872243,343.761,358.401,0,0
1056.8672250000002,3.6294618944475134,343.8,358.26,0,0
1056.967223,3.4544832624951245,343.842,358.368,0,0
1057.0672220000001,4.298400528468603,343.826,358.192,0,0
1057.16722,2.5346942646919897,343.777,358.409,0,0
1057.2672169999998,3.0291772161189647,343.766,358.303,0,0
1057.3672199999999,-0.17036486781363394,343.591,358.538,0,0
1057.467213,0.498840698003119,343.565,358.374,0,0
1057.567214,0.11971088140641056,343.629,358.558,0,0
1057.667213,2.9819704826134927,343.818,358.408,0,0
1057.7672109999999,3.054805405796376,343.878,358.506,0,0
1057.867209,4.24400118524095,343.899,358.338,0,0
1057.967207,4.9483940002336135,343.841,358.109,0,0
1058.0672009999998,3.7894687834041463,343.928,358.471,0,0
1058.167199,2.9030558750372903,343.8,358.39,0,0
1058.267198,2.420281157150147,343.783,358.443,0,0
1058.3672009999998,2.4593581214541738,343.761,358.396,0,0
1058.4671939999998,2.2956688732396064,343.747,358.399,0,0
1058.567192,1.450580025112591,343.749,358.55,0,0
1058.6671939999999,0.8535750516289545,343.675,358.518,0,0
1058.76719,0.2623280814428966,343.576,358.439,0,0
1058.867186,1.2988706374032557,343.613,358.327,0,0
1058.967188,0.33242973075530935,343.547,358.374,0,0
1059.067188,-1.1224941364341416,343.406,358.368,0,0
1059.16718,-1.206620095403018,343.343,358.267,0,0
1059.267183,-0.3751595525136931,343.428,358.279,0,0
1059.3671769999999,-2.0296241055241984,343.279,358.293,0,0
1059.4671759999999,0.7158082219471172,343.57,358.351,0,0
1059.567176,1.1197325787107475,343.52,358.189,0,0
1059.667175,0.011450902775627644,343.452,358.257,0,0
1059.767172,0.8350970495122004,343.533,358.263,0,0
1059.8671729999999,3.484222707954979,343.785,358.266,0,0
1059.967169,3.2998722106691,343.706,358.153,0,0
1060.067166,3.17985625276171,343.707,358.176,0,0
1060.167162,-0.4246974461012455,343.41,358.257,0,0
1060.2671659999999,1.4363746410776854,343.644,358.364,0,0
1060.36716,1.3416963741175743,343.53,358.171,0,0
1060.467156,1.688808903639741,343.548,358.144,0,0
1060.567154,-1.228446043548678,343.416,358.409,0,0
1060.667155,-0.06729251219678772,343.43,358.233,0,0
1060.7671540000001,4.02732398745249,343.81,358.22,0,0
1060.867152,3.7687251915476634,343.718,358.096,0,0
1060.967151,1.5300993671662741,343.598,358.265,0,0
1061.0671470000002,2.5923485444835617,343.732,358.327,0,0
1061.167144,0.8668398427388175,343.604,358.392,0,0
1061.267142,0.09718061209492986,343.549,358.425,0,0
1061.367145,0.8682040246212179,343.581,358.35,0,0
1061.467141,2.41090535246688,343.755,358.402,0,0
1061.567137,2.6293169502480382,343.688,358.241,0,0
1061.667136,3.075745818865646,343.698,358.182,0,0
1061.767136,1.6090580814702564,343.651,358.351,0,0
1061.867131,0.41320492661146613,343.547,358.368,0,0
1061.96713,1.7860436229877934,343.662,358.341,0,0
1062.067127,-0.4205661009037715,343.401,358.245,0,0
1062.1671259999998,0.0005578222044940753,343.451,358.264,0,0
1062.2671229999999,-0.2127984218112943,343.466,358.329,0,0
1062.3671219999999,0.4681203142853074,343.471,358.22,0,0
1062.467122,1.067398014578637,343.546,358.254,0,0
1062.567121,0.22879411179711204,343.441,358.207,0,0
1062.6671170000002,-0.29052946957297116,343.42,358.259,0,0
1062.767116,-1.73167351786254,343.314,358.315,0,0
1062.867112,-0.6739910689689638,343.378,358.249,0,0
1062.967113,-0.9022724649812213,343.353,358.243,0,0
1063.067108,0.31517468032106144,343.437,358.186,0,0
1063.167108,-3.292635479310582,343.231,358.435,0,0
1063.26711,-1.657024993621874,343.329,358.331,0,0
1063.367107,-0.4943333780075488,343.51,358.462,0,0
1063.467103,-0.582570332751358,343.389,358.255,0,0
1063.567104,-0.10558605640616883,343.447,358.279,0,0
1063.667097,-1.088346802303019,343.38,358.327,0,0
1063.767099,-0.14584678083222444,343.463,358.316,0,0
1063.867096,0.17852720239496356,343.437,358.212,0,0
1063.967094,0.35847346374738637,343.543,358.376,0,0
1064.06709,1.575011883937937,343.603,358.275,0,0
1064.167083,-0.3948453056286418,343.422,358.285,0,0
1064.267079,-0.9054553164322837,343.454,358.433,0,0
1064.3670749999999,-0.31118813527664435,343.422,358.271,0,0
1064.467067,0.6127065469416325,343.469,358.197,0,0
1064.5670619999999,-2.2539580209321013,343.307,358.398,0,0
1064.667064,-0.7822893672326385,343.477,358.455,0,0
1064.767055,-0.7686773854569565,343.339,358.199,0,0
1064.867054,-2.2420202086474523,343.268,358.325,0,0
1064.9670449999999,-1.1719440871278204,343.381,358.347,0,0
1065.067045,-1.4618099092436632,343.298,358.245,0,0
1065.1670430000001,-2.658852130925075,343.289,358.437,0,0
1065.2670360000002,-2.474034872065476,343.296,358.418,0,0
1065.367027,-1.4337879839164556,343.279,358.206,0,0
1065.4670230000002,-2.40114616049487,343.214,358.255,0,0
1065.5670249999998,0.10634662514912259,343.52,358.382,0,0
1065.667017,1.8828682113438941,343.646,358.305,0,0
1065.767012,2.1580505066103957,343.611,358.193,0,0
1065.867011,1.0543714752056976,343.538,358.251,0,0
1065.967006,1.1357279312464745,343.57,358.296,0,0
1066.066998,4.40738724628639,343.845,358.233,0,0
1066.166997,0.7830617993436066,343.557,358.334,0,0
1066.2669879999999,3.370583121029122,343.801,358.333,0,0
1066.366984,3.176093868192521,343.783,358.334,0,0
1066.466985,2.441126048499067,343.784,358.464,0,0
1066.5669750000002,2.7731315803960497,343.656,358.171,0,0
1066.666976,-0.3117214428015213,343.55,358.513,0,0
1066.7669680000001,-0.25397063404296,343.414,358.253,0,0
1066.866966,0.22761498633460997,343.467,358.267,0,0
1066.966963,-0.450107570778357,343.462,358.376,0,0
1067.066954,0.8825457968988154,343.477,358.172,0,0
1067.166951,-0.3015940625519853,343.404,358.244,0,0
1067.2669469999998,-2.0105943680723324,343.383,358.503,0,0
1067.366943,-1.3818316226067517,343.326,358.289,0,0
1067.466936,1.1314523509252208,343.532,358.231,0,0
1067.566935,0.02318492164840907,343.439,358.253,0,0
1067.6669310000002,0.2870684281585551,343.485,358.292,0,0
1067.7669250000001,1.4571434722037317,343.608,358.315,0,0
1067.866921,0.5766876432345711,343.536,358.336,0,0
1067.9669199999998,1.0785351948594073,343.517,358.214,0,0
1068.066912,-1.4297209094186725,343.334,358.314,0,0
1068.1669080000001,0.9334316592971564,343.572,358.341,0,0
1068.266908,-0.05271474609107662,343.365,358.132,0,0
1068.3668989999999,-2.902601403348958,343.216,358.354,0,0
1068.466895,-2.9564176318998703,343.245,358.417,0,0
1068.566895,-2.74378261082794,343.253,358.395,0,0
1068.666888,-0.9090513366465492,343.272,358.111,0,0
1068.766881,-0.8201172831612419,343.327,358.197,0,0
1068.8668810000001,-0.15162098685268965,343.358,358.138,0,0
1068.966872,-1.556915257026691,343.288,358.254,0,0
1069.066868,-0.5541806446424004,343.368,358.227,0,0
1069.166863,-3.639909399361441,343.163,358.387,0,0
1069.2668600000002,-1.2413204538007445,343.325,358.268,0,0
1069.366858,1.09194918603222,343.558,358.291,0,0
1069.4668510000001,0.6209442750409369,343.447,358.169,0,0
1069.566846,0.6082900003485882,343.45,358.177,0,0
1069.6668459999999,0.6901135566830912,343.469,358.198,0,0
1069.7668370000001,0.6767774240923992,343.454,358.173,0,0
1069.866835,-0.7901232940182693,343.376,358.285,0,0
1069.966831,-1.6868783020087013,343.253,358.215,0,0
1070.066828,0.5374429895983612,343.442,358.176,0,0
1070.1668189999998,-1.2007036529545445,343.309,358.234,0,0
1070.266817,-0.625331535152498,343.385,358.274,0,0
1070.366812,0.2788238188703661,343.366,358.082,0,0
1070.4668060000001,-0.9646270287387441,343.295,358.168,0,0
1070.566807,3.9901641132716463,343.852,358.331,0,0
1070.6668,7.093337138890233,344.079,358.209,0,0
1070.766793,4.1368407587093605,343.796,358.203,0,0
1070.866794,6.751953168969567,344.035,358.188,0,0
1070.966787,6.582273192385081,344.065,358.273,0,0
1071.066783,6.496756266501141,344.041,358.244,0,0
1071.166778,7.138346456400885,344.095,358.232,0,0
1071.266777,6.189174207601729,343.979,358.184,0,0
1071.366766,6.219262355931234,344.023,358.26,0,0
1071.4667630000001,7.414416937339829,344.1,358.194,0,0
1071.566758,5.925924166468828,343.983,358.238,0,0
1071.6667579999998,2.235134492489253,343.761,358.472,0,0
1071.7667509999999,1.0554016925871306,343.602,358.385,0,0
1071.866745,1.8443964066160816,343.552,358.156,0,0
1071.9667439999998,-0.31997590080538163,343.445,358.336,0,0
1072.066745,3.3503022205438464,343.749,358.257,0,0
1072.166746,-0.13079414932955397,343.449,358.311,0,0
1072.2667390000001,0.7526351689202659,343.515,358.279,0,0
1072.3667420000002,-0.7602098460828237,343.362,358.261,0,0
1072.466736,-0.016077952216559027,343.392,358.187,0,0
1072.566738,-0.966905532630832,343.384,358.338,0,0
1072.6667320000001,-1.5665887988943992,343.138,357.99,0,0
1072.766736,-0.6884733684538877,343.266,358.073,0,0
1072.866729,-2.642935829646003,343.112,358.13,0,0
1072.9667299999999,-1.4273350587073081,343.223,358.123,0,0
1073.0667279999998,-1.8241328520033433,343.225,358.196,0,0
1073.166728,-0.7369953070529079,343.232,358.02,0,0
1073.266726,-1.413795094871755,343.226,358.127,0,0
1073.366725,-0.668775180811029,343.33,358.189,0,0
1073.4667220000001,-1.20275980354222,343.2,358.043,0,0
1073.566717,1.2066219662915267,343.394,357.981,0,0
1073.6667180000002,1.723581602100323,343.521,358.125,0,0
1073.766716,-0.23203848323016316,343.387,358.219,0,0
1073.866714,0.6063445045261524,343.427,358.147,0,0
1073.966714,1.814596587168985,343.521,358.11,0,0
1074.066712,0.5127333621119191,343.501,358.3,0,0
1074.1667109999999,0.04788917790674803,343.502,358.383,0,0
1074.266705,1.727685551551323,343.502,358.091,0,0
1074.3667090000001,0.5867777282592497,343.407,358.115,0,0
1074.466702,-1.417331098272702,343.232,358.142,0,0
1074.566701,0.2178296976640687,343.318,358.016,0,0
1074.666699,0.9964136190741358,343.423,358.074,0,0
1074.7667,1.9768437376822419,343.521,358.084,0,0
1074.866696,2.0019006275234594,343.508,358.056,0,0
1074.966695,1.046928689104699,343.517,358.239,0,0
1075.066693,4.794898658351262,343.849,358.198,0,0
1075.1666910000001,0.520002530187287,343.531,358.357,0,0
1075.266689,0.5823030431924746,343.515,358.317,0,0
1075.3666910000002,0.8788551191267157,343.513,358.262,0,0
1075.466691,-0.7434134355141768,343.354,358.252,0,0
1075.566686,1.6054554688665064,343.67,358.425,0,0
1075.6666839999998,0.07401716058211556,343.456,358.298,0,0
1075.766685,-0.056111773675355976,343.468,358.343,0,0
1075.8666810000002,-0.37836745633311214,343.339,358.162,0,0
1075.966682,2.6385777968877924,343.616,358.147,0,0
1076.0666769999998,1.2680082649764246,343.527,358.222,0,0
1076.166679,0.12159207385801808,343.413,358.212,0,0
1076.2666780000002,0.3526086557788742,343.451,358.242,0,0
1076.366675,2.0293322122146025,343.648,358.313,0,0
1076.46667,-1.171489718147609,343.262,358.16,0,0
1076.566671,0.7197326769259629,343.432,358.144,0,0
1076.666667,-1.8809408278454216,343.262,358.284,0,0
1076.766669,-0.7721980952717625,343.283,358.13,0,0
1076.8666680000001,-0.12349432526671933,343.373,358.183,0,0
1076.966662,1.2659107002334313,343.47,358.12,0,0
1077.066662,-1.4988998504722064,343.291,358.272,0,0
1077.166661,0.7098063847160813,343.447,358.175,0,0
1077.26666,1.989559471300169,343.532,358.109,0,0
1077.366659,3.355943346056501,343.704,358.188,0,0
1077.466656,4.522818960658436,343.793,358.149,0,0
1077.566652,3.3837524056885906,343.696,358.169,0,0
1077.666652,4.977514990296294,343.827,358.133,0,0
1077.7666550000001,4.752010906243576,343.774,358.075,0,0
1077.866647,3.313622525095052,343.69,358.171,0,0
1077.9666470000002,2.222817887378953,343.628,358.247,0,0
1078.066648,0.7842457082041494,343.438,358.148,0,0
1078.166645,1.929712913246258,343.594,358.236,0,0
1078.266645,2.3957286271566955,343.514,358.008,0,0
1078.366641,-1.8908878914572465,343.19,358.158,0,0
1078.466641,-1.7389462879316628,343.214,358.176,0,0
1078.566642,-0.8750719808262426,343.32,358.221,0,0
1078.666636,-1.1493137052255256,343.27,358.177,0,0
1078.766638,-1.0750841421685642,343.316,358.249,0,0
1078.866636,-0.62363646734867,343.433,358.386,0,0
1078.96663,-3.0851846720780083,343.168,358.327,0,0
1079.066633,-2.037636533487796,343.293,358.375,0,0
1079.166631,-1.8371407875296961,343.208,358.184,0,0
1079.266631,-2.1320765404987116,343.168,358.162,0,0
1079.3666289999999,-0.330730704521971,343.317,358.123,0,0
1079.4666240000001,-1.5594901537861199,343.305,358.315,0,0
1079.566621,-1.2006366465388523,343.304,358.251,0,0
1079.6666229999998,-3.026362101992715,343.16,358.304,0,0
1079.766618,-0.5981123646468818,343.321,358.178,0,0
1079.86662,-1.6886996490481199,343.29,358.311,0,0
1079.966615,-1.6588024519080569,343.253,358.238,0,0
1080.066608,-0.1284966667537922,343.403,358.248,0,0
1080.166606,0.5827787587642603,343.4,358.119,0,0
1080.266602,-0.6492165113373153,343.429,358.387,0,0
1080.366597,-1.4158801417801208,343.377,358.425,0,0
1080.466592,-1.057221113454153,343.295,358.212,0,0
1080.566587,-1.3273598732011882,343.328,358.32,0,0
1080.666579,-0.43795232194862743,343.4,358.298,0,0
1080.766574,-0.6262226037908216,343.369,358.274,0,0
1080.866572,-1.9262103880792802,343.272,358.322,0,0
1080.966565,0.7946945142266344,343.421,358.123,0,0
1081.06656,-1.913313005108747,343.199,358.186,0,0
1081.1665560000001,1.7806399040441394,343.521,358.136,0,0
1081.266557,1.2581100170308273,343.491,358.172,0,0
1081.366551,1.2461428194258493,343.512,358.213,0,0
1081.466545,2.416483648068933,343.566,358.109,0,0
1081.5665390000001,1.082001854029271,343.494,358.209,0,0
1081.666532,-1.0388561209571712,343.246,358.122,0,0
1081.766531,-0.7039213709190444,343.271,358.11,0,0
1081.866528,-0.7676242754485633,343.317,358.206,0,0
1081.9665220000002,1.0428901160443085,343.531,358.285,0,0
1082.0665179999999,1.0725501539534141,343.513,358.247,0,0
1082.166511,0.7909392251860223,343.496,358.265,0,0
1082.266507,0.6951016897926975,343.427,358.155,0,0
1082.366506,0.8311995005734139,343.412,358.104,0,0
1082.4665,0.2571613517445314,343.413,358.206,0,0
1082.5664920000002,-1.7936253336144907,343.27,358.3,0,0
1082.666491,-0.07433043339935877,343.377,358.198,0,0
1082.766486,-1.320990385131936,343.297,358.268,0,0
1082.866481,-0.8200671242276921,343.304,358.194,0,0
1082.966476,2.0973488906442297,343.558,358.154,0,0
1083.0664680000002,6.293607051126434,343.89,358.035,0,0
1083.1664660000001,5.517052107857937,343.855,358.106,0,0
1083.2664639999998,5.293585217845142,343.881,358.193,0,0
1083.366456,4.771543156892569,343.788,358.113,0,0
1083.46645,3.185525771571142,343.802,358.415,0,0
1083.566448,2.582578761170721,343.672,358.281,0,0
1083.666443,1.074533427753467,343.595,358.402,0,0
1083.766439,1.532455635819721,343.63,358.387,0,0
1083.866437,5.509875349274149,343.925,358.238,0,0
1083.96643,2.8174873070688577,343.736,358.359,0,0
1084.066427,2.8071989439185128,343.599,358.109,0,0
1084.166422,2.486256617527487,343.631,358.224,0,0
1084.2664140000002,0.785110721782846,343.539,358.351,0,0
1084.366413,0.24510235475201497,343.528,358.425,0,0
1084.466407,1.809926004933851,343.603,358.291,0,0
1084.5664,-1.1636003210552588,343.376,358.391,0,0
1084.6663999999998,1.9069571902516171,343.551,358.179,0,0
1084.76639,-0.6173859975999649,343.373,358.291,0,0
1084.866389,-0.49438342398247,343.341,358.211,0,0
1084.9663859999998,-2.231625056188951,343.257,358.359,0,0
1085.06638,-0.6295685390192798,343.354,358.259,0,0
1085.1663740000001,-0.04936263604232774,343.431,358.3,0,0
1085.26637,1.5216740474943928,343.493,358.141,0,0
1085.366362,-0.8222206389714763,343.35,358.286,0,0
1085.466364,-1.1091334181219887,343.37,358.373,0,0
1085.566355,-2.9431255240210867,343.21,358.398,0,0
1085.6663529999998,-1.1700368619784878,343.321,358.294,0,0
1085.7663459999999,-1.426817240299703,343.302,358.304,0,0
1085.8663459999998,-1.1696036650589092,343.374,358.392,0,0
1085.966338,-0.9236249131464578,343.377,358.355,0,0
1086.06633,-0.5509687220453146,343.361,358.261,0,0
1086.166332,0.756582954409645,343.497,358.284,0,0
1086.266327,0.46973531502338073,343.367,358.095,0,0
1086.366319,-0.49443157718087233,343.386,358.298,0,0
1086.466318,-1.3187813017816559,343.303,358.289,0,0
1086.566311,-1.026337308569245,343.243,358.128,0,0
1086.666308,0.7506482275080555,343.381,358.073,0,0
1086.7663,-0.7130521657563452,343.362,358.293,0,0
1086.8662960000001,-0.49578751617847455,343.315,358.169,0,0
1086.966294,-0.6962205280026644,343.241,358.068,0,0
1087.066288,0.14856493820476946,343.374,358.166,0,0
1087.166282,-0.25238283737563033,343.418,358.317,0,0
1087.2662790000002,0.12256854149523917,343.412,358.241,0,0
1087.366276,0.06210428707137472,343.417,358.261,0,0
1087.466268,2.0494434197063525,343.545,358.151,0,0
1087.566267,0.44581816624859344,343.347,358.066,0,0
1087.666258,0.6319982446077498,343.415,358.159,0,0
1087.766253,1.0034863294092244,343.444,358.148,0,0
1087.866251,1.7375052289860997,343.485,358.096,0,0
1087.966244,-0.03904581441398636,343.4,358.249,0,0
1088.066241,2.24717179072777,343.478,357.995,0,0
1088.166242,1.247375123962787,343.492,358.195,0,0
1088.266239,1.2078437739041834,343.468,358.158,0,0
1088.366231,2.2935809240860827,343.539,358.1,0,0
1088.466229,1.5618589896058506,343.499,358.154,0,0
1088.566225,1.671474631537407,343.594,358.31,0,0
1088.666226,1.208747472061799,343.499,358.216,0,0
1088.76622,1.8080150596954268,343.624,358.342,0,0
1088.866215,0.21909936666338334,343.435,358.271,0,0
1088.9662150000001,-0.7201940249053553,343.352,358.282,0,0
1089.066212,1.9496712825429994,343.519,358.125,0,0
1089.166207,1.2719585302857892,343.514,358.234,0,0
1089.266203,2.465086178229415,343.512,358.023,0,0
1089.3662,3.768959245474598,343.652,358.054,0,0
1089.466201,1.3092233780171394,343.46,358.129,0,0
1089.5661969999999,0.5858034565007222,343.361,358.073,0,0
1089.666191,1.6687596182375408,343.485,358.113,0,0
1089.7661910000002,0.2140657640650613,343.375,358.164,0,0
1089.8661869999999,1.899334986315798,343.494,358.09,0,0
1089.9661820000001,3.3076002375882343,343.583,358.009,0,0
1090.066174,0.8602681508730121,343.415,358.126,0,0
1090.166175,1.8216666929121805,343.415,357.959,0,0
1090.266175,-0.10086959557661954,343.345,358.165,0,0
1090.3661650000001,1.8195495693062107,343.527,358.166,0,0
1090.4661640000002,2.6029677982655195,343.633,358.225,1,0
1090.566163,1.5294213089448878,343.546,358.252,0,0
1090.66616,3.9608905135756354,343.716,358.142,0,0
1090.7661540000001,3.485728082689678,343.672,358.144,0,0
1090.8661499999998,1.4009163262911983,343.541,358.266,0,0
1090.966148,3.231934357199139,343.664,358.174,0,0
1091.0661440000001,2.5457477093495617,343.587,358.152,0,0
1091.166145,3.9949261603160897,343.694,358.097,0,0
1091.266138,0.6646085429667677,343.48,358.283,0,0
1091.366133,-0.14454296893055443,343.343,358.172,0,0
1091.466134,-2.1036077869675163,343.219,358.285,0,0
1091.566131,-1.9654169781169963,343.158,358.149,0,0
1091.666125,0.7184766106413869,343.316,357.973,0,0
1091.766124,0.704403612909368,343.433,358.191,0,0
1091.866118,2.363199624899969,343.637,358.278,0,0
1091.966114,4.850550744313618,343.765,358.081,0,0
1092.066112,4.852128529487806,343.84,358.219,0,0
1092.166109,5.9240784193817735,343.901,358.145,0,0
1092.266108,6.036942782427237,343.93,358.179,0,0
1092.366102,5.593006690030614,343.977,358.343,0,0
1092.4661019999999,2.8733150313265208,343.674,358.259,0,0
1092.566092,2.925037833953664,343.682,358.265,0,0
1092.6660889999998,3.0078348281613976,343.6,358.1,0,0
1092.76609,-0.3139747707952631,343.383,358.279,0,0
1092.8660849999999,1.9667141999409314,343.492,358.083,0,0
1092.966082,1.361639222166989,343.508,358.218,0,0
1093.066078,-1.5633618213824316,343.247,358.247,0,0
1093.166073,-0.28837485988154166,343.206,357.95,0,0
1093.266071,-0.2125478138797749,343.294,358.099,0,0
1093.366069,-1.2619892585194157,343.287,358.269,0,0
1093.466067,0.7570977700362477,343.368,358.067,0,0
1093.566059,1.8025416855286613,343.589,358.292,0,0
1093.666056,-1.3410490462011146,343.247,358.21,0,0
1093.766053,-0.09027373731506298,343.376,358.23,0,0
1093.86605,0.2750152976949647,343.393,358.198,0,0
1093.9660470000001,-0.47184617347004465,343.282,358.124,0,0
1094.066047,1.2561883672428311,343.392,358.026,0,0
1094.166044,2.6763721650491354,343.568,358.103,0,0
1094.266043,1.346485288476767,343.516,358.239,0,0
1094.366034,1.1046775279816943,343.437,358.136,0,0
1094.466031,1.7869634059656987,343.503,358.139,0,0
1094.566027,0.965344804120432,343.492,358.262,0,0
1094.6660239999999,2.0274248462565536,343.52,358.129,0,0
1094.766024,0.9541291929541412,343.389,358.075,0,0
1094.8660160000002,0.11413247241962675,343.348,358.146,0,0
1094.966016,-0.36996813647288784,343.245,358.041,0,0
1095.06601,-0.4382759348222274,343.321,358.193,0,0
1095.1660120000001,-0.9568598623503918,343.218,358.094,0,0
1095.2660090000002,-1.8168904623620712,343.255,358.312,0,0
1095.3660009999999,-1.9221385679820049,343.165,358.165,0,0
1095.4659960000001,-0.1603235464311442,343.307,358.12,0,0
1095.565993,0.8077121518634904,343.381,358.088,0,0
1095.665994,-0.4180526695058168,343.372,358.285,0,0
1095.765993,1.9755152047379376,343.477,358.062,0,0
1095.8659879999998,3.1058266801291845,343.612,358.114,0,0
1095.965986,0.7914090219525174,343.362,358.057,0,0
1096.0659779999999,2.132560892729888,343.424,357.938,0,0
1096.165976,1.8394618536143976,343.407,357.958,0,0
1096.2659720000001,2.775276534046044,343.566,358.088,0,0
1096.365973,-0.48074666856035636,343.265,358.101,0,0
1096.46597,-0.8311123277140358,343.304,358.234,0,0
1096.5659660000001,-0.5419107890543904,343.31,358.195,0,0
1096.6659650000001,-2.489219068494016,343.117,358.179,0,0
1096.765963,-1.544626359235834,343.179,358.129,0,0
1096.865955,0.0964755718286538,343.371,358.197,0,0
1096.9659550000001,7.901390148107102,344.066,358.118,0,0
1097.0659520000002,6.753370549110055,343.96,358.123,0,0
1097.165952,9.03753584702364,344.009,357.816,0,0
1097.265945,8.088299402209554,344.068,358.09,0,0
1097.365944,6.959859524766016,343.872,357.926,0,0
1097.4659410000002,6.347426654137933,343.896,358.077,0,0
1097.5659380000002,6.013199192144088,343.83,358.014,0,0
1097.6659359999999,6.373673529859317,343.821,357.935,0,0
1097.765933,6.358217818334323,343.952,358.179,0,0
1097.865931,4.93504539621957,343.789,358.127,0,0
1097.965928,3.549138049280406,343.573,357.971,0,0
1098.0659240000002,3.4132717854361663,343.585,358.017,0,0
1098.165922,2.5544006161620416,343.602,358.198,0,0
1098.265917,0.8896602068190492,343.333,357.993,0,0
1098.3659169999999,3.254449811794186,343.538,357.959,0,0
1098.4659080000001,0.5484848789272189,343.395,358.167,0,0
1098.5659110000001,1.428527526903817,343.346,357.924,0,0
1098.6659040000002,-0.00554373736054727,343.401,358.275,0,0
1098.765904,1.665042161491637,343.461,358.095,0,0
1098.865903,0.31931185837363396,343.37,358.162,0,0
1098.9658980000002,-0.8602139008110551,343.292,358.224,0,0
1099.065895,2.1036419040356074,343.558,358.198,0,0
1099.165888,2.8273186294413626,343.604,358.157,0,0
1099.265885,4.5056867760686075,343.743,358.121,0,0
1099.365882,4.5293908975212664,343.694,358.027,0,0
1099.4658829999998,4.708941680764085,343.688,357.985,0,0
1099.5658799999999,2.7533006869277656,343.629,358.217,0,0
1099.665875,2.723699509270509,343.513,358.009,0,0
1099.7658740000002,2.084122570919606,343.579,358.242,0,0
1099.865868,2.9694258697075364,343.593,358.114,0,0
1099.9658670000001,0.297523048127613,343.363,358.156,0,0
1100.065866,2.115243197539098,343.413,357.932,0,0
1100.165861,3.0094435557233408,343.586,358.095,0,0
1100.265858,5.596276621138637,343.862,358.153,0,0
1100.365855,3.5551417163298513,343.746,358.295,0,0
1100.465854,3.911969824900937,343.666,358.086,0,0
1100.565852,2.5809493196834703,343.584,358.167,0,0
1100.665847,3.9170379679880716,343.664,358.082,0,0
1100.7658470000001,4.002977531593765,343.766,358.255,0,0
1100.8658389999998,4.067172676931614,343.648,358.027,0,0
1100.9658419999998,4.709912799998616,343.732,358.07,0,0
1101.065838,5.2493973783055035,343.897,358.28,0,0
1101.165832,8.350300311021323,344.089,358.094,0,0
1101.265829,8.502262932228138,344.088,358.066,0,0
1101.365826,9.14961391154656,344.142,358.053,0,0
1101.465827,7.394012416605987,344.003,358.103,0,0
1101.565824,8.774726481311927,344.022,357.898,0,0
1101.6658200000002,7.362346721757832,343.891,357.903,0,0
1101.765813,4.386035737406365,343.742,358.147,0,0
1101.865812,6.074081228884737,343.833,358.021,0,0
1101.965807,4.836629844433506,343.743,358.071,0,0
1102.065809,6.377758277644999,343.875,358.046,0,0
1102.165807,4.632515064379507,343.706,358.039,0,0
1102.2658000000001,4.623999122240924,343.742,358.107,0,0
1102.365797,4.297112139666266,343.718,358.12,0,0
1102.4657960000002,5.645150740394724,343.81,358.055,0,0
1102.565796,6.463999530462328,343.865,358.014,0,0
1102.665792,6.1384872472331935,343.852,358.047,0,0
1102.7657860000002,5.128155031222569,343.79,358.109,0,0
1102.8657819999999,3.1174566638604535,343.466,357.863,0,0
1102.9657809999999,4.143390299169459,343.627,357.981,0,0
1103.065779,4.542236161040205,343.67,357.991,0,0
1103.165775,1.7624685000060212,343.551,358.256,0,0
1103.2657720000002,4.52594121613232,343.635,357.93,0,0
1103.36577,2.896769007944651,343.521,358.004,0,0
1103.465764,3.543644676868835,343.613,358.061,0,0
1103.5657649999998,3.836291333825251,343.634,358.049,0,0
1103.6657579999999,3.567104575573032,343.616,358.063,0,0
1103.765757,3.7592557874098453,343.715,358.212,0,0
1103.8657560000001,3.6007062545683475,343.558,357.951,0,0
1103.965752,1.9096675927746538,343.505,358.148,0,0
1104.06575,1.3533355649156573,343.518,358.269,0,0
1104.165748,1.1133831672915946,343.412,358.116,0,0
1104.265743,0.6582069364658121,343.415,358.201,0,0
1104.36574,1.939346765066186,343.511,358.155,0,0
1104.46574,4.663942343187153,343.656,357.948,0,0
1104.565732,2.1140540497130815,343.562,358.219,0,0
1104.6657309999998,2.5814886629960188,343.418,357.873,0,0
1104.765729,4.651515947812431,343.731,358.089,0,0
1104.865726,3.6517375967209915,343.72,358.243,0,0
1104.965719,4.302066604789568,343.802,358.281,0,0
1105.065717,1.5644354014537971,343.531,358.259,0,0
1105.1657180000002,3.2255970277679626,343.595,358.088,0,0
1105.265714,2.560565802044359,343.52,358.066,0,0
1105.365706,4.486706596099904,343.777,358.204,0,0
1105.465709,1.7858212204360242,343.591,358.332,0,0
1105.565706,3.494530312192413,343.747,358.322,0,0
1105.665703,0.7399390186727267,343.357,358.084,0,0
1105.7657,-0.14448279173302808,343.458,358.424,0,0
1105.8656910000002,0.4463393643496972,343.461,358.327,0,0
1105.965689,1.4376285127377968,343.466,358.164,0,0
1106.0656880000001,0.9058990642038723,343.471,358.266,0,0
1106.1656839999998,3.1273033416827545,343.532,357.992,0,0
1106.265684,3.6033650528092815,343.641,358.11,0,0
1106.3656780000001,5.162646216200275,343.797,358.126,0,0
1106.4656750000001,4.0279329141239435,343.764,358.263,0,0
1106.565676,3.9332537245327237,343.7,358.162,0,0
1106.6656699999999,2.8723454130089823,343.643,358.242,0,0
1106.765667,3.4903132221060402,343.604,358.063,0,0
1106.865663,3.179739192785771,343.606,358.121,0,0
1106.9656599999998,4.952123155190243,343.774,358.122,0,0
1107.065656,3.375121539744272,343.697,358.255,0,0
1107.1656540000001,4.452111174443785,343.815,358.285,0,0
1107.265652,2.017948240134509,343.514,358.155,0,0
1107.365647,2.6436767292699437,343.604,358.212,0,0
1107.4656459999999,2.019808047018232,343.503,358.135,0,0
1107.5656450000001,2.5108391194087663,343.552,358.14,0,0
1107.665637,1.1699507822608535,343.437,358.162,0,0
1107.765638,3.0430038951577254,343.658,358.243,0,0
1107.865635,7.275824072085634,343.994,358.125,0,0
1107.965633,6.732406150144843,343.918,358.08,0,0
1108.065624,4.248996907943502,343.733,358.172,0,0
1108.165627,7.200897078541191,344.012,358.172,0,0
1108.265619,7.514218499270053,344.073,358.23,0,0
1108.365619,11.62312153265379,344.425,358.163,0,0
1108.4656129999998,13.300130066910109,344.528,358.061,0,0
1108.565614,13.663336950639474,344.591,358.114,0,0
1108.665606,10.829616902782721,344.312,358.094,0,0
1108.765604,9.894207280476248,344.306,358.246,0,0
1108.865605,10.488700120821484,344.33,358.187,0,0
1108.9655989999999,8.23265908502117,344.129,358.21,0,0
1109.065598,6.282812964631389,343.97,358.257,0,0
1109.1655959999998,6.6936431322040555,343.95,358.149,0,0
1109.26559,5.70538285904701,343.889,358.209,0,0
1109.365587,6.450397316202913,344.043,358.363,0,0
1109.465585,4.9626359664374275,343.869,358.302,0,0
1109.565585,6.73528091016914,343.968,358.176,0,0
1109.6655819999999,4.3868189971620986,343.78,358.239,0,0
1109.765574,5.3969209358313295,343.877,358.242,0,0
1109.8655700000002,5.305446923169454,343.847,358.203,0,0
1109.965568,5.1275154602040836,343.861,358.26,0,0
1110.0655660000002,3.4687009422414317,343.723,358.295,0,0
1110.165567,2.9167660489699956,343.675,358.303,0,0
1110.2655619999998,2.3556636409904534,343.562,358.193,0,0
1110.3655589999998,1.4531687526976527,343.464,358.17,0,0
1110.465557,2.0373042676594535,343.518,358.168,0,0
1110.565555,0.9267399231156902,343.465,358.264,0,0
1110.665552,2.710392769054201,343.627,358.252,0,0
1110.765543,3.760963941860636,343.705,358.213,0,0
1110.8655449999999,3.290421556216934,343.631,358.159,0,0
1110.9655400000001,5.563466654731934,343.892,358.244,0,0
1111.065536,5.469027557648125,343.809,358.108,0,0
1111.165536,5.674321791068482,343.825,358.102,0,0
1111.265529,5.228099720365516,343.862,358.248,0,0
1111.365526,3.308376219399072,343.689,358.264,0,0
1111.4655260000002,5.2005559799840375,343.808,358.154,0,0
1111.565521,4.168635058848769,343.707,358.148,0,0
1111.6655190000001,4.374838665117441,343.747,358.186,0,0
1111.7655149999998,2.735333892601095,343.613,358.225,0,0
1111.865512,-0.3544885511131528,343.35,358.279,0,0
1111.9655120000002,2.8130592867794064,343.607,358.201,0,0
1112.06551,1.2864213974019896,343.494,358.259,0,0
1112.165505,1.283202673423881,343.518,358.304,0,0
1112.265507,0.9459406630103937,343.574,358.466,0,0
1112.365503,1.1896585300694904,343.517,358.319,0,0
1112.465502,1.9657268464683493,343.631,358.394,0,0
1112.5655,1.706469303021299,343.521,358.237,0,0
1112.665502,1.2945041695087416,343.552,358.366,0,0
1112.765496,1.8195880338870538,343.539,358.251,0,0
1112.8654960000001,2.0577321709421534,343.613,358.346,0,0
1112.965493,2.1676294855468647,343.614,358.329,0,0
1113.065494,1.5044419013255905,343.537,358.303,0,0
1113.1654950000002,4.940021690753367,343.84,358.263,0,0
1113.2654909999999,4.3922226940464055,343.8,358.285,0,0
1113.3654920000001,5.6864846996391,343.863,358.176,0,0
1113.4654850000002,4.277075932230553,343.785,358.278,0,0
1113.565489,5.5897054527039,343.903,358.267,0,0
1113.665482,4.972268643150494,343.82,358.222,0,0
1113.765486,3.4734478436561247,343.708,358.277,0,0
1113.8654809999998,3.083368088174556,343.634,358.209,0,0
1113.965481,1.7144500870326924,343.487,358.177,0,0
1114.0654809999999,2.4068432324857834,343.592,358.25,0,0
1114.165478,3.7185961877668445,343.611,358.057,0,0
1114.265473,2.1643595309025825,343.528,358.175,0,0
1114.365478,0.5085127403058407,343.443,358.307,0,0
1114.465472,3.1829678894453415,343.655,358.232,0,0
1114.5654690000001,3.905482812317241,343.746,358.274,0,0
1114.665473,4.218352782097797,343.795,358.31,0,0
1114.765472,4.2753785115743455,343.791,358.293,0,0
1114.86547,2.735234233979412,343.549,358.116,0,0
1114.965463,3.2055309568108252,343.708,358.327,0,0
1115.065467,3.2940314485698456,343.751,358.391,0,0
1115.1654609999998,4.32786082538969,343.741,358.193,0,0
1115.265458,3.569005935377862,343.743,358.329,0,0
1115.365462,4.457054837914338,343.804,358.287,0,0
1115.46546,5.187915005905136,343.736,358.035,0,0
1115.565456,3.2681068975498304,343.763,358.419,0,0
1115.665454,3.767010272981516,343.691,358.2,0,0
1115.765455,1.7969274646606304,343.554,358.291,0,0
1115.865452,2.7729926228074127,343.688,358.368,0,0
1115.9654480000002,2.7346211590302545,343.669,358.34,0,0
1116.065446,2.6576209648675246,343.667,358.35,0,0
1116.165449,2.760830989373907,343.719,358.428,0,0
1116.265445,6.669991210915518,344.007,358.278,0,0
1116.3654450000001,3.7334955778423473,343.771,358.355,0,0
1116.46544,3.18615262829513,343.743,358.399,0,0
1116.565439,4.560184743238747,343.813,358.289,0,0
1116.66544,5.192617285734051,343.827,358.205,0,0
1116.765437,8.45574901690624,344.205,358.333,0,0
1116.865438,7.704752709400082,344.111,358.291,0,0
1116.965432,6.61790535376165,343.976,358.232,0,0
1117.065436,6.020450353603788,343.94,358.27,0,0
1117.1654350000001,4.558170943490883,343.857,358.372,0,0
1117.265432,5.167831215573664,343.902,358.349,0,0
1117.365428,5.437083844340019,343.811,358.135,0,0
1117.465426,4.4262822234248,343.787,358.267,0,0
1117.565429,4.078458999915006,343.817,358.383,0,0
1117.6654250000001,2.998733819168908,343.693,358.343,0,0
1117.7654240000002,3.3277103906928107,343.712,358.321,0,0
1117.865424,3.592103619192257,343.695,358.244,0,0
1117.96542,4.301523742669744,343.769,358.257,0,0
1118.0654220000001,2.6477675192174446,343.638,358.304,0,0
1118.165418,5.219477598125086,343.818,358.188,0,0
1118.265416,7.1867859099406655,344.049,358.271,0,0
1118.365411,7.462219181323527,344.02,358.17,0,0
1118.4654110000001,7.02751665619746,344.007,358.222,0,0
1118.565409,9.880354688650232,344.25,358.173,0,0
1118.665407,6.503617158971394,344.024,358.345,0,0
1118.765408,5.195409985064619,343.836,358.227,0,0
1118.865405,5.388271618319851,343.903,358.317,0,0
1118.965407,4.621874559524585,343.807,358.274,0,0
1119.065402,5.22600486951653,343.883,358.309,0,0
1119.165401,3.3122703490002996,343.691,358.289,0,0
1119.2654029999999,4.539873598025876,343.739,358.164,0,0
1119.365397,2.4854020876130325,343.65,358.358,0,0
1119.4654010000002,4.572320706089138,343.726,358.135,0,0
1119.565399,6.269314482349023,343.876,358.116,0,0
1119.6653959999999,4.554655476957545,343.705,358.1,0,0
1119.765393,5.006154152537309,343.747,358.099,0,0
1119.86539,3.215644647679662,343.546,358.041,0,0
1119.9653899999998,2.9450909196869537,343.517,358.035,0,0
1120.0653810000001,4.413364121322454,343.622,357.973,0,0
1120.165381,2.6278660842871955,343.528,358.111,0,0
1120.2653759999998,2.945360083170473,343.522,358.045,0,0
1120.365371,3.348131924943135,343.542,358.012,0,0
1120.4653640000001,1.4495723537820022,343.346,357.982,0,0
1120.565359,3.2237268211363466,343.687,358.301,0,0
1120.665355,4.494072350712524,343.776,358.244,0,0
1120.765352,6.000974783032201,343.864,358.144,0,0
1120.865345,4.160732080576363,343.842,358.424,0,0
1120.9653400000002,6.461922640075794,343.885,358.103,0,0
1121.0653340000001,6.73203204581632,343.943,358.163,0,0
1121.165335,7.153875242852343,343.986,358.169,0,0
1121.2653289999998,6.651094578374857,344.047,358.369,0,0
1121.365324,7.215969341872896,343.997,358.179,0,0
1121.46532,6.285219578631188,343.861,358.091,0,0
1121.565313,5.006182729315741,343.735,358.082,0,0
1121.6653079999999,6.904752978351802,343.972,358.188,0,0
1121.765305,5.091244577512775,343.796,358.18,0,0
1121.8652960000002,4.8034390477043445,343.792,358.223,0,0
1121.965295,3.9586708745786567,343.65,358.109,0,0
1122.06529,4.660267548933424,343.745,358.162,0,0
1122.165284,4.420983623851665,343.707,358.134,0,0
1122.265281,3.8842178810905414,343.68,358.178,0,0
1122.365277,4.862169276337526,343.712,358.067,0,0
1122.46527,4.7934086202272415,343.801,358.243,0,0
1122.5652679999998,4.040098702332266,343.747,358.275,0,0
1122.665259,4.805380635973624,343.829,358.293,0,0
1122.765259,4.689765582790527,343.819,358.295,0,0
1122.865255,4.877368848375602,343.823,358.27,0,0
1122.965248,2.54085126352869,343.672,358.399,0,0
1123.065241,3.350780021203839,343.643,358.205,0,0
1123.165236,1.0101171940672558,343.509,358.366,0,0
1123.2652309999999,3.675852739776266,343.693,358.241,0,0
1123.365232,4.255675679715575,343.633,358.03,0,0
1123.465223,3.1239357552682763,343.653,358.264,0,0
1123.5652209999998,2.6037521028620323,343.558,358.18,0,0
1123.665216,3.229931884185283,343.685,358.305,0,0
1123.765208,3.2233198829260044,343.594,358.139,0,0
1123.865206,1.4382997490775122,343.462,358.207,0,0
1123.965201,0.6479526805046761,343.467,358.354,0,0
1124.065193,4.132729849122137,343.779,358.322,0,0
1124.165191,8.486715013971315,344.102,358.159,0,0
1124.2651839999999,9.355653709647086,344.24,358.262,0,0
1124.365179,12.692593877538158,344.594,358.333,0,0
1124.4651780000002,13.014007964240148,344.565,358.224,0,0
1124.565173,12.279975476131144,344.59,358.398,0,0
1124.66517,12.154717574280268,344.553,358.352,0,0
1124.765166,11.047439216167223,344.359,358.188,0,0
1124.865156,11.046326008612455,344.312,358.102,0,0
1124.965156,10.763587423504008,344.29,358.111,0,0
1125.065152,7.1944988238476375,343.917,358.046,0,0
1125.165145,10.504348265479816,344.188,357.969,0,0
1125.265137,12.810497974482013,344.463,358.074,0,0
1125.365135,13.083120489944914,344.562,358.209,0,0
1125.465128,15.309793830420714,344.686,358.05,0,0
1125.565129,13.235778204933156,344.612,358.275,0,0
1125.665124,15.065448323677336,344.699,358.117,0,0
1125.765114,16.29555462674323,344.813,358.113,0,0
1125.8651100000002,12.802998872846379,344.488,358.123,0,0
1125.965105,10.393392096080477,344.304,358.204,0,0
1126.065106,11.145135647539213,344.332,358.125,0,0
1126.165096,8.14843365167708,344.049,358.126,0,0
1126.2650930000002,7.065032512481141,343.929,358.094,0,0
1126.3650870000001,5.43241817338966,343.825,358.187,0,0
1126.465082,4.449480151743443,343.702,358.132,0,0
1126.565078,4.683496015589811,343.768,358.213,0,0
1126.665074,4.6088385365326054,343.676,358.057,0,0
1126.765068,3.6628518647566644,343.694,358.255,0,0
1126.8650630000002,3.619214417780114,343.637,358.158,0,0
1126.9650609999999,1.523898832556678,343.38,358.05,0,0
1127.0650560000001,3.1130730576481627,343.541,358.07,0,0
1127.1650530000002,1.5328878148028429,343.405,358.095,0,0
1127.2650449999999,1.7639383039782268,343.418,358.079,0,0
1127.365043,2.4124377504470074,343.502,358.121,0,0
1127.465037,2.858874595317899,343.562,358.154,0,0
1127.5650360000002,3.802074459435891,343.688,358.222,0,0
1127.665029,1.9368543903020141,343.487,358.177,0,0
1127.765025,3.363958946665141,343.643,358.216,0,0
1127.865017,2.939856777208897,343.581,358.176,0,0
1127.965015,4.5179699462606075,343.804,358.312,0,0
1128.065012,3.3672803453872002,343.526,358.001,0,0
1128.165014,3.8914082208378113,343.614,358.072,0,0
1128.2650079999999,7.13730351971447,343.992,358.203,0,0
1128.365009,11.57748847607352,344.34,358.071,0,0
1128.4650049999998,10.833143071538412,344.295,358.118,0,0
1128.565001,13.418365658255935,344.604,358.237,0,0
1128.6650009999998,15.82733960187452,344.736,358.061,0,0
1128.7649979999999,15.865733861487085,344.771,358.119,0,0
1128.864994,18.42704763616221,345.081,358.244,0,0
1128.9649920000002,18.91881373276103,345.048,358.098,0,0
1129.0649879999999,17.6958782441624,344.911,358.059,0,0
1129.1649909999999,16.712930795296316,344.813,358.05,0,0
1129.264988,13.596436672872477,344.579,358.162,0,0
1129.364984,12.148482227339006,344.343,357.98,0,0
1129.46498,8.926200025332538,344.199,358.276,0,0
1129.5649799999999,9.474280736032126,344.186,358.157,0,0
1129.66498,7.657810424160695,343.957,358.052,0,0
1129.764976,5.001983280491665,343.797,358.22,0,0
1129.864976,6.0015850608093455,343.743,357.947,0,0
1129.964973,5.904773641084975,343.85,358.161,0,0
1130.06497,3.6377457913840328,343.561,358.024,0,0
1130.164966,3.2627939796969474,343.608,358.176,0,0
1130.264965,3.216647135324316,343.51,358.004,0,0
1130.3649599999999,4.429275833635537,343.643,358.038,0,0
1130.4649590000001,2.8210594742895956,343.475,358.009,0,0
1130.564959,1.9688921293459811,343.441,358.095,0,0
1130.6649499999999,3.0217454613194543,343.579,358.166,0,0
1130.764952,1.252617380414227,343.386,358.119,0,0
1130.8649509999998,3.655823462964034,343.568,358.036,0,0
1130.964943,1.7783744766945988,343.474,358.19,0,0
1131.0649469999998,1.520933146490907,343.437,358.167,0,0
1131.164939,0.8922480701144976,343.335,358.089,0,0
1131.2649410000001,-0.32953900877608466,343.203,358.059,0,0
1131.364934,1.4270431163110682,343.257,357.853,0,0
1131.464936,2.6948286434408284,343.43,357.951,0,0
1131.56493,1.0274843632315684,343.37,358.131,0,0
1131.664929,1.8741519733109628,343.451,358.133,0,0
1131.764926,4.643579945461994,343.616,357.955,0,0
1131.8649229999999,2.1212824556946472,343.542,358.258,0,0
1131.9649220000001,5.232525253080431,343.779,358.153,0,0
1132.064922,4.684312906419032,343.652,358.015,0,0
1132.16492,5.577175133862068,343.764,358.066,0,0
1132.264914,4.419744503751322,343.662,358.08,0,0
1132.3649169999999,3.881879541770043,343.53,357.931,0,0
1132.46491,3.7892362240161668,343.57,358.021,0,0
1132.564912,5.1554396778346225,343.686,357.997,0,0
1132.66491,5.661429509214225,343.725,357.981,0,0
1132.764908,3.429752291375488,343.56,358.066,0,0
1132.864904,2.9286438289563548,343.488,358.021,0,0
1132.964898,2.908160573474441,343.587,358.207,0,0
1133.064895,4.049788854807174,343.641,358.108,0,0
1133.164896,1.5445497278273699,343.461,358.213,0,0
1133.264893,1.428030344622331,343.427,358.171,0,0
1133.3648870000002,2.160489823899697,343.401,357.996,0,0
1133.464885,3.1690009768164726,343.481,357.968,0,0
1133.564888,2.9625608170618682,343.526,358.087,0,0
1133.664882,2.7235203610844807,343.469,358.024,0,0
1133.7648829999998,3.7400951447391737,343.509,357.921,0,0
1133.864881,0.5171331502592295,343.347,358.184,0,0
1133.964876,1.1930188840897515,343.37,358.109,0,0
1134.064877,-0.6841471334488044,343.157,358.044,0,0
1134.164875,2.1946527572962666,343.453,358.088,0,0
1134.2648689999999,3.020215786309843,343.432,357.906,0,0
1134.364871,1.8974753729753866,343.386,358.017,0,0
1134.464864,2.7869183718932002,343.433,357.949,0,0
1134.564862,4.292647518807505,343.591,357.978,0,0
1134.664858,5.111272979789293,343.665,357.972,0,0
1134.764858,6.826478843145214,343.714,357.764,0,0
1134.8648529999998,4.782329316552628,343.695,358.085,0,0
1134.96485,4.765364610894846,343.634,357.976,0,0
1135.064854,2.8757305605899757,343.547,358.145,0,0
1135.164846,2.779018832657434,343.429,357.945,0,0
1135.264849,2.613048260158385,343.455,358.022,0,0
1135.364843,1.9672966761858495,343.484,358.188,0,0
1135.46484,2.3827606159085035,343.409,357.978,0,0
1135.56484,3.053105602905376,343.488,358.007,0,0
1135.664838,3.7425647540771183,343.49,357.891,0,0
1135.764835,3.6855754041825874,343.485,357.892,0,0
1135.864833,3.5405483477154136,343.457,357.866,0,0
1135.964831,2.6761963193147422,343.43,357.967,0,0
1136.064828,4.5343261570786435,343.636,358.023,0,0
1136.16482,1.8277075869346,343.45,358.152,0,0
1136.264819,2.1541384635289726,343.528,358.239,0,0
1136.3648130000001,3.147736206029749,343.543,358.094,0,0
1136.464813,3.596720850918909,343.569,358.064,0,0
1136.5648079999999,0.6981490201269401,343.373,358.208,0,0
1136.664802,3.516750088913517,343.597,358.13,0,0
1136.764797,4.652167427324342,343.664,358.056,0,0
1136.864793,3.6831965480446556,343.682,358.258,0,0
1136.9647909999999,3.3147744145131393,343.522,358.028,0,0
1137.064785,1.3412487367255173,343.395,358.138,0,0
1137.164787,1.7033216263340052,343.453,358.182,0,0
1137.26478,0.8130263452918248,343.348,358.144,0,0
1137.364774,1.3450053569754346,343.365,358.083,0,0
1137.464772,-0.5078172075168763,343.213,358.126,0,0
1137.564769,1.0517490303790828,343.275,357.969,0,0
1137.6647639999999,0.7526945681893651,343.252,357.979,0,0
1137.76476,0.9048689107698735,343.332,358.1,0,0
1137.864759,-1.057832895408259,343.162,358.129,0,0
1137.9647539999999,0.9483839152272003,343.282,358.001,0,0
1138.064753,2.5623814771083313,343.466,358.059,0,0
1138.16475,3.6779818422841046,343.642,358.189,0,0
1138.264743,6.034109348859201,343.719,357.921,0,0
1138.36474,4.864916588876302,343.711,358.11,0,0
1138.4647360000001,3.4056126909484123,343.681,358.309,0,0
1138.56473,2.975562657587669,343.563,358.167,0,0
1138.6647309999998,3.282263555907067,343.55,358.09,0,0
1138.764723,3.4696360727086164,343.573,358.1,0,0
1138.86472,3.66048301989723,343.536,357.999,0,0
1138.9647209999998,3.7237002467254627,343.594,358.095,0,0
1139.0647139999999,1.9646741775710457,343.44,358.118,0,0
1139.164713,5.95499917812038,343.721,357.941,0,0
1139.264707,2.7196468108264518,343.51,358.116,0,0
1139.364701,2.750274730664805,343.441,357.984,0,0
1139.4647009999999,6.827187369563658,343.909,358.136,0,0
1139.564695,12.533556207382878,344.38,358.01,0,0
1139.6646899999998,12.00021878271138,344.418,358.173,0,0
1139.7646869999999,8.475718784638428,344.084,358.172,0,0
1139.864687,10.887631161084114,344.344,358.231,0,0
1139.964679,8.007482330370026,344.078,358.243,0,0
1140.0646769999998,7.871245831321393,343.928,357.991,0,0
1140.164677,6.227836263616,343.817,358.073,0,0
1140.264674,6.419354934528914,343.823,358.051,0,0
1140.3646669999998,5.0978232461283,343.637,357.939,0,0
1140.464666,6.7218877588254555,343.935,358.205,0,0
1140.564658,10.008290022866465,344.219,358.156,0,0
1140.6646540000002,10.774770997280294,344.206,357.999,0,0
1140.764655,7.111385331160374,343.948,358.162,0,0
1140.864648,6.773032464990392,343.899,358.131,0,0
1140.964645,6.477421440660905,343.891,358.168,0,0
1141.064644,7.160010250082216,343.838,357.952,0,0
1141.164637,6.320954928483363,343.796,358.021,0,0
1141.264637,6.326971374707816,343.76,357.954,0,0
1141.364632,5.431796724969417,343.779,358.145,0,0
1141.464627,3.4964581677421025,343.598,358.149,0,0
1141.564624,4.202902053165602,343.669,358.157,0,0
1141.664616,6.438295834054021,343.846,358.094,0,0
1141.764618,5.528011936387931,343.719,358.019,0,0
1141.864611,9.848615064485159,344.172,358.101,0,0
1141.96461,12.456638092839556,344.4,358.067,0,0
1142.0646040000001,11.325458845039323,344.207,357.909,0,0
1142.164604,9.068459277497277,344.132,358.164,0,0
1142.264597,6.541198584062088,343.851,358.087,0,0
1142.364592,5.725111189315129,343.859,358.244,0,0
1142.4645859999998,5.891347315594172,343.855,358.208,0,0
1142.5645849999999,7.756872615689959,343.978,358.11,0,0
1142.6645800000001,5.709122498200991,343.788,358.117,0,0
1142.764581,5.658111036560062,343.789,358.128,0,0
1142.864574,4.223865395648299,343.763,358.33,0,0
1142.964569,1.7080887292169145,343.507,358.297,0,0
1143.064568,5.105096874198159,343.727,358.111,0,0
1143.164567,4.722596433234291,343.701,358.13,0,0
1143.26456,4.519147932167766,343.749,358.254,0,0
1143.3645589999999,5.798260259681023,343.791,358.109,0,0
1143.464554,2.5371609506237083,343.583,358.294,0,0
1143.564548,3.631939462992235,343.538,358.021,0,0
1143.664542,3.698156869459191,343.574,358.076,0,0
1143.764539,3.769461362182515,343.542,358.005,0,0
1143.864541,2.871095074509594,343.502,358.088,0,0
1143.964532,2.978246767796126,343.506,358.077,0,0
1144.064534,1.4594708184794374,343.322,358.003,0,0
1144.1645290000001,1.1102853083428137,343.341,358.099,0,0
1144.264523,1.9661802934875205,343.362,357.989,0,0
1144.364516,3.539722745712605,343.54,358.043,0,0
1144.464517,2.2755789948493312,343.554,358.289,0,0
1144.564509,2.3503580847325063,343.462,358.107,0,0
1144.664507,3.6255096719483664,343.627,358.189,0,0
1144.7645,5.1234398302034965,343.756,358.166,0,0
1144.864498,6.706442251472459,343.855,358.073,0,0
1144.9644950000002,5.123213191730553,343.866,358.369,0,0
1145.064492,5.133127821249197,343.857,358.351,0,0
1145.164489,7.182111413305394,343.968,358.199,0,0
1145.26448,5.76975180955817,343.837,358.204,0,0
1145.3644769999999,5.369350402111694,343.743,358.101,0,0
1145.4644739999999,3.7808505570515263,343.716,358.328,0,0
1145.564472,6.1491471272053015,343.836,358.137,0,0
1145.664462,4.099807285020434,343.604,358.067,0,0
1145.764463,3.4814331437952304,343.597,358.162,0,0
1145.864456,3.201702320066672,343.553,358.13,0,0
1145.964452,2.9849531254695574,343.528,358.122,0,0
1146.0644499999999,3.7624224906414248,343.628,358.171,0,0
1146.164448,3.2231677205867006,343.535,358.094,0,0
1146.264443,1.175657409677916,343.326,358.066,0,0
1146.364437,2.2912724016327157,343.477,358.15,0,0
1146.464431,2.519842511980358,343.399,357.967,0,0
1146.564423,2.991582629738589,343.444,357.968,0,0
1146.664426,2.2808093304380734,343.4,358.011,0,0
1146.7644229999999,2.413245973149926,343.414,358.014,0,0
1146.8644199999999,1.6544382880988706,343.341,358.012,0,0
1146.964414,1.1834255685573254,343.33,358.074,0,0
1147.064406,2.006418641702849,343.418,358.093,0,0
1147.164403,3.302763633727707,343.485,357.991,0,0
1147.264404,0.6832898440208962,343.273,358.057,0,0
1147.364396,3.485790664599792,343.527,358.037,0,0
1147.464394,3.252958590745659,343.482,357.995,0,0
1147.564386,3.4490373124123725,343.583,358.147,0,0
1147.664387,5.198472961068327,343.701,358.06,0,0
1147.764382,5.9508543957904845,343.872,358.244,0,0
1147.864374,5.424729130365592,343.721,358.058,0,0
1147.9643729999998,5.8488685979520705,343.799,358.128,0,0
1148.06437,4.253529533682788,343.642,358.117,0,0
1148.164362,2.8947148278960286,343.559,358.201,0,0
1148.2643600000001,3.901187296819589,343.585,358.074,0,0
1148.364355,3.506274772212765,343.56,358.097,0,0
1148.464355,4.456368172524617,343.716,358.219,0,0
1148.564351,3.334391933728975,343.513,358.041,0,0
1148.6643430000001,3.0799026836534718,343.579,358.207,0,0
1148.764338,3.585467080801185,343.556,358.077,0,0
1148.864335,2.8643799741294735,343.442,357.993,0,0
1148.9643330000001,0.9947540620497034,343.352,358.153,0,0
1149.064328,2.109212245045039,343.523,358.274,0,0
1149.1643259999998,2.50740848257137,343.523,358.205,0,0
1149.264323,4.452045326992279,343.585,357.981,0,0
1149.3643200000001,3.111631091455926,343.482,358.025,0,0
1149.464311,3.5957762186155056,343.551,358.068,0,0
1149.564311,4.247078541609343,343.557,357.966,0,0
1149.664307,1.0144910825996654,343.343,358.135,0,0
1149.7643030000002,1.894265202009331,343.438,358.157,0,0
1149.864298,2.4195937035275956,343.431,358.053,0,0
1149.964289,0.6177769317419726,343.361,358.238,0,0
1150.0642890000001,2.187945229501923,343.374,357.989,0,0
1150.164284,0.7194252878500886,343.404,358.3,0,0
1150.2642819999999,2.6739119665942037,343.549,358.227,0,0
1150.3642790000001,1.4992698107830642,343.397,358.152,0,0
1150.4642749999998,2.8806344017806476,343.559,358.21,0,0
1150.564271,5.5588296857045005,343.667,357.943,0,0
1150.6642669999999,5.721617044658977,343.673,357.926,0,0
1150.764258,3.1216918519143233,343.446,357.961,0,0
1150.8642579999998,3.991584765030914,343.533,357.97,0,0
1150.964249,4.994313537600146,343.713,358.127,0,0
1151.064245,6.453682806199461,343.709,357.866,0,0
1151.164241,6.080364372827704,343.723,357.957,0,0
1151.264238,6.572368228744239,343.696,357.822,0,0
1151.364238,6.214657356512407,343.768,358.017,0,0
1151.464234,4.79791728691365,343.673,358.089,0,0
1151.564228,5.5170184242772216,343.724,358.058,0,0
1151.664227,7.763208007404001,343.933,358.052,0,0
1151.764223,8.450109584979428,344.019,358.091,0,0
1151.864213,9.890159321659524,344.036,357.872,0,0
1151.964217,8.585366341523574,343.963,357.965,0,0
1152.064214,6.786548744532973,343.871,358.109,0,0
1152.164214,3.975610793393427,343.586,358.074,0,0
1152.264208,4.169927498397367,343.514,357.908,0,0
1152.364212,3.3197944882320396,343.584,358.185,0,0
1152.464208,6.798426487914536,343.784,357.948,0,0
1152.56421,5.588555238365871,343.764,358.122,0,0
1152.6642080000001,4.687476332883842,343.627,358.027,0,0
1152.764203,5.636002260395252,343.691,357.98,0,0
1152.864206,4.938100952497202,343.658,358.041,0,0
1152.964203,10.019650482624213,344.096,357.963,0,0
1153.064203,12.91295187338983,344.37,357.964,0,0
1153.164204,16.649907092833303,344.739,357.993,0,0
1153.264199,17.482341167900245,344.798,357.957,0,0
1153.364198,16.106070838464092,344.684,357.987,0,0
1153.4642009999998,10.481128829506174,344.228,358.127,0,0
1153.564196,10.37612427186026,344.169,358.037,0,0
1153.6641980000002,9.315010723507688,344.106,358.106,0,0
1153.764197,7.650469397199595,343.968,358.142,0,0
1153.864195,5.195850296827382,343.708,358.091,0,0
1153.964194,6.161651026343709,343.697,357.903,0,0
1154.0641939999998,5.0991630560891705,343.623,357.952,0,0
1154.1641869999999,5.025600845843446,343.686,358.081,0,0
1154.2641859999999,3.870529307477739,343.469,357.883,0,0
1154.3641910000001,6.823836477972847,343.734,357.857,0,0
1154.464186,2.6921599372637193,343.504,358.153,0,0
1154.564186,2.547596319906662,343.488,358.149,0,0
1154.664182,4.483014162851163,343.61,358.037,0,0
1154.764181,4.6947362548912235,343.694,358.155,0,0
1154.8641850000001,2.750247528057318,343.423,357.995,0,0
1154.964184,3.305418733830111,343.521,358.079,0,0
1155.0641799999999,3.1767332456665907,343.469,358.006,0,0
1155.164178,3.0216062064252265,343.427,357.956,0,0
1155.264179,4.730814771308883,343.545,357.876,0,0
1155.364178,5.134230904133917,343.708,358.106,0,0
1155.4641740000002,5.957476943786458,343.752,358.044,0,0
1155.564176,5.697536072867285,343.674,357.946,0,0
1155.664172,6.426066390668672,343.721,357.906,0,0
1155.7641740000001,6.07966808607294,343.687,357.904,0,0
1155.8641699999998,4.95561721267833,343.505,357.765,0,0
1155.964169,4.3206555792658925,343.591,358.034,0,0
1156.064171,2.6586697038254865,343.394,357.961,0,0
1156.164167,6.149901960337578,343.699,357.915,0,0
1156.2641669999998,3.869487141443892,343.562,358.06,0,0
1156.364163,4.425373290948245,343.603,358.039,0,0
1156.464165,2.935306961531996,343.494,358.098,0,0
1156.564161,3.739515083247007,343.44,357.859,0,0
1156.664164,5.739008729253752,343.711,358.01,0,0
1156.764159,3.490988599658991,343.62,358.234,0,0
1156.8641599999999,6.454492502471904,343.699,357.864,0,0
1156.964157,4.9745570458340165,343.554,357.855,0,0
1157.064159,6.4563554734139466,343.788,358.028,0,0
1157.164156,6.386745273118894,343.753,357.976,0,0
1157.264155,7.489507264177354,343.868,357.996,0,0
1157.364155,5.748402741658883,343.757,358.095,0,0
1157.4641550000001,4.8944405367907615,343.65,358.047,0,0
1157.564152,4.047080667252111,343.692,358.272,0,0
1157.664152,6.3013798164785175,343.761,358.007,0,0
1157.764148,4.8552246517732325,343.648,358.051,0,0
1157.8641499999999,8.117737121378976,343.908,357.962,0,0
1157.964145,10.42486551515379,344.082,357.881,0,0
1158.064148,7.505847685532551,343.877,358.012,0,0
1158.1641459999998,6.940416707793915,343.725,357.831,0,0
1158.2641429999999,8.017625053705613,343.924,358.01,0,0
1158.364146,7.870811982487,343.798,357.804,0,0
1158.464146,4.306274222418872,343.57,358.005,0,0
1158.5641440000002,4.962126656083356,343.696,358.123,0,0
1158.664141,7.373896287009971,343.775,357.849,0,0
1158.7641370000001,6.1148245825975165,343.771,358.061,0,0
1158.864135,6.638566343671918,343.722,357.88,0,0
1158.964136,5.214480801056678,343.61,357.922,0,0
1159.06414,5.037925361132387,343.685,358.091,0,0
1159.164138,3.0168628413089515,343.466,358.04,0,0
1159.264134,2.645399048099865,343.453,358.081,0,0
1159.364132,0.3328616917316776,343.176,357.974,0,0
1159.464134,1.5933329427792635,343.282,357.95,0,0
1159.5641329999999,4.698138005769462,343.551,357.905,0,0
1159.664131,2.3382050286972853,343.363,357.97,0,0
1159.7641310000001,1.818698687559051,343.336,358.011,0,0
1159.864126,2.9175437747417994,343.474,358.074,0,0
1159.9641270000002,3.4479100765121475,343.524,358.074,0,0
1160.06412,3.8121041785555088,343.486,357.941,0,0
1160.1641140000002,4.256943738697502,343.554,357.989,0,0
1160.264112,4.166824668048578,343.635,358.154,0,0
1160.364104,3.1117535652924655,343.428,357.957,0,0
1160.464106,1.4334480509799226,343.23,357.885,0,0
1160.5641,3.010894634258978,343.435,357.988,0,0
1160.664093,3.3256151666633658,343.507,358.066,0,0
1160.764093,3.270066333677669,343.388,357.857,0,0
1160.864084,3.547543513858258,343.463,357.947,0,0
1160.964083,0.9970538845627528,343.226,357.955,0,0
1161.0640819999999,1.0175506166989532,343.218,357.937,0,0
1161.1640770000001,1.7081474197720496,343.275,357.922,0,0
1161.264072,1.1619836006208248,343.227,357.929,0,0
1161.364064,3.0608430278348835,343.37,357.862,0,0
1161.464065,2.683892863904543,343.288,357.777,0,0
1161.564061,1.3048339594338594,343.252,357.951,0,0
1161.664056,2.6439383387678412,343.335,357.871,0,0
1161.764053,1.9952336417871306,343.311,357.94,0,0
1161.864045,3.935687751553441,343.49,357.932,0,0
1161.9640419999998,1.3440370769974384,343.279,357.995,0,0
1162.0640349999999,0.5474952682123044,343.297,358.167,0,0
1162.164033,2.8907434696892906,343.413,357.973,0,0
1162.2640279999998,3.7387892207047724,343.53,358.041,0,0
1162.36403,5.680867236780003,343.676,357.972,0,0
1162.464022,11.073432419296518,344.182,357.965,0,0
1162.564021,12.75270685656764,344.42,358.111,0,0
1162.664017,13.429288045991642,344.461,358.069,0,0
1162.764009,13.147974160891469,344.375,357.96,0,0
1162.864006,9.841360741815594,344.179,358.175,0,0
1162.963999,11.123263861657406,344.168,357.932,0,0
1163.063999,10.121477947170915,344.078,357.941,0,0
1163.1639930000001,7.47922828621228,343.922,358.114,0,0
1163.2639920000001,6.895605592314127,343.846,358.076,0,0
1163.3639879999998,8.368055423248158,343.909,357.936,0,0
1163.463978,7.052519971077671,343.704,357.788,0,0
1163.563976,6.949771521647648,343.755,357.9,0,0
1163.6639739999998,7.018790892120209,343.713,357.811,0,0
1163.7639709999999,7.177644782856896,343.792,357.929,0,0
1163.863965,5.028759754800402,343.587,357.926,0,0
1163.963959,6.393830625208363,343.698,357.893,0,0
1164.06396,5.335720086259705,343.613,357.921,0,0
1164.163952,5.799210264286318,343.617,357.848,0,0
1164.263947,4.128677697614498,343.523,357.966,0,0
1164.363943,6.439467485965601,343.743,357.969,0,0
1164.4639439999999,4.345306103636719,343.516,357.916,0,0
1164.5639350000001,4.0274098952014095,343.501,357.944,0,0
1164.663935,5.048371928866768,343.53,357.82,0,0
1164.7639310000002,1.7143869605517306,343.37,358.106,0,0
1164.863925,3.8297924182041356,343.54,358.051,0,0
1164.96392,2.6893916800488045,343.432,358.051,0,0
1165.063917,6.102483024815397,343.697,357.945,0,0
1165.1639129999999,4.526677536026827,343.575,357.995,0,0
1165.2639080000001,4.043951742732582,343.558,358.048,0,0
1165.363904,4.173626406552165,343.6,358.103,0,0
1165.463897,3.733241896073237,343.487,357.972,0,0
1165.5638959999999,5.591656279393205,343.599,357.855,0,0
1165.663893,4.111930625240989,343.51,357.949,0,0
1165.763886,6.146182435224029,343.687,357.921,0,0
1165.863885,4.420256386568159,343.572,358.01,0,0
1165.9638799999998,4.234774730331575,343.563,358.026,0,0
1166.063875,3.2295483088358217,343.458,358.008,0,0
1166.163875,5.099944510006877,343.507,357.773,0,0
1166.263865,1.1634415574298544,343.296,358.07,0,0
1166.363861,3.305083732136823,343.4,357.889,0,0
1166.46386,1.8987196680129093,343.25,357.858,0,0
1166.563854,-0.36102840381424706,343.178,358.119,0,0
1166.6638529999998,1.4891498474477174,343.199,357.836,0,0
1166.7638470000002,2.516974861922253,343.308,357.858,0,0
1166.86384,1.7577003866886505,343.273,357.926,0,0
1166.963843,0.9290154690482407,343.201,357.938,0,0
1167.063838,0.8221232714453193,343.269,358.082,0,0
1167.1638289999999,1.705628803178921,343.26,357.912,0,0
1167.263824,-0.2623626142032265,343.127,358.01,0,0
1167.363822,2.513738617664117,343.316,357.875,0,0
1167.463817,1.4291447073980812,343.341,358.11,0,0
1167.563813,-0.8317285078335348,343.214,358.27,0,0
1167.663809,1.7563698580990301,343.295,357.969,0,0
1167.7638060000002,0.012759190472140185,343.143,357.993,0,0
1167.8638,-0.8435251776137173,343.101,358.065,0,0
1167.963799,1.0712046524454404,343.233,357.975,0,0
1168.063798,3.0164782663663225,343.438,358.014,0,0
1168.163794,1.3623125688541275,343.245,357.947,0,0
1168.263793,2.63311352773762,343.396,358.004,0,0
1168.363787,0.04947521800644875,343.27,358.222,0,0
1168.4637819999998,1.3424100706106654,343.272,358.001,0,0
1168.563784,1.1608478441839938,343.24,357.974,0,0
1168.66378,2.417199644337398,343.313,357.89,0,0
1168.76378,-0.27120919983659086,343.051,357.876,0,0
1168.863773,0.1223314688067583,343.206,358.093,0,0
1168.963773,-0.21596469525682896,343.057,357.878,0,0
1169.0637709999999,1.9702605127979642,343.2,357.761,0,0
1169.163768,0.49119677920407323,343.179,357.98,0,0
1169.263765,0.6466763333486011,343.093,357.795,0,0
1169.3637609999998,0.930121366324347,343.199,357.941,0,0
1169.463759,-1.1562556103750434,343.051,358.032,0,0
1169.563752,0.48167654760476253,343.209,358.038,0,0
1169.6637520000002,1.1242539195334256,343.212,357.932,0,0
1169.7637479999999,3.032739469158678,343.432,358.005,0,0
1169.863744,4.563086943931135,343.582,358.015,0,0
1169.963743,5.219637524004744,343.701,358.12,0,0
1170.06374,4.984272678146394,343.69,358.141,0,0
1170.163735,5.36845169050716,343.699,358.091,0,0
1170.2637320000001,7.071952539591287,343.742,357.874,0,0
1170.363732,4.5807473466804565,343.578,358.006,0,0
1170.463725,5.813180189699661,343.677,357.974,0,0
1170.5637239999999,5.075532778019433,343.606,357.972,0,0
1170.663721,2.092619330759748,343.383,358.081,0,0
1170.7637180000002,3.23703624470027,343.409,357.93,0,0
1170.863719,4.517503792701462,343.537,357.943,0,0
1170.963712,1.4230766575265368,343.354,358.145,0,0
1171.063713,4.108652519909097,343.429,357.816,0,0
1171.163706,2.1755793300430746,343.358,358.022,0,0
1171.263705,1.284802411553155,343.341,358.146,0,0
1171.363698,3.001389257875842,343.426,358.004,0,0
1171.4636990000001,0.8973169781270719,343.266,358.076,0,0
1171.5636980000002,-0.6403219998309968,343.14,358.112,0,0
1171.6636939999999,-0.43775937126428194,343.159,358.112,0,0
1171.763692,-0.43309224600508667,343.087,357.979,0,0
1171.8636880000001,1.2317264640020122,343.272,358.03,0,0
1171.963683,-0.6730214341437855,343.089,358.025,0,0
1172.06368,0.7228784609844295,343.154,357.902,0,0
1172.163681,-1.547657788008445,343.05,358.106,0,0
1172.263677,1.0987702749509776,343.28,358.069,0,0
1172.363671,4.369147304750841,343.444,357.802,0,0
1172.463667,5.082673582360047,343.651,358.059,0,0
1172.563669,4.374975556712534,343.435,357.785,0,0
1172.6636669999998,3.7340905940424793,343.415,357.86,0,0
1172.763663,2.8711846320934775,343.274,357.751,0,0
1172.8636569999999,2.2831613303823457,343.284,357.872,0,0
1172.963652,4.096293958063903,343.389,357.75,0,0
1173.063655,1.9117502977886136,343.254,357.882,0,0
1173.16365,3.5494677317664713,343.381,357.831,0,0
1173.263649,2.071358429486886,343.284,357.91,0,0
1173.363643,3.8831166533385524,343.378,357.768,0,0
1173.463638,2.08386544133344,343.249,357.844,0,0
1173.5636359999999,3.004401083263031,343.206,357.605,0,0
1173.663635,2.892695672266192,343.248,357.702,0,0
1173.763631,2.7065034306320777,343.296,357.823,0,0
1173.863631,2.199645582387847,343.274,357.871,0,0
1173.9636229999999,1.1482068548985507,343.188,357.896,0,0
1174.0636240000001,2.1240938333255786,343.266,357.87,0,0
1174.163622,0.5404673453509485,343.165,357.96,0,0
1174.263615,-1.0440683525448322,343.04,358.006,0,0
1174.363614,-0.6550383848133794,343.0,357.865,0,0
1174.463612,0.41163566288301673,343.123,357.906,0,0
1174.563607,-0.3535880017297648,343.032,357.872,0,0
1174.6636070000002,3.235821628378026,343.324,357.785,0,0
1174.763602,1.7149604329561108,343.211,357.842,0,0
1174.863598,0.15317592312537343,343.105,357.919,0,0
1174.963598,0.42677435539411296,343.128,357.914,0,0
1175.063598,4.187259252077612,343.334,357.639,0,0
1175.163595,0.8560392426597961,343.171,357.919,0,0
1175.263591,3.1073270076991872,343.312,357.787,0,0
1175.3635889999998,1.8767829800863125,343.277,357.937,0,0
1175.4635830000002,-0.20637663159958985,343.138,358.044,0,0
1175.563583,2.471808992101723,343.296,357.869,0,0
1175.663577,1.7293799519274335,343.124,357.682,0,0
1175.7635759999998,1.214199814590128,343.211,357.932,0,0
1175.863576,2.4505858777356533,343.212,357.719,0,0
1175.9635700000001,1.1789022146333255,343.153,357.832,0,0
1176.063564,0.367690514418236,343.087,357.852,0,0
1176.163563,1.468426693562513,343.123,357.727,0,0
1176.263556,1.9509827413115537,343.175,357.739,0,0
1176.363555,2.915830895506567,343.265,357.737,0,0
1176.463549,5.176719622172108,343.533,357.837,0,0
1176.563546,5.007835352828004,343.431,357.679,0,0
1176.663544,6.821586788903187,343.704,357.866,0,0
1176.7635400000001,5.808345321060719,343.539,357.739,0,0
1176.8635390000002,4.596905362780701,343.452,357.79,0,0
1176.963534,4.244023039372054,343.55,358.032,0,0
1177.063534,2.83493653461673,343.328,357.869,0,0
1177.1635319999998,4.842091996130569,343.447,357.739,0,0
1177.263528,3.0166607301927018,343.259,357.711,0,0
1177.363521,2.3389999245581437,343.229,357.774,0,0
1177.4635190000001,3.7571986854425425,343.301,357.66,0,0
1177.5635160000002,5.378564082969401,343.502,357.748,0,0
1177.663509,2.3510722089116634,343.24,357.793,0,0
1177.763507,1.2711373091050873,343.135,357.788,0,0
1177.863507,-0.4704336482100947,343.062,357.957,0,0
1177.963501,1.9948345817219997,343.314,357.992,0,0
1178.063495,1.9637007161452955,343.106,357.615,0,0
1178.163494,2.5935754805287283,343.254,357.778,0,0
1178.26349,-0.40724713121728773,342.988,357.811,0,0
1178.363487,0.7079393697588839,343.102,357.827,0,0
1178.4634879999999,-0.7867164319430114,342.998,357.896,0,0
1178.563483,1.4595183550533792,343.132,357.752,0,0
1178.66348,0.12923797986675384,343.018,357.774,0,0
1178.763472,1.8644013897601246,343.214,357.833,0,0
1178.86347,-0.7134845888549889,343.088,358.05,0,0
1178.9634680000001,1.5054104485433455,343.183,357.839,0,0
1179.0634639999998,0.8537051040354591,343.206,357.995,0,0
1179.163464,1.9981044584157315,343.282,357.936,0,0
1179.2634620000001,2.2466270503379193,343.351,358.02,0,0
1179.363458,2.470591270854298,343.328,357.939,0,0
1179.463454,1.9513323842824783,343.282,357.945,0,0
1179.563447,1.6136797977381934,343.251,357.947,0,0
1179.663443,0.5815636800219571,343.144,357.93,0,0
1179.763443,0.952661834447503,343.111,357.805,0,0
1179.863439,0.8216287169909623,343.199,357.99,0,0
1179.9634369999999,1.0853585365558525,343.189,357.926,0,0
1180.063435,1.8798801490827257,343.233,357.869,0,0
1180.163425,5.369056487311854,343.534,357.816,0,0
1180.2634240000002,6.4773277761974,343.693,357.916,0,0
1180.363419,7.729756271650902,343.814,357.921,0,0
1180.4634210000002,8.654592238051276,343.935,357.983,0,0
1180.5634169999998,8.078088770897397,343.895,358.01,0,0
1180.663412,7.555193742168172,343.753,357.84,0,0
1180.76341,7.463515042945847,343.742,357.836,0,0
1180.8634029999998,5.733017749030657,343.582,357.843,0,0
1180.963399,5.911881543762714,343.658,357.952,0,0
1181.0633970000001,3.960012848676655,343.47,357.946,0,0
1181.1633929999998,2.884668686506316,343.385,357.977,0,0
1181.263388,4.4607938641872025,343.479,357.876,0,0
1181.363388,2.5380945035338085,343.353,357.979,0,0
1181.463383,3.2358336457381345,343.396,357.937,0,0
1181.563384,2.643496046393344,343.292,357.849,0,0
1181.663375,1.6989531723097717,343.221,357.883,0,0
1181.763374,6.166243655588264,343.677,357.945,0,0
1181.863374,9.336357127169254,343.925,357.85,0,0
1181.963366,8.80832160429116,343.976,358.036,0,0
1182.063369,8.66379279630624,343.91,357.94,0,0
1182.163362,6.696327961470741,343.639,357.784,0,0
1182.263359,3.944868290816342,343.533,358.068,0,0
1182.3633519999998,5.269511603989337,343.588,357.939,0,0
1182.463351,2.2889200450135716,343.325,357.974,0,0
1182.563352,2.932845745194237,343.414,358.026,0,0
1182.663342,4.700210680975113,343.575,358.015,0,0
1182.763343,2.089304286891928,343.26,357.89,0,0
1182.863336,1.6380397958996402,343.34,358.116,0,0
1182.9633370000001,1.1682781585195061,343.134,357.819,0,0
1183.0633300000002,0.5467179114303641,343.093,357.852,0,0
1183.163329,1.8396057927618843,343.22,357.861,0,0
1183.2633259999998,3.768597371589132,343.349,357.763,0,0
1183.3633189999998,0.9334946863146181,343.159,357.907,0,0
1183.463321,1.0098835263700974,343.109,357.802,0,0
1183.5633149999999,2.3294079952473843,343.307,357.937,0,0
1183.663313,1.987839385943881,343.299,357.982,0,0
1183.763311,1.7449047152354777,343.265,357.962,0,0
1183.863303,2.0422213899546553,343.206,357.802,0,0
1183.963303,0.7604217626809626,343.158,357.937,0,0
1184.0633030000001,1.5188491994499118,343.21,357.901,0,0
1184.163298,0.7731339831441287,343.204,358.02,0,0
1184.263295,0.47502170376024455,343.18,358.028,0,0
1184.36329,2.4716168977018653,343.273,357.852,0,0
1184.463288,2.227502831366016,343.309,357.961,0,0
1184.5632890000002,2.7167302256061343,343.36,357.97,0,0
1184.663282,2.2636374330536397,343.417,358.154,0,0
1184.763281,1.8147550496603573,343.307,358.03,0,0
1184.8632819999998,2.1074507670656883,343.303,357.972,0,0
1184.963278,3.3424449210120573,343.343,357.831,0,0
1185.063276,2.6387792191643764,343.385,358.031,0,0
1185.1632730000001,2.108742934650112,343.282,357.934,0,0
1185.2632720000001,3.4605112532950213,343.345,357.815,0,0
1185.3632679999998,0.8382955765697501,343.136,357.887,0,0
1185.463264,1.7737191507082954,343.233,357.903,0,0
1185.563264,0.5353763506665606,343.169,358.001,0,0
1185.663261,0.6561097675512231,343.177,357.995,0,0
1185.76326,0.5033027518707013,343.12,357.917,0,0
1185.863257,-0.6610185278795399,343.063,358.015,0,0
1185.963251,1.9231596843752212,343.192,357.803,0,0
1186.063251,-0.3692007742536708,343.068,357.974,0,0
1186.163246,1.7946930544672974,343.304,358.032,0,0
1186.2632469999999,-0.341322889123307,343.135,358.093,0,0
1186.363238,0.01279630723304187,343.033,357.844,0,0
1186.463236,0.8847626433474374,343.149,357.906,0,0
1186.563233,-0.5928965387790425,343.089,358.053,0,0
1186.6632299999999,1.3786760043387156,343.103,357.736,0,0
1186.7632290000001,-0.46865722053704073,343.07,357.997,0,0
1186.863226,0.5893207016195063,343.115,357.896,0,0
1186.963223,0.8394596642244242,343.176,357.965,0,0
1187.063225,-0.0006993019819008564,343.079,357.933,0,0
1187.163224,0.6652867304747027,343.194,358.029,0,0
1187.2632150000002,7.2197154693922885,343.724,357.864,0,0
1187.363212,9.090944429065994,343.997,358.041,0,0
1187.4632139999999,9.080455523241865,343.904,357.872,0,0
1187.563213,12.0130732554801,344.204,357.914,0,0
1187.6632069999998,11.357475567055557,344.2,358.021,0,0
1187.763206,9.78467903802369,344.056,358.03,0,0
1187.863205,8.917212863248448,343.845,357.793,0,0
1187.9632020000001,7.624591695254108,343.84,358.009,0,0
1188.0631950000002,7.353182549383059,343.737,357.867,0,0
1188.1631980000002,8.104490188606341,343.778,357.812,0,0
1188.2631939999999,7.063373139454526,343.762,357.964,0,0
1188.363188,8.706639429556848,343.833,357.809,0,0
1188.463186,7.323458885344872,343.789,357.969,0,0
1188.563182,7.230669064323419,343.698,357.818,0,0
1188.663183,4.7091454086414215,343.492,357.878,0,0
1188.763176,3.817013024268699,343.439,357.936,0,0
1188.863174,6.312191674315791,343.646,357.883,0,0
1188.9631729999999,3.267907379273282,343.421,357.999,0,0
1189.063169,4.752751545431503,343.558,357.993,0,0
1189.163169,4.966827933910252,343.552,357.945,0,0
1189.263168,6.275142118842344,343.631,357.863,0,0
1189.363164,4.694261237394426,343.577,358.039,0,0
1189.4631610000001,5.221437850102053,343.593,357.977,0,0
1189.5631569999998,4.708418092742,343.484,357.866,0,0
1189.663158,5.716934389361801,343.614,357.93,0,0
1189.763155,2.942813999616055,343.289,357.815,0,0
1189.8631540000001,6.445059055324196,343.682,357.929,0,0
1189.963146,5.48997814631442,343.535,357.825,0,0
1190.063147,4.933026435299105,343.48,357.821,0,0
1190.1631459999999,6.196965004393353,343.576,357.778,0,0
1190.263138,9.487969274427662,343.905,357.811,0,0
1190.36314,14.188617038111571,344.326,357.768,0,0
1190.463133,14.140139237127709,344.368,357.854,0,0
1190.563134,14.080892280718723,344.328,357.791,0,0
1190.663133,12.121192070815722,344.186,357.871,0,0
1190.7631259999998,12.093430436811861,344.168,357.843,0,0
1190.863126,9.281569361488007,343.934,357.902,0,0
1190.963125,11.072197956055337,344.001,357.714,0,0
1191.0631210000001,7.090519110515203,343.558,357.592,0,0
1191.163116,7.862230264751755,343.733,357.78,0,0
1191.263113,5.277542230922512,343.402,357.621,0,0
1191.363109,5.3113446269674,343.492,357.781,0,0
1191.463108,3.83443461249612,343.3,357.685,0,0
1191.563108,3.9717091265797757,343.34,357.735,0,0
1191.663104,1.5166210361160914,343.143,357.8,0,0
1191.763102,2.4594076041548556,343.232,357.8,0,0
1191.863099,1.9702871074041681,343.147,357.729,0,0
1191.963096,2.9813263092667954,343.293,357.822,0,0
1192.063097,1.1611732605940672,343.143,357.863,0,0
1192.163092,0.853410251597457,343.117,357.869,0,0
1192.263095,1.315063284483942,343.148,357.846,0,0
1192.363092,3.06848155303663,343.143,357.532,0,0
1192.463093,2.584102135224903,343.259,357.83,0,0
1192.5630919999999,3.1013984821991007,343.267,357.755,0,0
1192.663084,2.5039790835281384,343.231,357.793,0,0
1192.7630889999998,1.1243291067605723,343.002,357.612,0,0
1192.863087,-1.130827959351513,342.975,357.955,0,0
1192.9630849999999,0.3558364692914955,343.16,358.037,0,0
1193.063081,0.561017763355016,342.995,357.698,0,0
1193.1630830000001,2.669531583590333,343.185,357.681,0,0
1193.2630800000002,1.3937217326685938,343.118,357.78,0,0
1193.363077,1.7997427762078253,343.147,357.763,0,0
1193.463075,0.4163697937583206,343.022,357.774,0,0
1193.563072,2.2595798669511526,343.238,357.851,0,0
1193.66307,2.0801293448039253,343.135,357.693,0,0
1193.76307,0.46085995008869995,343.079,357.872,0,0
1193.86307,-0.10414257214021767,343.039,357.897,0,0
1193.963071,0.2570806372345186,342.998,357.759,0,0
1194.0630660000002,-0.5483967854317877,342.982,357.87,0,0
1194.163065,-0.35042325592436124,343.006,357.88,0,0
1194.263064,-0.8570440242818536,342.99,357.939,0,0
1194.363062,0.09908907529982552,343.052,357.887,0,0
1194.463057,0.505824944669766,343.024,357.765,0,0
1194.5630589999998,2.1005621217824544,343.154,357.727,0,0
1194.663061,0.9374032634349665,343.077,357.788,0,0
1194.7630570000001,1.5287112312763826,343.117,357.759,0,0
1194.863054,0.8305918096468752,343.103,357.855,0,0
1194.963051,2.567884448808204,343.178,357.691,0,0
1195.0630549999998,3.1950182669837903,343.304,357.814,0,0
1195.163051,2.3559887568096625,343.262,357.883,0,0
1195.263051,1.7146709142774326,343.205,357.89,0,0
1195.363049,2.86711983906019,343.291,357.848,0,0
1195.463047,6.534944337247739,343.554,357.694,0,0
1195.563042,4.621440822869122,343.443,357.823,0,0
1195.663043,3.384261004626816,343.359,357.884,0,0
1195.763041,3.8505480446723914,343.31,357.713,0,0
1195.863043,1.7699418684420685,343.137,357.757,0,0
1195.963037,0.505855044112176,343.076,357.865,0,0
1196.06304,2.993504103175416,343.16,357.587,0,0
1196.163034,1.7790428142487968,343.17,357.817,0,0
1196.2630319999998,-0.1960456353935776,343.001,357.85,0,0
1196.3630309999999,0.8244878199773545,342.993,357.658,0,0
1196.4630339999999,0.46175484718806487,343.033,357.795,0,0
1196.56303,0.0022819766123102427,342.972,357.763,0,0
1196.6630249999998,0.7973093786736953,342.928,357.544,0,0
1196.7630279999998,0.7835022530867184,343.076,357.819,0,0
1196.8630249999999,-0.9890579371124073,342.918,357.837,0,0
1196.963023,-2.2280663442868716,342.811,357.856,0,0
1197.06302,0.39399929844207643,343.055,357.849,0,0
1197.163023,-0.38061894044317457,342.918,357.732,0,0
1197.26302,0.7092714921657728,343.072,357.826,0,0
1197.363014,1.159951836918778,342.965,357.551,0,0
1197.463013,0.3970121879029955,342.934,357.627,0,0
1197.563012,-0.08958366309929934,342.865,357.585,0,0
1197.66301,-1.4072455605196883,342.831,357.752,0,0
1197.763008,-0.539830471818457,342.852,357.64,0,0
1197.863011,-0.9379445698828272,342.843,357.693,0,0
1197.963011,1.4416334456472872,342.982,357.535,0,0
1198.063007,-1.6704769256547845,342.787,357.718,0,0
1198.1630030000001,-1.1198634022004508,342.84,357.72,0,0
1198.2630049999998,-1.218655428827157,342.818,357.697,0,0
1198.363004,-0.26782385084882376,342.917,357.714,0,0
1198.463003,-1.287981801249454,342.822,357.717,0,0
1198.562999,-1.2690906364289245,342.847,357.76,0,0
1198.662992,0.40477841695554406,342.866,357.504,0,0
1198.762995,0.0310066616407886,342.918,357.665,0,0
1198.8629950000002,0.8228206477851375,342.865,357.43,0,0
1198.962992,0.06102897462945579,342.839,357.515,0,0
1199.062994,-0.30953890725785893,342.925,357.738,0,0
1199.162993,-0.1982477873808585,342.987,357.833,0,0
1199.2629909999998,2.898545302649217,343.221,357.725,0,0
1199.362991,2.320687190992155,343.145,357.686,0,0
1199.462988,1.9627720002957203,343.211,357.87,0,0
1199.562987,1.8403205249020183,343.146,357.772,0,0
1199.662986,1.7454255668939254,343.151,357.798,0,0
1199.76298,1.2772088849601606,343.112,357.808,0,0
1199.8629799999999,1.1635137097327652,343.0,357.622,0,0
1199.962977,0.7716023539861394,343.003,357.696,0,0
1200.062974,0.5615462733828537,342.977,357.685,0,0
1200.162965,2.323421340550194,343.094,357.594,0,0
1200.262961,-1.7842918427179393,342.788,357.746,0,0
1200.362954,0.15482781009128774,342.906,357.626,0,0
1200.462952,-0.8320254817219247,342.881,357.752,0,0
1200.5629509999999,0.44524175077957306,343.0,357.749,0,0
1200.662941,1.2705658119102943,343.073,357.74,0,0
1200.762938,1.8136366480701107,343.028,357.563,0,0
1200.8629310000001,1.687451658155591,343.092,357.703,0,0
1200.962929,0.5401412850604117,343.054,357.833,0,0
1201.062923,-0.6073747686099316,342.96,357.86,0,0
1201.16292,0.9250658601075143,343.089,357.831,0,0
1201.262915,0.9241730966557595,343.148,357.94,0,0
1201.3629099999998,1.0118808960083185,342.992,357.638,0,0
1201.462909,-0.937066398641325,342.982,357.959,0,0
1201.562903,1.9093926612496264,343.182,357.832,0,0
1201.662898,1.671066522663934,343.143,357.802,0,0
1201.762896,1.5444707258276844,343.095,357.736,0,0
1201.8628899999999,2.1376220702137325,343.133,357.703,0,0
1201.9628810000002,-0.9402303529941679,342.932,357.869,0,0
1202.062882,-1.7642876664112677,342.83,357.825,0,0
1202.162871,0.929528793671013,343.021,357.708,0,0
1202.2628670000001,-0.47780300462963493,343.022,357.955,0,0
1202.3628629999998,1.9417804574978634,343.155,357.779,0,0
1202.4628619999999,2.3505659001711194,343.181,357.756,0,0
1202.562854,2.018444320980316,343.144,357.746,0,0
1202.662848,1.4555024077151195,343.133,357.824,0,0
1202.762848,3.276020199250498,343.205,357.64,0,0
1202.86284,-0.5340366660804698,343.019,357.961,0,0
1202.962839,3.743702446937702,343.25,357.642,0,0
1203.062835,3.693596455947472,343.35,357.835,0,0
1203.162827,5.177072779297667,343.476,357.809,0,0
1203.262825,4.092755866353263,343.432,357.917,0,0
1203.362818,2.9572116071243464,343.3,357.872,0,0
1203.462814,2.7350024223249174,343.206,357.738,0,0
1203.5628100000001,1.8111429439920679,343.175,357.842,0,0
1203.6628030000002,2.5153543195287504,343.161,357.694,0,0
1203.762796,0.6574871521255158,343.052,357.817,0,0
1203.862795,0.27363034004269926,343.04,357.862,0,0
1203.962788,2.59253499063417,343.145,357.652,0,0
1204.062784,2.224696951189214,343.303,358.007,0,0
1204.162783,3.00664250528554,343.217,357.713,0,0
1204.26278,5.328675402680592,343.531,357.887,0,0
1204.3627709999998,4.55015318465858,343.392,357.767,0,0
1204.462771,6.043512061730691,343.526,357.754,0,0
1204.562765,5.108147737503802,343.52,357.906,0,0
1204.662756,5.11811241274797,343.461,357.796,0,0
1204.762752,4.740468629582134,343.436,357.816,0,0
1204.862751,4.606525235221638,343.371,357.72,0,0
1204.9627420000002,5.9600888255288345,343.557,357.827,0,0
1205.0627379999999,5.65166099536646,343.488,357.754,0,0
1205.162735,3.1703867328444417,343.257,357.761,0,0
1205.262734,2.078299550279946,343.109,357.679,0,0
1205.362722,3.278322117838017,343.237,357.706,0,0
1205.46272,-1.9029643395572384,342.911,358.008,0,0
1205.562715,-0.5419647540655561,342.914,357.777,0,0
1205.662712,2.9343549296840576,343.204,357.706,0,0
1205.762705,2.4266139625467433,343.133,357.664,0,0
1205.8627020000001,2.901153337794631,343.15,357.613,0,0
1205.9627,1.737058248977192,343.124,357.768,0,0
1206.062695,1.0380242132150173,343.111,357.866,0,0
1206.162689,1.2836481443865084,343.002,357.623,0,0
1206.2626839999998,-0.058167524127439404,343.013,357.877,0,0
1206.362681,1.62232928574391,343.131,357.802,0,0
1206.462672,1.0323089101306668,343.012,357.686,0,0
1206.562667,1.152814266790616,343.039,357.715,0,0
1206.662666,2.051004703383764,343.139,357.743,0,0
1206.762664,-0.32336577406862677,342.898,357.713,0,0
1206.862656,1.4253837485331542,343.073,357.731,0,0
1206.962653,1.1838348294468288,343.05,357.731,0,0
1207.0626459999999,1.5914534805935099,343.121,357.791,0,0
1207.162644,-0.979048115194589,342.962,357.946,0,0
1207.26264,1.8087940471082915,343.157,357.82,0,0
1207.3626359999998,-0.668333800068048,342.909,357.795,0,0
1207.462627,1.3702998709613219,343.1,357.792,0,0
1207.562625,0.7582111742928038,342.98,357.678,0,0
1207.662622,2.333418307092462,343.1,357.625,0,0
1207.7626129999999,3.3991666531988654,343.274,357.76,0,0
1207.862611,1.4884507368016373,343.11,357.791,0,0
1207.962609,3.8395138300009872,343.28,357.695,0,0
1208.062602,7.334667385980189,343.612,357.698,0,0
1208.1626019999999,4.750853476299108,343.405,357.767,0,0
1208.262595,3.2713971650426674,343.272,357.78,0,0
1208.3625889999998,7.0207932156777755,343.64,357.805,0,0
1208.4625859999999,7.234359390749375,343.772,358.011,0,0
1208.562584,11.498755917796801,344.03,357.744,0,0
1208.662583,13.142443415791371,344.213,357.795,0,0
1208.762578,16.096696512924346,344.477,357.767,0,0
1208.8625749999999,14.38507801143601,344.284,357.71,0,0
1208.962572,12.937367205186696,344.104,357.631,0,0
1209.062567,10.924554443040748,344.001,357.792,0,0
1209.1625649999999,8.302393547545195,343.692,357.68,0,0
1209.2625589999998,9.137820104523593,343.804,357.741,0,0
1209.3625519999998,5.969173550988604,343.583,357.886,0,0
1209.46255,6.686300137914789,343.48,357.572,0,0
1209.562544,4.689127449268064,343.36,357.699,0,0
1209.662541,8.255575745996534,343.627,357.57,0,0
1209.7625360000002,5.658168324107664,343.491,357.772,0,0
1209.8625319999999,2.3635698125438744,343.207,357.823,0,0
1209.96253,3.7626700888051956,343.356,357.854,0,0
1210.0625260000002,2.2859963035423534,343.17,357.769,0,0
1210.162523,2.537510229132878,343.267,357.904,0,0
1210.262523,2.9019666758384566,343.21,357.736,0,0
1210.3625200000001,3.4137408279744648,343.249,357.719,0,0
1210.462515,3.1011485955302973,343.247,357.77,1,0
1210.562509,1.0568836315486485,343.047,357.758,0,0
1210.662504,1.0316426913538157,343.07,357.805,0,0
1210.762503,2.450723434148568,343.266,357.919,0,0
1210.862497,7.115717794119641,343.757,358.011,0,0
1210.9624950000002,9.19623990885577,343.84,357.802,0,0
1211.06249,9.123181258487296,343.865,357.861,0,0
1211.162488,7.990162720580241,343.749,357.845,0,0
1211.262486,9.05407289573366,343.925,357.984,0,0
1211.362481,13.59543146567283,344.313,357.908,0,0
1211.462478,12.449792922480544,344.142,357.793,0,0
1211.562472,12.28063328643896,344.184,357.9,0,0
1211.66247,11.354071866748303,344.031,357.78,0,0
1211.7624680000001,9.825457298051681,343.814,357.647,0,0
1211.862458,8.66877893918655,343.655,357.556,0,0
1211.96246,8.282642343384559,343.608,357.537,0,0
1212.06245,8.346803530760875,343.69,357.677,0,0
1212.16245,8.88987993235229,343.645,357.5,0,0
1212.2624469999998,10.521847366184009,343.822,357.542,0,0
1212.362445,8.948543219486544,343.816,357.805,0,0
1212.462436,21.203337416257476,344.853,357.581,0,0
1212.562439,19.17792798005218,344.645,357.551,0,0
1212.6624299999999,17.796837100097754,344.58,357.672,0,0
1212.762428,16.67899378201678,344.46,357.646,0,0
1212.8624269999998,15.013106247712686,344.311,357.662,0,0
1212.962418,11.168397597059357,343.994,357.748,0,0
1213.062419,11.508004842417936,343.989,357.68,0,0
1213.16241,8.249471528492117,343.772,357.848,0,0
1213.262409,8.984978162632107,343.699,357.586,0,0
1213.362405,7.303883928777066,343.629,357.75,0,0
1213.462401,6.455024737785079,343.479,357.622,0,0
1213.562394,7.826559389828013,343.583,357.575,0,0
1213.6623940000002,7.65487900765544,343.609,357.653,0,0
1213.762388,7.298388527131854,343.586,357.673,0,0
1213.862384,3.821265660643066,343.288,357.73,0,0
1213.96238,4.081548364870895,343.313,357.731,0,0
1214.0623799999998,5.299498946856526,343.459,357.788,0,0
1214.162378,3.861661652637664,343.312,357.768,0,0
1214.2623729999998,5.387906759894192,343.429,357.718,0,0
1214.362369,3.2139898245716005,343.22,357.712,0,0
1214.462365,4.021862464814573,343.262,357.649,0,0
1214.562363,3.6028346778249194,343.257,357.713,0,0
1214.662359,2.1465977713242315,343.13,357.733,0,0
1214.762352,4.146162430331245,343.301,357.7,0,0
1214.862347,3.6588821846882342,343.239,357.671,0,0
1214.962344,1.9146015476725269,343.094,357.708,0,0
1215.0623400000002,3.215092002443926,343.219,357.712,0,0
1215.1623359999999,3.741350211128043,343.261,357.698,0,0
1215.262332,3.9418449420573136,343.326,357.783,0,0
1215.3623300000002,3.9775530333487494,343.289,357.709,0,0
1215.462328,1.1412970132340774,343.144,357.936,0,0
1215.5623209999999,1.9443428875011293,343.185,357.872,0,0
1215.662323,2.133603172984591,343.181,357.832,0,0
1215.7623130000002,3.2839945554154997,343.263,357.783,0,0
1215.86231,1.974404888515421,343.189,357.875,0,0
1215.9623119999999,3.9891663555609886,343.306,357.74,0,0
1216.06231,2.254064547763565,343.201,357.849,0,0
1216.162302,0.29558872682850873,342.914,357.662,0,0
1216.262305,2.7919171712515896,343.151,357.664,0,0
1216.362302,2.294506968813853,343.125,357.703,0,0
1216.4623000000001,3.471123977329133,343.166,357.574,0,0
1216.562293,3.1937216218364397,343.132,357.56,0,0
1216.662292,1.2333520995257259,342.972,357.607,0,0
1216.762289,1.792655069035607,343.153,357.843,0,0
1216.862291,1.2040469404296144,342.97,357.609,0,0
1216.962284,2.0978371579416453,343.156,357.796,0,0
1217.0622819999999,1.133569537753412,343.019,357.712,0,0
1217.1622830000001,0.5858308382032617,342.954,357.688,0,0
1217.262277,0.2585328432882264,342.943,357.725,0,0
1217.36228,3.570266419786193,343.212,357.644,0,0
1217.462277,2.0108186731715554,343.066,357.647,0,0
1217.562275,3.8175004693816965,343.253,357.677,0,0
1217.662272,2.4419320597575718,343.182,357.786,0,0
1217.762266,1.7217655119895132,343.142,357.838,0,0
1217.862266,2.987535840425273,343.286,357.883,0,0
1217.962262,5.977694695312998,343.461,357.685,0,0
1218.062258,7.806196745226451,343.693,357.794,0,0
1218.162257,7.039121746422112,343.679,357.902,0,0
1218.262253,7.0541692667266505,343.577,357.712,0,0
1218.3622560000001,8.831931302360108,343.658,357.552,0,0
1218.462252,11.034675226553636,343.933,357.675,0,0
1218.562246,8.516153174974844,343.73,357.74,0,0
1218.6622450000002,5.888682616441401,343.483,357.743,0,0
1218.7622450000001,4.194927670927968,343.458,357.992,0,0
1218.8622409999998,6.8674085090253705,343.566,357.726,0,0
1218.96224,3.4088936493626654,343.304,357.846,0,0
1219.0622369999999,4.534241327986236,343.357,357.748,0,0
1219.162233,3.335236203617644,343.269,357.795,0,0
1219.26223,5.895077833556557,343.362,357.521,0,0
1219.3622309999998,9.422155314080044,343.778,357.673,0,0
1219.462226,11.30906123546681,343.984,357.724,0,0
1219.5622279999998,10.125230850104451,343.892,357.761,0,0
1219.6622209999998,12.725941907553976,344.103,357.697,0,0
1219.762217,11.967407295432666,344.011,357.66,0,0
1219.8622169999999,8.74382622533489,343.781,357.798,0,0
1219.962215,6.374516687461617,343.547,357.78,0,0
1220.062211,7.0782273910056155,343.646,357.84,0,0
1220.162209,8.066356183381853,343.642,357.661,0,0
1220.262208,7.657645926093874,343.707,357.852,0,0
1220.362206,8.035658176638544,343.679,357.735,0,0
1220.4622009999998,7.3092803118969,343.652,357.812,0,0
1220.562203,6.617667426354168,343.506,357.664,0,0
1220.662198,4.668328854819024,343.359,357.733,0,0
1220.762196,7.154117356571901,343.52,357.597,0,0
1220.862176,2.7788262704578695,343.205,357.779,0,0
1220.96219,3.8235081296230127,343.202,357.592,0,0
1221.0621859999999,3.8681050436523234,343.349,357.855,0,0
1221.1621839999998,3.7169278100603895,343.284,357.762,0,0
1221.262184,5.378588297773402,343.385,357.659,0,0
1221.3621839999998,2.8906547040785138,343.155,357.669,0,0
1221.462178,2.061952637449439,343.183,357.865,0,0
1221.562179,4.440405626958304,343.292,357.652,0,0
1221.662174,3.4887386910632805,343.26,357.759,0,0
1221.7621740000002,3.3308837351461538,343.221,357.715,0,0
1221.862171,2.2716536852454916,343.131,357.734,0,0
1221.962168,1.463213346276846,343.087,357.794,0,0
1222.062166,6.039298705904365,343.456,357.677,0,0
1222.162159,7.154506288998504,343.57,357.693,0,0
1222.262161,7.602341508122202,343.691,357.838,0,0
1222.36216,8.690934442001891,343.684,357.636,0,0
1222.462153,4.541615884829613,343.392,357.821,0,0
1222.56215,6.4881495480244675,343.402,357.501,0,0
1222.662154,5.40291132849089,343.384,357.657,0,0
1222.762152,4.46277190430391,343.277,357.624,0,0
1222.8621440000002,5.00996628240625,343.29,357.553,0,0
1222.962142,2.936007943297294,343.191,357.732,0,0
1223.062141,4.616523697070262,343.284,357.611,0,0
1223.162142,3.9000506668244808,343.215,357.609,0,0
1223.262138,2.3111551883849764,343.126,357.722,0,0
1223.362131,2.2967546039056583,343.081,357.642,0,0
1223.46213,3.604176156558149,343.136,357.516,0,0
1223.562126,0.1000752511127899,343.036,357.942,0,0
1223.662129,-0.5168436212920294,342.94,357.873,0,0
1223.762128,2.3792949791311306,343.111,357.684,0,0
1223.8621210000001,0.01798579800200433,342.987,357.867,0,0
1223.9621200000001,0.5560025480419512,342.96,357.724,0,0
1224.0621170000002,-0.2938471849149664,342.986,357.92,0,0
1224.1621129999999,1.4393142058745234,343.078,357.788,0,0
1224.262113,2.552498912501123,343.088,357.613,0,0
1224.362109,4.301895604369809,343.381,357.848,0,0
1224.462104,4.7624384342323935,343.357,357.724,0,0
1224.562097,4.4337585709501885,343.36,357.787,0,0
1224.6620970000001,5.751040883811971,343.473,357.766,0,0
1224.762093,3.6058327485451325,343.339,357.893,0,0
1224.862094,5.507504511496926,343.429,357.728,0,0
1224.962087,6.994422455004847,343.595,357.775,0,0
1225.062082,6.779074984159054,343.606,357.833,0,0
1225.162081,8.816364423465586,343.736,357.718,0,0
1225.262077,9.453621816783468,343.876,357.865,0,0
1225.362076,6.4057076148251895,343.58,357.851,0,0
1225.4620730000001,10.8270628946827,343.986,357.829,0,0
1225.562068,6.249722573774778,343.622,357.956,0,0
1225.662063,8.295302924283316,343.718,357.777,0,0
1225.762065,3.4492711845022157,343.24,357.741,0,0
1225.862058,2.846099000687098,343.254,357.872,0,0
1225.962058,4.159485502596148,343.34,357.802,0,0
1226.0620509999999,4.762584428146819,343.261,357.552,0,0
1226.162049,6.149711047030261,343.473,357.701,0,0
1226.262048,3.139008249656754,343.249,357.813,0,0
1226.3620460000002,2.807114783448424,343.243,357.86,0,0
1226.4620419999999,2.0998215514917433,343.214,357.93,0,0
1226.56204,1.283828687875745,343.097,357.857,0,0
1226.6620360000002,2.1181921427294004,343.029,357.587,0,0
1226.762029,2.8471246856443555,343.288,357.937,0,0
1226.862027,5.651774334869277,343.446,357.74,0,0
1226.9620260000002,6.578970557481204,343.477,357.636,0,0
1227.062025,4.583419129267932,343.349,357.748,0,0
1227.162019,4.408801193829849,343.272,357.637,0,0
1227.262018,6.025839604150967,343.434,357.654,0,0
1227.362011,2.9859464519462597,343.198,357.749,0,0
1227.462008,2.7694637112359444,343.179,357.752,0,0
1227.5620020000001,1.7722979211658672,343.109,357.797,0,0
1227.6619990000002,1.4020143703798305,343.101,357.847,0,0
1227.761997,2.9188388751814527,343.222,357.806,0,0
1227.8619939999999,1.5302006959067844,343.084,357.794,0,0
1227.96199,2.233222538386392,343.19,357.867,0,0
1228.061993,3.940647822495734,343.26,357.699,0,0
1228.1619879999998,3.9715023803975913,343.297,357.762,0,0
1228.261984,3.456358366841261,343.359,357.966,0,0
1228.3619820000001,5.145838479403515,343.461,357.86,0,0
1228.4619779999998,3.9422595469443897,343.328,357.825,0,0
1228.5619709999999,3.2037092203130877,343.283,357.871,0,0
1228.661969,1.528878351747108,343.1,357.826,0,0
1228.761967,1.3404397633697513,343.088,357.837,0,0
1228.861963,3.8687574168676653,343.259,357.712,0,0
1228.9619599999999,3.1943253537110174,343.263,357.837,0,0
1229.061962,4.9105072457172065,343.286,357.581,0,0
1229.1619520000002,3.8191133841743725,343.156,357.532,0,0
1229.261949,3.0334274423374543,343.131,357.623,0,0
1229.3619509999999,4.020586700196823,343.253,357.676,0,0
1229.4619480000001,2.3340127979822913,343.114,357.714,0,0
1229.561943,3.7382095240437008,343.195,357.619,0,0
1229.6619369999999,3.3235724771379314,343.154,357.616,0,0
1229.761935,3.565939281875359,343.161,357.587,0,0
1229.8619339999998,2.1115065234474275,343.132,357.787,0,0
1229.9619280000002,3.079367757971349,343.225,357.79,0,0
1230.061928,2.5521024027929737,343.144,357.733,0,0
1230.161926,3.8841072115061626,343.241,357.68,0,0
1230.2619180000002,4.208970350694157,343.327,357.782,0,0
1230.3619199999998,3.972270931120581,343.28,357.737,0,0
1230.461915,2.351222509400401,343.126,357.736,0,0
1230.56191,2.1312993870241224,343.092,357.712,0,0
1230.661906,4.780504806771558,343.344,357.715,0,0
1230.761905,4.168146009561091,343.343,357.82,0,0
1230.861903,5.704302649050428,343.418,357.691,0,0
1230.961893,3.984836974166837,343.321,357.812,0,0
1231.0618980000002,2.615953252846586,343.224,357.872,0,0
1231.161889,3.166387838677801,343.196,357.725,0,0
1231.261888,2.996339487790874,343.189,357.742,0,0
1231.361889,4.261466954845988,343.24,357.616,0,0
1231.461885,2.9479667719789546,343.189,357.751,0,0
1231.561878,7.136047564003366,343.455,357.512,0,0
1231.661876,8.667117602298301,343.598,357.509,0,0
1231.761873,7.958430752684983,343.608,357.651,0,0
1231.8618689999998,6.575779850603884,343.451,357.603,0,0
1231.961865,7.494915011618795,343.522,357.574,0,0
1232.061863,5.266954524288016,343.378,357.697,0,0
1232.1618640000002,5.688374536867497,343.459,357.773,0,0
1232.261857,4.596765754320644,343.298,357.667,0,0
1232.3618510000001,3.667887298385317,343.21,357.667,0,0
1232.461852,3.0129932941503506,343.224,357.807,0,0
1232.561848,3.1404058064107407,343.256,357.844,0,0
1232.661844,1.2103928934647934,343.088,357.871,0,0
1232.7618400000001,1.1635374984784428,343.147,357.988,0,0
1232.8618359999998,2.5859191886867268,343.177,357.796,0,0
1232.961833,3.975159634584031,343.293,357.768,0,0
1233.061829,3.4474302674818778,343.225,357.735,0,0
1233.1618270000001,0.6855180876953766,342.893,357.605,0,0
1233.261827,0.8260057290335414,342.992,357.763,0,0
1233.3618230000002,0.34123471544216155,342.996,357.855,0,0
1233.461818,2.467042110413198,343.111,357.697,0,0
1233.5618160000001,1.949411290286636,343.082,357.734,0,0
1233.661811,2.7257646152489956,343.202,357.82,0,0
1233.761812,3.027218505555173,343.201,357.766,0,0
1233.861803,3.1183405897551406,343.16,357.675,0,0
1233.9618030000001,3.268028482151664,343.249,357.813,0,0
1234.0617960000002,1.6187326108982771,343.032,357.701,0,0
1234.161794,0.17211644256802341,343.007,357.907,0,0
1234.261791,2.4839032232084626,343.126,357.724,0,0
1234.361787,2.3720430602526386,343.062,357.626,0,0
1234.461785,-0.5492650508913274,342.922,357.877,0,0
1234.5617849999999,2.921343096338838,343.162,357.715,0,0
1234.661779,1.29891130552863,343.022,357.74,0,0
1234.761776,2.4332067810650804,343.134,357.749,0,0
1234.861777,4.428830814197893,343.403,357.897,0,0
1234.961768,4.057425058108254,343.34,357.846,0,0
1235.061764,9.487723324351407,343.855,357.849,0,0
1235.1617620000002,8.97422783432475,343.834,357.9,0,0
1235.2617579999999,7.555915412289576,343.747,357.987,0,0
1235.3617590000001,11.363078459168197,343.996,357.783,0,0
1235.461757,10.630755030365384,343.913,357.758,0,0
1235.561751,13.061816596056266,344.121,357.718,0,0
1235.66175,11.658213460252151,344.043,357.819,0,0
1235.761748,10.966846003274114,343.878,357.636,0,0
1235.861742,8.089698077023584,343.69,357.791,0,0
1235.9617420000002,8.31683940689211,343.826,358.002,0,0
1236.0617320000001,8.760384179963879,343.783,357.846,0,0
1236.16173,8.030821064862012,343.697,357.815,0,0
1236.261726,6.327019547402337,343.533,357.81,0,0
1236.3617239999999,5.880229401081133,343.427,357.693,0,0
1236.4617190000001,4.833864656420076,343.373,357.776,0,0
1236.5617209999998,5.669510262353253,343.541,357.94,0,0
1236.661718,5.829643954622322,343.4,357.653,0,0
1236.761714,4.635907587184155,343.375,357.815,0,0
1236.861713,3.3654439984392264,343.221,357.753,0,0
1236.961708,3.188265717875005,343.228,357.797,0,0
1237.061704,3.625804096959324,343.254,357.769,0,0
1237.161697,4.453451296487509,343.312,357.732,0,0
1237.2616990000001,2.454917610951374,343.181,357.839,0,0
1237.3616969999998,2.1745706237377216,343.069,357.682,0,0
1237.461693,3.9699948681698287,343.262,357.725,0,0
1237.561691,2.7601861191782735,343.192,357.807,0,0
1237.661685,1.290171300508262,343.055,357.811,0,0
1237.7616839999998,2.428148233285664,343.163,357.812,0,0
1237.861676,1.8852683204983927,343.049,357.697,0,0
1237.961671,1.399352242759285,343.048,357.78,0,0
1238.061674,0.12543663463145427,342.904,357.737,0,0
1238.161669,-0.3489740496437097,342.878,357.772,0,0
1238.2616659999999,-0.4670341264951661,342.802,357.653,0,0
1238.361662,3.733626894312578,343.223,357.697,0,0
1238.46166,-0.7073968432140564,342.892,357.861,0,0
1238.561655,3.0636607144412773,343.174,357.724,0,0
1238.6616510000001,2.3757040423864058,343.099,357.706,0,0
1238.7616480000002,1.8583246603226258,343.026,357.662,0,0
1238.8616470000002,2.728259929591644,343.113,357.671,0,0
1238.961646,0.9251331884224994,342.982,357.744,0,0
1239.0616380000001,2.4525592082392866,343.054,357.611,0,0
1239.161638,3.7479744477434678,343.247,357.741,0,0
1239.261631,3.2476096686143925,343.168,357.683,0,0
1239.361631,2.8129865618443417,343.105,357.643,0,0
1239.461625,2.95213498694937,343.118,357.643,0,0
1239.5616229999998,1.9411752334185233,343.063,357.718,0,0
1239.661617,1.2389753764559748,342.966,357.662,0,0
1239.7616189999999,3.155082069832134,343.184,357.73,0,0
1239.861617,3.1411225467828015,343.201,357.764,0,0
1239.96161,2.066726783324622,343.115,357.793,0,0
1240.061607,2.1005852447089266,343.13,357.815,0,0
1240.161599,4.1866305705511095,343.232,357.64,0,0
1240.2615959999998,1.3499536266522782,343.025,357.753,0,0
1240.361595,1.687452745533099,343.141,357.908,0,0
1240.461591,3.105021699544163,343.145,357.669,0,0
1240.561589,1.9988595811575218,343.156,357.882,0,0
1240.661581,-0.12628511806170403,342.894,357.77,0,0
1240.761579,1.2810775882274463,343.109,357.921,0,0
1240.861572,0.4593335387032405,343.017,357.895,0,0
1240.961573,0.9340848670410725,343.115,357.993,0,0
1241.061567,3.15988278055813,343.265,357.882,0,0
1241.1615649999999,4.103169512240309,343.316,357.812,0,0
1241.2615589999998,4.153101311592834,343.376,357.914,0,0
1241.3615530000002,3.7279062818482434,343.309,357.865,0,0
1241.461553,0.9542547681653502,343.021,357.818,0,0
1241.561545,3.260936395090794,343.258,357.853,0,0
1241.661544,2.851825215485241,343.211,357.838,0,0
1241.761539,5.59804640455353,343.47,357.837,0,0
1241.8615360000001,5.369838077337902,343.47,357.877,0,0
1241.961535,8.067786939430196,343.719,357.866,0,0
1242.0615249999998,5.569050642147281,343.507,357.911,0,0
1242.1615279999999,7.632530306042598,343.696,357.9,0,0
1242.261518,6.322964165853505,343.597,357.946,0,0
1242.361514,6.9892474481699844,343.618,357.869,0,0
1242.461514,6.404028688189917,343.6,357.938,0,0
1242.561506,5.377701002534948,343.468,357.874,0,0
1242.661504,5.279861255954919,343.42,357.803,0,0
1242.761504,5.537874266366843,343.41,357.74,0,0
1242.8615,3.306011741850879,343.264,357.86,0,0
1242.961494,4.828147040894737,343.348,357.75,0,0
1243.061491,3.2684844426942106,343.196,357.742,0,0
1243.161483,3.8906625546467333,343.14,357.531,0,0
1243.261485,3.299935087095551,343.103,357.566,0,0
1243.3614790000001,3.5859701611621904,343.15,357.603,0,0
1243.461473,4.392222539510602,343.25,357.647,0,0
1243.561469,3.324950397753067,343.175,357.695,0,0
1243.661466,3.517687693157899,343.136,357.59,0,0
1243.761463,4.886509559673361,343.168,357.411,0,0
1243.861456,6.077091250760184,343.375,357.585,0,0
1243.9614550000001,4.409865879848919,343.165,357.489,0,0
1244.061454,5.440033709243149,343.259,357.483,0,0
1244.16145,5.00332396432307,343.242,357.528,0,0
1244.261442,3.350050071558876,343.198,357.735,0,0
1244.3614380000001,5.31723463086065,343.323,357.623,0,0
1244.461432,1.9610134912202506,343.106,357.808,0,0
1244.561429,3.781107751583047,343.141,357.556,0,0
1244.6614299999999,3.112463080802088,343.07,357.542,0,0
1244.761426,1.8155616553686293,342.926,357.503,0,0
1244.86142,2.2377020586312772,342.95,357.474,0,0
1244.961417,2.599133966566031,343.015,357.531,0,0
1245.061413,7.478221520065589,343.392,357.376,0,0
1245.161405,13.03468254685113,344.026,357.576,0,0
1245.261402,12.183782364915253,343.847,357.395,0,0
1245.3614,11.179048894135875,343.754,357.399,0,0
1245.4613940000002,8.588791432089465,343.604,357.574,0,0
1245.561391,11.086735890373541,343.858,357.607,0,0
1245.661385,11.260381590579968,343.846,357.555,0,0
1245.761381,8.039832760216864,343.544,357.56,0,0
1245.8613799999998,7.355061757222903,343.553,357.696,0,0
1245.9613789999999,6.1740041306915145,343.458,357.727,0,0
1246.061372,5.060354724757774,343.246,357.531,0,0
1246.1613670000002,5.57260082357026,343.297,357.536,0,0
1246.261368,6.929691384720528,343.348,357.394,0,0
1246.361358,6.090903088311678,343.337,357.52,0,0
1246.46136,6.701350385337875,343.3,357.346,0,0
1246.561355,6.508071526078681,343.337,357.448,0,0
1246.661349,6.456395612556296,343.395,357.564,0,0
1246.761342,6.1881970317027175,343.376,357.576,0,0
1246.861343,5.345772462549592,343.269,357.526,0,0
1246.9613359999998,3.9364058542641436,343.241,357.72,0,0
1247.061334,5.0367217423450645,343.265,357.573,0,0
1247.161331,6.0048295057707985,343.339,357.541,0,0
1247.2613259999998,4.226557312383243,343.156,357.514,0,0
1247.3613249999999,3.7631802510514247,343.143,357.571,0,0
1247.4613160000001,3.7954511572374097,343.116,357.516,0,0
1247.5613119999998,4.032717967956198,343.241,357.705,0,0
1247.661313,5.425461568576336,343.247,357.474,0,0
1247.7613079999999,5.928973939315359,343.295,357.475,0,0
1247.8613,7.279094893049436,343.516,357.647,0,0
1247.961298,15.443397419295469,344.214,357.511,0,0
1248.061294,12.442413753761008,343.867,357.395,0,0
1248.161297,14.41741479761722,343.996,357.289,0,0
1248.261289,10.808089611118046,343.773,357.507,0,0
1248.3612930000002,13.052962134419381,343.946,357.435,0,0
1248.461284,8.492658128599716,343.551,357.502,0,0
1248.561284,8.258002361137557,343.583,357.602,0,0
1248.66128,8.584075884518326,343.549,357.483,0,0
1248.761279,4.464891815114375,343.243,357.637,0,0
1248.8612779999999,4.292600722543879,343.126,357.452,0,0
1248.961276,6.611245937431154,343.35,357.461,0,0
1249.061269,5.758929697159297,343.26,357.444,0,0
1249.161266,4.89577934265104,343.238,357.554,0,0
1249.261263,5.673103548060842,343.257,357.454,0,0
1249.361263,5.574108997207174,343.229,357.42,0,0
1249.461257,3.508497478781194,342.996,357.351,0,0
1249.56126,2.0154239341919644,343.034,357.681,0,0
1249.661244,4.257331118097076,343.154,357.512,0,0
1249.7612490000001,4.835591201478105,343.127,357.362,0,0
1249.86125,4.439775248342467,343.178,357.525,0,0
1249.9612450000002,2.0088192169309327,343.061,357.733,0,0
1250.0612469999999,1.0236352087965783,342.953,357.706,0,0
1250.161243,0.15959778059612945,342.857,357.68,0,0
1250.2612390000002,-0.5731622491452413,342.737,357.587,0,0
1250.361235,0.7514816122430669,342.867,357.596,0,0
1250.461236,0.4262887851683339,342.81,357.548,0,0
1250.5612290000001,1.5169193483081245,342.907,357.537,0,0
1250.66123,1.7301380331107699,342.827,357.353,0,0
1250.761223,1.7340965197429636,342.887,357.463,0,0
1250.861225,0.8555453390844854,342.863,357.572,0,0
1250.961217,0.31039886567626684,342.689,357.347,0,0
1251.061216,1.2529652907919633,342.822,357.428,0,0
1251.161216,1.75488834504612,342.828,357.352,0,0
1251.261211,2.915168047076261,342.943,357.362,0,0
1251.36121,1.7315695556901494,342.882,357.456,0,0
1251.4612109999998,1.5252400940274293,342.802,357.345,0,0
1251.561207,1.2866676467271165,342.857,357.488,0,0
1251.6612,1.4667670055247393,342.813,357.376,0,0
1251.761199,-0.578895692879004,342.702,357.528,0,0
1251.8611939999998,0.855184556138371,342.813,357.483,0,0
1251.961195,1.0143408796499613,342.823,357.474,0,0
1252.061189,1.8482296253284056,342.818,357.32,0,0
1252.161189,0.9002792053628652,342.732,357.327,0,0
1252.261189,0.27619829969528614,342.75,357.469,0,0
1252.361186,0.7976581784608271,342.766,357.408,0,0
1252.461179,-0.01101631644221502,342.766,357.549,0,0
1252.5611769999998,1.6141194616789247,342.838,357.399,0,0
1252.661177,2.4447507771681973,342.924,357.413,0,0
1252.7611729999999,0.025095760379539308,342.726,357.47,0,0
1252.861173,1.4117808175772628,342.926,357.597,0,0
1252.9611710000001,4.709093138525756,343.092,357.329,0,0
1253.061162,6.9465753566430415,343.348,357.411,0,0
1253.161161,6.440188834530947,343.388,357.573,0,0
1253.261162,7.071084893023921,343.385,357.458,0,0
1253.361159,6.518330819401603,343.263,357.33,0,0
1253.461155,7.702033527271258,343.44,357.45,0,0
1253.561152,5.659402201971567,343.232,357.423,0,0
1253.6611480000001,6.806164596541269,343.243,357.244,0,0
1253.761144,5.419747049264056,343.315,357.618,0,0
1253.861145,6.47228084369401,343.266,357.345,0,0
1253.961144,2.4121952138027587,342.927,357.428,0,0
1254.061138,1.5042057432387603,342.935,357.601,0,0
1254.161136,2.5544126163051666,342.951,357.448,0,0
1254.261134,2.9919485884439165,343.002,357.466,0,0
1254.3611310000001,-1.121680393006593,342.615,357.47,0,0
1254.461131,1.7118813224655594,342.929,357.555,0,0
1254.561128,2.9512818975056034,342.958,357.393,0,0
1254.661125,3.0798308387238653,343.045,357.531,0,0
1254.7611180000001,4.040116905065797,343.14,357.539,0,0
1254.8611170000001,2.4112875429302645,342.932,357.44,0,0
1254.961118,0.6640175256005022,342.834,357.564,0,0
1255.0611119999999,1.3831902223347685,342.835,357.441,0,0
1255.1611110000001,0.7954773991027427,342.751,357.389,0,0
1255.2611040000002,0.48357797545495823,342.792,357.519,0,0
1255.3611059999998,0.6689503099789594,342.786,357.476,0,0
1255.461105,2.4782156832488913,342.889,357.351,0,0
1255.561101,2.4667423734314258,343.022,357.598,0,0
1255.6611,3.952322409600942,343.127,357.533,0,0
1255.761091,4.6519374748973155,343.168,357.487,0,0
1255.8610930000002,4.8533936731377025,343.182,357.478,0,0
1255.9610870000001,7.766529837421051,343.422,357.413,0,0
1256.061086,5.906198762873509,343.222,357.369,0,0
1256.1610819999999,4.244434336300084,343.156,357.537,0,0
1256.2610770000001,1.7631956852769195,342.9,357.498,0,0
1256.361072,4.221629018008469,343.097,357.433,0,0
1256.4610719999998,2.818458168032801,343.106,357.694,0,0
1256.5610689999999,6.03254007426888,343.3,357.492,0,0
1256.661062,2.4715455670004416,342.962,357.49,0,0
1256.761058,-0.3975503386691613,342.784,357.662,0,0
1256.861053,1.8745037654909824,342.84,357.37,0,0
1256.961055,2.126072973506326,342.862,357.367,0,0
1257.06105,0.03672943809118412,342.761,357.545,0,0
1257.161049,0.4503470726208927,342.838,357.615,0,0
1257.261045,-0.6467586188848623,342.658,357.475,0,0
1257.36104,0.894443782560292,342.79,357.45,0,0
1257.461033,-0.3220009594808098,342.671,357.443,0,0
1257.561034,-0.01983196743844417,342.638,357.33,0,0
1257.661027,0.6254505061921026,342.863,357.632,0,0
1257.761021,0.15017262203405835,342.738,357.485,0,0
1257.861023,-0.5340946336302783,342.659,357.459,0,0
1257.961016,1.6319445223364197,342.799,357.34,0,0
1258.061016,1.5513432160996277,342.776,357.312,0,0
1258.16101,2.56862713924911,342.909,357.38,0,0
1258.261009,3.8739659039234366,343.035,357.385,0,0
1258.3610039999999,4.5069208066071145,343.061,357.323,0,0
1258.460998,3.7720325682953986,343.087,357.499,0,0
1258.560999,4.464094391735538,343.055,357.32,0,0
1258.660996,2.8607560407734995,342.913,357.338,0,0
1258.76099,3.807255022948526,342.998,357.33,0,0
1258.860985,1.5822731692137513,342.907,357.55,0,0
1258.9609850000002,1.978022174223709,342.841,357.36,0,0
1259.060978,1.6946335096095704,342.876,357.474,0,0
1259.160977,2.3006818350774347,342.925,357.459,0,0
1259.260971,1.3005442081920902,342.852,357.499,0,0
1259.36097,0.7330624194750408,342.771,357.449,0,0
1259.4609639999999,2.3257745113065753,342.872,357.358,0,0
1259.5609650000001,1.310246226093908,342.772,357.351,0,0
1259.6609569999998,0.41032289206875083,342.74,357.449,0,0
1259.760953,0.6685605946214325,342.761,357.443,0,0
1259.860954,1.7001215496235362,342.841,357.411,0,0
1259.960947,-0.8639037120865782,342.65,357.506,0,0
1260.0609450000002,-1.0343926449477794,342.631,357.501,0,0
1260.160939,-0.06607293589457296,342.761,357.572,0,0
1260.260939,0.2907881527987458,342.781,357.547,0,0
1260.360932,0.21938775986217782,342.748,357.499,0,0
1260.460928,-1.1878724973647838,342.649,357.562,0,0
1260.5609299999999,-0.4956040197961809,342.673,357.486,0,0
1260.660926,0.5064958951602141,342.835,357.61,0,0
1260.760919,0.7125218375901472,342.919,357.729,0,0
1260.860915,3.637187351202713,343.084,357.524,0,0
1260.96091,1.7722586417966841,342.889,357.49,0,0
1261.0609069999998,1.3824766913425508,342.821,357.433,0,0
1261.160904,1.648767718882217,342.827,357.398,0,0
1261.260906,2.2688442784114837,342.867,357.364,0,0
1261.360902,1.7250450718885046,342.779,357.297,0,0
1261.460892,0.07798135245680288,342.747,357.525,0,0
1261.56089,3.9366333455360896,343.04,357.393,0,0
1261.660889,3.179450487702386,343.059,357.56,0,0
1261.760884,0.8735757280022182,342.906,357.68,0,0
1261.860881,-0.19619852943376392,342.79,357.653,0,0
1261.960877,2.600415547156527,342.963,357.485,0,0
1262.0608710000001,2.315653782842218,342.987,357.579,0,0
1262.1608740000001,3.06405332781501,342.925,357.335,0,0
1262.260868,2.538102418382902,343.03,357.62,0,0
1262.360866,0.8605279839029185,342.85,357.581,0,0
1262.460858,1.18407548460741,342.825,357.479,0,0
1262.5608559999998,1.4411456694019,342.891,357.556,0,0
1262.660854,2.144660658128648,342.959,357.559,0,0
1262.760853,-0.568282716957194,342.655,357.472,0,0
1262.8608470000001,0.3837273941801362,342.759,357.498,0,0
1262.960843,0.44539157256984524,342.825,357.609,0,0
1263.060839,0.8960605997889743,342.818,357.518,0,0
1263.160835,2.7751841017376155,342.995,357.517,0,0
1263.260834,2.9596077977404787,343.065,357.614,0,0
1263.360829,1.9781101169149673,342.953,357.579,0,0
1263.460822,2.9165803785871365,343.003,357.508,0,0
1263.560824,3.6155067340769755,343.051,357.475,0,0
1263.660817,3.8813118777168194,343.12,357.556,0,0
1263.7608160000002,6.387328679059965,343.334,357.514,0,0
1263.8608089999998,1.9511552945233381,342.979,357.633,0,0
1263.960807,5.2594912377105425,343.183,357.433,0,0
1264.060808,6.048512050029658,343.283,357.48,0,0
1264.160803,6.309035634392612,343.339,357.538,0,0
1264.260802,6.506848358955405,343.282,357.399,0,0
1264.360802,4.8076497353684315,343.138,357.43,0,0
1264.460795,3.2199215446769625,343.054,357.552,0,0
1264.560799,2.249442862454949,342.98,357.585,0,0
1264.660797,3.7028383967319574,343.095,357.544,0,0
1264.7607890000002,4.185924350279593,343.084,357.44,0,0
1264.86079,3.721679122157615,342.972,357.315,0,0
1264.960787,0.8054728390776182,342.764,357.44,0,0
1265.0607819999998,1.7804405532765903,342.943,357.6,0,0
1265.1607860000001,6.788282706180298,343.305,357.395,0,0
1265.260783,7.661932397935187,343.338,357.304,0,0
1265.360779,6.426388222857993,343.271,357.396,0,0
1265.460779,7.546206138550452,343.405,357.448,0,0
1265.560772,7.2573547742290865,343.321,357.344,0,0
1265.6607749999998,5.49561907423702,343.195,357.419,0,0
1265.760769,6.257787640620758,343.193,357.283,0,0
1265.860766,4.707087136473877,343.075,357.336,0,0
1265.9607649999998,4.486715916587643,343.054,357.336,0,0
1266.06076,3.8012619917161317,343.07,357.485,0,0
1266.1607620000002,2.9492139776167727,342.911,357.341,0,0
1266.260759,2.2584999786799274,342.864,357.375,0,0
1266.360753,0.6517126597058011,342.732,357.412,0,0
1266.4607549999998,1.471992723697123,342.848,357.483,0,0
1266.56075,3.4325100359604925,342.999,357.42,0,0
1266.660747,1.3413636785055472,342.825,357.464,0,0
1266.7607460000002,0.5271979393272351,342.781,357.525,0,0
1266.860742,3.076228487219032,342.942,357.378,0,0
1266.9607409999999,2.596571694729927,342.853,357.298,0,0
1267.0607439999999,1.9150580980384355,342.796,357.312,0,0
1267.1607390000001,2.694880409341379,342.906,357.379,0,0
1267.260735,2.126244320066245,342.845,357.366,0,0
1267.3607339999999,2.806318068286192,342.901,357.351,0,0
1267.4607290000001,2.1974405623102387,342.865,357.391,0,0
1267.5607309999998,1.9871792592328346,342.858,357.415,0,0
1267.6607250000002,0.4702919572689912,342.697,357.383,0,0
1267.760724,1.7270814887168502,342.932,357.597,0,0
1267.860724,3.000733928783594,342.98,357.464,0,0
1267.96072,1.3210732828963079,342.846,357.51,0,0
1268.0607169999998,2.784124956012307,342.963,357.471,0,0
1268.160719,7.466226642776665,343.298,357.273,0,0
1268.260712,8.455894108631542,343.511,357.493,0,0
1268.360714,7.45691915353354,343.418,357.496,0,0
1268.460709,7.42048240314735,343.347,357.372,0,0
1268.5607080000002,4.807247320978839,343.197,357.551,0,0
1268.660705,6.850067036087735,343.346,357.47,0,0
1268.760702,5.311793232885798,343.202,357.473,0,0
1268.8606980000002,3.8610810121508528,343.119,357.573,0,0
1268.960697,5.451037846177335,343.223,357.488,0,0
1269.0606950000001,3.4897738152568576,343.064,357.537,0,0
1269.160694,1.9567820777869107,342.933,357.563,0,0
1269.2606939999998,2.753684818614982,342.887,357.34,0,0
1269.36069,3.417232098986303,342.886,357.223,0,0
1269.460687,3.2055754273167496,342.918,357.319,0,0
1269.5606850000001,1.861734129024076,342.9,357.52,0,0
1269.660681,3.662726453393405,343.012,357.413,0,0
1269.7606799999999,3.007450074112073,342.889,357.301,0,0
1269.860682,2.2013060756834757,342.905,357.471,0,0
1269.9606740000002,1.9758713284745504,342.902,357.505,0,0
1270.060673,2.6067647260387927,342.924,357.436,0,0
1270.1606740000002,0.7988476018108189,342.742,357.416,0,0
1270.260672,-0.9171353123784423,342.61,357.472,0,0
1270.360667,0.14959598232640178,342.708,357.467,0,0
1270.4606640000002,-1.3146663821546622,342.596,357.516,0,0
1270.560662,0.2554843678151484,342.784,357.589,0,0
1270.6606629999999,1.197649054853631,342.805,357.464,0,0
1270.760663,1.2326806253856029,342.8,357.449,0,0
1270.860655,2.8453350398341812,343.048,357.625,0,0
1270.960652,1.3236654111241666,342.786,357.408,0,0
1271.060654,3.0444244504685907,342.904,357.326,0,0
1271.160648,3.1925284894695234,342.976,357.433,0,0
1271.260652,2.040901359786515,342.899,357.492,0,0
1271.3606459999999,2.2841975321230588,342.93,357.507,0,0
1271.460643,2.4569142331283063,342.969,357.549,0,0
1271.560642,3.008710761908217,343.027,357.56,0,0
1271.6606410000002,4.13288271330655,343.2,357.683,0,0
1271.76064,5.371869565410327,343.142,357.361,0,0
1271.8606340000001,2.334736440990151,342.953,357.542,0,0
1271.9606310000001,1.72081743538676,342.885,357.524,0,0
1272.060627,1.7358478780059543,342.883,357.518,0,0
1272.160625,0.1635360799465888,342.776,357.595,0,0
1272.260623,2.1298250934573013,342.877,357.439,0,0
1272.360625,2.109506430235527,342.751,357.211,0,0
1272.46062,-0.8759661169568742,342.712,357.659,0,0
1272.560621,0.413360926641646,342.668,357.354,0,0
1272.660618,2.501435369236088,342.899,357.416,0,0
1272.760613,2.2957980693205093,342.837,357.338,0,0
1272.860608,0.9073549859147159,342.83,357.567,0,0
1272.960604,3.2929439177141613,342.975,357.419,0,0
1273.0606070000001,5.489772449349751,343.169,357.394,0,0
1273.160601,5.183412529548346,343.179,357.466,0,0
1273.2605959999999,5.2970774307585655,343.151,357.395,0,0
1273.360593,3.415378482655857,342.943,357.34,0,0
1273.460595,3.831515161702045,343.061,357.485,0,0
1273.560594,4.748137957006745,343.141,357.473,0,0
1273.660586,4.27030266283379,343.1,357.481,0,0
1273.760584,5.885545350697385,343.214,357.41,0,0
1273.860581,6.046996035136555,343.259,357.465,0,0
1273.960578,2.223033188286136,342.882,357.437,0,0
1274.060581,1.2474721305694942,342.876,357.596,0,0
1274.160577,3.569170939128978,342.978,357.38,0,0
1274.260573,2.9487698375718274,343.017,357.56,0,0
1274.360569,2.092093316968065,342.938,357.564,0,0
1274.4605660000002,2.7096219160079764,343.037,357.639,0,0
1274.560567,0.31873544227530454,342.789,357.599,0,0
1274.660561,3.022274178940165,342.907,357.346,0,0
1274.760557,0.9945570582053758,342.789,357.482,0,0
1274.860554,1.5693441227570812,342.847,357.489,0,0
1274.9605549999999,-0.5735232824707694,342.673,357.542,0,0
1275.0605500000001,-0.41481038874576864,342.671,357.511,0,0
1275.160551,-0.0912998072223514,342.746,357.593,0,0
1275.260549,0.1987230317985247,342.645,357.357,0,0
1275.360543,1.0346363314029126,342.769,357.44,0,0
1275.460541,2.4107795128258713,342.918,357.475,0,0
1275.560537,2.871855907768108,342.781,357.143,0,0
1275.660537,2.8996923382874615,342.94,357.431,0,0
1275.7605330000001,1.8076285763438595,342.817,357.395,0,0
1275.860532,1.9045293114048405,342.751,357.257,0,0
1275.960524,-0.05285664653866659,342.669,357.447,0,0
1276.0605220000002,3.355699327189535,342.914,357.305,0,0
1276.160524,1.6594829415953918,342.798,357.387,0,0
1276.26052,2.308995610275102,342.831,357.335,0,0
1276.360516,1.4867926903093502,342.777,357.379,0,0
1276.460517,2.2477976754230404,342.82,357.326,0,0
1276.56051,4.069920660003803,342.984,357.311,0,0
1276.660508,2.9518378800360496,342.958,357.458,0,0
1276.76051,5.307047429749945,343.186,357.468,0,0
1276.8605069999999,4.823477355941522,343.12,357.431,0,0
1276.960499,5.3761963895176335,343.177,357.44,0,0
1277.060496,3.36001815029374,342.959,357.39,0,0
1277.160499,2.6930128566331053,342.855,357.315,0,0
1277.260496,2.5413542534294544,342.903,357.43,0,0
1277.36049,3.1119971181549873,342.978,357.469,0,0
1277.460489,3.7362268920987414,343.001,357.403,0,0
1277.560483,1.9448947272548873,342.751,357.255,0,0
1277.660484,0.7682036143409694,342.695,357.357,0,0
1277.7604820000001,1.1524240069703202,342.729,357.353,0,0
1277.8604779999998,2.987882138818829,342.891,357.332,0,0
1277.960474,0.42223138273511995,342.758,357.534,0,0
1278.060471,0.658928535214974,342.64,357.276,0,0
1278.160468,1.81781435668617,342.819,357.404,0,0
1278.260469,2.776488509575296,342.947,357.473,0,0
1278.360466,1.2074050936941865,342.824,357.52,0,0
1278.460458,2.8020096583646676,342.823,357.241,0,0
1278.560459,1.271306291669659,342.727,357.331,0,0
1278.660457,0.26816929115289734,342.701,357.458,0,0
1278.760455,-0.17105623733869965,342.693,357.52,0,0
1278.8604520000001,1.6619021667586336,342.789,357.378,0,0
1278.960448,3.6254344394285134,342.893,357.228,0,0
1279.0604480000002,2.41611134854438,342.81,357.286,0,0
1279.1604410000002,2.433396508434594,342.918,357.482,0,0
1279.260444,2.7238759701405475,342.829,357.268,0,0
1279.3604380000002,4.131062571476218,342.963,357.27,0,0
1279.460435,3.9844812151708267,342.968,357.305,0,0
1279.560431,8.113208161105888,343.386,357.356,0,0
1279.660433,8.488922334557401,343.423,357.359,0,0
1279.76043,8.901858254882036,343.507,357.442,0,0
1279.860426,8.64336280198676,343.415,357.318,0,0
1279.960422,5.486310022745836,343.044,357.185,0,0
1280.06042,4.984958691926253,343.166,357.497,0,0
1280.1604180000002,6.509839713162479,343.322,357.519,0,0
1280.260412,5.92081854009947,343.102,357.217,0,0
1280.360411,6.092392329000417,343.136,357.25,0,0
1280.4604080000001,4.657347259779817,342.986,357.224,0,0
1280.560399,6.123825148004435,343.168,357.304,0,0
1280.660398,3.573393466651571,342.931,357.312,0,0
1280.7603980000001,4.349813085305918,342.951,357.214,0,0
1280.8603910000002,3.4397802007010703,342.93,357.334,0,0
1280.960387,5.545360134170898,343.092,357.266,0,0
1281.060387,5.383843273687534,343.082,357.276,0,0
1281.160384,2.679881451476998,342.762,357.158,0,0
1281.260376,3.786145177467577,342.892,357.205,0,0
1281.360379,2.8181749010390194,342.884,357.359,0,0
1281.460374,5.147204732668376,343.053,357.265,0,0
1281.560368,2.0923908442191097,342.827,357.381,0,0
1281.660365,4.857962138974049,343.04,357.292,0,0
1281.7603629999999,3.5990148913822004,342.886,357.228,0,0
1281.860361,2.714276925662432,342.85,357.316,0,0
1281.960354,1.4971730603607394,342.688,357.23,0,0
1282.0603500000002,3.7793161043336485,342.833,357.1,0,0
1282.160349,3.921418609531469,342.974,357.335,0,0
1282.260348,3.493050665973083,342.848,357.178,0,0
1282.3603400000002,5.361793001306088,343.13,357.372,0,0
1282.460338,6.256156301822276,343.128,357.213,0,0
1282.5603330000001,6.579897682665758,343.209,357.306,0,0
1282.660333,5.930125924225041,343.13,357.274,0,0
1282.760331,2.10496602087276,342.873,357.467,0,0
1282.860328,4.203186969007508,343.043,357.415,0,0
1282.9603200000001,5.626935130288904,343.159,357.381,0,0
1283.060318,3.0022126195203502,343.009,357.562,0,0
1283.160314,1.811529390069761,342.887,357.545,0,0
1283.260315,3.2957483356685917,342.981,357.46,0,0
1283.360307,2.2813896003975627,342.861,357.416,0,0
1283.4603049999998,2.5138575089468,342.96,357.558,0,0
1283.560305,1.9760437266273634,342.878,357.501,0,0
1283.660303,1.3968195454452144,342.866,357.58,0,0
1283.760294,2.4872822252934323,342.857,357.374,0,0
1283.860293,1.6498761205984662,342.882,357.566,0,0
1283.960293,3.6927249768345587,342.981,357.393,0,0
1284.060284,1.0367339539126716,342.84,357.596,0,0
1284.160284,2.448338921397908,342.863,357.393,0,0
1284.260277,2.973916386118311,342.962,357.484,0,0
1284.360274,1.1172465900745225,342.833,357.57,0,0
1284.460276,1.9203369715254426,342.849,357.46,0,0
1284.560273,-0.7772589658654151,342.697,357.65,0,0
1284.660267,2.937712398857101,343.015,357.589,0,0
1284.760264,1.653472250175785,342.876,357.557,0,0
1284.86026,0.908520275899929,342.813,357.571,0,0
1284.960261,1.4646852169327405,342.885,357.607,0,0
1285.060253,2.3484643775589404,342.907,357.494,0,0
1285.160254,4.110792271239103,343.136,357.609,0,0
1285.26025,3.32910574361236,342.963,357.427,0,0
1285.360245,3.077702326472225,342.957,357.46,0,0
1285.4602439999999,4.493420831116163,343.038,357.363,0,0
1285.560237,6.758756765606937,343.245,357.35,0,0
1285.660235,5.4876026099430915,343.148,357.393,0,0
1285.760233,4.544917923913517,343.15,357.561,0,0
1285.860226,2.169903964522886,342.891,357.498,0,0
1285.960224,3.5725155271115923,342.98,357.418,0,0
1286.060221,4.786831957122519,343.105,357.437,0,0
1286.160215,2.274999233430649,342.926,357.545,0,0
1286.260215,5.488890005881625,343.064,357.24,0,0
1286.36021,3.197454906864187,343.039,357.593,0,0
1286.460205,6.243517624594133,343.197,357.354,0,0
1286.560207,4.939255113124593,343.111,357.423,0,0
1286.660199,6.39265045422363,343.251,357.428,0,0
1286.760195,5.937583280742901,343.204,357.421,0,0
1286.860197,10.507714915032668,343.592,357.34,0,0
1286.96019,7.3788605844861745,343.409,357.548,0,0
1287.060191,8.685187492099791,343.409,357.321,0,0
1287.160182,6.466204715042701,343.299,357.505,0,0
1287.26018,7.545596880063587,343.377,357.461,0,0
1287.360179,6.518836557767011,343.233,357.375,0,0
1287.460173,4.397113289820195,343.086,357.474,0,0
1287.560171,6.033760608749133,343.158,357.322,0,0
1287.660171,5.110147769918915,343.183,357.529,0,0
1287.760167,4.468896458311096,343.076,357.444,0,0
1287.86016,5.377018908811955,343.159,357.439,0,0
1287.960158,4.68033015537917,343.131,357.509,0,0
1288.060153,4.154705658896157,343.042,357.437,0,0
1288.16015,3.963979787861177,343.07,357.522,0,0
1288.2601459999998,3.4357902794167514,343.065,357.605,0,0
1288.360146,2.100963243644569,342.956,357.637,0,0
1288.460139,3.259193767418537,343.067,357.64,0,0
1288.5601359999998,4.15196896720701,343.023,357.404,0,0
1288.66013,4.38674472757777,343.107,357.518,0,0
1288.760129,2.2027766055325215,342.834,357.396,0,0
1288.860125,1.876660788327848,342.828,357.442,0,0
1288.960121,2.03581343073841,342.888,357.525,0,0
1289.0601159999999,4.353384933252926,342.982,357.295,0,0
1289.160114,5.938730010512814,343.141,357.312,0,0
1289.260106,6.180378922901489,343.28,357.526,0,0
1289.360104,7.104607441081551,343.333,357.463,0,0
1289.4601010000001,9.802373755507393,343.526,357.349,0,0
1289.560098,8.16457784135136,343.359,357.327,0,0
1289.6600930000002,6.778956998673926,343.224,357.32,0,0
1289.760086,6.878148161052923,343.193,357.246,0,0
1289.860083,7.894549227534215,343.277,357.224,0,0
1289.960077,4.52158476061976,343.022,357.342,0,0
1290.060076,5.204884135329187,343.087,357.343,0,0
1290.1600740000001,7.3488484706475035,343.276,357.318,0,0
1290.260068,3.615886107610188,343.0,357.46,0,0
1290.3600649999998,10.186221359301241,343.544,357.318,0,0
1290.460063,8.858300653675133,343.415,357.312,0,0
1290.5600570000001,13.379696059847731,343.806,357.245,0,0
1290.6600560000002,14.437648732047474,344.026,357.466,0,0
1290.7600519999999,13.751373398817833,343.843,357.249,0,0
1290.8600419999998,11.249208211398383,343.641,357.313,0,0
1290.960042,7.785435775438794,343.391,357.456,0,0
1291.06004,9.24302199350107,343.414,357.245,0,0
1291.1600349999999,9.468609894245846,343.483,357.333,0,0
1291.260031,10.071448439455924,343.548,357.348,0,0
1291.360026,9.053630167970567,343.463,357.369,0,0
1291.460024,7.190556358887666,343.266,357.331,0,0
1291.5600149999998,6.833627479340023,343.281,357.421,0,0
1291.660013,8.099920742746953,343.362,357.35,0,0
1291.760007,6.488340186939116,343.179,357.294,0,0
1291.860007,6.419942534492475,343.149,357.251,0,0
1291.960002,7.865991396668535,343.272,357.226,0,0
1292.059998,6.60927881052961,343.278,357.456,0,0
1292.159991,8.197439316123482,343.309,357.237,0,0
1292.259992,8.763457159932747,343.464,357.424,0,0
1292.359986,16.04641867541983,344.083,357.296,0,0
1292.459981,21.659054706583333,344.581,357.236,0,0
1292.5599809999999,18.972069655610902,344.355,357.288,0,0
1292.659978,19.019277396347498,344.393,357.35,0,0
1292.7599739999998,18.486544203945968,344.268,357.213,0,0
1292.85997,16.026667235183748,344.095,357.323,0,0
1292.9599620000001,18.95892473399084,344.283,357.159,0,0
1293.059961,13.356378923373063,343.759,357.17,0,0
1293.159959,11.985696172483722,343.639,357.188,0,0
1293.259952,10.109461907891038,343.575,357.397,0,0
1293.359948,9.812138563090857,343.444,357.208,0,0
1293.459944,6.968116782854868,343.27,357.383,0,0
1293.5599399999999,5.906204923545272,343.083,357.224,0,0
1293.659938,6.591356833224507,343.121,357.175,0,0
1293.7599280000002,5.571472369818998,343.032,357.189,0,0
1293.859926,6.423965409193107,343.113,357.19,0,0
1293.959922,4.011192551641659,342.995,357.393,0,0
1294.05992,5.691548021384228,343.007,357.123,0,0
1294.159917,9.327209988534124,343.33,357.085,0,0
1294.2599140000002,14.894518443458205,343.921,357.204,0,0
1294.3599080000001,12.93027940921763,343.759,357.248,0,0
1294.459904,12.125575956818698,343.661,357.208,0,0
1294.5599040000002,9.91975818639073,343.418,357.145,0,0
1294.659895,11.000755710470898,343.513,357.132,0,0
1294.759893,10.034902418315527,343.409,357.109,0,0
1294.859891,11.43452023518635,343.52,357.07,0,0
1294.959885,10.359696701804154,343.422,357.077,0,0
1295.059878,10.365062173726018,343.468,357.161,0,0
1295.15988,10.80289952194397,343.4,356.96,0,0
1295.259871,8.203920955462813,343.272,357.177,0,0
1295.359866,7.470468561217791,343.209,357.189,0,0
1295.459866,7.312876792458737,343.176,357.156,0,0
1295.55986,6.4463287781073815,343.089,357.147,0,0
1295.659856,5.988051380518236,343.033,357.124,0,0
1295.7598529999998,6.4422106652752404,342.966,356.922,0,0
1295.859853,4.6323687273682115,343.011,357.32,0,0
1295.959847,6.38027409556113,343.112,357.202,0,0
1296.059847,4.166837386452251,342.946,357.282,0,0
1296.159846,5.271311773557651,342.978,357.149,0,0
1296.259842,3.7088718484145824,342.929,357.331,0,0
1296.3598419999998,6.565724320124124,343.124,357.193,0,0
1296.459836,2.8332303811992903,342.835,357.311,0,0
1296.559839,5.6783287801787035,343.099,357.302,0,0
1296.6598319999998,6.653181909746502,343.047,357.037,0,0
1296.759831,6.272779704492529,343.125,357.247,0,0
1296.85983,4.751295948774811,342.994,357.271,0,0
1296.959825,6.945148725870828,343.185,357.241,0,0
1297.059827,6.314714647077317,343.06,357.121,0,0
1297.159824,4.7527189494143345,343.048,357.371,0,0
1297.2598189999999,3.193558949428609,342.858,357.293,0,0
1297.359821,4.25390684842255,342.863,357.118,0,0
1297.459814,4.295109878128812,342.97,357.308,0,0
1297.559814,4.013147123490721,342.941,357.304,0,0
1297.6598119999999,2.9125544082261112,342.896,357.413,0,0
1297.7598130000001,3.935897180012451,342.885,357.215,0,0
1297.8598060000002,2.8989787068612047,342.852,357.335,0,0
1297.959806,4.052852132980346,342.949,357.313,0,0
1298.059802,4.5531852895592495,342.963,357.252,0,0
1298.159805,2.3526078981970557,342.833,357.396,0,0
1298.259797,3.02671123783316,342.908,357.417,0,0
1298.3597949999998,4.522875742880942,343.039,357.398,0,0
1298.459795,3.9646021240179943,342.973,357.374,0,0
1298.559795,4.056632611486191,343.031,357.465,0,0
1298.659791,5.594207642056472,343.092,357.31,0,0
1298.7597919999998,3.4957170697418283,342.926,357.37,0,0
1298.8597909999999,5.311854858613425,343.134,357.437,0,0
1298.959789,1.3485850529711092,342.771,357.459,0,0
1299.05978,5.9194475881622735,343.077,357.227,0,0
1299.159784,8.054617009330396,343.413,357.474,0,0
1299.259776,9.422307736458974,343.465,357.332,0,0
1299.359775,9.869033170565157,343.581,357.468,0,0
1299.459774,5.829869770639756,343.288,357.632,0,0
1299.559771,6.96770356758683,343.265,357.392,0,0
1299.6597720000002,7.2344788315203905,343.258,357.333,0,0
1299.7597700000001,5.611829901403622,343.162,357.439,0,0
1299.859768,5.273305006025993,343.157,357.489,0,0
1299.959763,4.94956485931662,342.986,357.231,0,0
1300.059765,3.4930990753416498,342.953,357.424,0,0
1300.159763,2.4148254728434653,342.865,357.45,0,0
1300.259758,3.8680326443894755,342.924,357.306,0,0
1300.359755,1.1697841553465211,342.704,357.371,0,0
1300.459757,-0.2964983317310448,342.513,357.275,0,0
1300.559755,3.613378349616533,342.944,357.388,0,0
1300.6597490000001,2.4944521001143585,342.769,357.261,0,0
1300.759748,1.7060302345576541,342.772,357.404,0,0
1300.8597439999999,0.1093904810046174,342.604,357.373,0,0
1300.959748,3.018392564306638,342.886,357.386,0,0
1301.059745,3.383109635012185,342.86,357.275,0,0
1301.159742,3.2305535030247703,342.884,357.346,0,0
1301.259735,1.1562002573110517,342.723,357.411,0,0
1301.359737,4.565472141486276,342.936,357.21,0,0
1301.459737,2.6511002166342044,342.826,357.341,0,0
1301.559729,2.984505302025374,342.909,357.436,0,0
1301.659727,3.1046132161237128,342.899,357.397,0,0
1301.759729,3.6329485184145116,343.02,357.528,0,0
1301.859729,6.904286846553895,343.233,357.351,0,0
1301.959722,5.217964672202792,343.125,357.446,0,0
1302.059724,6.513453859013974,343.218,357.392,0,0
1302.159717,4.3634885690194665,343.008,357.38,0,0
1302.25972,2.6905336215153084,342.823,357.331,0,0
1302.3597180000002,1.7662135815550055,342.905,357.643,0,0
1302.459711,4.421482540574685,343.038,357.426,0,0
1302.5597109999999,3.028984358103846,342.873,357.365,0,0
1302.659709,1.492740290326071,342.858,357.605,0,0
1302.759707,2.6625156090343003,342.869,357.422,0,0
1302.8597069999998,2.4865384390574143,342.831,357.383,0,0
1302.9597039999999,3.8509515984260623,343.024,357.501,0,0
1303.059701,3.6239203783167446,343.029,357.55,0,0
1303.1596969999998,5.646300607866822,343.169,357.456,0,0
1303.259698,6.549581816668371,343.301,357.542,0,0
1303.359696,9.02137256863496,343.496,357.471,0,0
1303.4596920000001,7.42498300640687,343.284,357.359,0,0
1303.559693,8.388042149020215,343.401,357.407,0,0
1303.659691,9.100560551844396,343.428,357.333,0,0
1303.759685,7.566665599555659,343.298,357.361,0,0
1303.859688,6.726541781450387,343.251,357.421,0,0
1303.9596780000002,7.551418239974011,343.412,357.574,0,0
1304.0596810000002,6.343525223571874,343.24,357.468,0,0
1304.159675,5.415590921574843,343.176,357.512,0,0
1304.25967,6.50740578841928,343.253,357.464,0,0
1304.359663,3.0870958181002104,342.987,357.57,0,0
1304.459661,4.8713180020881595,343.111,357.488,0,0
1304.55966,3.1525918467115748,342.982,357.55,0,0
1304.659655,6.6622850121170245,343.292,357.51,0,0
1304.759649,4.5320845894538,343.098,357.524,0,0
1304.8596440000001,3.940012441886196,343.05,357.539,0,0
1304.9596410000001,5.801265176284455,343.134,357.37,0,0
1305.059638,3.613538470282463,343.065,357.624,0,0
1305.159634,4.444195303060802,343.151,357.638,0,0
1305.259633,4.234666649941163,343.087,357.557,0,0
1305.359627,8.340254771374598,343.349,357.325,0,0
1305.45962,8.901678952342133,343.509,357.522,0,0
1305.559621,16.00718608270925,344.096,357.366,0,0
1305.659617,12.985222275541249,343.953,357.629,0,0
1305.75961,10.761507869254082,343.642,357.444,0,0
1305.859607,12.186187263051943,343.757,357.408,0,0
1305.959602,7.1831465535521675,343.356,357.541,0,0
1306.059599,8.490781517185559,343.542,357.656,0,0
1306.159593,8.940335044263959,343.505,357.51,0,0
1306.2595930000002,8.779750452482,343.494,357.518,0,0
1306.3595870000001,5.656663644739203,343.286,357.679,0,0
1306.459583,8.965961887207843,343.439,357.385,0,0
1306.5595819999999,5.934809474600352,343.281,357.622,0,0
1306.659579,5.044823368456659,343.182,357.595,0,0
1306.759576,4.750710311949859,343.085,357.468,0,0
1306.859569,5.791472314039408,343.205,357.508,0,0
1306.9595649999999,4.960798721139944,343.104,357.467,0,0
1307.059558,3.7779632308090805,342.936,357.364,0,0
1307.15956,5.03204448712673,343.099,357.446,0,0
1307.259552,4.1148918117302875,343.092,357.593,0,0
1307.359548,5.434108397115787,343.078,357.338,0,0
1307.459544,5.318528173113915,343.193,357.57,0,0
1307.559543,5.1135681478084285,343.199,357.617,0,0
1307.659535,4.683567322927517,343.156,357.613,0,0
1307.7595330000001,4.102309237328468,343.09,357.593,0,0
1307.859529,2.179930996969418,342.895,357.569,0,0
1307.9595279999999,2.874268167061263,342.973,357.592,0,0
1308.0595230000001,4.683310179392609,343.12,357.548,0,0
1308.159521,3.2820693659810045,342.977,357.529,0,0
1308.259511,2.102643815879371,342.899,357.591,0,0
1308.3595090000001,2.671245391563214,342.945,357.577,0,0
1308.459503,0.5674884011936664,342.741,357.568,0,0
1308.559503,0.9623199545032047,342.726,357.472,0,0
1308.659495,1.1904165586981073,342.861,357.681,0,0
1308.7594920000001,0.25653164456512745,342.741,357.623,0,0
1308.859493,1.7524956510169736,342.816,357.501,0,0
1308.959488,2.91027078985031,342.94,357.528,0,0
1309.0594839999999,2.406476583048783,342.896,357.535,0,0
1309.1594779999998,2.163137367041167,342.875,357.539,0,0
1309.259477,2.1910658607431457,342.859,357.505,0,0
1309.359469,4.26237096573838,343.102,357.592,0,0
1309.459464,6.770747800063155,343.226,357.384,0,0
1309.559464,5.934782888594988,343.137,357.366,0,0
1309.659456,5.7424222678602534,343.248,357.604,0,0
1309.759456,8.794644169076577,343.543,357.616,0,0
1309.859449,9.51659270860727,343.566,357.533,0,0
1309.95945,8.63421713089931,343.415,357.409,0,0
1310.059441,8.076165483653769,343.38,357.442,0,0
1310.159437,8.120892312587895,343.327,357.337,0,0
1310.2594350000002,10.470576537000646,343.611,357.451,0,0
1310.359434,10.352032140146994,343.673,357.586,0,0
1310.459429,8.765311282032561,343.438,357.43,0,0
1310.5594250000001,10.764251564985283,343.566,357.318,0,0
1310.65942,7.322990563197776,343.379,357.573,0,0
1310.759419,9.427892366850779,343.548,357.518,0,0
1310.85941,6.116360949473973,343.195,357.445,0,0
1310.9594080000002,6.806781488575238,343.296,357.511,0,0
1311.059405,6.361835253109011,343.263,357.528,0,0
1311.159402,6.577789244713459,343.305,357.568,0,0
1311.2594,6.252387883472083,343.267,357.555,0,0
1311.359393,2.682230933678554,342.914,357.527,0,0
1311.459392,4.293573931774346,343.051,357.499,0,0
1311.5593840000001,5.928111481772726,343.244,357.57,0,0
1311.659379,4.297664592735749,343.119,357.624,0,0
1311.75938,4.816620804068657,343.144,357.58,0,0
1311.859375,3.5413556212008683,343.014,357.563,0,0
1311.95937,3.1198641535919767,342.968,357.552,0,0
1312.0593729999998,4.455881094906465,342.917,357.226,0,0
1312.159371,2.9701762654102373,342.997,357.632,0,0
1312.259368,2.8944826452783015,342.85,357.375,0,0
1312.3593640000001,2.575933047222497,342.917,357.554,0,0
1312.459359,0.8772123619613837,342.785,357.607,0,0
1312.559362,3.2880934205518173,342.965,357.519,0,0
1312.659361,3.282709043630959,342.904,357.408,0,0
1312.759354,3.4274131082865025,342.911,357.396,0,0
1312.859351,4.400336869477264,343.086,357.549,0,0
1312.95935,8.0935236893571,343.309,357.317,0,0
1313.0593470000001,5.356641757504516,343.131,357.466,0,0
1313.1593500000001,3.8705910696956938,342.949,357.39,0,0
1313.259349,3.6928005937177333,342.863,357.263,0,0
1313.359343,4.73492953887388,343.019,357.369,0,0
1313.45934,2.2782663623351764,342.88,357.541,0,0
1313.559341,1.2899095328951473,342.738,357.452,0,0
1313.659335,0.5215063701555153,342.713,357.54,0,0
1313.759335,4.933250208030225,343.117,357.516,0,0
1313.859332,4.208552177449726,343.032,357.486,0,0
1313.959331,3.7702746184666536,342.998,357.5,0,0
1314.059332,2.3851419788071873,342.825,357.423,0,0
1314.159326,2.945249910214442,342.849,357.37,0,0
1314.25933,2.1403505722194462,342.695,357.227,0,0
1314.3593259999998,1.5887410401624606,342.653,357.246,0,0
1314.459322,1.2067347116851865,342.739,357.471,0,0
1314.55932,2.8259694268706665,342.705,357.127,0,0
1314.6593160000002,0.06882682134631968,342.599,357.412,0,0
1314.7593200000001,0.2608953639353292,342.592,357.366,0,0
1314.859318,1.7051478919150909,342.642,357.207,0,0
1314.959314,3.3259089299660096,342.8,357.216,0,0
1315.059311,-0.6583396353261776,342.591,357.525,0,0
1315.15931,-0.44715683411035506,342.507,357.334,0,0
1315.259305,-1.2385373466251637,342.457,357.38,0,0
1315.359306,0.15580866477732636,342.555,357.318,0,0
1315.459303,0.08876458286668801,342.611,357.433,0,0
1315.559301,0.5590171434242684,342.564,357.265,0,0
1315.659301,-0.002267817377555908,342.57,357.374,0,0
1315.759298,-0.04630116108192705,342.576,357.393,0,0
1315.8592979999999,2.0524337599932583,342.658,357.179,0,0
1315.959294,0.8961850507997943,342.686,357.432,0,0
1316.059294,2.037923372380005,342.69,357.241,0,0
1316.1592919999998,1.883794316514993,342.647,357.189,0,0
1316.2592849999999,-1.6588145964190453,342.389,357.331,0,0
1316.359283,1.1936532836778277,342.645,357.306,0,0
1316.4592819999998,-0.3368043639533504,342.555,357.407,0,0
1316.559283,1.7248823469330226,342.721,357.354,0,0
1316.659283,-0.3963503813965569,342.536,357.383,0,0
1316.759279,1.03454694230295,342.638,357.322,0,0
1316.8592720000001,2.5269863230137806,342.898,357.541,0,0
1316.959274,4.67999047045933,342.946,357.255,0,0
1317.059273,2.8580257358703864,342.873,357.438,0,0
1317.15927,7.583791296418448,343.298,357.398,0,0
1317.259267,19.02643575372361,344.337,357.319,0,0
1317.3592620000002,19.62651619916484,344.43,357.386,0,0
1317.459267,19.46411879188449,344.371,357.306,0,0
1317.559264,19.501467677686957,344.376,357.309,0,0
1317.659258,14.857045291189811,344.01,357.444,0,0
1317.7592590000002,15.22154326365395,343.978,357.322,0,0
1317.859253,16.84924346557111,344.041,357.155,0,0
1317.959252,16.875076468379604,344.096,357.252,0,0
1318.05925,14.138662388869545,343.905,357.377,0,0
1318.159253,12.05793167971973,343.626,357.226,0,0
1318.2592450000002,14.074063281392467,343.879,357.341,0,0
1318.359245,17.118745406481708,344.076,357.174,0,0
1318.459244,13.0039787706631,343.734,357.261,0,0
1318.559243,14.370477646691166,343.906,357.34,0,0
1318.6592420000002,12.86715539735811,343.799,357.405,0,0
1318.759235,10.73377965500288,343.521,357.265,0,0
1318.859233,12.091760630580348,343.721,357.397,0,0
1318.9592309999998,12.688226835497797,343.668,357.196,0,0
1319.059236,11.336119033146977,343.684,357.461,0,0
1319.1592309999999,10.954201498660622,343.57,357.318,0,0
1319.25923,13.112878243178853,343.793,357.353,0,0
1319.3592290000001,12.686097790695957,343.759,357.365,0,0
1319.459227,8.73017625841384,343.438,357.463,0,0
1319.559223,12.818280676390645,343.744,357.315,0,0
1319.65922,20.649278181687738,344.442,357.237,0,0
1319.75922,20.097422419009188,344.444,357.337,0,0
1319.859217,20.684656686518295,344.476,357.294,0,0
1319.9592109999999,18.5700926908444,344.29,357.32,0,0
1320.05921,15.08613786286137,343.962,357.323,0,0
1320.1592050000002,13.460728019166309,343.894,357.481,0,0
1320.2591980000002,16.873461615649376,344.097,357.261,0,0
1320.359197,23.172738776648398,344.717,357.306,0,0
1320.4591950000001,26.10312651824177,345.007,357.33,0,0
1320.55919,26.270606892988315,344.983,357.257,0,0
1320.659182,25.299256972552186,344.86,357.2,0,0
1320.759176,18.854629403390422,344.358,357.398,0,0
1320.859171,17.128356333822133,344.156,357.327,0,0
1320.959173,14.625329275039094,343.855,357.209,0,0
1321.0591689999999,15.854155290421858,343.958,357.185,0,0
1321.159162,13.33016322631219,343.761,357.262,0,0
1321.259157,11.80323622391872,343.486,357.022,0,0
1321.359151,9.609770155365986,343.417,357.277,0,0
1321.459149,7.715647730559832,343.285,357.364,0,0
1321.559145,9.245841528437294,343.429,357.363,0,0
1321.65914,9.137931126249917,343.367,357.268,0,0
1321.7591380000001,8.885657937201003,343.287,357.165,0,0
1321.859134,4.986517242082208,342.973,357.266,0,0
1321.959132,6.926388828521958,343.084,357.133,0,0
1322.059123,7.171982578251863,343.175,357.258,0,0
1322.159119,8.882202728144835,343.267,357.13,0,0
1322.259117,6.766027230860044,343.089,357.171,0,0
1322.35911,6.865905326384245,343.101,357.176,0,0
1322.459106,7.327134511764538,343.195,357.269,0,0
1322.5591000000002,6.3394313723936815,343.146,357.351,0,0
1322.6591,8.309663038531069,343.224,357.152,0,0
1322.7590910000001,7.1891348009242755,343.057,357.04,0,0
1322.8590900000002,7.572890136228461,343.154,357.152,0,0
1322.959089,5.283615908143168,342.958,357.19,0,0
1323.05908,3.0256104714424663,342.753,357.206,0,0
1323.159079,4.511223386864496,342.858,357.141,0,0
1323.2590730000002,5.652012667215891,342.938,357.09,0,0
1323.359072,4.179485363722267,342.86,357.203,0,0
1323.459065,3.7205179291821264,342.836,357.239,0,0
1323.559064,2.606430155423449,342.662,357.113,0,0
1323.6590589999998,4.719401604512769,342.791,356.983,0,0
1323.759051,4.951661734920748,342.884,357.114,0,0
1323.859048,4.229512061091643,342.765,357.021,0,0
1323.959042,4.002285293410553,342.714,356.967,0,0
1324.059043,3.1826167328544996,342.701,357.086,0,0
1324.159037,2.9912156353012875,342.736,357.184,0,0
1324.259029,3.2065156603330585,342.71,357.099,0,0
1324.359025,3.489169997183121,342.692,357.017,0,0
1324.45902,0.7439920222940605,342.573,357.276,0,0
1324.559021,2.4517023764911716,342.624,357.073,0,0
1324.659015,2.1729456336190895,342.654,357.177,0,0
1324.759008,3.3374389150564614,342.677,357.017,0,0
1324.85901,0.9759625868556348,342.522,357.143,0,0
1324.959003,3.6084375600638543,342.761,357.125,0,0
1325.058995,1.2304445805197168,342.524,357.103,0,0
1325.158995,0.6367264408466174,342.584,357.317,0,0
1325.25899,3.111092919730732,342.695,357.091,0,0
1325.358984,0.719711579257941,342.585,357.305,0,0
1325.4589839999999,1.9032653926676852,342.656,357.23,0,0
1325.5589750000001,4.078569794426931,342.711,356.953,0,0
1325.6589709999998,1.8982454654614256,342.559,357.053,0,0
1325.758967,4.62243861295275,342.817,357.054,0,0
1325.858961,4.016598426563368,342.734,357.007,0,0
1325.9589569999998,1.7962708556088216,342.588,357.125,0,0
1326.058952,0.3750153692896662,342.498,357.207,0,0
1326.1589490000001,0.4512029060533161,342.542,357.275,0,0
1326.258949,5.608935948629087,342.966,357.158,0,0
1326.3589399999998,6.081455760668098,343.004,357.146,0,0
1326.458939,6.82429089623438,343.123,357.236,0,0
1326.558934,7.164429502486493,343.08,357.098,0,0
1326.6589299999998,4.131912233814329,342.911,357.315,0,0
1326.7589229999999,6.088562383480056,343.035,357.203,0,0
1326.858923,4.842213995052137,343.036,357.422,0,0
1326.958916,4.977768314349052,342.953,357.246,0,0
1327.0589129999998,6.875809807211524,343.047,357.089,0,0
1327.158912,5.763520501615374,342.971,357.143,0,0
1327.258906,4.887982845329121,342.975,357.303,0,0
1327.3589029999998,5.455208247446842,343.035,357.315,0,0
1327.4588999999999,5.405909568911448,343.003,357.265,0,0
1327.5588950000001,3.2538785746870946,342.814,357.292,0,0
1327.658889,3.7884389801898717,342.922,357.398,0,0
1327.758885,4.021220604378043,342.877,357.275,0,0
1327.8588770000001,5.865686439769362,342.998,357.177,0,0
1327.958879,5.546949681298304,342.984,357.207,0,0
1328.058873,8.515504452042236,343.27,357.217,0,0
1328.158872,8.654923452765297,343.289,357.228,0,0
1328.2588700000001,8.426540742020888,343.258,357.211,0,0
1328.358868,4.920499328229819,342.979,357.308,0,0
1328.458861,5.373267425951626,342.976,357.224,0,0
1328.558864,3.3485855154599884,342.811,357.273,0,0
1328.6588570000001,3.350785218879771,342.773,357.203,0,0
1328.758858,3.962571450019123,342.922,357.371,0,0
1328.8588519999998,3.6707420254008847,342.885,357.354,0,0
1328.958847,3.0136652345411843,342.739,357.2,0,0
1329.0588500000001,2.8110319325344406,342.705,357.173,0,0
1329.158844,2.25548985347542,342.736,357.327,0,0
1329.258844,1.9574805300187206,342.637,357.197,0,0
1329.358839,1.546777671462951,342.648,357.289,0,0
1329.458834,1.360022383394231,342.578,357.193,0,0
1329.558836,0.8722894185214608,342.629,357.372,0,0
1329.658831,1.8707862135022368,342.695,357.32,0,0
1329.7588259999998,0.8541122779009863,342.665,357.442,0,0
1329.858825,3.5342236070695856,342.796,357.217,0,0
1329.9588259999998,1.8240170501110633,342.664,357.272,0,0
1330.05882,4.102687487163338,342.919,357.345,0,0
1330.158815,3.8536112561525235,342.898,357.35,0,0
1330.258816,4.247057165701414,342.922,357.326,0,0
1330.35881,3.6779755442355944,342.899,357.383,0,0
1330.458809,2.5275460668756713,342.777,357.359,0,0
1330.55881,2.457078352376339,342.793,357.401,1,0
1330.6588060000001,1.3351361962337873,342.715,357.453,0,0
1330.7587990000002,1.8346301081340126,342.58,357.118,0,0
1330.8588,0.9997795897481975,342.596,357.293,0,0
1330.958794,-0.35295042379253405,342.469,357.295,0,0
1331.05879,-2.1891412301704194,342.349,357.394,0,0
1331.158789,2.0969077214584617,342.646,357.195,0,0
1331.258786,-0.7753664517192924,342.459,357.351,0,0
1331.358786,-1.295904436024103,342.352,357.245,0,0
1331.4587849999998,-0.6291447585343383,342.435,357.282,0,0
1331.558784,1.5707318966155799,342.557,357.124,0,0
1331.658774,3.0756361501591765,342.716,357.155,0,0
1331.758777,2.2522697678965358,342.757,357.374,0,0
1331.858771,0.7554478607953559,342.518,357.195,0,0
1331.958773,-0.5421469597562254,342.481,357.353,0,0
1332.058769,-0.5900796591700315,342.485,357.369,0,0
1332.158765,0.34291497007788463,342.516,357.264,0,0
1332.25876,-0.9160402009594197,342.437,357.338,0,0
1332.35876,0.3667678407490541,342.65,357.507,0,0
1332.458754,-0.5801695116734764,342.438,357.282,0,0
1332.558751,0.587055152201069,342.533,357.254,0,0
1332.658753,-0.6084527676389507,342.46,357.328,0,0
1332.758749,-0.18905113433404078,342.537,357.397,0,0
1332.858744,0.605317354827505,342.575,357.329,0,0
1332.958743,3.357590000886217,342.765,357.2,0,0
1333.0587420000002,2.786399237399203,342.838,357.434,0,0
1333.1587350000002,2.6424631502135245,342.634,357.084,0,0
1333.2587330000001,4.004812966233422,342.848,357.241,0,0
1333.358734,5.627141639880102,343.123,357.465,0,0
1333.458727,3.866142288507541,342.965,357.481,0,0
1333.5587269999999,4.502640638703647,342.856,357.17,0,0
1333.658727,2.6119660280350407,342.739,357.284,0,0
1333.758724,2.4028300722921654,342.862,357.547,0,0
1333.858715,1.7537974008187076,342.726,357.41,0,0
1333.9587139999999,4.616437012674963,342.871,357.179,0,0
1334.058716,2.6839084450803634,342.787,357.361,0,0
1334.158707,0.17143877131687546,342.54,357.344,0,0
1334.258709,0.27317359839861255,342.525,357.299,0,0
1334.358706,3.572289807202966,342.864,357.349,0,0
1334.458703,2.497691197333119,342.822,357.459,0,0
1334.558702,5.026991167442148,342.967,357.286,0,0
1334.658696,4.224158028650763,342.842,357.196,0,0
1334.758697,4.650660906301331,342.98,357.376,0,0
1334.85869,3.8907752391966293,342.952,357.457,0,0
1334.958691,2.7582932139008745,342.798,357.371,0,0
1335.058683,4.470348725003642,342.913,357.285,0,0
1335.158682,2.607274556787061,342.766,357.339,0,0
1335.2586820000001,3.1294675460871733,342.775,357.265,0,0
1335.358677,0.5066320430293472,342.573,357.35,0,0
1335.458675,2.503246626875158,342.791,357.404,0,0
1335.55867,1.4038736516408556,342.626,357.292,0,0
1335.658673,3.341857916031023,342.864,357.393,0,0
1335.758666,2.7489240243291824,342.717,357.226,0,0
1335.8586659999999,1.2971080138959337,342.604,357.271,0,0
1335.958664,1.9231629570911388,342.725,357.385,0,0
1336.0586580000002,2.2711206734768306,342.686,357.253,0,0
1336.158657,1.5863936354872614,342.695,357.389,0,0
1336.2586540000002,2.064221824591133,342.696,357.308,0,0
1336.3586480000001,1.3174440711195448,342.66,357.372,0,0
1336.458648,3.468336300939296,342.829,357.309,0,0
1336.55864,4.170003914062004,342.999,357.5,0,0
1336.658638,5.277690906243704,343.09,357.475,0,0
1336.758638,6.427914048548698,343.166,357.415,0,0
1336.858635,5.7174600128736275,343.128,357.469,0,0
1336.958629,7.692753061141663,343.213,357.282,0,0
1337.0586289999999,5.612637650745348,343.127,357.486,0,0
1337.158627,2.7464274172544667,342.746,357.284,0,0
1337.258618,4.159129636123828,342.949,357.412,0,0
1337.358616,1.2926056801426902,342.762,357.567,0,0
1337.4586129999998,1.8816992914451396,342.767,357.474,0,0
1337.558609,3.259550238825517,342.758,357.218,0,0
1337.658611,4.251102432959355,342.944,357.388,0,0
1337.758604,2.980222458902914,342.803,357.35,0,0
1337.858605,0.659924727882035,342.597,357.375,0,0
1337.958598,0.1331122869932583,342.653,357.57,0,0
1338.0585930000002,3.0196195076994474,342.897,357.517,0,0
1338.158594,1.3124474594944673,342.668,357.393,0,0
1338.258588,1.2732630562817964,342.65,357.367,0,0
1338.358588,2.560251823561259,342.771,357.366,0,0
1338.4585849999999,3.61508885591291,342.807,357.249,0,0
1338.558584,1.2927025223996038,342.647,357.359,0,0
1338.65858,1.916031214410364,342.696,357.341,0,0
1338.758575,-1.2178091689418493,342.406,357.353,0,0
1338.858571,1.825464999829725,342.692,357.35,0,0
1338.958571,2.4074483871028876,342.661,357.192,0,0
1339.058564,0.22690321573110256,342.503,357.281,0,0
1339.158564,0.7989291978814975,342.639,357.432,0,0
1339.25856,2.5716954094972153,342.713,357.26,0,0
1339.358552,2.0426323231403885,342.659,357.253,0,0
1339.4585530000002,1.5183750586069384,342.656,357.339,0,0
1339.558548,5.4230320698434715,342.974,357.245,0,0
1339.658545,7.866299090874004,343.25,357.328,0,0
1339.7585430000001,8.361349083768296,343.301,357.336,0,0
1339.858542,7.059407013605081,343.225,357.423,0,0
1339.9585379999999,7.132830440999228,343.297,357.543,0,0
1340.058535,6.847013483307677,343.191,357.398,0,0
1340.158531,7.19332808698741,343.235,357.419,0,0
1340.258526,9.071850475610352,343.294,357.201,0,0
1340.358527,5.675683566043652,343.058,357.358,0,0
1340.458521,6.174684350026499,343.011,357.185,0,0
1340.558515,4.276685500756834,342.827,357.177,0,0
1340.658518,3.7386073551987855,342.889,357.385,0,0
1340.758513,1.8594630291229381,342.697,357.359,0,0
1340.8585079999998,2.8954575971672467,342.716,357.214,0,0
1340.958508,3.0590190713200456,342.74,357.23,0,0
1341.0585,3.66576738706986,342.857,357.34,0,0
1341.158501,2.5463847214470836,342.72,357.283,0,0
1341.2584960000002,2.877547027734215,342.718,357.222,0,0
1341.35849,2.1960586169196397,342.686,357.282,0,0
1341.458489,4.078694576903279,342.803,357.17,0,0
1341.558485,3.2548890551047904,342.807,357.321,0,0
1341.658483,1.3630710046703132,342.685,357.426,0,0
1341.758479,2.5896557603114934,342.678,357.2,0,0
1341.8584799999999,1.519184544245775,342.669,357.37,0,0
1341.958477,1.898847009809973,342.683,357.33,0,0
1342.0584709999998,2.9573765153528324,342.69,357.159,0,0
1342.158469,1.3922097774171065,342.619,357.301,0,0
1342.258463,2.8325358353538777,342.742,357.277,0,0
1342.3584609999998,1.8414329664322835,342.603,357.194,0,0
1342.458459,0.6783134484616443,342.601,357.393,0,0
1342.5584529999999,2.5144957141599478,342.756,357.359,0,0
1342.658454,1.515546079221546,342.688,357.408,0,0
1342.758447,3.756557103713122,342.859,357.333,0,0
1342.858445,3.473036090202208,342.763,357.206,0,0
1342.958445,4.3768127902608835,342.857,357.222,0,0
1343.058439,1.4063974322615072,342.633,357.327,0,0
1343.158439,4.077726644021171,342.886,357.328,0,0
1343.2584339999999,3.3643100406635726,342.795,357.285,0,0
1343.358434,5.5960999349736475,343.026,357.322,0,0
1343.458429,5.278030824698717,343.08,357.477,0,0
1343.558428,6.136057170239048,343.18,357.512,0,0
1343.658418,6.205423444938328,343.069,357.296,0,0
1343.758415,7.57263803129771,343.209,357.316,0,0
1343.858414,5.3293410510364065,343.038,357.392,0,0
1343.9584129999998,3.439374930252513,342.889,357.447,0,0
1344.0584059999999,4.726420417679146,342.885,357.216,0,0
1344.158408,3.847676536720869,342.88,357.36,0,0
1344.258405,2.0519609400144665,342.741,357.417,0,0
1344.358399,1.4900295583002263,342.679,357.401,0,0
1344.458397,2.953821931379321,342.764,357.303,0,0
1344.558395,0.9654062244308976,342.747,357.618,0,0
1344.658388,3.9713206008615902,342.78,357.156,0,0
1344.758387,0.35604633184092027,342.601,357.456,0,0
1344.8583859999999,3.8310699899239467,342.855,357.319,0,0
1344.958382,4.879459402015771,342.923,357.262,0,0
1345.058378,0.09202959345203864,342.625,357.547,0,0
1345.1583770000002,3.036034358035308,342.819,357.392,0,0
1345.258376,3.7168603341396427,342.818,357.272,0,0
1345.358368,1.9795267612714953,342.703,357.363,0,0
1345.458369,3.2081590406908354,342.75,357.236,0,0
1345.558365,3.5772054808915987,342.863,357.38,0,0
1345.658358,3.492089987543865,342.745,357.178,0,0
1345.758361,2.9469249413959266,342.721,357.229,0,0
1345.858358,2.675765756884165,342.749,357.328,0,0
1345.9583519999999,3.469902470174754,342.806,357.295,0,0
1346.05835,3.958515578346812,342.864,357.317,0,0
1346.1583500000002,2.655656587145419,342.789,357.406,0,0
1346.258347,2.5004056546841253,342.716,357.299,0,0
1346.35834,0.599411515439856,342.554,357.332,0,0
1346.458339,2.6257309033850817,342.671,357.195,0,0
1346.5583370000002,2.7506554314291836,342.737,357.295,0,0
1346.6583349999999,3.1316731385381993,342.812,357.367,0,0
1346.758328,2.3945657220442054,342.753,357.387,0,0
1346.8583230000002,2.4714884084712767,342.715,357.304,0,0
1346.958321,3.6161640660367844,342.872,357.394,0,0
1347.0583179999999,4.5422497795429315,342.948,357.373,0,0
1347.15832,2.9216804067655024,342.881,357.532,0,0
1347.258314,2.307072829374443,342.895,357.665,0,0
1347.3583130000002,4.259858262276192,342.942,357.412,0,0
1347.4583089999999,4.5677857032212605,342.984,357.436,0,0
1347.558302,3.5757544597593998,342.871,357.401,0,0
1347.658301,6.457904555654823,343.101,357.323,0,0
1347.758301,6.2819167476144795,343.138,357.422,0,0
1347.8582979999999,4.576329571536959,342.976,357.421,0,0
1347.958295,4.54266986656276,342.952,357.383,0,0
1348.058287,3.176613645733814,342.827,357.391,0,0
1348.158287,6.007222870059622,343.163,357.517,0,0
1348.258281,4.958682834490373,342.949,357.306,0,0
1348.358282,3.5688587311188957,343.031,357.699,0,0
1348.458277,5.763039532301644,343.053,357.358,0,0
1348.558274,2.8682393725428694,342.878,357.54,0,0
1348.658271,3.3217316622853335,342.818,357.351,0,0
1348.75827,3.758837411266789,342.907,357.439,0,0
1348.858264,4.598498862778124,342.952,357.376,0,0
1348.958266,4.203694401367417,342.902,357.353,0,0
1349.0582590000001,6.324947239038369,343.047,357.251,0,0
1349.1582560000002,6.984377164920581,343.088,357.212,0,0
1349.2582539999999,7.163528394425209,343.22,357.424,0,0
1349.3582490000001,4.845292591575164,343.043,357.502,0,0
1349.458248,6.113692051330187,343.103,357.392,0,0
1349.558246,7.0061830950912505,343.253,357.513,0,0
1349.658242,7.5992006737514135,343.235,357.377,0,0
1349.758241,8.997697896440211,343.341,357.329,0,0
1349.858234,4.749612581167688,342.994,357.43,0,0
1349.958235,7.695221577133224,343.205,357.306,0,0
1350.058233,5.585012466585689,343.083,357.449,0,0
1350.158227,6.221248201140954,343.068,357.311,0,0
1350.2582220000002,4.5993164446870445,342.965,357.404,0,0
1350.358219,4.31715199314307,342.93,357.389,0,0
1350.458215,5.040527317661328,342.889,357.188,0,0
1350.558215,5.1411010928820575,342.919,357.226,0,0
1350.6582150000002,4.106524588557666,342.846,357.272,0,0
1350.7582069999999,4.504829159873723,342.821,357.157,0,0
1350.858204,3.0056462333845904,342.747,357.282,0,0
1350.958201,5.395386030687019,342.95,357.24,0,0
1351.058202,5.614130246232381,342.964,357.228,0,0
1351.1581999999999,3.4006986378541924,342.848,357.4,0,0
1351.258194,3.2183157452408606,342.792,357.329,0,0
1351.3581920000001,3.7352454796491537,342.763,357.186,0,0
1351.458188,3.0750950043204908,342.839,357.441,0,0
1351.5581829999999,4.251810124084581,342.805,357.174,0,0
1351.658181,2.142997997947728,342.644,357.245,0,0
1351.758182,3.801940383889769,342.798,357.24,0,0
1351.858179,3.2944761889102563,342.783,357.301,0,0
1351.958172,2.789328174132691,342.728,357.288,0,0
1352.0581710000001,1.792461147796724,342.639,357.298,0,0
1352.15817,3.880368617549626,342.814,357.257,0,0
1352.258161,2.0545135627540723,342.739,357.437,0,0
1352.358159,6.5456226215387865,343.063,357.252,0,0
1352.4581569999998,7.720454983825594,343.131,357.173,0,0
1352.558156,5.250259873704988,342.963,357.294,0,0
1352.658151,8.299298764638841,343.224,357.244,0,0
1352.758147,8.258952502567299,343.251,357.301,0,0
1352.858142,7.966680139927799,343.202,357.262,0,0
1352.958141,6.716480391541168,343.101,357.294,0,0
1353.0581399999999,2.917114422253027,342.816,357.431,0,0
1353.158139,4.329889375132202,342.869,357.283,0,0
1353.258137,6.458060488335554,342.969,357.097,0,0
1353.358133,3.3961272641117914,342.807,357.332,0,0
1353.458125,4.160102714217371,342.978,357.514,0,0
1353.558122,3.6092698091228788,342.779,357.244,0,0
1353.658122,2.5045914043664337,342.676,357.247,0,0
1353.758121,6.106502427305862,342.967,357.156,0,0
1353.858115,3.407338241407511,342.798,357.315,0,0
1353.958115,2.5045060867462676,342.688,357.27,0,0
1354.058112,5.445971629331392,342.916,357.178,0,0
1354.158109,3.8332092578668693,342.878,357.389,0,0
1354.2581,4.326198874544263,342.925,357.39,0,0
1354.358098,3.57394240928876,342.82,357.328,0,0
1354.458101,4.7674137565796935,342.849,357.174,0,0
1354.558096,5.4927934288895,342.962,357.256,0,0
1354.658088,3.444463950385436,342.754,357.23,0,0
1354.758088,4.819022210348169,342.936,357.326,0,0
1354.858086,6.609005283922772,343.085,357.289,0,0
1354.958084,5.798800487509983,343.018,357.307,0,0
1355.0580770000001,5.056166325142307,342.99,357.385,0,0
1355.158073,5.0321321376899,343.043,357.487,0,0
1355.258074,5.752760713452636,342.98,357.246,0,0
1355.3580670000001,6.6121672450964475,343.091,357.301,0,0
1355.458065,8.506044704761987,343.277,357.314,0,0
1355.5580630000002,5.008999904819255,342.957,357.334,0,0
1355.658063,7.34013315617772,343.13,357.247,0,0
1355.758061,5.381671249908972,342.968,357.29,0,0
1355.858054,6.025919087138268,343.038,357.307,0,0
1355.958052,4.967511869728714,342.791,357.037,0,0
1356.058051,4.073090585240426,342.903,357.399,0,0
1356.1580430000001,5.786779819102005,342.985,357.252,0,0
1356.258041,3.512674530032067,342.835,357.372,0,0
1356.358043,5.297831149177901,342.983,357.334,0,0
1356.458038,5.972882788282192,343.057,357.353,0,0
1356.558033,5.975788742119731,343.012,357.27,0,0
1356.65803,4.32351122651597,342.917,357.383,0,0
1356.758029,7.250517993263071,343.092,357.196,0,0
1356.858027,7.0490237284788275,343.113,357.27,0,0
1356.9580190000001,5.490293171454762,343.06,357.444,0,0
1357.058016,6.443041832410418,343.157,357.457,0,0
1357.158013,7.502487873686134,343.188,357.33,0,0
1357.258011,5.950219134766172,343.078,357.398,0,0
1357.3580060000002,6.8314899753739144,343.134,357.348,0,0
1357.4580079999998,5.761286068344297,343.056,357.391,0,0
1357.5580009999999,4.900991599698845,342.931,357.311,0,0
1357.6580020000001,4.379026900035337,342.963,357.461,0,0
1357.7579950000002,5.70813886455652,342.982,357.265,0,0
1357.8579909999999,5.404558487398226,343.039,357.423,0,0
1357.957992,6.100121315845999,342.997,357.225,0,0
1358.0579890000001,6.346901535293083,343.043,357.267,0,0
1358.1579820000002,5.183150909748976,342.923,357.249,0,0
1358.257982,3.2200578442368344,342.841,357.44,0,0
1358.357977,4.069151112308323,342.882,357.368,0,0
1358.457973,3.8837520218280064,342.898,357.43,0,0
1358.557972,3.5829969025188717,342.802,357.306,0,0
1358.6579709999999,2.537644097730083,342.672,357.249,0,0
1358.75797,5.46736854146955,342.944,357.24,0,0
1358.8579639999998,4.896677220799619,342.954,357.358,0,0
1358.957959,5.68092763236146,343.028,357.358,0,0
1359.057961,4.1484234171752385,342.934,357.452,0,0
1359.1579550000001,5.333595329080938,343.022,357.408,0,0
1359.257949,4.2728842515767544,342.79,357.166,0,0
1359.357949,2.3270118068623185,342.758,357.446,0,0
1359.4579469999999,2.643246637650547,342.741,357.36,0,0
1359.557944,2.8282149653254125,342.723,357.295,0,0
1359.6579410000002,4.462819193176108,342.816,357.182,0,0
1359.757935,2.511470153844282,342.69,357.29,0,0
1359.8579359999999,3.769300188274235,342.749,357.18,0,0
1359.957932,3.9347324013357317,342.721,357.1,0,0
1360.0579280000002,5.7246963220548315,342.92,357.155,0,0
1360.1579299999999,1.8728618994189319,342.767,357.544,0,0
1360.257929,4.145399300848034,342.885,357.366,0,0
1360.357927,4.630837212228855,342.859,357.234,0,0
1360.457919,2.061806246441236,342.661,357.317,0,0
1360.557922,2.080310857544561,342.699,357.384,0,0
1360.6579199999999,1.2248127756948735,342.65,357.443,0,0
1360.757919,5.207387168403062,343.027,357.444,0,0
1360.857913,5.498782847229114,343.037,357.412,0,0
1360.957915,5.480964210705774,343.077,357.489,0,0
1361.057912,7.472828815386466,343.144,357.266,0,0
1361.1579069999998,6.553418583201144,343.102,357.349,0,0
1361.2579110000001,9.38475935638978,343.356,357.324,0,0
1361.3579069999998,12.698143073031607,343.692,357.366,0,0
1361.457901,14.532310469082004,343.743,357.141,0,0
1361.557903,10.740092110839278,343.419,357.205,0,0
1361.657885,9.896045451273007,343.47,357.446,0,0
1361.757898,7.801070781482149,343.219,357.349,0,0
1361.857898,11.183930358057182,343.442,357.171,0,0
1361.957896,9.529804622777787,343.374,357.334,0,0
1362.057893,7.5246859399941375,343.194,357.352,0,0
1362.157891,5.828792641395407,342.959,357.215,0,0
1362.2578859999999,8.24084494571798,343.144,357.136,0,0
1362.357886,6.388380082347646,342.948,357.098,0,0
1362.457882,6.056801686296915,342.898,357.064,0,0
1362.5578799999998,3.6921181763099766,342.759,357.22,0,0
1362.6578829999999,1.0180470835129467,342.519,357.244,0,0
1362.757881,1.3409074766777285,342.601,357.339,0,0
1362.857879,1.0380546939760704,342.576,357.346,0,0
1362.9578729999998,3.6714788986522486,342.789,357.28,0,0
1363.0578759999999,5.659621346493336,342.96,357.249,0,0
1363.157868,3.76481550984399,342.86,357.395,0,0
1363.2578700000001,4.536220692305843,342.873,357.285,0,0
1363.357871,4.434261870039131,342.917,357.384,0,0
1363.457867,5.0297971675635695,342.94,357.323,0,0
1363.5578659999999,2.6286175190354384,342.672,357.248,0,0
1363.65786,3.8450821161172786,342.701,357.09,0,0
1363.757857,2.8346265059950966,342.683,357.233,0,0
1363.857857,2.502799930243391,342.677,357.28,0,0
1363.957853,2.746151943015942,342.683,357.249,0,0
1364.0578540000001,2.5731917471760046,342.648,357.215,0,0
1364.157855,3.8562857575082687,342.767,357.211,0,0
1364.257852,2.6546020359608016,342.657,357.218,0,0
1364.3578519999999,3.371944720027521,342.76,357.283,0,0
1364.4578459999998,2.8730262224579355,342.667,357.199,0,0
1364.557847,1.4304348451232731,342.519,357.178,0,0
1364.657845,4.28014452973224,342.828,357.251,0,0
1364.757842,3.332259610356991,342.717,357.212,0,0
1364.857837,4.544579436435442,342.763,357.086,0,0
1364.957838,3.9506641129584246,342.792,357.243,0,0
1365.0578389999998,3.8650494723411595,342.787,357.249,0,0
1365.1578319999999,3.8082142046186584,342.682,357.066,0,0
1365.257835,1.6122585118007808,342.572,357.246,0,0
1365.3578289999998,4.254883785590851,342.775,357.16,0,0
1365.45783,5.053175415897199,342.815,357.095,0,0
1365.557824,3.9238901912072426,342.745,357.163,0,0
1365.657825,3.3180153217371395,342.787,357.346,0,0
1365.757825,5.010581984230799,342.817,357.107,0,0
1365.857822,6.037551167651124,343.002,357.269,0,0
1365.9578219999999,6.406434324881688,342.984,357.172,0,0
1366.057818,5.350272442307765,342.872,357.15,0,0
1366.157812,4.175669835469632,342.87,357.351,0,0
1366.2578130000002,6.002685404450133,342.985,357.245,0,0
1366.357813,2.123589659454712,342.618,357.245,0,0
1366.4578060000001,5.265262092037034,342.922,357.258,0,0
1366.557805,2.840434680420427,342.586,357.062,0,0
1366.657808,2.7664669110965474,342.762,357.399,0,0
1366.757805,1.976053012640691,342.661,357.351,0,0
1366.857802,2.8867357424956333,342.76,357.375,0,0
1366.957802,3.5781791633006916,342.685,357.117,0,0
1367.057796,2.128607819676399,342.732,357.456,0,0
1367.1577949999999,2.1614348952352804,342.617,357.239,0,0
1367.2577979999999,1.861560774549501,342.62,357.297,0,0
1367.357796,1.835270391547552,342.588,357.243,0,0
1367.457791,2.552841778268194,342.697,357.319,0,0
1367.557787,1.9056438504909623,342.609,357.27,0,0
1367.657786,3.5772464645306057,342.743,357.226,0,0
1367.757785,2.1344076712216213,342.639,357.286,0,0
1367.8577830000002,2.1536408635072872,342.595,357.202,0,0
1367.95778,2.0162807590416025,342.64,357.309,0,0
1368.0577779999999,1.3586926489316804,342.657,357.455,0,0
1368.15777,3.5705684101447246,342.716,357.179,0,0
1368.2577720000002,6.349267374227872,342.971,357.165,0,0
1368.357766,1.9177339152564643,342.636,357.32,0,0
1368.457764,1.6958214171573844,342.573,357.243,0,0
1368.557759,2.3715607803003422,342.665,357.295,0,0
1368.6577579999998,1.3928634846179995,342.575,357.3,0,0
1368.757754,0.7463372014338757,342.53,357.33,0,0
1368.8577460000001,2.436134431090905,342.588,357.143,0,0
1368.957741,-0.5692388649207355,342.427,357.37,0,0
1369.057738,0.9239834644714282,342.53,357.3,0,0
1369.1577379999999,2.3528389670394807,342.628,357.232,0,0
1369.257732,1.8764247112511308,342.598,357.26,0,0
1369.357727,0.25520569485691824,342.463,357.294,0,0
1369.457727,-0.07292739902536906,342.428,357.287,0,0
1369.557723,1.5667253170725806,342.553,357.232,0,0
1369.657719,2.3179153110190107,342.538,357.074,0,0
1369.7577150000002,2.857810412298519,342.584,357.065,0,0
1369.85771,1.7866815628926092,342.532,357.156,0,0
1369.9577109999998,3.0415183894096867,342.613,357.087,0,0
1370.057708,2.962107918947005,342.62,357.114,0,0
1370.157705,2.948915221876304,342.605,357.089,0,0
1370.257701,1.6005336576538214,342.567,357.254,0,0
1370.3576950000001,1.128741518951601,342.482,357.18,0,0
1370.457689,0.3562529547836071,342.399,357.162,0,0
1370.557685,-0.11258423271488686,342.392,357.231,0,0
1370.657687,-0.6448790193559311,342.404,357.346,0,0
1370.757683,2.754555436705316,342.584,357.086,0,0
1370.857674,0.13354456893485103,342.455,357.305,0,0
1370.9576710000001,-0.9304510806247972,342.389,357.369,0,0
1371.057671,0.03314943668807918,342.393,357.209,0,0
1371.157666,1.3350794966353587,342.554,357.279,0,0
1371.257665,1.1363846207394561,342.497,357.209,0,0
1371.357656,2.5843119140840494,342.618,357.18,0,0
1371.457659,0.2934269168323303,342.48,357.325,0,0
1371.557655,1.2294170577640686,342.539,357.271,0,0
1371.657651,0.6842968521391026,342.44,357.184,0,0
1371.757642,0.10003913230731147,342.471,357.343,0,0
1371.857639,3.362438730335659,342.7,357.197,0,0
1371.9576359999999,2.241220085796076,342.59,357.19,0,0
1372.057633,3.3601913654818483,342.675,357.152,0,0
1372.157629,4.052286658313317,342.693,357.065,0,0
1372.257624,1.6692295853812777,342.524,357.169,0,0
1372.357625,4.202595898503275,342.877,357.378,0,0
1372.457618,3.583941635207918,342.708,357.175,0,0
1372.5576159999998,4.7704513986858705,342.907,357.335,0,0
1372.657615,8.013282679551052,343.201,357.312,0,0
1372.757607,10.067636523935791,343.375,357.275,0,0
1372.857605,7.547620096738869,343.08,357.171,0,0
1372.9576029999998,8.231176149441412,343.176,357.229,0,0
1373.057599,6.233173758616934,343.032,357.312,0,0
1373.157598,5.0009181808914205,342.924,357.328,0,0
1373.2575889999998,6.213231172109432,342.995,357.248,0,0
1373.3575919999998,5.534074584904786,342.923,357.234,0,0
1373.457588,3.3558190325424397,342.825,357.433,0,0
1373.557583,1.5279935805465092,342.546,357.238,0,0
1373.657577,3.6963727068252807,342.721,357.183,0,0
1373.757573,2.844344395823702,342.637,357.177,0,0
1373.857568,4.1437538931845594,342.782,357.218,0,0
1373.957566,5.294471205359849,342.82,357.088,0,0
1374.057562,5.574357174539862,342.88,357.15,0,0
1374.1575619999999,4.103932567592983,342.781,357.224,0,0
1374.2575530000001,6.016218799895578,342.947,357.197,0,0
1374.3575560000002,4.262372035775802,342.775,357.186,0,0
1374.457547,4.147332854730372,342.777,357.21,0,0
1374.557549,3.166766025878674,342.764,357.357,0,0
1374.65754,3.029928528000134,342.671,357.21,0,0
1374.7575379999998,3.853962708239528,342.733,357.181,0,0
1374.857536,2.8375811968025424,342.609,357.13,0,0
1374.957534,2.329879245863476,342.638,357.272,0,0
1375.0575290000002,1.241565260091163,342.461,357.136,0,0
1375.157526,2.8577446965701543,342.649,357.201,0,0
1375.257519,2.639266427448138,342.626,357.197,0,0
1375.357518,3.3584327485655203,342.777,357.35,0,0
1375.457514,3.105958221610334,342.691,357.236,0,0
1375.557512,4.244261832934078,342.73,357.11,0,0
1375.657504,2.4014252949386528,342.611,357.212,0,0
1375.757504,1.3684952284301728,342.48,357.151,0,0
1375.857501,2.3637890270196182,342.562,357.129,0,0
1375.9574969999999,0.8354165958509043,342.501,357.283,0,0
1376.057489,0.16247376069193054,342.416,357.244,0,0
1376.1574879999998,-0.48729591215368584,342.437,357.396,0,0
1376.257482,-1.132389958919503,342.278,357.216,0,0
1376.357477,0.6955503647516792,342.392,357.108,0,0
1376.457477,1.278201309272666,342.454,357.121,0,0
1376.557472,0.6125970643497111,342.411,357.158,0,0
1376.6574699999999,1.8516131875598414,342.403,356.928,0,0
1376.757464,0.07268955379536791,342.277,357.006,0,0
1376.85746,-0.4635204244291853,342.312,357.164,0,0
1376.957456,-0.5941765309840831,342.281,357.13,0,0
1377.057453,-1.2636769426394374,342.211,357.118,0,0
1377.157446,-0.8658466458578334,342.249,357.119,0,0
1377.2574439999999,1.3360652870948124,342.5,357.198,0,0
1377.357436,5.4393720543636475,342.802,357.04,0,0
1377.457434,4.246364326325467,342.845,357.327,0,0
1377.557427,6.263509532394933,342.947,357.164,0,0
1377.6574269999999,8.342218600240606,343.157,357.189,0,0
1377.757419,8.125354205562672,343.126,357.17,0,0
1377.857418,7.165017901023387,343.116,357.319,0,0
1377.957416,6.383603665485199,342.949,357.148,0,0
1378.05741,5.118198234686573,342.952,357.374,0,0
1378.157403,4.6071532237176545,342.741,357.075,0,0
1378.257398,3.3801277903707017,342.771,357.344,0,0
1378.357399,4.205819707445765,342.725,357.116,0,0
1378.457393,3.987332180622996,342.727,357.158,0,0
1378.557392,3.7918553816138867,342.679,357.104,0,0
1378.657381,1.9085298128095396,342.629,357.34,0,0
1378.7573810000001,2.8994956611994382,342.622,357.155,0,0
1378.857376,3.507420388589396,342.719,357.228,0,0
1378.957371,3.794668627983219,342.771,357.274,0,0
1379.0573700000002,6.074791500884686,342.912,357.137,0,0
1379.157366,6.778114088378432,343.024,357.221,0,0
1379.25736,9.77820060762562,343.282,357.174,0,0
1379.3573529999999,9.305038207332968,343.186,357.08,0,0
1379.4573529999998,8.392314931757975,343.118,357.114,0,0
1379.557348,8.593592966071636,343.151,357.14,0,0
1379.657344,7.979044326825763,343.065,357.089,0,0
1379.757341,5.8423862697038205,343.003,357.347,0,0
1379.8573330000002,5.882330344830888,342.924,357.195,0,0
1379.957334,3.5397242440581,342.786,357.349,0,0
1380.057325,3.5286359331442325,342.7,357.193,0,0
1380.1573270000001,4.357500031913355,342.763,357.165,0,0
1380.257321,2.9863723973165297,342.706,357.299,0,0
1380.357313,8.058182601098794,343.061,357.07,0,0
1380.457314,11.538884197111429,343.515,357.3,0,0
1380.557305,13.415834923741206,343.532,357.005,0,0
1380.657306,9.941325839778195,343.225,357.045,0,0
1380.757296,12.103961073698153,343.4,356.991,0,0
1380.857295,11.526883772564423,343.317,356.939,0,0
1380.9572879999998,8.21370874407182,343.122,357.157,0,0
1381.057283,7.588575455732302,343.06,357.152,0,0
1381.157284,5.724127339857653,342.952,357.278,0,0
1381.2572790000002,6.939204225128445,343.02,357.192,0,0
1381.357274,8.208506552727155,343.154,357.218,0,0
1381.457269,8.577148164677018,343.18,357.202,0,0
1381.557268,7.767183508616676,343.119,357.231,0,0
1381.657263,7.002536502349579,342.99,357.127,0,0
1381.757256,8.086098133807807,343.101,357.143,0,0
1381.857251,7.599591692770606,343.032,357.101,0,0
1381.95725,9.24221606807269,343.21,357.143,0,0
1382.0572479999998,8.439167791514027,343.104,357.088,0,0
1382.157242,6.988553777223568,342.921,357.004,0,0
1382.257238,4.522929633698969,342.848,357.299,0,0
1382.35723,4.555969570396351,342.789,357.185,0,0
1382.457229,2.798684780105241,342.602,357.147,0,0
1382.557227,3.5132978560298542,342.658,357.126,0,0
1382.657222,4.4302224359247155,342.694,357.033,0,0
1382.757219,3.60878547289457,342.583,356.972,0,0
1382.857213,2.7201675263847944,342.595,357.149,0,0
1382.957206,3.568363442399892,342.612,357.033,0,0
1383.057202,3.758332728120276,342.751,357.256,0,0
1383.157201,5.718213993246607,342.909,357.206,0,0
1383.257196,3.9798271893780957,342.614,356.966,0,0
1383.357193,3.5451982504624153,342.726,357.248,0,0
1383.457188,1.1373392566805218,342.509,357.268,0,0
1383.5571850000001,1.485991035212729,342.513,357.215,0,0
1383.657183,1.1810701822997463,342.509,357.261,0,0
1383.757178,3.0243941731354838,342.675,357.246,0,0
1383.8571729999999,4.183158006925361,342.723,357.133,0,0
1383.957169,3.228376977566906,342.632,357.132,0,0
1384.057162,1.5644340894740774,342.431,357.052,0,0
1384.1571629999999,3.431894623392401,342.602,357.042,0,0
1384.257159,1.2872293498499867,342.455,357.145,0,0
1384.3571510000002,1.9119762498940327,342.465,357.055,0,0
1384.4571529999998,2.337399131709354,342.498,357.042,0,0
1384.557145,-0.40081205170718365,342.284,357.125,0,0
1384.6571399999998,-0.40551222189982405,342.316,357.185,0,0
1384.757139,1.0070506753177064,342.363,357.026,0,0
1384.857134,1.605789193139729,342.445,357.073,0,0
1384.9571299999998,2.0794955175035232,342.463,357.024,0,0
1385.057131,2.4950260623171103,342.513,357.044,0,0
1385.157125,1.224363840595259,342.453,357.155,0,0
1385.257124,3.5350117996696198,342.717,357.239,0,0
1385.357121,2.09313388335548,342.537,357.159,0,0
1385.457118,-0.10945778588260165,342.378,357.25,0,0
1385.557115,-0.4339140336146216,342.364,357.281,0,0
1385.657111,-0.06297581535651671,342.4,357.283,0,0
1385.7571070000001,1.9704843005721997,342.528,357.165,0,0
1385.857102,-1.3088759618575938,342.29,357.298,0,0
1385.957097,-1.1105821174723511,342.32,357.319,0,0
1386.057096,1.2580472944321959,342.471,357.185,0,0
1386.157091,1.985314629169267,342.507,357.125,0,0
1386.257087,4.374118993786853,342.786,357.223,0,0
1386.357082,3.303734045670764,342.627,357.117,0,0
1386.457082,2.298116669666653,342.61,357.261,0,0
1386.557077,2.5793940290580477,342.656,357.297,0,0
1386.6570749999998,3.2025402667362473,342.649,357.176,0,0
1386.757068,3.8447573519567118,342.665,357.094,0,0
1386.8570619999998,2.9986449476570143,342.737,357.374,0,0
1386.957064,1.542957205968812,342.597,357.37,0,0
1387.05706,3.8412888471383733,342.637,357.044,0,0
1387.157055,2.461430039565865,342.577,357.174,0,0
1387.257052,2.135621661199929,342.502,357.093,0,0
1387.357047,2.5962111366472556,342.553,357.107,0,0
1387.457044,2.603483046262019,342.547,357.095,0,0
1387.557039,-0.34715805339828365,342.364,357.272,0,0
1387.657036,2.7428535711295026,342.543,357.064,0,0
1387.757034,0.9623658712736134,342.325,356.973,0,0
1387.857032,1.8403936368376212,342.472,357.091,0,0
1387.957024,1.4759458823763132,342.439,357.094,0,0
1388.0570209999998,1.8027581470653575,342.448,357.054,0,0
1388.157022,2.464945291599119,342.536,357.101,0,0
1388.257018,-0.07970867457687042,342.349,357.2,0,0
1388.357014,2.696932582456254,342.6,357.179,0,0
1388.457007,-1.4734543630363606,342.306,357.364,0,0
1388.5570069999999,1.33563567261506,342.478,357.192,0,0
1388.657001,2.2849684675370168,342.535,357.132,0,0
1388.7569990000002,0.9607645324132533,342.427,357.164,0,0
1388.856996,-1.844127626413966,342.248,357.323,0,0
1388.95699,0.25599548857114024,342.391,357.221,0,0
1389.0569879999998,1.9977658147700517,342.43,356.99,0,0
1389.1569809999999,0.6326386052788325,342.329,357.042,0,0
1389.256982,1.6904009680215089,342.568,357.298,0,0
1389.356976,1.5740485042428543,342.434,357.072,0,0
1389.4569720000002,4.500107719479171,342.71,357.071,0,0
1389.556968,4.202311484784442,342.717,357.136,0,0
1389.656964,3.782708415646611,342.644,357.075,0,0
1389.7569620000002,3.085181438655966,342.542,357.009,0,0
1389.856963,3.0241263068144213,342.654,357.226,0,0
1389.9569569999999,3.8612748945834103,342.708,357.18,0,0
1390.056953,3.062137684669222,342.604,357.128,0,0
1390.156948,1.573991928687967,342.568,357.321,0,0
1390.256944,3.043586045187725,342.578,357.084,0,0
1390.3569439999999,2.8390882398146657,342.671,357.291,0,0
1390.456939,1.9983675754714612,342.506,357.134,0,0
1390.556936,1.8596545823996105,342.515,357.175,0,0
1390.656932,3.6116971271776532,342.724,357.255,0,0
1390.7569310000001,2.469565874650461,342.618,357.259,0,0
1390.856923,5.70117104596657,342.843,357.111,0,0
1390.956924,6.109560973888254,342.932,357.204,0,0
1391.056914,6.580520964929389,342.928,357.115,0,0
1391.156913,3.7398151879451573,342.638,357.076,0,0
1391.2569099999998,5.235353582704421,342.726,356.978,0,0
1391.356909,3.609523632699984,342.646,357.114,0,0
1391.456905,2.9873934409462604,342.562,357.068,0,0
1391.5568970000002,3.371430775015449,342.615,357.099,0,0
1391.6568929999999,3.5111185022815636,342.615,357.075,0,0
1391.7568919999999,0.9960900137959753,342.502,357.305,0,0
1391.856886,1.5865735871974054,342.543,357.278,0,0
1391.956888,1.370852660955271,342.542,357.314,0,0
1392.056884,1.886871167763412,342.539,357.219,0,0
1392.156885,1.0056718176216555,342.418,357.15,0,0
1392.256878,2.095440320360174,342.541,357.187,0,0
1392.356878,0.8627069569059391,342.496,357.319,0,0
1392.456877,1.9649117637748794,342.568,357.26,0,0
1392.556875,2.187842925636531,342.515,357.124,0,0
1392.6568710000001,0.09923624623423952,342.457,357.381,0,0
1392.756871,1.7936775140956522,342.435,357.046,0,0
1392.856865,0.7816015363586248,342.475,357.296,0,0
1392.9568629999999,3.651824383713113,342.693,357.198,0,0
1393.056862,0.9795537569444916,342.576,357.448,0,0
1393.15686,1.720440339532409,342.491,357.163,0,0
1393.256861,0.4254185896958801,342.42,357.258,0,0
1393.356854,1.0478752584991118,342.42,357.15,0,0
1393.456853,0.9181254929936891,342.438,357.206,0,0
1393.556851,1.458713956496704,342.502,357.23,0,0
1393.656851,4.0608949759423885,342.699,357.14,0,0
1393.75685,4.436209796634508,342.724,357.121,0,0
1393.8568500000001,3.3143306680279,342.571,357.035,0,0
1393.9568430000002,2.4634268517823363,342.567,357.176,0,0
1394.056846,2.7796135332251684,342.7,357.366,0,0
1394.1568430000002,2.435657570359027,342.601,357.244,0,0
1394.256842,1.765678423363348,342.594,357.348,0,0
1394.356838,2.6081542568161353,342.561,357.141,0,0
1394.4568330000002,1.7473689232804996,342.549,357.269,0,0
1394.556832,0.48910414152912385,342.538,357.468,0,0
1394.656828,4.029243827107632,342.715,357.178,0,0
1394.7568270000002,4.950308838884512,342.759,357.099,0,0
1394.856827,3.816654336998155,342.725,357.234,0,0
1394.956827,2.4483371035502075,342.565,357.178,0,0
1395.056824,0.339296942553811,342.448,357.33,0,0
1395.156822,2.8867770328555764,342.617,357.198,0,0
1395.256817,3.944141659758068,342.719,357.202,0,0
1395.3568160000002,3.579481100587195,342.655,357.148,0,0
1395.456815,1.6543420378712301,342.563,357.314,0,0
1395.5568130000001,1.4322369090810314,342.444,357.134,0,0
1395.656808,-0.6880593702924812,342.308,357.253,0,0
1395.75681,0.25276975790184164,342.368,357.2,0,0
1395.856804,-0.17351923494385504,342.346,357.234,0,0
1395.9568000000002,0.21442753754276783,342.401,357.268,0,0
1396.0568030000002,1.7154774704206104,342.508,357.204,0,0
1396.156797,3.8880019609688046,342.691,357.163,0,0
1396.256801,2.3488700868984345,342.548,357.168,0,0
1396.3567919999998,3.0903858838672464,342.606,357.146,0,0
1396.456794,2.5841229907937007,342.521,357.078,0,0
1396.556794,1.483805460278775,342.482,357.198,0,0
1396.656792,1.9584266101133645,342.524,357.193,0,0
1396.756787,1.127082093158494,342.48,357.257,0,0
1396.856787,2.2807977112314957,342.521,357.132,0,0
1396.9567860000002,2.120008037112329,342.554,357.221,0,0
1397.056778,2.5111806431027945,342.593,357.225,0,0
1397.1567790000001,1.166048289372216,342.514,357.314,0,0
1397.256773,1.2110444813843684,342.467,357.22,0,0
1397.356777,2.1100310417330848,342.535,357.189,0,0
1397.456771,2.183070833464275,342.495,357.103,0,0
1397.556771,1.2002312659599657,342.447,357.186,0,0
1397.656765,-1.0996139138281769,342.325,357.362,0,0
1397.756764,0.0954584529909836,342.421,357.331,0,0
1397.8567639999999,1.2617946841834597,342.517,357.305,0,0
1397.956761,2.3360234831252273,342.432,356.962,0,0
1398.056763,0.140051100103855,342.397,357.28,0,0
1398.156756,0.0036578822915200853,342.366,357.247,0,0
1398.256758,1.7959889367883375,342.45,357.09,0,0
1398.356754,0.7940571637886984,342.429,357.226,0,0
1398.456751,3.306806451424443,342.642,357.181,0,0
1398.556749,3.089475930893806,342.649,357.232,0,0
1398.6567479999999,2.5066599342620006,342.566,357.181,0,0
1398.756743,2.6778255906905652,342.613,357.238,0,0
1398.8567409999998,0.1596508218609495,342.341,357.176,0,0
1398.956742,0.979789421240885,342.401,357.144,0,0
1399.056738,1.5003571604603372,342.518,357.269,0,0
1399.156739,1.5635052817392778,342.495,357.216,0,0
1399.256737,1.6907605845737563,342.546,357.288,0,0
1399.356734,4.177999478766599,342.743,357.218,0,0
1399.456731,4.567831190718784,342.696,357.064,0,0
1399.5567290000001,2.0537696776837797,342.482,357.108,0,0
1399.656727,2.478009234387802,342.61,357.27,0,0
1399.756723,3.6103282674440904,342.693,357.226,0,0
1399.856724,2.681303888657175,342.599,357.215,0,0
1399.956721,1.8904297309002394,342.536,357.237,0,0
1400.056713,2.8441514341438,342.557,357.11,0,0
1400.156714,2.397808852019932,342.663,357.383,0,0
1400.2567099999999,2.1402808760767678,342.595,357.303,0,0
1400.356708,2.3123889739682872,342.591,357.266,0,0
1400.456703,-0.49082007553939083,342.254,357.134,0,0
1400.556702,0.7014720277859475,342.403,357.201,0,0
1400.6566950000001,1.566247090776481,342.377,357.003,0,0
1400.756693,2.6631740211290396,342.436,356.921,0,0
1400.856689,0.7111088266167684,342.417,357.226,0,0
1400.956688,2.8016265471941617,342.458,356.938,0,0
1401.056683,0.21351182685799172,342.312,357.12,0,0
1401.156679,0.7988912709568655,342.471,357.311,0,0
1401.2566729999999,3.2509656992928675,342.65,357.214,0,0
1401.356669,3.204430187077356,342.69,357.296,0,0
1401.4566710000001,3.87400528619861,342.72,357.235,0,0
1401.5566640000002,2.7258937549890794,342.633,357.275,0,0
1401.656661,6.14159990848893,342.964,357.29,0,0
1401.756658,4.865490648717817,342.76,357.137,0,0
1401.8566580000002,4.28907287656895,342.77,357.256,0,0
1401.956649,5.668524204464981,342.853,357.169,0,0
1402.056647,2.139983973643472,342.586,357.292,0,0
1402.156649,3.6720783973955107,342.678,357.195,0,0
1402.256643,4.081880643819898,342.703,357.17,0,0
1402.356635,1.6542887100059076,342.42,357.072,0,0
1402.456638,3.8392200319036887,342.627,357.073,0,0
1402.556633,0.8428463113195861,342.425,357.223,0,0
1402.656627,1.3758951045862073,342.391,357.068,0,0
1402.7566270000002,2.419441914313204,342.558,357.194,0,0
1402.85662,0.19388037336423722,342.374,357.243,0,0
1402.956615,-0.4252678741108561,342.318,357.248,0,0
1403.0566159999998,1.0638146765983538,342.463,357.256,0,0
1403.156609,1.2145693855380062,342.401,357.116,0,0
1403.256609,2.157913118510696,342.502,357.138,0,0
1403.356603,1.1502364638315432,342.481,357.275,0,0
1403.456604,1.9451369496216355,342.431,357.045,0,0
1403.556599,2.0174545351652418,342.473,357.11,0,0
1403.656594,3.456641271794249,342.641,357.169,0,0
1403.7565900000002,4.710563439424258,342.748,357.148,0,0
1403.8565859999999,9.923944638425304,343.224,357.117,0,0
1403.956584,11.297628174824101,343.357,357.123,0,0
1404.056582,10.230931729147692,343.194,357.009,0,0
1404.156577,9.67358585665208,343.227,357.167,0,0
1404.256574,8.439494378267542,343.146,357.233,0,0
1404.356572,8.041512770698697,343.062,357.148,0,0
1404.456568,6.5511009459009255,342.966,357.231,0,0
1404.556562,6.829865052512144,342.996,357.238,0,0
1404.656565,6.510093732576471,342.802,356.937,0,0
1404.756555,4.835066745614868,342.738,357.111,0,0
1404.8565560000002,2.8046527288275156,342.623,357.253,0,0
1404.95655,2.9693922133700155,342.652,357.278,0,0
1405.056547,3.196463897045543,342.607,357.156,0,0
1405.156548,5.698176569210319,342.832,357.135,0,0
1405.25654,6.377191330665672,342.833,357.019,0,0
1405.356535,5.8483441236601745,342.885,357.207,0,0
1405.4565360000001,6.040694518172164,342.859,357.126,0,0
1405.556533,6.656922824941762,342.922,357.135,0,0
1405.6565249999999,6.901398827776182,343.033,357.297,0,0
1405.7565260000001,11.579876358030184,343.397,357.153,0,0
1405.8565179999998,11.21338072077307,343.335,357.103,0,0
1405.956517,8.883666931294657,343.183,357.229,0,0
1406.056511,10.041965171601394,343.269,357.186,0,0
1406.1565079999998,8.504028461539418,343.031,357.016,0,0
1406.256507,7.138671440775254,342.949,357.103,0,0
1406.356505,4.428741610630845,342.748,357.205,0,0
1406.456498,4.941541584686204,342.761,357.14,0,0
1406.5565,7.460723958402078,342.992,357.127,0,0
1406.6564979999998,6.440634480849034,342.972,357.268,0,0
1406.756495,5.931399978844606,342.859,357.149,0,0
1406.856491,5.490645354899279,342.809,357.134,0,0
1406.956482,6.884082971214362,342.983,357.212,0,0
1407.05648,5.170244384825864,342.83,357.229,0,0
1407.156479,7.530127770306283,343.028,357.183,0,0
1407.256474,6.133090951812159,342.843,357.086,0,0
1407.35647,8.954539501402552,343.164,357.186,0,0
1407.456467,12.834616786447668,343.515,357.157,0,0
1407.556464,9.362869689252719,343.23,357.237,0,0
1407.656463,8.57864485025107,343.216,357.348,0,0
1407.7564550000002,8.054257924848496,343.057,357.147,0,0
1407.856454,7.547307737946002,342.979,357.092,0,0
1407.956455,7.409728802334435,343.043,357.234,0,0
1408.056449,6.8020882721156095,342.962,357.191,0,0
1408.1564469999998,9.14750118614587,343.132,357.096,0,0
1408.256442,6.544702499548646,342.927,357.172,0,0
1408.3564410000001,6.826704703174526,342.916,357.103,0,0
1408.456439,5.288942325381377,342.809,357.174,0,0
1408.556435,4.311876822532173,342.711,357.164,0,0
1408.6564329999999,4.210156188638922,342.786,357.32,0,0
1408.7564129999998,4.871010699838019,342.788,357.209,0,0
1408.856428,3.423418752703521,342.558,357.038,0,0
1408.956428,3.05850497920393,342.563,357.111,0,0
1409.056425,4.029277949040316,342.503,356.832,0,0
1409.156422,1.7700911461823545,342.468,357.161,0,0
1409.2564180000002,1.6447215527109087,342.475,357.196,0,0
1409.356412,3.28209876880294,342.59,357.123,0,0
1409.456414,1.5523726264488402,342.498,357.255,0,0
1409.5564069999998,2.105632057286912,342.517,357.194,0,0
1409.656407,5.1448491018159075,342.695,356.993,0,0
1409.756401,5.221520663655165,342.776,357.129,0,0
1409.856399,2.546314056963696,342.556,357.19,0,0
1409.956399,2.724650240497272,342.514,357.082,0,0
1410.056397,1.9976608232431958,342.519,357.218,0,0
1410.156395,0.5082041962952493,342.347,357.161,0,0
1410.25639,0.5627962290485149,342.452,357.345,0,0
1410.356391,1.6609183506258451,342.416,357.088,0,0
1410.456383,2.898511104967251,342.547,357.114,0,0
1410.556381,9.199704184815456,343.09,357.017,0,0
1410.6563840000001,5.92401427638984,342.898,357.234,0,0
1410.7563759999998,6.840952269288066,342.934,357.141,0,0
1410.856372,6.668252570915874,342.88,357.072,0,0
1410.956375,7.196662272281629,342.951,357.111,0,0
1411.0563710000001,6.017784305709165,342.785,357.011,0,0
1411.156366,4.296587696710117,342.64,357.044,0,0
1411.2563659999998,5.630271369619947,342.779,357.068,0,0
1411.3563629999999,7.584667797056975,342.893,356.938,0,0
1411.456358,9.634397040997323,343.172,357.095,0,0
1411.5563570000002,6.315987393725154,342.889,357.152,0,0
1411.6563529999999,7.260265877844471,342.964,357.126,0,0
1411.75635,5.2717200890531215,342.791,357.154,0,0
1411.8563459999998,5.449559258866569,342.837,357.208,0,0
1411.9563489999998,7.74764320700734,342.946,357.009,0,0
1412.0563430000002,6.745317441195801,342.788,356.893,0,0
1412.15634,4.639727315838423,342.686,357.072,0,0
1412.256336,5.0796343413062,342.747,357.108,0,0
1412.356338,3.6315568018505138,342.58,357.053,0,0
1412.4563349999999,3.3900642176556532,342.657,357.237,0,0
1412.556333,2.390455471444204,342.596,357.299,0,0
1412.656329,1.2803286732513874,342.399,357.13,0,0
1412.756326,2.6799818092735355,342.56,357.183,0,0
1412.85632,3.4541814569052596,342.545,357.021,0,0
1412.95632,1.9187050175084635,342.473,357.156,0,0
1413.0563200000001,0.3968228293695581,342.33,357.158,0,0
1413.156318,3.673258600069557,342.575,357.039,0,0
1413.2563089999999,1.9292796244874495,342.486,357.179,0,0
1413.356308,2.9735241794528786,342.646,357.292,0,0
1413.456308,3.38841887420345,342.603,357.141,0,0
1413.556303,2.3090310707304336,342.56,357.25,0,0
1413.656303,5.882667655763796,342.913,357.278,0,0
1413.7562970000001,4.564958817726203,342.698,357.112,0,0
1413.856294,5.394261117978775,342.848,357.244,0,0
1413.956291,1.9092150616264876,342.49,357.192,0,0
1414.05629,5.150929728571788,342.754,357.114,0,0
1414.1562860000001,3.7975795747416328,342.559,356.991,0,0
1414.2562830000002,4.375432153350056,342.595,356.957,0,0
1414.356282,3.000186393374242,342.53,357.077,0,0
1414.456279,1.6513714614072288,342.48,357.22,0,0
1414.556278,3.1434467385973694,342.628,357.233,0,0
1414.656277,0.7864403762027331,342.337,357.108,0,0
1414.756273,2.8058764018298574,342.499,357.055,0,0
1414.85627,1.417079904383853,342.405,357.124,0,0
1414.956269,1.1625246425282552,342.39,357.141,0,0
1415.056263,3.912271609006453,342.664,357.167,0,0
1415.1562620000002,6.426663234713565,342.819,357.015,0,0
1415.256259,1.740661070283004,342.492,357.229,0,0
1415.356257,4.431864273285225,342.586,356.934,0,0
1415.4562509999998,1.6276883047019957,342.375,357.034,0,0
1415.556249,1.0485062543501977,342.413,357.205,0,0
1415.6562509999999,1.264088608354781,342.368,357.085,0,0
1415.756247,1.2679430069718118,342.322,357.0,0,0
1415.856244,0.5347436966594662,342.34,357.161,0,0
1415.956238,2.199247575720907,342.463,357.098,0,0
1416.056242,2.2357132707492893,342.494,357.149,0,0
1416.1562350000002,3.282069594313852,342.558,357.085,0,0
1416.256233,4.4649636090259515,342.661,357.069,0,0
1416.356231,5.161193050386702,342.737,357.088,0,0
1416.4562279999998,4.473766285542606,342.699,357.138,0,0
1416.556225,0.2507260725942083,342.456,357.426,0,0
1416.6562239999998,3.7081203977514536,342.623,357.132,0,0
1416.7562169999999,2.922774143401152,342.554,357.142,0,0
1416.856217,3.5123606050358402,342.571,357.071,0,0
1416.956213,2.0458745172058537,342.449,357.102,0,0
1417.0562080000002,2.392918795953327,342.486,357.11,0,0
1417.156211,1.8937335565916933,342.537,357.291,0,0
1417.2562050000001,2.4054454977298554,342.42,356.987,0,0
1417.356204,1.8161444216421532,342.469,357.18,0,0
1417.456197,3.3339590942210817,342.639,357.229,0,0
1417.556199,2.566818354776837,342.469,357.05,0,0
1417.656193,2.9892480905821732,342.549,357.124,0,0
1417.756189,2.4565320104506965,342.524,357.171,0,0
1417.8561869999999,1.7546349989366647,342.458,357.172,0,0
1417.956189,2.0108929031281884,342.45,357.113,0,0
1418.056182,3.6333379177106657,342.55,357.015,0,0
1418.1561780000002,2.6789954003522554,342.546,357.174,0,0
1418.256178,2.2079298461808428,342.429,357.041,0,0
1418.356177,1.0949917678557148,342.36,357.108,0,0
1418.456172,3.9778577049180917,342.608,357.063,0,0
1418.556173,3.477092856397612,342.592,357.121,0,0
1418.656166,2.6618423902578976,342.568,357.219,0,0
1418.756166,2.6388128864425933,342.495,357.089,0,0
1418.8561599999998,1.7941552663520897,342.428,357.113,0,0
1418.956158,4.999992600615119,342.731,357.113,0,0
1419.0561559999999,5.0242399949938905,342.844,357.317,0,0
1419.156154,7.431059449800426,342.966,357.123,0,0
1419.256148,6.934245332065039,342.852,357.0,0,0
1419.356145,5.921759936182911,342.805,357.09,0,0
1419.4561429999999,5.630656084693308,342.786,357.106,0,0
1419.556143,4.844640222703272,342.674,357.037,0,0
1419.6561399999998,2.9687268048281865,342.541,357.119,0,0
1419.756135,4.371370510506175,342.705,357.177,0,0
1419.8561370000002,3.820937597369082,342.718,357.297,0,0
1419.956129,7.152132196241427,342.866,356.99,0,0
1420.056126,7.955233930674736,343.007,357.11,0,0
1420.156129,8.928036315095744,343.051,357.022,0,0
1420.256124,7.739713882662774,342.939,357.023,0,0
1420.3561240000001,6.05967242221509,342.793,357.047,0,0
1420.456118,6.3138424688550145,342.831,357.073,0,0
1420.556114,4.662732080789811,342.766,357.241,0,0
1420.656112,4.281534570933971,342.695,357.177,0,0
1420.756109,4.790888768775993,342.718,357.131,0,0
1420.856108,1.741857071063319,342.567,357.384,0,0
1420.956108,4.932358549152923,342.718,357.107,0,0
1421.056102,4.776429181232496,342.702,357.105,0,0
1421.156102,4.75543564961218,342.708,357.12,0,0
1421.256094,4.476757836645139,342.663,357.086,0,0
1421.356094,5.486566044563811,342.723,357.021,0,0
1421.456092,3.6322895152712285,342.529,356.987,0,0
1421.5560859999998,1.990617588255402,342.435,357.1,0,0
1421.656085,3.4509727813522537,342.58,357.113,0,0
1421.756085,1.8114115944614857,342.39,357.049,0,0
1421.856078,1.186730755233683,342.39,357.158,0,0
1421.9560789999998,1.6560713918338463,342.444,357.176,0,0
1422.056075,2.9157819807696868,342.476,357.016,0,0
1422.1560709999999,3.925071016957792,342.674,357.205,0,0
1422.2560660000001,5.445215028423587,342.779,357.134,0,0
1422.356065,8.214772409107308,342.969,357.002,0,0
1422.4560649999999,9.104527714813432,343.147,357.175,0,0
1422.5560600000001,12.424597186427746,343.507,357.26,0,0
1422.65606,12.261362836445963,343.374,357.044,0,0
1422.7560549999998,11.295105871419992,343.283,357.045,0,0
1422.856055,6.759455618252722,342.955,357.231,0,0
1422.956053,10.816589923321573,343.226,357.024,0,0
1423.0560500000001,6.803440721984895,342.986,357.281,0,0
1423.156044,6.628062589018588,342.76,356.896,0,0
1423.256042,4.30160404309542,342.542,356.9,0,0
1423.3560400000001,5.107445708304423,342.73,357.106,0,0
1423.4560390000001,4.663289647770531,342.59,356.926,0,0
1423.556034,4.3296840756071475,342.511,356.839,0,0
1423.656031,1.2061884779262595,342.316,357.024,0,0
1423.756027,2.6061065797702243,342.408,356.95,0,0
1423.856028,4.497516687867282,342.528,356.842,0,0
1423.956021,4.303165536206198,342.585,356.981,0,0
1424.05602,8.516579890557484,342.961,356.94,0,0
1424.156011,9.169573343537134,343.084,357.053,0,0
1424.256006,10.889984170705592,343.115,356.811,0,0
1424.3560009999999,9.076816378516261,343.02,356.952,0,0
1424.455997,7.192408830544181,342.865,356.995,0,0
1424.555994,5.356230576605366,342.82,357.232,0,0
1424.655989,6.727694260242044,342.793,356.944,0,0
1424.7559860000001,5.729920476644158,342.755,357.048,0,0
1424.8559790000002,5.260903585953155,342.692,357.014,0,0
1424.955978,5.070535984289572,342.576,356.834,0,0
1425.0559739999999,4.117820256421812,342.539,356.932,0,0
1425.155967,5.4625611388446975,342.641,356.886,0,0
1425.255959,3.9167756703640553,342.499,356.894,0,0
1425.3559539999999,6.169775485116713,342.682,356.839,0,0
1425.455952,7.98598514366945,342.865,356.86,0,0
1425.5559509999998,9.159239922674011,342.941,356.796,0,0
1425.6559439999999,8.66995116199284,342.975,356.944,0,0
1425.755942,8.284405049456744,342.865,356.809,0,0
1425.8559369999998,7.401565742425531,342.852,356.939,0,0
1425.955933,8.925824452671963,343.015,356.974,0,0
1426.0559250000001,4.411822409694583,342.601,356.998,0,0
1426.15592,5.67818053169936,342.682,356.927,0,0
1426.2559199999998,8.557110565304168,343.003,357.017,0,0
1426.35591,5.746045191767109,342.787,357.109,0,0
1426.455906,8.21286235189798,342.925,356.934,0,0
1426.5559010000002,8.171653129510943,342.903,356.901,0,0
1426.6559,4.641057376743261,342.632,357.017,0,0
1426.755892,4.9924572507302845,342.708,357.096,0,0
1426.8558859999998,6.5413612655253335,342.763,356.928,0,0
1426.955882,8.835934672047946,343.032,357.024,0,0
1427.055881,5.109922126217847,342.786,357.22,0,0
1427.155872,6.807994735329919,342.91,357.153,0,0
1427.255868,7.138971083448374,342.902,357.081,0,0
1427.355869,6.1851308844057025,342.81,357.078,0,0
1427.455858,6.282072227106911,342.819,357.078,0,0
1427.555857,5.662957415044628,342.713,356.991,0,0
1427.6558559999999,4.51229331408356,342.71,357.186,0,0
1427.7558470000001,2.8612187104928566,342.57,357.216,0,0
1427.855845,1.3570182134345823,342.489,357.329,0,0
1427.95584,3.6969854592386895,342.515,356.97,0,0
1428.055832,3.7994362709454452,342.543,357.004,0,0
1428.155831,1.7876496282396208,342.439,357.163,0,0
1428.255829,2.8524224377187095,342.458,357.013,0,0
1428.355822,2.9534771995660054,342.525,357.119,0,0
1428.455813,4.989468683368533,342.694,357.076,0,0
1428.555811,2.178177203503473,342.472,357.157,0,0
1428.6558089999999,3.4665947212410706,342.579,357.13,0,0
1428.755804,2.9180599796275515,342.465,357.016,0,0
1428.855801,3.5740646721389084,342.541,357.042,0,0
1428.9557960000002,1.0889481802960896,342.408,357.23,0,0
1429.055788,2.930031649884137,342.489,357.059,0,0
1429.1557819999998,2.7766279986681135,342.489,357.086,0,0
1429.255778,2.8328417887672233,342.586,357.255,0,0
1429.355775,1.81854280016548,342.491,357.257,0,0
1429.4557690000001,1.0065336828829916,342.426,357.279,0,0
1429.555768,-1.0919154855356512,342.31,357.431,0,0
1429.655759,3.4178576490184027,342.62,357.217,0,0
1429.755755,3.4727728078697826,342.531,357.044,0,0
1429.855749,1.4274342498118222,342.401,357.161,0,0
1429.955746,1.7584551615994943,342.293,356.905,0,0
1430.055746,2.359488307440534,342.435,357.062,0,0
1430.155736,3.3531844564737043,342.55,357.101,0,0
1430.2557339999998,4.615420844066295,342.598,356.97,0,0
1430.35573,2.543175524281624,342.491,357.134,0,0
1430.455723,2.353459865165913,342.468,357.125,0,0
1430.55572,3.6908326409791017,342.603,357.141,0,0
1430.6557169999999,1.9673724156512704,342.398,357.064,0,0
1430.755714,2.072368093833288,342.392,357.035,0,0
1430.8557039999998,2.5109417378377126,342.367,356.913,0,0
1430.955699,1.6450760185922924,342.448,357.213,0,0
1431.0557,2.2926070608387747,342.452,357.108,0,0
1431.15569,1.263372468008628,342.342,357.085,0,0
1431.255685,2.2683255989988447,342.476,357.157,0,0
1431.355683,3.5638770340475623,342.569,357.103,0,0
1431.455678,2.715545460981802,342.506,357.135,0,0
1431.5556729999998,0.44079433826450376,342.338,357.222,0,0
1431.655673,0.7322564949049983,342.273,357.052,0,0
1431.755666,2.997630524363017,342.555,357.177,0,0
1431.855661,1.8371514499326977,342.394,357.083,0,0
1431.955658,1.8023090562641775,342.54,357.358,0,0
1432.0556589999999,4.143826150179164,342.708,357.26,0,0
1432.1556620000001,3.7033001818567737,342.689,357.302,0,0
1432.255657,-0.39031686043713415,342.474,357.619,0,0
1432.355658,1.7298828746824289,342.489,357.278,0,0
1432.455657,2.2295881730452103,342.51,357.23,0,0
1432.555652,3.5102254209056283,342.538,357.059,0,0
1432.655652,0.9708745650604766,342.364,357.181,0,0
1432.755656,2.584094408907485,342.549,357.241,0,0
1432.8556529999998,3.7516270123380093,342.575,357.086,0,0
1432.9556499999999,2.0805316597762085,342.488,357.217,0,0
1433.055653,2.8579664581086712,342.457,357.025,0,0
1433.1556480000002,0.7443228522004208,342.395,357.279,0,0
1433.2556470000002,2.842876149816608,342.496,357.1,0,0
1433.355648,3.176583010247225,342.56,357.16,0,0
1433.4556499999999,4.088932031882677,342.601,357.077,0,0
1433.555645,3.6249738533703337,342.545,357.055,0,0
1433.655649,4.897515894444288,342.688,357.097,0,0
1433.755648,3.3158765683757054,342.535,357.091,0,0
1433.855645,2.938798236857509,342.522,357.133,0,0
1433.9556470000002,3.8316003896097226,342.578,357.081,0,0
1434.055642,3.8338291564592923,342.59,357.103,0,0
1434.155646,4.1595270868739656,342.569,357.008,0,0
1434.2556399999999,4.886287076589377,342.768,357.248,0,0
1434.35564,4.115896468229467,342.689,357.237,0,0
1434.455639,3.2204628148434065,342.571,357.176,0,0
1434.555643,3.4847704590410955,342.573,357.134,0,0
1434.65564,2.210462782379691,342.492,357.207,0,0
1434.755635,3.0685652710451135,342.517,357.104,0,0
1434.8556370000001,3.352853084534429,342.566,357.145,0,0
1434.9556380000001,1.4086620102697613,342.451,357.272,0,0
1435.055639,2.3104048368855747,342.566,357.327,0,0
1435.155637,2.108504319764045,342.55,357.333,0,0
1435.2556319999999,1.440233057727169,342.36,357.1,0,0
1435.355636,1.0132595665417825,342.37,357.193,0,0
1435.455632,1.190482164157291,342.273,356.984,0,0
1435.5556299999998,1.687201648798554,342.291,356.931,0,0
1435.655631,1.9091577255468266,342.414,357.119,0,0
1435.7556299999999,1.2279852653655214,342.288,357.006,0,0
1435.855629,-0.2667950266760286,342.228,357.156,0,0
1435.955632,1.4896527357285494,342.401,357.169,0,0
1436.0556299999998,4.478098771688602,342.528,356.883,0,0
1436.15563,3.9492663218307387,342.58,357.071,0,0
1436.255629,2.963944954696051,342.466,357.033,0,0
1436.355629,3.3130549592034004,342.532,357.094,0,0
1436.455626,0.5638395694578449,342.305,357.155,0,0
1436.555622,1.7306703975984672,342.363,357.059,0,0
1436.6556229999999,3.3862332589349458,342.452,356.935,0,0
1436.755625,3.046616284464501,342.467,357.022,0,0
1436.855619,5.023082946300543,342.607,356.936,0,0
1436.9556200000002,4.063478433564278,342.565,357.026,0,0
1437.055618,1.2967727001471487,342.382,357.171,0,0
1437.15562,3.844976401441953,342.519,356.98,0,0
1437.2556200000001,3.58305020273843,342.562,357.105,0,0
1437.355619,2.640709196210503,342.47,357.1,0,0
1437.455616,4.214901827349471,342.535,356.946,0,0
1437.555614,2.5383319910253244,342.354,356.905,0,0
1437.6556170000001,1.5669844399813817,342.356,357.078,0,0
1437.755612,1.5127490760743192,342.167,356.74,0,0
1437.855615,2.8291280274053867,342.481,357.089,0,0
1437.955611,1.5580797215760422,342.309,356.994,0,0
1438.0556119999999,2.0030644671719258,342.352,356.996,0,0
1438.155613,4.35974808389131,342.541,356.934,0,0
1438.255615,3.954379498737635,342.565,357.049,0,0
1438.355611,4.669906728707844,342.695,357.164,0,0
1438.4556089999999,4.944801420863304,342.673,357.076,0,0
1438.5556100000001,9.228347679880482,343.029,356.986,0,0
1438.6556070000001,14.503796193890986,343.55,357.027,0,0
1438.755606,16.3080955637289,343.646,356.89,0,0
1438.855607,20.656214554689793,344.063,356.901,0,0
1438.955607,20.93332837918796,344.226,357.153,0,0
1439.055606,20.171501273613917,344.019,356.905,0,0
1439.155603,18.8711870555026,344.01,357.115,0,0
1439.255607,18.69438808844939,343.898,356.94,0,0
1439.355607,17.499353508822082,343.912,357.174,0,0
1439.4556049999999,16.770873547142294,343.675,356.865,0,0
1439.555605,11.656156172617367,343.308,357.08,0,0
1439.655599,12.153126454996048,343.282,356.946,0,0
1439.755601,10.201144789343669,343.113,356.975,0,0
1439.8556,9.210727322723539,343.092,357.109,0,0
1439.955596,7.285674311296968,342.85,356.999,0,0
1440.0555889999998,7.728159630196288,342.827,356.88,0,0
1440.1555859999999,8.551792088620026,342.827,356.737,0,0
1440.2555849999999,6.505083974061728,342.686,356.834,0,0
1440.3555789999998,4.039747272863643,342.544,357.002,0,0
1440.455579,4.001770112494008,342.506,356.939,0,0
1440.555571,3.4812736039032854,342.424,356.879,0,0
1440.655567,4.335882973759031,342.559,356.979,0,0
1440.755566,3.740207158033301,342.49,356.956,0,0
1440.855564,2.1454748271507147,342.32,356.921,0,0
1440.95556,3.815034349996379,342.475,356.916,0,0
1441.055554,0.18788954292563878,342.209,357.058,0,0
1441.155551,3.1339859419385325,342.457,357.002,0,0
1441.255546,1.451876227500748,342.332,357.065,0,0
1441.355544,3.960338200999733,342.406,356.765,0,0
1441.455541,1.9149619351033897,342.376,357.066,0,0
1441.5555379999998,4.4318987518192925,342.522,356.897,0,0
1441.655532,0.9926164368636579,342.158,356.826,0,0
1441.7555260000001,1.279418426369659,342.248,356.942,0,0
1441.855522,3.6622855972833483,342.496,356.984,0,0
1441.95552,1.8923766073996635,342.329,356.985,0,0
1442.055514,1.6031342165154794,342.283,356.951,0,0
1442.155514,1.9471816104503246,342.367,357.046,0,0
1442.2555109999998,5.156515111277944,342.585,356.889,0,0
1442.3555020000001,3.817638387222539,342.443,356.861,0,0
1442.455505,4.036859379925186,342.519,356.963,0,0
1442.555495,3.4926929402643383,342.419,356.874,0,0
1442.655493,1.2101542484931183,342.197,356.863,0,0
1442.75549,2.343846721903754,342.341,356.931,0,0
1442.855484,2.302666846003056,342.269,356.806,0,0
1442.95548,1.7485864630864514,342.236,356.842,0,0
1443.0554809999999,2.338618345458609,342.315,356.885,0,0
1443.155477,2.0921074245811244,342.335,356.965,0,0
1443.25547,2.261713994870593,342.315,356.899,0,0
1443.35547,3.5727053399481195,342.335,356.708,0,0
1443.455464,2.076099393083437,342.252,356.816,0,0
1443.555461,2.285222529400559,342.289,356.848,0,0
1443.655455,3.660732420959085,342.495,356.988,0,0
1443.755451,7.414669040548121,342.727,356.762,0,0
1443.8554490000001,9.806455731889358,343.084,357.003,0,0
1443.955445,13.88725999442207,343.398,356.871,0,0
1444.0554410000002,17.49497225534561,343.664,356.733,0,0
1444.15544,16.896235072070176,343.767,357.027,0,0
1444.255432,16.965216641147688,343.594,356.697,0,0
1444.3554339999998,16.00400296273202,343.56,356.802,0,0
1444.45543,16.84897044863813,343.668,356.854,0,0
1444.555427,13.238149081050754,343.403,356.995,0,0
1444.655419,12.15421930882661,343.265,356.93,0,0
1444.7554169999999,11.175320255829964,343.194,356.97,0,0
1444.8554120000001,12.500296118612315,343.305,356.944,0,0
1444.955405,11.216176352197065,343.066,356.728,0,0
1445.0554040000002,10.413980801391967,343.184,357.085,0,0
1445.1553999999999,10.905466223479936,343.089,356.825,0,0
1445.2553970000001,10.354374213554777,343.059,356.866,0,0
1445.3553940000002,10.4625805567547,343.087,356.899,0,0
1445.455388,8.07866007053579,342.869,356.913,0,0
1445.555382,7.736081485378909,342.831,356.903,0,0
1445.655385,7.129822754704083,342.786,356.926,0,0
1445.755381,4.824523826931223,342.57,356.93,0,0
1445.8553729999999,5.149058170062129,342.594,356.918,0,0
1445.955373,2.8421575354756503,342.361,356.891,0,0
1446.055365,4.977938555639451,342.509,356.792,0,0
1446.1553629999999,3.18246664984203,342.451,356.998,0,0
1446.255359,2.7226166099199,342.478,357.128,0,0
1446.355352,1.6552583142766968,342.297,356.981,0,0
1446.455348,4.612440358827695,342.433,356.717,0,0
1446.555348,0.8981372193619234,342.243,357.014,0,0
1446.655345,3.509088752796478,342.418,356.882,0,0
1446.7553400000002,2.649497242389885,342.361,356.927,0,0
1446.8553359999999,2.3657554727506676,342.359,356.973,0,0
1446.95533,3.1958094015283964,342.402,356.908,0,0
1447.055328,2.2201800755340124,342.215,356.734,0,0
1447.155328,1.9750348807802343,342.271,356.88,0,0
1447.255318,1.563933917442347,342.27,356.95,0,0
1447.355315,1.1190640133103558,342.212,356.921,0,0
1447.4553119999998,1.5539332352647663,342.266,356.945,0,0
1447.555311,-0.019657744924801168,342.123,356.956,0,0
1447.65531,1.813555253306858,342.35,357.055,0,0
1447.755304,1.1385793977942154,342.261,357.009,0,0
1447.855299,2.0798986099423704,342.308,356.932,0,0
1447.9552979999999,0.9102165069219406,342.182,356.904,0,0
1448.055295,0.8506285066285242,342.155,356.865,0,0
1448.155291,2.155799100235649,342.35,356.997,0,0
1448.255285,1.2741717582595338,342.217,356.906,0,0
1448.355284,0.9366058659039335,342.286,357.092,0,0
1448.4552800000001,6.547011620593978,342.799,357.06,0,0
1448.555278,12.785511777759407,343.229,356.766,0,0
1448.6552749999998,13.238997866202716,343.294,356.807,0,0
1448.755269,10.929738984197432,343.201,357.038,0,0
1448.855265,11.48900249023998,343.201,356.941,0,0
1448.955267,7.603030089784706,342.879,357.025,0,0
1449.055263,6.76642864500584,342.822,357.066,0,0
1449.15526,6.400429897671898,342.722,356.946,0,0
1449.2552520000002,5.628888100684295,342.663,356.972,0,0
1449.355254,7.000774943814548,342.748,356.89,0,0
1449.455253,5.8087864701507925,342.64,356.899,0,0
1449.555244,4.6280650877990634,342.526,356.895,0,0
1449.655241,3.4987876492060748,342.531,357.101,0,0
1449.75524,3.7886348563414214,342.499,356.992,0,0
1449.8552379999999,2.2823883237156637,342.389,357.052,0,0
1449.9552350000001,3.8524523176209233,342.446,356.884,0,0
1450.055229,2.8192870413946975,342.409,356.996,0,0
1450.15523,3.0615114159099197,342.46,357.048,0,0
1450.2552269999999,1.1104762503031937,342.24,356.983,0,0
1450.355225,3.474309035972856,342.39,356.848,0,0
1450.455218,1.8353999534130272,342.318,357.001,0,0
1450.555216,5.307465311075582,342.619,356.951,1,0
1450.655214,4.880509770266211,342.604,356.998,0,0
1450.755208,5.020885851962082,342.672,357.099,0,0
1450.8552069999998,5.893694257529821,342.731,357.056,0,0
1450.955201,7.763729999521072,342.868,356.983,0,0
1451.055201,8.25561879011028,342.91,356.975,0,0
1451.1552,9.508167332539603,343.056,357.026,0,0
1451.2551910000002,8.089731812160352,342.963,357.102,0,0
1451.355194,8.276811403669017,342.949,357.044,0,0
1451.45519,8.34502803937634,342.958,357.049,0,0
1451.5551839999998,7.66019381795065,342.811,356.898,0,0
1451.655182,6.188637239022291,342.757,357.055,0,0
1451.7551799999999,11.21561850552157,343.192,356.981,0,0
1451.8551750000001,11.625411901846745,343.292,357.094,0,0
1451.9551740000002,10.488602441092656,343.174,357.075,0,0
1452.055172,9.664644213934677,343.122,357.123,0,0
1452.155168,11.90844601919981,343.34,357.134,0,0
1452.25516,7.838130355435911,342.956,357.136,0,0
1452.355163,7.83810580243519,342.883,357.002,0,0
1452.455159,9.420325689357554,343.008,356.957,0,0
1452.5551540000001,9.44282464561302,342.948,356.843,0,0
1452.6551510000002,7.61636828434743,342.78,356.852,0,0
1452.7551440000002,4.358426943107389,342.525,356.95,0,0
1452.8551470000002,3.4785986530253306,342.49,357.039,0,0
1452.955139,4.113021918438229,342.527,356.997,0,0
1453.055137,5.036647331257576,342.562,356.901,0,0
1453.155133,3.6145328324855117,342.473,356.985,0,0
1453.2551310000001,3.000040946084853,342.337,356.842,0,0
1453.355127,2.655377173559617,342.345,356.917,0,0
1453.455128,4.062875029342556,342.485,356.93,0,0
1453.5551200000002,3.467887020830993,342.434,356.94,0,0
1453.6551180000001,2.749934183447751,342.323,356.861,0,0
1453.7551170000002,3.1733011198042553,342.402,356.933,0,0
1453.855112,4.945645980166096,342.514,356.831,0,0
1453.955109,0.4532175450083859,342.214,357.061,0,0
1454.05511,3.3982160901593574,342.357,356.812,0,0
1454.155105,2.4807010842402146,342.288,356.845,0,0
1454.255104,2.9939568240458025,342.363,356.894,0,0
1454.3550970000001,3.085888879887199,342.29,356.744,0,0
1454.455097,4.184605643051279,342.522,356.98,0,0
1454.55509,4.331217775130985,342.527,356.964,0,0
1454.655086,2.6303032647899074,342.31,356.861,0,0
1454.7550840000001,0.9148638269934776,342.19,356.939,0,0
1454.85508,3.005785989886249,342.418,356.995,0,0
1454.9550789999998,1.8186165455845251,342.336,357.051,0,0
1455.0550759999999,3.032105127325473,342.437,357.026,0,0
1455.15507,2.385868966218506,342.348,356.975,0,0
1455.2550700000002,4.757940756600224,342.589,357.006,0,0
1455.355066,4.929587924902441,342.648,357.085,0,0
1455.455067,6.336859430187234,342.782,357.087,0,0
1455.555057,7.0857849186863175,342.782,356.957,0,0
1455.655059,6.403669484603542,342.732,356.984,0,0
1455.7550560000002,5.1937495304937915,342.631,357.009,0,0
1455.855049,6.005635115447674,342.7,356.995,0,0
1455.955046,5.354117548225347,342.598,356.921,0,0
1456.0550449999998,4.24306977133022,342.452,356.846,0,0
1456.155045,4.097244597236811,342.5,356.96,0,0
1456.255041,2.086867413260865,342.357,357.047,0,0
1456.3550349999998,1.0569196703521384,342.329,357.175,0,0
1456.4550290000002,4.017764732805824,342.511,356.995,0,0
1456.5550309999999,3.0675967085476135,342.465,357.076,0,0
1456.655029,2.35035961447007,342.297,356.892,0,0
1456.755024,3.617868693768098,342.408,356.876,0,0
1456.8550209999999,4.260335697557975,342.455,356.851,0,0
1456.955013,5.366651534682568,342.66,357.036,0,0
1457.055015,5.330284125683843,342.639,357.004,0,0
1457.1550109999998,7.121950372157256,342.73,356.86,0,0
1457.255003,6.498877341451931,342.772,357.046,0,0
1457.355002,5.486193511173801,342.694,357.079,0,0
1457.455003,5.997686523165816,342.596,356.81,0,0
1457.5549939999999,5.5068001410729135,342.638,356.973,0,0
1457.654992,6.130651240304327,342.674,356.931,0,0
1457.754987,4.71654825549919,342.67,357.17,0,0
1457.8549850000002,4.872870609252049,342.552,356.926,0,0
1457.954983,4.233054145337018,342.506,356.953,0,0
1458.054977,2.6622171882640813,342.385,357.004,0,0
1458.1549750000001,3.652474055715339,342.51,357.062,0,0
1458.254976,6.948489190658897,342.715,356.866,0,0
1458.354969,4.756485009698522,342.607,357.049,0,0
1458.454971,6.862172096366012,342.719,356.889,0,0
1458.554965,3.7345800504263056,342.466,356.968,0,0
1458.654958,4.06692415274395,342.519,357.008,0,0
1458.754955,3.0834317351309632,342.453,357.058,0,0
1458.854954,2.0668521691621464,342.348,357.042,0,0
1458.95495,1.5550340352459415,342.419,357.262,0,0
1459.054945,3.1448983168085833,342.417,356.982,0,0
1459.154944,2.9147059172560246,342.463,357.107,0,0
1459.254942,1.9201738602372804,342.409,357.181,0,0
1459.354941,4.433471601032724,342.484,356.882,0,0
1459.454935,2.1069868611087155,342.366,357.07,0,0
1459.554934,3.2152089244391067,342.419,356.975,0,0
1459.6549280000002,2.8119283985685013,342.422,357.051,0,0
1459.754927,3.00199914641943,342.411,356.998,0,0
1459.854922,4.881661153816696,342.625,357.065,0,0
1459.954921,3.67219780198414,342.536,357.112,0,0
1460.054917,3.3675946535525627,342.413,356.939,0,0
1460.15491,4.071183059748497,342.531,357.034,0,0
1460.254913,5.475047454827108,342.575,356.871,0,0
1460.354909,3.2138717242196613,342.411,356.963,0,0
1460.454901,1.5834745520743383,342.336,357.109,0,0
1460.5548970000002,1.825281600690761,342.3,357.001,0,0
1460.654896,3.093236360434016,342.448,357.053,0,0
1460.7548929999998,3.5809951185948528,342.482,357.031,0,0
1460.854894,3.5356784962281202,342.427,356.938,0,0
1460.9548889999999,2.600437938957645,342.421,357.09,0,0
1461.054886,1.5268415586055948,342.328,357.106,0,0
1461.154879,1.106103522224303,342.3,357.128,0,0
1461.254876,1.6143512443876786,342.268,356.981,0,0
1461.354873,0.7427959569536551,342.249,357.098,0,0
1461.454873,0.4981337263711531,342.267,357.174,0,0
1461.554869,0.7378415225927291,342.302,357.197,0,0
1461.654864,1.7182506394151231,342.344,357.104,0,0
1461.754859,0.22216201235079255,342.148,357.004,0,0
1461.854859,-1.2438589612562299,342.063,357.103,0,0
1461.9548559999998,2.801745226898972,342.459,357.128,0,0
1462.054854,2.8488503626263,342.391,356.995,0,0
1462.154846,4.58896694536779,342.613,357.101,0,0
1462.254845,3.6893686133229346,342.587,357.21,0,0
1462.354846,3.258359799037196,342.389,356.921,0,0
1462.454837,4.305625564655279,342.527,356.993,0,0
1462.5548370000001,2.734357877124377,342.344,356.93,0,0
1462.654832,2.814734503715371,342.421,357.058,0,0
1462.75483,1.9340124294025869,342.337,357.057,0,0
1462.854825,0.5548715060606928,342.295,357.22,0,0
1462.954823,3.4164363757738982,342.41,356.934,0,0
1463.05482,1.6205070192567235,342.365,357.164,0,0
1463.154813,2.6747217535728782,342.383,357.014,0,0
1463.254813,2.738592991189724,342.353,356.948,0,0
1463.3548119999998,-0.6294716199867683,342.124,357.113,0,0
1463.454807,0.22448824307840398,342.191,357.088,0,0
1463.554804,1.952255996523807,342.264,356.922,0,0
1463.654798,3.025249682900381,342.449,357.076,0,0
1463.754798,2.8252026931584053,342.431,357.078,0,0
1463.854796,3.0242587850555442,342.379,356.948,0,0
1463.954791,2.344907107426574,342.326,356.969,0,0
1464.054789,2.0528611166262634,342.408,357.171,0,0
1464.154786,1.3521441119215392,342.322,357.135,0,0
1464.2547849999999,0.6622506046413226,342.193,357.018,0,0
1464.3547760000001,1.9219703053572927,342.25,356.904,0,0
1464.454777,1.102607113154742,342.218,356.988,0,0
1464.554774,1.3549689194974575,342.233,356.972,0,0
1464.654771,3.0307306558451,342.425,357.034,0,0
1464.754765,3.2268106480637706,342.345,356.853,0,0
1464.854761,1.968146249680157,342.272,356.938,0,0
1464.954761,2.866223215755234,342.391,357.001,0,0
1465.054759,3.6501021643787706,342.378,356.841,0,0
1465.154754,0.893735208120806,342.24,357.067,0,0
1465.254751,4.832957435825139,342.508,356.875,0,0
1465.35475,2.934985898482501,342.399,357.005,0,0
1465.4547460000001,3.0411236094268674,342.448,357.077,0,0
1465.554744,4.265905970480988,342.493,356.947,0,0
1465.654736,1.3021839598978742,342.343,357.187,0,0
1465.7547379999999,4.8754555671202295,342.534,356.917,0,0
1465.85473,3.9345240991306274,342.403,356.84,0,0
1465.954728,1.692670850767825,342.218,356.89,0,0
1466.054726,1.0608675612742557,342.257,357.072,0,0
1466.154725,0.8169434832644379,342.168,356.951,0,0
1466.254717,1.0410243857912005,342.195,356.962,0,0
1466.354718,0.47291715249699007,342.196,357.063,0,0
1466.454714,4.649605941813172,342.487,356.872,0,0
1466.554711,1.1321361848934788,342.208,356.971,0,0
1466.654711,2.172974964466931,342.328,357.011,0,0
1466.7547069999998,1.5129336175093138,342.279,357.036,0,0
1466.8547039999999,3.3508204775063186,342.351,356.849,0,0
1466.9546990000001,3.4157973871229554,342.426,356.976,0,0
1467.054695,8.018215191042552,342.779,356.825,0,0
1467.1546899999998,5.199592786092214,342.54,356.876,0,0
1467.254688,12.232714619953112,343.237,356.935,0,0
1467.354685,14.14711255703858,343.407,356.915,0,0
1467.4546850000002,14.190540303133814,343.343,356.79,0,0
1467.554681,11.146401156586252,343.093,356.86,0,0
1467.654678,11.049319235424221,343.138,356.96,0,0
1467.7546750000001,9.336689134391058,342.915,356.848,0,0
1467.8546680000002,10.874735015697999,343.138,356.991,0,0
1467.9546710000002,7.840077465354354,342.759,356.822,0,0
1468.054663,7.4121775733220865,342.82,357.009,0,0
1468.154665,7.074891619215373,342.795,357.022,0,0
1468.254658,6.402663745480389,342.753,357.062,0,0
1468.354655,6.298741706487999,342.668,356.924,0,0
1468.4546540000001,5.242607039836422,342.606,356.994,0,0
1468.5546470000002,4.547682534162693,342.42,356.773,0,0
1468.654648,5.208771460187791,342.478,356.765,0,0
1468.754644,4.642050659214789,342.465,356.84,0,0
1468.854638,4.479032895076179,342.413,356.773,0,0
1468.954641,4.133965265492271,342.309,356.642,0,0
1469.054633,4.7283278267835716,342.502,356.894,0,0
1469.1546329999999,5.759069510305808,342.583,356.864,0,0
1469.254626,6.323840885460738,342.627,356.847,0,0
1469.354624,6.634824651979896,342.647,356.83,0,0
1469.4546229999999,5.637818808194562,342.477,356.691,0,0
1469.55462,5.868579397133382,342.478,356.653,0,0
1469.654616,2.8329376343940305,342.25,356.762,0,0
1469.754614,4.3054702851136435,342.463,356.898,0,0
1469.854609,5.104515063806829,342.471,356.774,0,0
1469.954605,9.823664937566349,342.947,356.829,0,0
1470.054606,9.180888581933942,342.848,356.759,0,0
1470.154599,13.46374608945652,343.236,356.728,0,0
1470.254596,11.489211897120672,343.154,356.921,0,0
1470.354596,11.103935820879144,343.0,356.705,0,0
1470.454588,9.91194629408884,342.917,356.76,0,0
1470.5545849999999,6.457524842634371,342.507,356.607,0,0
1470.654585,5.854254287898857,342.49,356.681,0,0
1470.7545830000001,5.842245974195471,342.505,356.711,0,0
1470.8545789999998,4.98473310884421,342.452,356.763,0,0
1470.954575,4.356438833482074,342.356,356.696,0,0
1471.05457,4.09206070323681,342.258,356.562,0,0
1471.1545700000001,3.2147412031842713,342.289,356.772,0,0
1471.254568,6.877622516833924,342.595,356.698,0,0
1471.3545609999999,13.45861908478059,343.14,356.556,0,0
1471.4545589999998,16.65780320070105,343.469,356.605,0,0
1471.55456,13.06722361270247,343.207,356.748,0,0
1471.654551,15.503020448489385,343.36,356.606,0,0
1471.7545519999999,14.365938968669349,343.361,356.806,0,0
1471.854546,12.898580454408599,343.19,356.747,0,0
1471.9545449999998,13.973234079856057,343.267,356.702,0,0
1472.054543,12.180371945820111,343.05,356.615,0,0
1472.15454,10.512975056059547,342.959,356.738,0,0
1472.254534,9.579623035267236,342.851,356.702,0,0
1472.354535,8.471094006987899,342.746,356.702,0,0
1472.454532,7.086264466994225,342.579,356.636,0,0
1472.5545319999999,6.857463777713034,342.611,356.735,0,0
1472.654526,7.2578830008769915,342.615,356.673,0,0
1472.7545220000002,8.374596795744399,342.715,356.663,0,0
1472.854519,7.894974083871752,342.776,356.859,0,0
1472.954523,11.303181013403812,342.984,356.649,0,0
1473.054518,10.166121667174012,342.935,356.757,0,0
1473.154516,7.830941376481716,342.739,356.803,0,0
1473.2545120000002,8.127694114719109,342.712,356.702,0,0
1473.354513,5.647469203002391,342.48,356.707,0,0
1473.454507,5.418452350056174,342.481,356.749,0,0
1473.554503,3.497528094717348,342.297,356.745,0,0
1473.654505,4.02092372896279,342.336,356.726,0,0
1473.7544990000001,4.541992249729763,342.44,356.827,0,0
1473.854494,3.6458735959218185,342.354,356.825,0,0
1473.954496,3.5016803297050223,342.369,356.878,0,0
1474.054492,4.232626126281147,342.501,356.994,0,0
1474.154487,2.0721796584982837,342.265,356.936,0,0
1474.254486,2.441341656706972,342.253,356.85,0,0
1474.354486,3.5585108611184846,342.365,356.862,0,0
1474.454482,4.37064335263634,342.415,356.813,0,0
1474.554476,2.9924603432885672,342.297,356.836,0,0
1474.654475,3.898118251360021,342.439,356.94,0,0
1474.754477,4.026589145626313,342.42,356.883,0,0
1474.854473,1.816268659693007,342.157,356.784,0,0
1474.954471,2.4810296359004846,342.236,356.814,0,0
1475.0544650000002,1.1035720052125242,342.036,356.686,0,0
1475.1544609999999,0.4963637837849038,342.092,356.895,0,0
1475.254461,-0.005986969180712036,342.084,356.968,0,0
1475.354457,1.5806487953287702,342.123,356.764,0,0
1475.454456,2.30700616221814,342.235,356.844,0,0
1475.5544499999999,6.293758885801622,342.645,356.905,0,0
1475.6544509999999,9.224913641616755,342.928,356.916,0,0
1475.754449,7.89708184957952,342.799,356.91,0,0
1475.854447,11.586839907468352,343.157,356.927,0,0
1475.954446,7.792197381559609,342.717,356.778,0,0
1476.0544439999999,6.857689113106933,342.629,356.779,0,0
1476.154436,7.999655513356586,342.814,356.921,0,0
1476.2544380000002,10.713605987499902,343.002,356.795,0,0
1476.354429,10.573602279066883,342.9,356.632,0,0
1476.454431,8.300669179547855,342.83,356.899,0,0
1476.554426,7.279974119558619,342.692,356.823,0,0
1476.654424,7.3997221407188825,342.645,356.716,0,0
1476.7544229999999,7.039905793178698,342.632,356.755,0,0
1476.8544180000001,7.124910671890299,342.654,356.781,0,0
1476.954416,6.8283681210437805,342.516,356.579,0,0
1477.0544169999998,5.885548008122365,342.512,356.736,0,0
1477.154413,4.7600067129260015,342.413,356.75,0,0
1477.254412,3.4250646381704093,342.248,356.679,0,0
1477.35441,3.2636095411353514,342.313,356.827,0,0
1477.454404,3.5247118537852575,342.331,356.815,0,0
1477.5544040000002,3.4299291991528884,342.386,356.933,0,0
1477.654401,2.190850377449466,342.223,356.849,0,0
1477.754395,3.3935694201991122,342.267,356.721,0,0
1477.854396,2.951224984589657,342.25,356.767,0,0
1477.954395,1.1635717602732312,342.221,357.025,0,0
1478.0543870000001,2.0616979915127707,342.24,356.904,0,0
1478.1543840000002,3.769027130008762,342.279,356.679,0,0
1478.254383,5.041124704107903,342.435,356.745,0,0
1478.3543789999999,3.8509897495606666,342.325,356.75,0,0
1478.45438,2.5364829226667283,342.219,356.784,0,0
1478.554378,2.012779038145147,342.153,356.754,0,0
1478.654372,1.2318022659604588,342.148,356.881,0,0
1478.754374,0.6798169334338459,342.094,356.878,0,0
1478.854369,0.5317402101607568,342.057,356.836,0,0
1478.954367,0.9810627511530243,342.214,357.047,0,0
1479.054364,1.139884458963708,342.187,356.97,0,0
1479.154358,0.40329478568367266,342.14,357.012,0,0
1479.254356,-0.9226953853746078,342.009,357.002,0,0
1479.354355,0.3117263327889556,342.106,356.966,0,0
1479.4543529999999,-0.833382587425812,342.072,357.103,0,0
1479.55435,1.6628777264912915,342.228,356.956,0,0
1479.654349,2.4334074467565907,342.267,356.894,0,0
1479.754348,2.5293995690507947,342.402,357.126,0,0
1479.85434,1.462500784375382,342.258,357.047,0,0
1479.9543370000001,1.9509720662400956,342.26,356.966,0,0
1480.054338,2.5387484230844954,342.279,356.899,0,0
1480.15433,1.1270369968512284,342.085,356.788,0,0
1480.254331,3.1837366643507594,342.269,356.769,0,0
1480.354327,0.38717861956338734,342.056,356.864,0,0
1480.4543230000002,-0.7172554151773151,342.059,357.062,0,0
1480.554321,-0.9793344711133881,341.971,356.946,0,0
1480.654313,1.7957486181858073,342.205,356.894,0,0
1480.754308,0.3955320069411613,342.011,356.781,0,0
1480.8543089999998,-0.44404166587733956,341.951,356.817,0,0
1480.954303,-0.2565478161577869,342.074,357.011,0,0
1481.054296,-2.7827363717357207,341.817,356.978,0,0
1481.154293,-0.3973180089624492,342.056,357.003,0,0
1481.2542919999999,-0.08585242935064638,342.038,356.916,0,0
1481.354285,2.8655554700409644,342.274,356.837,0,0
1481.454282,2.5409390561481535,342.204,356.765,0,0
1481.5542779999998,1.0252477349429743,342.173,356.972,0,0
1481.654276,1.2925647282895292,342.178,356.935,0,0
1481.754275,2.4472297189471828,342.243,356.854,0,0
1481.8542679999998,1.9023783096601996,342.175,356.824,0,0
1481.9542620000002,4.385727370234992,342.42,356.843,0,0
1482.054259,5.222670749019867,342.518,356.878,0,0
1482.154256,3.6897704527749062,342.412,356.95,0,0
1482.2542520000002,5.474326662207589,342.492,356.787,0,0
1482.3542539999999,3.8023022362616326,342.481,357.058,0,0
1482.454244,6.291485224573529,342.526,356.708,0,0
1482.554243,3.908502264620066,342.307,356.72,0,0
1482.65424,3.249561593600247,342.388,356.984,0,0
1482.754236,5.384656427485005,342.568,356.944,0,0
1482.8542309999998,2.764250783175184,342.226,356.771,0,0
1482.9542250000002,4.464395399851371,342.404,356.803,0,0
1483.054226,2.6301388724309107,342.232,356.806,0,0
1483.1542180000001,2.6802194313417793,342.217,356.77,0,0
1483.254217,1.9523554568695405,342.198,356.862,0,0
1483.354212,1.6452089097554587,342.134,356.798,0,0
1483.4542099999999,1.189088805206337,342.082,356.782,0,0
1483.554206,2.173188174530456,342.12,356.681,0,0
1483.6542,0.2818815400326074,342.035,356.854,0,0
1483.754201,1.2473539775827154,342.087,356.782,0,0
1483.854193,1.5341649190753373,342.202,356.944,0,0
1483.9541880000002,3.1555046090411025,342.272,356.791,0,0
1484.054183,1.5828507023920215,342.128,356.8,0,0
1484.154182,2.1062511971815523,342.167,356.781,0,0
1484.2541780000001,0.25632284543847395,342.087,356.956,0,0
1484.354173,4.53919785382755,342.45,356.879,0,0
1484.454175,4.158246999015462,342.41,356.872,0,0
1484.554171,4.376134719619419,342.425,356.862,0,0
1484.6541610000002,4.162308296587448,342.397,356.848,0,0
1484.754162,2.6452872449386886,342.255,356.851,0,0
1484.854154,3.5171590556269083,342.39,356.948,0,0
1484.954156,6.76277125702054,342.756,357.057,0,0
1485.054149,6.919290312622497,342.744,357.008,0,0
1485.154143,7.398553244995117,342.781,356.993,0,0
1485.254144,5.32844441825454,342.578,356.98,0,0
1485.354135,4.908843345644362,342.605,357.103,0,0
1485.454131,12.50550621416384,343.133,356.753,0,0
1485.554132,15.057542593079232,343.497,356.979,0,0
1485.654129,13.465331547878337,343.393,357.065,0,0
1485.754119,15.089421146177177,343.485,356.952,0,0
1485.854118,14.2100736802972,343.437,357.017,0,0
1485.954112,12.318140317142511,343.209,356.927,0,0
1486.05411,10.13169079544736,343.045,357.006,0,0
1486.154107,10.991884791694355,343.074,356.91,0,0
1486.254103,9.61322025653234,343.019,357.049,0,0
1486.3541,10.95294633252472,343.089,356.945,0,0
1486.454096,7.814121851575075,342.792,356.945,0,0
1486.554094,6.744671995242886,342.707,356.975,0,0
1486.6540870000001,7.270876785686247,342.643,356.766,0,0
1486.754083,6.90690887677357,342.672,356.883,0,0
1486.8540819999998,3.5227824734033235,342.398,356.968,0,0
1486.9540749999999,3.9124282172984213,342.345,356.803,0,0
1487.0540740000001,2.9847980043741185,342.312,356.904,0,0
1487.15407,4.978735751539644,342.508,356.918,0,0
1487.254063,4.640116446962376,342.397,356.773,0,0
1487.354061,4.528529573360714,342.514,357.008,0,0
1487.454061,4.726178916620613,342.551,357.042,0,0
1487.554058,4.347361589594738,342.365,356.766,0,0
1487.654053,4.96066303003931,342.375,356.678,0,0
1487.7540470000001,5.0130187114989955,342.42,356.752,0,0
1487.854042,8.422314840314087,342.783,356.827,0,0
1487.954044,15.36120684066928,343.445,356.838,0,0
1488.054038,13.254028995915814,343.376,357.078,0,0
1488.154038,16.11512948945261,343.529,356.862,0,0
1488.25403,15.3769746068775,343.39,356.735,0,0
1488.3540309999998,15.271611713233947,343.469,356.899,0,0
1488.454024,16.51087564036744,343.542,356.818,0,0
1488.554024,15.989254556642553,343.455,356.749,0,0
1488.654019,12.516571669616168,343.296,357.061,0,0
1488.7540139999999,11.640028721294534,343.145,356.936,0,0
1488.854012,9.363518723496774,342.854,356.797,0,0
1488.954007,8.443920319491646,342.856,356.961,0,0
1489.054006,8.154007410618586,342.817,356.94,0,0
1489.154002,7.482276407499484,342.712,356.864,0,0
1489.253995,9.309999701730195,342.92,356.929,0,0
1489.353996,7.241970880331877,342.696,356.877,0,0
1489.45399,7.839622478732895,342.748,356.869,0,0
1489.553991,6.125812105592906,342.62,356.932,0,0
1489.6539850000001,6.06532359204642,342.594,356.895,0,0
1489.7539820000002,6.090340269549755,342.6,356.902,0,0
1489.8539779999999,5.346666258910031,342.467,356.787,0,0
1489.953973,3.619002019797588,342.479,357.11,0,0
1490.053974,5.628862430367838,342.539,356.871,0,0
1490.153968,5.937539655811615,342.599,356.928,0,0
1490.2539629999999,6.403059198699367,342.526,356.713,0,0
1490.353965,4.856081582680491,342.554,357.034,0,0
1490.453958,5.60386538808226,342.574,356.941,0,0
1490.5539580000002,4.43904136708171,342.424,356.868,0,0
1490.653949,5.716902646050624,342.555,356.887,0,0
1490.753947,10.130571010182857,342.957,356.859,0,0
1490.853945,10.00683103862674,343.006,356.971,0,0
1490.953943,10.540581884510345,343.04,356.941,0,0
1491.053937,11.802154121486538,343.095,356.823,0,0
1491.153936,8.785376879081465,342.859,356.914,0,0
1491.253916,9.312665971734939,342.95,356.99,0,0
1491.353929,9.45103743095406,342.914,356.9,0,0
1491.453926,8.696995357305658,342.836,356.888,0,0
1491.553918,7.175160883079123,342.668,356.844,0,0
1491.6539169999999,8.961529069281385,342.821,356.815,0,0
1491.753915,7.206568995184688,342.694,356.887,0,0
1491.8539099999998,5.354576895686951,342.61,357.055,0,0
1491.953906,8.248787951758645,342.752,356.813,0,0
1492.053905,6.500722560608571,342.63,356.893,0,0
1492.153904,5.4574464088685986,342.629,357.073,0,0
1492.253896,5.762736800931214,342.549,356.873,0,0
1492.353895,5.410980366857622,342.521,356.883,0,0
1492.453892,3.4134892267089865,342.389,356.988,0,0
1492.553891,4.778761502047207,342.4,356.771,0,0
1492.653884,4.53181918667716,342.408,356.829,0,0
1492.753881,4.704631188602377,342.472,356.917,0,0
1492.85388,6.834492215663719,342.539,356.67,0,0
1492.953873,4.145037839935528,342.397,356.877,0,0
1493.053871,6.4925364791261915,342.621,356.881,0,0
1493.1538719999999,7.9180089983258,342.704,356.786,0,0
1493.253865,4.909274436377696,342.478,356.894,0,0
1493.3538600000002,5.823686332826976,342.598,356.956,0,0
1493.453861,4.980016436497164,342.455,356.84,0,0
1493.553858,3.1204703898104977,342.298,356.875,0,0
1493.653849,4.264057634139843,342.475,357.002,0,0
1493.753852,5.0736665897488,342.534,356.97,0,0
1493.853846,9.414494632613895,342.859,356.813,0,0
1493.953843,8.778807935723384,342.871,356.946,0,0
1494.0538359999998,9.35164353250429,342.9,356.9,0,0
1494.153835,8.465697600028653,342.703,356.692,0,0
1494.253831,7.047942582648727,342.678,356.893,0,0
1494.3538259999998,4.724937690448361,342.525,357.016,0,0
1494.453826,7.773849250049986,342.705,356.817,0,0
1494.553824,7.472000633953591,342.629,356.73,0,0
1494.6538189999999,6.129890714446604,342.578,356.87,0,0
1494.753815,6.329632295895893,342.569,356.819,0,0
1494.853811,5.05145645860549,342.461,356.843,0,0
1494.953812,4.241090970098084,342.388,356.85,0,0
1495.0538060000001,3.2332195113078814,342.386,357.022,0,0
1495.153801,6.258666126684837,342.604,356.897,0,0
1495.2538,4.797260724108473,342.514,356.986,0,0
1495.353797,6.676971835615522,342.653,356.915,0,0
1495.4537930000001,7.599675463168153,342.739,356.913,0,0
1495.553789,6.798477627326431,342.731,357.038,0,0
1495.6537890000002,6.18424375852801,342.576,356.86,0,0
1495.75378,5.579177237497499,342.486,356.8,0,0
1495.853782,5.920933677905848,342.61,356.969,0,0
1495.953774,3.3257310942947815,342.478,357.178,0,0
1496.053774,4.400244414451985,342.374,356.8,0,0
1496.153769,3.5939598496971894,342.434,357.051,0,0
1496.253766,3.1665927130460565,342.357,356.984,0,0
1496.3537620000002,4.005642466876549,342.384,356.888,0,0
1496.4537579999999,2.7288852158289236,342.187,356.748,0,0
1496.553755,4.311980885526424,342.461,356.977,0,0
1496.6537509999998,4.956555418163647,342.462,356.867,0,0
1496.7537479999999,4.273333493067216,342.357,356.793,0,0
1496.853749,3.709147780198174,342.36,356.897,0,0
1496.95374,2.2047848168085853,342.198,356.861,0,0
1497.053737,2.3587660430369426,342.22,356.875,0,0
1497.153733,3.631326970831771,342.388,356.963,0,0
1497.253735,3.2657946376281295,342.325,356.911,0,0
1497.353731,2.863722341110702,342.233,356.812,0,0
1497.453724,3.3588040517827227,342.384,357.004,0,0
1497.553722,2.7645727248119147,342.226,356.817,0,0
1497.65372,3.3746426859772036,342.277,356.805,0,0
1497.7537180000002,3.3573543340977734,342.304,356.858,0,0
1497.853717,2.5007957590488634,342.2,356.816,0,0
1497.9537090000001,5.53726188442598,342.456,356.759,0,0
1498.053704,8.569128155116266,342.717,356.712,0,0
1498.153706,7.6642756507237015,342.653,356.752,0,0
1498.253702,7.134325014920437,342.7,356.931,0,0
1498.353699,8.190829223067775,342.778,356.891,0,0
1498.453692,9.041125454765682,342.849,356.874,0,0
1498.553693,7.145734602715338,342.656,356.849,0,0
1498.6536859999999,9.22589707208786,342.827,356.802,0,0
1498.753686,6.842661941929606,342.677,356.941,0,0
1498.8536780000002,5.671412519210269,342.509,356.836,0,0
1498.953677,7.036860988552447,342.651,356.86,0,0
1499.053672,5.425347154255545,342.543,356.942,0,0
1499.153669,7.134060668334963,342.593,356.737,0,0
1499.2536699999998,7.39764106320318,342.752,356.984,0,0
1499.353666,7.316949745726878,342.673,356.853,0,0
1499.453663,4.648041273974716,342.34,356.705,0,0
1499.5536599999998,4.376468145345725,342.431,356.92,0,0
1499.6536569999998,3.454136417896302,342.386,356.998,0,0
1499.753654,3.436210359158311,342.295,356.834,0,0
1499.853649,4.45087185868621,342.381,356.816,0,0
1499.9536480000002,4.068283037139633,342.424,356.962,0,0
1500.053644,2.683228255576421,342.276,356.931,0,0
1500.153636,5.759915269511362,342.557,356.913,0,0
1500.253635,4.243853841964095,342.339,356.776,0,0
1500.353632,2.8980882769444327,342.242,356.832,0,0
1500.453627,3.4252087060176395,342.202,356.667,0,0
1500.5536240000001,3.758481659878261,342.279,356.751,0,0
1500.65362,2.9343188662481086,342.221,356.788,0,0
1500.753617,1.935195435419543,342.197,356.918,0,0
1500.853618,2.2329135845997774,342.094,356.677,0,0
1500.95361,1.7838800823157854,342.153,356.864,0,0
1501.053607,2.117640303278791,342.167,356.832,0,0
1501.1536059999999,2.6056236546284324,342.257,356.913,0,0
1501.2536049999999,2.6800871288202774,342.228,356.847,0,0
1501.3536000000001,2.0411784610657278,342.256,357.01,0,0
1501.453599,4.16713623075614,342.321,356.76,0,0
1501.553591,2.9116818410935172,342.307,356.953,0,0
1501.653589,0.8415805991017711,342.104,356.94,0,0
1501.753584,2.8822173765123567,342.243,356.841,0,0
1501.853584,3.6028398374477613,342.355,356.922,0,0
1501.95358,2.453379524861154,342.307,357.034,0,0
1502.053575,5.025533330922529,342.418,356.791,0,0
1502.153576,4.32642521481359,342.374,356.832,0,0
1502.253571,3.834899566278342,342.348,356.87,0,0
1502.3535689999999,4.889987809666019,342.515,356.994,0,0
1502.4535660000001,6.4200621910038915,342.603,356.89,0,0
1502.5535630000002,6.480022853963651,342.621,356.913,0,0
1502.6535589999999,8.576303303184224,342.737,356.762,0,0
1502.753551,7.396970619519491,342.659,356.824,0,0
1502.8535519999998,7.1231369734808085,342.665,356.883,0,0
1502.9535449999998,6.703565763530903,342.642,356.914,0,0
1503.053547,6.165824581589056,342.635,356.995,0,0
1503.15354,4.7000717130673015,342.506,357.013,0,0
1503.2535349999998,6.586670170185559,342.675,356.996,0,0
1503.353534,5.620483630252328,342.509,356.859,0,0
1503.4535290000001,5.186636603499558,342.539,356.99,0,0
1503.5535300000001,5.258352024392276,342.488,356.884,0,0
1503.653522,5.363576700818483,342.563,357.004,0,0
1503.753519,8.054356100975374,342.67,356.733,0,0
1503.853517,7.483062583562989,342.637,356.772,0,0
1503.953512,5.270450266016263,342.389,356.701,0,0
1504.0535120000002,5.386022468196191,342.459,356.81,0,0
1504.153506,6.1560872964390265,342.536,356.818,0,0
1504.253505,6.149614581372158,342.545,356.836,0,0
1504.3535009999998,4.6601590344960915,342.473,356.963,0,0
1504.4534950000002,3.2001756590336305,342.294,356.888,0,0
1504.553499,3.450283338985343,342.249,356.762,0,0
1504.653491,3.2162372753564648,342.218,356.746,0,0
1504.753492,3.3508698918323807,342.336,356.94,0,0
1504.853483,4.288081176187549,342.375,356.849,0,0
1504.953483,2.1871780252021344,342.168,356.834,0,0
1505.053477,4.3707829932844176,342.364,356.815,0,0
1505.153477,3.8187558490747966,342.435,357.042,0,0
1505.253476,2.424720103679703,342.328,357.088,0,0
1505.353473,5.703093327655098,342.446,356.735,0,0
1505.453469,6.060937740395371,342.59,356.938,0,0
1505.5534650000002,7.030749636244586,342.731,357.029,0,0
1505.653464,7.840353235135132,342.815,357.043,0,0
1505.753457,7.086566663357364,342.693,356.95,0,0
1505.853451,7.9005321103885615,342.791,356.989,0,0
1505.953453,7.812971072160943,342.657,356.758,0,0
1506.053449,5.792269981275012,342.519,356.856,0,0
1506.153443,3.7260671979167914,342.343,356.892,0,0
1506.253441,4.122822199202788,342.351,356.838,0,0
1506.353438,4.772693908094784,342.34,356.705,0,0
1506.4534350000001,5.892161779041905,342.487,356.781,0,0
1506.553434,6.02343986523788,342.39,356.58,0,0
1506.653432,5.210254891246852,342.47,356.869,0,0
1506.753428,10.117002769633485,342.967,356.93,0,0
1506.853422,7.203931985083285,342.687,356.922,0,0
1506.9534210000002,5.4561224451135315,342.521,356.921,0,0
1507.0534140000002,7.841574427634457,342.71,356.854,0,0
1507.1534159999999,7.408692497758097,342.639,356.799,0,0
1507.253413,4.679273899054949,342.428,356.886,0,0
1507.353409,4.508686911921882,342.378,356.824,0,0
1507.453405,3.6201927938954634,342.24,356.725,0,0
1507.553402,3.333189193024435,342.404,357.077,0,0
1507.6533980000002,4.846045879496474,342.442,356.884,0,0
1507.7533959999998,4.566283181145159,342.342,356.749,0,0
1507.8533889999999,4.502967427951837,342.494,357.04,0,0
1507.9533840000001,7.047069651646833,342.623,356.835,0,0
1508.053385,7.243862681651802,342.536,356.641,0,0
1508.1533829999998,6.101949241158774,342.586,356.932,0,0
1508.253381,7.157321593941403,342.634,356.837,0,0
1508.353373,7.218453773229143,342.607,356.777,0,0
1508.4533729999998,9.64527368202713,342.826,356.758,0,0
1508.553368,8.689176936088039,342.724,356.737,0,0
1508.6533670000001,8.904510797434778,342.823,356.882,0,0
1508.7533629999998,7.403573626074008,342.726,356.965,0,0
1508.85336,12.655925316375892,343.041,356.631,0,0
1508.9533589999999,8.306521759169318,342.723,356.803,0,0
1509.053355,11.357669703308243,343.063,356.898,0,0
1509.153352,13.006826548600342,343.159,356.788,0,0
1509.2533489999998,11.8335039510515,343.012,356.722,0,0
1509.3533419999999,8.269134548369768,342.784,356.923,0,0
1509.453338,9.030001959482584,342.871,356.951,0,0
1509.553337,8.22730614732076,342.621,356.631,0,0
1509.6533319999999,4.790036454786408,342.461,356.935,0,0
1509.753328,6.776689676139538,342.515,356.689,0,0
1509.8533300000001,6.1835789684767635,342.437,356.649,0,0
1509.953324,4.160098044288311,342.352,356.845,0,0
1510.053321,5.774349724573782,342.361,356.581,0,0
1510.153319,3.073419763554581,342.194,356.744,0,0
1510.253314,3.2151874557064506,342.298,356.911,0,0
1510.353313,3.046690820226691,342.202,356.764,0,0
1510.453306,4.094033107338466,342.215,356.606,0,0
1510.553306,5.1061020875576,342.46,356.881,0,0
1510.653303,4.31878685577176,342.262,356.654,0,0
1510.7532979999999,2.497174056551313,342.12,356.71,0,0
1510.853294,5.755266745170582,342.36,356.585,0,0
1510.953294,4.729717283910443,342.321,356.692,0,0
1511.0532879999998,5.007146155315533,342.365,356.725,0,0
1511.153287,4.182966654452514,342.357,356.854,0,0
1511.2532800000001,4.804320838303425,342.377,356.783,0,0
1511.353281,2.355122772099104,342.205,356.893,0,0
1511.453278,2.373482301029233,342.212,356.903,0,0
1511.553275,3.0940983897103296,342.349,357.03,0,0
1511.653268,2.2506749092739544,342.187,356.879,0,0
1511.7532660000002,3.0559194707946085,342.257,356.868,0,0
1511.853263,3.517509379194859,342.257,356.788,0,0
1511.953263,1.3556735837201108,342.085,356.848,0,0
1512.0532549999998,1.1414269805790793,341.995,356.72,0,0
1512.153252,3.531697831259203,342.21,356.7,0,0
1512.253253,3.2183413740229465,342.184,356.707,0,0
1512.3532460000001,4.203363257856761,342.246,356.65,0,0
1512.4532450000002,2.7605821378250828,342.167,356.756,0,0
1512.553239,3.8690128873454586,342.326,356.856,0,0
1512.653236,4.687375831707808,342.363,356.782,0,0
1512.7532379999998,4.718421081015183,342.275,356.615,0,0
1512.853234,4.697459733556847,342.306,356.676,0,0
1512.953232,4.822950263037522,342.309,356.66,0,0
1513.053224,3.1990283956356103,342.202,356.746,0,0
1513.153223,2.894168716334304,342.198,356.792,0,0
1513.253216,2.3052156029109323,342.078,356.674,0,0
1513.353215,4.620762106469929,342.318,356.713,0,0
1513.453213,3.659147737066915,342.222,356.704,0,0
1513.55321,3.344666155381818,342.141,356.61,0,0
1513.653203,1.2257675959158398,342.091,356.887,0,0
1513.7531999999999,3.694487352535369,342.177,356.616,0,0
1513.853202,2.419275260647619,342.147,356.783,0,0
1513.953193,3.855515774254525,342.337,356.883,0,0
1514.053193,2.6481990463387106,342.127,356.707,0,0
1514.153187,2.0582831134239443,342.108,356.775,0,0
1514.253184,3.3202991328065035,342.225,356.771,0,0
1514.353183,3.5285462609030986,342.238,356.759,0,0
1514.453181,5.560400392569504,342.499,356.886,0,0
1514.553179,7.6923495654108285,342.545,356.6,0,0
1514.653174,5.454621073519009,342.443,356.802,0,0
1514.7531669999998,2.6803752378325645,342.237,356.906,0,0
1514.853168,6.653173299862815,342.531,356.756,0,0
1514.953162,5.681450465684323,342.421,356.723,0,0
1515.0531569999998,7.109866228513201,342.632,356.863,0,0
1515.153158,6.34481696780878,342.516,356.783,0,0
1515.2531569999999,6.241587886568539,342.474,356.724,0,0
1515.3531480000001,5.596278143572914,342.434,356.763,0,0
1515.4531470000002,4.871005079186606,342.306,356.654,0,0
1515.553145,6.049605534733296,342.345,356.521,0,0
1515.653142,5.426321746157217,342.406,356.742,0,0
1515.753138,3.4327919219593963,342.176,356.666,0,0
1515.853135,4.275270960569576,342.268,356.689,0,0
1515.953132,5.005153889294646,342.245,356.52,0,0
1516.053126,2.905576269916301,342.174,356.755,0,0
1516.153126,5.0039086898699106,342.344,356.703,0,0
1516.253123,4.691474001094151,342.317,356.708,0,0
1516.353115,3.1831911611503814,342.203,356.761,0,0
1516.453115,3.1072918279375092,342.225,356.815,0,0
1516.55311,1.1859113517444146,342.079,356.881,0,0
1516.6531049999999,4.962416425522051,342.299,356.629,0,0
1516.7531029999998,4.991818316504438,342.294,356.615,0,0
1516.853102,5.210402980059403,342.327,356.638,0,0
1516.9531000000002,4.346947900191681,342.243,356.634,0,0
1517.053094,3.9370485524467167,342.197,356.621,0,0
1517.15309,2.8251092518393284,342.052,356.548,0,0
1517.253087,4.677274050017883,342.121,356.353,0,0
1517.353088,3.179079289869232,342.071,356.522,0,0
1517.453079,1.5583739992046493,341.973,356.624,0,0
1517.553081,5.3750778501451215,342.268,356.503,0,0
1517.653074,8.373357271330663,342.603,356.598,0,0
1517.753076,7.797686785231449,342.606,356.704,0,0
1517.853071,7.8470908238332395,342.598,356.681,0,0
1517.9530630000002,8.02712276955839,342.473,356.42,0,0
1518.053062,5.910748216148547,342.439,356.726,0,0
1518.15306,8.139233220088702,342.53,356.506,0,0
1518.2530530000001,7.169557537136876,342.474,356.572,0,0
1518.353049,6.073669963731217,342.424,356.671,0,0
1518.4530479999999,5.731807429197002,342.404,356.694,0,0
1518.553046,6.09132470792078,342.415,356.652,0,0
1518.6530400000001,4.5090323566861255,342.269,356.659,0,0
1518.753036,5.893809757978656,342.39,356.641,0,0
1518.853037,5.857233057710273,342.388,356.644,0,0
1518.953035,5.354480456810522,342.293,356.557,0,0
1519.0530319999998,5.695360017437379,342.343,356.59,0,0
1519.153029,1.8512204304742323,342.113,356.836,0,0
1519.253023,4.082920430633156,342.213,356.632,0,0
1519.353018,2.9293768675564418,342.057,356.546,0,0
1519.4530149999998,4.781228862193271,342.32,356.708,0,0
1519.553014,4.096177557610524,342.217,356.638,0,0
1519.653008,1.0932241268172405,341.941,356.653,0,0
1519.753007,4.841189350388735,342.242,356.555,0,0
1519.853005,1.8386582250458887,342.053,356.73,0,0
1519.9530009999999,3.46438731334737,342.112,356.556,0,0
1520.053001,3.746452856160642,342.076,356.441,0,0
1520.153002,4.380658726574227,342.157,356.48,0,0
1520.252998,2.268019177190357,341.994,356.548,0,0
1520.352993,2.765438550599597,342.08,356.62,0,0
1520.4529969999999,4.5607819854713165,342.242,356.606,0,0
1520.5529960000001,1.6596883278865957,341.924,356.526,0,0
1520.652992,1.541731013563021,341.923,356.545,0,0
1520.7529920000002,3.4660356628105244,342.101,356.538,0,0
1520.852989,3.3549405369242917,342.18,356.703,0,0
1520.952988,3.0648475811750155,342.06,356.533,0,0
1521.052984,7.752535879195896,342.514,356.553,0,0
1521.152981,7.394342009289417,342.518,356.623,0,0
1521.252983,8.980934331173415,342.707,356.695,0,0
1521.352983,10.883614059394425,342.921,356.758,0,0
1521.452976,14.044960946712862,343.085,356.51,0,0
1521.55298,14.579148232567293,343.206,356.64,0,0
1521.6529739999999,10.069574505308166,342.756,356.597,0,0
1521.752976,8.885888949767835,342.664,356.634,0,0
1521.8529720000001,9.421288407916595,342.64,356.497,0,0
1521.952974,6.405229014813537,342.372,356.529,0,0
1522.052973,6.641772128124951,342.348,356.444,0,0
1522.152968,4.478533928608511,342.24,356.622,0,0
1522.252964,5.040613312081804,342.187,356.427,0,0
1522.352967,3.895091457015897,342.091,356.45,0,0
1522.452967,3.9635577806546096,342.131,356.512,0,0
1522.552963,3.8223850880082004,342.124,356.524,0,0
1522.652963,0.9003491009345658,341.86,356.547,0,0
1522.752956,2.9747646728865105,342.056,356.547,0,0
1522.852955,2.9984329730537747,342.026,356.488,0,0
1522.952958,3.46782100281076,342.08,356.506,0,0
1523.052953,3.8547127414440214,342.055,356.393,0,0
1523.152955,4.227534230677149,342.139,356.483,0,0
1523.252951,2.4371852894214188,342.013,356.563,0,0
1523.352952,4.4254034956425,342.184,356.532,0,0
1523.452951,3.530920662767726,342.09,356.515,0,0
1523.552951,1.890682059741489,341.982,356.602,0,0
1523.652945,2.7674316072929366,342.043,356.562,0,0
1523.752943,3.3076159641327836,342.12,356.61,0,0
1523.852946,1.9124632388665148,341.958,356.555,0,0
1523.95294,3.8831693171877246,342.223,356.7,0,0
1524.052943,3.1162517719000737,342.184,356.762,0,0
1524.15294,2.1102879070219953,342.055,356.7,0,0
1524.2529339999999,5.457366141256978,342.267,356.508,0,0
1524.352936,2.801316712666858,341.995,356.47,0,0
1524.452931,3.1400990045950095,342.116,356.634,0,0
1524.552929,1.1807753468745261,342.005,356.771,0,0
1524.652932,1.1267323437561343,341.997,356.766,0,0
1524.7529299999999,1.6010024400394567,341.927,356.555,0,0
1524.852928,2.599115723722902,342.031,356.573,0,0
1524.952926,3.913749406249725,342.222,356.696,0,0
1525.052927,1.7981140782216019,342.081,356.805,0,0
1525.1529240000002,3.2941376581805595,342.256,356.867,0,0
1525.2529220000001,4.0638334373629075,342.146,356.531,0,0
1525.352918,3.382627116740199,342.195,356.74,0,0
1525.452922,1.4845104276929315,341.955,356.629,0,0
1525.552917,4.142613149615345,342.16,356.544,0,0
1525.6529150000001,4.932429943692637,342.303,356.67,0,0
1525.7529169999998,4.565731071682136,342.31,356.747,0,0
1525.8529099999998,3.6232256693136757,342.162,356.639,0,0
1525.952912,4.547079997197291,342.278,356.692,0,0
1526.0529080000001,3.602713127916883,342.182,356.68,0,0
1526.152909,1.5241160586784541,341.982,356.674,0,0
1526.252906,2.550966170175782,342.086,356.687,0,0
1526.352903,3.2543798184136588,342.148,356.679,0,0
1526.452904,1.8948481651874567,342.016,356.673,0,0
1526.552903,3.3869759839105322,342.164,356.686,0,0
1526.652898,1.1803162469913748,341.997,356.763,0,0
1526.752899,1.0354764318901628,341.969,356.737,0,0
1526.852901,2.161144832106889,342.153,356.88,0,0
1526.952893,1.290355958221787,342.027,356.8,0,0
1527.052895,2.8123783634092168,342.155,356.771,0,0
1527.152895,0.22871729414203032,341.948,356.84,0,0
1527.2528940000002,1.5063575648120155,342.098,356.894,0,0
1527.352889,3.6605764052801923,342.226,356.755,0,0
1527.4528910000001,2.926065757571867,342.208,356.85,0,0
1527.552885,2.3371084452500575,342.113,356.778,0,0
1527.6528870000002,4.622843010360398,342.198,356.537,0,0
1527.7528810000001,1.6892931518847558,341.984,356.654,0,0
1527.8528840000001,2.852043045549258,342.009,356.498,0,0
1527.952879,4.168301558961907,342.167,356.56,0,0
1528.0528789999998,2.2919735918310176,342.047,356.666,0,0
1528.152877,0.7738469573649618,341.85,356.568,0,0
1528.252874,0.6352528507359091,341.734,356.379,0,0
1528.352867,1.0639362854313963,341.826,356.474,0,0
1528.4528670000002,-0.0025176611196483668,341.769,356.555,0,0
1528.552862,1.2834571332280202,341.785,356.361,0,0
1528.652857,5.301254488004778,342.23,356.481,0,0
1528.752861,7.079154364502807,342.336,356.367,0,0
1528.852858,3.5362243879094244,341.991,356.349,0,0
1528.952851,2.3302240904937186,341.942,356.469,0,0
1529.052851,2.3111319034448385,341.921,356.434,0,0
1529.152844,3.4642060837153124,341.994,356.368,0,0
1529.252841,2.9552347522028986,341.937,356.352,0,0
1529.352845,1.4690379095458441,341.799,356.357,0,0
1529.452843,0.17271640922108966,341.692,356.386,0,0
1529.552834,0.5234933072414892,341.725,356.386,0,0
1529.652836,0.7604945632126833,341.713,356.323,0,0
1529.752833,1.111964359580325,341.739,356.31,0,0
1529.852831,-0.06255007431853833,341.712,356.465,0,0
1529.9528249999998,1.5181581011516183,341.695,356.159,0,0
1530.0528219999999,1.020616723803492,341.788,356.417,0,0
1530.152822,-2.5437105042712522,341.485,356.48,0,0
1530.2528189999998,1.043109500420019,341.78,356.399,0,0
1530.352814,2.6387109503524644,341.878,356.302,0,0
1530.4528160000002,0.9458304073790017,341.771,356.4,0,0
1530.552808,0.4970811424753599,341.736,356.414,0,0
1530.652809,1.042139242316296,341.714,356.279,0,0
1530.752803,-0.7599280567858573,341.582,356.35,0,0
1530.852799,0.07565253747556068,341.694,356.411,0,0
1530.952802,0.09148849212392632,341.71,356.438,0,0
1531.0527949999998,-0.8515123681057725,341.65,356.492,0,0
1531.15279,-0.15730727416378693,341.747,356.55,0,0
1531.252792,0.602228174356183,341.748,356.42,0,0
1531.3527900000001,-0.8851259583763462,341.63,356.462,0,0
1531.452786,-0.3701891773002063,341.622,356.358,0,0
1531.552784,-0.4060565684066737,341.588,356.302,0,0
1531.652778,0.10241869933789738,341.637,356.304,0,0
1531.752776,1.8632621566143324,341.849,356.388,0,0
1531.852774,4.149388274153305,342.096,356.445,0,0
1531.952772,4.776023117880682,342.154,356.443,0,0
1532.052767,4.743814234809384,342.166,356.471,0,0
1532.152769,5.22470096173453,342.22,356.487,0,0
1532.252761,3.612087580559021,342.032,356.422,0,0
1532.3527609999999,4.320547770647495,342.126,356.472,0,0
1532.452758,2.655473450334343,342.045,356.613,0,0
1532.5527579999998,3.6745444452671934,342.07,356.482,0,0
1532.6527520000002,3.398224204287092,342.01,356.42,0,0
1532.7527479999999,4.268051003540286,342.141,356.51,0,0
1532.852747,4.326694382332802,342.048,356.329,0,0
1532.952743,1.7011925377636528,341.849,356.42,0,0
1533.052746,2.748794355710622,341.818,356.181,0,0
1533.1527409999999,3.1958582234398762,341.94,356.328,0,0
1533.2527360000001,1.3245870991814988,341.827,356.446,0,0
1533.352736,3.0772054869725767,341.923,356.318,0,0
1533.452735,2.105231528113443,341.882,356.412,0,0
1533.552731,2.6422382438921717,341.875,356.306,0,0
1533.65273,2.5730032323093,341.921,356.403,0,0
1533.752727,1.779648409383335,341.892,356.488,0,0
1533.8527250000002,2.235306392305381,341.811,356.26,0,0
1533.9527209999999,0.5672671071962918,341.677,356.304,0,0
1534.052716,3.3430785159698684,341.879,356.193,0,0
1534.152713,0.4389389212081223,341.708,356.384,0,0
1534.252709,0.6494681035790876,341.781,356.482,0,0
1534.3527080000001,3.014508956820729,341.886,356.264,0,0
1534.452708,-0.9760428785292112,341.609,356.449,0,0
1534.552703,-0.5657347475962965,341.671,356.492,0,0
1534.652702,1.112180911807862,341.742,356.331,0,0
1534.752696,3.3325343353806223,342.048,356.508,0,0
1534.852693,6.301165557557987,342.384,356.61,0,0
1534.9526899999998,6.875448796033288,342.299,356.354,0,0
1535.052689,5.254751755424463,342.201,356.456,0,0
1535.152689,3.797510184503095,342.094,356.513,0,0
1535.252683,4.139338770696415,342.093,356.452,0,0
1535.352682,3.0572805760827912,341.978,356.429,0,0
1535.452678,0.18419396224678194,341.767,356.541,0,0
1535.552677,0.6506112642661125,341.793,356.508,0,0
1535.65267,1.542324279305833,341.819,356.401,0,0
1535.752669,1.9868999971308559,341.85,356.381,0,0
1535.852671,3.786190188195612,341.939,356.232,0,0
1535.952661,0.6103291291704295,341.751,356.439,0,0
1536.052663,-1.4059637192402634,341.552,356.424,0,0
1536.1526569999999,0.5868602020455773,341.718,356.383,0,0
1536.252652,1.277409305374275,341.769,356.357,0,0
1536.3526550000001,-1.1800679369156257,341.631,356.531,0,0
1536.452646,-1.5196061303614394,341.571,356.48,0,0
1536.5526470000002,-3.5563334176891255,341.313,356.36,0,0
1536.652639,-1.8444638242149363,341.547,356.493,0,0
1536.75264,-2.357793483215492,341.476,356.452,0,0
1536.852634,-2.3166281893936405,341.402,356.309,0,0
1536.9526329999999,-0.8815242210477318,341.587,356.4,0,0
1537.052627,-0.09993891643760505,341.639,356.36,0,0
1537.152624,-0.44179288065086114,341.619,356.383,0,0
1537.252624,1.3126132009077356,341.838,356.481,0,0
1537.352617,0.9811605295997684,341.688,356.263,0,0
1537.452618,1.5080059619460497,341.792,356.363,0,0
1537.552611,1.0564999563973894,341.76,356.383,0,0
1537.65261,0.7788183385864397,341.664,356.255,0,0
1537.752605,0.6029418823199699,341.651,356.262,0,0
1537.852602,0.4996907238728924,341.684,356.341,0,0
1537.952603,0.5893672509196654,341.601,356.173,0,0
1538.052596,1.063340365707632,341.7,356.273,0,0
1538.152591,-0.3830873210563833,341.575,356.295,0,0
1538.252589,-1.4104209587551233,341.438,356.222,0,0
1538.3525900000002,-0.6355346087755672,341.566,356.323,0,0
1538.4525859999999,-3.1391837839452745,341.347,356.356,0,0
1538.552582,-0.8360185691624553,341.538,356.307,0,0
1538.6525749999998,-1.4654504076785966,341.487,356.323,0,0
1538.752575,-1.6300807590943625,341.518,356.409,0,0
1538.852574,-1.564778211193354,341.449,356.271,0,0
1538.9525700000002,-0.7632119364484957,341.548,356.314,0,0
1539.052564,0.16708820235873142,341.657,356.353,0,0
1539.152564,-1.7144948719749356,341.474,356.344,0,0
1539.252555,-2.740908187812911,341.336,356.269,0,0
1539.352555,-2.1882913370529584,341.387,356.267,0,0
1539.452549,-2.280707586355725,341.352,356.219,0,0
1539.552547,-2.0078871005634777,341.451,356.354,0,0
1539.6525430000002,-2.955451467091481,341.321,356.28,0,0
1539.752539,-0.4539030834111615,341.54,356.248,0,0
1539.85254,1.1915880165669523,341.64,356.146,0,0
1539.9525330000001,-0.32226878592324676,341.682,356.487,0,0
1540.052529,-1.3976035699605116,341.441,356.231,0,0
1540.1525279999998,0.03246895390236456,341.569,356.218,0,0
1540.2525249999999,-0.13352452779129068,341.564,356.238,0,0
1540.352524,-0.42436615519757165,341.601,356.357,0,0
1540.452521,0.016282791805646565,341.68,356.426,0,0
1540.552517,0.0691391454343107,341.687,356.43,0,0
1540.652513,-0.00784233189657823,341.579,356.245,0,0
1540.7525090000001,-1.378872804431823,341.472,356.287,0,0
1540.8525020000002,-1.8274441089788598,341.568,356.542,0,0
1540.952502,0.21963996364816005,341.725,356.475,0,0
1541.052501,0.9437656064070944,341.752,356.399,0,0
1541.1524960000002,0.19248480464621992,341.721,356.473,0,0
1541.252492,0.5189360711793367,341.668,356.319,0,0
1541.35249,-0.401298304791477,341.602,356.358,0,0
1541.452489,-0.5737095063391823,341.554,356.3,0,0
1541.55248,-2.170711238758299,341.424,356.339,0,0
1541.65248,-2.843391970740223,341.445,356.495,0,0
1541.752477,-0.6666104778646106,341.511,356.238,0,0
1541.852476,-0.6813349622985494,341.504,356.228,0,0
1541.9524709999998,-1.38870475189011,341.469,356.287,0,0
1542.05247,0.5066569906930299,341.616,356.228,0,0
1542.1524650000001,-0.9998063920221297,341.575,356.415,0,0
1542.2524580000002,-1.6738399243230473,341.535,356.459,0,0
1542.352456,-0.6570265937276324,341.475,356.172,0,0
1542.4524509999999,-0.5968310911214667,341.524,356.252,0,0
1542.552453,-0.006276626281778273,341.565,356.225,0,0
1542.652447,-0.8297490186954268,341.55,356.341,0,0
1542.7524480000002,0.6980061847916433,341.728,356.403,0,0
1542.852439,2.4922340248477424,341.835,356.288,0,0
1542.95244,0.9363621570814913,341.754,356.41,0,0
1543.0524369999998,0.6906337388603749,341.667,356.293,0,0
1543.1524299999999,0.04623517929546919,341.676,356.422,0,0
1543.252426,-0.12733335351772654,341.648,356.401,0,0
1543.352422,0.7333092113212086,341.764,356.465,0,0
1543.452422,0.003633120258526073,341.747,356.561,0,0
1543.552421,0.23054242861878455,341.696,356.428,0,0
1543.652413,0.35902342684687266,341.727,356.463,0,0
1543.7524110000002,0.99671439030952,341.748,356.391,0,0
1543.852408,-0.25616609509707616,341.675,356.475,0,0
1543.9524040000001,0.49275731643817805,341.775,356.529,0,0
1544.052403,0.1699882525424096,341.753,356.545,0,0
1544.152398,0.621256609217506,341.733,356.43,0,0
1544.2523999999999,0.4152292153427784,341.809,356.606,0,0
1544.352394,-0.7229011383516742,341.655,356.521,0,0
1544.452397,-0.11875158217967212,341.625,356.361,0,0
1544.552394,-1.8773780711538337,341.527,356.487,0,0
1544.652386,1.259799946362624,341.786,356.418,0,0
1544.752382,-1.6569549425078376,341.56,356.51,0,0
1544.852383,0.302764229652412,341.737,356.495,0,0
1544.952378,-1.2503684907418926,341.703,356.703,0,0
1545.0523770000002,3.6035570814046665,342.12,356.626,0,0
1545.152378,5.028566572008078,342.266,356.647,0,0
1545.252376,6.593393063843196,342.31,356.456,0,0
1545.35237,5.304893299297921,342.207,356.491,0,0
1545.452366,6.220985213917339,342.219,356.354,0,0
1545.5523629999998,3.5692423780992852,342.111,356.617,0,0
1545.652361,2.609298770329953,341.907,356.409,0,0
1545.752357,2.0435012045094294,341.968,356.62,0,0
1545.852357,1.7871996326263921,341.88,356.503,0,0
1545.952352,0.4573546413602246,341.697,356.398,0,0
1546.052351,1.4805230948474857,341.83,356.465,0,0
1546.15235,2.2264819317744955,341.877,356.422,0,0
1546.252348,0.7584436261778059,341.763,356.468,0,0
1546.352346,4.190809873654422,342.001,356.309,0,0
1546.452342,5.220851348930463,342.189,356.476,0,0
1546.552337,6.180356543521224,342.285,356.486,0,0
1546.652337,5.00057882806846,342.22,356.572,0,0
1546.752335,3.9311459709131285,342.16,356.648,0,0
1546.852334,3.420602505127293,342.036,356.509,0,0
1546.952328,3.9946098131413232,342.07,356.472,0,0
1547.05233,3.450697890031037,342.026,356.486,0,0
1547.152322,1.8504949925128258,341.862,356.463,0,0
1547.25232,1.604952544476171,341.881,356.541,0,0
1547.352321,0.29416837415199415,341.746,356.521,0,0
1547.452316,1.13320922925563,341.848,356.563,0,0
1547.552315,1.651616929845321,341.805,356.394,0,0
1547.652311,-1.2798889373487563,341.67,356.656,0,0
1547.752307,0.21433745841397214,341.772,356.584,0,0
1547.852306,-0.5505019617080736,341.737,356.653,0,0
1547.952303,0.7285872389653661,341.748,356.451,0,0
1548.052305,-0.346819485076314,341.682,356.517,0,0
1548.152298,1.7271315252860342,341.916,356.587,0,0
1548.2522979999999,2.4875730877097646,341.966,356.547,0,0
1548.352298,3.0073016723075856,342.059,356.628,0,0
1548.45229,2.551471238735286,341.938,356.485,0,0
1548.552291,1.282747464672476,341.826,356.5,0,0
1548.652289,1.305507596004393,341.797,356.443,0,0
1548.752284,2.8891467788171044,341.933,356.418,0,0
1548.852283,0.2746813493386088,341.747,356.531,0,0
1548.952279,1.4907786399351812,341.764,356.351,0,0
1549.052275,0.7160471052891977,341.746,356.453,0,0
1549.152272,-0.3575084098358414,341.653,356.469,0,0
1549.25227,1.7872500591298204,341.885,356.523,0,0
1549.352271,2.303797005002553,341.894,356.45,0,0
1549.452268,3.23937297771161,342.041,356.558,0,0
1549.5522649999998,2.392958096641502,341.926,356.494,0,0
1549.6522590000002,0.999884319486445,341.768,356.446,0,0
1549.7522569999999,1.4012484791808844,341.796,356.428,0,0
1549.8522560000001,1.1141236081967072,341.754,356.401,0,0
1549.952254,2.0478706610613,341.878,356.467,0,0
1550.0522549999998,3.7602444018862413,342.024,356.438,0,0
1550.152253,3.4974831892160223,341.993,356.427,0,0
1550.252248,5.0986137028705505,342.085,356.318,0,0
1550.352247,5.371244300083505,342.103,356.304,0,0
1550.45224,4.770770538580171,342.083,356.372,0,0
1550.552238,2.423222412305576,341.863,356.376,0,0
1550.65224,2.676327726547547,341.846,356.301,0,0
1550.752232,0.04966504319971637,341.692,356.475,0,0
1550.852233,3.2831745630888474,341.94,356.369,0,0
1550.952227,1.1475384743995265,341.827,356.533,0,0
1551.052226,3.340840831635041,341.975,356.424,0,0
1551.152224,1.4785613900843935,341.821,356.465,0,0
1551.252223,0.7633922242254708,341.757,356.472,0,0
1551.352216,1.30040703402648,341.75,356.366,0,0
1551.452213,2.0475155400639165,341.802,356.332,0,0
1551.552217,0.49648572241889677,341.697,356.409,0,0
1551.652215,-0.17522722107697997,341.617,356.379,0,0
1551.752209,0.4502585155395036,341.695,356.414,0,0
1551.8522090000001,0.6796502355916221,341.76,356.494,0,0
1551.9522009999998,-0.606497902624059,341.542,356.317,0,0
1552.052196,-1.0909004395145943,341.577,356.466,0,0
1552.1521910000001,-0.7433276773431656,341.601,356.45,0,0
1552.2521920000002,1.3207760059251996,341.752,356.369,0,0
1552.352188,0.023263595386773236,341.765,356.619,0,0
1552.45218,-0.8482062905340736,341.646,356.552,0,0
1552.552179,-0.7526026671425772,341.694,356.624,0,0
1552.652175,-2.295557872166424,341.524,356.58,0,0
1552.752171,-0.3810771448047188,341.594,356.376,0,0
1552.852166,-1.0999472495940954,341.584,356.483,0,0
1552.9521599999998,0.665321764745573,341.685,356.362,0,0
1553.052161,-0.4332989499774571,341.613,356.421,0,0
1553.152153,-1.215854018681179,341.616,356.563,0,0
1553.2521510000001,1.0429635361047294,341.774,356.461,0,0
1553.352145,-0.5797708678898912,341.622,356.464,0,0
1553.4521459999999,-2.078165536400784,341.541,356.576,0,0
1553.552143,-0.3572722427730354,341.659,356.494,0,0
1553.6521329999998,1.1176585551196956,341.732,356.372,0,0
1553.752129,0.3578655002194184,341.729,356.499,0,0
1553.852131,3.6709069632193416,342.003,356.427,0,0
1553.9521280000001,1.1482048211522304,341.736,356.375,0,0
1554.052118,-0.03846422439116213,341.666,356.453,0,0
1554.152116,2.3134568691715227,341.829,356.344,0,0
1554.252115,4.09963743692344,341.951,356.258,0,0
1554.35211,0.8757180549701734,341.809,356.558,0,0
1554.452104,0.9593733850308086,341.845,356.61,0,0
1554.5521,1.4010352735599994,341.723,356.309,0,0
1554.652095,-0.7088501753679296,341.607,356.463,0,0
1554.752093,1.8883517233789424,341.797,356.361,0,0
1554.852087,1.2740584895178289,341.842,356.551,0,0
1554.952084,-0.5263633580437517,341.652,356.515,0,0
1555.052082,-1.8753182906620145,341.546,356.555,0,0
1555.152078,-0.24566580098082036,341.607,356.384,0,0
1555.252072,1.5510788046495547,341.755,356.344,0,0
1555.3520689999998,1.5524332545172825,341.793,356.414,0,0
1555.452069,0.6811597293081735,341.755,356.496,0,0
1555.552064,1.677003270223021,341.824,356.45,0,0
1555.652061,2.505722339194448,341.881,356.411,0,0
1555.7520530000002,3.0436807591913766,341.823,356.211,0,0
1555.852053,3.9500581012978944,341.983,356.348,0,0
1555.952047,4.319019665657543,341.99,356.297,0,0
1556.052045,2.8470785741713907,341.874,356.34,0,0
1556.152038,3.490024497023069,341.983,356.429,0,0
1556.252034,2.1965184635558272,341.773,356.268,0,0
1556.352035,2.3941996008266972,341.81,356.302,0,0
1556.4520260000002,2.9610136592378,342.008,356.568,0,0
1556.552022,3.781041875415906,341.962,356.341,0,0
1556.6520209999999,1.1043019833963437,341.725,356.371,0,0
1556.7520149999998,1.5343730157622935,341.828,356.486,0,0
1556.8520090000002,3.7311630430361844,341.891,356.22,0,0
1556.952007,0.7610975398603862,341.623,356.244,0,0
1557.0520049999998,0.45578177463337627,341.657,356.36,0,0
1557.152,-0.7646765112252045,341.58,356.431,0,0
1557.252,0.05647775046241684,341.589,356.305,0,0
1557.351993,-0.8069913370970083,341.58,356.439,0,0
1557.451986,1.4040425829749088,341.665,356.211,0,0
1557.551986,-2.26950211868048,341.437,356.431,0,0
1557.651983,0.11826775531991161,341.636,356.382,0,0
1557.7519750000001,-2.320767639003532,341.403,356.378,0,0
1557.8519709999998,-2.9469977223121404,341.411,356.502,0,0
1557.951973,-0.12447219213035615,341.531,356.232,0,0
1558.051964,-3.3104322189476805,341.329,356.415,0,0
1558.1519620000001,1.268367741470767,341.639,356.189,0,0
1558.251959,-0.20454643621059507,341.649,356.464,0,0
1558.351956,0.29407012160620866,341.665,356.407,0,0
1558.451949,2.2857461145231186,341.851,356.403,0,0
1558.551948,1.6349255713084214,341.842,356.5,0,0
1558.651944,1.6611537113406245,341.778,356.378,0,0
1558.751937,2.868748201170909,341.798,356.205,0,0
1558.8519339999998,4.336007747631988,342.073,356.456,0,0
1558.951932,4.470037414885649,342.048,356.387,0,0
1559.051927,1.530105223885719,341.741,356.334,0,0
1559.1519210000001,0.4868814701007605,341.69,356.422,0,0
1559.2519180000002,2.058565592149444,341.839,356.423,0,0
1559.351918,4.111632598870707,342.002,356.366,0,0
1559.451911,4.287029552734943,342.007,356.345,0,0
1559.551906,5.115490619553669,342.133,356.433,0,0
1559.651906,7.373412766191796,342.242,356.241,0,0
1559.751897,9.241399186518786,342.45,356.299,0,0
1559.8518940000001,8.292642697643641,342.44,356.446,0,0
1559.9518910000002,9.708761958687562,342.427,356.176,0,0
1560.051888,7.979095219226147,342.36,356.354,0,0
1560.151883,7.705515093604516,342.372,356.424,0,0
1560.2518810000001,7.043460565983853,342.294,356.396,0,0
1560.35188,7.381869672774952,342.253,356.262,0,0
1560.451879,7.67033956664507,342.335,356.363,0,0
1560.551874,4.915651060963865,342.139,356.482,0,0
1560.651869,3.5844057465654977,342.02,356.495,0,0
1560.751863,4.415215989151249,342.031,356.371,0,0
1560.8518600000002,6.321355609589006,342.26,356.461,0,0
1560.951856,3.7621167344890045,341.964,356.362,0,0
1561.051854,5.537693443083044,342.16,356.414,0,0
1561.1518500000002,7.513492761475259,342.382,356.479,0,0
1561.251851,6.911248978423215,342.214,356.275,0,0
1561.351849,5.616078535498942,342.137,356.359,0,0
1561.451844,4.396531381274343,342.084,356.474,0,0
1561.551841,5.473759043481331,342.152,356.412,0,0
1561.6518330000001,6.593977314209067,342.217,356.337,0,0
1561.751835,5.713983001186999,342.151,356.369,0,0
1561.851829,6.223164769539454,342.193,356.358,0,0
1561.951827,5.777882639278306,342.148,356.353,0,0
1562.0518240000001,7.7842801997635895,342.318,356.317,0,0
1562.151816,6.271624057366775,342.265,356.483,0,0
1562.2518149999999,4.808907347182783,342.089,356.414,0,0
1562.3518100000001,8.232535509532532,342.349,356.297,0,0
1562.451807,8.356165475907064,342.454,356.469,0,0
1562.5518089999998,7.955508666125323,342.348,356.344,0,0
1562.651805,10.009951678676613,342.522,356.307,0,0
1562.7517990000001,10.976813350694501,342.635,356.347,0,0
1562.851797,11.210420304254345,342.533,356.119,0,0
1562.951794,9.703024822497946,342.543,356.4,0,0
1563.051789,7.482159727954818,342.304,356.347,0,0
1563.151789,9.249944542876795,342.446,356.301,0,0
1563.251786,9.412853116108696,342.627,356.606,0,0
1563.35178,9.575447696231905,342.471,356.291,0,0
1563.451777,8.43315910546125,342.384,356.33,0,0
1563.551776,8.234532830997622,342.377,356.352,0,0
1563.651768,8.659119465458257,342.411,356.341,0,0
1563.7517690000002,9.461855248783582,342.49,356.347,0,0
1563.85176,9.705084579391414,342.465,356.259,0,0
1563.951761,6.463711476454218,342.292,356.505,0,0
1564.0517590000002,8.38371732957733,342.356,356.289,0,0
1564.151756,8.197310915719433,342.267,356.158,0,0
1564.251748,7.420757063384103,342.226,356.218,0,0
1564.351747,3.529264078805243,342.035,356.544,0,0
1564.4517409999999,6.682805333412797,342.22,356.336,0,0
1564.5517399999999,3.969312654143866,341.923,356.262,0,0
1564.651734,4.171824686719298,341.961,356.297,0,0
1564.751736,4.190912259188814,341.936,356.248,0,0
1564.851729,4.832249449939522,342.053,356.352,0,0
1564.951724,6.246498517139198,342.117,356.224,0,0
1565.051724,6.4480475875335195,342.256,356.445,0,0
1565.151719,8.35679751416439,342.301,356.196,0,0
1565.251715,4.702565236248998,342.077,356.42,0,0
1565.351714,4.9071882171569134,342.019,356.278,0,0
1565.451711,6.421640864042424,342.149,356.254,0,0
1565.55171,4.831793670552287,341.98,356.22,0,0
1565.6517020000001,3.6733791040664734,341.973,356.409,0,0
1565.751701,5.040730694976698,342.038,356.291,0,0
1565.851694,4.5028125191591295,341.975,356.269,0,0
1565.951695,4.430399362137029,341.962,356.258,0,0
1566.0516910000001,3.6600590439166516,341.908,356.293,0,0
1566.1516869999998,1.8943421905897624,341.749,356.308,0,0
1566.251682,2.1750325767587255,341.752,356.265,0,0
1566.351681,1.2720405212512855,341.711,356.347,0,0
1566.4516740000001,1.7272262597853456,341.693,356.235,0,0
1566.551672,1.9131685732888335,341.774,356.352,0,0
1566.6516729999998,1.8609955373142713,341.739,356.297,0,0
1566.751669,1.1306048458991622,341.804,356.544,0,0
1566.851663,0.21130201155702744,341.737,356.581,0,0
1566.95166,2.804840290692585,341.906,356.441,0,0
1567.051655,-0.4341828669322167,341.618,356.475,0,0
1567.151656,4.426917890477125,341.946,356.233,0,0
1567.25165,3.8029866115944277,341.964,356.375,0,0
1567.351648,4.036595608026065,341.862,356.147,0,0
1567.451644,2.3237193442546435,341.783,356.3,0,0
1567.551639,1.0876475677682793,341.673,356.313,0,0
1567.651634,2.39014598511708,341.796,356.313,0,0
1567.751631,0.570161218929112,341.671,356.4,0,0
1567.851629,0.9772916708712457,341.674,356.335,0,0
1567.951628,2.7179551333423775,341.808,356.279,0,0
1568.051626,0.7976806799135001,341.817,356.63,0,0
1568.15162,5.263650844265543,342.031,356.247,0,0
1568.2516170000001,3.364146564180556,341.855,356.254,0,0
1568.351619,6.5546301460127685,342.206,356.345,0,0
1568.451612,2.726921298801276,341.777,356.222,0,0
1568.551611,4.41996197615434,341.994,356.327,0,0
1568.651612,2.8905758949136926,341.828,356.288,0,0
1568.751605,3.32939768412313,341.909,356.361,0,0
1568.851602,4.923447323876207,341.915,356.095,0,0
1568.951597,2.2864133310461563,341.841,356.418,0,0
1569.0515959999998,3.057666123977822,341.898,356.389,0,0
1569.151593,4.488725897537631,341.9,356.144,0,0
1569.251591,4.645889971538126,342.081,356.45,0,0
1569.351592,3.4266278857691153,341.909,356.346,0,0
1569.451589,5.794812750701475,342.223,356.512,0,0
1569.5515859999998,3.4511913216668946,341.98,356.473,0,0
1569.6515789999999,3.8222588152727104,341.916,356.291,0,0
1569.75158,1.733778242822151,341.758,356.364,0,0
1569.851578,2.547286074666947,341.919,356.519,0,0
1569.951573,2.342980284362437,341.762,356.266,0,0
1570.0515719999999,4.9719234381372495,341.93,356.118,0,0
1570.151568,1.6256957061118944,341.821,356.5,0,0
1570.251565,2.479271982779027,341.826,356.361,0,0
1570.3515630000002,2.1131020801470655,341.72,356.23,0,0
1570.4515560000002,0.5891825355554388,341.673,356.409,0,0
1570.5515579999999,-0.4526505012159016,341.608,356.471,1,0
1570.65155,1.8586467895019148,341.634,356.117,0,0
1570.751553,1.5839027059023973,341.691,356.27,0,0
1570.8515479999999,0.003701524773953461,341.549,356.284,0,0
1570.951544,2.1372134557521982,341.762,356.305,0,0
1571.051541,3.1383459113600782,341.844,356.282,0,0
1571.1515419999998,1.536303300403936,341.707,356.309,0,0
1571.251539,2.6802076767912144,341.765,356.217,0,0
1571.3515360000001,3.4213723266614693,341.761,356.081,0,0
1571.45153,2.125740989695467,341.697,356.189,0,0
1571.551526,3.423392312288691,341.869,356.28,0,0
1571.651523,1.8714406965575003,341.79,356.405,0,0
1571.751521,4.844731980541656,342.021,356.313,0,0
1571.851517,1.408930270433141,341.722,356.361,0,0
1571.9515179999999,1.9932962755512313,341.751,356.313,0,0
1572.051517,3.4631918710508143,341.792,356.133,0,0
1572.151514,3.7066523693812514,341.773,356.056,0,0
1572.251505,2.215820834379827,341.765,356.301,0,0
1572.351506,3.466390667269261,341.832,356.207,0,0
1572.4515020000001,2.949613701146185,341.796,356.231,0,0
1572.551502,1.3997622711466229,341.646,356.225,0,0
1572.6515009999998,1.8788058031793564,341.752,356.337,0,0
1572.7514939999999,1.9424893644169154,341.741,356.306,0,0
1572.8514890000001,2.5985500754119992,341.842,356.378,0,0
1572.95149,1.3979383667829623,341.606,356.153,0,0
1573.0514850000002,1.5142348065229891,341.669,356.249,0,0
1573.151484,1.2459316735859844,341.719,356.388,0,0
1573.251479,1.9857009367140768,341.754,356.324,0,0
1573.351481,0.7091523097856142,341.688,356.425,0,0
1573.451476,0.3349527613606603,341.547,356.231,0,0
1573.551472,0.6926551665013732,341.56,356.193,0,0
1573.65147,-0.3098874811066336,341.546,356.342,0,0
1573.751467,-1.1342332078563775,341.457,356.322,0,0
1573.8514650000002,0.35771052239649886,341.549,356.232,0,0
1573.951462,-1.7894311716893705,341.486,356.49,0,0
1574.0514609999998,2.4222345298445256,341.814,356.361,0,0
1574.151458,0.23927816899265353,341.64,356.421,0,0
1574.251452,2.313944576053633,341.842,356.432,0,0
1574.351449,1.1549062405544679,341.692,356.358,0,0
1574.451446,2.91835590874538,341.77,356.195,0,0
1574.5514469999998,2.842699640416749,341.823,356.306,0,0
1574.651446,1.485008301879754,341.739,356.388,0,0
1574.751438,0.18297093131115805,341.607,356.372,0,0
1574.851433,0.8075688200336024,341.636,356.317,0,0
1574.9514339999998,2.8824629663322647,341.844,356.339,0,0
1575.051434,-0.44417210499372584,341.62,356.506,0,0
1575.151429,0.23950019421015342,341.666,356.472,0,0
1575.251427,0.7512099748473788,341.724,356.49,0,0
1575.351426,0.4652764230916141,341.612,356.334,0,0
1575.451419,1.3675496120238422,341.714,356.365,0,0
1575.551418,-0.5639129035014995,341.554,356.407,0,0
1575.6514169999998,3.0268242838981263,341.876,356.375,0,0
1575.7514110000002,3.4753470217037883,341.859,356.266,0,0
1575.851412,2.0408316009687493,341.871,356.538,0,0
1575.951409,1.880179467984489,341.779,356.397,0,0
1576.051404,3.3160154988671255,341.907,356.383,0,0
1576.151401,1.5546866703748121,341.712,356.331,0,0
1576.251395,1.7093860542624584,341.752,356.378,0,0
1576.3513899999998,1.0737371400148126,341.764,356.511,0,0
1576.451387,0.7955969335596851,341.706,356.453,0,0
1576.551381,-0.5698973383570698,341.593,356.483,0,0
1576.6513810000001,0.3815581888194902,341.729,356.568,0,0
1576.751375,1.6319242208412712,341.74,356.371,0,0
1576.851373,0.8684941712867964,341.666,356.368,0,0
1576.9513689999999,0.5151746461396041,341.621,356.347,0,0
1577.0513629999998,0.9282837234532354,341.63,356.292,0,0
1577.151364,0.04370723235223573,341.544,356.288,0,0
1577.2513549999999,-0.37011518133295235,341.596,356.456,0,0
1577.351351,0.46253178885400986,341.63,356.374,0,0
1577.451348,2.9912424911128794,341.807,356.26,0,0
1577.5513489999998,1.466406314902466,341.761,356.441,0,0
1577.6513419999999,1.6965455802842786,341.719,356.324,0,0
1577.7513359999998,2.5321691457052986,341.781,356.293,0,0
1577.851338,-0.5022861785752115,341.583,356.457,0,0
1577.951331,-0.9586010434347728,341.55,356.476,0,0
1578.05133,1.6717203085855876,341.729,356.348,0,0
1578.151324,-0.13444912393573413,341.564,356.359,0,0
1578.2513219999998,-0.8746947333223003,341.571,356.501,0,0
1578.351318,-1.5339703050482332,341.465,356.421,0,0
1578.451312,-0.014013512152095068,341.639,356.477,0,0
1578.551307,-1.1507537223584088,341.496,356.412,0,0
1578.6513060000002,-0.8850156156819463,341.534,356.436,0,0
1578.751301,-1.8863870967035867,341.475,356.502,0,0
1578.851298,-2.1689205117209855,341.478,356.557,0,0
1578.951293,-1.1006359881045606,341.512,356.434,0,0
1579.051289,0.006894395338411422,341.697,356.582,0,0
1579.151285,0.5917505989251213,341.663,356.418,0,0
1579.2512860000002,-0.49447620182012736,341.665,356.611,0,0
1579.351283,-1.1406441348051592,341.551,356.514,0,0
1579.451275,0.39908747284164847,341.716,356.55,0,0
1579.551274,-0.4877609094058801,341.57,356.436,0,0
1579.65127,-0.6670601357555063,341.542,356.416,0,0
1579.751266,0.18421503349268906,341.562,356.305,0,0
1579.8512620000001,-0.46013434146141813,341.496,356.296,0,0
1579.951261,-0.08845590727307594,341.625,356.469,0,0
1580.051253,-0.15002861769064485,341.544,356.331,0,0
1580.151252,-1.2921039471810607,341.513,356.473,0,0
1580.251244,1.1267392974169212,341.647,356.299,0,0
1580.35124,1.9612167888007364,341.704,356.259,0,0
1580.451239,-1.2107165943184428,341.518,356.469,0,0
1580.551234,0.23845593170493273,341.644,356.449,0,0
1580.65123,-0.721742369129925,341.534,356.414,0,0
1580.751227,-1.0628837978443861,341.507,356.424,0,0
1580.851226,0.34239992285374876,341.587,356.327,0,0
1580.9512220000001,-1.0821665999769705,341.457,356.336,0,0
1581.0512139999998,1.0964185697984308,341.646,356.305,0,0
1581.15121,0.00220480305303925,341.513,356.251,0,0
1581.25121,-0.17918253487396843,341.531,356.316,0,0
1581.3512050000002,0.15436549895310941,341.589,356.365,0,0
1581.451205,1.2269914574434844,341.687,356.359,0,0
1581.551199,-0.9823924311839665,341.498,356.396,0,0
1581.6511910000002,1.2562089065528157,341.653,356.292,0,0
1581.751189,-0.5748418487960836,341.615,356.541,0,0
1581.851189,1.2718758165146664,341.59,356.174,0,0
1581.9511850000001,1.170733605645039,341.577,356.168,0,0
1582.0511780000002,-0.22353766535619013,341.564,356.387,0,0
1582.151177,0.08337432502827627,341.551,356.31,0,0
1582.25117,1.119449798086588,341.645,356.303,0,0
1582.3511669999998,3.1948234319613493,341.815,356.255,0,0
1582.451166,3.3016861719580106,341.907,356.406,0,0
1582.551158,3.5456166808315785,341.875,356.305,0,0
1582.651159,1.3323153435408153,341.709,356.385,0,0
1582.751152,-0.021421926453227515,341.527,356.286,0,0
1582.85115,2.522682154474366,341.731,356.219,0,0
1582.951149,2.0033881238161624,341.679,356.214,0,0
1583.051143,1.7394836637915843,341.668,356.24,0,0
1583.151136,1.3155548638531496,341.706,356.384,0,0
1583.251138,1.492358972137953,341.672,356.291,0,0
1583.3511299999998,0.6277976231965154,341.558,356.232,0,0
1583.451128,-0.777902510579171,341.395,356.177,0,0
1583.5511270000002,-4.069325176644371,341.089,356.187,0,0
1583.6511200000002,-1.0925975694026278,341.36,356.168,0,0
1583.751115,-0.7132653782526132,341.337,356.06,0,0
1583.851111,-1.9059061555232912,341.286,356.174,0,0
1583.9511089999999,-1.6932546010623022,341.288,356.141,0,0
1584.051107,-1.8438480518306553,341.335,356.254,0,0
1584.151103,-2.484299044899876,341.296,356.294,0,0
1584.251102,-1.2891398154927183,341.392,356.263,0,0
1584.351097,-2.740395380144761,341.316,356.376,0,0
1584.4510930000001,0.027613644247133244,341.539,356.305,0,0
1584.5510889999998,1.243001941224157,341.638,356.276,0,0
1584.6510859999999,2.2791002013282076,341.682,356.177,0,0
1584.751082,0.5740787216414033,341.532,356.198,0,0
1584.851082,2.675440581397222,341.68,356.105,0,0
1584.9510759999998,1.9933630202204724,341.68,356.224,0,0
1585.051073,1.6791305650392385,341.63,356.187,0,0
1585.151074,1.87453017919335,341.657,356.203,0,0
1585.251069,1.7632695357152037,341.655,356.219,0,0
1585.3510660000002,1.1421389141128033,341.595,356.217,0,0
1585.451064,0.6734238688010105,341.538,356.194,0,0
1585.551058,-0.8288311913136778,341.38,356.165,0,0
1585.651054,-0.12953591814676726,341.459,356.189,0,0
1585.751054,-0.3685992921032114,341.421,356.161,0,0
1585.851048,-1.0779731760095732,341.282,356.029,0,0
1585.951049,-0.2497165269662318,341.377,356.06,0,0
1586.051044,-1.2777428253278293,341.297,356.092,0,0
1586.15104,0.7456475996568327,341.536,356.18,0,0
1586.251033,-0.7253274674868595,341.344,356.083,0,0
1586.3510319999998,0.09989879494574012,341.536,356.293,0,0
1586.451027,1.1063632681742908,341.531,356.109,0,0
1586.551027,3.0090835338189756,341.72,356.126,0,0
1586.651022,-0.7382097690896868,341.416,356.219,0,0
1586.751021,-0.2141019407813185,341.523,356.325,0,0
1586.851016,0.3153093269989506,341.593,356.362,0,0
1586.95101,0.9578687064819967,341.565,356.199,0,0
1587.0510120000001,-1.7014207973398503,341.409,356.375,0,0
1587.151003,-0.7046105810867945,341.402,356.189,0,0
1587.2510009999999,-2.0703272467570444,341.283,356.208,0,0
1587.351,-0.6492275331471955,341.477,356.318,0,0
1587.450994,-0.9519212196664704,341.327,356.095,0,0
1587.5509909999998,1.2303361200107032,341.537,356.102,0,0
1587.650991,0.8896416282449403,341.547,356.18,0,0
1587.7509850000001,2.6337449826656094,341.721,356.197,0,0
1587.8509820000002,-0.24778174562378988,341.413,356.132,0,0
1587.9509779999998,0.04186945039372744,341.45,356.15,0,0
1588.05098,0.5062001314949988,341.572,356.294,0,0
1588.1509720000001,0.6913078133192041,341.479,356.091,0,0
1588.250973,2.3147302929750353,341.628,356.083,0,0
1588.35097,1.5351893437224662,341.609,356.184,0,0
1588.450968,2.4885550317750917,341.593,355.989,0,0
1588.550958,0.12511357466229933,341.484,356.2,0,0
1588.6509569999998,2.8117540070389158,341.683,356.099,0,0
1588.750956,2.456350950487254,341.684,356.163,0,0
1588.8509490000001,0.8685598198377392,341.569,356.228,0,0
1588.9509469999998,0.3069921468544392,341.463,356.131,0,0
1589.050942,0.26677818827267336,341.44,356.096,0,0
1589.150942,0.5736609029822538,341.502,356.157,0,0
1589.250939,0.14589255987900548,341.388,356.022,0,0
1589.350937,1.1881407036756897,341.569,356.174,0,0
1589.45093,1.0656255428479373,341.548,356.157,0,0
1589.5509299999999,0.7359609829860447,341.571,356.257,0,0
1589.650928,0.353726988050679,341.42,356.046,0,0
1589.75092,-0.3665010394141045,341.399,356.133,0,0
1589.8509159999999,1.7725501836586386,341.581,356.096,0,0
1589.9509150000001,3.7603657263078802,341.69,355.951,0,0
1590.050913,0.6953180124787675,341.544,356.216,0,0
1590.150909,1.5033799186923809,341.561,356.107,0,0
1590.250905,0.3467732578907583,341.652,356.476,0,0
1590.350901,0.058086441217624296,341.543,356.326,0,0
1590.450896,0.9914296481189286,341.58,356.232,0,0
1590.550895,1.6173876374765566,341.67,356.289,0,0
1590.65089,0.2666736752721563,341.416,356.057,0,0
1590.750888,0.577908102604829,341.517,356.189,0,0
1590.850889,-1.9866098149245248,341.233,356.113,0,0
1590.950885,-0.5799902848512213,341.424,356.22,0,0
1591.050876,-1.2026986935903454,341.297,356.095,0,0
1591.1508740000002,-0.9364787543484104,341.297,356.049,0,0
1591.250873,-2.8738979104222238,341.106,356.035,0,0
1591.3508700000002,-2.920150226243093,341.227,356.266,0,0
1591.450869,-2.010001119287956,341.208,356.073,0,0
1591.550862,-2.1256208109264128,341.192,356.064,0,0
1591.6508589999999,-0.5525366437734419,341.327,356.039,0,0
1591.750859,-0.9667744982363546,341.292,356.047,0,0
1591.850853,-1.4520682086390102,341.303,356.152,0,0
1591.950851,-0.06080666793515024,341.392,356.074,0,0
1592.05085,-0.9021801646232436,341.359,356.16,0,0
1592.150846,1.5792062733425747,341.475,355.942,0,0
1592.2508440000001,1.0925706849256018,341.4,355.889,0,0
1592.350841,-0.06976062241073891,341.441,356.167,0,0
1592.45084,-0.7230444375265304,341.316,356.051,0,0
1592.550835,-0.3405153571530413,341.352,356.051,0,0
1592.6508330000001,-3.100005732519837,341.13,356.123,0,0
1592.750826,-1.1317685956097308,341.329,356.147,0,0
1592.850825,-1.1825444459162338,341.28,356.066,0,0
1592.950821,1.8604159420628628,341.504,355.949,0,0
1593.0508189999998,0.25537425523024904,341.414,356.063,0,0
1593.150817,0.2374909056463799,341.323,355.899,0,0
1593.2508189999999,-0.7669044458559808,341.361,356.144,0,0
1593.350812,-0.14045827445583728,341.388,356.085,0,0
1593.4508130000002,-0.286869626134597,341.343,356.028,0,0
1593.5508060000002,-1.5650220010969222,341.285,356.144,0,0
1593.650805,-0.8238688892092013,341.331,356.1,0,0
1593.750806,-0.9751073553307754,341.285,356.042,0,0
1593.850801,-1.3826879433294252,341.274,356.093,0,0
1593.950794,-1.995783776938299,341.249,356.154,0,0
1594.050797,-0.5024454553699557,341.327,356.038,0,0
1594.150792,-1.7309288222467627,341.24,356.092,0,0
1594.2507890000002,-0.03894816195549968,341.277,355.866,0,0
1594.350786,-1.0008070448884576,341.3,356.076,0,0
1594.450781,-1.0746036586814143,341.326,356.137,0,0
1594.550781,-2.494553215916076,341.166,356.09,0,0
1594.6507760000002,-0.5007935487016054,341.356,356.093,0,0
1594.750772,0.8086332706077254,341.434,356.009,0,0
1594.850774,2.140551356100275,341.6,356.083,0,0
1594.950767,2.9557155506207478,341.678,356.085,0,0
1595.050765,5.703034987712248,341.911,356.036,0,0
1595.1507649999999,2.8083827953496088,341.661,356.08,0,0
1595.250759,3.176647800116457,341.725,356.134,0,0
1595.3507579999998,1.0500153299760393,341.571,356.221,0,0
1595.45076,2.760396442562519,341.588,355.955,0,0
1595.550753,1.9438425337734653,341.578,356.079,0,0
1595.650754,2.1661430877953283,341.607,356.094,0,0
1595.750746,2.405284731791353,341.499,355.854,0,0
1595.850742,0.8637128325587955,341.365,355.876,0,0
1595.950744,0.26555439807796566,341.355,355.962,0,0
1596.050738,0.9262255001657519,341.451,356.024,0,0
1596.150737,2.668027335705692,341.64,356.069,0,0
1596.250736,-0.31901318142075313,341.328,356.015,0,0
1596.3507299999999,-1.327963981939977,341.271,356.086,0,0
1596.450731,2.3002749495989296,341.546,355.961,0,0
1596.550729,0.4662544001434164,341.48,356.159,0,0
1596.6507250000002,-0.07416087241004775,341.376,356.062,0,0
1596.750722,0.5090797658773585,341.375,355.959,0,0
1596.850716,2.4624040576404025,341.509,355.866,0,0
1596.9507139999998,1.56519465946719,341.418,355.855,0,0
1597.050712,3.3332004019355845,341.616,355.912,0,0
1597.150709,0.11715818653148809,341.378,356.034,0,0
1597.25071,1.0378627921285688,341.41,355.933,0,0
1597.350705,0.16451920696114464,341.418,356.1,0,0
1597.450701,0.09463121559753038,341.446,356.164,0,0
1597.550698,-0.38856015791559695,341.386,356.138,0,0
1597.650699,-1.453348328515067,341.271,356.112,0,0
1597.7506939999998,1.3480352587848012,341.414,355.888,0,0
1597.850694,0.5885435883420806,341.292,355.796,0,0
1597.950686,-0.9154159665856978,341.367,356.196,0,0
1598.0506839999998,-0.25078255704426333,341.34,356.031,0,0
1598.150686,0.75056786467692,341.478,356.111,0,0
1598.250678,-1.0670762254239174,341.288,356.078,0,0
1598.350676,1.127849380279816,341.453,356.0,0,0
1598.450675,0.4457887935369943,341.428,356.073,0,0
1598.550675,-1.593053378541976,341.341,356.268,0,0
1598.6506729999999,0.51409433282211,341.414,356.036,0,0
1598.750671,0.020112548184384852,341.322,355.953,0,0
1598.850665,-1.7557094975917233,341.174,355.99,0,0
1598.9506640000002,-0.031342974058630846,341.282,355.889,0,0
1599.050659,2.8124799215941065,341.635,356.044,0,0
1599.150656,2.756165282801892,341.642,356.067,0,0
1599.250655,4.5278628098655,341.811,356.07,0,0
1599.350653,6.775174275794002,342.044,356.108,0,0
1599.45065,7.7326794359955695,342.036,355.927,0,0
1599.5506480000001,7.7898919577951675,342.132,356.094,0,0
1599.650643,7.303887436678403,342.2,356.304,0,0
1599.75064,6.002770586851101,342.092,356.332,0,0
1599.850635,8.481638596943135,342.192,356.085,0,0
1599.950639,6.535737855026695,341.954,355.986,0,0
1600.0506340000002,6.056660485323827,341.952,356.066,0,0
1600.1506299999999,5.592541145483449,341.915,356.079,0,0
1600.250626,5.847768500654626,341.827,355.873,0,0
1600.3506229999998,3.7080418819533874,341.656,355.931,0,0
1600.4506259999998,2.88968281966076,341.573,355.921,0,0
1600.550618,3.5846120491006435,341.663,355.966,0,0
1600.6506140000001,1.0563353338276695,341.577,356.248,0,0
1600.750614,0.1322530879558856,341.434,356.146,0,0
1600.850615,2.1784767677347796,341.517,355.943,0,0
1600.950608,3.028083830282766,341.695,356.123,0,0
1601.050606,3.4291898147200364,341.842,356.324,0,0
1601.150602,4.4988913647215245,341.812,356.083,0,0
1601.250605,2.009969001009683,341.627,356.176,0,0
1601.350598,2.6359966187124377,341.567,355.957,0,0
1601.4506000000001,0.4750675278290455,341.519,356.245,0,0
1601.550594,0.18704594873334898,341.478,356.22,0,0
1601.650592,1.223877006554779,341.44,355.97,0,0
1601.7505879999999,-0.30049379093977685,341.406,356.173,0,0
1601.850585,3.1534902973652867,341.683,356.082,0,0
1601.950586,0.908690641081043,341.545,356.219,0,0
1602.0505819999998,2.9165132503468576,341.651,356.065,0,0
1602.15058,1.4418005549459953,341.613,356.252,0,0
1602.250579,2.369672445159438,341.556,355.986,0,0
1602.3505770000002,-0.02296427655656016,341.46,356.226,0,0
1602.450572,2.9023172056299726,341.637,356.043,0,0
1602.5505719999999,0.5062603871528126,341.476,356.164,0,0
1602.6505670000001,2.5005106742779537,341.603,356.051,0,0
1602.750568,2.1580046266668456,341.565,356.041,0,0
1602.8505619999999,0.31572853716247234,341.458,356.165,0,0
1602.950563,0.5906666993211535,341.511,356.215,0,0
1603.050558,2.5267845130799578,341.57,355.987,0,0
1603.1505519999998,0.4233933312671611,341.372,355.989,0,0
1603.250554,2.883083948823386,341.699,356.163,0,0
1603.3505490000002,3.3129703709417684,341.746,356.175,0,0
1603.450547,7.163709615725829,342.104,356.164,0,0
1603.550548,7.776988443643642,342.289,356.398,0,0
1603.65054,7.746013335944129,342.181,356.205,0,0
1603.7505390000001,6.068362063536242,342.02,356.201,0,0
1603.850538,5.60267500976653,341.891,356.045,0,0
1603.950536,4.3077402548215895,341.845,356.186,0,0
1604.05053,4.963403659845658,341.834,356.052,0,0
1604.1505300000001,2.464362636496718,341.66,356.167,0,0
1604.250531,3.2450585196751502,341.713,356.129,0,0
1604.3505260000002,2.40075727367154,341.552,355.98,0,0
1604.450524,4.844602843309801,341.84,356.085,0,0
1604.550523,5.437036106405878,341.854,356.008,0,0
1604.650519,4.319140420804213,341.753,356.017,0,0
1604.750513,1.1713865538140147,341.497,356.094,0,0
1604.85051,3.3277078730544174,341.629,355.962,0,0
1604.950511,1.1851693350116062,341.586,356.256,0,0
1605.0505090000001,-0.45869063052827996,341.432,356.259,0,0
1605.150507,1.4463974069936585,341.481,356.018,0,0
1605.250503,1.3303185075455795,341.478,356.033,0,0
1605.3505030000001,-0.5305510208133177,341.31,356.048,0,0
1605.4505,2.225074606596846,341.484,355.889,0,0
1605.5504990000002,-2.0171546845425565,341.162,356.035,0,0
1605.6504909999999,-0.4312277239239414,341.383,356.166,0,0
1605.750488,-0.19006831224702495,341.404,356.163,0,0
1605.8504890000002,0.6441934303245413,341.455,356.112,0,0
1605.950487,-0.043589427258020376,341.38,356.094,0,0
1606.050486,-1.3925321409877383,341.299,356.18,0,0
1606.150481,1.2543724170473634,341.435,355.97,0,0
1606.250478,-0.778037243127885,341.366,356.197,0,0
1606.350477,0.7481664508318409,341.477,356.136,0,0
1606.450472,1.0509330923758204,341.506,356.137,0,0
1606.550474,1.2394478011497085,341.528,356.145,0,0
1606.650466,1.5629088675084686,341.547,356.124,0,0
1606.7504680000002,2.232568340287319,341.602,356.109,0,0
1606.850466,0.6889233108293995,341.489,356.17,0,0
1606.950463,-0.20596542893017858,341.358,356.085,0,0
1607.0504620000002,1.9945164815570928,341.442,355.857,0,0
1607.150453,2.248253278591201,341.618,356.137,0,0
1607.250452,1.7064574113926878,341.528,356.066,0,0
1607.350449,0.0007533913102271317,341.385,356.1,0,0
1607.45045,-0.5897910601498204,341.323,356.089,0,0
1607.5504429999999,0.013185474522908228,341.413,356.15,0,0
1607.650442,0.8334100086410028,341.498,356.164,0,0
1607.750439,-0.6980474597254722,341.378,356.21,0,0
1607.850439,0.952312453569093,341.454,356.063,0,0
1607.950435,1.4916366237772567,341.482,356.021,0,0
1608.0504310000001,0.6706940724428769,341.533,356.258,0,0
1608.1504240000002,0.23348528907303426,341.473,356.224,0,0
1608.250423,0.5733013764961628,341.418,356.064,0,0
1608.35042,0.9682195939461932,341.528,356.198,0,0
1608.4504140000001,2.5688785149981626,341.708,356.251,0,0
1608.550409,3.4548881456802083,341.709,356.099,0,0
1608.650409,2.1275285467524627,341.692,356.299,0,0
1608.750405,0.4857482885840734,341.517,356.263,0,0
1608.850403,2.2760772054101968,341.672,356.237,0,0
1608.950397,3.2167777937055995,341.726,356.173,0,0
1609.050389,2.7248353330828055,341.713,356.235,0,0
1609.150388,3.1294517058637337,341.725,356.187,0,0
1609.250386,2.7588617405672,341.78,356.353,0,0
1609.350382,6.436775052789846,342.026,356.166,0,0
1609.450378,5.559096684188633,341.97,356.216,0,0
1609.5503700000002,7.85633022654628,342.13,356.111,0,0
1609.650371,7.270397528233349,342.038,356.044,0,0
1609.750362,6.613441346091444,341.917,355.936,0,0
1609.8503640000001,4.831195245451237,341.751,355.941,0,0
1609.950355,7.979908044524708,341.985,355.824,0,0
1610.050354,7.459879393272362,342.065,356.062,0,0
1610.150351,5.114901642456707,341.811,356.003,0,0
1610.2503430000002,4.478629277304499,341.705,355.919,0,0
1610.350341,4.7292287815827745,341.697,355.861,0,0
1610.450338,4.334492271643736,341.772,356.068,0,0
1610.550334,5.962048385851332,341.954,356.12,0,0
1610.650327,6.572429495343458,341.936,355.981,0,0
1610.750324,6.511260345931259,342.017,356.141,0,0
1610.850324,7.181397830846454,342.034,356.056,0,0
1610.9503189999998,5.702143134484748,341.876,356.023,0,0
1611.050315,6.115927762770248,341.953,356.093,0,0
1611.1503089999999,7.187192353646762,342.04,356.067,0,0
1611.250304,5.049992432567088,341.885,356.154,0,0
1611.350305,4.427282481442575,341.783,356.075,0,0
1611.450297,3.2670918001913085,341.678,356.084,0,0
1611.550292,4.485262970110156,341.749,356.003,0,0
1611.650291,5.067785164023231,341.83,356.051,0,0
1611.7502860000002,8.597873154997796,342.093,355.921,0,0
1611.850283,8.900653059322675,342.097,355.876,0,0
1611.9502830000001,7.870733582520332,342.169,356.188,0,0
1612.050277,5.971952453260656,341.961,356.136,0,0
1612.150273,6.164387623639803,341.96,356.101,0,0
1612.250265,5.431776829552601,341.89,356.1,0,0
1612.350264,4.252299314237737,341.731,356.013,0,0
1612.4502590000002,3.638551543225867,341.638,355.949,0,0
1612.5502549999999,3.5228872268910396,341.747,356.17,0,0
1612.650249,3.7258862566705244,341.772,356.181,0,0
1612.750252,5.088897216183535,341.823,356.038,0,0
1612.8502409999999,4.446391679519952,341.78,356.071,0,0
1612.9502420000001,3.77879772624609,341.808,356.239,0,0
1613.0502350000002,3.7618648089265614,341.666,355.981,0,0
1613.150235,3.538854067859122,341.748,356.171,0,0
1613.250226,1.2830734581132222,341.497,356.102,0,0
1613.350222,1.8541559521137583,341.453,355.922,0,0
1613.45022,4.0251036437435745,341.794,356.172,0,0
1613.55022,4.6497514452575395,341.748,355.979,0,0
1613.650216,6.372717455318205,341.92,355.996,0,0
1613.7502109999998,5.052514303945794,341.839,356.077,0,0
1613.8502039999998,2.035782088113445,341.628,356.214,0,0
1613.950202,1.5903176958973035,341.527,356.106,0,0
1614.050196,1.6008984489157367,341.555,356.156,0,0
1614.150192,0.6572425600436607,341.502,356.223,0,0
1614.250191,1.3959262838935056,341.432,355.966,0,0
1614.350187,1.3251258535036226,341.461,356.032,0,0
1614.45018,2.731052329496302,341.684,356.198,0,0
1614.550178,3.6878823715701183,341.658,355.984,0,0
1614.6501759999999,3.525818965603843,341.68,356.053,0,0
1614.750169,5.151558545193059,341.814,356.017,0,0
1614.85017,3.661006064492492,341.737,356.135,0,0
1614.950162,3.9446947386258855,341.768,356.143,0,0
1615.050157,4.371837224722006,341.793,356.115,0,0
1615.1501580000001,5.406769488767792,341.907,356.145,0,0
1615.250152,4.944074696221425,341.781,355.994,0,0
1615.350145,6.65508152380569,341.966,356.037,0,0
1615.450142,5.4305149744421435,341.881,356.094,0,0
1615.5501410000002,7.095316786914089,342.06,356.134,0,0
1615.6501329999999,4.50002795088197,341.722,355.964,0,0
1615.75013,4.951307031554471,341.752,355.941,0,0
1615.8501270000002,5.085070102962092,341.871,356.137,0,0
1615.950125,6.324641192715398,341.9,355.975,0,0
1616.0501219999999,8.912400217997643,342.194,356.066,0,0
1616.1501170000001,10.188511242617295,342.252,355.951,0,0
1616.2501200000002,10.641370898493342,342.349,356.051,0,0
1616.350114,9.554056577788794,342.246,356.051,0,0
1616.450112,8.330388851757512,342.21,356.198,0,0
1616.550109,6.47689500697083,342.009,356.151,0,0
1616.650103,6.200634388287075,341.899,355.997,0,0
1616.7501000000002,4.147978790750331,341.877,356.314,0,0
1616.850103,5.878793318888429,341.978,356.199,0,0
1616.950095,7.7046048762027075,341.957,355.843,0,0
1617.050095,8.61518758982146,342.025,355.81,0,0
1617.1500930000002,8.315592040449111,342.184,356.155,0,0
1617.250088,8.111989369921416,342.045,355.935,0,0
1617.350086,5.335701271854068,341.885,356.124,0,0
1617.45008,6.7718155914583384,341.944,355.983,0,0
1617.55008,6.274616861197311,341.868,355.93,0,0
1617.650078,6.643822754494196,341.906,355.936,0,0
1617.750075,3.8735201655341935,341.727,356.089,0,0
1617.850073,3.7323906843452432,341.72,356.101,0,0
1617.9500679999999,3.60853535964565,341.638,355.972,0,0
1618.050066,2.349021141038836,341.566,356.059,0,0
1618.150061,5.461847199585335,341.864,356.066,0,0
1618.2500630000002,7.622958572806015,342.097,356.119,0,0
1618.350056,9.595384965447368,342.204,355.973,0,0
1618.450053,7.641364014621913,342.156,356.225,0,0
1618.550054,7.627626623563225,342.073,356.075,0,0
1618.650047,7.252484060059873,342.033,356.067,0,0
1618.750047,4.940846351540768,341.774,355.993,0,0
1618.850048,6.958948033228981,342.05,356.15,0,0
1618.950043,4.346170075017731,341.756,356.064,0,0
1619.050041,3.5055121400346594,341.691,356.091,0,0
1619.150039,3.881613225459306,341.734,356.105,0,0
1619.2500360000001,3.9145250588273885,341.694,356.026,0,0
1619.350027,3.59754786875463,341.647,355.995,0,0
1619.450028,1.541267660609197,341.504,356.09,0,0
1619.550023,3.242394601443575,341.681,356.12,0,0
1619.65002,2.626582796150645,341.584,356.049,0,0
1619.750018,2.317182320673182,341.56,356.059,0,0
1619.850019,1.7641141020066207,341.501,356.047,0,0
1619.950017,1.4864263678489869,341.505,356.103,0,0
1620.0500120000002,0.5255638116688351,341.377,356.035,0,0
1620.150007,1.8099132718342408,341.526,356.086,0,0
1620.250004,2.1674309752472283,341.483,355.945,0,0
1620.350004,-0.42632945920129134,341.337,356.128,0,0
1620.450003,4.4683478273334565,341.691,355.928,0,0
1620.549999,4.913199902261354,341.703,355.873,0,0
1620.649991,5.418013765959243,341.806,355.975,0,0
1620.7499890000001,6.296203553396815,341.828,355.863,0,0
1620.849987,3.5617495653678803,341.685,356.076,0,0
1620.949989,4.28110569722595,341.661,355.907,0,0
1621.049981,1.5772386853667055,341.491,356.065,0,0
1621.149983,4.541590399844581,341.713,355.958,0,0
1621.249976,2.5483031912752563,341.564,356.031,0,0
1621.349974,2.052956910702709,341.461,355.928,0,0
1621.4499720000001,1.1301935436199981,341.479,356.122,0,0
1621.549972,3.8605104220335784,341.718,356.087,0,0
1621.649969,5.160554512339531,341.725,355.874,0,0
1621.7499639999999,1.6401467993837788,341.493,356.06,0,0
1621.849964,4.066347114054375,341.669,355.962,0,0
1621.94996,2.535339722155777,341.586,356.076,0,0
1622.049956,1.5144838070853301,341.442,355.989,0,0
1622.149954,0.7618325719961608,341.475,356.181,0,0
1622.249949,2.343664877692898,341.613,356.16,0,0
1622.349948,0.48073562790615154,341.441,356.168,0,0
1622.4499469999998,2.3025667917067847,341.593,356.131,0,0
1622.549938,3.775234039048206,341.656,355.991,0,0
1622.649939,3.381682764427994,341.661,356.069,0,0
1622.749934,2.0815069404380635,341.527,356.049,0,0
1622.849936,1.583141686178868,341.496,356.079,0,0
1622.949928,1.6682131882351638,341.518,356.105,0,0
1623.049925,0.27837626088052114,341.394,356.119,0,0
1623.149923,1.0294567633111453,341.373,355.95,0,0
1623.249925,-0.392590485151643,341.309,356.08,0,0
1623.349917,0.20373664893052224,341.375,356.098,0,0
1623.449917,2.174574380418561,341.44,355.875,0,0
1623.5499169999998,-0.3715723916046426,341.236,355.943,0,0
1623.649913,2.9173749310438737,341.48,355.82,0,0
1623.74991,3.265402089831563,341.591,355.964,0,0
1623.8499040000002,1.230077837476862,341.369,355.91,0,0
1623.949902,1.9268467750332963,341.482,355.997,0,0
1624.0498989999999,1.6057264160565405,341.452,355.998,0,0
1624.149901,0.09797962984058639,341.275,355.935,0,0
1624.249894,0.09891039998633523,341.301,355.983,0,0
1624.349896,-0.03808156757372736,341.302,356.009,0,0
1624.449891,-0.286533308003993,341.218,355.898,0,0
1624.549886,0.7607634148888118,341.456,356.154,0,0
1624.649886,0.23853323298764634,341.326,356.006,0,0
1624.749884,0.41969604085879925,341.356,356.03,0,0
1624.849886,-0.9763850854976666,341.32,356.207,0,0
1624.949882,0.21676827200368404,341.312,355.985,0,0
1625.049876,1.017907938082062,341.424,356.052,0,0
1625.1498740000002,0.9494177301650685,341.438,356.09,0,0
1625.249871,0.46395495394145936,341.343,356.0,0,0
1625.34987,-0.063383557654057,341.331,356.07,0,0
1625.449869,1.3058239855304294,341.419,355.994,0,0
1625.5498670000002,1.0569182011230855,341.323,355.861,0,0
1625.649865,0.6102251980539516,341.417,356.112,0,0
1625.749862,2.192546128609479,341.492,355.975,0,0
1625.849858,2.111620090911898,341.557,356.109,0,0
1625.949861,2.69142119102085,341.566,356.025,0,0
1626.04986,3.6697842180158475,341.729,356.155,0,0
1626.149854,2.3110010121626323,341.565,356.09,0,0
1626.249855,3.4471047775319317,341.644,356.038,0,0
1626.34985,2.8436995645673457,341.571,356.009,0,0
1626.449851,6.247582210827689,341.84,355.912,0,0
1626.549849,6.794934871299256,341.928,355.979,0,0
1626.6498470000001,9.814650815102876,342.246,356.039,0,0
1626.7498400000002,10.835571739084353,342.344,356.042,0,0
1626.849839,19.15959016992579,343.056,355.904,0,0
1626.949838,23.42575388055422,343.406,355.806,0,0
1627.049831,20.972700842960283,343.232,355.913,0,0
1627.149834,17.509129457907807,342.882,355.872,0,0
1627.249831,14.228755363856333,342.589,355.904,0,0
1627.349831,15.524407745578,342.657,355.804,0,0
1627.449828,11.92104100280611,342.359,355.883,0,0
1627.549824,11.962658561021764,342.397,355.946,0,0
1627.649819,13.631849149814476,342.54,355.919,0,0
1627.7498170000001,9.776264238920703,342.31,356.167,0,0
1627.849814,10.497690614566501,342.29,356.005,0,0
1627.949816,10.341910728207589,342.149,355.773,0,0
1628.0498149999999,9.307690620227499,342.082,355.83,0,0
1628.149814,8.046600661810373,341.943,355.794,0,0
1628.249811,7.402467795903933,341.958,355.934,0,0
1628.349807,7.086425498807726,341.885,355.855,0,0
1628.449807,6.425278350561718,341.906,356.009,0,0
1628.5497990000001,5.231066414138429,341.813,356.046,0,0
1628.649798,6.128103317508965,341.852,355.962,0,0
1628.7498,4.295763960362175,341.653,355.915,0,0
1628.849792,3.343163539946248,341.566,355.921,0,0
1628.9497939999999,4.2298426208317474,341.635,355.894,0,0
1629.049787,3.8498774224297714,341.594,355.885,0,0
1629.149788,2.4616451463279256,341.487,355.93,0,0
1629.249786,2.107396616630003,341.518,356.049,0,0
1629.349784,1.9320485381366275,341.442,355.94,0,0
1629.449782,2.307905267606972,341.529,356.035,0,0
1629.54978,4.170695386262401,341.599,355.84,0,0
1629.649778,5.877595734556479,341.726,355.777,0,0
1629.749777,3.6677356288976313,341.625,355.976,0,0
1629.849772,5.020644948660951,341.662,355.809,0,0
1629.94977,2.875866168869434,341.509,355.901,0,0
1630.0497690000002,3.824618038351354,341.573,355.854,0,0
1630.14977,2.4748201671840113,341.368,355.712,0,0
1630.249763,4.990642086154895,341.634,355.764,0,0
1630.349763,7.169465914167589,341.854,355.79,0,0
1630.449759,8.322564241972636,341.977,355.816,0,0
1630.549759,5.462887486203294,341.689,355.784,0,0
1630.649757,6.037614400461862,341.741,355.78,0,0
1630.749754,3.211501127522853,341.454,355.744,0,0
1630.849753,3.3501630363917907,341.424,355.665,0,0
1630.949746,3.5087833086599214,341.491,355.761,0,0
1631.0497460000001,2.430892011140263,341.409,355.798,0,0
1631.149741,3.670231680463114,341.457,355.671,0,0
1631.249743,2.0185797404089194,341.274,355.622,0,0
1631.3497399999999,1.8978692474454055,341.376,355.831,0,0
1631.449736,1.8832066776524468,341.319,355.729,0,0
1631.549738,1.229215204897063,341.276,355.764,0,0
1631.649736,1.551561842293446,341.24,355.642,0,0
1631.749732,0.7067857652872641,341.142,355.609,0,0
1631.8497320000001,1.644660956659115,341.374,355.873,0,0
1631.949722,-0.7375398401669337,341.098,355.78,0,0
1632.049719,1.0031522954763978,341.232,355.724,0,0
1632.149713,0.08986406307625329,341.146,355.725,0,0
1632.249711,1.8694124086255242,341.269,355.642,0,0
1632.3497069999999,-1.6790773553264862,341.13,356.004,0,0
1632.4497,0.8315069627834574,341.283,355.849,0,0
1632.5496950000002,-2.123144559282475,341.067,355.966,0,0
1632.6496869999999,-0.538764206798469,341.171,355.882,0,0
1632.749687,1.1189558832757716,341.264,355.765,0,0
1632.84968,1.0679596374424032,341.234,355.719,0,0
1632.949672,0.7226852495205456,341.249,355.807,0,0
1633.049671,1.3279677957148597,341.349,355.886,0,0
1633.149667,0.46641602043889535,341.238,355.832,0,0
1633.24966,5.062220744664837,341.642,355.776,0,0
1633.349653,4.6638900742865825,341.546,355.669,0,0
1633.449646,4.274283139651706,341.478,355.612,0,0
1633.549641,1.448106173356629,341.341,355.852,0,0
1633.649639,1.4858841042089368,341.227,355.636,0,0
1633.749634,0.593042063582235,341.175,355.696,0,0
1633.84963,0.7875216941383681,341.253,355.806,0,0
1633.949623,1.6128339742862585,341.295,355.74,0,0
1634.0496210000001,0.4115027637576672,341.191,355.758,0,0
1634.149611,0.6609654006013539,341.178,355.691,0,0
1634.24961,1.358442430230792,341.259,355.719,0,0
1634.3496010000001,0.6189252682331763,341.234,355.802,0,0
1634.449597,-1.6555054046988422,341.072,355.9,0,0
1634.5495919999998,0.13715107016838327,341.187,355.8,0,0
1634.649592,0.3404413460333994,341.093,355.592,0,0
1634.749582,-1.4806932888591218,341.038,355.808,0,0
1634.849581,0.6659869014398851,341.168,355.674,0,0
1634.949577,1.1752339142687038,341.135,355.525,0,0
1635.049567,-1.072776605716673,341.013,355.692,0,0
1635.149564,-0.5343927756254486,341.117,355.79,0,0
1635.24956,-0.6350674224618174,341.141,355.852,0,0
1635.3495560000001,-0.4724946284127596,341.11,355.767,0,0
1635.449548,-0.525795129659343,341.095,355.749,0,0
1635.549547,1.1341883016571332,341.273,355.788,0,0
1635.6495419999999,1.756951752135509,341.354,355.829,0,0
1635.749536,0.30256943278574755,341.119,355.65,0,0
1635.849532,1.4508537140920588,341.216,355.629,0,0
1635.949523,-0.25185045023048425,341.076,355.668,0,0
1636.049516,-1.1451785470645466,341.087,355.844,0,0
1636.149513,0.22013725076387541,341.148,355.719,0,0
1636.24951,2.119913986270273,341.284,355.639,0,0
1636.349505,1.3142125041156676,341.206,355.636,0,0
1636.449498,-1.795829296479469,340.959,355.723,0,0
1636.549493,-0.4240950533752972,341.063,355.676,0,0
1636.64949,0.756833058983643,341.162,355.653,0,0
1636.7494820000002,-1.0286158507312895,340.987,355.642,0,0
1636.849477,-1.0711571575022238,341.079,355.819,0,0
1636.949471,-1.087224360391319,341.086,355.835,0,0
1637.0494709999998,-0.3363541468147396,341.034,355.609,0,0
1637.149466,-1.941874104905684,341.032,355.885,0,0
1637.2494609999999,-2.195374725131344,340.941,355.762,0,0
1637.349455,1.5045983138597192,341.238,355.665,0,0
1637.4494499999998,1.4831954349293348,341.357,355.888,0,0
1637.549442,2.908971426545463,341.421,355.758,0,0
1637.64944,2.624397005110312,341.42,355.806,0,0
1637.7494339999998,1.010867930182017,341.333,355.927,0,0
1637.8494269999999,4.909981381437698,341.501,355.558,0,0
1637.949423,2.8821641013193027,341.477,355.867,0,0
1638.049419,1.8925949637671042,341.299,355.712,0,0
1638.1494169999999,3.087301991256596,341.433,355.751,0,0
1638.2494069999998,0.874945241314585,341.266,355.829,0,0
1638.349407,1.9620999655741922,341.317,355.734,0,0
1638.449397,0.9805402552992988,341.224,355.734,0,0
1638.549395,-1.4320820767056304,341.131,355.983,0,0
1638.6493899999998,1.9419548129191024,341.32,355.744,0,0
1638.7493829999999,1.0587694405821562,341.27,355.806,0,0
1638.849377,2.895998690647355,341.449,355.816,0,0
1638.949374,3.3629495300225347,341.412,355.667,0,0
1639.049366,3.3229850799383778,341.395,355.643,0,0
1639.149365,2.5255540117406414,341.333,355.668,0,0
1639.2493559999998,0.42287150478745844,341.128,355.657,0,0
1639.349355,2.2729917593471476,341.268,355.593,0,0
1639.449348,2.8923474415579142,341.259,355.469,0,0
1639.549342,0.34179171046484397,341.166,355.742,0,0
1639.6493400000002,-0.22985165189336162,341.021,355.575,0,0
1639.7493330000002,-0.1305615091259636,341.14,355.777,0,0
1639.849328,-0.4829654298125977,341.169,355.892,0,0
1639.949327,2.474077882312785,341.299,355.617,0,0
1640.0493219999998,1.9143188141188823,341.316,355.746,0,0
1640.149322,0.9143818503878247,341.193,355.694,0,0
1640.2493160000001,0.6127724425607496,341.248,355.848,0,0
1640.3493130000002,-0.8294314295107824,341.031,355.7,0,0
1640.449314,-1.3540140707123454,341.041,355.81,0,0
1640.5493119999999,0.11662643989757482,341.025,355.525,0,0
1640.64931,-2.3890764632916044,340.877,355.689,0,0
1640.7493089999998,0.4088628259464637,341.055,355.53,0,0
1640.849305,-0.9476625387486668,341.001,355.667,0,0
1640.949303,1.7114122478351705,341.205,355.58,0,0
1641.049303,-1.7899159474391537,340.996,355.805,0,0
1641.149298,-0.29586412705232246,341.067,355.676,0,0
1641.249294,-0.8526029335762145,341.012,355.672,0,0
1641.34929,-0.9180771196865852,340.979,355.623,0,0
1641.4492919999998,-1.0173851565131737,341.039,355.751,0,0
1641.549288,-0.1775877197447058,341.084,355.688,0,0
1641.649284,-0.5908618226313719,340.998,355.602,0,0
1641.7492809999999,-1.5956470179603435,340.924,355.641,0,0
1641.849281,-3.9944030978068468,340.666,355.584,0,0
1641.949275,-1.7574199767062624,340.904,355.633,0,0
1642.049278,4.406616990572696,341.49,355.639,0,0
1642.149271,7.602945526165847,341.691,355.453,0,0
1642.249271,6.565722810380693,341.671,355.597,0,0
1642.3492660000002,4.081927170259444,341.368,355.472,0,0
1642.4492679999998,2.9532033240790363,341.36,355.654,0,0
1642.549262,4.467538808660618,341.309,355.297,0,0
1642.649263,3.0530765247516154,341.268,355.468,0,0
1642.749256,2.9965647002621885,341.244,355.434,0,0
1642.8492549999999,2.6361095503369945,341.288,355.578,0,0
1642.9492520000001,3.0552550640925693,341.228,355.395,0,0
1643.0492490000001,0.22612750577663626,341.013,355.492,0,0
1643.14925,-0.6784536822104925,341.005,355.635,0,0
1643.249246,-2.0174440810951335,340.807,355.504,0,0
1643.349244,1.1137605575698866,341.16,355.609,0,0
1643.4492460000001,1.0765690219075652,341.115,355.533,0,0
1643.54924,-1.1879650676069378,340.936,355.598,0,0
1643.649236,-0.4426660447197181,341.015,355.614,0,0
1643.749234,-2.2962127271281143,340.964,355.843,0,0
1643.849234,0.9304655772354493,341.157,355.637,0,0
1643.9492320000002,-0.34532646509167153,341.009,355.587,0,0
1644.049229,-0.8777112960376113,340.99,355.645,0,0
1644.1492250000001,0.4906169078076569,341.004,355.433,0,0
1644.2492260000001,-0.7194983345236621,341.022,355.677,0,0
1644.349218,1.5090218551514534,341.163,355.549,0,0
1644.44922,-0.46722968647048807,340.983,355.562,0,0
1644.549217,0.07375586108448975,340.928,355.367,0,0
1644.649211,-0.16583333012413662,341.103,355.731,0,0
1644.749213,0.562505940779478,341.063,355.531,0,0
1644.849211,-0.6822981974244244,341.025,355.678,0,0
1644.9492050000001,-0.15031759392405186,341.061,355.652,0,0
1645.049206,-0.13047981392330366,340.979,355.498,0,0
1645.149199,1.7669196734088926,341.305,355.768,0,0
1645.2492,3.703056320433859,341.364,355.54,0,0
1645.349196,1.9736874668109994,341.228,355.591,0,0
1645.4491939999998,2.947036945869918,341.309,355.571,0,0
1645.549191,1.8137901251361557,341.131,355.441,0,0
1645.649187,1.5776973444717648,341.196,355.602,0,0
1645.749188,0.7011824358810814,341.145,355.661,0,0
1645.849183,2.781638858782047,341.322,355.625,0,0
1645.9491839999998,-0.5977613055698163,340.918,355.47,0,0
1646.0491769999999,1.0957360123224045,341.222,355.735,0,0
1646.149175,1.8172137461695803,341.102,355.389,0,0
1646.249172,5.216407762243268,341.601,355.716,0,0
1646.34917,7.753613149051197,341.875,355.779,0,0
1646.449169,8.029977594253342,341.864,355.711,0,0
1646.549168,10.440787065650575,342.038,355.612,0,0
1646.649166,12.905800325117642,342.328,355.717,0,0
1646.7491610000002,16.398184177685508,342.632,355.669,0,0
1646.8491640000002,12.90149099371246,342.343,355.746,0,0
1646.94916,14.086103588670008,342.438,355.715,0,0
1647.049154,14.161801831081078,342.364,355.566,0,0
1647.149156,13.851255440296809,342.36,355.613,0,0
1647.249149,11.01550568620445,342.046,355.529,0,0
1647.34915,10.76407690223435,341.959,355.413,0,0
1647.4491480000002,14.788811473376834,342.434,355.587,0,0
1647.549141,16.169544772065198,342.472,355.417,0,0
1647.6491389999999,15.254867237032657,342.425,355.49,0,0
1647.749142,13.542990215507983,342.245,355.457,0,0
1647.849139,10.918882171474076,342.132,355.706,0,0
1647.94913,7.690967405118682,341.757,355.578,0,0
1648.049134,8.449624606733073,341.784,355.496,0,0
1648.149126,6.275652136050011,341.644,355.617,0,0
1648.2491240000002,5.7715724154745365,341.563,355.556,0,0
1648.349119,4.892774783328174,341.477,355.551,0,0
1648.4491170000001,4.357415454449538,341.43,355.558,0,0
1648.5491129999998,4.031933231369389,341.411,355.58,0,0
1648.64911,3.9296734485337654,341.393,355.565,0,0
1648.749112,4.368996515745134,341.461,355.614,0,0
1648.849107,3.805593802512758,341.407,355.613,0,0
1648.9491059999998,2.547500285586297,341.271,355.582,0,0
1649.049104,2.540605948316072,341.343,355.716,0,0
1649.149101,2.6817869346790815,341.354,355.712,0,0
1649.249096,1.444615159521013,341.214,355.67,0,0
1649.349093,1.4550059187627684,341.186,355.617,0,0
1649.44909,1.937980104630451,341.319,355.778,0,0
1649.5490849999999,3.80675351908754,341.395,355.593,0,0
1649.6490789999998,4.142171920059611,341.451,355.638,0,0
1649.749077,4.3327729651070905,341.477,355.653,0,0
1649.849076,1.0360871471173403,341.183,355.686,0,0
1649.949073,2.0510546609329348,341.25,355.633,0,0
1650.04907,1.078180614769124,341.285,355.867,0,0
1650.149067,2.7005481449095727,341.279,355.574,0,0
1650.249064,0.3168944374925938,341.192,355.829,0,0
1650.3490630000001,0.2105225180914841,341.116,355.708,0,0
1650.4490600000001,-0.3597631645716521,341.032,355.653,0,0
1650.5490530000002,0.6662444304632764,341.087,355.576,0,0
1650.649054,0.20469107135147993,341.016,355.526,0,0
1650.749053,-0.20632766706395672,341.04,355.642,0,0
1650.8490490000002,-1.338911927885359,340.93,355.637,0,0
1650.949041,1.789590044210866,341.161,355.518,0,0
1651.049037,2.3100897005961394,341.172,355.448,0,0
1651.1490390000001,-0.20321736388854864,341.076,355.709,0,0
1651.249033,2.305730118248202,341.312,355.707,0,0
1651.34903,1.6899214964608402,341.24,355.682,0,0
1651.4490270000001,6.2000235576036475,341.556,355.479,0,0
1651.549028,6.473608675658597,341.598,355.509,0,0
1651.649021,7.335934053975366,341.656,355.466,0,0
1651.749018,4.278544214341581,341.408,355.542,0,0
1651.849014,3.8284749528513853,341.362,355.536,0,0
1651.949011,0.07612372177092402,341.126,355.755,0,0
1652.049007,3.186053214844008,341.246,355.435,0,0
1652.149011,0.12726747170592434,341.037,355.583,0,0
1652.2490030000001,0.28223877519590684,341.058,355.595,0,0
1652.349004,-0.24161348938270943,340.986,355.554,0,0
1652.449,0.1639311610444452,341.022,355.55,0,0
1652.548993,-1.075793514148367,340.941,355.617,0,0
1652.6489920000001,0.9819259342997931,341.074,355.504,0,0
1652.7489890000002,-0.5761805445271806,340.958,355.562,0,0
1652.848983,0.08082497203210755,341.083,355.678,0,0
1652.948986,-1.7485272505562814,340.912,355.682,0,0
1653.0489779999998,-0.2567431943269352,340.923,355.443,0,0
1653.148978,-2.2585450392265614,340.827,355.615,0,0
1653.248977,1.2458232571561276,341.068,355.449,0,0
1653.3489690000001,0.24309952613743813,341.023,355.541,0,0
1653.4489709999998,1.3410302645362264,341.156,355.595,0,0
1653.5489639999998,-0.18509272941204463,340.974,355.526,0,0
1653.648962,-0.9420378342242437,340.868,355.463,0,0
1653.748957,-0.03677492130464892,341.048,355.637,0,0
1653.848958,0.30648160102148597,341.058,355.596,0,0
1653.9489509999999,-1.1670285116503483,340.95,355.654,0,0
1654.048951,-1.7862993792604396,340.913,355.694,0,0
1654.148946,0.33348219365585485,341.066,355.607,0,0
1654.248941,-1.8696458858619367,340.839,355.573,0,0
1654.348942,-0.8519488409722465,340.978,355.652,0,0
1654.448941,0.3512617699297029,341.134,355.73,0,0
1654.548936,4.023469443892198,341.33,355.452,0,0
1654.6489310000002,2.932015871917786,341.269,355.53,0,0
1654.748932,1.475250130002654,341.249,355.747,0,0
1654.848926,-0.05797246302052286,341.006,355.567,0,0
1654.948922,-0.17380207291757818,341.009,355.593,0,0
1655.048918,-1.3765094753621232,340.919,355.637,0,0
1655.148918,-1.819888352454265,340.822,355.536,0,0
1655.248913,-2.02816072802188,340.888,355.694,0,0
1655.3489080000002,0.3728140010031263,340.954,355.398,0,0
1655.4489099999998,-1.3190687826600653,340.796,355.402,0,0
1655.548905,-2.0477963919587605,340.828,355.588,0,0
1655.6489,-1.422697128712168,340.844,355.509,0,0
1655.7489010000002,0.9311094185539561,341.005,355.396,0,0
1655.8488940000002,-1.3203013047930765,340.793,355.398,0,0
1655.9488959999999,-1.168813309689655,340.899,355.567,0,0
1656.048893,-1.6632243135984754,340.795,355.462,0,0
1656.148889,-0.2186072934997694,340.901,355.406,0,0
1656.248885,-0.6234110333680962,340.912,355.497,0,0
1656.348882,1.7574975830469821,341.131,355.486,0,0
1656.448885,3.900691415029871,341.371,355.555,0,0
1656.5488810000002,4.137976838806586,341.365,355.503,0,0
1656.64888,3.8527289058295926,341.346,355.518,0,0
1656.7488740000001,8.709204625279149,341.829,355.562,0,0
1656.8488710000001,11.825965871457818,342.104,355.526,0,0
1656.948868,12.506893008291081,342.203,355.59,0,0
1657.048867,6.113963050130837,341.595,355.584,0,0
1657.148864,7.867307994811245,341.734,355.535,0,0
1657.248865,7.894933197663695,341.731,355.525,0,0
1657.348865,6.499375020672646,341.582,355.494,0,0
1657.448862,7.303527100388815,341.672,355.52,0,0
1657.548856,6.787729608587341,341.585,355.45,0,0
1657.648852,4.313725154958912,341.515,355.752,0,0
1657.7488529999998,2.6850954491715804,341.282,355.607,0,0
1657.848854,1.7807480076092355,341.28,355.761,0,0
1657.948851,-1.3129409075249245,340.984,355.755,0,0
1658.048845,0.7898279276866367,341.143,355.682,0,0
1658.148845,-0.3105425561919785,340.973,355.561,0,0
1658.248843,2.281412926279628,341.175,355.482,0,0
1658.348841,0.9607857504026656,341.057,355.495,0,0
1658.448841,-0.8295239855136963,340.981,355.667,0,0
1658.548834,-0.7455840622849728,340.998,355.684,0,0
1658.6488319999999,-0.16761945191982525,341.034,355.65,0,0
1658.74883,0.3809379352687909,341.027,355.542,0,0
1658.848825,0.8586235508681508,341.172,355.726,0,0
1658.948824,0.5533965619988184,341.106,355.658,0,0
1659.048826,-0.6297943177446202,341.076,355.809,0,0
1659.148821,-2.710193378469418,340.928,355.899,0,0
1659.248819,-1.9938077055270103,340.901,355.725,0,0
1659.3488189999998,0.11287988480025402,341.037,355.609,0,0
1659.448816,0.332416209468908,341.144,355.768,0,0
1659.548814,-0.7992333956950314,341.008,355.715,0,0
1659.648813,-0.37785084102341276,341.108,355.826,0,0
1659.748809,1.0281822082620604,341.131,355.624,0,0
1659.848808,-1.4036964844436415,340.934,355.685,0,0
1659.948803,-0.4760480679453101,340.921,355.5,0,0
1660.0488019999998,-1.6847602069209904,340.9,355.672,0,0
1660.148799,-2.5182565898901705,340.796,355.626,0,0
1660.2488,-0.9975273489249848,340.863,355.485,0,0
1660.3487930000001,-1.8899572261701063,340.948,355.797,0,0
1660.448791,-1.6293997253586139,340.823,355.522,0,0
1660.5487919999998,-1.8926093918668656,340.88,355.673,0,0
1660.648789,-0.7836357025739452,341.001,355.703,0,0
1660.748787,3.5439333417209857,341.328,355.552,0,0
1660.848784,2.7800427661084544,341.342,355.711,0,0
1660.948778,3.631364789793028,341.337,355.554,0,0
1661.04878,3.512799620050215,341.293,355.494,0,0
1661.148774,1.145461544393089,341.232,355.794,0,0
1661.2487720000001,0.33772541080043256,341.1,355.692,0,0
1661.348775,-0.04792936963189081,340.959,355.5,0,0
1661.448773,1.1231170456134423,341.075,355.51,0,0
1661.548767,-0.8842228129404665,341.035,355.786,0,0
1661.6487630000001,1.0928659404808947,341.037,355.446,0,0
1661.7487649999998,-0.15998333876842014,341.014,355.622,0,0
1661.848759,-2.8098017919767693,340.829,355.743,0,0
1661.9487620000002,0.5201075360339732,341.016,355.508,0,0
1662.048759,0.19919875385000918,341.067,355.658,0,0
1662.1487579999998,-1.5485841318948195,341.001,355.841,0,0
1662.2487509999999,-1.4156233239143188,340.896,355.625,0,0
1662.348751,-0.852853134661681,340.986,355.693,0,0
1662.4487490000001,-0.8581072830938712,341.0,355.72,0,0
1662.548743,1.747162835187214,341.25,355.727,0,0
1662.648743,-1.4663068381747983,340.978,355.786,0,0
1662.748743,-0.7350048942306052,341.016,355.729,0,0
1662.848739,0.29447162826445283,341.036,355.587,0,0
1662.9487350000002,-0.4631621422442584,340.937,355.537,0,0
1663.048734,-0.9535003897136,340.991,355.722,0,0
1663.148733,-1.6463125014975073,340.909,355.692,0,0
1663.248733,-1.8902011948142803,340.945,355.801,0,0
1663.3487309999998,-1.8262715894088064,340.99,355.873,0,0
1663.4487250000002,-0.9365577742482004,340.987,355.713,0,0
1663.54872,-0.6861837714360761,341.023,355.736,0,0
1663.648719,-0.2213109637594892,341.032,355.672,0,0
1663.748719,-1.006544041719523,340.963,355.682,0,0
1663.8487169999999,-1.412491706072623,340.969,355.764,0,0
1663.948711,-1.445799594279912,341.001,355.829,0,0
1664.048711,0.49076741279021924,341.147,355.761,0,0
1664.1487080000002,0.07060866978508126,341.056,355.667,0,0
1664.248702,2.170133206460062,341.281,355.716,0,0
1664.3486939999998,-0.03688695464411419,341.027,355.633,0,0
1664.448694,3.0798668542546506,341.327,355.643,0,0
1664.548688,3.1573586647136054,341.376,355.72,0,0
1664.648683,2.8309742966003544,341.333,355.698,0,0
1664.7486780000002,2.5677879831530057,341.34,355.757,0,0
1664.848679,6.21882966362456,341.584,355.571,0,0
1664.9486740000002,3.852640550992091,341.528,355.88,0,0
1665.048665,4.375224331088402,341.518,355.771,0,0
1665.148666,5.877285334229918,341.699,355.843,0,0
1665.248656,4.144061090080599,341.461,355.707,0,0
1665.348656,5.272313437707015,341.661,355.879,0,0
1665.448648,6.812819180502417,341.719,355.718,0,0
1665.548649,7.582491433430923,341.809,355.75,0,0
1665.648643,6.151533338098118,341.661,355.727,0,0
1665.748638,7.684906633478842,341.733,355.593,0,0
1665.8486340000002,4.099004136394101,341.491,355.772,0,0
1665.948628,2.3349659799908196,341.274,355.68,0,0
1666.048626,3.123947391245205,341.368,355.716,0,0
1666.148625,3.4074530977468225,341.343,355.621,0,0
1666.248619,0.4495801628779901,341.168,355.814,0,0
1666.3486110000001,1.0045806941597073,341.154,355.692,0,0
1666.4486100000001,5.102035343048935,341.475,355.57,0,0
1666.548603,2.694274077510063,341.333,355.728,0,0
1666.648605,2.9136187935421756,341.359,355.738,0,0
1666.748595,2.332072923528964,341.281,355.696,0,0
1666.8485930000002,2.967978920724212,341.304,355.628,0,0
1666.9485889999999,2.128954725643893,341.231,355.64,0,0
1667.048587,2.1050971008197887,341.209,355.604,0,0
1667.148582,1.2839533134854144,341.254,355.83,0,0
1667.2485749999998,1.9081268010417853,341.296,355.799,0,0
1667.348571,4.129113179258648,341.339,355.492,0,0
1667.448572,2.2829476785811402,341.255,355.659,0,0
1667.548568,0.9483189543314992,341.096,355.599,0,0
1667.64856,1.1703698129026447,341.244,355.833,0,0
1667.748554,0.9327172448501712,341.217,355.825,0,0
1667.848553,1.291879437858339,341.141,355.623,0,0
1667.948547,0.2664112745772579,341.077,355.684,0,0
1668.048541,0.0439440976655695,341.021,355.62,0,0
1668.148544,0.13039944833598563,341.079,355.712,0,0
1668.248538,1.8968563531236529,341.21,355.646,0,0
1668.348534,-1.2915654877357283,340.967,355.754,0,0
1668.448529,-1.1869376293947105,340.999,355.795,0,0
1668.548523,1.1788558931818347,341.097,355.564,0,0
1668.648517,-0.19558093035521248,341.025,355.671,0,0
1668.7485179999999,-0.09484927082857257,341.03,355.663,0,0
1668.848514,1.1578089834215617,341.151,355.668,0,0
1668.94851,0.8277465446111456,341.112,355.654,0,0
1669.048505,2.0369596247426918,341.224,355.65,0,0
1669.1484990000001,1.8158350586812984,341.254,355.744,0,0
1669.248497,0.3230010969068818,341.192,355.89,0,0
1669.348493,0.7364109126331072,341.132,355.708,0,0
1669.448486,2.773702940409821,341.206,355.49,0,0
1669.5484820000001,2.4891316499067866,341.23,355.584,0,0
1669.6484779999998,0.5466709557653953,341.082,355.65,0,0
1669.748474,-0.8604088102363789,341.008,355.759,0,0
1669.8484709999998,1.8867163870975192,341.235,355.699,0,0
1669.948469,1.5155145645241097,341.172,355.648,0,0
1670.048462,3.1734349203865264,341.371,355.726,0,0
1670.148456,5.407475570961332,341.531,355.632,0,0
1670.2484539999998,5.740814146566473,341.633,355.762,0,0
1670.3484469999999,5.109373905772491,341.578,355.771,0,0
1670.448443,6.487757813032086,341.756,355.859,0,0
1670.548443,3.703072478393721,341.399,355.687,0,0
1670.6484369999998,5.526331764798935,341.487,355.532,0,0
1670.748433,4.4923900923291,341.351,355.462,0,0
1670.84843,3.0503511636222354,341.315,355.647,0,0
1670.9484280000001,3.2315342721035765,341.345,355.671,0,0
1671.048419,3.676419276747859,341.332,355.57,0,0
1671.1484169999999,2.8277424504562774,341.257,355.58,0,0
1671.248411,1.8348975520438986,341.245,355.731,0,0
1671.348408,1.556323229437439,341.225,355.743,0,0
1671.4484069999999,2.407422632378794,341.214,355.575,0,0
1671.5484,0.052308697764335436,341.071,355.722,0,0
1671.648398,3.0513608290201364,341.374,355.758,0,0
1671.7483940000002,1.3815648344755578,341.192,355.714,0,0
1671.8483899999999,0.29537899679212537,341.194,355.907,0,0
1671.948383,2.9843507491181644,341.403,355.824,0,0
1672.0483840000002,2.721882057867419,341.353,355.778,0,0
1672.148377,2.697561156544552,341.344,355.766,0,0
1672.248374,3.501275922269292,341.397,355.724,0,0
1672.348371,0.2712505813443958,341.143,355.819,0,0
1672.4483659999999,1.0246256288619922,341.182,355.76,0,0
1672.548368,3.3439777181379995,341.293,355.561,0,0
1672.648362,2.581466809657599,341.318,355.74,0,0
1672.748355,4.138513958602495,341.408,355.635,0,0
1672.848352,7.880097050884122,341.741,355.597,0,0
1672.948354,14.191952266025648,342.36,355.638,0,0
1673.048351,13.106286451057558,342.224,355.577,0,0
1673.148341,10.325195497967098,342.063,355.765,0,0
1673.2483379999999,9.513514055672566,342.029,355.844,0,0
1673.3483370000001,9.913363912170897,341.965,355.657,0,0
1673.448337,8.37113367074592,341.838,355.692,0,0
1673.5483330000002,9.19070530922303,341.905,355.673,0,0
1673.648326,7.635779179043216,341.898,355.931,0,0
1673.748326,9.701095082122496,342.029,355.813,0,0
1673.848318,8.291278682873491,341.908,355.836,0,0
1673.9483160000002,8.577082336611245,341.893,355.759,0,0
1674.048312,7.2688656258052005,341.799,355.814,0,0
1674.148311,5.971948648697463,341.624,355.718,0,0
1674.2483060000002,4.438009396159712,341.463,355.689,0,0
1674.348304,7.341210415660451,341.739,355.692,0,0
1674.4483,6.668415679711792,341.629,355.607,0,0
1674.5483000000002,9.445134276107645,342.005,355.816,0,0
1674.648293,11.004249527018079,342.099,355.718,0,0
1674.7482870000001,9.726122231210567,342.066,355.88,0,0
1674.8482860000001,9.198415757019456,341.892,355.652,0,0
1674.948284,8.823049110305776,341.896,355.725,0,0
1675.048278,7.211387165258218,341.782,355.796,0,0
1675.148278,5.932805568622557,341.737,355.936,0,0
1675.248274,7.920463921177658,341.765,355.642,0,0
1675.348267,6.617280630373159,341.728,355.801,0,0
1675.448269,3.8937390151601474,341.392,355.657,0,0
1675.5482630000001,3.312868115927084,341.357,355.694,0,0
1675.648259,3.9073999387248284,341.375,355.624,0,0
1675.748256,4.244453298718791,341.398,355.608,0,0
1675.848253,4.564946863002157,341.439,355.628,0,0
1675.948247,4.112561066955915,341.458,355.742,0,0
1676.048246,2.7429764370845056,341.337,355.758,0,0
1676.148242,1.9290341135188749,341.218,355.681,0,0
1676.24824,4.555242774364281,341.439,355.631,0,0
1676.348233,3.6520721636401015,341.392,355.702,0,0
1676.4482309999999,2.535387889823578,341.221,355.582,0,0
1676.548226,1.417523870870681,341.12,355.591,0,0
1676.6482279999998,1.3258292691285227,341.153,355.668,0,0
1676.748219,2.8228730369926693,341.252,355.59,0,0
1676.848219,5.109789160552522,341.417,355.496,0,0
1676.948216,3.6420147652469854,341.359,355.645,0,0
1677.0482120000001,1.700228354523981,341.254,355.79,0,0
1677.148209,3.4140548492878784,341.361,355.689,0,0
1677.2482029999999,1.90081127210621,341.19,355.638,0,0
1677.348204,3.1429204589157256,341.26,355.551,0,0
1677.448199,0.9925992352947526,341.213,355.839,0,0
1677.548196,0.7936230578931501,341.069,355.609,0,0
1677.648189,0.36267914793616896,340.946,355.458,0,0
1677.748188,0.9870521623154942,341.069,355.576,0,0
1677.848183,2.6443265120649717,341.175,355.483,0,0
1677.948178,0.768292794938291,341.061,355.6,0,0
1678.048179,1.8595886453610457,341.145,355.565,0,0
1678.1481740000002,3.3963767430681884,341.307,355.596,0,0
1678.248167,1.9270550425551365,341.107,355.484,0,0
1678.348164,0.6636384078373716,341.083,355.66,0,0
1678.448167,2.353794737541389,341.172,355.53,0,0
1678.548164,1.2667242857717007,341.1,355.587,0,0
1678.648156,0.9398589178782929,341.12,355.681,0,0
1678.74815,-0.372024938161165,341.005,355.698,0,0
1678.8481470000002,1.9810772749236545,341.223,355.69,0,0
1678.948145,1.6912282709971,341.234,355.761,0,0
1679.048141,-0.5470759307140617,341.039,355.792,0,0
1679.1481370000001,6.751045059747062,341.573,355.505,0,0
1679.2481329999998,11.671183220419392,342.118,355.652,0,0
1679.348132,11.529204044874705,342.012,355.482,0,0
1679.448131,9.318456542329091,341.887,355.637,0,0
1679.54813,8.052323755532171,341.766,355.635,0,0
1679.6481259999998,7.0073460571509605,341.642,355.589,0,0
1679.7481229999999,8.222570806591255,341.685,355.457,0,0
1679.848117,9.212256963999918,341.767,355.436,0,0
1679.948112,5.077634417161529,341.478,355.624,0,0
1680.0481140000002,4.63795721084317,341.352,355.469,0,0
1680.1481159999998,6.142795546129689,341.505,355.489,0,0
1680.248115,4.191594191564018,341.379,355.597,0,0
1680.3481100000001,4.921496674033212,341.481,355.658,0,0
1680.448111,5.8870469778459515,341.558,355.632,0,0
1680.5481100000002,7.736719843292784,341.711,355.592,0,0
1680.648109,8.44548436822326,341.786,355.607,0,0
1680.74811,7.460750432224171,341.634,355.499,0,0
1680.848106,7.873656578451273,341.687,355.525,0,0
1680.948108,11.272746701205508,341.93,355.381,0,0
1681.048104,9.38453798545626,341.798,355.467,0,0
1681.148103,7.342322799969597,341.621,355.497,0,0
1681.2481010000001,6.247200912156078,341.564,355.583,0,0
1681.348101,5.7369122136111494,341.521,355.593,0,0
1681.448104,3.272637649470041,341.303,355.621,0,0
1681.5481029999999,5.2524626446198255,341.377,355.413,0,0
1681.648101,3.8888116965967754,341.362,355.623,0,0
1681.748098,3.1569458726003106,341.235,355.517,0,0
1681.848101,5.058138876539474,341.332,355.365,0,0
1681.948094,1.706029372991028,341.117,355.553,0,0
1682.048096,1.687243701420547,341.077,355.483,0,0
1682.148098,2.9684059383121704,341.217,355.518,0,0
1682.2480959999998,2.3411163273081503,341.145,355.495,0,0
1682.348092,1.6413855373889283,341.133,355.595,0,0
1682.448094,-0.0026892116889144853,341.023,355.679,0,0
1682.54809,1.7591739879360984,341.159,355.623,0,0
1682.6480900000001,2.5164824466567244,341.15,355.475,0,0
1682.74809,1.969178234004744,341.116,355.508,0,0
1682.848091,0.9483166312362903,341.047,355.559,0,0
1682.94809,1.8295209908505263,341.072,355.452,0,0
1683.048089,0.37190162719980435,340.928,355.441,0,0
1683.148083,1.7916689773978136,341.111,355.531,0,0
1683.248081,2.1025220873361303,341.125,355.503,0,0
1683.348081,4.594728989101633,341.298,355.388,0,0
1683.4480859999999,4.91729327635909,341.343,355.415,0,0
1683.548082,1.0741905027277172,341.012,355.475,0,0
1683.6480789999998,-0.8795096486698173,340.82,355.462,0,0
1683.748078,0.966463007495576,341.027,355.522,0,0
1683.848082,-1.1046819618375545,340.769,355.408,0,0
1683.9480800000001,1.581989707033173,340.993,355.353,0,0
1684.0480759999998,2.0231680371573946,341.059,355.398,0,0
1684.1480789999998,2.3870997404882925,341.134,355.473,0,0
1684.2480730000002,1.3278479123342088,341.063,355.527,0,0
1684.348078,0.059639226895360366,340.963,355.564,0,0
1684.448073,-0.22766395534851896,340.94,355.572,0,0
1684.548071,-1.1312746887540936,340.856,355.575,0,0
1684.648072,0.7308036462321879,341.033,355.577,0,0
1684.748069,0.8864927163607664,341.022,355.53,0,0
1684.8480670000001,-0.25226770151764544,340.875,355.458,0,0
1684.9480700000001,0.1627184442616744,340.907,355.445,0,0
1685.048066,0.44139423979674275,340.906,355.395,0,0
1685.14807,-0.17718112647619397,340.887,355.468,0,0
1685.248069,1.4092788249864014,341.02,355.437,0,0
1685.3480630000001,1.0950906100391078,340.97,355.4,0,0
1685.448062,1.2263732183756113,341.048,355.521,0,0
1685.548065,3.6440834842824814,341.252,355.476,0,0
1685.648061,6.999492177089059,341.505,355.358,0,0
1685.7480600000001,4.097238594707095,341.382,355.637,0,0
1685.848059,2.2566550711882165,341.167,355.562,0,0
1685.948063,2.709566964562911,341.214,355.57,0,0
1686.048056,4.695335881592318,341.369,355.51,0,0
1686.148057,0.9429996233611486,341.133,355.729,0,0
1686.2480589999998,2.6030593491830163,341.186,355.538,0,0
1686.348055,3.4290440283911034,341.321,355.643,0,0
1686.448058,2.588675485294485,341.187,355.543,0,0
1686.548057,2.0094762149340086,341.019,355.335,0,0
1686.64805,0.5943511001088477,340.96,355.473,0,0
1686.7480560000001,1.7398653924129566,341.135,355.596,0,0
1686.848048,-0.5425301836097823,340.838,355.447,0,0
1686.948052,0.2450750224612103,340.946,355.509,0,0
1687.048053,1.3182455068913221,340.956,355.341,0,0
1687.148046,3.09202726146821,341.179,355.443,0,0
1687.2480449999998,2.018544003272916,341.061,355.413,0,0
1687.34805,1.341815323710569,341.024,355.463,0,0
1687.448046,2.0094428787818863,341.075,355.441,0,0
1687.548043,0.9943304743594994,341.006,355.491,0,0
1687.648045,0.4318539750192451,340.976,355.534,0,0
1687.748044,1.4535052247020444,341.042,355.478,0,0
1687.8480390000002,-0.43149682162445946,340.944,355.626,0,0
1687.948035,1.917950980108094,341.116,355.534,0,0
1688.0480360000001,1.6908926593089686,341.065,355.48,0,0
1688.1480319999998,0.2863427389580524,341.007,355.618,0,0
1688.248028,2.2148783710927855,341.143,355.533,0,0
1688.3480220000001,1.614487542769045,341.073,355.509,0,0
1688.448013,0.7745525937616572,341.001,355.523,0,0
1688.5480120000002,2.731121100395858,341.169,355.492,0,0
1688.648009,1.3679926442675283,341.016,355.448,0,0
1688.748002,0.6829952391158518,340.963,355.47,0,0
1688.847998,0.07862169657775295,341.066,355.765,0,0
1688.9479979999999,1.5741014926606154,341.073,355.518,0,0
1689.04799,-0.29112569186036624,340.966,355.646,0,0
1689.147984,-0.531507316554378,340.892,355.552,0,0
1689.247979,-1.3376727316727512,340.877,355.665,0,0
1689.347976,0.6322305453299616,341.043,355.628,0,0
1689.447974,1.8734357396646564,341.089,355.497,0,0
1689.547966,-0.12302531582902906,340.906,355.508,0,0
1689.647963,0.43399861860470734,341.021,355.623,0,0
1689.7479620000001,0.5623174500120262,341.046,355.647,0,0
1689.847953,2.1554789170498445,341.103,355.475,0,0
1689.9479529999999,1.3313794808714996,341.095,355.604,0,0
1690.0479480000001,3.0670423834161125,341.222,355.536,0,0
1690.147946,-1.325476358807278,340.851,355.618,0,0
1690.247938,-0.45211593805981354,340.947,355.643,0,0
1690.347934,0.6081435556192365,341.046,355.641,0,0
1690.447928,1.8518926011986936,341.058,355.447,0,0
1690.5479269999998,-1.1176698384067083,340.827,355.539,1,0
1690.647919,-0.5231424112561353,340.87,355.515,0,0
1690.747918,2.6993785041003595,341.155,355.479,0,0
1690.8479129999998,1.8978353665682364,341.085,355.49,0,0
1690.9479059999999,-0.10600662550988123,340.96,355.609,0,0
1691.047904,0.7158563858646019,341.062,355.654,0,0
1691.1479,3.362083969482399,341.255,355.549,0,0
1691.247892,-0.8405373744855513,340.865,355.563,0,0
1691.34789,-1.2575021794124923,340.858,355.623,0,0
1691.4478880000001,0.1413687808941558,340.995,355.632,0,0
1691.547882,0.8317813673490706,340.99,355.503,0,0
1691.647874,0.07048001559163666,340.895,355.461,0,0
1691.747871,0.010288030099414251,340.925,355.527,0,0
1691.847865,-0.8476014435267738,340.91,355.649,0,0
1691.947867,0.34649051468484915,340.926,355.471,0,0
1692.0478600000001,-1.207258730401564,340.874,355.646,0,0
1692.147858,1.005198779819397,340.995,355.484,0,0
1692.2478500000002,3.061549926929383,341.142,355.397,0,0
1692.3478440000001,1.250549598924746,341.101,355.637,0,0
1692.447845,1.595435595527203,341.103,355.581,0,0
1692.5478389999998,2.880065663249106,341.208,355.551,0,0
1692.647833,3.702643617945976,341.253,355.491,0,0
1692.747828,2.3429479328534635,341.14,355.52,0,0
1692.847828,2.8107990661309303,341.202,355.553,0,0
1692.9478219999999,2.2488117386259594,341.109,355.48,0,0
1693.047819,1.0773789379229313,341.035,355.548,0,0
1693.1478089999998,1.2537334483625804,341.089,355.617,0,0
1693.247807,1.4254990136593941,341.123,355.65,0,0
1693.3478049999999,2.4239472229817913,341.158,355.541,0,0
1693.4478000000001,-0.6021664522599118,340.926,355.641,0,0
1693.547795,0.8022036720993796,341.107,355.73,0,0
1693.6477909999999,1.5383786458053557,341.071,355.536,0,0
1693.747787,0.9324594238659357,341.032,355.57,0,0
1693.8477819999998,1.0472181922618635,341.053,355.589,0,0
1693.947777,1.7415390908302772,341.05,355.463,0,0
1694.0477720000001,2.152362016675791,341.149,355.574,0,0
1694.14777,4.013329560466621,341.246,355.429,0,0
1694.2477609999999,0.9825945676789527,341.069,355.631,0,0
1694.3477579999999,4.735454155341018,341.396,355.58,0,0
1694.447754,5.2058493978235125,341.424,355.55,0,0
1694.547749,7.268814746141479,341.695,355.69,0,0
1694.647747,7.233496235956404,341.623,355.564,0,0
1694.747744,3.6177336172829477,341.351,355.693,0,0
1694.847738,4.983962508881741,341.486,355.704,0,0
1694.947731,3.117633866569644,341.274,355.639,0,0
1695.0477290000001,5.152339505108941,341.507,355.714,0,0
1695.147723,2.239331365975735,341.277,355.798,0,0
1695.247723,4.5026278686236525,341.324,355.491,0,0
1695.3477180000002,4.808637267662176,341.387,355.554,0,0
1695.44771,3.762951994450567,341.32,355.613,0,0
1695.5477050000002,3.7922064050458704,341.309,355.588,0,0
1695.647703,5.188319203044266,341.449,355.603,0,0
1695.747699,3.146099453687352,341.297,355.679,0,0
1695.847698,4.696024079726456,341.401,355.601,0,0
1695.947691,4.697451599010282,341.414,355.625,0,0
1696.047689,3.191554523802935,341.285,355.65,0,0
1696.14769,5.0219251714870765,341.434,355.606,0,0
1696.2476869999998,2.9801602440989217,341.294,355.704,0,0
1696.347685,3.5776775094111333,341.34,355.685,0,0
1696.447685,3.337277515262431,341.316,355.683,0,0
1696.547683,3.1907057991099532,341.215,355.523,0,0
1696.647674,1.8875533144123815,341.128,355.59,0,0
1696.7476769999998,2.1197801517888757,341.165,355.618,0,0
1696.8476699999999,2.445802668560502,341.2,355.626,0,0
1696.947674,4.288144417096932,341.311,355.51,0,0
1697.047666,2.2585452857738826,341.214,355.685,0,0
1697.147666,3.794865471348003,341.414,355.786,0,0
1697.247665,3.7662153312915727,341.341,355.657,0,0
1697.34766,2.857274150683597,341.369,355.867,0,0
1697.447659,4.580309369589923,341.466,355.746,0,0
1697.547656,4.084736652663892,341.432,355.77,0,0
1697.647653,3.8599661507342122,341.416,355.78,0,0
1697.747656,5.050153369285103,341.43,355.599,0,0
1697.847649,2.576913082078677,341.228,355.658,0,0
1697.9476470000002,2.2252596713491584,341.175,355.622,0,0
1698.047645,3.3082733732496594,341.293,355.651,0,0
1698.1476480000001,2.083310186212296,341.146,355.594,0,0
1698.247646,2.524267389018396,341.206,355.628,0,0
1698.347639,3.4728000304023494,341.314,355.662,0,0
1698.4476399999999,0.8145336280254353,341.032,355.606,0,0
1698.547636,1.7637158466885927,341.233,355.811,0,0
1698.647636,0.9814959775036871,341.142,355.78,0,0
1698.747634,0.5307652485011176,341.078,355.741,0,0
1698.847628,1.1740233263661424,341.143,355.749,0,0
1698.947629,1.1058143400526983,341.113,355.706,0,0
1699.0476270000001,-1.0504071328447078,340.91,355.708,0,0
1699.147622,1.7116886742759236,341.102,355.581,0,0
1699.24762,1.1085210161508523,341.085,355.655,0,0
1699.3476229999999,-0.9741550264050662,340.927,355.727,0,0
1699.447619,0.9828835256435502,341.082,355.672,0,0
1699.547614,-0.9036829019784394,340.892,355.651,0,0
1699.647616,0.6166304871274036,340.897,355.396,0,0
1699.7476100000001,-0.7552818270370054,340.866,355.578,0,0
1699.8476110000001,0.17854256982824362,340.965,355.598,0,0
1699.947607,1.2758115048200156,341.08,355.619,0,0
1700.0476059999999,-0.5072826765881768,340.84,355.488,0,0
1700.1476010000001,2.574321180389829,341.122,355.471,0,0
1700.247599,0.3557897564858508,340.943,355.528,0,0
1700.347595,2.0946824923601897,341.054,355.43,0,0
1700.4475949999999,1.395197698845883,341.023,355.495,0,0
1700.5475940000001,2.361005567892463,341.056,355.388,0,0
1700.6475930000001,3.776169792209719,341.269,355.534,0,0
1700.747587,1.9817978146880666,341.06,355.462,0,0
1700.84759,1.8471122172072758,341.121,355.598,0,0
1700.947584,0.26350496891734315,341.014,355.677,0,0
1701.0475840000001,4.668338321646304,341.332,355.496,0,0
1701.147581,3.5192485346505635,341.165,355.389,0,0
1701.247576,4.11556648775074,341.331,355.591,0,0
1701.347577,3.2777153784578017,341.238,355.566,0,0
1701.447575,3.3451141586353406,341.273,355.619,0,0
1701.547574,3.8516194588304655,341.268,355.522,0,0
1701.6475719999999,3.7879790847497183,341.308,355.607,0,0
1701.7475670000001,4.448512596155447,341.298,355.474,0,0
1701.847564,4.918867779198519,341.426,355.628,0,0
1701.9475619999998,2.6458952135952902,341.15,355.516,0,0
1702.047564,2.6562981442810027,341.147,355.509,0,0
1702.147561,2.0607405676020525,341.078,355.486,0,0
1702.247555,4.40926368619763,341.276,355.442,0,0
1702.3475589999998,6.477990617167796,341.522,355.535,0,0
1702.447551,6.118773436601407,341.421,355.412,0,0
1702.5475490000001,7.914847369949613,341.676,355.569,0,0
1702.647549,6.209628930109149,341.57,355.671,0,0
1702.74755,5.181394350652777,341.559,355.83,0,0
1702.847542,3.6845267817087484,341.289,355.594,0,0
1702.9475419999999,4.114424518760883,341.411,355.744,0,0
1703.0475390000001,4.379546336093771,341.406,355.689,0,0
1703.147538,3.8769083242936735,341.236,355.464,0,0
1703.2475390000002,2.1335051241043224,341.184,355.672,0,0
1703.347536,4.443454041570436,341.274,355.436,0,0
1703.44753,3.6177800636206787,341.199,355.442,0,0
1703.5475319999998,2.0412959029026116,341.103,355.54,0,0
1703.647526,4.197898572712622,341.216,355.373,0,0
1703.747525,3.8938274684304366,341.18,355.36,0,0
1703.847522,2.1562041373448984,341.053,355.429,0,0
1703.947519,2.8210788458822735,341.107,355.413,0,0
1704.047517,2.3728830739001276,341.034,355.357,0,0
1704.147518,3.2563587350189183,341.144,355.406,0,0
1704.247514,2.13872317201329,341.074,355.472,0,0
1704.3475079999998,1.1645305099985712,341.023,355.548,0,0
1704.447507,1.597459401946169,341.048,355.519,0,0
1704.547501,0.6883480817478582,340.945,355.488,0,0
1704.6475,0.9444655599800795,341.031,355.602,0,0
1704.747498,1.5619881303332679,341.074,355.574,0,0
1704.847496,3.115823864987764,341.18,355.499,0,0
1704.9474930000001,3.085986448784088,341.202,355.545,0,0
1705.047485,4.009703822694041,341.287,355.541,0,0
1705.147483,3.3348551061949125,341.173,355.449,0,0
1705.247484,2.8831747885806114,341.185,355.55,0,0
1705.34748,2.4296976997114346,341.099,355.471,0,0
1705.4474779999998,3.0336263668887025,341.213,355.576,0,0
1705.547473,2.9562634543357778,341.093,355.369,0,0
1705.6474680000001,1.4737707344974935,341.076,355.596,0,0
1705.747467,2.167414901615803,341.055,355.437,0,0
1705.847462,3.9451120046690282,341.28,355.542,0,0
1705.947463,2.6323741021736824,341.041,355.331,0,0
1706.0474550000001,3.6292041553534866,341.109,355.283,0,0
1706.1474520000002,2.019125118133993,341.087,355.523,0,0
1706.247447,2.537105209161425,341.132,355.516,0,0
1706.347444,4.91755927498451,341.389,355.575,0,0
1706.447443,4.404791961916961,341.255,355.418,0,0
1706.547442,3.5002491027498195,341.222,355.515,0,0
1706.6474380000002,2.0012402544337244,341.123,355.594,0,0
1706.747439,2.444073594575372,341.106,355.486,0,0
1706.8474339999998,3.63976288569459,341.164,355.385,0,0
1706.947429,2.884669999312756,341.081,355.364,0,0
1707.047425,3.1902623050853722,341.057,355.267,0,0
1707.1474210000001,-0.22874670357146953,340.871,355.52,0,0
1707.247421,0.3044191715187043,340.887,355.457,0,0
1707.347417,2.6495134775433145,341.045,355.34,0,0
1707.4474140000002,2.0561986665047494,341.111,355.565,0,0
1707.5474080000001,2.119974103058447,341.025,355.396,0,0
1707.647406,4.0891601285729635,341.273,355.51,0,0
1707.7474040000002,2.3292530413861323,341.114,355.524,0,0
1707.847401,3.5111537488692375,341.162,355.407,0,0
1707.9473970000001,2.780435665439329,341.065,355.356,0,0
1708.047392,1.5340678584824483,340.985,355.426,0,0
1708.147389,4.28280065781615,341.254,355.443,0,0
1708.247386,6.89083976147946,341.526,355.49,0,0
1708.3473840000001,7.439905659092917,341.456,355.266,0,0
1708.447383,2.818414373630901,341.109,355.432,0,0
1708.5473829999999,2.8154964083467755,341.083,355.385,0,0
1708.6473799999999,3.2088890790179447,341.101,355.35,0,0
1708.747373,3.4921966084250307,341.045,355.198,0,0
1708.847372,0.26308542211385344,340.84,355.383,0,0
1708.947371,2.404948971274842,341.019,355.34,0,0
1709.047365,0.26339749358364123,340.925,355.54,0,0
1709.1473629999998,1.8579419724190622,340.993,355.388,0,0
1709.247359,2.0869703001984776,340.996,355.354,0,0
1709.3473589999999,3.438020274560757,341.16,355.421,0,0
1709.4473500000001,1.8675562319934083,340.97,355.345,0,0
1709.547353,2.2535678421862215,341.046,355.418,0,0
1709.647348,5.277725004795091,341.278,355.319,0,0
1709.747345,3.438721155371162,341.155,355.413,0,0
1709.847338,5.248165034245015,341.333,355.426,0,0
1709.947341,5.612573249298924,341.395,355.477,0,0
1710.0473359999999,3.582784909535467,341.217,355.503,0,0
1710.1473349999999,3.9177966830466877,341.211,355.434,0,0
1710.247325,4.4719069698103695,341.173,355.268,0,0
1710.3473230000002,3.9542491654272816,341.188,355.386,0,0
1710.447326,1.2518175647490917,340.979,355.472,0,0
1710.5473189999998,0.4581514521717471,340.788,355.259,0,0
1710.647316,-0.8779089241066746,340.793,355.501,0,0
1710.747312,2.1685449921074924,341.032,355.411,0,0
1710.847307,0.11510778382007664,340.786,355.316,0,0
1710.947304,-0.24554513030264496,340.824,355.449,0,0
1711.047304,-0.379479633806372,340.753,355.342,0,0
1711.1472979999999,-0.35436391151401414,340.759,355.349,0,0
1711.247296,-2.397074818341696,340.695,355.587,0,0
1711.347298,-1.8291639668561877,340.642,355.391,0,0
1711.4472930000002,-1.7468246202162174,340.692,355.469,0,0
1711.547287,-1.707692382665268,340.714,355.503,0,0
1711.647284,-1.5662570062397982,340.731,355.51,0,0
1711.747281,-0.5487300253431941,340.789,355.44,0,0
1711.847279,0.2857836898866941,340.896,355.492,0,0
1711.947273,1.348152151931829,340.924,355.359,0,0
1712.0472690000001,-0.7788946246728332,340.783,355.47,0,0
1712.1472649999998,0.2521618176468249,340.92,355.543,0,0
1712.2472639999999,1.444422458329692,340.938,355.369,0,0
1712.347258,1.7155335543880634,340.914,355.278,0,0
1712.447249,0.6778865538867304,340.882,355.4,0,0
1712.547246,1.7109996465659238,341.048,355.526,0,0
1712.647241,-1.2061138817665058,340.76,355.504,0,0
1712.747235,-0.11475995117206093,340.744,355.285,0,0
1712.847236,0.43470843893615124,340.811,355.313,0,0
1712.947228,1.0115599545583582,340.817,355.224,0,0
1713.047228,-0.5495184347865562,340.723,355.323,0,0
1713.147218,-0.12003865716500942,340.758,355.313,0,0
1713.247212,-0.08388214380368883,340.752,355.296,0,0
1713.347209,-1.5044615700876591,340.574,355.216,0,0
1713.447207,-0.4152286186480416,340.679,355.22,0,0
1713.547199,0.2229595510024712,340.787,355.308,0,0
1713.6471980000001,1.1655567814926209,340.814,355.194,0,0
1713.7471950000001,-0.6874941476993119,340.75,355.399,0,0
1713.84719,0.6916011610605011,340.921,355.474,0,0
1713.947182,-0.7579091515872819,340.662,355.25,0,0
1714.047177,0.6892331342610927,340.834,355.315,0,0
1714.1471780000002,-0.5642645826989081,340.768,355.412,0,0
1714.247173,2.0357352406255527,341.03,355.442,0,0
1714.347167,0.33535976462757067,340.9,355.499,0,0
1714.447158,2.1252909141591667,341.018,355.405,0,0
1714.547159,2.4333975731377984,341.035,355.383,0,0
1714.647153,0.3875167462106733,340.862,355.421,0,0
1714.7471440000002,0.5903438101282933,340.856,355.375,0,0
1714.847142,1.8455438134704956,340.993,355.409,0,0
1714.947141,-0.07597559699936828,340.841,355.464,0,0
1715.0471329999998,0.04684483868034091,340.847,355.454,0,0
1715.147131,1.0404318931842254,340.981,355.528,0,0
1715.247125,0.23781682410441188,340.756,355.254,0,0
1715.347117,-1.1180160373959078,340.77,355.516,0,0
1715.447115,0.7365207093739873,340.874,355.385,0,0
1715.547108,1.0533945978789931,340.819,355.229,0,0
1715.647106,0.1888373706756127,340.83,355.4,0,0
1715.747099,1.8785009033829556,341.032,355.478,0,0
1715.847098,0.793080867069492,340.902,355.428,0,0
1715.947095,1.2770687408975692,340.884,355.311,0,0
1716.047089,0.5456073089391849,340.919,355.503,0,0
1716.147085,1.6879627482263373,340.985,355.426,0,0
1716.247079,1.0661860006905337,340.957,355.483,0,0
1716.347072,2.2018417899259273,341.099,355.547,0,0
1716.447073,1.3325226065192493,340.959,355.441,0,0
1716.547064,1.9737101215947552,341.045,355.488,0,0
1716.647058,1.8823031492707545,340.984,355.392,0,0
1716.7470560000002,0.9548189374570675,340.851,355.309,0,0
1716.847053,1.4093242187327117,340.965,355.44,0,0
1716.947045,1.4880075261828825,340.969,355.434,0,0
1717.047042,0.15981848046906397,340.853,355.452,0,0
1717.147036,1.1115737588727403,340.97,355.502,0,0
1717.247034,0.8302484504934597,340.978,355.566,0,0
1717.347031,0.2362992553960005,340.926,355.574,0,0
1717.447022,2.082318693901436,341.058,355.496,0,0
1717.547019,1.6348321943200532,340.953,355.381,0,0
1717.647015,1.3240889359950831,340.943,355.417,0,0
1717.74701,-0.4689444254490111,340.845,355.549,0,0
1717.847003,1.0126937023106053,340.992,355.562,0,0
1717.946999,1.5709419461416865,340.962,355.41,0,0
1718.046997,0.8208975917534298,340.911,355.447,0,0
1718.1469920000002,0.7147497902511784,340.916,355.475,0,0
1718.246987,3.5681277419660367,341.09,355.299,0,0
1718.34698,0.9104975172499148,340.951,355.506,0,0
1718.446977,2.2684674811357874,341.07,355.489,0,0
1718.546977,2.8313484595167973,340.96,355.189,0,0
1718.64697,3.8007682202109274,341.164,355.396,0,0
1718.7469680000002,5.659235265221777,341.22,355.176,0,0
1718.846957,2.288579328127594,340.869,355.117,0,0
1718.9469550000001,2.852705229361708,341.07,355.389,0,0
1719.0469509999998,0.28382745872681336,340.897,355.518,0,0
1719.146947,0.8190548064946039,340.942,355.508,0,0
1719.246942,2.2276353977857557,340.981,355.335,0,0
1719.34694,2.4113504086023383,341.052,355.434,0,0
1719.4469299999998,-0.3912917254822972,340.802,355.462,0,0
1719.546928,0.34874757155027997,340.893,355.501,0,0
1719.6469220000001,1.0026106788855342,340.909,355.417,0,0
1719.746919,-0.4152276729181118,340.778,355.423,0,0
1719.846915,0.9063978141817981,340.949,355.508,0,0
1719.946909,6.789838490612857,341.384,355.285,0,0
1720.046908,5.5280633347309305,341.327,355.4,0,0
1720.146909,4.014567790395479,341.25,355.522,0,0
1720.246908,4.704051159249622,341.296,355.487,0,0
1720.346904,4.36619635545952,341.253,355.467,0,0
1720.446903,4.297087363095944,341.199,355.38,0,0
1720.546902,3.3601667712514987,341.095,355.352,0,0
1720.6469040000002,4.022732517339878,341.189,355.41,0,0
1720.7468999999999,3.8163608962333058,341.178,355.426,0,0
1720.846899,2.244256740814566,341.071,355.503,0,0
1720.946899,2.933069361283164,341.074,355.389,0,0
1721.046893,2.1549718904968715,341.041,355.464,0,0
1721.1468889999999,3.05527430765431,341.064,355.35,0,0
1721.246892,1.9691098755595842,341.066,355.543,0,0
1721.346885,1.8767632664143046,341.056,355.541,0,0
1721.446888,1.4869890560045702,340.932,355.381,0,0
1721.546885,2.7665338073621215,341.13,355.523,0,0
1721.646886,6.9672245043190815,341.47,355.418,0,0
1721.746878,11.181909785192175,341.876,355.432,0,0
1721.8468770000002,9.879493390070719,341.707,355.348,0,0
1721.946875,8.782538193525419,341.677,355.484,0,0
1722.046873,9.187203794398714,341.689,355.436,0,0
1722.146878,6.447826001939837,341.339,355.269,0,0
1722.2468700000002,3.5547986811682066,341.181,355.482,0,0
1722.346873,5.1661576578334705,341.187,355.213,0,0
1722.446866,5.07309718866078,341.234,355.316,0,0
1722.546871,5.81519435781185,341.354,355.408,0,0
1722.646869,3.4015260927274027,341.106,355.372,0,0
1722.746862,3.2292057516443133,341.033,355.268,0,0
1722.846864,2.611988663420511,341.1,355.499,0,0
1722.946862,1.792330080732981,340.956,355.377,0,0
1723.046856,3.545021541325419,341.077,355.295,0,0
1723.1468559999998,1.7257654238282272,341.02,355.507,0,0
1723.2468589999999,2.651579693380917,341.059,355.418,0,0
1723.3468500000001,3.450002053872143,341.174,355.491,0,0
1723.446854,3.7057163385793586,341.148,355.399,0,0
1723.5468500000002,3.3037232645196846,341.106,355.392,0,0
1723.646848,5.037354985376879,341.179,355.225,0,0
1723.7468470000001,2.344529406246079,341.097,355.543,0,0
1723.8468440000001,2.860460594764434,341.113,355.483,0,0
1723.9468419999998,2.4860566452844486,341.066,355.462,0,0
1724.04684,2.4702870176460845,341.004,355.351,0,0
1724.14684,1.0717704098010938,340.852,355.315,0,0
1724.2468359999998,2.49638269187967,341.036,355.406,0,0
1724.346834,1.5208457062613732,340.924,355.37,0,0
1724.4468330000002,2.1383767144157426,340.967,355.342,0,0
1724.5468349999999,2.0719970515751664,340.985,355.387,0,0
1724.6468300000001,0.11758931659678352,340.875,355.525,0,0
1724.746829,1.406172979645538,340.907,355.36,0,0
1724.8468300000002,1.380262216510265,340.906,355.363,0,0
1724.946824,1.9239992103318815,340.948,355.346,0,0
1725.046822,1.7079533287105422,340.985,355.452,0,0
1725.146823,1.9717100898293216,340.969,355.377,0,0
1725.2468219999998,1.5692523930151454,340.94,355.394,0,0
1725.3468189999999,4.917772794997987,341.213,355.314,0,0
1725.446815,4.3636031262200925,341.149,355.293,0,0
1725.5468170000001,2.9363617667867437,340.972,355.216,0,0
1725.6468160000002,2.195250023297033,341.005,355.406,0,0
1725.746804,4.1959830234508475,341.15,355.325,0,0
1725.8468070000001,2.3250137658601018,341.068,355.5,0,0
1725.946812,2.523473209402882,341.073,355.475,0,0
1726.046804,4.5828585476136245,341.148,355.255,0,0
1726.146803,5.361020817114874,341.335,355.464,0,0
1726.246801,4.728457439558143,341.275,355.464,0,0
1726.346805,3.227898545763112,341.059,355.328,0,0
1726.446801,4.0964689351520605,341.104,355.26,0,0
1726.546797,1.489647430977397,340.966,355.46,0,0
1726.6467930000001,2.663958106362777,341.041,355.394,0,0
1726.746792,2.6168991344733588,341.038,355.397,0,0
1726.84679,4.8886514430453225,341.232,355.359,0,0
1726.946793,4.952143143985205,341.29,355.455,0,0
1727.046787,5.2280769416495145,341.292,355.411,0,0
1727.146785,2.6304880884297526,341.069,355.453,0,0
1727.246784,2.1351770388941658,340.991,355.396,0,0
1727.3467819999998,1.3490621469890296,340.898,355.362,0,0
1727.446783,3.280601941213419,341.037,355.282,0,0
1727.546781,2.7252751028462088,340.993,355.298,0,0
1727.646776,0.869242793184459,340.926,355.498,0,0
1727.7467760000002,2.9971413015720336,340.989,355.244,0,0
1727.846775,2.186641470189278,340.935,355.286,0,0
1727.94677,3.5496375367922566,341.136,355.419,0,0
1728.046768,3.9754763005741465,341.1,355.279,0,0
1728.146765,2.9987395483599233,341.108,355.464,0,0
1728.246764,3.610308454009465,341.12,355.38,0,0
1728.346757,3.0154655073175847,341.019,355.298,0,0
1728.4467590000002,0.06662456346157794,340.753,355.322,0,0
1728.5467520000002,-0.05036389442337278,340.851,355.523,0,0
1728.646751,1.1534306649833757,340.794,355.209,0,0
1728.7467479999998,1.1139056487078527,340.914,355.437,0,0
1728.846744,2.8379283071621617,340.885,355.084,0,0
1728.946742,4.31331534947654,341.145,355.306,0,0
1729.0467409999999,2.2651245513194302,341.012,355.418,0,0
1729.1467360000001,4.635479223411256,341.255,355.453,0,0
1729.24673,5.154638027247058,341.255,355.363,0,0
1729.34673,4.043485641303799,341.103,355.277,0,0
1729.446723,1.0010223401727063,340.97,355.562,0,0
1729.546724,3.16817824424565,341.159,355.533,0,0
1729.6467209999998,4.06183869635972,341.133,355.33,0,0
1729.746716,2.8435236495291183,341.06,355.408,0,0
1729.8467150000001,1.7357808644183028,340.998,355.487,0,0
1729.9467109999998,2.903436526241792,341.049,355.378,0,0
1730.046703,1.2171381221549076,340.81,355.232,0,0
1730.146702,0.4744588654263746,340.751,355.253,0,0
1730.246699,-0.1523555915010038,340.691,355.252,0,0
1730.346695,-0.35118998537718393,340.803,355.493,0,0
1730.446691,2.7180556264257234,340.986,355.296,0,0
1730.546687,3.404523605468175,341.104,355.394,0,0
1730.646687,6.081311907974145,341.37,355.418,0,0
1730.746681,4.474566026912146,341.107,355.214,0,0
1730.8466839999999,2.8792283148043585,341.044,355.376,0,0
1730.94668,1.9542936044086754,340.877,355.23,0,0
1731.0466740000002,1.201040144899644,340.817,355.251,0,0
1731.1466710000002,1.9015139260396063,340.976,355.422,0,0
1731.246668,1.480951107113247,340.823,355.214,0,0
1731.3466640000001,2.4414686055921653,340.893,355.176,0,0
1731.4466599999998,1.8380549245969617,340.945,355.377,0,0
1731.546658,0.3418707865800996,340.718,355.22,0,0
1731.6466540000001,2.0883316654813866,340.902,355.255,0,0
1731.7466499999998,0.5923207894585989,340.806,355.339,0,0
1731.846649,1.0404358179034237,340.827,355.3,0,0
1731.946644,0.7375347725961443,340.771,355.25,0,0
1732.0466399999998,-0.6706763159624556,340.717,355.396,0,0
1732.146641,0.48708776699721673,340.785,355.32,0,0
1732.2466359999999,-0.22683284244567284,340.676,355.244,0,0
1732.346636,0.934329898146454,340.859,355.379,0,0
1732.446633,-0.22232293211558057,340.669,355.231,0,0
1732.546629,-0.9610939696656994,340.612,355.255,0,0
1732.646624,-0.10450248192882998,340.72,355.305,0,0
1732.746621,2.072785421132509,340.873,355.208,0,0
1732.846619,1.2930803544889335,340.848,355.298,0,0
1732.946615,-0.7725994917973569,340.759,355.494,0,0
1733.046609,1.5463779207260557,340.733,355.043,0,0
1733.146608,1.0636786940838927,340.735,355.131,0,0
1733.246606,-0.7203537688338998,340.571,355.14,0,0
1733.346599,-0.7559588356366245,340.668,355.325,0,0
1733.4465989999999,-1.2059820096804923,340.597,355.273,0,0
1733.546596,-1.7107608904567293,340.623,355.409,0,0
1733.646594,-0.5281564699963608,340.664,355.279,0,0
1733.7465849999999,0.0824729944922823,340.727,355.289,0,0
1733.846586,-1.0634314611480564,340.669,355.382,0,0
1733.9465830000001,-0.6260632851208083,340.558,355.102,0,0
1734.046582,-1.9999956895180095,340.448,355.139,0,0
1734.146574,2.279981778531527,340.858,355.149,0,0
1734.2465759999998,3.0374855999615447,340.98,355.242,0,0
1734.3465700000002,3.209062996444727,340.958,355.172,0,0
1734.446566,2.3146735063468205,340.864,355.155,0,0
1734.546563,3.4213736185228507,341.0,355.213,0,0
1734.6465589999998,3.270889249744974,340.947,355.142,0,0
1734.746555,2.313951310129441,340.896,355.215,0,0
1734.8465549999999,0.8227474424600796,340.851,355.392,0,0
1734.946551,3.741246216508782,340.898,354.971,0,0
1735.0465490000001,2.730938144780075,340.93,355.206,0,0
1735.146541,6.107040711896549,341.223,355.158,0,0
1735.246544,6.076328784590908,341.171,355.068,0,0
1735.346537,3.711360450286487,341.02,355.202,0,0
1735.446533,5.398553818470095,341.106,355.067,0,0
1735.54653,3.631753216037987,340.967,355.119,0,0
1735.646529,3.7745842419166524,340.97,355.1,0,0
1735.7465220000001,0.3539638582987919,340.817,355.414,0,0
1735.846524,3.313126765977976,340.926,355.1,0,0
1735.946518,2.2860967602872853,340.82,355.084,0,0
1736.0465179999999,2.717188345416647,340.872,355.105,0,0
1736.146512,1.6405005383815594,340.77,355.105,0,0
1736.2465109999998,1.9097494718164072,340.823,355.156,0,0
1736.346505,1.7684440640807189,340.81,355.157,0,0
1736.446504,1.5112307358729695,340.898,355.364,0,0
1736.546501,2.1499374520244743,340.893,355.244,0,0
1736.646491,1.572307241388789,340.867,355.297,0,0
1736.746489,4.843845438858676,341.08,355.12,0,0
1736.8464860000001,3.8069340793587494,340.966,355.091,0,0
1736.946483,2.3608106058164746,340.872,355.17,0,0
1737.046479,3.5243022783162297,340.99,355.185,0,0
1737.1464760000001,-0.3854498423319282,340.669,355.275,0,0
1737.246477,1.3816970803838406,340.868,355.334,0,0
1737.3464680000002,2.634427917500285,340.889,355.155,0,0
1737.4464699999999,1.5144904179094207,340.859,355.295,0,0
1737.546468,1.8046723831538278,340.883,355.289,0,0
1737.6464609999998,0.7847757126285597,340.763,355.246,0,0
1737.746458,3.46481397474136,340.963,355.148,0,0
1737.8464580000002,0.7106796328345967,340.729,355.197,0,0
1737.9464520000001,0.4399591660622536,340.688,355.169,0,0
1738.0464439999998,0.39634670765327024,340.7,355.199,0,0
1738.146441,-1.2964421842432208,340.593,355.297,0,0
1738.246443,0.4084163450634217,340.766,355.319,0,0
1738.3464339999998,1.979994974969105,340.809,355.125,0,0
1738.446436,2.5522143088845577,340.92,355.23,0,0
1738.546429,3.5580416562090114,340.947,355.105,0,0
1738.646429,3.0052306102615134,340.944,355.196,0,0
1738.746422,2.561194896473873,340.854,355.108,0,0
1738.846422,0.7759851110833978,340.76,355.246,0,0
1738.946416,1.3165242982602283,340.768,355.167,0,0
1739.0464140000001,0.3972862192097844,340.726,355.25,0,0
1739.146413,2.38584875011514,340.853,355.138,0,0
1739.2464069999999,0.8746881991383172,340.711,355.14,0,0
1739.3464040000001,0.9388885559024833,340.737,355.177,0,0
1739.446403,1.8471865300652228,340.895,355.31,0,0
1739.546397,1.1020109280423722,340.77,355.21,0,0
1739.6463899999999,0.9179976149703257,340.641,355.005,0,0
1739.7463910000001,0.8796570686897844,340.691,355.104,0,0
1739.846386,5.054130222370765,341.072,355.079,0,0
1739.946381,2.8259503531602874,340.916,355.18,0,0
1740.04638,6.406866868119123,341.255,355.181,0,0
1740.146376,9.114668257634326,341.581,355.31,0,0
1740.2463770000002,8.819163217125991,341.442,355.106,0,0
1740.346368,8.264047332398238,341.454,355.225,0,0
1740.446365,6.76048538412678,341.285,355.176,0,0
1740.546366,6.641467334778841,341.304,355.232,0,0
1740.646356,6.107348952574963,341.137,355.018,0,0
1740.746354,4.239860218389866,340.995,355.082,0,0
1740.846355,3.44774412404117,340.971,355.176,0,0
1740.946352,1.7030039601735574,340.858,355.272,0,0
1741.046349,2.704221669835004,340.915,355.203,0,0
1741.146346,3.3134581703367973,341.017,355.285,0,0
1741.246341,2.671257410835193,340.93,355.237,0,0
1741.346337,1.3543674840424234,340.758,355.15,0,0
1741.446331,0.44615941999848635,340.729,355.255,0,0
1741.546329,2.457473797534178,340.875,355.174,0,0
1741.6463230000002,0.5920850901934638,340.662,355.107,0,0
1741.746323,2.027982871043326,340.815,355.139,0,0
1741.84632,2.1188748409084788,340.787,355.072,0,0
1741.9463170000001,-0.34447559067249994,340.618,355.19,0,0
1742.04631,0.9316359259859751,340.801,355.305,0,0
1742.146306,1.105965817864796,340.801,355.275,0,0
1742.246305,0.8417088331828283,340.703,355.141,0,0
1742.3463000000002,1.8035839161209388,340.834,355.215,0,0
1742.4462990000002,2.022755444656222,340.804,355.122,0,0
1742.5462949999999,1.5989071189809412,340.817,355.22,0,0
1742.646292,-0.22858825972072846,340.694,355.312,0,0
1742.74629,-1.5400008734034272,340.616,355.397,0,0
1742.846288,0.5127028353271773,340.742,355.272,0,0
1742.9462839999999,1.02521106275512,340.718,355.139,0,0
1743.046278,-0.4188317978712685,340.603,355.179,0,0
1743.1462749999998,-2.129076775522129,340.465,355.223,0,0
1743.246275,-0.5345826519506388,340.683,355.347,0,0
1743.346268,0.54916459160584,340.744,355.271,0,0
1743.446268,1.007155524330173,340.798,355.291,0,0
1743.546262,2.6133930654305844,340.972,355.332,0,0
1743.646258,1.3072842616633553,340.857,355.348,0,0
1743.7462549999998,2.1052932434764062,340.885,355.261,0,0
1743.846255,0.20882073037306753,340.787,355.411,0,0
1743.946249,2.6350521784943286,341.013,355.405,0,0
1744.046246,0.9931142132681201,340.807,355.312,0,0
1744.146248,-0.01853206602243588,340.753,355.389,0,0
1744.24624,-0.08556382210286156,340.703,355.309,0,0
1744.3462439999998,-0.8041115431061242,340.674,355.381,0,0
1744.4462409999999,1.294321818323994,340.844,355.329,0,0
1744.546233,-0.3260557279996719,340.752,355.442,0,0
1744.646236,-0.602736910277603,340.68,355.358,0,0
1744.746234,0.23340347110319573,340.779,355.395,0,0
1744.846233,-1.6354580915664776,340.626,355.439,0,0
1744.9462290000001,0.018413951424703586,340.692,355.273,0,0
1745.046223,2.357777010199988,340.85,355.157,0,0
1745.146222,0.9822149792827393,340.798,355.301,0,0
1745.246222,1.552629612314992,340.836,355.272,0,0
1745.3462180000001,3.160231714171223,341.046,355.379,0,0
1745.4462139999998,6.614310657751961,341.248,355.15,0,0
1745.5462169999998,10.181386442754059,341.702,355.365,0,0
1745.6462099999999,11.551100457617808,341.802,355.311,0,0
1745.746208,10.932323572077323,341.777,355.373,0,0
1745.846207,9.834761537236444,341.579,355.2,0,0
1745.946206,6.71420343353721,341.306,355.241,0,0
1746.046205,7.846213606855538,341.402,355.221,0,0
1746.1462009999998,7.825117387661123,341.452,355.317,0,0
1746.2462,4.824526310772267,341.261,355.488,0,0
1746.346199,3.1133843617363337,341.074,355.442,0,0
1746.446195,2.639251992482756,340.948,355.293,0,0
1746.546193,4.345066388589349,341.045,355.175,0,0
1746.646186,3.669704928491726,341.094,355.383,0,0
1746.746185,1.6341850162897757,340.916,355.41,0,0
1746.846182,1.357970050278409,340.831,355.302,0,0
1746.946184,3.3033287987744995,340.93,355.146,0,0
1747.0461799999998,1.5024933664966724,340.828,355.272,0,0
1747.146178,-1.49762113108195,340.599,355.373,0,0
1747.246179,0.05324542535522596,340.702,355.293,0,0
1747.346172,-0.1974585820000258,340.633,355.21,0,0
1747.446169,0.24354118487033147,340.643,355.152,0,0
1747.546169,0.11624615087031473,340.671,355.226,0,0
1747.646171,-0.0811197074355476,340.594,355.119,0,0
1747.746163,-0.9461288347574889,340.618,355.314,0,0
1747.8461470000002,1.2845246834070203,340.713,355.101,0,0
1747.9461640000002,1.5365479981755665,340.741,355.109,0,0
1748.046159,2.0444259548224806,340.797,355.124,0,0
1748.146154,1.2513712031596693,340.824,355.312,0,0
1748.246151,-0.024603230620292155,340.67,355.251,0,0
1748.346151,0.5441783893867775,340.766,355.329,0,0
1748.446148,0.4989469127747412,340.811,355.42,0,0
1748.546151,2.7176520215881914,340.894,355.187,0,0
1748.646144,0.44903944096160253,340.682,355.192,0,0
1748.7461429999998,0.9656306449069781,340.791,355.303,0,0
1748.8461399999999,1.0519147960532165,340.793,355.292,0,0
1748.946142,1.9579655294596725,340.841,355.223,0,0
1749.046138,0.8695614333996485,340.733,355.214,0,0
1749.146131,2.064088927497854,340.861,355.242,0,0
1749.246131,1.6613924822964972,340.876,355.34,0,0
1749.3461280000001,1.1375818365019952,340.804,355.299,0,0
1749.446129,0.9461479884330328,340.833,355.386,0,0
1749.5461229999999,1.317943590111021,340.862,355.375,0,0
1749.64612,1.090694992354812,340.78,355.264,0,0
1749.74612,2.1417475300471147,340.964,355.42,0,0
1749.846117,1.4381707752814725,340.875,355.379,0,0
1749.9461170000002,0.9359640059950418,340.817,355.36,0,0
1750.046115,1.1406677877861184,340.759,355.218,0,0
1750.1461129999998,1.902994681393842,340.907,355.358,0,0
1750.24611,1.0881640705124611,340.789,355.283,0,0
1750.346107,2.836061527402472,340.859,355.108,0,0
1750.446104,1.2089977001438064,340.818,355.316,0,0
1750.5461,0.4013106467259943,340.661,355.168,0,0
1750.6461040000002,-0.08573212230290081,340.624,355.185,0,0
1750.746102,0.32464960722944003,340.736,355.32,0,0
1750.846098,2.1121285025117267,340.713,354.967,0,0
1750.946096,3.059969292460646,340.878,355.106,0,0
1751.04609,0.9543044805755474,340.77,355.274,0,0
1751.146087,2.6435717712584297,340.86,355.146,0,0
1751.246085,0.7643765057579359,340.687,355.155,0,0
1751.3460830000001,2.025534071595307,340.905,355.337,0,0
1751.446082,1.8996909490790148,340.769,355.109,0,0
1751.546079,4.649838385058121,340.999,355.054,0,0
1751.646077,2.9002322393383224,340.985,355.333,0,0
1751.746075,3.8079075785044973,341.0,355.203,0,0
1751.8460759999998,2.714634244622746,340.991,355.377,0,0
1751.9460689999999,5.54712638022239,341.119,355.12,0,0
1752.0460640000001,4.913643048902785,341.085,355.168,0,0
1752.146061,3.1295969157896173,340.971,355.269,0,0
1752.24606,5.571244510349775,341.174,355.218,0,0
1752.346053,3.78514192439294,341.031,355.266,0,0
1752.446054,4.874413101330689,341.086,355.178,0,0
1752.546048,5.462732664326641,341.192,355.271,0,0
1752.646046,3.2194162090693696,340.965,355.244,0,0
1752.746038,2.2542383170877134,340.848,355.197,0,0
1752.846033,1.7062495968242417,340.871,355.335,0,0
1752.946034,5.687681684446567,341.112,355.086,0,0
1753.0460309999999,4.086411147631345,340.968,355.1,0,0
1753.146025,4.011763508473265,340.995,355.163,0,0
1753.2460230000002,4.166767487379062,341.041,355.221,0,0
1753.346017,3.585009845414586,341.007,355.26,0,0
1753.446016,-0.6785315765114103,340.677,355.395,0,0
1753.546012,1.422708833716104,340.744,355.153,0,0
1753.646007,3.038172189701563,340.858,355.082,0,0
1753.746005,1.8943217199850149,340.854,355.274,0,0
1753.845996,5.795487477727344,341.176,355.188,0,0
1753.945995,1.6694038121598753,340.884,355.369,0,0
1754.045989,3.940279996193726,341.004,355.195,0,0
1754.145988,2.580837821308803,340.897,355.235,0,0
1754.245987,2.051260403099098,340.875,355.287,0,0
1754.345979,1.4989212255993591,340.859,355.354,0,0
1754.445974,1.827998808991045,340.797,355.183,0,0
1754.545975,2.2905727590833918,340.896,355.285,0,0
1754.645966,1.0106828285649303,340.765,355.267,0,0
1754.745964,2.003821256270238,340.912,355.365,0,0
1754.845958,1.6657645350708847,340.838,355.288,0,0
1754.945956,0.44104188153268004,340.722,355.288,0,0
1755.0459509999998,3.4643091233958,340.93,355.145,0,0
1755.145951,1.668499271454331,340.91,355.421,0,0
1755.245948,-2.548381629318436,340.598,355.581,0,0
1755.345939,0.851465174671155,340.759,355.286,0,0
1755.445935,1.1035020574333951,340.762,355.248,0,0
1755.545934,0.039713216975599284,340.621,355.174,0,0
1755.645933,-0.3137664422985292,340.595,355.188,0,0
1755.74593,0.6577471883298998,340.778,355.356,0,0
1755.845921,2.941027726600869,340.922,355.224,0,0
1755.94592,0.922255554763947,340.832,355.41,0,0
1756.0459150000002,3.0308244772735646,340.966,355.29,0,0
1756.1459129999998,2.4247045485107415,340.921,355.313,0,0
1756.245908,1.3326343117642225,340.792,355.266,0,0
1756.345903,2.2460371349864334,340.857,355.227,0,0
1756.4459,1.9075157397527471,340.796,355.174,0,0
1756.545895,2.970552555118725,340.917,355.212,0,0
1756.645894,0.160533955730842,340.75,355.394,0,0
1756.745886,3.4086044724956652,341.026,355.337,0,0
1756.845885,6.275528144479087,341.279,355.304,0,0
1756.945882,6.81810980094903,341.366,355.37,0,0
1757.0458740000001,6.049671198414671,341.36,355.493,0,0
1757.145873,5.0849606920902755,341.23,355.422,0,0
1757.245868,2.8428258433307825,340.933,355.266,0,0
1757.345866,3.9208210185452748,341.019,355.237,0,0
1757.445859,1.732868346723829,340.888,355.377,0,0
1757.5458589999998,1.0745801099066692,340.806,355.341,0,0
1757.645854,0.7190231216006532,340.801,355.394,0,0
1757.7458510000001,1.781465122998995,340.704,355.031,0,0
1757.845847,3.3570892734532345,340.98,355.265,0,0
1757.9458419999999,1.9962956697608374,340.812,355.193,0,0
1758.0458370000001,1.6193301295250555,340.874,355.373,0,0
1758.145837,3.1175669121607275,340.953,355.258,0,0
1758.245834,2.8882438363743512,340.892,355.186,0,0
1758.345826,3.4117442813950456,340.981,355.259,0,0
1758.445821,2.212977635701725,340.918,355.352,0,0
1758.545821,2.4220036099484954,340.974,355.419,0,0
1758.645814,4.694981428673732,341.023,355.114,0,0
1758.7458100000001,1.504022294028848,340.889,355.423,0,0
1758.845811,2.321130223315045,340.89,355.283,0,0
1758.9458060000002,2.3174975653839347,340.971,355.433,0,0
1759.045801,3.4114038007634706,340.946,355.197,0,0
1759.145795,2.9448315073804556,340.893,355.181,0,0
1759.245791,1.7503837992695062,340.944,355.483,0,0
1759.34579,2.9246975217939157,341.044,355.463,0,0
1759.4457830000001,2.4889504434614143,340.945,355.357,0,0
1759.54578,3.7253473846681326,341.015,355.271,0,0
1759.645781,2.6270552299582293,340.924,355.295,0,0
1759.745778,2.889874087674055,340.984,355.36,0,0
1759.845769,0.3495223795550211,340.805,355.473,0,0
1759.945772,2.459218745008867,340.994,355.454,0,0
1760.045766,2.1016170992399044,340.935,355.408,0,0
1760.145766,3.475493527179772,340.993,355.276,0,0
1760.245761,2.73235067046152,340.972,355.367,0,0
1760.345757,2.4954304177712525,340.938,355.346,0,0
1760.445756,3.6908935800880216,341.04,355.326,0,0
1760.545756,1.0084632051685796,340.878,355.495,0,0
1760.645749,2.584423922726132,340.91,355.28,0,0
1760.745746,3.26769009534666,341.019,355.362,0,0
1760.845744,5.979688864610503,341.228,355.275,0,0
1760.945746,5.197690332811765,341.218,355.393,0,0
1761.0457430000001,4.0125406502080505,341.034,355.261,0,0
1761.1457420000002,4.319941844577288,341.133,355.39,0,0
1761.2457339999999,4.690822329778113,341.163,355.381,0,0
1761.345732,4.491860277598448,341.069,355.243,0,0
1761.445731,7.229792282500677,341.381,355.341,0,0
1761.545732,8.220660681570864,341.468,355.329,0,0
1761.645725,9.895223261423121,341.549,355.187,0,0
1761.745725,6.787768169415586,341.293,355.257,0,0
1761.8457250000001,6.996568232750304,341.343,355.313,0,0
1761.945717,7.891357046658552,341.397,355.257,0,0
1762.045717,6.706153761972097,341.338,355.355,0,0
1762.145716,5.709245664235927,341.243,355.354,0,0
1762.245713,5.477164291445308,341.185,355.288,0,0
1762.345706,3.906679424875049,341.095,355.396,0,0
1762.445705,5.153879402573515,341.172,355.321,0,0
1762.545703,5.589408847113696,341.088,355.091,0,0
1762.645702,2.606499336955677,340.959,355.373,0,0
1762.745702,2.585009659079906,340.872,355.217,0,0
1762.8456999999999,4.483217355565831,341.041,355.198,0,0
1762.9456910000001,3.9306328397129477,341.069,355.346,0,0
1763.045689,2.9712066235941226,340.952,355.298,0,0
1763.145692,3.9220615275702624,341.07,355.35,0,0
1763.245685,4.201041104292312,340.975,355.127,0,0
1763.3456820000001,2.0284494571701863,340.946,355.452,0,0
1763.44568,4.5793209264306025,341.099,355.29,0,0
1763.545681,3.019616867658784,341.066,355.501,0,0
1763.645677,4.3664036186875395,341.041,355.221,0,0
1763.745673,3.7938286555431335,341.047,355.332,0,0
1763.845672,3.847475682253923,341.047,355.323,0,0
1763.945673,2.074496099651078,340.871,355.308,0,0
1764.0456640000002,1.4649483080625407,340.786,355.258,0,0
1764.1456680000001,3.685911291658113,340.979,355.227,0,0
1764.245664,4.539323178565773,341.028,355.169,0,0
1764.345661,3.305815860125452,341.034,355.395,0,0
1764.445659,5.295265741022414,341.26,355.465,0,0
1764.545652,7.334405900786816,341.407,355.381,0,0
1764.645651,6.266248212496504,341.277,355.328,0,0
1764.745649,6.6943645705552735,341.326,355.344,0,0
1764.8456489999999,5.592611087751633,341.27,355.433,0,0
1764.9456480000001,5.770652214925066,341.216,355.303,0,0
1765.045644,6.29806280065099,341.307,355.379,0,0
1765.145642,4.947608649847263,341.159,355.342,0,0
1765.2456370000002,4.864523783349543,341.039,355.136,0,0
1765.345635,5.120418032379926,341.169,355.331,0,0
1765.445636,3.323735787639316,341.05,355.425,0,0
1765.5456270000002,2.438548386529547,340.971,355.434,0,0
1765.645631,4.542976136158792,341.122,355.346,0,0
1765.745625,5.303512777268251,341.172,355.306,0,0
1765.84562,6.481974511618336,341.255,355.254,0,0
1765.945622,5.111919587489995,341.247,355.478,0,0
1766.045619,4.816879902906188,341.12,355.296,0,0
1766.145618,4.806399073663757,341.096,355.254,0,0
1766.245612,7.1707840077396545,341.358,355.325,0,0
1766.345611,3.2451986963408395,340.998,355.346,0,0
1766.445611,4.067082958606473,341.125,355.437,0,0
1766.545609,2.646017374983997,341.06,355.565,0,0
1766.645601,2.5038263140822843,340.998,355.476,0,0
1766.7456029999998,2.476547844598353,341.011,355.505,0,0
1766.8456019999999,4.147930601273501,341.008,355.209,0,0
1766.945599,3.0794924636658174,340.997,355.375,0,0
1767.045595,2.643456435454982,341.042,355.534,0,0
1767.145589,2.8665563167841723,340.989,355.398,0,0
1767.2455889999999,0.6243824881245905,340.792,355.426,0,0
1767.3455840000001,2.918199145817109,341.037,355.478,0,0
1767.445581,3.130464979836458,341.052,355.469,0,0
1767.5455789999999,4.831244460948571,341.117,355.293,0,0
1767.645577,3.259636253355778,340.972,355.3,0,0
1767.745578,3.854413073740945,341.046,355.333,0,0
1767.845577,0.7896806118114837,340.881,355.563,0,0
1767.94557,5.020577177421216,341.057,355.151,0,0
1768.045564,1.7218313577318844,340.859,355.361,0,0
1768.145567,3.4724639183845643,341.001,355.318,0,0
1768.2455630000002,3.7817512695566773,340.998,355.259,0,0
1768.34556,5.082269894570861,341.117,355.252,0,0
1768.445552,3.848547715322744,341.092,355.421,0,0
1768.5455530000002,3.255789129762779,340.995,355.346,0,0
1768.645548,3.8071101524407562,341.085,355.416,0,0
1768.7455400000001,1.927251039874692,340.869,355.346,0,0
1768.845536,2.3664089654503484,340.906,355.338,0,0
1768.945537,2.375011047122511,340.88,355.289,0,0
1769.0455319999999,3.3390295106928267,340.865,355.094,0,0
1769.145527,4.025297240399058,340.952,355.135,0,0
1769.245527,5.152186913079677,341.216,355.425,0,0
1769.345525,3.0785779499832144,340.892,355.19,0,0
1769.445519,3.0935767803003293,340.959,355.311,0,0
1769.545517,3.33670106601648,340.853,355.074,0,0
1769.645515,0.9855038521283546,340.787,355.362,0,0
1769.7455120000002,3.1568327864131924,340.934,355.255,0,0
1769.845507,3.196704008743162,340.899,355.184,0,0
1769.945502,3.5521756345091577,340.952,355.22,0,0
1770.0455020000002,4.491549699651778,341.045,355.228,0,0
1770.1454939999999,3.1785790459773997,340.875,355.144,0,0
1770.245491,4.461412971410721,340.957,355.072,0,0
1770.345486,3.439148983373377,341.027,355.379,0,0
1770.4454839999999,4.071430028621902,341.029,355.273,0,0
1770.545484,2.429914564962913,340.935,355.386,0,0
1770.64548,2.866053527559715,341.044,355.511,0,0
1770.745473,5.565901608663999,341.185,355.301,0,0
1770.8454709999999,5.958162494490301,341.223,355.303,0,0
1770.9454680000001,5.547444091399845,341.203,355.338,0,0
1771.0454639999998,3.3843477406791096,341.02,355.378,0,0
1771.145462,6.128085099260374,341.207,355.245,0,0
1771.245459,3.8081898612148204,341.057,355.373,0,0
1771.345454,4.231968703542239,341.042,355.272,0,0
1771.4454509999998,4.62393763228506,341.224,355.539,0,0
1771.545446,5.155312249648834,341.192,355.388,0,0
1771.645446,4.3540091549809805,341.178,355.502,0,0
1771.745439,5.848593157605954,341.211,355.303,0,0
1771.845436,3.58731785687593,341.066,355.43,0,0
1771.945431,4.387633199431434,341.104,355.361,0,0
1772.045431,4.975755379406427,341.154,355.351,0,0
1772.1454250000002,3.5958427288056423,341.088,355.47,0,0
1772.245426,3.9833094541465233,341.05,355.333,0,0
1772.345422,4.653527364979658,341.042,355.202,0,0
1772.445419,4.135679299084617,341.026,355.263,0,0
1772.545416,4.396024906059906,340.97,355.115,0,0
1772.645413,4.665289092984128,341.023,355.166,0,0
1772.745404,2.5830552270108322,340.977,355.444,0,0
1772.845402,5.775294509795664,341.195,355.29,0,0
1772.945398,3.104147241852032,341.002,355.4,0,0
1773.045394,3.152072443575057,340.952,355.3,0,0
1773.1453940000001,4.2810526501972745,341.17,355.505,0,0
1773.2453870000002,4.395000755943102,341.017,355.204,0,0
1773.345385,3.4651917705199726,340.999,355.333,0,0
1773.4453819999999,4.1788229543324,341.075,355.349,0,0
1773.545379,3.532273939264715,340.974,355.276,0,0
1773.645379,4.1693511591708,341.052,355.309,0,0
1773.745375,5.276522309880758,341.2,355.389,0,0
1773.845369,3.579646242952059,341.01,355.335,0,0
1773.945365,5.23397421437886,341.113,355.237,0,0
1774.04536,3.89982381840571,341.016,355.291,0,0
1774.1453600000002,5.124256218440521,341.124,355.277,0,0
1774.2453540000001,3.470338525748795,341.006,355.348,0,0
1774.345353,4.273880321991842,341.028,355.249,0,0
1774.445352,4.3383011096417965,341.11,355.389,0,0
1774.5453440000001,9.261272125902183,341.577,355.392,0,0
1774.645341,10.931716475309,341.625,355.19,0,0
1774.745335,12.04507901618069,341.81,355.337,0,0
1774.845337,11.583080944698322,341.827,355.449,0,0
1774.945332,10.227348988499559,341.666,355.389,0,0
1775.045331,9.946058884440394,341.649,355.407,0,0
1775.145324,9.453971616038022,341.605,355.412,0,0
1775.245321,7.131577812486636,341.389,355.419,0,0
1775.345318,4.710539344315767,341.224,355.537,0,0
1775.445315,5.9855609206869165,341.302,355.459,0,0
1775.54531,5.203622429704754,341.167,355.347,0,0
1775.64531,7.705750318627009,341.348,355.245,0,0
1775.7453030000001,6.57410694705563,341.312,355.376,0,0
1775.845301,6.788681688432012,341.312,355.339,0,0
1775.945297,5.44371950387911,341.233,355.428,0,0
1776.0452919999998,6.9371147884716775,341.361,355.404,0,0
1776.14529,8.53716424165145,341.523,355.424,0,0
1776.245285,8.468305970093107,341.475,355.348,0,0
1776.345284,7.372553431031935,341.375,355.355,0,0
1776.445282,6.232468127942314,341.192,355.217,0,0
1776.5452779999998,3.839679306244159,341.09,355.446,0,0
1776.645279,7.5224921083519,341.337,355.26,0,0
1776.745275,5.269282270601166,341.152,355.312,0,0
1776.84527,5.771197749972406,341.202,355.317,0,0
1776.945269,7.010794925305306,341.331,355.339,0,0
1777.045261,5.115764826860472,341.119,355.279,0,0
1777.145261,6.080620227501525,341.303,355.45,0,0
1777.245254,7.087849202279027,341.316,355.299,0,0
1777.345252,6.94675592411769,341.384,355.449,0,0
1777.445253,7.085967831745291,341.291,355.254,0,0
1777.545248,7.035228549911519,341.342,355.357,0,0
1777.645247,4.566632914361598,341.11,355.36,0,0
1777.745243,4.357059916143415,341.115,355.406,0,0
1777.845237,4.588206067331611,341.072,355.287,0,0
1777.945233,4.752160503886949,341.177,355.452,0,0
1778.0452320000002,2.55783069275162,340.928,355.376,0,0
1778.145229,4.333967313820712,341.111,355.404,0,0
1778.2452269999999,7.085067557520251,341.29,355.255,0,0
1778.3452220000001,4.868863670904351,341.121,355.33,0,0
1778.4452239999998,4.535600952024025,341.148,355.438,0,0
1778.545219,7.001417343182104,341.306,355.3,0,0
1778.645213,4.205207702966112,341.124,355.452,0,0
1778.745211,6.560419645026285,341.346,355.451,0,0
1778.845212,8.942776830734534,341.526,355.368,0,0
1778.945202,9.589716224115852,341.662,355.506,0,0
1779.045202,11.51509749192793,341.739,355.313,0,0
1779.145199,11.301184880657306,341.68,355.242,0,0
1779.245197,9.584515106214932,341.549,355.3,0,0
1779.3451929999999,7.660024695709258,341.419,355.396,0,0
1779.445189,8.038543336081474,341.347,355.198,0,0
1779.5451839999998,8.77260085391079,341.507,355.365,0,0
1779.645184,7.832501411456044,341.369,355.275,0,0
1779.745182,6.292156309544763,341.24,355.306,0,0
1779.845179,8.574711026843433,341.491,355.371,0,0
1779.9451740000002,9.482647021920368,341.462,355.16,0,0
1780.0451699999999,14.422829676472293,342.004,355.298,0,0
1780.145169,19.65822140483396,342.475,355.254,0,0
1780.245166,18.55486159496069,342.427,355.358,0,0
1780.345162,17.528315653309654,342.308,355.318,0,0
1780.4451589999999,17.48057569811763,342.337,355.38,0,0
1780.5451540000001,18.048526409686485,342.259,355.138,0,0
1780.645152,14.387287640133934,341.974,355.251,0,0
1780.745148,12.817048613340523,341.865,355.324,0,0
1780.845148,14.861499169683224,341.975,355.171,0,0
1780.9451410000001,18.131897703409912,342.208,355.031,0,0
1781.045139,14.473148516508905,342.014,355.311,0,0
1781.1451370000002,12.708964631250305,341.716,355.07,0,0
1781.245134,9.42400260067381,341.553,355.342,0,0
1781.34513,8.029179112434301,341.422,355.344,0,0
1781.4451299999998,8.490660256060725,341.416,355.253,0,0
1781.5451289999999,8.919692809433334,341.489,355.313,0,0
1781.645121,7.216131084877996,341.35,355.354,0,0
1781.7451170000002,4.6763297211374715,340.983,355.121,0,0
1781.8451189999998,5.323238103460831,341.194,355.397,0,0
1781.945111,3.5608727852977866,340.944,355.244,0,0
1782.0451070000001,3.7034526526120555,341.041,355.398,0,0
1782.145109,4.306277298349221,341.125,355.448,0,0
1782.245103,6.481756744680211,341.255,355.309,0,0
1782.3451,6.491035392915505,341.272,355.339,0,0
1782.445101,7.243537314898586,341.312,355.282,0,0
1782.5450959999998,7.820840351339586,341.405,355.353,0,0
1782.645091,6.140278876315051,341.241,355.344,0,0
1782.745088,8.067923745558609,341.403,355.307,0,0
1782.8450830000002,6.595150545460473,341.313,355.398,0,0
1782.945081,6.279867299179347,341.233,355.306,0,0
1783.0450779999999,7.116489088902125,341.319,355.319,0,0
1783.14508,7.418844969805383,341.411,355.436,0,0
1783.2450700000002,6.387472867065372,341.291,355.395,0,0
1783.345071,4.83540754341852,341.156,355.417,0,0
1783.4450689999999,4.101982994232896,341.012,355.28,0,0
1783.545061,4.964613569916523,341.026,355.156,0,0
1783.64506,2.698072193874826,340.843,355.214,0,0
1783.7450549999999,3.0967458779021233,340.949,355.34,0,0
1783.845054,6.07797618484495,341.109,355.116,0,0
1783.945055,2.207294699798343,340.858,355.328,0,0
1784.04505,4.1561214956058485,340.947,355.153,0,0
1784.145047,3.354368953487782,340.921,355.245,0,0
1784.2450430000001,2.3257573545101202,340.798,355.198,0,0
1784.34504,3.5055581456639926,340.992,355.35,0,0
1784.44504,3.8519008829323287,340.905,355.13,0,0
1784.545036,5.598394765590078,341.064,355.119,0,0
1784.645039,4.77782058479896,340.971,355.091,0,0
1784.745036,2.0496928735528392,340.715,355.095,0,0
1784.845032,4.163274294753322,340.981,355.217,0,0
1784.94503,4.431417960300015,340.979,355.167,0,0
1785.045027,1.3616597052695565,340.757,355.293,0,0
1785.1450220000002,1.5505325804212267,340.66,355.082,0,0
1785.24502,2.2232453085575528,340.743,355.118,0,0
1785.3450209999999,3.298697907877367,340.888,355.198,0,0
1785.4450160000001,3.4103024737274747,340.85,355.109,0,0
1785.545015,3.717291694395109,340.862,355.078,0,0
1785.6450160000002,3.9562232878225276,340.898,355.103,0,0
1785.745013,2.7361026048198056,340.802,355.139,0,0
1785.845006,1.865654364199337,340.682,355.07,0,0
1785.9450060000001,2.096068033522079,340.746,355.148,0,0
1786.045001,2.146985884926646,340.699,355.053,0,0
1786.145003,2.436257472417516,340.749,355.095,0,0
1786.245003,1.6860253582913216,340.667,355.075,0,0
1786.3449979999998,3.9681497775217456,340.856,355.026,0,0
1786.444993,0.9903479076003923,340.634,355.136,0,0
1786.544992,1.1585054176585179,340.597,355.039,0,0
1786.6449890000001,0.35535770158778035,340.61,355.203,0,0
1786.74499,-0.18110064437279538,340.583,355.247,0,0
1786.844986,2.5219363005408457,340.808,355.191,0,0
1786.944984,0.4618531490756755,340.588,355.145,0,0
1787.044985,1.9364203388745622,340.674,355.047,0,0
1787.1449790000001,3.0155426973510044,340.84,355.165,0,0
1787.244974,4.220000379360535,340.901,355.068,0,0
1787.3449750000002,1.628617040323886,340.74,355.223,0,0
1787.444975,1.3866319793382718,340.749,355.282,0,0
1787.544969,2.562840599948669,340.747,355.074,0,0
1787.64497,0.7222244997332993,340.707,355.321,0,0
1787.7449669999999,2.77651638882267,340.925,355.365,0,0
1787.84496,1.0741153545670585,340.766,355.369,0,0
1787.944962,2.6153444335416993,340.867,355.287,0,0
1788.0449609999998,3.0581579163346313,340.975,355.409,0,0
1788.144956,3.592764807193967,340.927,355.228,0,0
1788.244951,3.252871234640702,340.88,355.201,0,0
1788.344953,1.6014597832107653,340.828,355.393,0,0
1788.444948,1.879259338978687,340.828,355.345,0,0
1788.544949,2.206468012848973,340.868,355.362,0,0
1788.644941,3.5760051260664714,340.887,355.159,0,0
1788.7449410000002,2.1271542351908894,340.771,355.198,0,0
1788.8449369999998,1.46130255734666,340.666,355.121,0,0
1788.9449410000002,3.865668065765857,340.997,355.312,0,0
1789.044938,2.8115368342695604,340.883,355.286,0,0
1789.144931,3.549548815116502,340.945,355.272,0,0
1789.244929,1.7301363765242044,340.782,355.289,0,0
1789.344931,2.3003313627064417,340.839,355.295,0,0
1789.444923,3.332848909831017,340.862,355.158,0,0
1789.544924,2.15890264610056,340.847,355.335,0,0
1789.644922,0.3404211797785832,340.658,355.304,0,0
1789.744921,1.9781959289125393,340.779,355.242,0,0
1789.8449150000001,0.9045178642513966,340.68,355.247,0,0
1789.9449180000001,3.3636394589689864,340.914,355.25,0,0
1790.044913,1.7327064886709882,340.821,355.363,0,0
1790.14491,6.574086243443625,341.258,355.325,0,0
1790.244905,9.717811275562584,341.51,355.242,0,0
1790.344908,9.390776970029066,341.499,355.279,0,0
1790.444902,6.771805862450177,341.343,355.448,0,0
1790.544899,7.482759881145977,341.247,355.148,0,0
1790.644895,7.798474846761167,341.287,355.167,0,0
1790.744895,4.371924712522493,341.078,355.379,0,0
1790.844898,5.409952182003574,341.12,355.276,0,0
1790.944894,5.166615544670272,341.068,355.223,0,0
1791.044889,4.96510066778087,341.058,355.24,0,0
1791.144888,6.304235982505262,341.21,355.287,0,0
1791.2448840000002,5.654934320820145,341.112,355.22,0,0
1791.3448819999999,3.089766916366519,340.935,355.341,0,0
1791.4448799999998,5.012815452913251,341.102,355.314,0,0
1791.544878,9.51996832908493,341.465,355.198,0,0
1791.6448770000002,8.352257170165826,341.387,355.258,0,0
1791.7448729999999,8.52957342183518,341.44,355.325,0,0
1791.844872,6.367481466101607,341.081,355.041,0,0
1791.9448670000002,6.557428730736547,341.164,355.161,0,0
1792.044865,7.68325625982975,341.248,355.12,0,0
1792.144857,6.556706660531034,341.144,355.125,0,0
1792.244851,5.249687308832584,341.055,355.189,0,0
1792.3448489999998,4.918053778138282,341.049,355.236,0,0
1792.444847,3.7250810312185054,340.911,355.19,0,0
1792.544844,5.848363419745197,341.079,355.13,0,0
1792.644838,4.072884586835837,340.862,355.04,0,0
1792.744829,2.23438094150213,340.726,355.11,0,0
1792.84483,6.614121058431804,341.215,355.248,0,0
1792.944825,2.8216640546558565,340.829,355.198,0,0
1793.044818,5.0210244583077746,341.033,355.191,0,0
1793.144811,4.18824479291275,340.997,355.27,0,0
1793.244808,4.198480392396609,340.938,355.16,0,0
1793.344807,6.688623270406574,341.207,355.222,0,0
1793.444804,7.099531448339167,341.206,355.149,0,0
1793.544795,6.466963694760024,341.221,355.287,0,0
1793.64479,5.727309034418036,341.14,355.267,0,0
1793.744787,4.429955674391056,341.028,355.287,0,0
1793.844786,6.540174732666379,341.104,355.06,0,0
1793.944781,4.4172752848342105,341.021,355.277,0,0
1794.044774,6.570225223418018,341.163,355.164,0,0
1794.144771,4.5128833719240085,340.99,355.204,0,0
1794.244764,5.232032236021937,341.085,355.254,0,0
1794.3447620000002,3.205764520186911,340.822,355.123,0,0
1794.44476,2.586304442359325,340.829,355.244,0,0
1794.5447530000001,4.611202614190507,340.979,355.168,0,0
1794.64475,4.451056413954889,340.999,355.233,0,0
1794.744741,3.5923444054149294,340.86,355.127,0,0
1794.844742,3.3000010243108204,340.905,355.261,0,0
1794.944737,4.712693853674208,341.077,355.332,0,0
1795.044729,7.133459090625431,341.234,355.2,0,0
1795.144724,6.519519190070935,341.235,355.309,0,0
1795.244719,5.314804135645271,341.141,355.346,0,0
1795.344719,5.061609232441073,341.031,355.188,0,0
1795.4447109999999,6.002595555623965,341.141,355.227,0,0
1795.54471,8.166304749830065,341.39,355.309,0,0
1795.644703,9.621122571567756,341.435,355.139,0,0
1795.7446969999999,9.170400195267334,341.446,355.238,0,0
1795.844697,5.871698478339706,341.173,355.31,0,0
1795.944693,6.425812455338782,341.21,355.282,0,0
1796.044686,7.927982942618941,341.266,355.124,0,0
1796.1446839999999,5.778891754757956,341.149,355.283,0,0
1796.244679,6.837355949836568,341.25,355.285,0,0
1796.344671,9.010979577891648,341.432,355.242,0,0
1796.4446699999999,11.07382557728339,341.547,355.095,0,0
1796.544667,10.043617211932554,341.407,355.017,0,0
1796.64466,8.340278191500277,341.299,355.115,0,0
1796.7446599999998,11.190182424911457,341.608,355.188,0,0
1796.8446529999999,9.836310302715159,341.42,355.078,0,0
1796.94465,7.316636078061586,341.306,355.307,0,0
1797.0446470000002,7.089634524132955,341.23,355.207,0,0
1797.144641,9.223698905075018,341.455,355.25,0,0
1797.244637,7.418987957809226,341.326,355.327,0,0
1797.344634,6.111516181549109,341.225,355.369,0,0
1797.4446229999999,5.407277221120388,341.118,355.295,0,0
1797.544624,3.0101677952013244,340.927,355.361,0,0
1797.64462,4.560838785785205,340.999,355.224,0,0
1797.744611,5.2958778283598065,341.033,355.159,0,0
1797.844607,4.945143194674859,341.079,355.305,0,0
1797.944603,6.816718138878956,341.202,355.206,0,0
1798.044598,2.0520812823460717,340.767,355.235,0,0
1798.144598,4.4753590006258435,340.965,355.178,0,0
1798.244589,5.134980613465001,341.031,355.185,0,0
1798.344587,6.618481767939455,341.201,355.24,0,0
1798.4445830000002,4.335830385832253,341.073,355.402,0,0
1798.54458,2.581492208455226,340.883,355.358,0,0
1798.644571,6.325704402816595,341.107,355.119,0,0
1798.744567,3.8644341097691672,340.967,355.29,0,0
1798.844567,6.08611493677985,341.128,355.2,0,0
1798.944561,4.555453831402031,340.951,355.141,0,0
1799.044557,9.76641407145164,341.586,355.403,0,0
1799.14455,9.77963929432543,341.53,355.298,0,0
1799.244548,9.741572449493102,341.536,355.316,0,0
1799.344546,10.790394297921155,341.61,355.27,0,0
1799.444536,11.494857838380236,341.646,355.214,0,0
1799.5445339999999,9.17982322995875,341.447,355.251,0,0
1799.644528,6.950520969497221,341.286,355.343,0,0
1799.744524,7.0683332908105685,341.26,355.275,0,0
1799.844521,7.805440590794193,341.298,355.217,0,0
1799.944518,7.755857903067703,341.354,355.329,0,0
1800.0445160000002,8.973677023174874,341.363,355.134,0,0
1800.144511,10.450977033174196,341.521,355.168,0,0
1800.244509,8.730397872440758,341.413,355.269,0,0
1800.3445060000001,7.238095654107408,341.313,355.345,0,0
1800.444504,5.087685738216852,341.06,355.254,0,0
1800.544507,6.03052517436075,341.143,355.243,0,0
1800.644505,6.477748948400303,341.165,355.206,0,0
1800.7444990000001,6.333721271891377,341.13,355.167,0,0
1800.8445,7.133107081098046,341.219,355.192,0,0
1800.944496,4.997817698487742,341.087,355.321,0,0
1801.04449,6.138606828734368,341.136,355.213,0,0
1801.144487,7.6301401114080685,341.341,355.331,0,0
1801.244491,5.993486327848197,341.198,355.353,0,0
1801.344483,5.695430658476518,341.168,355.35,0,0
1801.4444799999999,3.0996804017648896,341.018,355.526,0,0
1801.5444790000001,4.169457307458092,341.013,355.331,0,0
1801.644475,3.576257758876956,340.904,355.234,0,0
1801.7444779999998,5.231041147889078,341.044,355.204,0,0
1801.844475,8.572937144889794,341.293,355.081,0,0
1801.9444680000001,6.917190917783645,341.177,355.156,0,0
1802.044467,6.572919640780942,341.166,355.196,0,0
1802.144463,6.898986545386739,341.201,355.204,0,0
1802.244466,5.129876072223144,341.152,355.422,0,0
1802.3444590000001,9.103275924628917,341.408,355.202,0,0
1802.4444609999998,8.211869764343827,341.392,355.328,0,0
1802.544453,5.765385709518114,341.086,355.191,0,0
1802.644452,7.571415987808947,341.274,355.223,0,0
1802.7444480000001,9.849412644522031,341.455,355.16,0,0
1802.844449,8.92766855571213,341.422,355.26,0,0
1802.944445,7.702500411383488,341.319,355.284,0,0
1803.044443,9.236819487512118,341.465,355.286,0,0
1803.1444410000001,7.742700090082768,341.317,355.274,0,0
1803.24444,7.193184609830634,341.198,355.151,0,0
1803.344436,8.221302859061803,341.307,355.173,0,0
1803.444436,9.130341870571934,341.408,355.201,0,0
1803.5444320000001,9.50169457556454,341.45,355.214,0,0
1803.644428,9.09814396129595,341.366,355.13,0,0
1803.744428,10.94232730123811,341.575,355.194,0,0
1803.8444220000001,8.788401142072974,341.482,355.398,0,0
1803.94442,7.677550449164854,341.236,355.139,0,0
1804.0444240000002,9.102217900901753,341.37,355.138,0,0
1804.144419,8.2799848491379,341.41,355.355,0,0
1804.2444150000001,9.834803924261147,341.465,355.186,0,0
1804.344415,8.274229224268682,341.358,355.261,0,0
1804.444413,6.574129704401555,341.209,355.283,0,0
1804.54441,4.720467408543969,341.052,355.317,0,0
1804.644405,9.311290734310118,341.449,355.249,0,0
1804.744406,12.458907487380634,341.753,355.261,0,0
1804.8444040000002,13.915958869876143,341.958,355.385,0,0
1804.944398,17.43649674944385,342.169,355.161,0,0
1805.044396,15.544920198118172,341.972,355.128,0,0
1805.144395,15.750502012156568,342.063,355.26,0,0
1805.244395,15.932477938503215,341.986,355.087,0,0
1805.34439,12.800201077252735,341.757,355.211,0,0
1805.4443899999999,11.957101050291197,341.676,355.209,0,0
1805.544383,11.836973464623272,341.665,355.21,0,0
1805.6443789999998,9.515717867418907,341.504,355.318,0,0
1805.744381,10.87623552980946,341.664,355.376,0,0
1805.8443770000001,9.310422794608687,341.444,355.244,0,0
1805.9443729999998,7.311023588775068,341.258,355.25,0,0
1806.044375,9.543509199856759,341.426,355.171,0,0
1806.1443689999999,8.715767819799366,341.447,355.354,0,0
1806.244371,8.722339722044822,341.367,355.206,0,0
1806.344364,5.560179746752088,341.133,355.326,0,0
1806.444361,6.3469909099027575,341.067,355.068,0,0
1806.5443619999999,7.363345533980246,341.27,355.265,0,0
1806.644356,9.204813238787157,341.382,355.151,0,0
1806.744357,8.95272706986537,341.377,355.186,0,0
1806.844354,9.82241346696371,341.577,355.403,0,0
1806.944351,9.781200102892477,341.424,355.129,0,0
1807.044348,8.711880214542935,341.364,355.205,0,0
1807.144345,7.726268738342323,341.238,355.145,0,0
1807.244344,6.19557869625978,341.136,355.224,0,0
1807.344344,8.732895827976762,341.31,355.103,0,0
1807.4443370000001,8.316434394618417,341.315,355.185,0,0
1807.544337,7.278827422156592,341.283,355.307,0,0
1807.6443319999998,11.334768945954558,341.518,355.034,0,0
1807.7443349999999,10.32681830596069,341.485,355.149,0,0
1807.844328,10.609896839864021,341.523,355.17,0,0
1807.9443230000002,10.81876999692924,341.448,354.996,0,0
1808.0443189999999,9.048059898713987,341.382,355.183,0,0
1808.14432,9.37161831774868,341.376,355.116,0,0
1808.2443130000001,10.26959764101822,341.539,355.26,0,0
1808.34431,11.608772448398078,341.616,355.169,0,0
1808.444309,10.734902603819885,341.456,355.027,0,0
1808.544301,10.692921392242377,341.485,355.088,0,0
1808.644302,7.713029067926092,341.334,355.329,0,0
1808.7442919999999,7.6058258754123935,341.209,355.118,0,0
1808.84429,7.336466342394798,341.279,355.294,0,0
1808.9442860000001,6.214750986544103,341.176,355.3,0,0
1809.044284,8.11714482655427,341.278,355.157,0,0
1809.144277,4.258011323780064,340.927,355.183,0,0
1809.2442760000001,5.282885046273859,341.102,355.327,0,0
1809.3442730000002,5.885049752422504,341.143,355.298,0,0
1809.4442649999999,7.11433465255459,341.227,355.239,0,0
1809.544265,7.253278426479588,341.253,355.263,0,0
1809.6442630000001,10.071053133333951,341.447,355.13,0,0
1809.744254,12.514770096105613,341.704,355.178,0,0
1809.844252,13.024048376383162,341.771,355.213,0,0
1809.9442490000001,13.517026580064215,341.787,355.157,0,0
1810.044245,12.42753299396685,341.599,355.001,0,0
1810.144241,10.440041316964246,341.525,355.211,0,0
1810.24424,8.341154946519957,341.216,355.008,0,0
1810.3442320000001,8.898889837928586,341.399,355.248,0,0
1810.444232,6.276506858182285,341.178,355.298,0,0
1810.544222,9.25868962248458,341.287,354.98,0,0
1810.644219,5.032393688280827,341.004,355.195,0,0
1810.74422,6.369935237838556,341.139,355.211,0,0
1810.844214,9.165890314430978,341.288,354.999,0,0
1810.944207,7.928484140180599,341.317,355.268,0,0
1811.0442050000001,10.679121704725766,341.534,355.189,0,0
1811.144202,10.687741164776883,341.508,355.14,0,0
1811.2441999999999,8.580986590084184,341.32,355.161,0,0
1811.344192,6.833061065874121,341.198,355.241,0,0
1811.4441880000002,6.982363552256241,341.194,355.208,0,0
1811.5441839999999,6.700612247255743,341.215,355.296,0,0
1811.644185,6.66971563693617,341.132,355.149,0,0
1811.7441780000001,8.510059760582884,341.189,354.934,0,0
1811.844172,6.084847677809115,341.141,355.268,0,0
1811.944169,8.798934874406246,341.354,355.188,0,0
1812.0441640000001,6.086447407525935,341.106,355.204,0,0
1812.144166,4.874173846499089,340.964,355.154,0,0
1812.244161,4.299822223732771,340.872,355.085,0,0
1812.344153,4.592535450021424,340.962,355.2,0,0
1812.444153,6.577232067701578,341.062,355.039,0,0
1812.544151,3.1957487969076315,340.854,355.245,0,0
1812.644144,5.431007729104936,340.994,355.114,0,0
1812.744143,3.689750145598976,340.871,355.191,0,0
1812.8441340000002,3.42460237795489,340.774,355.059,0,0
1812.944131,4.572236898573149,340.953,355.189,0,0
1813.044128,4.563377306715414,340.946,355.178,0,0
1813.144127,5.6361246098753535,340.994,355.08,0,0
1813.244118,5.6247106726027996,341.046,355.178,0,0
1813.344117,6.453995876652017,341.115,355.161,0,0
1813.4441140000001,3.9785204497738826,340.878,355.156,0,0
1813.5441059999998,6.413699328258065,341.213,355.349,0,0
1813.644108,4.172031763058317,340.953,355.261,0,0
1813.744105,5.499714303035766,341.03,355.172,0,0
1813.8440959999998,4.601017573022463,340.872,355.038,0,0
1813.944094,6.255286390231607,341.15,355.262,0,0
1814.04409,5.7478783933910975,340.954,354.99,0,0
1814.1440830000001,7.19736790182583,341.111,355.027,0,0
1814.244083,6.040662687653937,341.121,355.247,0,0
1814.344075,6.333647289376167,341.117,355.189,0,0
1814.444076,7.600859708597116,341.216,355.151,0,0
1814.544072,4.8267555148040024,340.985,355.209,0,0
1814.644066,4.680677082870461,340.921,355.117,0,0
1814.7440609999999,5.53731358886645,341.004,355.121,0,0
1814.8440560000001,3.7964897435046163,340.943,355.312,0,0
1814.944054,5.714980436237532,341.04,355.157,0,0
1815.044051,5.137188143781754,340.933,355.061,0,0
1815.1440479999999,6.911013008055819,341.181,355.209,0,0
1815.2440419999998,6.9784702537446845,341.191,355.216,0,0
1815.34404,8.390500457645258,341.32,355.208,0,0
1815.444036,8.734031017090524,341.386,355.27,0,0
1815.5440319999998,6.804295325933697,341.193,355.251,0,0
1815.64403,6.800913501052525,341.28,355.412,0,0
1815.744023,6.52335248747449,341.184,355.284,0,0
1815.8440190000001,5.969004051371881,341.089,355.206,0,0
1815.944018,5.9619856671833,341.08,355.191,0,0
1816.044011,7.080008449224829,341.16,355.144,0,0
1816.144009,6.425889814928552,341.061,355.076,0,0
1816.244008,6.1289660472582135,341.086,355.174,0,0
1816.344006,3.549760129916603,340.968,355.406,0,0
1816.443998,3.636537639802637,340.957,355.371,0,0
1816.5439950000002,4.091809727774049,340.989,355.351,0,0
1816.643993,7.616292185629044,341.127,354.992,0,0
1816.7439909999998,5.009053743639252,340.977,355.17,0,0
1816.843982,6.2481693676812435,341.194,355.354,0,0
1816.943984,6.535213140163755,341.109,355.148,0,0
1817.043978,4.475120664749603,340.939,355.194,0,0
1817.143976,2.701470327999378,340.77,355.192,0,0
1817.2439709999999,4.763426430328895,340.836,354.955,0,0
1817.343964,2.449708712560738,340.798,355.288,0,0
1817.4439650000002,3.7068457197600715,340.808,355.088,0,0
1817.54396,2.790172899935606,340.757,355.154,0,0
1817.643959,1.7496260403234711,340.622,355.087,0,0
1817.74395,4.766901383452536,340.924,355.118,0,0
1817.843949,5.068806090647617,341.029,355.259,0,0
1817.943946,4.001157433323075,340.836,355.09,0,0
1818.0439410000001,3.56858431236102,340.896,355.276,0,0
1818.143935,2.5733119686731194,340.793,355.26,0,0
1818.2439310000002,4.017997594075349,340.899,355.204,0,0
1818.343928,4.035776647840735,340.963,355.319,0,0
1818.443925,5.086435478420396,341.06,355.315,0,0
1818.543926,4.884055291040825,340.951,355.15,0,0
1818.643919,8.974160085865892,341.405,355.274,0,0
1818.743916,9.820418623226276,341.568,355.427,0,0
1818.843912,14.217962972970716,341.844,355.17,0,0
1818.943908,12.815805855492451,341.696,355.142,0,0
1819.043907,10.74329982289057,341.527,355.192,0,0
1819.143902,9.915628680294342,341.398,355.099,0,0
1819.243902,9.559166479740538,341.419,355.2,0,0
1819.343899,7.523893129569063,341.272,355.284,0,0
1819.443895,10.8209765001453,341.501,355.132,0,0
1819.54389,8.62340588777755,341.343,355.224,0,0
1819.643884,6.524490818740274,341.109,355.159,0,0
1819.7438789999999,11.321495833230694,341.588,355.206,0,0
1819.843877,24.946846632070816,342.841,355.141,0,0
1819.9438759999998,23.209520881945846,342.67,355.129,0,0
1820.043871,25.303125886106315,342.914,355.214,0,0
1820.143866,17.67942462503828,342.332,355.47,0,0
1820.243865,17.66534025720094,342.187,355.206,0,0
1820.343858,16.2160259991366,342.109,355.315,0,0
1820.443859,14.262383455240897,341.917,355.302,0,0
1820.543852,14.118850909801676,341.819,355.147,0,0
1820.643846,14.125850692474138,341.826,355.159,0,0
1820.7438430000002,14.267797072612224,341.83,355.142,0,0
1820.843839,11.491368436168933,341.664,355.32,0,0
1820.943838,11.702325082313903,341.568,355.107,0,0
1821.0438370000002,10.688416089046415,341.504,355.166,0,0
1821.14383,12.659976511198131,341.687,355.16,0,0
1821.243826,14.560037470498255,341.879,355.183,0,0
1821.343825,14.435565439590466,341.829,355.113,0,0
1821.443824,13.594528403856778,341.777,355.164,0,0
1821.543814,10.164332392517716,341.522,355.292,0,0
1821.643814,11.927661190927266,341.594,355.118,0,0
1821.7438089999998,10.37030807936511,341.496,355.209,0,0
1821.843805,12.703447128916986,341.767,355.302,0,0
1821.9438049999999,12.824472372062637,341.775,355.296,0,0
1822.043802,13.983680801830973,341.779,355.102,0,0
1822.1437919999998,11.0180374235849,341.65,355.381,0,0
1822.243789,10.488271638282793,341.597,355.376,0,0
1822.343788,11.970667813369834,341.687,355.284,0,0
1822.443781,13.703398987179389,341.811,355.211,0,0
1822.543779,9.413011566688963,341.429,355.255,0,0
1822.643781,11.54687008072072,341.623,355.241,0,0
1822.743775,11.403782224071215,341.562,355.154,0,0
1822.843773,9.25242904773927,341.385,355.203,0,0
1822.9437679999999,8.00564387562456,341.318,355.297,0,0
1823.043765,7.246908798687653,341.264,355.33,0,0
1823.1437620000002,6.533047662209456,341.105,355.162,0,0
1823.2437539999999,6.983679169802959,341.242,355.336,0,0
1823.3437490000001,7.092344493476202,341.126,355.104,0,0
1823.443747,7.108080003158003,341.136,355.12,0,0
1823.543746,9.065387067094766,341.322,355.122,0,0
1823.643743,6.556049352517043,341.253,355.432,0,0
1823.743735,6.682616751587131,341.205,355.322,0,0
1823.843731,5.7140156976335135,341.098,355.294,0,0
1823.943734,8.799351511428155,341.376,355.269,0,0
1824.043732,7.55282658699187,341.24,355.236,0,0
1824.1437250000001,6.129544184940159,341.04,355.116,0,0
1824.243723,7.165236618883401,341.197,355.225,0,0
1824.34372,5.044925621039865,341.005,355.241,0,0
1824.4437169999999,6.217675154086565,341.063,355.144,0,0
1824.543715,4.809708225235489,341.065,355.393,0,0
1824.643711,6.044086405854174,341.081,355.208,0,0
1824.7437109999998,4.457803566636395,340.902,355.155,0,0
1824.843709,4.18572304798303,340.9,355.199,0,0
1824.9437050000001,6.020282119008825,341.057,355.169,0,0
1825.043699,6.333272821672356,341.05,355.102,0,0
1825.143696,5.3285545557642475,341.001,355.187,0,0
1825.243696,4.426139428092846,340.947,355.245,0,0
1825.343693,8.359751047036017,341.265,355.146,0,0
1825.4436899999998,15.567049305981927,341.979,355.206,0,0
1825.543691,14.790640648574966,341.863,355.128,0,0
1825.643684,12.047376851369997,341.561,355.05,0,0
1825.7436850000001,14.044688238192395,341.741,355.034,0,0
1825.84368,11.385511810202994,341.56,355.164,0,0
1825.943678,10.830279990282163,341.391,354.95,0,0
1826.043674,10.534507447528803,341.421,355.057,0,0
1826.14367,9.455291924579546,341.403,355.212,0,0
1826.243667,12.517931785511534,341.537,354.926,0,0
1826.343666,9.619449641323625,341.335,355.059,0,0
1826.443662,9.549464765463975,341.282,354.974,0,0
1826.543663,10.895271056921638,341.458,355.064,0,0
1826.643661,7.791295393237765,341.192,355.115,0,0
1826.743659,8.779473945099594,341.182,354.925,0,0
1826.843654,6.646262419981082,341.054,355.061,0,0
1826.943648,7.675310275567879,341.162,355.081,0,0
1827.043644,6.044435767553649,340.969,355.01,0,0
1827.143647,6.692336858771656,341.054,355.054,0,0
1827.24364,5.0364169525492315,340.832,354.934,0,0
1827.3436359999998,4.553994910000515,340.815,354.987,0,0
1827.443636,5.414500690238566,341.0,355.178,0,0
1827.543634,5.120125007063089,340.991,355.213,0,0
1827.6436299999998,3.65821527941935,340.808,355.131,0,0
1827.743627,5.2695639477895355,340.939,355.092,0,0
1827.843623,5.498176392189196,340.955,355.082,0,0
1827.9436210000001,6.393663628707695,341.052,355.105,0,0
1828.0436200000001,9.027274441841975,341.315,355.131,0,0
1828.14362,11.263676305417254,341.485,355.055,0,0
1828.243616,10.509067062582748,341.464,355.148,0,0
1828.343613,14.39598765201949,341.839,355.162,0,0
1828.4436110000001,14.564389635429118,341.808,355.076,0,0
1828.543608,18.651998310587214,342.196,355.079,0,0
1828.6436019999999,22.057752657499623,342.588,355.208,0,0
1828.743603,23.301570624398256,342.575,354.968,0,0
1828.843599,19.6265625744812,342.28,355.065,0,0
1828.943595,17.368308848337737,342.113,355.151,0,0
1829.043596,15.867532868985785,341.966,355.142,0,0
1829.143593,13.90376307370907,341.81,355.197,0,0
1829.2435859999998,16.48841988479258,342.045,355.18,0,0
1829.343588,17.96069906674083,342.146,355.11,0,0
1829.44358,18.010454939699905,342.169,355.144,0,0
1829.543579,14.070846888777766,341.868,355.276,0,0
1829.643573,12.295177555848921,341.595,355.083,0,0
1829.7435759999998,13.046768138036972,341.661,355.074,0,0
1829.843569,12.769829860062021,341.733,355.255,0,0
1829.9435660000001,11.555691035356716,341.668,355.347,0,0
1830.0435630000002,14.69141224506213,341.86,355.155,0,0
1830.143564,13.698655975070292,341.798,355.214,0,0
1830.2435619999999,12.138578856372455,341.628,355.173,0,0
1830.343556,11.656201257470187,341.511,355.042,0,0
1830.4435549999998,9.207791421652015,341.432,355.323,0,0
