{"Light":{"Led410Enable":true;"Led470Enable":true;"Led560Enable":false;"Led410Value":50.0;"Led470Value":50.0;"Led560Value":100.0};"Excitation":{"mode":1;"discontinuous":false;"interval_time":20;"continuous_time":20};"Channels":[{"Name":"CH1";"Roi1":"331.957746478875;248.0323943662;82.8225352112684;82.8225352112684";"Roi2":"319;227;82.8225352112684;82.8225352112684"}];"AllMarking":[{"id":0;"type":1;"opened":true;"name":"STIM";"Levels":0;"color":"#FFFF0000";"key":0;"threshold":0.0;"all":true;"channels":["AllChannel";"CH1"];"enable":true};{"id":0;"type":1;"opened":true;"name":"WHEEL";"Levels":0;"color":"#FF4F81BD";"key":0;"threshold":0.0;"all":true;"channels":["AllChannel";"CH1"];"enable":true};{"id":0;"type":2;"opened":true;"name":"Input1";"Levels":0;"color":"#FFFF0000";"key":0;"threshold":0.0;"all":true;"channels":["AllChannel";"CH1"];"enable":true};{"id":0;"type":2;"opened":true;"name":"Input2";"Levels":0;"color":"#FF4F81BD";"key":0;"threshold":0.0;"all":true;"channels":["AllChannel";"CH1"];"enable":true};{"id":0;"type":2;"opened":true;"name":"Input3";"Levels":0;"color":"#FF00B050";"key":0;"threshold":0.0;"all":true;"channels":["AllChannel";"CH1"];"enable":true};{"id":0;"type":2;"opened":true;"name":"Input4";"Levels":0;"color":"#FFFF0000";"key":0;"threshold":0.0;"all":true;"channels":["AllChannel";"CH1"];"enable":true}];"Fps":20.0}
TimeStamp,Events,CH1-410,CH1-470,
0.000,,382.236,376.414,
100.001,,379.270,371.745,
199.998,,376.356,374.346,
299.996,,374.666,381.250,
399.999,,373.484,383.663,
499.998,,371.317,379.892,
599.998,,371.231,376.966,
699.997,,371.350,378.863,
799.999,,370.237,388.661,
900.001,,370.837,388.958,
999.997,,369.918,386.275,
1099.995,,369.595,382.869,
1199.995,,367.141,376.634,
1300.001,,365.640,371.610,
1399.997,,365.585,370.888,
1499.995,,365.777,371.806,
1599.997,,364.811,369.443,
1699.996,,365.098,368.003,
1799.995,,365.000,366.485,
1899.997,,364.103,363.950,
1999.995,,364.576,363.301,
2099.999,,364.100,366.295,
2200.001,,364.584,367.784,
2299.997,,363.639,368.348,
2399.998,,364.208,371.236,
2499.995,,366.775,369.913,
2599.997,,366.214,369.877,
2699.999,,365.661,373.814,
2799.999,,367.145,376.509,
2900.001,,365.713,373.551,
2999.994,,364.915,365.681,
3099.996,,365.211,364.855,
3200.000,,364.773,366.450,
3299.999,,365.103,364.817,
3399.998,,364.679,362.790,
3499.997,,364.509,359.753,
3600.000,,364.371,358.666,
3700.000,,363.512,356.447,
3799.997,,363.443,356.804,
3899.995,,365.276,362.158,
3999.995,,363.117,367.229,
4099.998,,362.434,374.400,
4200.000,,363.512,373.096,
4299.998,,361.602,372.463,
4399.997,,362.478,370.908,
4499.997,,359.566,375.468,
4599.999,,363.145,374.811,
4699.996,,362.724,371.796,
4799.995,,362.575,373.624,
4899.995,,363.656,371.823,
5000.001,,364.290,370.079,
5100.001,,362.846,372.080,
5200.000,,364.593,372.292,
5299.999,,364.223,369.310,
5400.000,,363.119,368.820,
5499.996,,362.371,368.657,
5600.001,,363.159,367.652,
5699.998,,363.205,368.444,
5799.995,,361.325,367.964,
5899.998,,361.324,377.206,
5999.995,,357.731,380.386,
6100.000,,357.449,384.935,
6199.985,,357.889,386.755,
6299.995,,357.968,384.379,
6399.997,,358.478,378.746,
6500.000,,361.055,374.469,
6600.001,,361.822,371.506,
6699.995,,362.361,368.886,
6800.000,,362.071,368.847,
6900.000,,361.461,366.237,
6999.995,,362.383,364.715,
7099.995,,362.184,365.662,
7200.000,,361.282,364.913,
7299.999,,361.847,362.220,
7399.999,,361.946,362.951,
7499.999,,360.941,363.103,
7600.001,,362.086,364.505,
7699.998,,362.997,371.464,
7799.999,,361.242,368.027,
7899.995,,363.274,367.390,
7999.996,,361.427,369.533,
8100.000,,360.873,369.188,
8199.995,,360.689,365.339,
8299.996,,360.836,364.517,
8399.997,,360.678,361.990,
8500.001,,361.665,358.875,
8599.996,,361.764,359.366,
8699.996,,361.170,373.623,
8799.994,,361.489,368.365,
8900.001,,361.100,364.144,
8999.994,,361.694,361.324,
9099.995,,357.368,357.991,
9199.999,,360.261,364.095,
9299.996,,361.206,367.254,
9399.998,,361.326,363.200,
9500.000,,360.973,361.914,
9599.997,,362.542,359.223,
9699.994,,364.327,361.741,
9799.995,,365.266,365.487,
9900.000,,364.646,363.812,
9999.997,,363.046,363.896,
10100.000,,361.984,363.361,
10199.998,,361.880,362.073,
10299.997,,363.343,360.921,
10400.001,,363.971,361.778,
10499.996,,363.643,366.745,
10599.997,,363.126,367.281,
10699.996,,363.840,367.032,
10799.996,,363.556,365.767,
10899.997,,361.802,369.460,
11000.001,,361.968,370.008,
11100.000,,361.287,369.286,
11199.995,,361.624,371.182,
11299.998,,361.645,369.747,
11400.001,,361.497,364.857,
11500.001,,360.824,364.618,
11599.994,,361.756,363.367,
11699.998,,367.233,365.212,
11800.000,,362.888,364.047,
11899.998,,361.584,370.326,
11999.999,,359.894,378.587,
12100.001,,361.204,378.592,
12200.000,,362.340,373.060,
12300.001,,360.502,373.619,
12399.995,,360.438,376.154,
12499.998,,360.804,372.586,
12599.996,,360.126,370.198,
12700.001,,360.772,371.136,
12800.001,,361.327,370.917,
12899.995,,360.537,367.165,
12999.997,,361.267,367.752,
13099.999,,360.378,369.126,
13200.000,,359.706,373.410,
13300.000,,360.243,378.607,
13399.995,,361.031,377.798,
13500.000,,360.697,375.460,
13599.999,,360.818,371.398,
13699.998,,360.339,368.771,
13800.001,,360.873,368.799,
13899.996,,360.532,365.732,
13999.997,,361.739,367.549,
14099.995,,361.085,366.258,
14199.997,,360.229,365.704,
14299.995,,360.762,366.446,
14399.995,,363.899,365.379,
14499.997,,363.830,366.393,
14599.997,,364.837,365.654,
14700.001,,363.041,367.905,
14799.996,,361.764,370.104,
14899.996,,360.453,371.408,
14999.998,,360.371,372.693,
15099.995,,360.181,377.765,
15200.000,,360.101,391.963,
15299.996,,359.364,397.040,
15399.995,,359.857,395.702,
15499.996,,359.532,391.776,
15599.998,,359.070,383.768,
15699.999,,359.594,374.573,
15800.000,,358.668,370.589,
15899.998,,359.259,373.256,
15999.989,,358.359,372.268,
16099.975,,358.775,371.803,
16199.962,,359.045,370.925,
16299.949,,359.165,390.550,
16399.939,,358.469,380.987,
16499.929,,359.282,373.756,
16599.918,,359.275,367.672,
16699.906,,358.735,366.281,
16799.890,,361.033,368.353,
16899.877,,360.233,374.065,
16999.866,,359.851,370.366,
17099.852,,363.902,370.252,
17199.843,,361.601,367.848,
17299.826,,361.133,366.593,
17399.815,,361.925,371.906,
17499.801,,361.409,367.052,
17599.784,,361.341,365.692,
17699.771,,361.302,381.428,
17799.758,,361.220,380.212,
17899.746,,361.505,375.973,
17999.734,,361.803,375.635,
18099.716,,361.834,371.527,
18199.703,,362.497,366.065,
18299.688,,360.822,362.778,
18399.676,,360.070,361.092,
18499.657,,357.703,362.262,
18599.640,,357.588,359.543,
18699.627,,358.396,358.930,
18799.610,,358.133,359.025,
18899.601,,359.824,360.750,
18999.583,,358.304,361.651,
19099.569,,358.147,363.596,
19199.553,,359.337,366.014,
19299.532,,359.833,363.655,
19399.518,,358.970,359.454,
19499.504,,358.442,358.740,
19599.487,,358.478,361.000,
19699.467,,358.016,361.497,
19799.454,,360.172,362.493,
19899.436,,358.405,360.159,
19999.417,,358.096,362.460,
20099.403,,357.395,369.699,
20199.388,,358.378,368.304,
20299.369,,359.312,364.445,
20399.352,,358.849,363.624,
20499.330,,363.685,362.669,
20599.312,,360.446,358.116,
20699.297,,361.251,356.696,
20799.277,,360.959,356.684,
20899.259,,360.951,357.534,
20999.242,,358.767,359.429,
21099.223,,358.482,361.123,
21199.205,,358.735,362.412,
21299.188,,359.412,363.018,
21399.168,,358.043,362.807,
21499.149,,359.177,362.933,
21599.128,,360.600,362.725,
21699.111,,358.882,364.575,
21799.094,,360.039,370.874,
21899.074,,358.998,375.627,
21999.049,,359.465,370.493,
22099.035,,359.416,368.049,
22199.013,,360.226,365.609,
22298.990,,359.784,375.556,
22398.970,,360.628,385.717,
22498.949,,361.237,380.613,
22598.931,,361.184,373.702,
22698.910,,361.703,367.267,
22798.892,,358.585,363.835,
22898.869,,360.079,362.658,
22998.843,,360.461,359.052,
23098.824,,359.073,357.581,
23198.801,,358.658,358.774,
23298.779,,358.128,355.149,
23398.757,,357.967,357.706,
23498.739,,357.687,375.306,
23598.716,,357.081,373.421,
23698.692,,357.024,368.891,
23798.672,,356.215,366.995,
23898.652,,356.372,365.336,
23998.645,,356.886,364.622,
24098.645,,358.221,363.527,
24198.647,,359.128,363.117,
24298.644,,357.060,359.326,
24398.647,,357.053,359.368,
24498.645,,357.925,359.453,
24598.639,,357.613,358.374,
24698.641,,357.426,357.068,
24798.640,,356.867,358.168,
24898.638,,356.810,358.283,
24998.636,,356.568,357.253,
25098.633,,356.862,358.338,
25198.633,,357.465,360.064,
25298.631,,357.946,366.092,
25398.635,,357.661,371.601,
25498.634,,356.124,395.571,
25598.633,,355.931,387.202,
25698.632,,355.521,379.621,
25798.632,,355.677,378.634,
25898.627,,354.539,385.768,
25998.629,,354.505,378.624,
26098.626,,354.029,370.477,
26198.630,,354.720,363.371,
26298.627,,354.961,358.818,
26398.629,,354.461,357.941,
26498.628,,354.237,356.146,
26598.628,,354.809,357.928,
26698.626,,354.095,358.204,
26798.623,,356.170,357.334,
26898.624,,357.717,357.622,
26998.622,,357.497,359.599,
27098.622,,361.330,362.628,
27198.626,,360.228,363.247,
27298.620,,360.743,364.935,
27398.623,,359.081,363.963,
27498.620,,358.279,360.573,
27598.622,,357.856,361.151,
27698.623,,358.261,362.162,
27798.622,,358.003,363.161,
27898.625,,357.304,359.133,
27998.621,,357.846,356.073,
28098.624,,359.039,355.831,
28198.623,,358.660,359.815,
28298.623,,357.513,362.572,
28398.625,,357.124,361.162,
28498.624,,356.107,360.505,
28598.624,,357.573,357.280,
28698.621,,358.286,357.870,
28798.625,,357.061,357.673,
28898.625,,358.114,355.740,
28998.629,,359.323,361.443,
29098.628,,358.593,364.344,
29198.626,,360.167,362.280,
29298.624,,360.681,365.014,
29398.625,,360.745,362.074,
29498.629,,361.719,361.478,
29598.628,,361.355,359.175,
29698.630,,359.693,358.981,
29798.627,,359.933,360.836,
29898.634,,359.044,358.130,
29998.632,,357.196,357.247,
30098.635,,356.807,356.261,
30198.636,,357.886,359.091,
30298.633,,356.680,357.391,
30398.633,,357.946,356.844,
30498.635,,357.852,361.999,
30598.637,,357.754,362.225,
30698.637,,356.872,358.798,
30798.639,,358.171,357.065,
30898.638,,358.098,355.942,
30998.640,,357.542,353.306,
31098.642,,356.169,354.383,
31198.646,,356.900,355.289,
31298.646,,357.359,354.755,
31398.648,,357.411,358.989,
31498.644,,357.564,374.637,
31598.649,,357.185,386.820,
31698.654,,356.982,388.906,
31798.650,,357.303,388.516,
31898.651,,357.622,384.273,
31998.646,,357.779,376.643,
32098.644,,356.674,374.225,
32198.646,,357.595,369.688,
32298.641,,360.977,365.861,
32398.635,,359.764,364.657,
32498.634,,357.623,361.765,
32598.630,,358.311,358.908,
32698.627,,358.628,357.699,
32798.623,,357.577,358.742,
32898.621,,357.533,357.716,
32998.616,,357.051,357.028,
33098.612,,357.071,357.921,
33198.615,,357.341,356.648,
33298.612,,357.667,355.412,
33398.607,,357.593,351.909,
33498.600,,358.311,349.768,
33598.601,,357.992,348.450,
33698.599,,357.880,349.065,
33798.595,,357.658,350.321,
33898.591,,357.708,357.894,
33998.586,,357.140,359.371,
34098.582,,358.167,354.832,
34198.582,,356.575,353.996,
34298.579,,357.331,352.654,
34398.577,,357.881,349.988,
34498.575,,357.198,349.623,
34598.571,,357.619,350.607,
34698.569,,357.173,350.831,
34798.561,,358.398,350.452,
34898.558,,357.728,351.802,
34998.559,,357.261,355.063,
35098.554,,358.112,357.906,
35198.552,,358.344,363.915,
35298.546,,358.375,366.341,
35398.547,,358.259,361.690,
35498.539,,357.944,357.837,
35598.536,,360.095,355.614,
35698.537,,359.663,355.036,
35798.530,,359.591,353.768,
35898.531,,359.785,353.847,
35998.525,,359.341,352.665,
36098.527,,361.291,357.324,
36198.520,,360.527,359.368,
36298.516,,359.852,358.976,
36398.513,,359.453,357.785,
36498.515,,359.522,356.802,
36598.509,,359.362,356.859,
36698.505,,360.726,357.754,
36798.504,,360.305,358.174,
36898.500,,359.399,357.271,
36998.496,,359.281,360.244,
37098.497,,359.498,359.953,
37198.495,,358.858,358.166,
37298.487,,357.683,357.516,
37398.487,,357.633,355.219,
37498.484,,357.409,353.969,
37598.483,,356.417,357.514,
37698.480,,357.445,357.875,
37798.474,,357.453,357.488,
37898.473,,357.804,358.348,
37998.471,,357.454,363.713,
38098.466,,361.826,361.040,
38198.468,,362.931,361.851,
38298.465,,361.555,360.698,
38398.458,,359.180,356.046,
38498.459,,357.444,357.533,
38598.454,,356.379,358.972,
38698.454,,356.760,361.885,
38798.449,,357.105,361.975,
38898.443,,357.341,363.369,
38998.441,,357.442,370.897,
39098.441,,357.113,375.838,
39198.437,,357.262,370.468,
39298.437,,357.198,364.045,
39398.433,,358.381,362.125,
39498.428,,357.728,360.915,
39598.424,,357.151,360.758,
39698.421,,358.153,361.440,
39798.424,,358.200,357.869,
39898.419,,356.782,366.921,
39998.418,,356.669,368.442,
40098.415,,358.686,368.904,
40198.408,,357.936,365.017,
40298.412,,357.319,361.933,
40398.410,,358.705,362.105,
40498.402,,361.165,361.445,
40598.402,,361.053,363.955,
40698.400,,360.201,364.880,
40798.395,,358.699,363.362,
40898.398,,357.805,373.510,
40998.392,,357.459,385.446,
41098.393,,357.508,379.053,
41198.389,,358.328,371.285,
41298.390,,358.166,368.086,
41398.384,,358.231,364.660,
41498.383,,357.987,361.822,
41598.383,,357.417,359.149,
41698.382,,357.074,357.659,
41798.376,,357.963,361.665,
41898.374,,358.926,363.825,
41998.375,,357.946,363.910,
42098.370,,358.998,366.436,
42198.370,,358.937,365.731,
42298.365,,358.388,366.462,
42398.362,,359.238,367.924,
42498.363,,360.311,362.537,
42598.362,,358.202,358.795,
42698.358,,359.003,360.456,
42798.358,,358.871,364.222,
42898.352,,358.413,365.861,
42998.351,,358.411,362.472,
43098.352,,358.568,364.066,
43198.350,,358.038,368.988,
43298.346,,358.416,370.258,
43398.347,,358.475,367.367,
43498.341,,357.323,368.570,
43598.342,,356.921,363.676,
43698.339,,357.376,361.525,
43798.338,,357.437,359.636,
43898.333,,356.909,362.593,
43998.333,,357.330,360.550,
44098.334,,354.964,357.447,
44198.331,,357.154,366.929,
44298.329,,355.391,369.670,
44398.328,,356.692,368.090,
44498.325,,357.005,365.987,
44598.320,,356.676,362.594,
44698.322,,356.189,360.398,
44798.321,,357.484,359.385,
44898.316,,358.270,359.860,
44998.313,,357.700,357.367,
45098.312,,356.139,355.277,
45198.310,,355.962,352.342,
45298.308,,356.558,352.435,
45398.311,,356.721,353.920,
45498.306,,356.243,357.376,
45598.302,,357.290,365.199,
45698.300,,355.868,363.840,
45798.305,,357.488,359.740,
45898.302,,357.405,364.604,
45998.301,,356.689,364.092,
46098.293,,357.214,360.601,
46198.297,,357.365,355.979,
46298.292,,358.252,357.602,
46398.293,,360.546,354.562,
46498.293,,358.106,353.995,
46598.289,,358.217,358.612,
46698.289,,358.452,369.535,
46798.286,,357.606,375.265,
46898.282,,357.380,369.366,
46998.279,,357.096,365.162,
47098.277,,357.435,359.011,
47198.281,,357.379,357.603,
47298.275,,356.111,358.571,
47398.275,,355.606,361.267,
47498.276,,356.572,360.437,
47598.274,,356.353,358.407,
47698.268,,356.314,355.539,
47798.271,,356.584,356.242,
47898.267,,356.648,355.290,
47998.264,,356.544,356.906,
48098.261,,356.451,353.208,
48198.257,,355.270,352.590,
48298.249,,357.368,350.675,
48398.250,,355.825,349.859,
48498.241,,355.388,349.927,
48598.240,,356.922,351.878,
48698.233,,355.739,355.321,
48798.235,,358.170,357.857,
48898.228,,357.881,359.621,
48998.221,,356.796,358.564,
49098.222,,357.537,357.067,
49198.219,,357.064,358.251,
49298.212,,356.886,357.831,
49398.209,,356.756,358.326,
49498.204,,360.919,360.615,
49598.203,,359.653,361.993,
49698.195,,359.949,362.808,
49798.189,,356.885,363.565,
49898.191,,358.401,360.919,
49998.183,,357.886,362.697,
50098.177,,357.191,360.074,
50198.176,,359.215,357.255,
50298.173,,358.833,357.778,
50398.168,,357.149,360.926,
50498.163,,356.722,361.259,
50598.162,,357.268,363.733,
50698.159,,357.265,361.684,
50798.152,,357.264,362.439,
50898.152,,356.849,361.199,
50998.146,,357.373,359.102,
51098.142,,356.698,358.050,
51198.140,,357.708,357.692,
51298.134,,356.963,355.901,
51398.130,,357.321,356.211,
51498.126,,356.295,360.942,
51598.123,,356.613,360.769,
51698.117,,356.548,355.726,
51798.114,,354.445,353.337,
51898.112,,354.061,357.426,
51998.102,,356.290,357.382,
52098.103,,355.443,357.292,
52198.096,,355.937,357.800,
52298.091,,355.847,356.691,
52398.087,,355.213,362.552,
52498.087,,356.120,372.130,
52598.084,,355.321,371.836,
52698.078,,357.087,367.678,
52798.070,,357.853,364.368,
52898.072,,357.331,360.729,
52998.066,,356.691,359.294,
53098.062,,356.641,358.316,
53198.058,,356.497,355.006,
53298.050,,357.256,354.837,
53398.051,,357.213,354.667,
53498.044,,356.180,358.444,
53598.043,,356.689,357.849,
53698.034,,357.702,355.342,
53798.035,,358.544,358.332,
53898.032,,359.247,356.760,
53998.024,,359.514,354.663,
54098.024,,357.203,354.998,
54198.017,,357.365,354.435,
54298.014,,357.256,353.747,
54398.010,,356.908,354.993,
54498.005,,356.553,357.899,
54598.004,,357.660,359.112,
54697.994,,357.556,360.250,
54797.992,,357.594,360.840,
54897.989,,358.709,379.397,
54997.969,,358.429,381.562,
55097.984,,358.020,375.869,
55197.976,,358.629,370.287,
55297.972,,358.243,365.140,
55397.969,,358.164,362.723,
55497.966,,358.655,361.092,
55597.961,,359.139,358.570,
55697.960,,357.083,355.630,
55797.953,,357.760,355.137,
55897.947,,356.694,355.557,
55997.946,,355.889,358.030,
56097.942,,356.512,360.306,
56197.943,,357.355,358.341,
56297.939,,357.351,359.347,
56397.933,,358.259,366.729,
56497.934,,357.806,365.528,
56597.933,,356.832,362.007,
56697.926,,357.091,364.166,
56797.926,,357.430,364.099,
56897.921,,357.773,363.486,
56997.917,,357.589,362.407,
57097.918,,356.482,361.342,
57197.910,,356.554,359.203,
57297.912,,357.181,360.020,
57397.910,,360.386,362.771,
57497.902,,362.507,363.682,
57597.901,,361.477,361.440,
57697.895,,361.079,357.257,
57797.896,,358.578,355.522,
57897.895,,357.963,356.031,
57997.891,,358.024,355.825,
58097.891,,357.979,356.997,
58197.883,,357.827,354.603,
58297.884,,357.673,354.220,
58397.880,,356.895,354.210,
58497.878,,357.887,356.729,
58597.877,,356.589,357.183,
58697.871,,355.595,353.304,
58797.872,,356.159,349.974,
58897.863,,355.511,348.321,
58997.864,,356.643,352.899,
59097.863,,356.365,353.647,
59197.858,,356.204,354.799,
59297.855,,356.529,356.661,
59397.850,,357.062,357.407,
59497.851,,356.055,360.745,
59597.850,,356.333,361.168,
59697.845,,357.442,359.283,
59797.845,,356.444,357.409,
59897.838,,357.501,356.606,
59997.838,,357.777,355.185,
60097.837,,358.240,354.756,
60197.830,,356.813,354.737,
60297.825,,357.180,360.176,
60397.826,,358.501,359.402,
60497.820,,356.937,357.979,
60597.821,,358.605,356.103,
60697.815,,359.049,355.205,
60797.818,,358.468,358.545,
60897.810,,356.905,358.407,
60997.811,,358.083,360.688,
61097.804,,357.055,366.720,
61197.801,,357.176,378.894,
61297.803,,357.453,372.644,
61397.802,,358.052,368.041,
61497.796,,356.567,369.844,
61597.795,,356.448,369.660,
61697.794,,356.949,380.363,
61797.787,,356.527,374.256,
61897.783,,356.266,366.625,
61997.786,,356.590,367.518,
62097.779,,356.931,366.273,
62197.776,,358.695,365.165,
62297.773,,357.712,365.244,
62397.772,,356.743,369.309,
62497.768,,356.856,367.610,
62597.768,,357.336,368.079,
62697.765,,356.062,361.707,
62797.759,,355.546,356.770,
62897.761,,355.613,354.264,
62997.754,,356.435,358.634,
63097.758,,355.142,360.719,
63197.751,,354.224,360.632,
63297.747,,355.574,363.762,
63397.745,,355.947,360.373,
63497.745,,356.345,359.330,
63597.745,,356.053,365.314,
63697.737,,355.682,362.083,
63797.737,,356.915,361.216,
63897.736,,355.818,357.730,
63997.731,,357.335,355.587,
64097.725,,357.014,354.659,
64197.720,,357.224,357.550,
64297.714,,358.993,357.457,
64397.712,,357.831,357.633,
64497.709,,357.743,355.276,
64597.701,,356.993,358.543,
64697.697,,356.444,357.715,
64797.690,,355.115,355.138,
64897.687,,355.396,354.537,
64997.685,,353.643,354.495,
65097.678,,354.947,354.290,
65197.671,,354.926,352.552,
65297.671,,353.554,352.323,
65397.665,,355.724,351.212,
65497.657,,354.919,360.306,
65597.654,,355.024,366.077,
65697.649,,355.942,365.204,
65797.647,,358.139,367.937,
65897.642,,356.356,368.088,
65997.634,,356.254,366.202,
66097.633,,355.933,364.425,
66197.629,,356.301,364.617,
66297.619,,356.383,368.027,
66397.614,,355.258,372.982,
66497.611,,355.098,371.092,
66597.606,,358.278,366.147,
66697.604,,358.540,365.902,
66797.595,,356.731,364.972,
66897.596,,356.249,360.517,
66997.585,,355.863,357.103,
67097.580,,355.180,356.435,
67197.575,,356.086,355.697,
67297.575,,355.302,354.515,
67397.572,,355.530,358.379,
67497.561,,354.562,362.976,
67597.558,,355.041,371.240,
67697.554,,354.635,368.783,
67797.547,,354.111,361.391,
67897.542,,353.890,356.426,
67997.539,,354.111,353.643,
68097.534,,351.772,353.139,
68197.530,,353.984,360.772,
68297.527,,353.877,361.891,
68397.521,,354.814,357.342,
68497.519,,356.452,355.712,
68597.510,,354.788,355.547,
68697.506,,354.368,356.930,
68797.499,,353.922,358.337,
68897.499,,353.189,358.758,
68997.488,,352.068,357.754,
69097.487,,355.158,360.273,
69197.483,,352.524,358.440,
69297.477,,354.888,354.276,
69397.475,,354.522,352.687,
69497.465,,355.837,353.164,
69597.463,,355.395,363.224,
69697.460,,355.812,369.698,
69797.450,,354.516,369.795,
69897.449,,354.228,366.373,
69997.443,,355.243,362.352,
70097.435,,355.016,371.221,
70197.436,,354.106,368.332,
70297.425,,354.662,367.094,
70397.424,,354.105,362.723,
70497.416,,354.214,359.170,
70597.416,,354.564,356.739,
70697.405,,354.635,356.003,
70797.407,,354.243,356.933,
70897.400,,353.943,357.469,
70997.397,,353.890,355.660,
71097.387,,355.249,354.479,
71197.382,,356.350,348.637,
71297.377,,354.937,354.116,
71397.374,,353.697,358.404,
71497.370,,354.884,358.684,
71597.362,,356.275,356.544,
71697.360,,355.038,351.519,
71797.355,,352.597,354.290,
71897.352,,355.054,355.268,
71997.350,,355.618,358.173,
72097.348,,354.893,358.337,
72197.343,,355.412,371.838,
72297.343,,354.747,367.164,
72397.337,,355.368,362.202,
72497.333,,354.845,359.257,
72597.332,,354.948,355.701,
72697.328,,354.961,351.619,
72797.329,,354.839,352.785,
72897.326,,353.222,354.522,
72997.326,,355.377,355.054,
73097.322,,354.891,352.396,
73197.314,,353.710,351.876,
73297.314,,352.977,353.013,
73397.310,,354.815,351.124,
73497.312,,350.228,354.928,
73597.305,,350.351,364.105,
73697.302,,350.924,364.330,
73797.304,,351.914,364.386,
73897.299,,352.652,364.220,
73997.301,,353.235,365.350,
74097.296,,353.263,362.212,
74197.293,,353.772,359.093,
74297.290,,354.240,358.694,
74397.288,,353.965,357.306,
74497.286,,354.117,354.352,
74597.285,,354.649,354.625,
74697.281,,354.388,350.078,
74797.279,,351.241,350.096,
74897.279,,353.432,350.769,
74997.271,,353.248,350.088,
75097.274,,354.683,350.227,
75197.267,,353.965,352.840,
75297.266,,351.336,355.539,
75397.267,,353.630,356.469,
75497.263,,353.973,355.673,
75597.261,,353.088,356.133,
75697.254,,352.433,355.922,
75797.255,,353.095,357.414,
75897.252,,352.228,356.684,
75997.250,,353.038,353.779,
76097.249,,352.950,349.932,
76197.245,,351.284,348.953,
76297.245,,352.491,346.210,
76397.243,,352.513,349.929,
76497.240,,351.145,351.565,
76597.233,,351.497,351.723,
76697.230,,352.063,350.761,
76797.232,,353.266,357.667,
76897.230,,351.780,358.887,
76997.229,,354.299,361.545,
77097.226,,353.089,366.525,
77197.219,,353.384,364.778,
77297.217,,350.927,359.580,
77397.216,,352.044,363.386,
77497.217,,354.696,371.951,
77597.212,,356.474,377.714,
77697.212,,354.275,370.570,
77797.205,,352.387,364.335,
77897.203,,351.589,365.883,
77997.201,,353.539,370.090,
78097.201,,353.186,368.992,
78197.197,,356.428,370.111,
78297.199,,353.384,364.790,
78397.194,,352.935,367.048,
78497.193,,355.613,377.525,
78597.189,,355.988,373.490,
78697.184,,355.853,371.800,
78797.185,,354.634,375.777,
78897.185,,353.698,374.469,
78997.183,,354.224,368.766,
79097.179,,355.127,367.677,
79197.175,,355.928,365.788,
79297.176,,353.961,360.849,
79397.170,,353.307,359.335,
79497.170,,353.750,358.644,
79597.168,,354.757,360.100,
79697.162,,355.176,370.014,
79797.165,,354.305,374.526,
79897.157,,354.977,368.918,
79997.158,,354.367,364.002,
80097.157,,354.353,361.339,
80197.157,,353.138,359.244,
80297.154,,354.566,358.820,
80397.152,,354.319,360.408,
80497.151,,355.243,359.051,
80597.150,,354.735,355.118,
80697.146,,354.993,356.508,
80797.142,,354.421,355.755,
80897.141,,354.757,356.606,
80997.139,,354.303,355.071,
81097.142,,354.380,352.792,
81197.139,,354.175,354.634,
81297.136,,354.244,359.939,
81397.133,,354.809,359.771,
81497.132,,355.020,356.224,
81597.133,,354.537,355.224,
81697.132,,354.513,356.538,
81797.130,,354.235,359.913,
81897.129,,354.870,358.517,
81997.125,,355.357,357.180,
82097.126,,354.415,355.495,
82197.121,,354.112,351.056,
82297.117,,353.766,348.641,
82397.122,,354.271,347.245,
82497.116,,352.064,348.699,
82597.112,,352.960,350.445,
82697.115,,349.936,356.397,
82797.116,,350.230,364.389,
82897.108,,352.679,362.826,
82997.108,,353.166,358.851,
83097.109,,352.306,354.809,
83197.103,,352.726,353.050,
83297.103,,354.206,357.341,
83397.105,,351.981,355.978,
83497.100,,353.340,358.808,
83597.098,,354.432,360.962,
83697.101,,353.046,358.038,
83797.095,,355.446,372.634,
83897.098,,356.911,367.998,
83997.091,,356.697,362.006,
84097.091,,356.841,359.568,
84197.087,,355.725,355.312,
84297.090,,354.305,355.266,
84397.087,,354.355,352.933,
84497.087,,355.222,355.026,
84597.084,,354.636,357.590,
84697.083,,354.355,359.147,
84797.083,,354.302,357.189,
84897.079,,353.951,358.193,
84997.082,,354.659,360.320,
85097.077,,354.519,368.845,
85197.077,,353.354,380.189,
85297.075,,356.232,382.234,
85397.075,,356.150,383.773,
85497.073,,356.143,378.084,
85597.067,,355.753,372.966,
85697.072,,354.960,364.760,
85797.066,,353.938,358.363,
85897.064,,353.002,355.880,
85997.061,,353.646,355.314,
86097.061,,353.896,355.512,
86197.059,,354.267,352.573,
86297.061,,354.315,353.637,
86397.057,,354.711,360.385,
86497.054,,356.188,358.622,
86597.054,,355.939,357.244,
86697.052,,356.239,354.114,
86797.052,,354.135,359.416,
86897.050,,354.392,360.690,
86997.052,,354.621,363.939,
87097.052,,354.346,364.635,
87197.045,,354.545,360.738,
87297.049,,353.771,360.122,
87397.046,,354.706,360.184,
87497.042,,355.633,360.867,
87597.044,,354.644,357.707,
87697.041,,354.155,354.130,
87797.036,,354.245,353.864,
87897.037,,354.758,356.019,
87997.035,,354.596,355.764,
88097.031,,353.363,357.604,
88197.025,,354.863,358.231,
88297.020,,354.466,356.590,
88397.021,,354.497,354.092,
88497.013,,353.451,354.062,
88597.012,,353.623,353.872,
88697.003,,353.418,353.025,
88797.004,,353.683,351.291,
88896.996,,353.781,353.963,
88996.995,,353.367,356.605,
89096.990,,354.249,360.019,
89196.987,,354.869,356.179,
89296.982,,353.063,351.242,
89396.977,,354.041,353.330,
89496.975,,353.614,354.888,
89596.969,,353.720,355.195,
89696.967,,353.901,363.001,
89796.958,,352.533,359.220,
89896.958,,353.847,354.539,
89996.955,,353.796,355.873,
90096.947,,354.703,353.979,
90196.948,,355.262,354.437,
90296.941,,357.038,354.461,
90396.935,,355.933,352.591,
90496.934,,355.368,352.650,
90596.926,,355.950,361.016,
90696.923,,357.133,365.369,
90796.920,,355.281,360.705,
90896.916,,355.827,360.259,
90996.911,,355.359,367.040,
91096.905,,354.644,362.661,
91196.902,,355.169,361.752,
91296.903,,353.869,372.384,
91396.893,,354.941,375.332,
91496.890,,354.291,377.015,
91596.889,,354.205,369.904,
91696.884,,354.348,363.312,
91796.881,,354.483,359.751,
91896.877,,354.101,358.608,
91996.869,,354.896,360.694,
92096.865,,354.124,358.782,
92196.862,,353.725,357.018,
92296.859,,352.838,355.818,
92396.856,,353.274,353.767,
92496.852,,353.720,353.940,
92596.844,,353.932,354.760,
92696.845,,354.549,354.430,
92796.839,,353.030,352.703,
92896.833,,352.580,354.017,
92996.832,,352.655,354.597,
93096.826,,352.549,360.215,
93196.824,,353.968,359.573,
93296.819,,353.004,359.786,
93396.812,,353.990,371.204,
93496.807,,353.555,367.951,
93596.803,,354.646,362.220,
93696.799,,353.614,359.810,
93796.796,,352.831,357.039,
93896.790,,352.992,356.185,
93996.787,,354.176,353.630,
94096.788,,354.007,352.083,
94196.782,,352.961,350.257,
94296.775,,354.107,353.047,
94396.770,,358.011,351.604,
94496.772,,355.534,352.246,
94596.767,,357.036,350.603,
94696.758,,354.003,352.076,
94796.755,,352.429,363.253,
94896.750,,353.249,369.100,
94996.745,,353.611,362.564,
95096.743,,352.856,358.910,
95196.741,,352.688,356.616,
95296.735,,353.354,353.672,
95396.735,,352.818,355.874,
95496.726,,351.933,360.162,
95596.722,,351.800,358.379,
95696.717,,352.154,357.031,
95796.712,,352.201,357.438,
95896.714,,353.175,353.502,
95996.707,,352.845,351.824,
96096.702,,352.759,358.984,
96196.702,,352.248,364.638,
96296.699,,351.425,361.213,
96396.698,,351.937,357.218,
96496.693,,351.568,355.686,
96596.691,,352.191,360.580,
96696.685,,353.265,359.952,
96796.684,,351.211,361.676,
96896.684,,353.221,365.132,
96996.676,,353.684,363.497,
97096.678,,354.560,362.287,
97196.672,,354.296,362.505,
97296.671,,354.623,364.184,
97396.669,,354.338,363.022,
97496.663,,353.968,357.974,
97596.663,,354.067,357.430,
97696.658,,353.825,357.874,
97796.657,,353.911,357.886,
97896.653,,353.599,356.417,
97996.648,,353.501,357.019,
98096.647,,353.510,354.101,
98196.642,,352.100,352.125,
98296.638,,352.696,351.568,
98396.641,,352.881,361.111,
98496.636,,352.910,360.698,
98596.629,,353.242,360.995,
98696.631,,352.559,362.767,
98796.625,,352.479,363.115,
98896.621,,352.534,363.428,
98996.618,,352.370,369.129,
99096.615,,352.295,365.427,
99196.615,,352.951,364.579,
99296.615,,353.919,360.678,
99396.606,,352.692,358.705,
99496.608,,353.597,355.685,
99596.606,,353.233,353.585,
99696.601,,352.228,350.355,
99796.600,,351.235,348.712,
99896.598,,352.461,347.798,
99996.592,,352.331,349.913,
100096.588,,351.805,351.387,
100196.586,,352.013,352.194,
100296.585,,352.138,350.529,
100396.581,,351.951,350.186,
100496.576,,352.821,347.493,
100596.577,,352.068,348.528,
100696.569,,351.458,348.535,
100796.567,,351.978,349.080,
100896.564,,353.049,349.646,
100996.562,,353.273,351.132,
101096.560,,354.471,348.958,
101196.561,,354.501,352.186,
101296.553,,355.108,354.754,
101396.549,,357.845,356.212,
101496.545,,356.397,364.793,
101596.545,,355.854,366.840,
101696.546,,353.591,367.332,
101796.541,,353.184,369.714,
101896.540,,353.264,372.832,
101996.533,,352.756,369.802,
102096.533,,352.568,365.719,
102196.528,,352.403,361.971,
102296.524,,353.294,358.063,
102396.525,,352.798,358.261,
102496.517,,353.098,357.630,
102596.515,,352.280,355.900,
102696.516,,352.358,353.531,
102796.510,,352.686,351.620,
102896.506,,353.141,372.032,
102996.503,,354.467,370.880,
103096.504,,353.231,365.161,
103196.499,,352.915,360.783,
103296.494,,354.163,357.371,
103396.496,,354.145,355.242,
103496.491,,354.361,356.041,
103596.492,,353.518,355.947,
103696.485,,353.602,353.049,
103796.485,,354.316,352.804,
103896.479,,355.305,350.504,
103996.478,,354.295,352.831,
104096.471,,357.096,353.499,
104196.467,,356.402,352.104,
104296.464,,354.712,350.748,
104396.461,,353.989,349.060,
104496.456,,353.846,354.219,
104596.457,,354.992,355.309,
104696.453,,354.874,354.407,
104796.446,,355.243,354.775,
104896.443,,355.681,352.619,
104996.444,,355.959,351.083,
105096.436,,356.330,350.308,
105196.432,,357.001,352.326,
105296.429,,356.381,353.221,
105396.430,,355.199,356.548,
105496.424,,353.935,358.550,
105596.417,,354.194,356.678,
105696.419,,355.197,356.270,
105796.414,,355.882,365.612,
105896.412,,354.061,361.190,
105996.406,,354.440,359.476,
106096.401,,355.727,357.488,
106196.396,,354.794,357.176,
106296.396,,353.882,357.493,
106396.393,,352.962,357.213,
106496.390,,353.036,359.611,
106596.382,,354.515,358.300,
106696.380,,354.528,354.665,
106796.380,,353.918,362.258,
106896.377,,355.476,368.132,
106996.372,,354.133,370.390,
107096.364,,354.652,368.501,
107196.362,,355.602,366.123,
107296.357,,354.956,361.019,
107396.360,,354.973,360.202,
107496.353,,354.519,358.073,
107596.351,,353.829,357.705,
107696.346,,354.736,354.563,
107796.340,,354.925,359.690,
107896.337,,353.830,365.505,
107996.338,,354.636,365.898,
108096.332,,353.765,364.591,
108196.328,,354.019,362.096,
108296.324,,353.514,361.010,
108396.322,,354.235,359.149,
108496.317,,354.262,361.356,
108596.317,,356.441,365.341,
108696.312,,356.604,367.332,
108796.310,,356.640,372.390,
108896.306,,358.262,371.641,
108996.298,,357.118,367.054,
109096.296,,356.599,364.885,
109196.294,,356.917,366.997,
109296.287,,356.240,361.234,
109396.282,,356.399,359.860,
109496.280,,355.726,364.103,
109596.276,,355.613,361.499,
109696.273,,355.404,359.133,
109796.270,,356.373,359.501,
109896.264,,355.124,361.021,
109996.263,,355.042,361.087,
110096.259,,353.287,357.606,
110196.259,,353.612,355.891,
110296.255,,354.159,354.906,
110396.249,,354.329,353.523,
110496.246,,354.824,354.818,
110596.245,,354.233,353.452,
110696.241,,354.551,350.902,
110796.235,,353.480,351.712,
110896.235,,352.830,353.187,
110996.230,,353.111,353.263,
111096.226,,353.384,362.468,
111196.222,,354.046,376.077,
111296.218,,354.547,381.936,
111396.211,,354.104,370.844,
111496.210,,354.219,365.913,
111596.208,,355.035,362.007,
111696.204,,354.244,358.655,
111796.197,,354.963,356.637,
111896.197,,354.173,354.902,
111996.196,,354.135,359.494,
112096.196,,356.494,372.899,
112196.188,,354.892,372.164,
112296.190,,356.034,370.895,
112396.188,,354.412,368.849,
112496.185,,356.389,372.084,
112596.180,,356.679,378.248,
112696.184,,355.764,387.866,
112796.183,,355.493,379.155,
112896.176,,356.851,372.271,
112996.158,,357.935,367.086,
113096.177,,358.825,363.873,
113196.171,,356.914,361.306,
113296.172,,355.629,364.994,
113396.170,,356.030,360.878,
113496.168,,355.484,359.620,
113596.164,,355.316,356.137,
113696.165,,353.440,358.188,
113796.158,,353.001,359.767,
113896.162,,353.232,365.763,
113996.161,,353.555,371.369,
114096.152,,352.922,375.633,
114196.156,,352.742,374.704,
114296.151,,353.434,371.655,
114396.148,,352.718,368.936,
114496.148,,353.016,366.810,
114596.150,,352.700,372.941,
114696.142,,352.689,366.199,
114796.145,,352.734,363.382,
114896.140,,352.950,365.637,
114996.138,,352.522,371.017,
115096.134,,353.162,366.546,
115196.137,,353.899,363.825,
115296.132,,353.719,364.042,
115396.130,,353.904,362.774,
115496.133,,353.246,363.455,
115596.130,,353.071,362.285,
115696.126,,352.937,360.285,
115796.124,,353.765,358.937,
115896.126,,352.444,357.699,
115996.123,,351.984,356.571,
116096.116,,353.216,353.436,
116196.120,,351.998,354.671,
116296.117,,352.668,359.266,
116396.113,,354.082,364.123,
116496.111,,354.048,363.357,
116596.108,,353.456,361.681,
116696.105,,352.691,363.239,
116796.109,,352.222,356.508,
116896.102,,351.915,356.640,
116996.101,,354.400,354.583,
117096.099,,354.572,353.035,
117196.103,,354.950,353.695,
117296.095,,353.760,354.641,
117396.096,,352.732,355.484,
117496.095,,352.604,359.587,
117596.090,,353.424,358.179,
117696.090,,353.194,355.323,
117796.087,,353.013,354.335,
117896.088,,353.191,352.833,
117996.088,,353.377,356.346,
118096.088,,353.601,360.103,
118196.082,,353.577,360.071,
118296.081,,351.722,361.947,
118396.082,,353.004,360.985,
118496.075,,353.019,358.180,
118596.079,,351.883,360.188,
118696.071,,352.954,355.477,
118796.075,,352.924,353.673,
118896.072,,352.617,351.543,
118996.067,,352.133,353.396,
119096.066,,354.352,356.240,
119196.066,,353.716,356.102,
119296.063,,353.099,355.079,
119396.061,,351.958,354.909,
119496.059,,353.515,356.013,
119596.061,,353.639,356.681,
119696.056,,353.266,359.142,
119796.053,,353.361,360.213,
119896.051,,353.463,359.028,
119996.052,,352.250,361.821,
120096.047,,351.738,357.013,
120196.040,,352.754,353.127,
120296.040,,353.353,351.121,
120396.036,,352.067,353.030,
120496.034,,352.508,361.150,
120596.030,,353.610,363.276,
120696.026,,353.246,362.421,
120796.024,,353.809,361.914,
120896.019,,354.153,361.842,
120996.019,,354.986,359.470,
121096.016,,352.978,357.332,
121196.009,,351.994,356.230,
121296.003,,352.541,354.395,
121396.003,,353.827,354.541,
121495.998,,353.392,358.462,
121595.996,,353.168,360.236,
121695.995,,353.019,356.844,
121795.992,,352.372,357.205,
121895.983,,351.960,353.407,
121995.985,,352.091,352.195,
122095.978,,352.161,353.807,
122195.976,,351.894,370.388,
122295.973,,352.265,367.056,
122395.966,,352.679,367.865,
122495.965,,352.588,365.750,
122595.961,,352.935,362.879,
122695.959,,351.956,367.881,
122795.958,,353.891,362.151,
122895.951,,352.080,357.918,
122995.946,,352.158,352.939,
123095.946,,352.064,351.034,
123195.939,,351.533,351.388,
123295.936,,350.902,353.169,
123395.934,,351.426,353.577,
123495.932,,351.532,353.132,
123595.928,,351.845,349.886,
123695.925,,351.812,351.021,
123795.924,,353.878,357.243,
123895.917,,352.269,352.638,
123995.912,,351.559,349.391,
124095.910,,351.403,349.041,
124195.906,,351.042,347.070,
124295.902,,351.018,347.451,
124395.899,,351.628,347.208,
124495.896,,352.180,344.527,
124595.893,,352.277,342.677,
124695.893,,352.241,341.456,
124795.887,,351.984,341.011,
124895.887,,353.055,344.595,
124995.884,,353.476,348.509,
125095.877,,354.240,350.053,
125195.874,,355.439,351.317,
125295.871,,353.011,353.134,
125395.867,,352.270,354.892,
125495.863,,351.809,357.393,
125595.859,,351.899,355.868,
125695.854,,352.179,360.017,
125795.855,,352.818,370.328,
125895.851,,353.263,365.528,
125995.843,,353.571,365.687,
126095.843,,353.832,361.056,
126195.840,,352.861,357.727,
126295.836,,352.661,353.980,
126395.831,,354.192,353.070,
126495.831,,351.996,352.254,
126595.824,,351.407,351.324,
126695.822,,351.908,353.541,
126795.816,,351.593,352.706,
126895.814,,352.105,350.193,
126995.810,,352.461,353.156,
127095.812,,352.363,354.922,
127195.803,,352.038,358.881,
127295.801,,351.989,358.881,
127395.800,,351.997,356.490,
127495.794,,351.873,351.680,
127595.793,,351.167,348.261,
127695.792,,350.864,349.235,
127795.783,,351.908,346.985,
127895.778,,352.063,345.829,
127995.782,,353.353,355.288,
128095.779,,354.487,353.745,
128195.774,,352.977,352.613,
128295.774,,351.491,352.823,
128395.767,,351.482,351.074,
128495.770,,352.264,349.875,
128595.768,,353.763,350.161,
128695.765,,352.263,350.966,
128795.758,,353.077,353.233,
128895.754,,352.077,354.290,
128995.756,,351.992,354.305,
129095.752,,352.527,364.639,
129195.751,,351.500,363.707,
129295.750,,352.511,363.556,
129395.744,,352.232,366.348,
129495.742,,352.153,365.957,
129595.741,,352.385,364.235,
129695.739,,352.566,367.321,
129795.734,,352.107,366.113,
129895.735,,353.048,362.229,
129995.730,,353.057,358.899,
130095.726,,353.229,358.250,
130195.722,,353.985,358.559,
130295.723,,354.654,355.441,
130395.720,,353.719,354.655,
130495.717,,354.379,353.288,
130595.716,,353.250,352.706,
130695.711,,353.372,352.011,
130795.709,,352.873,356.389,
130895.707,,354.330,361.847,
130995.709,,355.134,359.802,
131095.700,,355.401,357.766,
131195.704,,355.962,358.866,
131295.696,,354.595,357.006,
131395.695,,355.543,359.336,
131495.695,,355.016,357.424,
131595.690,,353.870,352.465,
131695.688,,353.971,353.067,
131795.683,,353.199,350.302,
131895.683,,352.978,349.961,
131995.678,,352.446,350.805,
132095.679,,352.903,351.536,
132195.679,,352.562,349.962,
132295.674,,352.467,347.283,
132395.674,,353.336,348.426,
132495.668,,352.645,352.545,
132595.670,,354.105,352.498,
132695.662,,353.826,352.969,
132795.659,,354.717,356.189,
132895.661,,354.541,359.264,
132995.657,,353.820,357.867,
133095.658,,353.789,362.285,
133195.652,,353.565,362.307,
133295.648,,353.477,365.346,
133395.645,,353.070,364.274,
133495.644,,353.422,363.677,
133595.643,,353.539,360.451,
133695.643,,357.011,356.202,
133795.634,,356.279,356.690,
133895.636,,355.624,362.708,
133995.630,,354.793,362.658,
134095.627,,354.720,366.842,
134195.631,,354.581,372.147,
134295.622,,353.633,374.962,
134395.626,,354.557,366.917,
134495.620,,354.440,362.166,
134595.615,,354.844,370.026,
134695.615,,354.391,364.334,
134795.615,,353.610,357.264,
134895.613,,355.785,353.364,
134995.608,,355.041,350.600,
135095.607,,354.757,349.184,
135195.607,,354.068,350.034,
135295.601,,354.687,352.234,
135395.600,,353.466,351.912,
135495.596,,354.991,350.553,
135595.593,,352.883,349.324,
135695.595,,352.219,351.381,
135795.593,,351.982,349.866,
135895.584,,352.127,347.741,
135995.588,,352.058,348.704,
136095.584,,351.655,347.829,
136195.576,,352.521,349.898,
136295.580,,352.784,350.565,
136395.576,,353.601,352.186,
136495.571,,353.053,354.156,
136595.567,,350.870,354.208,
136695.565,,351.859,353.561,
136795.563,,350.626,354.195,
136895.561,,351.377,352.569,
136995.556,,351.798,352.722,
137095.553,,351.007,354.060,
137195.554,,351.058,352.557,
137295.546,,351.864,351.840,
137395.549,,351.644,353.974,
137495.543,,351.910,357.738,
137595.538,,352.002,357.974,
137695.538,,351.636,357.944,
137795.535,,351.244,361.864,
137895.537,,351.507,360.904,
137995.527,,351.602,364.140,
138095.527,,353.421,362.365,
138195.526,,352.597,358.495,
138295.522,,352.896,355.398,
138395.516,,352.010,351.512,
138495.513,,352.762,350.368,
138595.510,,353.289,350.494,
138695.511,,352.317,357.683,
138795.510,,352.233,358.119,
138895.504,,352.323,355.312,
138995.503,,351.906,357.975,
139095.496,,351.863,360.067,
139195.495,,352.318,355.868,
139295.494,,353.149,352.170,
139395.488,,352.608,350.434,
139495.490,,352.765,356.628,
139595.483,,352.540,363.814,
139695.485,,352.764,368.552,
139795.481,,352.966,367.271,
139895.474,,352.643,364.398,
139995.476,,354.197,359.180,
140095.474,,352.832,368.354,
140195.470,,352.444,370.136,
140295.467,,353.834,366.602,
140395.465,,352.203,363.206,
140495.458,,352.730,363.007,
140595.459,,353.401,363.248,
140695.458,,353.631,360.514,
140795.452,,353.019,360.605,
140895.449,,353.085,358.567,
140995.445,,352.783,357.771,
141095.444,,352.434,360.341,
141195.443,,352.598,368.768,
141295.435,,352.544,372.297,
141395.438,,352.494,372.551,
141495.436,,353.013,376.220,
141595.429,,352.997,374.081,
141695.429,,353.171,368.038,
141795.425,,352.610,361.958,
141895.419,,353.598,357.558,
141995.421,,352.179,355.461,
142095.419,,351.519,352.504,
142195.411,,351.838,351.632,
142295.409,,352.227,350.964,
142395.408,,351.797,350.538,
142495.407,,352.498,353.395,
142595.402,,352.412,358.501,
142695.403,,351.616,357.885,
142795.394,,352.035,360.582,
142895.393,,352.002,361.461,
142995.391,,352.051,370.284,
143095.392,,352.401,368.712,
143195.386,,352.419,365.501,
143295.386,,352.726,365.997,
143395.378,,352.298,362.900,
143495.377,,352.465,362.368,
143595.374,,351.910,361.877,
143695.372,,352.170,364.881,
143795.367,,353.114,363.514,
143895.369,,355.608,356.903,
143995.366,,353.834,353.334,
144095.357,,353.015,350.822,
144195.359,,352.312,350.092,
144295.350,,352.581,350.162,
144395.346,,354.233,347.535,
144495.343,,354.008,346.334,
144595.342,,351.463,345.513,
144695.334,,351.474,347.597,
144795.334,,352.630,350.299,
144895.332,,351.850,350.592,
144995.327,,352.125,357.531,
145095.320,,350.556,364.661,
145195.317,,351.135,361.194,
145295.317,,352.028,357.336,
145395.310,,352.288,353.217,
145495.309,,352.299,353.139,
145595.300,,353.088,354.001,
145695.298,,352.002,355.621,
145795.295,,352.500,354.902,
145895.293,,352.601,351.605,
145995.283,,352.551,350.759,
146095.283,,352.572,352.414,
146195.279,,352.220,352.057,
146295.277,,352.003,350.025,
146395.269,,352.092,348.959,
146495.266,,351.367,350.168,
146595.265,,353.080,348.655,
146695.262,,352.137,350.348,
146795.257,,352.541,355.106,
146895.251,,353.268,360.144,
146995.246,,352.768,366.869,
147095.243,,352.609,371.491,
147195.237,,352.512,373.562,
147295.235,,352.820,372.873,
147395.229,,352.707,373.490,
147495.227,,352.264,367.468,
147595.223,,352.723,367.884,
147695.218,,352.966,365.791,
147795.213,,353.104,363.599,
147895.216,,353.004,365.532,
147995.212,,353.223,364.247,
148095.206,,352.647,361.732,
148195.204,,352.773,361.829,
148295.196,,352.721,360.007,
148395.191,,352.333,358.710,
148495.188,,352.731,356.865,
148595.183,,353.195,355.075,
148695.182,,352.769,356.215,
148795.179,,352.900,359.378,
148895.175,,353.206,359.089,
148995.167,,352.936,357.949,
149095.168,,353.484,360.550,
149195.165,,353.325,359.129,
149295.157,,353.225,357.282,
149395.152,,353.225,356.355,
149495.153,,353.526,356.427,
149595.144,,353.024,357.858,
149695.141,,352.695,355.127,
149795.136,,353.169,356.377,
149895.133,,352.218,359.039,
149995.131,,352.928,357.835,
150095.129,,352.898,357.421,
150195.121,,352.556,364.019,
150295.117,,352.977,365.410,
150395.118,,352.694,364.111,
150495.109,,352.755,363.829,
150595.105,,352.174,360.306,
150695.105,,352.809,357.984,
150795.097,,352.258,355.111,
150895.097,,352.491,355.388,
150995.093,,352.452,352.813,
151095.085,,352.968,350.347,
151195.082,,352.805,346.816,
151295.080,,352.826,346.209,
151395.077,,353.032,347.352,
151495.069,,353.069,349.323,
151595.069,,352.915,347.220,
151695.065,,352.746,344.747,
151795.041,,352.900,348.056,
151895.056,,352.746,350.777,
151995.055,,353.267,351.045,
152095.048,,353.180,355.965,
152195.049,,352.574,352.423,
152295.042,,352.931,349.021,
152395.041,,352.986,347.177,
152495.033,,355.348,346.996,
152595.033,,356.182,353.224,
152695.031,,354.450,354.401,
152795.027,,353.962,357.156,
152895.025,,352.961,367.626,
152995.016,,353.101,367.171,
153095.012,,353.541,366.092,
153195.015,,353.244,367.409,
153295.007,,353.944,369.523,
153395.003,,355.564,362.959,
153495.004,,354.365,359.374,
153594.995,,353.996,363.614,
153694.997,,353.699,361.543,
153794.991,,354.844,359.223,
153894.987,,352.977,355.521,
153994.988,,352.281,353.871,
154094.984,,351.531,353.573,
154194.976,,351.618,353.171,
154294.977,,350.666,351.162,
154394.973,,351.715,349.152,
154494.967,,351.513,348.391,
154594.963,,353.255,347.805,
154694.959,,352.929,354.976,
154794.955,,351.719,356.100,
154894.954,,351.620,353.559,
154994.950,,352.490,350.141,
155094.949,,352.890,352.113,
155194.941,,354.656,352.888,
155294.943,,353.661,353.538,
155394.938,,353.327,351.823,
155494.933,,352.809,356.019,
155594.927,,354.225,357.984,
155694.930,,352.538,356.959,
155794.925,,351.850,355.854,
155894.922,,352.839,364.384,
155994.919,,352.566,362.325,
156094.916,,353.586,378.217,
156194.908,,355.014,377.535,
156294.907,,355.167,370.786,
156394.904,,354.789,372.332,
156494.899,,356.188,375.313,
156594.899,,354.388,365.580,
156694.890,,353.482,359.865,
156794.892,,355.565,355.363,
156894.883,,352.924,351.529,
156994.885,,351.803,348.476,
157094.880,,351.314,351.580,
157194.876,,351.365,357.566,
157294.874,,351.733,359.313,
157394.871,,352.305,356.824,
157494.862,,352.601,361.615,
157594.862,,352.191,360.422,
157694.860,,351.221,355.944,
157794.855,,350.593,354.128,
157894.851,,351.976,353.006,
157994.845,,352.570,351.541,
158094.848,,352.827,350.437,
158194.840,,352.585,348.539,
158294.837,,351.474,347.075,
158394.838,,351.663,348.329,
158494.830,,351.721,348.683,
158594.828,,351.880,347.360,
158694.827,,352.067,359.614,
158794.822,,352.164,365.869,
158894.815,,352.275,362.333,
158994.813,,351.305,359.686,
159094.808,,351.282,363.844,
159194.809,,350.666,371.330,
159294.801,,351.732,374.502,
159394.799,,347.381,374.480,
159494.794,,350.806,379.070,
159594.791,,350.536,374.598,
159694.788,,350.679,373.983,
159794.789,,350.402,371.846,
159894.784,,350.035,365.227,
159994.782,,349.463,361.767,
160094.775,,352.805,361.152,
160194.772,,352.873,358.456,
160294.770,,353.317,356.922,
160394.769,,353.427,356.962,
160494.764,,352.412,356.507,
160594.764,,352.043,356.648,
160694.757,,352.668,355.515,
160794.755,,352.036,357.559,
160894.752,,352.564,357.688,
160994.751,,352.679,357.757,
161094.749,,352.635,359.808,
161194.742,,352.790,356.169,
161294.741,,353.118,353.847,
161394.734,,353.220,355.180,
161494.731,,352.980,353.008,
161594.731,,351.585,351.580,
161694.728,,352.912,349.091,
161794.725,,352.972,353.089,
161894.719,,352.609,352.951,
161994.722,,355.083,355.884,
162094.719,,354.405,355.643,
162194.712,,354.936,357.603,
162294.711,,353.501,362.694,
162394.709,,353.937,358.074,
162494.706,,351.875,355.256,
162594.698,,352.030,357.253,
162694.696,,353.084,354.244,
162794.691,,352.014,353.144,
162894.688,,352.770,352.643,
162994.689,,350.597,362.533,
163094.685,,351.968,368.861,
163194.682,,352.515,372.679,
163294.679,,353.160,363.900,
163394.673,,351.843,364.122,
163494.672,,350.214,362.194,
163594.670,,350.121,359.095,
163694.664,,350.179,359.575,
163794.665,,349.899,362.462,
163894.662,,349.941,359.043,
163994.660,,350.049,353.751,
164094.652,,349.877,354.284,
164194.654,,350.256,354.888,
164294.650,,350.305,352.228,
164394.643,,350.188,355.768,
164494.642,,350.006,355.244,
164594.636,,350.146,354.128,
164694.636,,349.958,353.466,
164794.633,,350.641,353.873,
164894.627,,349.928,350.581,
164994.627,,350.169,351.059,
165094.624,,350.853,351.052,
165194.619,,351.663,347.597,
165294.620,,350.435,346.823,
165394.612,,351.025,350.195,
165494.615,,352.840,364.205,
165594.612,,353.640,367.988,
165694.602,,354.297,362.496,
165794.601,,352.131,356.371,
165894.597,,351.767,351.649,
165994.599,,350.813,349.207,
166094.592,,351.034,348.621,
166194.588,,349.798,352.601,
166294.584,,350.612,354.324,
166394.582,,350.798,355.929,
166494.579,,350.405,357.826,
166594.580,,350.318,356.065,
166694.576,,350.694,357.281,
166794.574,,350.573,360.374,
166894.570,,350.239,359.401,
166994.563,,350.711,366.540,
167094.563,,350.912,360.970,
167194.561,,349.972,354.495,
167294.560,,350.123,350.756,
167394.557,,349.530,348.524,
167494.554,,349.995,361.799,
167594.546,,350.412,358.952,
167694.541,,349.969,352.816,
167794.543,,349.337,350.528,
167894.540,,350.249,350.249,
167994.533,,350.306,352.749,
168094.533,,349.971,352.989,
168194.528,,350.640,350.940,
168294.528,,350.913,349.440,
168394.528,,350.990,348.295,
168494.524,,350.948,350.131,
168594.522,,350.868,355.480,
168694.521,,350.605,361.768,
168794.517,,350.490,358.469,
168894.513,,350.211,354.913,
168994.513,,350.346,353.440,
169094.512,,350.528,354.921,
169194.510,,350.032,362.452,
169294.503,,350.649,357.751,
169394.504,,350.986,353.249,
169494.498,,349.771,350.157,
169594.502,,349.486,347.393,
169694.498,,350.703,346.490,
169794.495,,350.858,347.946,
169894.494,,349.076,346.747,
169994.490,,350.148,345.672,
170094.485,,349.990,349.251,
170194.484,,349.574,351.510,
170294.486,,349.775,350.249,
170394.483,,350.160,352.855,
170494.476,,352.640,357.981,
170594.477,,351.684,357.651,
170694.472,,353.507,353.732,
170794.471,,353.201,353.899,
170894.473,,353.509,354.630,
170994.470,,352.888,353.789,
171094.469,,352.173,354.303,
171194.460,,354.431,353.432,
171294.464,,353.394,351.929,
171394.456,,353.684,350.719,
171494.457,,355.402,349.370,
171594.452,,354.184,349.316,
171694.450,,353.826,350.350,
171794.448,,354.537,364.446,
171894.445,,355.558,376.568,
171994.444,,355.016,371.029,
172094.445,,354.395,365.385,
172194.442,,353.072,365.140,
172294.440,,354.105,374.275,
172394.438,,353.787,365.964,
172494.432,,353.525,360.649,
172594.435,,353.794,355.192,
172694.429,,351.999,350.134,
172794.426,,351.863,357.054,
172894.427,,350.955,368.331,
172994.426,,351.028,366.576,
173094.424,,352.657,367.436,
173194.417,,352.045,362.312,
173294.414,,352.219,354.610,
173394.415,,352.977,352.533,
173494.409,,352.365,351.861,
173594.411,,350.465,350.133,
173694.410,,350.296,348.831,
173794.407,,351.453,352.404,
173894.404,,351.133,351.576,
173994.400,,350.483,351.437,
174094.397,,351.521,349.480,
174194.399,,351.657,353.137,
174294.396,,351.330,354.194,
174394.395,,351.207,351.123,
174494.387,,351.978,351.382,
174594.389,,352.573,352.626,
174694.388,,352.460,353.411,
174794.385,,352.161,353.659,
174894.383,,351.371,356.869,
174994.380,,351.191,357.578,
175094.373,,351.357,352.197,
175194.377,,350.072,352.474,
175294.369,,351.114,351.709,
175394.373,,352.320,352.893,
175494.370,,351.717,351.726,
175594.364,,351.583,349.975,
175694.361,,351.247,350.999,
175794.360,,351.413,352.789,
175894.358,,352.546,355.618,
175994.358,,352.785,364.915,
176094.354,,351.699,367.237,
176194.347,,351.565,367.215,
176294.342,,352.206,364.820,
176394.342,,352.424,360.243,
176494.336,,351.880,359.846,
176594.330,,352.056,360.011,
176694.328,,352.006,362.912,
176794.321,,351.555,359.883,
176894.318,,351.369,357.587,
176994.313,,351.840,354.434,
177094.312,,351.792,352.239,
177194.307,,351.905,354.419,
177294.302,,351.920,356.880,
177394.296,,351.959,363.849,
177494.293,,352.468,357.086,
177594.290,,351.329,353.899,
177694.287,,351.392,355.611,
177794.286,,352.242,356.041,
177894.280,,352.453,355.355,
177994.277,,352.709,360.211,
178094.270,,353.667,355.867,
178194.264,,353.029,351.897,
178294.263,,351.023,350.986,
178394.258,,352.586,349.561,
178494.253,,352.206,348.169,
178594.250,,351.317,346.416,
178694.244,,350.870,345.851,
178794.243,,350.423,350.996,
178894.237,,350.344,354.207,
178994.234,,351.751,358.867,
179094.233,,352.241,360.603,
179194.228,,354.001,356.807,
179294.223,,353.976,353.320,
179394.216,,353.119,350.871,
179494.214,,352.716,352.016,
179594.210,,352.783,350.837,
179694.203,,351.730,351.326,
179794.201,,354.660,351.069,
179894.199,,353.373,351.180,
179994.197,,352.564,350.499,
180094.190,,352.461,347.862,
180194.185,,353.196,348.107,
180294.184,,352.345,349.112,
180394.180,,352.917,352.033,
180494.174,,352.926,352.449,
180594.172,,352.395,352.301,
180694.167,,353.471,350.141,
180794.159,,352.604,345.721,
180894.157,,351.714,347.126,
180994.156,,351.862,349.974,
181094.147,,352.159,351.556,
181194.145,,351.200,350.420,
181294.140,,350.734,349.929,
181394.136,,350.586,351.239,
181494.138,,350.654,347.714,
181594.128,,350.644,349.191,
181694.125,,350.436,359.626,
181794.120,,349.179,361.934,
181894.117,,349.369,368.465,
181994.117,,349.195,369.701,
182094.113,,349.077,368.017,
182194.104,,349.380,372.104,
182294.099,,349.683,371.975,
182394.094,,349.807,370.684,
182494.092,,350.689,366.546,
182594.088,,351.033,367.799,
182694.084,,351.100,377.505,
182794.085,,351.451,371.820,
182894.077,,351.474,364.919,
182994.075,,351.725,375.237,
183094.067,,351.473,368.673,
183194.065,,351.267,360.766,
183294.059,,351.169,354.669,
183394.056,,351.726,351.820,
183494.053,,352.048,349.760,
183594.047,,350.940,350.856,
183694.045,,351.314,353.158,
183794.041,,350.860,353.317,
183894.036,,351.028,349.944,
183994.035,,350.420,346.383,
184094.029,,350.672,344.989,
184194.028,,350.555,347.526,
184294.026,,350.474,348.113,
184394.022,,350.923,354.374,
184494.022,,350.916,351.600,
184594.013,,350.860,349.601,
184694.013,,350.503,347.503,
184794.009,,350.704,344.482,
184894.005,,350.372,342.165,
184994.006,,350.689,342.341,
185094.001,,349.741,345.464,
185193.994,,348.820,346.019,
185293.991,,348.740,351.907,
185393.988,,348.880,352.967,
185493.987,,348.473,348.158,
185593.985,,348.385,345.630,
185693.984,,347.845,344.561,
185793.977,,347.646,342.093,
185893.974,,347.801,341.754,
185993.972,,347.917,342.641,
186093.972,,347.658,342.018,
186193.964,,347.979,340.836,
186293.961,,348.487,339.930,
186393.963,,350.136,344.288,
186493.959,,352.409,345.552,
186593.953,,351.631,347.712,
186693.949,,350.813,347.945,
186793.947,,350.053,351.138,
186893.944,,349.102,360.397,
186993.943,,348.160,360.414,
187093.936,,348.163,368.769,
187193.937,,348.029,363.825,
187293.935,,348.664,358.215,
187393.930,,349.126,354.270,
187493.927,,348.806,353.221,
187593.922,,348.838,352.974,
187693.919,,349.308,356.461,
187793.913,,349.528,356.541,
187893.913,,350.185,354.880,
187993.907,,351.117,353.938,
188093.908,,351.868,352.308,
188193.905,,350.631,352.467,
188293.904,,351.420,352.189,
188393.897,,350.281,351.342,
188493.895,,349.871,350.887,
188593.895,,349.115,350.086,
188693.887,,348.690,358.873,
188793.888,,350.219,359.594,
188893.879,,350.392,360.706,
188993.878,,349.391,361.023,
189093.874,,348.396,363.253,
189193.872,,350.365,360.063,
189293.868,,349.544,356.968,
189393.865,,349.516,356.437,
189493.864,,348.580,356.733,
189593.864,,348.876,358.838,
189693.859,,349.460,355.312,
189793.852,,349.498,352.951,
189893.855,,349.370,351.250,
189993.850,,349.342,348.251,
190093.843,,348.924,346.206,
190193.841,,348.673,345.977,
190293.840,,348.046,348.098,
190393.835,,348.436,348.120,
190493.836,,348.943,347.160,
190593.831,,349.782,348.088,
190693.826,,349.107,354.284,
190793.825,,349.364,356.524,
190893.820,,348.893,356.788,
190993.819,,349.070,352.216,
191093.818,,349.145,349.222,
191193.810,,349.846,349.297,
191293.807,,349.610,346.524,
191393.805,,349.523,346.528,
191493.801,,349.397,346.515,
191593.802,,349.089,344.748,
191693.796,,349.663,345.354,
191793.793,,350.599,345.364,
191893.789,,350.398,347.176,
191993.787,,350.608,347.544,
192093.781,,351.052,345.750,
192193.781,,350.154,345.848,
192293.780,,350.503,352.126,
192393.776,,350.262,354.294,
192493.777,,351.368,353.435,
192593.770,,352.511,355.669,
192693.769,,353.326,367.279,
192793.766,,351.042,363.080,
192893.765,,351.908,359.236,
192993.759,,351.950,358.332,
193093.759,,354.351,354.086,
193193.759,,351.800,350.849,
193293.750,,351.142,348.153,
193393.748,,350.719,349.652,
193493.751,,350.246,355.071,
193593.743,,350.412,357.854,
193693.741,,350.732,356.679,
193793.740,,350.351,355.218,
193893.738,,349.561,353.037,
193993.735,,349.776,350.220,
194093.733,,349.993,351.054,
194193.731,,350.661,352.700,
194293.727,,350.899,353.180,
194393.726,,350.888,363.724,
194493.724,,350.679,359.807,
194593.719,,350.313,357.574,
194693.718,,350.437,357.899,
194793.717,,350.598,357.798,
194893.714,,349.720,356.424,
194993.710,,349.580,357.512,
195093.704,,350.377,360.349,
195193.702,,349.935,358.021,
195293.698,,350.498,357.267,
195393.697,,351.016,359.309,
195493.693,,351.782,359.957,
195593.691,,351.563,360.548,
195693.692,,350.938,377.552,
195793.686,,350.783,375.748,
195893.687,,351.217,367.582,
195993.683,,350.870,362.230,
196093.679,,350.937,362.663,
196193.677,,351.205,365.736,
196293.672,,351.205,363.315,
196393.674,,350.180,363.197,
196493.667,,349.819,362.489,
196593.668,,349.751,358.877,
196693.662,,349.009,356.372,
196793.663,,350.875,354.138,
196893.656,,351.039,352.352,
196993.654,,350.782,354.552,
197093.656,,351.062,358.001,
197193.652,,351.918,364.041,
197293.651,,351.865,364.090,
197393.644,,351.261,361.325,
197493.645,,350.675,359.106,
197593.643,,351.041,355.751,
197693.636,,350.277,355.628,
197793.636,,351.066,353.577,
197893.631,,350.016,354.027,
197993.631,,349.565,360.344,
198093.630,,349.175,354.250,
198193.628,,349.066,348.267,
198293.620,,348.718,349.346,
198393.620,,349.425,355.287,
198493.614,,349.841,351.482,
198593.617,,349.947,348.347,
198693.612,,349.603,345.701,
198793.612,,349.552,347.911,
198893.604,,350.676,350.602,
198993.604,,349.940,350.760,
199093.602,,350.531,350.257,
199193.598,,350.425,350.170,
199293.599,,350.256,349.620,
199393.591,,353.682,350.199,
199493.590,,353.402,352.277,
199593.587,,353.000,353.684,
199693.587,,352.756,349.557,
199793.581,,352.626,347.903,
199893.584,,352.507,349.396,
199993.579,,350.730,347.326,
200093.574,,350.132,345.562,
200193.572,,350.432,345.281,
200293.571,,349.052,340.460,
200393.567,,348.531,341.697,
200493.562,,348.733,341.814,
200593.557,,349.204,345.063,
200693.557,,349.996,346.700,
200793.554,,349.239,349.622,
200893.549,,349.686,349.011,
200993.552,,349.527,351.643,
201093.547,Input1*2*0,350.016,354.256,
201193.540,Input1*2*1,350.120,358.868,
201293.541,,349.476,385.548,
201393.536,,349.206,394.240,
201493.534,,349.006,389.225,
201593.528,,348.616,380.736,
201693.525,,348.000,392.324,
201793.528,,347.738,387.937,
201893.524,,346.895,395.754,
201993.517,,346.723,388.403,
202093.515,,347.033,384.771,
202193.511,,348.522,373.250,
202293.513,,347.429,363.359,
202393.508,,347.044,358.628,
202493.504,,347.120,358.074,
202593.504,,346.340,352.796,
202693.500,,346.669,350.467,
202793.498,,346.758,346.310,
202893.493,,346.768,343.891,
202993.492,,347.886,341.756,
203093.489,,348.116,341.586,
203193.485,,347.443,346.939,
203293.480,,348.084,345.866,
203393.481,,347.482,342.755,
203493.480,,347.706,342.284,
203593.473,,348.568,347.164,
203693.468,,348.264,345.411,
203793.470,,346.893,343.045,
203893.464,,348.366,343.789,
203993.459,,349.055,343.951,
204093.456,,350.048,346.735,
204193.456,,350.424,347.646,
204293.454,,350.563,350.115,
204393.447,,351.127,347.731,
204493.450,,350.239,347.469,
204593.446,,349.616,348.776,
204693.443,,350.536,352.778,
204793.440,,355.194,361.004,
204893.433,,353.870,364.580,
204993.434,,350.549,361.978,
205093.427,,350.861,357.605,
205193.428,,350.965,357.285,
205293.421,,350.760,358.012,
205393.418,,351.498,359.415,
205493.415,,350.884,364.542,
205593.417,,351.475,360.918,
205693.410,,351.501,363.496,
205793.407,,352.569,367.001,
205893.407,,352.473,360.966,
205993.405,,351.559,359.316,
206093.400,,351.788,367.970,
206193.401,,351.748,365.833,
206293.398,,351.380,363.225,
206393.390,,351.960,365.611,
206493.391,,352.014,375.554,
206593.388,,350.612,373.407,
206693.383,,350.999,372.035,
206793.383,,352.197,367.085,
206893.377,,351.373,360.680,
206993.377,,351.192,360.034,
207093.368,,350.422,391.932,
207193.371,,350.107,452.183,
207293.365,,350.642,439.971,
207393.365,,350.990,417.038,
207493.360,,350.045,402.368,
207593.355,,351.161,405.572,
207693.355,,350.286,400.209,
207793.350,,350.349,395.783,
207893.346,,350.186,385.214,
207993.349,,349.060,378.623,
208093.343,,349.986,372.434,
208193.338,,349.428,365.112,
208293.335,Input1*2*0,349.141,358.372,
208393.338,,349.005,354.601,
208493.334,,348.957,355.079,
208593.328,,349.188,353.543,
208693.323,,349.586,350.149,
208793.325,Input1*2*1,349.191,346.136,
208893.319,,348.314,343.916,
208993.315,,348.697,341.770,
209093.315,,347.606,341.096,
209193.313,,348.813,343.445,
209293.307,,348.153,359.749,
209393.305,,347.355,359.710,
209493.301,,347.095,352.419,
209593.303,,346.747,349.117,
209693.302,,351.886,347.635,
209793.296,,350.781,350.421,
209893.291,,347.955,351.654,
209993.292,,348.441,353.960,
210093.287,,347.840,358.687,
210193.285,,348.179,357.398,
210293.279,,348.650,356.536,
210393.281,,349.454,356.344,
210493.275,,349.800,355.294,
210593.271,,349.286,359.892,
210693.269,,349.522,357.008,
210793.267,,349.327,352.439,
210893.269,,348.603,348.341,
210993.265,,347.934,355.070,
211093.257,,347.398,355.383,
211193.255,,347.105,350.163,
211293.253,,348.568,347.860,
211393.251,,347.984,349.621,
211493.249,,347.795,352.529,
211593.249,,347.987,357.097,
211693.242,,347.543,357.987,
211793.243,,346.886,353.433,
211893.238,,347.261,348.412,
211993.238,,346.484,347.867,
212093.235,,346.596,345.434,
212193.226,,347.060,342.152,
212293.228,,346.877,342.590,
212393.226,,348.372,344.204,
212493.219,,347.199,347.518,
212593.218,,346.752,351.332,
212693.215,,347.142,350.295,
212793.211,,347.653,346.639,
212893.211,,346.714,343.233,
212993.205,,346.945,345.178,
213093.208,,346.892,343.830,
213193.200,,346.085,347.603,
213293.197,,347.966,346.017,
213393.193,,346.646,344.567,
213493.192,,346.301,343.646,
213593.189,,347.539,344.033,
213693.187,,348.122,341.615,
213793.184,,347.721,341.115,
213893.181,,348.148,345.856,
213993.177,,346.917,353.255,
214093.177,,346.309,354.697,
214193.176,,347.192,354.888,
214293.174,,347.636,349.485,
214393.171,,348.347,346.880,
214493.165,,348.205,348.861,
214593.160,,345.982,345.715,
214693.164,,346.311,342.890,
214793.161,,347.052,357.389,
214893.152,,346.471,361.513,
214993.153,,348.374,358.943,
215093.148,,346.520,355.660,
215193.150,,348.113,350.068,
215293.143,,347.425,358.236,
215393.142,,349.068,377.396,
215493.136,,347.593,374.747,
215593.136,,352.517,367.877,
215693.132,,349.189,361.757,
215793.129,,348.664,358.700,
215893.127,,347.568,355.640,
215993.126,,348.806,352.803,
216093.121,,347.608,346.233,
216193.115,,347.444,345.188,
216293.113,,348.332,344.293,
216393.108,,347.144,345.282,
216493.106,,347.358,342.027,
216593.103,,346.844,343.442,
216693.100,,347.092,346.426,
216793.100,,346.658,353.754,
216893.092,,346.669,349.216,
216993.092,,347.090,346.155,
217093.089,,348.336,345.825,
217193.081,,350.141,344.854,
217293.079,,348.319,345.763,
217393.080,,349.478,348.545,
217493.077,,348.107,347.428,
217593.071,,352.031,350.957,
217693.070,,351.365,356.448,
217793.065,,352.166,357.139,
217893.064,,349.681,356.257,
217993.058,,350.364,353.166,
218093.053,,349.498,350.042,
218193.054,,349.518,350.262,
218293.051,,348.216,349.988,
218393.042,,349.547,351.735,
218493.042,,348.188,351.568,
218593.041,,348.383,355.238,
218693.031,,349.058,352.606,
218793.029,,348.852,355.339,
218893.029,,350.654,366.756,
218993.027,,348.599,374.340,
219093.024,,348.780,388.657,
219193.020,,348.881,387.430,
219293.015,,349.484,379.809,
219393.014,,349.961,370.050,
219493.007,,349.510,363.232,
219593.002,,348.571,359.451,
219693.002,,352.111,355.256,
219792.994,,349.062,353.208,
219892.992,,350.561,350.875,
219992.992,,347.186,353.807,
220092.991,,349.259,360.260,
220192.981,,349.172,359.566,
220292.984,,351.074,361.654,
220392.980,,351.513,360.944,
220492.976,,348.867,354.527,
220592.974,,346.777,349.475,
220692.970,,349.326,349.962,
220792.968,,349.461,349.065,
220892.962,,346.588,348.114,
220992.959,,349.466,352.057,
221092.951,,347.553,349.416,
221192.950,,347.051,347.055,
221292.948,,347.665,348.853,
221392.944,,348.422,352.207,
221492.942,,348.209,353.163,
221592.940,,348.900,356.994,
221692.935,,349.153,358.569,
221792.930,,349.837,355.546,
221892.930,,347.542,355.841,
221992.923,,349.170,359.563,
222092.920,,349.556,358.528,
222192.920,,349.568,355.399,
222292.916,,349.509,357.495,
222392.913,,349.646,362.511,
222492.910,,346.600,364.773,
222592.905,,349.762,367.605,
222692.900,,349.325,361.299,
222792.900,,350.467,359.446,
222892.895,,350.709,362.084,
222992.888,,349.769,364.241,
223092.888,,349.187,369.353,
223192.884,,350.067,366.317,
223292.881,,348.386,363.201,
223392.876,,347.875,356.943,
223492.873,,346.210,352.993,
223592.874,,348.854,351.738,
223692.868,,351.581,353.961,
223792.866,,352.191,362.579,
223892.862,,351.768,365.275,
223992.855,,352.096,362.757,
224092.857,,352.906,361.844,
224192.849,,351.680,357.558,
224292.851,,353.309,360.360,
224392.849,,354.591,360.128,
224492.841,,353.499,358.686,
224592.843,,352.978,356.134,
224692.837,,351.467,360.639,
224792.837,,351.749,374.457,
224892.835,,351.445,373.892,
224992.829,,351.606,372.001,
225092.825,,351.196,369.877,
225192.826,,350.750,363.346,
225292.823,,350.274,362.093,
225392.820,,349.057,383.071,
225492.815,,349.350,405.600,
225592.810,,348.862,403.777,
225692.812,,348.819,393.213,
225792.803,,349.026,383.606,
225892.800,,349.321,373.917,
225992.799,,347.481,368.877,
226092.800,,349.303,367.823,
226192.797,,350.042,365.315,
226292.791,,349.913,364.106,
226392.786,,349.693,363.481,
226492.783,,350.287,360.009,
226592.781,,350.087,356.513,
226692.782,,350.069,355.140,
226792.775,,350.216,356.620,
226892.777,,350.160,356.754,
226992.771,,350.440,357.004,
227092.767,,350.557,357.637,
227192.766,,350.453,357.995,
227292.766,,350.696,362.632,
227392.762,,350.560,366.634,
227492.756,,350.328,364.927,
227592.751,,349.116,357.121,
227692.751,,348.813,354.259,
227792.747,,350.749,350.878,
227892.746,,348.075,348.306,
227992.741,,348.089,348.546,
228092.742,,347.224,349.559,
228192.734,,350.370,352.458,
228292.733,,350.427,357.922,
228392.732,,347.694,363.114,
228492.726,,349.274,358.453,
228592.724,,349.503,353.584,
228692.720,,350.262,350.909,
228792.720,,350.151,353.884,
228892.716,,350.381,365.624,
228992.714,,350.240,361.454,
229092.708,,349.818,358.395,
229192.704,,352.136,357.393,
229292.707,,348.744,353.334,
229392.703,,346.215,350.492,
229492.699,,348.886,350.557,
229592.693,,347.802,361.227,
229692.693,,349.556,366.171,
229792.693,,348.460,365.626,
229892.687,,348.821,361.794,
229992.683,,348.964,357.064,
230092.678,,349.144,352.225,
230192.682,,348.842,350.914,
230292.675,,348.759,350.188,
230392.670,,348.751,349.940,
230492.672,,349.300,349.899,
230592.669,,349.905,351.780,
230692.665,,350.326,349.607,
230792.664,,349.200,347.751,
230892.659,,348.074,347.024,
230992.655,,347.743,348.603,
231092.653,,348.054,347.467,
231192.648,,347.046,344.506,
231292.648,,348.961,346.930,
231392.642,,348.270,354.689,
231492.641,,349.394,354.888,
231592.638,,348.208,353.860,
231692.634,,349.088,353.524,
231792.636,,347.993,353.137,
231892.627,,349.307,350.173,
231992.630,,348.068,354.051,
232092.628,,348.965,359.580,
232192.621,,348.031,355.700,
232292.618,,348.177,356.533,
232392.619,,349.300,358.446,
232492.613,,348.166,359.844,
232592.613,,348.323,358.131,
232692.608,,348.158,357.034,
232792.607,,348.238,360.969,
232892.607,,348.357,360.294,
232992.601,,347.851,355.969,
233092.605,,348.038,356.195,
233192.603,,348.142,355.811,
233292.600,,347.990,354.525,
233392.593,,347.659,350.239,
233492.593,,346.320,349.948,
233592.589,,348.752,347.783,
233692.589,,345.080,341.831,
233792.586,,347.670,344.224,
233892.584,,345.114,344.350,
233992.584,,348.146,349.438,
234092.581,,346.508,352.169,
234192.579,,347.846,360.180,
234292.576,,345.946,357.793,
234392.573,,346.431,357.201,
234492.573,,346.550,355.467,
234592.565,,347.555,354.911,
234692.564,,347.761,354.995,
234792.563,,347.619,356.278,
234892.559,,347.296,356.774,
234992.556,,347.133,357.935,
235092.555,,348.010,353.313,
235192.555,,347.818,355.947,
235292.550,,347.168,356.920,
235392.552,,347.469,356.527,
235492.547,,347.685,355.870,
235592.548,,347.421,353.602,
235692.542,,345.843,365.601,
235792.540,,346.864,364.889,
235892.538,,346.310,367.483,
235992.533,,348.230,360.685,
236092.532,,346.130,357.806,
236192.532,,346.953,353.073,
236292.527,,346.908,349.721,
236392.526,,351.317,347.127,
236492.523,,349.218,345.070,
236592.526,,351.438,343.821,
236692.517,,348.550,355.623,
236792.515,,349.730,361.364,
236892.514,,348.596,357.771,
236992.515,,347.627,356.039,
237092.512,,348.682,356.247,
237192.509,,350.339,352.608,
237292.510,,348.325,347.409,
237392.503,,350.039,353.381,
237492.500,,347.447,355.068,
237592.503,,348.917,351.201,
237692.498,,348.843,346.866,
237792.499,,347.502,347.105,
237892.493,,347.466,345.835,
237992.494,,347.278,350.435,
238092.491,,348.021,359.579,
238192.487,,347.657,356.613,
238292.485,,347.924,353.747,
238392.484,,347.016,350.107,
238492.482,,345.331,349.541,
238592.466,,346.557,348.749,
238692.476,,346.549,346.370,
238792.476,,348.203,346.469,
238892.472,,348.430,350.834,
238992.472,,348.001,357.219,
239092.465,,346.937,363.545,
239192.462,,346.187,364.395,
239292.461,,346.801,368.819,
239392.459,,346.884,371.541,
239492.458,,346.445,373.045,
239592.453,,349.592,378.353,
239692.453,,346.179,377.002,
239792.450,,346.426,372.709,
239892.448,,347.083,366.156,
239992.442,,346.422,358.508,
240092.442,,346.079,355.961,
240192.439,,345.719,353.225,
240292.436,,346.404,349.693,
240392.432,,346.999,347.633,
240492.425,,348.444,345.215,
240592.425,,348.136,347.147,
240692.424,,347.990,356.933,
240792.418,,349.916,353.896,
240892.415,,351.195,351.361,
240992.412,,348.303,346.423,
241092.407,,350.740,346.973,
241192.404,,347.296,342.677,
241292.399,,346.836,342.458,
241392.398,,347.765,344.449,
241492.389,,347.641,346.196,
241592.391,,347.151,356.034,
241692.382,,346.482,363.607,
241792.384,,347.939,365.549,
241892.376,,348.582,363.790,
241992.376,,348.855,370.314,
242092.374,,348.910,379.974,
242192.365,,350.183,374.559,
242292.365,,349.436,372.155,
242392.361,,348.203,365.221,
242492.355,,348.364,362.624,
242592.351,,347.793,359.702,
242692.347,,347.566,355.314,
242792.350,,347.423,352.213,
242892.347,,347.739,363.224,
242992.341,,348.362,367.722,
243092.336,,347.805,360.875,
243192.331,,347.785,355.770,
243292.333,,348.079,352.207,
243392.325,,347.974,358.091,
243492.325,,348.819,357.548,
243592.317,,350.496,355.955,
243692.313,,348.948,352.761,
243792.311,,350.404,351.793,
243892.291,,347.837,354.228,
243992.307,,349.774,353.919,
244092.303,,347.447,354.851,
244192.298,,348.151,351.471,
244292.297,,347.206,350.347,
244392.294,,347.997,348.652,
244492.287,,345.594,350.813,
244592.284,,348.376,352.585,
244692.280,,346.845,351.473,
244792.279,,348.496,351.324,
244892.275,,347.588,348.577,
244992.267,,347.958,346.959,
245092.263,,346.941,345.848,
245192.265,,347.617,347.438,
245292.259,,346.538,345.295,
245392.254,,348.193,346.762,
245492.252,,346.346,350.284,
245592.250,,348.031,355.294,
245692.242,,348.806,360.264,
245792.245,,348.663,360.263,
245892.235,,348.443,359.856,
245992.237,,347.877,357.926,
246092.230,,348.217,356.338,
246192.230,,348.271,354.317,
246292.223,,347.841,355.483,
246392.217,,347.662,354.501,
246492.215,,346.366,354.475,
246592.214,,347.976,352.627,
246692.210,,345.252,352.216,
246792.206,,347.197,348.833,
246892.205,,349.336,350.349,
246992.199,,349.665,348.541,
247092.195,,349.466,350.880,
247192.190,,349.181,351.479,
247292.189,,347.049,355.939,
247392.186,,347.639,358.212,
247492.181,,347.560,358.765,
247592.181,,348.472,355.025,
247692.177,,347.677,354.373,
247792.174,,347.478,350.487,
247892.167,,347.468,349.464,
247992.160,,347.941,347.623,
248092.159,,347.669,346.948,
248192.159,,348.232,348.515,
248292.153,,347.961,349.914,
248392.149,,347.088,350.732,
248492.145,,346.956,349.496,
248592.138,,348.614,350.314,
248692.137,,348.627,349.639,
248792.130,,349.050,353.773,
248892.131,,348.730,358.804,
248992.124,,348.463,355.054,
249092.120,,347.128,351.569,
249192.122,,348.047,349.223,
249292.112,,346.165,350.471,
249392.108,,347.564,360.586,
249492.105,,346.525,360.379,
249592.103,,347.252,360.100,
249692.100,,347.233,360.935,
249792.093,,347.051,384.450,
249892.093,,347.535,387.641,
249992.092,,347.246,381.033,
250092.082,,347.421,373.265,
250192.080,,347.446,367.218,
250292.080,,347.520,367.683,
250392.071,,347.007,361.862,
250492.067,,347.019,355.887,
250592.063,,345.946,354.137,
250692.064,,345.615,354.606,
250792.058,,349.924,352.582,
250892.056,,347.784,351.356,
250992.054,,348.859,348.302,
251092.044,,348.887,348.308,
251192.044,,348.947,345.813,
251292.041,,349.103,345.008,
251392.034,,347.058,342.682,
251492.035,,346.593,343.516,
251592.029,,348.164,351.219,
251692.025,,345.588,359.311,
251792.021,,344.363,356.307,
251892.020,,345.015,353.085,
251992.014,,345.495,352.463,
252092.010,,346.394,349.866,
252192.004,,346.672,350.576,
252291.999,,347.135,352.026,
252392.002,,347.114,349.058,
252491.994,,347.925,347.447,
252591.988,,350.380,351.369,
252691.984,,350.565,347.659,
252791.983,,350.450,350.405,
252891.980,,350.047,353.578,
252991.974,,349.469,356.865,
253091.970,,349.375,360.484,
253191.971,,349.035,367.190,
253291.962,,347.026,363.165,
253391.958,,350.361,357.100,
253491.957,,345.167,351.465,
253591.950,,346.858,357.667,
253691.952,,346.971,355.646,
253791.944,,347.405,353.145,
253891.942,,347.311,350.900,
253991.935,,346.854,347.415,
254091.937,,346.501,345.403,
254191.931,,346.114,345.609,
254291.929,,345.668,348.440,
254391.920,,345.457,351.058,
254491.920,,345.857,355.153,
254591.914,,346.001,354.129,
254691.912,,345.069,351.033,
254791.909,,346.582,349.811,
254891.907,,346.991,349.507,
254991.902,,346.468,348.823,
255091.896,,347.714,349.219,
255191.894,,345.915,345.129,
255291.886,,346.588,347.976,
255391.887,,345.535,351.366,
255491.878,,346.514,376.739,
255591.876,,346.050,373.860,
255691.870,,345.735,365.291,
255791.869,,345.824,358.237,
255891.867,,345.811,355.048,
255991.865,,343.580,355.626,
256091.859,,345.948,351.345,
256191.854,,344.392,352.168,
256291.857,,346.497,350.613,
256391.850,,347.113,349.783,
256491.849,,347.364,347.343,
256591.843,,347.157,344.469,
256691.846,,346.972,344.569,
256791.841,,347.284,347.452,
256891.836,,346.708,349.785,
256991.833,,346.638,348.248,
257091.827,,346.436,350.385,
257191.831,,345.593,360.684,
257291.827,,346.038,359.520,
257391.825,,346.427,355.716,
257491.816,,350.004,353.937,
257591.814,,351.767,351.873,
257691.812,,350.932,351.000,
257791.814,,350.606,348.871,
257891.805,,345.884,342.935,
257991.802,,346.068,344.956,
258091.799,,347.152,347.223,
258191.800,,347.101,345.562,
258291.799,,345.217,343.627,
258391.792,,344.983,345.527,
258491.793,,345.695,358.588,
258591.790,,346.033,358.259,
258691.786,,346.541,352.629,
258791.780,,346.781,348.200,
258891.780,,346.504,346.154,
258991.773,,346.764,344.389,
259091.772,,347.308,340.175,
259191.766,,342.972,341.353,
259291.768,,343.349,344.669,
259391.767,,347.234,341.423,
259491.764,,347.838,347.347,
259591.761,,347.468,348.149,
259691.758,,348.827,347.705,
259791.756,,347.613,348.683,
259891.753,,346.256,347.057,
259991.743,,345.485,350.100,
260091.746,,345.521,346.325,
260191.741,,344.975,344.876,
260291.740,,345.480,346.343,
260391.735,,345.674,349.740,
260491.729,,345.537,352.417,
260591.732,,345.900,351.414,
260691.727,,345.168,351.605,
260791.724,,345.725,352.218,
260891.720,,346.626,349.367,
260991.719,,348.312,350.410,
261091.716,,344.892,347.566,
261191.709,,346.242,347.048,
261291.707,,345.449,347.961,
261391.708,,346.277,349.190,
261491.705,,346.255,348.655,
261591.701,,346.114,348.792,
261691.696,,347.284,352.563,
261791.697,,347.164,354.542,
261891.693,,347.159,352.560,
261991.688,,347.404,351.651,
262091.684,,347.044,349.284,
262191.680,,347.684,351.293,
262291.679,,347.740,351.351,
262391.675,,345.998,348.975,
262491.676,,346.426,349.725,
262591.671,,346.804,352.385,
262691.669,,346.614,352.306,
262791.668,,347.183,350.008,
262891.664,,347.053,349.805,
262991.663,,347.133,347.891,
263091.654,,346.368,347.657,
263191.651,,345.793,347.616,
263291.651,,348.069,350.335,
263391.645,,345.377,353.132,
263491.647,,347.288,353.474,
263591.641,,346.210,349.217,
263691.640,,347.538,345.580,
263791.639,,346.655,344.970,
263891.631,,347.544,350.211,
263991.630,,347.041,356.067,
264091.626,,347.100,358.893,
264191.619,,346.976,364.203,
264291.621,,347.075,364.318,
264391.616,,346.884,358.575,
264491.613,,346.611,354.474,
264591.610,,346.505,351.978,
264691.603,,345.246,349.615,
264791.603,,346.232,347.256,
264891.593,,344.738,348.743,
264991.589,,347.537,346.188,
265091.588,,347.447,343.527,
265191.587,,347.406,342.080,
265291.582,,347.920,344.605,
265391.577,,347.244,347.512,
265491.572,,346.845,354.010,
265591.568,,345.567,355.418,
265691.569,,346.388,359.797,
265791.559,,347.300,355.873,
265891.557,,347.753,351.091,
265991.553,,346.743,345.759,
266091.549,,345.900,342.236,
266191.545,,348.492,342.086,
266291.540,,347.465,348.415,
266391.543,,347.305,374.579,
266491.534,,347.004,377.588,
266591.535,,346.674,366.272,
266691.526,,346.346,356.038,
266791.524,,345.548,350.316,
266891.519,,346.648,347.192,
266991.516,,346.870,342.793,
267091.515,,345.956,340.414,
267191.510,,347.293,344.456,
267291.508,,346.610,348.363,
267391.503,,346.460,349.608,
267491.497,,346.597,348.387,
267591.494,,346.829,347.552,
267691.491,,346.873,357.694,
267791.489,,346.476,361.224,
267891.481,,346.755,355.945,
267991.477,,344.835,352.408,
268091.475,,346.709,349.467,
268191.471,,347.025,350.356,
268291.468,,347.211,346.706,
268391.463,,346.660,343.379,
268491.462,,345.872,342.966,
268591.458,,346.950,342.251,
268691.452,,346.494,344.057,
268791.448,,345.395,348.350,
268891.444,,345.478,347.019,
268991.444,,345.556,347.745,
269091.435,,345.539,347.856,
269191.437,,347.114,348.535,
269291.431,,346.106,349.485,
269391.427,,345.510,351.869,
269491.423,,345.309,353.189,
269591.419,,346.822,359.267,
269691.413,,345.727,375.948,
269791.408,,346.846,366.250,
269891.409,,346.221,359.588,
269991.400,,345.464,361.141,
270091.398,,346.045,360.906,
270191.398,,345.528,355.765,
270291.389,,346.482,351.209,
270391.390,,347.499,348.073,
270491.385,,347.595,350.645,
270591.378,,348.801,348.929,
270691.377,,347.930,348.894,
270791.375,,349.306,347.826,
270891.370,,347.505,345.111,
270991.366,,346.830,341.535,
271091.362,,346.187,340.763,
271191.358,,346.712,341.427,
271291.355,,346.142,343.908,
271391.349,,344.851,344.190,
271491.350,,345.665,344.349,
271591.342,,345.431,349.701,
271691.340,,347.164,351.055,
271791.335,,347.233,348.385,
271891.334,,347.460,349.742,
271991.329,,347.855,349.026,
272091.325,,345.966,348.000,
272191.325,,346.507,360.352,
272291.322,,346.373,376.816,
272391.325,,346.812,374.316,
272491.322,,346.378,366.230,
272591.316,,345.780,358.296,
272691.318,,343.671,361.932,
272791.317,,344.619,361.176,
272891.311,,346.230,363.698,
272991.310,,346.163,370.464,
273091.309,,345.556,365.086,
273191.306,,345.185,360.120,
273291.305,,345.208,356.381,
273391.302,,345.515,353.257,
273491.302,,345.354,349.758,
273591.296,,345.981,349.427,
273691.299,,345.554,350.720,
273791.293,,345.374,345.632,
273891.296,,345.470,342.411,
273991.293,,346.551,341.463,
274091.287,,346.467,341.086,
274191.289,,345.300,339.621,
274291.286,,345.125,342.764,
274391.285,,345.293,350.205,
274491.282,,345.589,347.411,
274591.279,,345.194,345.059,
274691.278,,346.005,341.605,
274791.272,,346.075,341.493,
274891.272,,346.401,343.504,
274991.270,,346.077,345.370,
275091.269,,348.607,355.770,
275191.265,,347.074,353.878,
275291.263,,349.959,359.812,
275391.262,,347.968,355.699,
275491.265,,349.182,359.939,
275591.258,,348.202,356.523,
275691.257,,347.535,355.192,
275791.254,,347.663,349.834,
275891.256,,348.001,348.599,
275991.255,,347.236,348.134,
276091.253,,345.997,348.570,
276191.245,,345.004,356.508,
276291.245,,346.022,356.777,
276391.244,,347.914,358.559,
276491.240,,347.459,357.181,
276591.241,,346.394,352.580,
276691.239,,346.598,351.945,
276791.237,,344.999,351.800,
276891.237,,346.818,348.004,
276991.235,,345.986,347.290,
277091.230,,346.480,349.078,
277191.230,,346.268,350.937,
277291.224,,345.369,356.451,
277391.225,,345.603,355.876,
277491.220,,345.570,353.284,
277591.224,,345.072,349.948,
277691.219,,346.238,348.447,
277791.219,,346.110,351.016,
277891.218,,346.440,349.153,
277991.213,,345.243,349.213,
278091.214,,347.467,351.659,
278191.213,,345.570,352.538,
278291.207,,345.622,351.852,
278391.204,,346.113,348.247,
278491.207,,345.316,345.360,
278591.206,,345.512,346.217,
278691.199,,345.001,350.073,
278791.198,,345.216,353.988,
278891.196,,344.589,351.316,
278991.196,,344.841,347.783,
279091.194,,344.263,342.733,
279191.191,,344.092,345.963,
279291.186,,344.257,359.324,
279391.189,,343.435,362.488,
279491.183,,343.432,359.408,
279591.183,,344.604,354.701,
279691.185,,345.184,353.544,
279791.181,,346.593,351.243,
279891.180,,346.168,352.623,
279991.175,,347.125,355.051,
280091.172,,346.718,352.698,
280191.164,,345.555,372.903,
280291.162,,345.977,380.509,
280391.157,,346.226,373.055,
280491.152,,345.692,365.461,
280591.145,,345.794,361.252,
280691.145,,346.793,358.085,
280791.137,,346.257,354.817,
280891.135,,347.461,355.275,
280991.128,,345.068,351.325,
281091.122,,346.573,348.902,
281191.117,,346.155,348.332,
281291.117,,347.051,353.517,
281391.111,,346.465,358.291,
281491.108,,346.756,355.585,
281591.102,,346.535,356.735,
281691.099,,346.477,354.554,
281791.095,,346.690,354.000,
281891.086,,346.975,365.559,
281991.086,,344.986,364.531,
282091.076,,345.115,358.770,
282191.074,,345.710,365.532,
282291.070,,344.467,360.363,
282391.063,,344.459,355.165,
282491.060,,344.549,353.755,
282591.054,,344.784,356.629,
282691.052,,344.519,352.759,
282791.043,,346.128,350.062,
282891.042,,347.087,348.967,
282991.036,,348.587,349.900,
283091.035,,348.605,350.895,
283191.030,,347.680,351.227,
283291.023,,346.572,371.122,
283391.018,,346.339,379.394,
283491.014,,347.145,370.106,
283591.007,,347.420,363.200,
283691.006,,345.795,359.074,
283791.004,,345.650,356.475,
283890.998,,345.284,370.403,
283990.993,,345.365,367.718,
284090.985,,345.875,359.036,
284190.982,,345.223,354.429,
284290.977,,345.623,352.621,
284390.972,,345.645,349.394,
284490.971,,346.457,347.776,
284590.967,,346.277,348.046,
284690.958,,346.358,346.318,
284790.955,,346.165,346.856,
284890.949,,345.664,345.005,
284990.950,,345.040,345.559,
285090.943,,344.988,350.253,
285190.937,,345.462,349.161,
285290.931,,345.404,348.638,
285390.926,,345.691,347.200,
285490.923,,346.240,345.408,
285590.922,,347.088,343.536,
285690.916,,346.183,343.457,
285790.910,,345.877,344.059,
285890.906,,346.157,346.657,
285990.904,,346.527,347.135,
286090.896,,346.068,346.732,
286190.891,,346.016,347.668,
286290.890,,346.358,352.207,
286390.883,,346.508,359.346,
286490.875,,346.151,368.742,
286590.875,,345.445,369.521,
286690.866,,345.726,361.386,
286790.866,,345.889,354.048,
286890.858,,345.954,350.933,
286990.853,,345.712,351.176,
287090.853,,344.572,348.381,
287190.844,,345.054,348.099,
287290.843,,346.087,351.278,
287390.834,,345.669,360.882,
287490.829,,346.093,371.023,
287590.825,,345.599,371.556,
287690.822,,345.956,369.486,
287790.815,,344.171,364.937,
287890.810,,345.541,363.838,
287990.811,,345.812,375.933,
288090.808,,344.886,367.519,
288190.806,,345.576,359.548,
288290.807,,345.811,356.335,
288390.803,,344.838,362.532,
288490.805,,344.924,364.355,
288590.804,,345.573,361.420,
288690.796,,345.645,366.641,
288790.793,,345.219,367.398,
288890.793,,345.346,363.302,
288990.790,,344.700,360.862,
289090.789,,345.067,355.920,
289190.790,,344.252,370.222,
289290.788,,345.003,365.031,
289390.784,,344.708,358.077,
289490.784,,344.968,353.419,
289590.784,,344.673,349.101,
289690.777,,345.505,346.039,
289790.775,,345.327,344.913,
289890.777,,345.840,345.639,
289990.774,,346.014,348.762,
290090.775,,346.401,369.914,
290190.769,,347.688,386.018,
290290.767,,347.605,377.927,
290390.764,,347.635,367.713,
290490.762,,346.615,359.971,
290590.765,,348.121,355.515,
290690.759,,347.573,359.964,
290790.758,,347.431,368.351,
290890.755,,346.830,370.293,
290990.756,,348.020,366.526,
291090.755,,347.853,358.429,
291190.750,,347.759,353.113,
291290.752,,347.358,351.973,
291390.747,,348.415,352.256,
291490.748,,349.993,350.606,
291590.741,,349.868,350.950,
291690.739,,350.476,350.042,
291790.740,,350.031,348.360,
291890.742,,348.640,348.482,
291990.736,,348.962,355.255,
292090.738,,349.009,360.912,
292190.733,,347.655,360.428,
292290.731,,346.772,357.164,
292390.730,,347.280,355.763,
292490.727,,347.080,351.607,
292590.724,,345.923,352.092,
292690.726,,345.776,352.364,
292790.719,,345.421,349.743,
292890.721,,346.754,351.449,
292990.718,,346.161,353.159,
293090.714,,346.638,352.799,
293190.715,,346.794,358.189,
293290.711,,347.480,369.371,
293390.710,,347.796,364.998,
293490.712,,347.372,359.476,
293590.709,,347.461,355.484,
293690.703,,347.914,355.385,
293790.707,,347.646,357.976,
293890.704,,346.959,356.570,
293990.700,,347.001,353.531,
294090.698,,346.540,351.486,
294190.695,,347.009,349.784,
294290.693,,347.288,357.420,
294390.695,,347.255,354.402,
294490.694,,347.270,352.802,
294590.691,,347.344,352.226,
294690.684,,347.407,351.795,
294790.686,,347.673,350.990,
294890.683,,346.964,349.489,
294990.684,,347.125,349.108,
295090.678,,346.955,352.211,
295190.676,,346.947,352.675,
295290.675,,346.194,348.607,
295390.677,,346.473,345.185,
295490.674,,346.214,347.043,
295590.672,,345.968,348.421,
295690.672,,345.876,357.710,
295790.671,,345.827,369.168,
295890.665,,345.650,375.518,
295990.661,,345.586,368.192,
296090.657,,345.543,361.379,
296190.655,,345.880,356.366,
296290.655,,346.161,353.683,
296390.652,,347.229,351.675,
296490.649,,346.995,352.291,
296590.647,,346.959,354.487,
296690.641,,345.775,352.168,
296790.638,,347.104,349.736,
296890.636,,346.598,347.942,
296990.636,,346.701,346.018,
297090.632,,346.915,344.639,
297190.631,,347.259,345.382,
297290.626,,347.324,348.832,
297390.625,,347.252,349.484,
297490.625,,346.665,350.926,
297590.620,,346.709,351.557,
297690.619,,346.819,348.457,
297790.615,,347.326,348.248,
297890.613,,348.509,348.993,
297990.609,,346.541,347.561,
298090.605,,347.941,344.922,
298190.607,,345.893,345.322,
298290.602,,346.685,344.070,
298390.598,,345.478,344.880,
298490.597,,346.666,346.993,
298590.596,,345.262,347.034,
298690.590,,345.374,346.006,
298790.586,,345.493,346.848,
298890.585,,347.009,356.059,
298990.580,,347.204,358.454,
299090.579,,347.207,353.628,
299190.578,,346.943,356.303,
299290.572,,346.803,362.356,
299390.571,,346.168,363.595,
299490.566,,346.321,360.724,
299590.566,,346.268,358.774,
299690.560,,346.838,356.975,
299790.561,,346.720,355.725,
299890.556,,347.045,354.043,
299990.557,,346.304,357.242,
300090.549,,346.707,371.836,
300190.546,,346.728,367.224,
300290.545,,347.084,360.405,
300390.541,,346.882,355.543,
300490.539,,347.036,354.464,
300590.540,,346.439,351.421,
300690.535,,346.194,346.752,
300790.534,,346.509,344.445,
300890.528,,347.135,344.931,
300990.525,,347.335,345.432,
301090.526,,346.482,347.637,
301190.521,,346.596,362.068,
301290.521,,348.036,359.953,
301390.517,,348.995,358.571,
301490.516,,348.386,354.815,
301590.508,,347.941,350.136,
301690.507,,347.407,346.703,
301790.507,,346.954,346.634,
301890.501,,347.640,345.880,
301990.497,,346.398,346.604,
302090.498,,346.351,349.846,
302190.494,,346.297,352.598,
302290.493,,346.660,351.835,
302390.492,,346.712,347.737,
302490.489,,347.033,348.671,
302590.486,,347.403,354.995,
302690.483,,347.711,357.429,
302790.480,,347.156,356.787,
302890.476,,346.753,353.579,
302990.473,,346.836,350.530,
303090.468,,348.109,348.927,
303190.467,,347.917,346.418,
303290.465,,347.712,343.072,
303390.463,,347.824,344.008,
303490.463,,348.251,350.072,
303590.458,,348.462,347.856,
303690.454,,347.233,349.851,
303790.449,,347.585,347.444,
303890.451,,346.260,348.000,
303990.445,,346.811,359.942,
304090.439,,346.986,358.646,
304190.441,,346.963,356.990,
304290.433,,346.964,355.848,
304390.433,,347.496,356.058,
304490.424,,347.367,356.163,
304590.427,,348.921,351.951,
304690.420,,347.508,351.905,
304790.418,,348.269,349.291,
304890.413,,347.876,346.782,
304990.411,,347.327,345.792,
305090.404,,347.660,348.782,
305190.400,,346.692,352.423,
305290.399,,347.561,350.711,
305390.394,,348.267,350.896,
305490.394,,349.350,349.492,
305590.387,,348.776,350.350,
305690.384,,351.331,348.019,
305790.378,,349.777,348.692,
305890.378,,348.986,351.060,
305990.371,,347.697,352.342,
306090.373,,347.829,355.002,
306190.367,,348.303,354.237,
306290.363,,347.041,358.676,
306390.361,,347.984,369.730,
306490.355,,347.717,376.257,
306590.353,,347.254,366.948,
306690.345,,348.766,358.907,
306790.342,,349.883,354.591,
306890.340,,349.029,351.295,
306990.336,,348.398,352.626,
307090.334,,348.830,353.030,
307190.329,,347.796,351.141,
307290.327,,347.600,351.375,
307390.324,,347.592,355.834,
307490.317,,348.110,359.668,
307590.315,,348.145,359.015,
307690.314,,348.026,358.131,
307790.306,,348.384,360.438,
307890.301,,348.694,355.250,
307990.303,,348.639,354.707,
308090.301,,349.612,355.025,
308190.291,,347.868,354.245,
308290.294,,348.542,356.377,
308390.286,,349.492,358.425,
308490.284,,349.719,355.111,
308590.282,,350.702,353.832,
308690.276,,350.127,357.010,
308790.271,,351.214,355.610,
308890.266,,350.685,351.919,
308990.265,,350.265,348.823,
309090.265,,348.348,350.863,
309190.257,,347.914,350.781,
309290.252,,347.282,346.942,
309390.251,,347.477,344.097,
309490.245,,347.067,341.469,
309590.241,,347.490,345.348,
309690.237,,347.810,347.447,
309790.233,,346.583,346.952,
309890.232,,346.246,344.815,
309990.226,,347.059,342.865,
310090.226,,346.796,343.806,
310190.219,,347.117,346.882,
310290.219,,347.774,351.545,
310390.217,,347.510,356.612,
310490.209,,347.633,357.910,
310590.210,,347.739,363.196,
310690.201,,348.046,367.781,
310790.200,,348.317,367.573,
310890.195,,348.840,362.973,
310990.196,,349.136,361.106,
311090.191,,350.128,360.113,
311190.182,,349.428,370.516,
311290.180,,349.442,368.760,
311390.176,,348.634,372.846,
311490.173,,349.448,370.277,
311590.173,,349.103,364.824,
311690.164,,348.205,367.236,
311790.166,,348.722,370.460,
311890.159,,348.560,367.391,
311990.156,,348.789,362.013,
312090.149,,349.101,355.757,
312190.150,,349.289,352.459,
312290.145,,349.053,351.133,
312390.141,,348.762,349.920,
312490.138,,348.805,349.828,
312590.135,,348.647,348.993,
312690.126,,348.734,349.740,
312790.122,,348.744,351.234,
312890.123,,348.593,349.854,
312990.113,,348.310,350.664,
313090.115,,348.184,350.766,
313190.108,,347.957,355.808,
313290.100,,348.289,354.579,
313390.100,,348.026,351.027,
313490.098,,347.979,350.489,
313590.095,,346.807,349.136,
313690.084,,348.114,347.774,
313790.081,,346.257,350.711,
313890.082,,348.115,353.010,
313990.076,,349.223,350.942,
314090.074,,347.452,350.350,
314190.070,,348.224,352.815,
314290.063,,347.986,352.966,
314390.061,,348.474,351.118,
314490.057,,348.433,352.525,
314590.054,,348.418,351.716,
314690.045,,349.742,347.875,
314790.044,,349.970,349.059,
314890.038,,350.106,354.487,
314990.035,,350.286,364.786,
315090.028,,348.727,359.688,
315190.028,,348.180,354.014,
315290.024,,348.535,349.515,
315390.019,,347.825,345.873,
315490.017,,348.853,345.118,
315590.009,,348.072,347.533,
315690.010,,347.994,351.226,
315790.002,,347.860,351.496,
315890.001,,346.544,350.462,
315989.997,,347.390,352.257,
316089.992,,348.011,352.320,
316189.987,,347.518,353.658,
316289.980,,348.365,351.739,
316389.980,,348.641,348.531,
316489.976,,347.120,348.677,
316589.970,,347.842,349.566,
316689.965,,347.466,352.182,
316789.966,,348.317,351.708,
316889.959,,348.873,350.038,
316989.955,,349.878,368.487,
317089.948,,347.361,362.713,
317189.946,,348.267,356.185,
317289.941,,347.871,354.935,
317389.936,,348.378,355.770,
317489.937,,348.246,356.015,
317589.931,,348.663,359.659,
317689.928,,348.206,357.243,
317789.925,,347.933,358.265,
317889.921,,347.664,356.479,
317989.914,,348.122,354.231,
318089.909,,348.524,354.499,
318189.909,,348.318,354.263,
318289.902,,349.368,356.420,
318389.897,,348.455,353.636,
318489.897,,349.113,349.569,
318589.889,,348.233,347.140,
318689.887,,348.674,344.309,
318789.881,,348.964,341.774,
318889.875,,348.774,342.549,
318989.874,,348.015,349.111,
319089.869,,347.756,349.080,
319189.866,,347.869,346.653,
319289.859,,347.875,345.043,
319389.855,,347.760,345.632,
319489.853,,347.942,349.805,
319589.847,,347.358,349.046,
319689.846,,348.272,349.262,
319789.844,,348.367,352.654,
319889.837,,347.470,351.239,
319989.837,,348.611,348.062,
320089.834,,348.102,345.802,
320189.833,,347.884,346.449,
320289.829,,347.625,345.732,
320389.827,,346.940,342.361,
320489.828,,347.436,342.343,
320589.827,,348.852,346.525,
320689.826,,349.030,346.629,
320789.824,,348.858,349.062,
320889.818,,349.403,353.217,
320989.818,,349.969,352.192,
321089.821,,351.074,351.176,
321189.816,,351.361,351.010,
321289.816,,351.537,351.667,
321389.815,,349.113,354.289,
321489.809,,349.780,356.953,
321589.812,,349.930,361.401,
321689.809,,349.108,365.784,
321789.806,,349.446,361.769,
321889.805,,349.719,362.875,
321989.801,,348.977,362.845,
322089.801,,349.332,380.316,
322189.802,,349.213,371.797,
322289.799,,349.682,364.085,
322389.798,,350.283,360.091,
322489.795,,351.773,357.647,
322589.793,,349.644,353.719,
322689.794,,348.284,352.559,
322789.790,,346.808,348.677,
322889.787,,348.107,348.733,
322989.787,,348.150,349.369,
323089.785,,347.513,353.826,
323189.783,,347.191,354.963,
323289.780,,347.676,353.784,
323389.779,,347.729,354.662,
323489.780,,347.625,350.703,
323589.779,,347.922,349.143,
323689.771,,347.961,355.490,
323789.776,,347.301,361.021,
323889.772,,348.120,361.871,
323989.767,,348.110,370.721,
324089.766,,347.538,367.530,
324189.766,,347.842,364.073,
324289.764,,348.717,370.594,
324389.763,,349.122,367.613,
324489.764,,348.486,360.920,
324589.760,,348.367,359.854,
324689.758,,347.960,360.105,
324789.758,,348.301,358.819,
324889.754,,348.366,356.586,
324989.755,,348.100,353.694,
325089.752,,348.192,351.957,
325189.752,,348.127,354.473,
325289.745,,348.155,353.577,
325389.744,,347.537,351.410,
325489.749,,348.328,350.326,
325589.741,,348.736,352.982,
325689.745,,349.022,351.714,
325789.740,,349.769,352.515,
325889.740,,348.999,349.798,
325989.739,,348.285,349.637,
326089.736,,348.112,350.033,
326189.735,,348.333,351.791,
326289.735,,347.702,350.955,
326389.729,,347.800,353.871,
326489.731,,347.904,358.545,
326589.729,,347.721,358.008,
326689.725,,348.148,356.171,
326789.721,,348.031,355.267,
326889.722,,348.003,357.802,
326989.722,,348.754,355.316,
327089.720,,348.839,351.658,
327189.716,,348.841,350.757,
327289.713,,348.824,350.310,
327389.713,,348.863,352.934,
327489.712,,348.746,353.728,
327589.709,,348.810,350.125,
327689.713,,348.301,349.626,
327789.709,,348.229,348.102,
327889.708,,347.975,347.638,
327989.705,,348.506,344.727,
328089.699,,348.065,343.633,
328189.697,,348.556,342.481,
328289.694,,348.701,346.781,
328389.689,,348.560,348.468,
328489.688,,348.680,347.206,
328589.687,,348.468,348.015,
328689.682,,348.654,353.236,
328789.677,,348.387,355.108,
328889.677,,348.040,353.909,
328989.671,,348.316,355.771,
329089.669,,347.672,352.367,
329189.664,,347.881,351.227,
329289.658,,347.990,347.484,
329389.655,,348.128,343.956,
329489.652,,348.381,341.040,
329589.648,,348.974,339.237,
329689.650,,347.074,340.129,
329789.647,,345.570,338.891,
329889.639,,346.503,343.886,
329989.642,,346.899,347.590,
330089.635,,346.003,352.290,
330189.635,,346.676,351.962,
330289.631,,346.361,362.165,
330389.626,,346.483,356.236,
330489.626,,346.015,356.086,
330589.619,,345.429,354.517,
330689.614,,342.961,349.382,
330789.611,,345.205,345.350,
330889.608,,345.145,342.777,
330989.607,,344.911,343.002,
331089.601,,345.449,340.355,
331189.600,,346.154,337.904,
331289.599,,345.604,336.948,
331389.596,,346.593,338.343,
331489.594,,347.579,341.067,
331589.591,,348.604,341.857,
331689.586,,348.081,340.948,
331789.581,,349.262,345.136,
331889.577,,347.540,343.163,
331989.573,,347.928,343.434,
332089.571,,347.194,343.159,
332189.565,,345.607,343.743,
332289.565,,345.951,345.296,
332389.561,,345.399,345.508,
332489.560,,345.198,352.200,
332589.557,,345.129,356.060,
332689.552,,345.104,352.049,
332789.549,,343.700,347.172,
332889.548,,344.272,346.290,
332989.544,,344.783,352.336,
333089.542,,344.551,356.473,
333189.540,,343.716,349.963,
333289.535,,343.248,348.095,
333389.528,,344.276,348.073,
333489.524,,342.428,343.365,
333589.524,,341.440,341.968,
333689.521,,343.570,341.635,
333789.515,,344.674,344.691,
333889.515,,345.376,348.037,
333989.508,,345.635,350.428,
334089.509,,345.606,350.987,
334189.504,,346.239,350.620,
334289.499,,345.713,349.983,
334389.501,,345.706,351.672,
334489.494,,345.593,352.505,
334589.493,,344.856,350.158,
334689.490,,345.482,348.278,
334789.487,,345.358,346.843,
334889.478,,345.732,355.844,
334989.480,,344.708,370.070,
335089.472,,344.787,377.409,
335189.473,,344.412,367.831,
335289.471,,345.445,362.844,
335389.464,,345.024,364.078,
335489.462,,345.484,358.529,
335589.460,,345.631,354.110,
335689.454,,345.290,353.308,
335789.453,,345.388,353.800,
335889.447,,345.243,352.646,
335989.446,,345.075,350.418,
336089.439,,345.763,349.517,
336189.439,,345.557,352.661,
336289.436,,345.678,351.339,
336389.429,,345.183,350.757,
336489.423,,345.440,348.922,
336589.422,,345.572,346.321,
336689.416,,345.836,349.345,
336789.416,,348.289,352.663,
336889.414,,348.058,354.841,
336989.403,,346.868,352.306,
337089.401,,346.668,348.488,
337189.400,,345.832,345.281,
337289.395,,345.960,343.411,
337389.393,,345.009,343.568,
337489.390,,346.059,347.224,
337589.384,,345.460,343.681,
337689.377,,345.032,343.143,
337789.378,,345.497,349.760,
337889.370,,344.926,360.589,
337989.363,,344.926,363.739,
338089.360,,345.047,359.579,
338189.356,,344.668,356.345,
338289.355,,344.246,354.737,
338389.353,,345.727,356.725,
338489.344,,346.363,357.069,
338589.344,,345.808,356.756,
338689.336,,345.133,357.377,
338789.335,,345.094,358.240,
338889.330,,344.726,352.249,
338989.330,,345.092,347.899,
339089.325,,344.628,344.058,
339189.321,,345.021,343.525,
339289.312,,343.829,343.259,
339389.313,,344.355,343.299,
339489.309,,344.476,347.834,
339589.304,,344.832,346.590,
339689.299,,344.458,344.526,
339789.295,,344.919,345.107,
339889.292,,345.880,344.541,
339989.288,,346.355,345.103,
340089.279,,347.109,344.408,
340189.275,,346.606,344.224,
340289.273,,345.089,341.040,
340389.269,,345.568,342.708,
340489.266,,345.298,342.393,
340589.264,,345.473,340.692,
340689.261,,344.825,342.291,
340789.252,,345.110,340.688,
340889.252,,345.073,343.344,
340989.244,,345.022,342.658,
341089.246,,345.289,339.630,
341189.240,,345.232,339.953,
341289.232,,345.148,341.336,
341389.228,,345.139,341.104,
341489.227,,344.693,342.701,
341589.221,,344.699,340.504,
341689.220,,344.917,338.543,
341789.217,,344.662,342.290,
341889.214,,344.833,347.076,
341989.206,,344.340,344.101,
342089.203,,344.371,342.086,
342189.199,,344.676,344.655,
342289.192,,344.775,345.782,
342389.192,,346.493,348.847,
342489.185,,347.472,345.714,
342589.180,,346.750,343.685,
342689.180,,344.653,340.170,
342789.172,,345.451,339.698,
342889.168,,345.778,341.573,
342989.167,,344.992,345.466,
343089.160,,344.820,344.277,
343189.159,,344.977,345.379,
343289.158,,344.680,343.238,
343389.149,,346.405,345.478,
343489.148,,345.666,352.905,
343589.143,,345.937,354.231,
343689.139,,345.584,365.308,
343789.133,,345.184,356.711,
343889.131,,344.778,352.626,
343989.128,,344.659,349.644,
344089.125,,345.482,346.348,
344189.124,,344.967,345.940,
344289.121,,345.463,352.938,
344389.120,,346.208,366.506,
344489.113,,344.717,361.483,
344589.109,,345.450,355.035,
344689.106,,347.724,351.645,
344789.107,,347.359,350.409,
344889.104,,349.601,347.336,
344989.097,,348.911,344.834,
345089.095,,348.866,348.732,
345189.097,,348.324,352.911,
345289.087,,347.471,349.768,
345389.088,,345.748,350.549,
345489.088,,346.659,351.064,
345589.079,,346.204,347.669,
345689.077,,343.505,342.590,
345789.077,,345.413,341.387,
345889.071,,345.585,343.250,
345989.069,,346.126,342.902,
346089.066,,346.076,341.139,
346189.062,,346.327,342.791,
346289.060,,346.627,344.982,
346389.056,,347.445,344.837,
346489.053,,345.324,342.022,
346589.050,,345.326,342.921,
346689.052,,345.111,342.142,
346789.046,,345.667,344.831,
346889.048,,345.859,344.873,
346989.038,,346.118,347.081,
347089.038,,346.142,348.060,
347189.033,,346.477,352.372,
347289.030,,346.437,353.778,
347389.031,,346.018,354.081,
347489.024,,346.853,352.961,
347589.028,,347.907,348.915,
347689.020,,346.699,351.256,
347789.022,,346.052,356.252,
347889.015,,346.048,356.548,
347989.013,,346.586,357.400,
348089.009,,345.860,354.983,
348189.009,,346.392,354.106,
348289.006,,345.994,352.900,
348389.000,,346.196,350.649,
348488.999,,346.738,349.560,
348588.993,,346.763,346.930,
348688.993,,347.111,344.553,
348788.988,,348.208,343.844,
348888.987,,346.497,343.539,
348988.984,,345.862,347.851,
349088.983,,346.319,348.715,
349188.982,,345.990,346.713,
349288.975,,346.737,345.824,
349388.973,,346.964,349.368,
349488.969,,347.647,346.987,
349588.966,,346.866,345.351,
349688.962,,346.649,348.272,
349788.958,,347.555,352.356,
349888.959,,347.012,352.490,
349988.956,,345.878,355.856,
350088.949,,346.541,357.140,
350188.951,,345.351,352.343,
350288.943,,347.774,350.690,
350388.945,,350.517,348.006,
350488.941,,348.457,345.888,
350588.941,,348.471,345.701,
350688.933,,347.672,342.031,
350788.932,,344.956,339.239,
350888.926,,345.150,340.710,
350988.926,,345.062,340.791,
351088.926,,345.718,340.990,
351188.923,,344.480,349.135,
351288.918,,344.868,346.874,
351388.914,,346.533,349.052,
351488.909,,347.542,351.445,
351588.911,,346.615,351.061,
351688.908,,346.504,350.062,
351788.905,,346.659,354.075,
351888.902,,346.762,357.633,
351988.899,,346.976,356.604,
352088.897,,346.770,359.284,
352188.897,,346.821,360.433,
352288.892,,347.352,357.639,
352388.890,,346.628,354.618,
352488.887,,344.935,353.748,
352588.886,,346.787,350.135,
352688.884,,347.517,346.527,
352788.880,,345.780,344.432,
352888.878,,345.324,342.051,
352988.877,,345.183,343.174,
353088.874,,346.690,345.089,
353188.872,,347.090,346.367,
353288.876,,345.271,352.085,
353388.873,,347.039,350.803,
353488.869,,347.313,348.543,
353588.867,,348.815,349.801,
353688.867,,349.319,348.004,
353788.862,,348.723,346.343,
353888.861,,348.675,353.042,
353988.862,,348.271,352.873,
354088.859,,348.264,354.633,
354188.859,,347.247,352.950,
354288.852,,346.732,352.668,
354388.849,,346.938,350.638,
354488.850,,347.703,351.087,
354588.851,,347.070,352.128,
354688.848,,346.717,354.034,
354788.845,,346.357,355.688,
354888.842,,345.684,361.066,
354988.841,,346.825,378.817,
355088.839,,347.753,370.865,
355188.834,,346.780,361.161,
355288.835,,345.797,356.618,
355388.832,,346.337,356.724,
355488.834,,345.743,356.779,
355588.830,,347.614,352.640,
355688.823,,347.257,365.650,
355788.824,,347.131,365.283,
355888.823,,347.860,362.866,
355988.818,,346.232,362.165,
356088.822,,346.370,361.899,
356188.818,,346.448,361.262,
356288.814,,346.034,358.855,
356388.816,,346.882,355.290,
356488.812,,347.304,350.957,
356588.808,,347.201,350.666,
356688.808,,347.629,347.985,
356788.806,,347.229,347.125,
356888.805,,348.318,345.589,
356988.800,,348.656,342.657,
357088.802,,347.831,342.596,
357188.795,,347.560,348.895,
357288.796,,347.637,348.565,
357388.795,,348.037,354.940,
357488.794,,347.217,356.509,
357588.787,,347.705,356.067,
357688.784,,347.781,356.531,
357788.785,,346.953,355.023,
357888.787,,346.765,357.347,
357988.780,,346.878,354.685,
358088.783,,347.204,355.668,
358188.777,,346.624,356.522,
358288.774,,347.007,353.981,
358388.777,,347.346,353.720,
358488.769,,347.419,351.318,
358588.767,,346.869,350.763,
358688.768,,346.955,353.676,
358788.766,,347.262,350.378,
358888.767,,346.314,346.747,
358988.766,,345.583,344.136,
359088.764,,344.095,343.877,
359188.758,,344.047,345.178,
359288.758,,344.165,345.497,
359388.756,,345.289,343.718,
359488.751,,347.368,346.451,
359588.749,,348.021,346.592,
359688.747,,347.391,349.819,
359788.745,,346.636,346.786,
359888.746,,346.842,349.497,
359988.742,,346.968,351.484,
360088.737,,346.680,352.522,
360188.733,,346.562,350.783,
360288.726,,346.579,360.234,
360388.721,,345.604,360.610,
360488.719,,346.641,355.380,
360588.717,,346.508,353.702,
360688.713,,346.456,349.536,
360788.710,,346.198,348.245,
360888.700,,347.182,349.304,
360988.699,,346.815,350.979,
361088.693,,347.436,353.294,
361188.691,,347.680,354.250,
361288.689,,347.166,354.751,
361388.680,,346.627,353.408,
361488.680,,347.013,352.225,
361588.673,,346.913,351.219,
361688.667,,346.812,351.391,
361788.663,,346.630,351.787,
361888.660,,346.899,355.238,
361988.660,,347.130,352.450,
362088.655,,347.543,352.058,
362188.645,,348.578,353.401,
362288.644,,348.127,349.956,
362388.640,,348.434,346.095,
362488.636,,346.528,346.109,
362588.634,,347.597,345.113,
362688.629,,346.207,344.199,
362788.625,,345.853,343.003,
362888.620,,346.245,341.962,
362988.615,,345.384,342.084,
363088.609,,345.381,341.915,
363188.606,,345.092,341.102,
363288.603,,345.058,342.265,
363388.599,,345.229,343.050,
363488.596,,346.353,345.037,
363588.589,,346.144,358.192,
363688.587,,345.622,364.698,
363788.580,,345.061,358.184,
363888.573,,344.008,352.142,
363988.569,,344.274,350.547,
364088.569,,344.638,350.356,
364188.566,,344.742,350.892,
364288.557,,344.393,348.411,
364388.556,,345.151,346.490,
364488.552,,344.298,351.620,
364588.546,,344.048,354.169,
364688.543,,344.866,356.615,
364788.539,,346.518,354.354,
364888.532,,345.775,352.494,
364988.529,,346.935,352.543,
365088.522,,344.927,351.871,
365188.519,,344.314,354.303,
365288.514,,344.942,349.692,
365388.512,,345.162,346.147,
365488.511,,344.951,346.456,
365588.505,,345.596,345.438,
365688.499,,345.201,342.840,
365788.496,,345.540,346.085,
365888.488,,346.028,351.119,
365988.487,,347.360,357.011,
366088.486,,346.616,359.036,
366188.479,,345.572,360.989,
366288.476,,346.416,364.423,
366388.472,,347.277,359.177,
366488.466,,346.560,357.798,
366588.462,,348.348,360.963,
366688.456,,348.547,358.008,
366788.453,,346.121,356.099,
366888.449,,347.870,355.762,
366988.447,,347.681,357.279,
367088.441,,348.566,356.333,
367188.436,,346.275,352.686,
367288.435,,346.964,358.304,
367388.426,,349.128,365.944,
367488.422,,349.325,364.896,
367588.422,,346.821,361.550,
367688.413,,347.215,357.452,
367788.410,,347.276,356.781,
367888.405,,346.849,356.122,
367988.406,,346.984,355.695,
368088.397,,347.346,358.973,
368188.395,,346.004,353.974,
368288.390,,345.371,350.439,
368388.389,,347.292,349.907,
368488.389,,346.064,349.155,
368588.385,,345.480,347.655,
368688.381,,344.471,351.191,
368788.377,,345.845,356.375,
368888.372,,346.734,358.492,
368988.367,,346.685,363.489,
369088.368,,347.419,371.362,
369188.362,,347.814,367.942,
369288.360,,347.145,371.811,
369388.356,,347.810,383.724,
369488.352,,347.064,379.849,
369588.352,,348.047,382.067,
369688.347,,347.333,375.959,
369788.341,,348.215,385.138,
369888.339,,348.087,385.570,
369988.336,,347.371,381.936,
370088.334,,347.748,384.917,
370188.329,,347.450,379.694,
370288.324,,348.036,374.852,
370388.321,,347.381,370.575,
370488.320,,347.122,363.887,
370588.314,,346.967,359.083,
370688.309,,346.917,357.201,
370788.310,,347.111,355.228,
370888.306,,347.542,353.930,
370988.300,,347.363,351.635,
371088.298,,346.914,346.942,
371188.293,,346.500,346.595,
371288.291,,346.497,351.519,
371388.292,,346.331,361.533,
371488.287,,346.872,363.557,
371588.284,,346.342,361.650,
371688.279,,346.591,367.453,
371788.274,,346.696,364.408,
371888.272,,346.094,359.280,
371988.271,,346.232,356.801,
372088.266,,346.894,353.958,
372188.260,,346.576,353.822,
372288.260,,346.978,354.153,
372388.259,,346.529,361.963,
372488.252,,346.305,358.228,
372588.248,,346.845,360.363,
372688.245,,346.764,358.560,
372788.245,,346.628,358.652,
372888.235,,346.672,354.376,
372988.234,,346.860,351.368,
373088.229,,345.933,348.711,
373188.226,,345.816,344.624,
373288.228,,346.478,345.868,
373388.223,,347.790,347.133,
373488.219,,345.952,350.605,
373588.217,,345.747,351.940,
373688.209,,346.982,357.069,
373788.211,,349.186,356.808,
373888.206,,348.721,351.832,
373988.204,,347.651,348.129,
374088.197,,347.736,345.086,
374188.192,,347.166,342.344,
374288.191,,346.920,345.375,
374388.186,,346.627,348.771,
374488.182,,346.965,353.363,
374588.180,,346.778,353.347,
374688.178,,346.607,351.694,
374788.175,,347.308,348.714,
374888.170,,347.304,351.086,
374988.167,,347.180,350.675,
375088.167,,347.332,347.565,
375188.163,,346.750,344.743,
375288.160,,346.541,341.094,
375388.158,,345.476,338.609,
375488.153,,345.293,337.846,
375588.151,,345.270,337.404,
375688.145,,345.571,338.641,
375788.138,,345.717,342.575,
375888.138,,345.120,344.707,
375988.136,,345.072,347.026,
376088.131,,345.558,349.492,
376188.132,,345.080,351.601,
376288.127,,345.546,350.001,
376388.128,,345.672,357.345,
376488.126,,346.159,352.722,
376588.121,,346.242,349.512,
376688.118,,346.402,347.273,
376788.113,,345.044,345.893,
376888.116,,346.096,344.362,
376988.112,,344.800,342.558,
377088.106,,344.677,341.141,
377188.106,,345.650,339.667,
377288.102,,346.050,340.243,
377388.102,,345.971,345.098,
377488.100,,346.442,346.829,
377588.094,,346.360,349.282,
377688.095,,345.181,350.941,
377788.092,,345.753,347.699,
377888.088,,346.061,347.464,
377988.089,,345.975,353.329,
378088.080,,346.043,353.125,
378188.082,,346.415,349.935,
378288.079,,347.229,347.809,
378388.077,,346.017,346.864,
378488.073,,346.574,357.291,
378588.072,,346.591,361.949,
378688.066,,346.355,362.398,
378788.066,,346.339,359.947,
378888.065,,346.427,363.095,
378988.061,,346.403,362.254,
379088.060,,347.014,364.260,
379188.053,,347.218,365.034,
379288.053,,348.575,361.734,
379388.054,,347.514,371.686,
379488.051,,348.108,379.506,
379588.043,,347.669,374.997,
379688.045,,349.167,373.257,
379788.038,,349.655,369.473,
379888.036,,348.379,372.256,
379988.036,,350.076,379.675,
380088.033,,349.652,373.195,
380188.029,,348.574,377.869,
380288.030,,347.226,376.619,
380388.025,,346.976,373.136,
380488.023,,346.690,369.894,
380588.018,,349.057,373.027,
380688.019,,348.080,384.209,
380788.016,,347.249,379.136,
380888.012,,348.658,371.252,
380988.013,,348.374,371.136,
381088.010,,348.411,368.820,
381188.006,,347.973,364.337,
381288.006,,348.056,359.422,
381388.001,,347.862,355.753,
381488.000,,349.175,356.057,
381587.994,,348.094,350.263,
381687.995,,345.852,346.266,
381787.995,,346.107,346.197,
381887.987,,346.889,349.783,
381987.989,,347.047,349.419,
382087.987,,348.813,351.098,
382187.984,,347.701,351.321,
382287.979,,347.867,361.301,
382387.977,,349.340,373.922,
382487.977,,348.725,375.176,
382587.970,,348.075,374.480,
382687.971,,348.392,372.891,
382787.964,,350.050,368.092,
382887.966,,348.549,359.956,
382987.962,,346.733,356.261,
383087.957,,346.747,353.716,
383187.959,,348.314,352.146,
383287.957,,348.221,349.647,
383387.950,Input1*2*0,348.092,350.015,
383487.950,Input1*2*1,347.687,358.282,
383587.946,,348.166,367.673,
383687.946,,347.179,360.906,
383787.940,,345.487,352.731,
383887.938,,346.085,352.328,
383987.934,,347.375,351.620,
384087.936,,349.066,348.793,
384187.931,,348.279,348.158,
384287.927,,348.079,350.487,
384387.927,,347.789,357.364,
384487.920,,347.490,356.974,
384587.920,,347.253,350.917,
384687.915,,347.099,348.585,
384787.914,,347.066,351.002,
384887.910,,346.763,352.145,
384987.907,,346.838,356.019,
385087.902,,346.413,354.948,
385187.900,,346.530,356.889,
385287.900,,346.564,353.939,
385387.891,,346.787,349.251,
385487.894,,346.004,346.996,
385587.890,,347.014,344.083,
385687.883,,346.925,343.869,
385787.880,,346.272,345.752,
385887.879,,346.238,347.037,
385987.878,,347.038,347.015,
386087.871,,346.971,354.158,
386187.867,,345.596,351.723,
386287.864,,345.989,347.645,
386387.862,,346.479,345.760,
386487.858,,347.131,347.535,
386587.856,,347.502,349.471,
386687.852,,348.314,348.102,
386787.849,,347.679,348.619,
386887.849,,347.471,349.857,
386987.843,,347.304,350.257,
387087.841,,346.286,348.363,
387187.842,,347.269,348.845,
387287.837,,347.776,356.196,
387387.819,,347.284,353.290,
387487.829,,346.968,349.743,
387587.826,,347.350,352.399,
387687.827,,346.241,348.939,
387787.821,,345.644,345.301,
387887.816,,345.638,343.456,
387987.812,,345.202,342.427,
388087.815,,345.644,343.116,
388187.807,,344.935,344.524,
388287.804,,344.976,347.686,
388387.804,,345.315,345.938,
388487.802,,345.543,343.806,
388587.796,,344.591,349.300,
388687.790,,344.465,348.059,
388787.792,,345.015,349.914,
388887.787,,346.413,348.901,
388987.784,,346.153,348.413,
389087.784,,345.941,347.890,
389187.777,,347.470,351.976,
389287.773,,347.414,348.391,
389387.775,,347.729,347.186,
389487.767,,346.297,345.043,
389587.765,,346.136,342.154,
389687.761,,345.795,340.882,
389787.758,,346.486,343.406,
389887.758,,346.740,347.170,
389987.754,,346.032,349.206,
390087.747,,346.813,361.332,
390187.750,,347.948,366.469,
390287.745,,347.294,387.415,
390387.740,,349.427,385.536,
390487.739,,350.819,378.965,
390587.737,,348.099,371.424,
390687.730,,347.457,365.878,
390787.732,,348.614,366.156,
390887.730,,347.771,362.624,
390987.726,,347.675,359.762,
391087.721,,347.700,358.910,
391187.716,,347.721,356.186,
391287.717,,347.527,356.546,
391387.709,,347.304,356.221,
391487.709,,347.036,354.361,
391587.703,,346.873,354.021,
391687.702,,347.152,351.194,
391787.699,,347.680,352.535,
391887.695,,348.505,350.173,
391987.682,,345.193,346.130,
392087.691,,347.350,349.707,
392187.686,,349.056,352.930,
392287.684,,347.301,357.324,
392387.682,,348.473,380.564,
392487.681,,349.739,374.976,
392587.678,,348.534,383.756,
392687.676,,347.162,382.460,
392787.674,,348.895,375.175,
392887.668,,349.140,369.255,
392987.665,,349.004,369.145,
393087.665,,348.504,370.238,
393187.658,,350.786,363.576,
393287.657,,349.352,365.676,
393387.656,,346.984,369.100,
393487.656,,346.777,365.924,
393587.647,,348.567,364.561,
393687.649,,348.179,373.713,
393787.642,,347.599,367.109,
393887.644,,348.338,361.892,
393987.642,,351.172,357.032,
394087.638,,350.864,351.867,
394187.630,,348.793,350.135,
394287.634,,350.213,346.023,
394387.626,,347.789,343.395,
394487.625,,346.965,342.992,
394587.624,,348.583,343.775,
394687.618,,350.321,342.572,
394787.615,,349.293,348.151,
394887.616,,352.318,356.140,
394987.615,,352.460,357.588,
395087.609,,349.610,365.417,
395187.606,,350.998,368.256,
395287.601,,351.027,361.030,
395387.604,,351.531,363.263,
395487.597,,350.714,363.698,
395587.593,,350.615,367.371,
395687.590,,350.003,359.146,
395787.589,,347.226,351.745,
395887.588,,347.005,346.658,
395987.587,,346.016,343.691,
396087.585,,346.060,343.154,
396187.579,,344.989,341.893,
396287.577,,346.082,341.775,
396387.575,,346.968,344.004,
396487.570,,347.129,342.286,
396587.570,,348.748,345.615,
396687.564,,348.167,344.880,
396787.565,,347.931,348.181,
396887.563,,347.366,355.767,
396987.559,,348.282,355.525,
397087.555,,348.765,352.697,
397187.551,,349.656,353.632,
397287.549,,347.933,350.132,
397387.548,,347.040,347.370,
397487.546,,348.777,343.878,
397587.540,,347.012,344.053,
397687.540,,345.823,344.991,
397787.539,,344.831,344.448,
397887.532,,344.118,344.622,
397987.528,,345.187,344.100,
398087.531,,346.315,347.752,
398187.527,,346.118,352.618,
398287.523,,346.589,352.212,
398387.519,,346.164,352.151,
398487.515,,346.525,351.486,
398587.515,,346.162,351.977,
398687.511,,346.533,355.911,
398787.509,,346.014,355.272,
398887.507,,346.242,358.032,
398987.506,,345.995,358.323,
399087.505,,346.444,362.254,
399187.499,,347.413,358.880,
399287.498,,346.200,352.811,
399387.490,,345.584,351.579,
399487.489,,346.590,349.774,
399587.491,,346.394,348.798,
399687.488,,346.465,355.766,
399787.482,,346.619,358.058,
399887.477,,346.772,354.733,
399987.476,,346.338,355.752,
400087.471,,346.385,357.344,
400187.471,,345.898,355.858,
400287.468,,345.512,356.887,
400387.469,,346.996,352.645,
400487.467,,346.112,347.252,
400587.463,,345.127,346.262,
400687.461,,345.312,346.705,
400787.455,,345.954,347.530,
400887.454,,346.856,349.219,
400987.449,,346.621,355.473,
401087.447,,346.405,359.837,
401187.442,,346.343,361.667,
401287.440,,346.176,359.042,
401387.441,,346.315,358.439,
401487.439,,346.018,356.360,
401587.437,,345.827,358.623,
401687.433,,345.897,356.169,
401787.429,,345.972,352.517,
401887.430,,346.370,350.116,
401987.421,,347.012,349.461,
402087.419,,347.558,346.720,
402187.418,,347.453,345.064,
402287.416,,346.795,345.523,
402387.415,,346.263,344.629,
402487.408,,346.389,353.422,
402587.405,,347.838,349.834,
402687.402,,347.443,349.701,
402787.404,,347.473,351.979,
402887.398,,346.599,351.272,
402987.401,,346.592,350.622,
403087.392,,345.255,348.362,
403187.395,,344.933,345.883,
403287.392,,344.999,344.191,
403387.384,,346.087,345.720,
403487.386,,346.213,346.937,
403587.379,,346.839,350.808,
403687.377,,347.236,351.775,
403787.377,,346.527,355.852,
403887.375,,348.496,371.411,
403987.368,,345.748,378.345,
404087.368,,345.174,369.142,
404187.367,,345.108,358.978,
404287.363,,344.487,354.107,
404387.362,,344.710,356.354,
404487.356,,345.951,356.862,
404587.353,,346.009,355.832,
404687.350,,346.696,359.547,
404787.353,,348.093,357.511,
404887.347,,347.381,357.871,
404987.347,,346.534,352.292,
405087.343,,346.178,346.800,
405187.339,,346.020,346.047,
405287.336,,347.632,345.442,
405387.333,,347.258,343.038,
405487.332,,346.086,341.340,
405587.332,,346.608,343.318,
405687.325,,347.059,348.312,
405787.325,,347.265,365.040,
405887.323,,347.394,363.385,
405987.321,,347.002,359.734,
406087.313,,346.245,364.867,
406187.312,,346.481,366.397,
406287.310,,347.800,362.622,
406387.311,,347.659,357.001,
406487.306,,345.777,358.428,
406587.303,,345.327,353.341,
406687.300,,346.444,353.221,
406787.300,,346.893,350.273,
406887.293,,347.183,348.389,
406987.294,,347.856,346.872,
407087.287,,347.595,346.297,
407187.288,,346.991,346.517,
407287.281,,347.281,347.098,
407387.280,,347.032,348.433,
407487.278,,347.429,350.146,
407587.279,,346.785,350.148,
407687.276,,346.981,351.678,
407787.270,,347.565,353.167,
407887.267,,347.483,354.227,
407987.266,,347.316,351.229,
408087.263,,346.517,348.987,
408187.259,,346.894,348.431,
408287.255,,346.796,346.571,
408387.249,,346.167,345.294,
408487.243,,346.941,343.028,
408587.245,,346.188,343.350,
408687.237,,347.063,343.497,
408787.238,,346.179,343.155,
408887.229,,345.388,344.454,
408987.229,,345.303,342.658,
409087.225,,345.352,340.691,
409187.221,,344.945,339.100,
409287.220,,346.143,342.701,
409387.212,,345.685,345.141,
409487.207,,345.310,348.033,
409587.203,,346.066,351.635,
409687.200,,345.145,351.203,
409787.197,,341.687,346.752,
409887.196,,344.328,353.376,
409987.189,,343.473,353.073,
410087.189,,343.322,348.065,
410187.180,,344.114,345.770,
410287.178,,344.251,354.915,
410387.175,,345.266,367.134,
410487.171,,344.499,363.022,
410587.171,,344.068,362.502,
410687.163,,345.720,365.532,
410787.164,,347.122,359.969,
410887.153,,346.838,353.212,
410987.154,,346.440,348.691,
411087.148,,345.784,347.019,
411187.146,,345.756,348.963,
411287.138,,346.164,347.468,
411387.138,,346.489,347.694,
411487.134,,346.286,347.254,
411587.132,,346.760,351.659,
411687.127,,346.124,353.478,
411787.126,,345.873,356.330,
411887.120,,346.406,355.441,
411987.113,,346.384,355.274,
412087.111,,345.511,352.308,
412187.110,,344.607,347.060,
412287.107,,343.871,352.467,
412387.100,,345.296,359.383,
412487.100,,344.198,363.931,
412587.095,,344.203,359.725,
412687.093,,344.844,353.858,
412787.085,,343.972,349.329,
412887.082,,344.102,347.404,
412987.081,,342.680,343.168,
413087.073,,343.290,344.106,
413187.067,,344.465,343.711,
413287.066,,343.841,342.298,
413387.065,,343.513,344.864,
413487.058,,342.906,346.646,
413587.052,,343.223,342.354,
413687.051,,343.114,341.040,
413787.050,,343.242,342.406,
413887.045,,343.365,343.296,
413987.038,,344.251,346.254,
414087.036,,344.925,344.463,
414187.034,,343.863,340.104,
414287.029,,342.233,340.178,
414387.028,,342.974,345.827,
414487.019,,345.744,348.463,
414587.021,,346.400,349.446,
414687.012,,345.509,351.162,
414787.012,,345.318,349.216,
414887.008,,343.679,348.771,
414987.002,,345.514,352.219,
415087.002,,345.719,349.298,
415186.996,,344.578,347.945,
415286.989,,343.754,344.432,
415386.991,,343.782,343.431,
415486.988,,342.491,343.071,
415586.978,,342.751,344.498,
415686.980,,342.972,340.851,
415786.975,,342.707,337.927,
415886.967,,342.359,342.484,
415986.965,,341.296,357.905,
416086.957,,340.963,365.008,
416186.954,,340.610,368.036,
416286.954,,340.793,376.195,
416386.948,,341.177,377.524,
416486.941,,340.979,373.294,
416586.940,,342.466,366.791,
416686.931,,342.718,357.367,
416786.928,,341.935,352.350,
416886.923,,341.680,353.004,
416986.916,,341.072,353.007,
417086.916,,340.574,350.253,
417186.908,,341.667,349.868,
417286.902,,340.327,353.009,
417386.898,,339.718,368.269,
417486.896,,340.420,372.532,
417586.890,,341.084,370.409,
417686.887,,340.539,364.303,
417786.881,,340.934,363.573,
417886.872,,340.608,365.877,
417986.870,,342.120,362.976,
418086.864,,340.892,365.783,
418186.862,,345.923,358.744,
418286.854,,340.957,359.385,
418386.851,,347.159,354.129,
418486.843,,343.662,351.438,
418586.845,,341.712,347.979,
418686.836,,341.364,347.178,
418786.831,,341.623,352.891,
418886.830,,341.535,353.177,
418986.820,,341.183,349.153,
419086.816,,341.491,346.661,
419186.816,,341.676,344.290,
419286.806,,341.707,340.150,
419386.807,,340.830,339.596,
419486.796,,341.445,338.364,
419586.792,,341.876,337.689,
419686.790,,342.091,336.521,
419786.783,,341.489,338.023,
419886.782,,341.281,342.640,
419986.773,,341.577,344.714,
420086.771,,341.652,346.585,
420186.767,,342.462,365.748,
420286.761,,341.565,370.086,
420386.755,,339.063,364.222,
420486.751,,338.771,356.215,
420586.748,,338.855,349.361,
420686.742,,338.806,347.659,
420786.739,,338.606,345.465,
420886.733,,338.856,341.026,
420986.730,,339.163,338.353,
421086.724,,340.248,337.213,
421186.720,,340.013,338.335,
421286.714,,340.829,338.835,
421386.705,,341.445,337.423,
421486.703,,341.039,338.547,
421586.702,,342.067,337.252,
421686.692,,343.135,334.482,
421786.692,,341.184,333.624,
421886.683,,340.469,334.819,
421986.681,,340.140,334.631,
422086.672,,340.268,335.328,
422186.667,,341.054,337.496,
422286.667,,340.160,337.085,
422386.660,,340.396,335.902,
422486.655,,341.107,338.512,
422586.653,,340.556,339.113,
422686.644,,340.965,339.650,
422786.639,,341.327,340.427,
422886.636,,342.262,339.596,
422986.630,,342.647,347.769,
423086.628,,343.367,347.138,
423186.622,,343.037,343.900,
423286.616,,343.028,341.214,
423386.612,,340.496,336.488,
423486.606,,340.036,335.944,
423586.603,,340.533,337.651,
423686.596,,340.217,342.496,
423786.590,,340.522,345.407,
423886.587,,340.324,344.743,
423986.584,,341.080,344.712,
424086.584,,341.593,347.576,
424186.582,,342.848,347.059,
424286.578,,342.852,345.458,
424386.582,,344.091,343.804,
424486.581,,344.563,341.488,
424586.578,,343.104,338.300,
424686.576,,342.079,336.263,
424786.574,,342.747,339.968,
424886.572,,342.495,346.024,
424986.570,,342.164,347.641,
425086.570,,342.281,345.054,
425186.564,,342.164,348.394,
425286.565,,341.994,349.362,
425386.558,,342.009,349.961,
425486.560,,341.937,348.014,
425586.556,,342.005,346.429,
425686.558,,342.366,344.822,
425786.553,,342.160,344.959,
425886.555,,341.250,345.498,
425986.548,,342.091,343.603,
426086.547,,342.092,342.268,
426186.549,,341.745,339.908,
426286.546,,341.597,339.984,
426386.544,,342.631,338.928,
426486.538,,342.574,338.104,
426586.540,,342.781,339.154,
426686.538,,342.561,344.081,
426786.539,,342.348,355.265,
426886.532,,342.933,352.197,
426986.535,,343.144,349.043,
427086.532,,342.443,346.615,
427186.529,,343.181,346.141,
427286.525,,343.333,346.704,
427386.527,,343.430,343.823,
427486.526,,342.755,343.448,
427586.519,,342.950,345.147,
427686.520,,342.443,345.420,
427786.521,,343.047,344.970,
427886.517,,342.696,344.184,
427986.514,,341.955,345.843,
428086.512,,342.490,347.811,
428186.507,,342.780,348.243,
428286.507,,344.902,346.277,
428386.508,,345.088,345.525,
428486.505,,342.629,345.400,
428586.503,,343.281,343.211,
428686.504,,343.682,348.133,
428786.503,,344.109,348.071,
428886.500,,344.365,351.894,
428986.495,,345.356,353.878,
429086.497,,344.614,349.461,
429186.492,,343.526,344.871,
429286.488,,344.306,343.303,
429386.488,,343.835,342.728,
429486.489,,344.567,341.609,
429586.485,,346.313,344.255,
429686.483,,346.575,353.645,
429786.481,,347.329,362.511,
429886.479,,347.476,366.613,
429986.477,,346.746,367.145,
430086.473,,346.769,365.641,
430186.474,,346.209,367.432,
430286.471,,345.095,362.601,
430386.472,,346.649,361.679,
430486.467,,346.486,369.552,
430586.465,,346.402,364.927,
430686.462,,346.308,359.311,
430786.462,,344.019,357.454,
430886.464,,345.882,352.740,
430986.458,,346.288,352.177,
431086.461,,344.692,349.787,
431186.459,,342.966,348.824,
431286.456,,343.158,354.189,
431386.454,,343.604,355.471,
431486.453,,343.241,357.928,
431586.452,,343.015,356.749,
431686.446,,342.687,359.590,
431786.443,,343.208,353.787,
431886.447,,344.550,348.805,
431986.442,,343.740,346.267,
432086.443,,343.834,343.908,
432186.440,,343.704,345.380,
432286.437,,344.300,347.626,
432386.429,,344.022,351.084,
432486.428,,343.153,352.379,
432586.428,,343.141,350.916,
432686.423,,343.714,348.508,
432786.424,,342.622,353.825,
432886.419,,343.400,357.992,
432986.413,,343.762,355.670,
433086.417,,342.995,352.111,
433186.409,,343.299,348.405,
433286.409,,343.492,345.421,
433386.406,,343.228,350.158,
433486.403,,343.471,353.657,
433586.401,,343.368,351.248,
433686.399,,342.930,349.090,
433786.393,,343.360,349.195,
433886.395,,342.590,346.086,
433986.391,,343.425,347.017,
434086.392,,343.383,344.405,
434186.387,,343.225,343.969,
434286.383,,343.543,349.256,
434386.381,,344.381,347.330,
434486.382,,344.813,344.196,
434586.377,,344.887,340.956,
434686.373,,345.292,343.818,
434786.370,,347.387,348.563,
434886.369,,345.909,367.590,
434986.365,,346.428,359.514,
435086.361,,345.674,356.666,
435186.362,,346.136,359.389,
435286.358,,345.383,362.458,
435386.356,,345.604,362.248,
435486.350,,344.893,361.942,
435586.349,,345.265,366.449,
435686.350,,343.342,362.206,
435786.343,,344.023,358.549,
435886.340,,344.627,356.987,
435986.343,,343.941,354.473,
436086.340,,344.067,354.618,
436186.333,,343.574,350.224,
436286.334,,343.979,357.968,
436386.334,,342.537,377.846,
436486.325,,342.372,373.029,
436586.328,,342.124,385.598,
436686.320,,342.402,375.966,
436786.323,,341.928,365.581,
436886.319,,342.556,359.949,
436986.315,,343.486,354.636,
437086.314,,342.662,358.539,
437186.311,,342.595,364.217,
437286.309,,344.152,362.192,
437386.306,,343.360,359.772,
437486.301,,343.863,355.578,
437586.299,,343.612,357.112,
437686.296,,343.337,352.988,
437786.296,,343.520,351.406,
437886.293,,347.933,351.176,
437986.291,,347.190,348.484,
438086.287,,345.943,352.631,
438186.285,,346.273,354.436,
438286.284,,346.577,354.134,
438386.283,,347.030,350.897,
438486.276,,346.709,349.203,
438586.272,,345.970,347.595,
438686.276,,346.025,350.793,
438786.270,,344.303,356.058,
438886.268,,345.504,353.013,
438986.266,,345.297,349.121,
439086.262,,344.255,348.858,
439186.263,,344.017,348.009,
439286.259,,343.996,347.346,
439386.256,,344.121,344.596,
439486.253,,344.297,344.318,
439586.250,,343.950,347.136,
439686.244,,344.373,349.845,
439786.247,,345.983,350.994,
439886.245,,345.571,347.651,
439986.239,,345.843,345.460,
440086.234,,343.584,344.562,
440186.233,,345.057,344.339,
440286.230,,345.228,351.318,
440386.228,,344.995,351.942,
440486.230,,345.028,350.752,
440586.226,,344.431,351.014,
440686.222,,344.254,355.208,
440786.217,,344.845,351.544,
440886.213,,344.967,351.507,
440986.214,,345.004,353.621,
441086.209,,344.730,353.690,
441186.209,,344.877,354.374,
441286.207,,344.927,356.257,
441386.200,,344.193,353.247,
441486.202,,344.937,350.920,
441586.197,,343.574,350.232,
441686.195,,344.192,347.389,
441786.194,,344.602,354.646,
441886.192,,345.853,353.523,
441986.190,,346.006,349.588,
442086.184,,344.862,346.935,
442186.181,,345.162,344.698,
442286.178,,344.906,348.161,
442386.175,,344.978,348.981,
442486.173,,344.276,347.931,
442586.170,,344.517,348.651,
442686.168,,345.069,349.559,
442786.169,,344.844,349.414,
442886.164,,344.802,355.123,
442986.160,,344.622,355.348,
443086.156,,344.756,354.263,
443186.155,,345.084,354.044,
443286.152,,344.786,354.264,
443386.150,,344.813,353.507,
443486.147,,344.557,351.606,
443586.147,,344.768,349.527,
443686.145,,345.123,350.352,
443786.141,,344.071,354.465,
443886.139,,344.259,353.292,
443986.136,,344.217,350.867,
444086.136,,344.481,348.910,
444186.132,,345.053,357.103,
444286.128,,344.810,358.677,
444386.123,,345.211,354.069,
444486.125,,344.829,353.014,
444586.118,,344.523,361.103,
444686.118,,344.486,358.900,
444786.113,,344.364,364.299,
444886.114,,344.439,366.320,
444986.111,,344.580,363.479,
445086.104,,344.064,364.025,
445186.103,,344.652,361.434,
445286.104,,345.803,354.545,
445386.100,,344.846,352.365,
445486.093,,345.154,349.407,
445586.093,,345.431,346.850,
445686.093,,345.369,348.913,
445786.088,,345.836,347.834,
445886.086,,345.004,343.868,
445986.080,,343.214,340.510,
446086.081,,343.696,340.381,
446186.076,,343.663,343.896,
446286.072,,343.802,344.629,
446386.072,,344.243,347.439,
446486.067,,344.730,345.777,
446586.065,,344.594,344.283,
446686.064,,344.682,343.261,
446786.066,,344.624,350.568,
446886.062,,344.524,349.962,
446986.054,,344.470,348.401,
447086.054,,345.135,347.315,
447186.049,,344.637,349.359,
447286.049,,343.626,352.408,
447386.046,,344.186,348.622,
447486.047,,344.512,346.552,
447586.039,,344.678,344.924,
447686.041,,345.429,344.779,
447786.038,,345.533,343.369,
447886.031,,345.195,342.352,
447986.028,,345.852,340.973,
448086.028,,343.600,341.377,
448186.020,,344.305,341.028,
448286.019,,343.630,342.478,
448386.011,,343.738,347.432,
448486.012,,342.983,347.031,
448586.005,,344.329,343.676,
448686.000,,343.661,343.108,
448785.997,,344.871,348.075,
448885.998,,344.715,354.781,
448985.988,,344.815,354.370,
449085.986,,344.770,359.916,
449185.983,,344.867,362.833,
449285.978,,344.319,359.100,
449385.977,,343.884,351.492,
449485.970,,342.787,344.904,
449585.970,,342.569,340.641,
449685.961,,343.524,339.281,
449785.958,,342.884,336.773,
449885.955,,342.195,336.704,
449985.951,,343.193,336.958,
450085.950,,341.459,337.581,
450185.944,,345.834,339.233,
450285.942,,345.418,341.205,
450385.934,,345.622,340.246,
450485.931,,346.358,342.007,
450585.928,,346.433,345.655,
450685.921,,346.264,348.606,
450785.921,,344.330,346.041,
450885.918,,344.808,344.731,
450985.915,,344.620,345.992,
451085.908,,344.836,347.075,
451185.903,,343.751,349.300,
451285.902,,343.213,350.076,
451385.899,,343.838,353.749,
451485.892,,344.978,355.462,
451585.890,,344.205,350.645,
451685.889,,344.269,349.234,
451785.878,,344.317,345.551,
451885.880,,344.289,351.646,
451985.871,,345.255,353.371,
452085.868,,344.990,359.980,
452185.865,,343.924,363.119,
452285.860,,344.405,357.870,
452385.860,,344.201,354.103,
452485.851,,344.920,348.766,
452585.847,,345.063,347.525,
452685.849,,345.350,349.725,
452785.843,,345.699,347.405,
452885.842,,345.997,349.855,
452985.835,,345.480,349.670,
453085.828,,345.449,347.717,
453185.828,,344.975,348.273,
453285.819,,343.430,348.700,
453385.819,,344.407,351.163,
453485.815,,344.484,353.984,
453585.809,,345.678,349.298,
453685.805,,345.363,349.431,
453785.800,,344.816,346.384,
453885.798,,344.157,363.641,
453985.798,,344.418,356.292,
454085.791,,344.284,350.891,
454185.789,,342.913,348.436,
454285.783,,344.111,351.486,
454385.779,,344.410,349.867,
454485.779,,345.173,348.069,
454585.773,,344.967,349.683,
454685.768,,344.153,352.639,
454785.760,,344.617,350.201,
454885.757,,344.357,348.670,
454985.757,,346.326,345.857,
455085.752,,348.070,346.901,
455185.749,,347.054,347.374,
455285.741,,346.072,348.245,
455385.742,,346.041,349.019,
455485.738,,344.500,346.555,
455585.733,,345.628,346.692,
455685.732,,346.315,344.087,
455785.723,,345.334,346.732,
455885.722,,344.739,359.221,
455985.721,,344.791,358.549,
456085.717,,344.933,354.188,
456185.710,,345.056,352.616,
456285.708,,344.601,351.204,
456385.711,,344.710,350.742,
456485.708,,345.028,349.251,
456585.704,,344.387,349.818,
456685.696,,344.076,349.933,
456785.696,,343.485,345.151,
456885.693,,343.868,342.846,
456985.696,,343.041,341.818,
457085.688,,343.582,341.501,
457185.687,,340.488,341.882,
457285.686,,340.112,346.179,
457385.684,,340.898,350.311,
457485.681,,343.179,353.620,
457585.678,,342.890,354.977,
457685.671,,344.289,350.828,
457785.669,,344.385,345.691,
457885.672,,342.498,343.434,
457985.666,,340.661,344.661,
458085.661,,341.200,348.307,
458185.660,,341.183,345.729,
458285.658,,341.471,347.483,
458385.654,,342.517,348.760,
458485.651,,343.240,345.834,
458585.650,,342.925,348.119,
458685.649,,342.545,350.255,
458785.644,,343.186,359.946,
458885.641,,342.913,354.939,
458985.636,,342.635,355.195,
459085.635,,339.814,350.282,
459185.634,,340.652,347.225,
459285.633,,343.367,343.640,
459385.632,,340.699,344.805,
459485.624,,344.759,349.558,
459585.627,,341.860,348.413,
459685.620,,342.560,350.639,
459785.622,,343.038,350.355,
459885.614,,341.947,353.765,
459985.614,,342.960,353.531,
460085.612,,342.800,350.675,
460185.607,,343.155,346.066,
460285.603,,340.702,349.031,
460385.600,,343.937,356.147,
460485.602,,343.308,353.194,
460585.598,,339.732,348.090,
460685.595,,341.925,349.776,
460785.596,,343.289,349.519,
460885.591,,343.013,346.177,
460985.587,,343.996,347.173,
461085.584,,344.358,347.361,
461185.585,,343.474,352.007,
461285.578,,343.668,352.456,
461385.580,,342.621,347.275,
461485.576,,341.739,346.007,
461585.572,,341.663,343.536,
461685.567,,339.787,350.127,
461785.569,,341.345,353.534,
461885.566,,342.215,351.175,
461985.564,,342.464,349.261,
462085.556,,343.507,350.118,
462185.558,,342.205,349.613,
462285.554,,343.230,355.131,
462385.549,,342.310,351.123,
462485.552,,342.685,350.059,
462585.543,,342.224,353.351,
462685.547,,342.445,349.680,
462785.542,,339.900,346.423,
462885.542,,341.578,345.883,
462985.537,,343.245,342.625,
463085.530,,341.289,343.198,
463185.527,,342.460,344.249,
463285.530,,342.194,344.413,
463385.522,,341.531,344.289,
463485.523,,342.310,349.227,
463585.520,,342.802,351.145,
463685.516,,342.626,346.047,
463785.512,,342.103,345.581,
463885.514,,342.958,342.895,
463985.510,,340.822,341.839,
464085.504,,338.811,350.595,
464185.502,,338.075,359.041,
464285.501,,337.911,358.538,
464385.497,,338.083,357.977,
464485.490,,338.447,359.042,
464585.488,,340.299,354.835,
464685.481,,341.278,351.162,
464785.479,,343.534,350.297,
464885.475,,343.438,346.386,
464985.470,,342.232,344.483,
465085.466,,341.273,344.766,
465185.465,,341.513,345.451,
465285.460,,340.255,342.878,
465385.453,,340.564,340.771,
465485.451,,339.497,340.911,
465585.447,,342.043,338.796,
465685.442,,340.540,336.466,
465785.444,,342.776,337.556,
465885.435,,339.081,335.997,
465985.431,,341.379,335.246,
466085.431,,342.408,340.617,
466185.429,,341.057,344.687,
466285.425,,341.160,343.992,
466385.422,,340.809,343.765,
466485.414,,340.732,342.297,
466585.412,,339.676,345.605,
466685.407,,341.532,343.217,
466785.404,,340.666,340.845,
466885.401,,339.499,340.575,
466985.399,,340.644,338.409,
467085.390,,340.105,339.217,
467185.390,,340.619,342.670,
467285.389,,340.751,342.847,
467385.385,,341.031,342.103,
467485.375,,340.196,339.030,
467585.375,,342.535,337.128,
467685.369,,341.278,341.534,
467785.366,,342.864,340.180,
467885.362,,342.348,343.859,
467985.361,,341.409,352.412,
468085.360,,343.598,360.851,
468185.354,,341.943,358.674,
468285.350,,343.385,353.750,
468385.342,,342.814,352.274,
468485.339,,341.207,347.004,
468585.335,,343.196,347.232,
468685.337,,344.481,352.552,
468785.329,,344.153,355.900,
468885.329,,346.007,357.600,
468985.326,,345.519,354.077,
469085.319,,345.456,351.840,
469185.317,,345.511,351.391,
469285.308,,344.933,353.058,
469385.308,,345.218,355.235,
469485.305,,345.964,355.800,
469585.302,,345.494,362.647,
469685.298,,346.753,367.809,
469785.295,,346.443,363.092,
469885.288,,344.187,357.862,
469985.282,,345.306,354.977,
470085.282,,345.167,350.188,
470185.278,,343.129,348.107,
470285.271,,344.714,348.587,
470385.269,,346.080,346.349,
470485.270,,345.129,347.414,
470585.262,,345.449,345.371,
470685.258,,343.183,341.709,
470785.257,,342.645,345.151,
470885.254,,342.731,351.815,
470985.251,,343.186,352.372,
471085.247,,342.248,352.697,
471185.242,,342.002,347.723,
471285.236,,340.676,345.885,
471385.235,,342.175,345.895,
471485.231,,342.725,348.742,
471585.228,,342.423,355.592,
471685.221,,342.458,351.868,
471785.218,,339.615,347.743,
471885.212,,342.608,347.920,
471985.215,,342.019,344.600,
472085.210,,340.989,341.755,
472185.207,,339.374,343.449,
472285.204,,341.102,342.802,
472385.206,,343.497,344.908,
472485.199,,342.739,345.825,
472585.196,,343.392,344.619,
472685.193,,342.361,342.455,
472785.192,,343.043,342.736,
472885.191,,342.907,340.881,
472985.189,,342.950,338.790,
473085.188,,342.831,337.201,
473185.184,,342.221,338.282,
473285.183,,342.507,339.808,
473385.178,,343.383,340.943,
473485.179,,343.133,347.046,
473585.175,,342.875,358.091,
473685.172,,343.282,355.529,
473785.171,,342.546,352.907,
473885.168,,343.059,349.850,
473985.165,,342.803,364.795,
474085.160,,341.430,360.229,
474185.160,,342.293,353.780,
474285.158,,342.628,351.688,
474385.152,,341.849,357.542,
474485.152,,342.332,354.012,
474585.148,,341.692,347.606,
474685.152,,342.278,346.016,
474785.144,,343.080,353.376,
474885.146,,342.361,356.117,
474985.141,,342.240,355.860,
475085.140,,342.492,351.131,
475185.138,,343.191,346.972,
475285.136,,343.160,346.029,
475385.133,,343.304,354.092,
475485.128,,342.241,350.771,
475585.129,,342.188,345.235,
475685.128,,341.249,340.358,
475785.125,,342.479,340.104,
475885.120,,342.802,342.761,
475985.119,,343.308,343.380,
476085.112,,343.125,341.833,
476185.116,,344.002,340.735,
476285.109,,345.165,344.109,
476385.106,,344.966,341.540,
476485.106,,344.195,340.406,
476585.105,,345.878,340.773,
476685.104,,345.151,341.112,
476785.095,,344.187,346.205,
476885.096,,344.248,351.212,
476985.091,,343.433,354.232,
477085.089,,344.293,350.314,
477185.093,,344.031,347.199,
477285.086,,343.531,345.469,
477385.088,,343.037,345.047,
477485.079,,343.752,347.160,
477585.078,,344.306,345.987,
477685.074,,343.774,344.360,
477785.076,,343.024,346.289,
477885.075,,341.538,353.067,
477985.070,,342.877,352.548,
478085.067,,343.216,350.999,
478185.065,,343.003,349.875,
478285.060,,343.575,345.625,
478385.059,,343.547,344.601,
478485.059,,344.045,343.372,
478585.054,,343.436,342.534,
478685.053,,342.099,337.911,
478785.052,,339.564,341.762,
478885.052,,342.702,352.156,
478985.044,,341.613,350.074,
479085.043,,342.794,343.463,
479185.043,,339.890,338.632,
479285.042,,340.696,340.297,
479385.039,,342.423,343.030,
479485.036,,342.058,339.584,
479585.034,,340.258,335.685,
479685.032,,340.365,337.682,
479785.026,,343.601,340.915,
479885.026,,342.513,339.465,
479985.025,,343.232,340.051,
480085.021,,343.133,338.799,
480185.015,,343.579,338.858,
480285.015,,343.418,337.004,
480385.014,,343.305,336.633,
480485.014,,343.174,338.656,
480585.012,,342.188,337.818,
480685.004,,342.155,334.553,
480785.003,,340.826,335.088,
480885.001,,340.677,333.999,
480985.000,,340.390,334.806,
481084.993,,341.595,335.295,
481184.991,,343.909,333.472,
481284.990,,343.532,332.855,
481384.987,,344.461,332.888,
481484.988,,342.445,338.046,
481584.983,,343.570,340.813,
481684.979,,343.418,342.699,
481784.977,,343.540,344.106,
481884.977,,342.978,347.597,
481984.973,,342.698,351.076,
482084.969,,342.850,355.920,
482184.971,,343.195,351.867,
482284.968,,343.089,349.899,
482384.962,,343.277,349.269,
482484.961,,343.287,346.807,
482584.956,,343.130,347.777,
482684.958,,342.787,348.305,
482784.955,,343.989,345.580,
482884.952,,343.683,344.282,
482984.948,,343.358,345.488,
483084.945,,346.038,345.002,
483184.944,,345.472,343.199,
483284.944,,344.587,344.380,
483384.941,,344.626,357.696,
483484.934,,344.755,362.411,
483584.933,,346.885,357.101,
483684.933,,346.769,355.442,
483784.931,,346.190,350.731,
483884.925,,346.057,346.698,
483984.928,,345.732,348.209,
484084.922,,345.635,351.507,
484184.923,,345.737,348.654,
484284.918,,347.062,345.303,
484384.916,,346.710,342.391,
484484.910,,346.011,342.802,
484584.912,,345.458,347.136,
484684.908,,345.166,348.173,
484784.907,,345.328,348.913,
484884.902,,345.259,355.913,
484984.897,,344.946,355.891,
485084.896,,344.817,354.948,
485184.895,,344.704,351.895,
485284.894,,344.852,353.652,
485384.891,,346.006,351.201,
485484.890,,344.328,350.681,
485584.883,,345.423,348.538,
485684.886,,345.284,347.925,
485784.880,,345.455,345.923,
485884.876,,345.234,348.339,
485984.876,,345.153,350.334,
486084.877,,344.647,349.661,
486184.872,,344.450,347.507,
486284.872,,344.172,346.348,
486384.864,,344.482,347.504,
486484.865,,345.293,348.849,
486584.860,,345.290,348.153,
486684.858,,345.552,349.752,
486784.859,,343.851,347.623,
486884.857,,343.802,347.235,
486984.851,,343.204,344.006,
487084.849,,343.812,345.749,
487184.844,,343.528,348.157,
487284.841,,343.334,356.866,
487384.844,,343.398,378.938,
487484.842,,343.627,378.871,
487584.840,,342.722,371.506,
487684.834,,343.217,363.896,
487784.833,,343.616,357.949,
487884.826,,344.061,354.412,
487984.824,,343.714,351.104,
488084.821,,344.724,347.723,
488184.819,,345.116,346.159,
488284.819,,344.502,344.100,
488384.810,,344.243,347.430,
488484.810,,343.798,351.099,
488584.804,,343.616,352.791,
488684.802,,344.391,352.521,
488784.798,,343.723,351.617,
488884.793,,343.315,348.270,
488984.789,,344.471,345.931,
489084.790,,344.577,346.482,
489184.784,,344.907,346.398,
489284.783,,344.490,345.007,
489384.776,,345.188,347.548,
489484.775,,345.273,348.420,
489584.771,,344.760,347.698,
489684.766,,344.594,351.959,
489784.762,,344.051,353.849,
489884.755,,344.136,350.796,
489984.753,,344.099,349.098,
490084.750,,343.758,347.099,
490184.750,,343.383,345.523,
490284.743,,344.287,344.507,
490384.742,,343.842,346.668,
490484.734,,344.392,347.128,
490584.733,,344.172,344.643,
490684.733,,344.036,348.750,
490784.725,,346.262,352.286,
490884.724,,346.420,351.706,
490984.720,,345.579,351.070,
491084.714,,344.228,351.140,
491184.712,,343.988,352.799,
491284.707,,343.114,353.113,
491384.704,,342.577,353.108,
491484.698,,343.573,354.685,
491584.699,,343.255,351.773,
491684.696,,343.441,350.449,
491784.689,,342.289,356.693,
491884.685,,343.056,357.826,
491984.686,,342.549,358.897,
492084.680,,342.176,352.966,
492184.675,,342.708,351.326,
492284.674,,343.041,349.525,
492384.669,,342.304,348.791,
492484.665,,342.424,349.890,
492584.659,,342.849,355.635,
492684.660,,342.405,356.161,
492784.655,,342.491,350.741,
492884.649,,342.915,347.602,
492984.651,,342.650,350.543,
493084.645,,342.080,349.838,
493184.642,,342.162,346.999,
493284.639,,342.459,343.949,
493384.634,,342.184,346.730,
493484.628,,342.531,356.908,
493584.625,,343.247,355.767,
493684.624,,342.912,349.257,
493784.616,,342.215,343.989,
493884.614,,342.098,342.687,
493984.612,,342.445,341.818,
494084.606,,342.776,362.372,
494184.605,,341.647,356.311,
494284.599,,341.568,349.042,
494384.594,,341.345,346.714,
494484.594,,342.028,343.881,
494584.588,,341.550,343.307,
494684.585,,341.389,342.502,
494784.585,,341.744,340.062,
494884.581,,341.493,337.533,
494984.572,,342.219,335.613,
495084.575,,342.347,334.435,
495184.571,,342.581,336.446,
495284.565,,342.930,343.802,
495384.560,,342.976,351.205,
495484.560,,343.072,349.155,
495584.552,,342.463,349.684,
495684.548,,342.869,345.836,
495784.550,,343.080,345.810,
495884.544,,343.689,349.541,
495984.540,,343.709,344.603,
496084.534,,342.818,342.122,
496184.535,,343.641,344.304,
496284.532,,342.596,344.911,
496384.529,,341.679,346.150,
496484.526,,342.520,363.750,
496584.519,,341.520,382.324,
496684.520,,341.347,383.390,
496784.513,,340.251,382.518,
496884.509,,341.305,374.412,
496984.507,,341.560,369.783,
497084.502,,340.432,360.916,
497184.504,,341.650,359.068,
497284.499,,341.649,358.835,
497384.494,,342.274,352.424,
497484.490,,341.619,351.480,
497584.490,,341.530,348.102,
497684.482,,341.734,345.484,
497784.483,,341.942,343.939,
497884.477,,342.637,341.569,
497984.474,,342.064,348.223,
498084.470,,341.790,352.436,
498184.469,,342.313,351.110,
498284.463,,344.544,348.583,
498384.463,,343.607,344.891,
498484.459,,341.535,342.034,
498584.453,,342.514,338.837,
498684.451,,342.263,339.132,
498784.450,,342.395,337.214,
498884.447,,342.558,334.707,
498984.441,,341.770,332.474,
499084.442,,341.241,331.742,
499184.434,,341.283,332.864,
499284.435,,341.171,341.082,
499384.427,,341.577,349.384,
499484.426,,341.266,345.269,
499584.421,,341.944,342.740,
499684.422,,341.983,339.090,
499784.414,,340.441,338.204,
499884.412,,341.480,338.556,
499984.411,,341.528,345.091,
500084.404,,341.045,348.240,
500184.402,,341.211,349.744,
500284.397,,342.481,346.264,
500384.398,,341.542,342.044,
500484.394,,341.640,345.572,
500584.392,,341.315,347.268,
500684.386,,340.840,348.874,
500784.387,,340.139,345.055,
500884.384,,339.973,339.931,
500984.375,,339.549,338.432,
501084.374,,339.343,336.218,
501184.371,,340.240,337.947,
501284.369,,340.198,340.586,
501384.364,,341.217,345.989,
501484.360,,340.472,351.847,
501584.361,,341.943,348.167,
501684.356,,340.909,341.925,
501784.349,,340.138,339.593,
501884.351,,339.572,340.896,
501984.343,,340.576,343.533,
502084.344,,339.951,352.651,
502184.335,,339.165,357.183,
502284.337,,339.045,353.031,
502384.332,,339.535,349.035,
502484.330,,339.552,344.922,
502584.326,,340.180,341.467,
502684.319,,341.010,338.403,
502784.319,,341.241,336.885,
502884.316,,341.316,334.857,
502984.313,,340.677,335.367,
503084.309,,340.964,347.910,
503184.307,,340.789,360.763,
503284.304,,340.243,358.454,
503384.299,,339.909,355.293,
503484.294,,339.943,357.116,
503584.292,,339.611,352.562,
503684.288,,339.784,348.604,
503784.289,,340.932,347.624,
503884.280,,342.104,344.504,
503984.282,,341.335,341.006,
504084.276,,340.991,337.503,
504184.269,,341.120,336.570,
504284.272,,341.877,337.138,
504384.263,,341.297,341.177,
504484.258,,341.269,342.875,
504584.256,,340.512,341.180,
504684.255,,342.280,341.398,
504784.252,,342.936,342.339,
504884.246,,342.758,339.288,
504984.242,,342.018,336.064,
505084.238,,341.662,335.168,
505184.236,,340.547,342.130,
505284.232,,340.825,350.082,
505384.233,,341.078,349.944,
505484.229,,341.428,345.512,
505584.221,,342.171,340.992,
505684.216,,342.145,338.261,
505784.214,,342.757,339.402,
505884.215,,342.263,341.979,
505984.209,,341.785,337.156,
506084.209,,341.419,333.548,
506184.199,,340.949,334.836,
506284.195,,341.524,333.545,
506384.193,,341.492,333.186,
506484.190,,342.260,332.267,
506584.191,,341.903,333.520,
506684.181,,341.564,335.823,
506784.182,,341.006,337.860,
506884.174,,341.799,338.751,
506984.174,,342.107,339.956,
507084.171,,341.405,341.879,
507184.170,,341.840,343.088,
507284.163,,341.117,340.949,
507384.159,,341.931,343.222,
507484.160,,342.018,341.535,
507584.156,,342.433,344.037,
507684.151,,341.914,344.097,
507784.144,,341.902,344.105,
507884.144,,341.426,345.173,
507984.136,,341.857,342.800,
508084.134,,341.259,356.753,
508184.133,,341.390,356.765,
508284.130,,341.173,353.047,
508384.128,,340.101,352.791,
508484.121,,341.385,356.145,
508584.117,,341.984,355.462,
508684.112,,341.490,350.282,
508784.111,,341.646,348.360,
508884.106,,342.082,344.211,
508984.102,,341.403,343.926,
509084.101,,341.398,351.812,
509184.094,,342.002,356.504,
509284.094,,341.601,360.467,
509384.087,,341.725,360.375,
509484.089,,341.914,355.617,
509584.081,,342.684,351.695,
509684.078,,343.375,353.645,
509784.075,,343.983,356.376,
509884.074,,342.495,351.315,
509984.071,,343.688,347.210,
510084.065,,343.765,348.041,
510184.058,,344.319,348.838,
510284.055,,344.495,345.497,
510384.055,,344.179,343.569,
510484.051,,344.948,341.879,
510584.048,,344.906,339.846,
510684.041,,344.293,339.865,
510784.040,,342.678,342.894,
510884.036,,342.041,343.109,
510984.034,,342.897,344.953,
511084.032,,344.094,351.404,
511184.029,,343.946,347.290,
511284.020,,344.450,346.553,
511384.020,,344.244,345.255,
511484.016,,345.076,348.440,
511584.011,,344.509,349.733,
511684.008,,345.088,348.540,
511784.006,,346.083,347.835,
511884.001,,346.215,345.191,
511983.999,,347.013,346.636,
512083.998,,345.953,350.506,
512183.996,,344.425,355.022,
512283.992,,344.689,351.755,
512383.990,,344.964,352.180,
512483.985,,344.811,351.703,
512583.981,,344.299,350.903,
512683.981,,346.182,350.670,
512783.975,,344.795,347.275,
512883.974,,342.787,346.225,
512983.970,,342.170,341.378,
513083.966,,343.363,343.461,
513183.964,,345.262,347.410,
513283.966,,344.505,349.566,
513383.959,,343.917,344.098,
513483.960,,342.374,349.325,
513583.955,,341.769,351.834,
513683.951,,342.564,351.365,
513783.951,,342.597,364.870,
513883.948,,342.036,367.877,
513983.948,,341.984,363.699,
514083.942,,342.010,358.997,
514183.937,,343.064,355.979,
514283.934,,342.437,352.538,
514383.930,,342.704,349.099,
514483.935,,342.740,355.385,
514583.926,,342.678,352.599,
514683.924,,342.571,347.974,
514783.922,,342.803,343.374,
514883.919,,342.747,342.264,
514983.919,,342.920,341.806,
515083.917,,343.551,341.907,
515183.911,,343.638,345.542,
515283.912,,343.884,359.211,
515383.910,,342.887,360.494,
515483.905,,343.369,355.867,
515583.901,,343.297,350.453,
515683.902,,342.877,347.426,
515783.896,,342.931,345.137,
515883.896,,343.563,344.236,
515983.890,,343.820,342.411,
516083.885,,343.292,347.977,
516183.888,,343.168,348.777,
516283.882,,343.542,346.005,
516383.882,,342.969,344.418,
516483.875,,342.587,346.720,
516583.873,,342.839,349.986,
516683.870,,343.431,349.235,
516783.872,,343.199,347.564,
516883.864,,342.925,346.244,
516983.865,,344.263,351.385,
517083.859,,345.320,362.508,
517183.856,,343.935,356.035,
517283.859,,344.115,355.839,
517383.855,,343.874,355.729,
517483.854,,344.090,357.374,
517583.847,,343.463,355.314,
517683.845,,343.887,354.310,
517783.845,,344.082,354.392,
517883.838,,344.130,352.375,
517983.841,,345.670,348.983,
518083.836,,344.049,345.084,
518183.830,,344.038,350.166,
518283.831,,344.607,350.438,
518383.830,,344.852,353.809,
518483.827,,344.538,352.899,
518583.822,,344.339,350.185,
518683.819,,342.658,347.211,
518783.815,,342.543,346.125,
518883.816,,342.924,347.013,
518983.811,,344.575,348.873,
519083.811,,344.092,346.670,
519183.804,,343.628,346.315,
519283.806,,343.356,343.532,
519383.798,,343.286,342.813,
519483.795,,342.866,345.721,
519583.798,,342.765,346.801,
519683.794,,342.801,345.134,
519783.787,,342.994,345.390,
519883.790,,343.235,346.126,
519983.781,,343.984,347.720,
520083.778,,344.469,346.374,
520183.778,,343.707,346.230,
520283.778,,343.847,351.206,
520383.771,,343.780,348.785,
520483.771,,344.190,347.494,
520583.769,,344.002,350.335,
520683.760,,343.724,353.999,
520783.760,,343.065,357.550,
520883.755,,343.651,352.968,
520983.753,,344.075,348.456,
521083.752,,343.672,348.900,
521183.746,,343.985,349.798,
521283.744,,343.944,354.683,
521383.743,,344.326,358.664,
521483.738,,343.753,357.927,
521583.739,,343.678,355.934,
521683.737,,343.456,363.986,
521783.734,,343.655,361.371,
521883.726,,343.802,356.216,
521983.727,,344.146,353.625,
522083.723,,344.234,351.817,
522183.720,,344.015,357.423,
522283.717,,343.831,351.257,
522383.712,,343.441,346.666,
522483.714,,342.958,346.264,
522583.710,,342.742,346.866,
522683.702,,342.978,348.749,
522783.703,,342.906,348.591,
522883.702,,342.688,347.178,
522983.698,,341.786,352.150,
523083.695,,340.682,349.587,
523183.687,,341.006,345.628,
523283.684,,341.479,342.823,
523383.681,,340.932,341.729,
523483.683,,341.864,341.225,
523583.680,,341.140,352.391,
523683.674,,340.476,350.960,
523783.672,,341.063,359.830,
523883.671,,340.973,358.197,
523983.669,,339.448,353.654,
524083.663,,341.431,348.982,
524183.661,,341.490,346.620,
524283.660,,341.973,343.203,
524383.652,,342.303,342.613,
524483.654,,341.906,341.403,
524583.649,,341.628,340.542,
524683.645,,341.453,360.000,
524783.643,,341.431,354.313,
524883.643,,341.745,348.365,
524983.637,,340.350,342.679,
525083.631,,339.447,338.635,
525183.631,,340.701,335.812,
525283.630,,339.529,334.224,
525383.625,,339.243,332.611,
525483.624,,339.386,336.480,
525583.622,,338.324,342.606,
525683.614,,338.631,341.091,
525783.616,,340.519,341.399,
525883.609,,340.938,340.308,
525983.608,,341.806,342.849,
526083.603,,340.017,344.325,
526183.603,,340.415,341.740,
526283.597,,342.546,340.098,
526383.595,,343.324,339.361,
526483.594,,342.882,341.889,
526583.592,,343.150,340.756,
526683.586,,343.629,339.029,
526783.586,,343.506,336.623,
526883.581,,343.100,334.053,
526983.579,,343.006,333.266,
527083.579,,344.162,332.460,
527183.576,,343.786,336.699,
527283.567,,343.334,342.277,
527383.565,,343.992,343.761,
527483.566,,343.052,342.688,
527583.559,,341.862,340.502,
527683.557,,342.398,339.800,
527783.556,,342.213,336.152,
527883.552,,341.588,334.248,
527983.550,,342.364,334.023,
528083.545,,341.983,342.554,
528183.548,,341.844,344.712,
528283.546,,341.164,340.381,
528383.538,,341.740,338.239,
528483.541,,342.379,336.682,
528583.533,,341.613,337.425,
528683.534,,341.601,339.753,
528783.533,,342.094,340.860,
528883.528,,342.263,346.224,
528983.529,,342.085,352.215,
529083.521,,342.141,360.324,
529183.519,,341.431,359.401,
529283.517,,343.129,355.789,
529383.514,,344.136,354.083,
529483.518,,344.844,352.984,
529583.514,,344.320,347.737,
529683.511,,343.017,345.867,
529783.507,,342.426,347.582,
529883.505,,341.910,349.114,
529983.503,,342.072,349.284,
530083.498,,342.312,346.487,
530183.499,,341.798,347.011,
530283.495,,342.231,344.468,
530383.493,,341.130,343.264,
530483.489,,342.029,343.178,
530583.488,,344.459,343.773,
530683.486,,342.379,344.433,
530783.486,,342.310,343.556,
530883.480,,342.681,343.944,
530983.477,,342.274,343.950,
531083.475,,341.735,342.430,
531183.475,,340.527,340.721,
531283.472,,341.823,344.821,
531383.473,,342.507,348.827,
531483.467,,342.376,348.153,
531583.465,,342.447,345.142,
531683.462,,341.553,344.231,
531783.463,,340.672,348.713,
531883.461,,341.220,344.915,
531983.454,,341.411,343.870,
532083.451,,341.743,346.119,
532183.450,,341.833,346.886,
532283.452,,341.589,347.707,
532383.445,,342.016,345.110,
532483.443,,342.932,346.660,
532583.445,,342.916,347.836,
532683.443,,342.149,348.300,
532783.440,,342.317,348.838,
532883.437,,342.042,347.601,
532983.433,,341.991,348.494,
533083.431,,341.849,347.418,
533183.429,,341.137,346.524,
533283.424,,341.586,344.814,
533383.420,,341.221,345.147,
533483.423,,341.856,342.072,
533583.416,,342.130,341.457,
533683.415,,341.691,342.245,
533783.413,,342.452,341.149,
533883.411,,342.397,340.803,
533983.411,,342.152,341.650,
534083.405,,342.285,342.685,
534183.407,,342.337,342.863,
534283.404,,342.044,341.740,
534383.398,,342.758,342.324,
534483.395,,342.960,341.322,
534583.396,,343.223,338.440,
534683.395,,341.295,338.742,
534783.389,,342.756,337.630,
534883.387,,342.431,335.557,
534983.383,,341.944,334.663,
535083.381,,342.012,338.986,
535183.380,,342.771,351.859,
535283.376,,342.442,357.702,
535383.376,,340.589,357.785,
535483.373,,340.855,352.451,
535583.371,,341.695,347.580,
535683.371,,342.337,344.662,
535783.363,,343.178,344.902,
535883.363,,343.300,348.568,
535983.361,,343.516,349.607,
536083.356,,342.641,350.039,
536183.348,,343.685,349.131,
536283.346,,343.339,347.215,
536383.342,,342.469,345.852,
536483.340,,342.806,345.384,
536583.330,,343.004,350.643,
536683.330,,343.025,353.208,
536783.327,,342.850,350.224,
536883.322,,342.293,346.553,
536983.313,,342.110,344.602,
537083.313,,341.733,342.527,
537183.305,,341.175,342.803,
537283.304,,340.944,348.070,
537383.295,,340.493,353.195,
537483.292,,339.991,350.971,
537583.289,,340.824,351.473,
537683.286,,344.809,355.427,
537783.282,,345.994,352.403,
537883.274,,345.907,350.625,
537983.269,,344.913,354.391,
538083.265,,343.646,353.165,
538183.261,,343.143,351.041,
538283.256,,342.142,349.255,
538383.253,,342.492,350.475,
538483.249,,342.272,352.192,
538583.244,,342.056,349.321,
538683.238,,342.474,347.152,
538783.236,,341.999,351.616,
538883.230,,342.268,349.306,
538983.229,,341.885,348.203,
539083.219,,341.994,344.841,
539183.215,,343.002,345.801,
539283.212,,342.726,342.002,
539383.207,,342.551,341.421,
539483.207,,342.559,344.085,
539583.197,,342.560,343.675,
539683.197,,342.846,345.179,
539783.189,,343.330,345.278,
539883.187,,343.485,344.757,
539983.184,,342.668,344.621,
540083.179,,341.977,342.153,
540183.174,,342.769,342.515,
540283.171,,341.603,345.794,
540383.162,,341.759,348.257,
540483.156,,342.263,348.521,
540583.153,,342.595,355.642,
540683.148,,342.948,363.500,
540783.144,,343.453,370.391,
540883.140,,342.568,363.551,
540983.141,,342.499,357.051,
541083.130,,342.501,354.385,
541183.128,,343.270,349.576,
541283.126,,343.900,346.857,
541383.116,,344.318,345.000,
541483.117,,344.569,344.240,
541583.109,,345.442,344.959,
541683.105,,345.230,346.798,
541783.103,,344.653,349.637,
541883.100,,344.196,352.756,
541983.096,,343.674,352.655,
542083.087,,343.351,348.775,
542183.081,,343.593,347.051,
542283.077,,343.533,343.709,
542383.077,,343.176,342.468,
542483.071,,343.675,347.352,
542583.066,,342.873,345.530,
542683.064,,342.981,346.213,
542783.054,,343.473,347.995,
542883.055,,341.410,344.716,
542983.048,,342.544,343.271,
543083.041,,342.726,343.861,
543183.039,,343.200,341.901,
543283.038,,343.756,345.105,
543383.028,,344.621,347.152,
543483.027,,345.408,350.681,
543583.020,,344.620,354.815,
543683.018,,344.296,354.320,
543783.011,,344.301,353.223,
543883.007,,342.993,351.082,
543983.008,,342.104,349.007,
544083.006,,342.466,350.662,
544183.001,,342.202,349.585,
544282.997,,342.853,344.355,
544382.997,,342.854,340.536,
544482.992,,342.227,340.092,
544582.991,,343.057,342.472,
544682.988,,343.646,343.389,
544782.991,,343.852,341.834,
544882.984,,343.238,341.717,
544982.984,,343.303,342.248,
545082.983,,343.106,340.254,
545182.977,,342.464,337.867,
545282.977,,341.160,336.983,
545382.974,,341.216,340.231,
545482.972,,341.995,344.693,
545582.972,,342.723,345.294,
545682.966,,342.893,344.717,
545782.965,,342.621,342.557,
545882.967,,342.359,341.177,
545982.963,,342.987,340.208,
546082.957,,343.776,343.789,
546182.960,,343.994,344.665,
546282.956,,343.406,347.942,
546382.955,,343.100,352.561,
546482.949,,342.454,353.115,
546582.950,,342.761,357.685,
546682.947,,342.292,356.841,
546782.947,,342.025,357.102,
546882.944,,343.359,354.867,
546982.939,,343.187,355.944,
547082.938,,342.513,352.816,
547182.935,,342.059,352.722,
547282.934,,341.969,353.869,
547382.936,,342.234,348.347,
547482.932,,342.429,343.688,
547582.925,,342.175,344.185,
547682.926,,341.899,349.351,
547782.926,,342.196,347.708,
547882.922,,342.688,346.996,
547982.917,,342.788,351.930,
548082.918,,342.681,349.663,
548182.917,,342.347,346.040,
548282.912,,342.258,343.215,
548382.912,,341.667,342.374,
548482.909,,342.863,345.996,
548582.907,,343.400,342.519,
548682.906,,342.464,339.610,
548782.905,,342.289,338.805,
548882.902,,342.209,337.787,
548982.900,,341.814,338.515,
549082.899,,341.433,339.782,
549182.894,,341.965,339.531,
549282.890,,342.742,341.987,
549382.890,,342.529,346.856,
549482.885,,341.417,359.892,
549582.887,,341.642,361.243,
549682.880,,342.368,364.277,
549782.879,,342.780,362.835,
549882.880,,344.170,355.392,
549982.875,,342.137,348.309,
550082.875,,341.866,345.472,
550182.870,,342.125,343.225,
550282.869,,342.823,342.256,
550382.866,,342.095,344.855,
550482.864,,341.854,344.693,
550582.867,,341.167,344.041,
550682.863,,341.257,342.002,
550782.858,,341.758,341.831,
550882.859,,342.080,340.974,
550982.858,,342.116,341.843,
551082.850,,340.255,337.478,
551182.849,,340.981,342.311,
551282.847,,342.363,342.752,
551382.845,,342.432,341.506,
551482.842,,342.438,339.378,
551582.846,,342.386,344.981,
551682.842,,342.300,345.850,
551782.840,,341.590,345.591,
551882.839,,342.624,345.436,
551982.832,,341.976,344.512,
552082.826,,342.233,342.469,
552182.821,,343.043,341.575,
552282.817,,343.460,342.037,
552382.816,,343.376,341.688,
552482.815,,343.250,341.624,
552582.811,,343.590,342.100,
552682.802,,343.680,341.939,
552782.802,,344.342,353.491,
552882.800,,344.485,357.334,
552982.790,,343.488,353.226,
553082.786,,343.047,348.871,
553182.783,,342.324,349.896,
553282.784,,341.725,351.239,
553382.778,,342.010,350.536,
553482.772,,342.153,349.054,
553582.767,,342.153,346.394,
553682.761,,342.889,344.244,
553782.758,,343.412,344.550,
553882.756,,343.291,342.409,
553982.755,,343.255,341.681,
554082.751,,342.508,341.407,
554182.744,,342.456,341.106,
554282.741,,343.707,340.160,
554382.739,,343.656,343.161,
554482.732,,343.710,343.835,
554582.731,,343.807,344.355,
554682.725,,344.159,342.906,
554782.722,,344.641,344.140,
554882.714,,343.655,347.069,
554982.716,,342.684,349.206,
555082.706,,342.886,348.547,
555182.703,,343.380,347.803,
555282.704,,343.212,347.013,
555382.693,,343.746,348.465,
555482.692,,343.291,353.817,
555582.691,,341.697,346.300,
555682.688,,341.806,341.261,
555782.680,,341.696,339.181,
555882.674,,342.540,365.690,
555982.674,,342.267,382.975,
556082.671,,341.802,378.286,
556182.662,,341.644,374.161,
556282.661,,340.731,370.859,
556382.658,,343.183,366.567,
556482.652,,343.096,361.616,
556582.646,,342.191,356.355,
556682.645,,342.464,363.450,
556782.641,,342.570,368.673,
556882.637,,341.568,370.099,
556982.636,,342.550,366.416,
557082.626,,341.453,366.894,
557182.625,,345.845,371.272,
557282.617,,342.194,367.070,
557382.618,,344.311,365.471,
557482.614,,344.604,356.215,
557582.608,,346.819,350.754,
557682.605,,346.607,348.509,
557782.597,,343.339,345.392,
557882.598,,342.757,343.156,
557982.594,,342.738,342.917,
558082.591,,343.660,345.105,
558182.585,,343.324,345.851,
558282.583,,342.749,345.927,
558382.574,,342.668,347.160,
558482.573,,342.285,348.232,
558582.572,,343.884,350.920,
558682.567,,343.730,349.577,
558782.558,,344.026,351.986,
558882.556,,343.714,354.173,
558982.553,,342.993,353.858,
559082.551,,346.363,352.034,
559182.547,,343.075,348.905,
559282.544,,343.015,349.410,
559382.533,,344.467,342.152,
559482.535,,343.326,342.910,
559582.526,,344.905,340.579,
559682.527,,342.965,342.047,
559782.520,,343.849,339.750,
559882.515,,341.392,340.260,
559982.511,,341.431,341.311,
560082.509,,340.936,342.009,
560182.508,,341.448,340.529,
560282.502,,341.447,342.748,
560382.499,,342.085,346.152,
560482.502,,342.317,344.112,
560582.497,,345.434,340.620,
560682.494,,344.948,340.297,
560782.493,,343.791,342.779,
560882.490,,344.753,346.862,
560982.484,,344.684,356.043,
561082.481,,344.598,352.834,
561182.482,,342.813,348.584,
561282.479,,342.308,344.465,
561382.476,,341.418,342.134,
561482.470,,339.614,345.426,
561582.471,,340.134,345.460,
561682.469,,341.580,345.339,
561782.463,,341.832,348.497,
561882.456,,342.032,349.977,
561982.459,,342.063,347.450,
562082.457,,342.412,345.880,
562182.451,,342.262,345.178,
562282.449,,342.568,344.118,
562382.448,,342.733,339.880,
562482.446,,342.014,341.222,
562582.442,,343.104,342.750,
562682.434,,344.483,348.780,
562782.434,,343.191,349.418,
562882.434,,342.877,361.669,
562982.426,,342.089,360.236,
563082.423,,341.767,355.380,
563182.422,,342.044,357.898,
563282.419,,341.888,357.438,
563382.416,,343.478,359.039,
563482.411,,341.608,352.493,
563582.413,,342.829,346.816,
563682.407,,343.165,343.523,
563782.407,,342.698,341.904,
563882.400,,342.981,345.964,
563982.401,,343.167,356.308,
564082.394,,344.332,352.471,
564182.397,,343.932,347.344,
564282.394,,343.234,350.387,
564382.385,,343.419,351.680,
564482.385,,343.502,351.996,
564582.383,,342.825,350.790,
564682.382,,341.202,349.656,
564782.375,,341.669,349.571,
564882.371,,341.559,348.243,
564982.368,,340.933,349.431,
565082.371,,340.922,353.279,
565182.363,,342.441,349.802,
565282.364,,342.271,344.180,
565382.360,,342.973,341.367,
565482.357,,342.842,341.941,
565582.352,,343.134,344.755,
565682.349,,343.589,345.663,
565782.347,,343.727,347.926,
565882.348,,347.442,349.726,
565982.341,,347.028,352.514,
566082.342,,344.269,351.552,
566182.334,,343.005,349.718,
566282.335,,341.363,348.128,
566382.330,,340.727,351.576,
566482.328,,340.659,352.257,
566582.325,,340.345,350.505,
566682.325,,340.257,349.546,
566782.322,,341.092,347.019,
566882.318,,341.945,347.330,
566982.313,,341.424,347.229,
567082.313,,342.058,347.740,
567182.310,,342.885,346.507,
567282.306,,342.500,351.042,
567382.303,,342.802,348.241,
567482.297,,342.162,348.187,
567582.299,,343.089,348.488,
567682.293,,342.450,354.131,
567782.288,,343.005,356.123,
567882.286,,343.337,352.537,
567982.288,,342.794,349.392,
568082.281,,342.260,353.528,
568182.281,,342.190,350.070,
568282.277,,343.197,345.569,
568382.277,,342.323,343.763,
568482.269,,342.307,344.804,
568582.267,,341.746,347.039,
568682.270,,342.270,348.518,
568782.266,,341.953,350.401,
568882.264,,343.178,347.160,
568982.260,,343.407,345.887,
569082.254,,343.399,347.312,
569182.253,,342.817,346.416,
569282.252,,342.447,343.654,
569382.246,,341.973,340.626,
569482.246,,342.459,341.647,
569582.242,,343.990,341.009,
569682.242,,344.770,350.015,
569782.238,,343.773,346.540,
569882.233,,345.118,347.969,
569982.233,,345.347,350.523,
570082.226,,344.445,346.238,
570182.226,,342.941,343.303,
570282.223,,343.170,347.045,
570382.220,,344.123,351.343,
570482.217,,345.018,354.768,
570582.214,,345.400,357.748,
570682.216,,343.994,353.039,
570782.209,,343.899,349.642,
570882.205,,343.088,347.078,
570982.203,,343.232,349.439,
571082.204,,341.870,348.853,
571182.197,,343.234,350.615,
571282.197,,343.003,351.431,
571382.194,,343.768,349.529,
571482.193,,343.158,362.577,
571582.185,,342.808,361.941,
571682.185,,342.416,362.745,
571782.183,,341.875,355.251,
571882.180,,340.698,348.487,
571982.176,,341.428,346.841,
572082.178,,342.163,343.299,
572182.170,,342.159,340.232,
572282.170,,342.286,340.596,
572382.169,,343.087,338.219,
572482.166,,341.847,336.569,
572582.165,,340.462,338.538,
572682.161,,342.635,340.435,
572782.160,,342.974,339.365,
572882.153,,342.084,343.093,
572982.153,,341.281,347.552,
573082.150,,341.526,346.068,
573182.145,,342.709,346.847,
573282.145,,341.990,348.528,
573382.139,,341.571,349.380,
573482.140,,341.908,346.117,
573582.136,,341.645,344.520,
573682.130,,341.472,344.995,
573782.127,,341.318,343.295,
573882.129,,341.604,342.998,
573982.123,,340.560,342.238,
574082.120,,344.233,342.089,
574182.116,,344.510,341.233,
574282.118,,345.139,346.740,
574382.115,,346.713,348.075,
574482.109,,343.676,352.737,
574582.111,,342.318,353.856,
574682.104,,341.646,350.307,
574782.100,,341.398,350.369,
574882.097,,341.451,350.276,
574982.095,,341.061,348.191,
575082.092,,341.603,346.427,
575182.095,,341.701,344.456,
575282.088,,341.888,346.088,
575382.087,,342.552,346.300,
575482.085,,341.540,345.744,
575582.083,,341.378,343.220,
575682.075,,341.768,340.175,
575782.078,,342.147,340.248,
575882.070,,342.151,341.716,
575982.072,,342.263,343.173,
576082.064,,341.332,342.222,
576182.063,,341.467,342.550,
576282.060,,341.842,342.051,
576382.058,,342.081,342.770,
576482.049,,342.516,341.892,
576582.046,,342.854,346.901,
576682.046,,342.205,349.818,
576782.042,,342.180,350.127,
576882.036,,342.281,353.501,
576982.030,,342.629,356.827,
577082.030,,343.231,363.310,
577182.023,,343.632,355.776,
577282.019,,343.265,349.950,
577382.019,,343.493,345.710,
577482.014,,342.946,344.059,
577582.012,,342.462,344.890,
577682.009,,342.805,343.979,
577782.005,,341.801,340.737,
577882.002,,341.283,340.143,
577981.995,,342.286,339.991,
578081.993,,343.286,340.153,
578181.987,,342.939,339.569,
578281.983,,342.869,339.324,
578381.980,,342.970,344.307,
578481.981,,343.506,345.692,
578581.972,,344.619,343.810,
578681.972,,344.324,343.792,
578781.969,,342.404,344.632,
578881.965,,343.573,343.993,
578981.957,,344.249,344.938,
579081.953,,344.360,346.453,
579181.951,,346.348,345.605,
579281.946,,346.511,347.696,
579381.943,,345.885,349.527,
579481.939,,344.677,358.260,
579581.941,,343.044,357.125,
579681.936,,342.396,353.458,
579781.930,,342.396,349.805,
579881.929,,342.333,353.863,
579981.923,,342.041,361.908,
580081.923,,342.140,356.851,
580181.916,,342.794,352.838,
580281.914,,342.557,353.440,
580381.907,,342.845,353.606,
580481.903,,342.824,351.721,
580581.901,,343.403,350.496,
580681.898,,341.334,362.932,
580781.893,,342.990,365.062,
580881.888,,342.869,359.360,
580981.888,,343.480,358.458,
581081.886,,345.093,355.849,
581181.882,,345.355,354.819,
581281.879,,344.207,356.123,
581381.872,,343.330,352.856,
581481.865,,343.657,350.505,
581581.865,,343.912,351.282,
581681.860,,342.296,345.819,
581781.859,,342.761,342.089,
581881.854,,342.092,341.055,
581981.851,,342.276,341.091,
582081.844,,342.811,342.522,
582181.841,,342.288,344.112,
582281.843,,341.704,342.830,
582381.835,,341.552,339.413,
582481.834,,340.960,338.736,
582581.828,,341.250,338.714,
582681.823,,341.575,343.753,
582781.824,,342.233,347.449,
582881.821,,341.982,346.664,
582981.815,,341.648,346.183,
583081.810,,341.852,347.474,
583181.806,,342.059,350.003,
583281.801,,342.293,350.608,
583381.796,,341.916,353.593,
583481.799,,342.167,353.489,
583581.789,,342.222,349.399,
583681.791,,341.483,344.855,
583781.783,,341.878,342.917,
583881.779,,342.384,343.172,
583981.779,,341.385,346.268,
584081.774,,341.384,344.455,
584181.772,,341.190,342.686,
584281.768,,341.519,341.404,
584381.763,,341.163,341.687,
584481.763,,341.358,341.723,
584581.757,,341.041,339.629,
584681.754,,340.750,338.762,
584781.756,,340.688,339.828,
584881.747,,340.827,340.519,
584981.744,,340.383,339.314,
585081.745,,341.220,341.549,
585181.740,,342.297,342.966,
585281.739,,342.045,341.948,
585381.736,,342.079,342.577,
585481.732,,342.092,347.999,
585581.729,,341.081,347.052,
585681.721,,341.066,345.137,
585781.721,,341.286,343.930,
585881.718,,341.332,341.326,
585981.713,,341.283,338.731,
586081.708,,341.179,338.993,
586181.707,,342.109,339.010,
586281.708,,341.801,343.110,
586381.701,,340.484,345.025,
586481.698,,340.816,345.525,
586581.694,,341.314,352.991,
586681.690,,341.230,362.096,
586781.691,,340.222,358.291,
586881.688,,339.934,353.632,
586981.681,,341.828,353.685,
587081.681,,341.860,362.734,
587181.675,,340.707,355.682,
587281.673,,340.394,352.180,
587381.668,,340.646,348.929,
587481.666,,340.631,345.692,
587581.662,,340.503,344.019,
587681.661,,340.793,348.550,
587781.659,,340.818,354.277,
587881.655,,340.611,358.767,
587981.653,,340.306,352.449,
588081.646,,342.343,347.608,
588181.648,,343.364,344.162,
588281.640,,342.957,341.295,
588381.638,,342.531,341.323,
588481.636,,342.446,341.196,
588581.635,,342.348,340.994,
588681.631,,341.546,341.804,
588781.625,,341.067,344.726,
588881.621,,342.767,347.596,
588981.619,,342.299,343.888,
589081.615,,341.829,343.006,
589181.615,,341.854,343.154,
589281.612,,342.141,340.074,
589381.608,,341.482,343.831,
589481.607,,342.034,342.278,
589581.599,,342.507,346.153,
589681.601,,341.665,355.878,
589781.592,,340.991,356.072,
589881.588,,342.686,354.576,
589981.589,,342.320,350.293,
590081.583,,342.273,356.373,
590181.583,,342.297,359.591,
590281.575,,343.244,358.053,
590381.573,,343.125,356.500,
590481.575,,343.257,350.614,
590581.572,,342.087,346.202,
590681.564,,341.401,344.136,
590781.562,,341.585,341.938,
590881.558,,342.297,340.971,
590981.555,,342.222,340.867,
591081.552,,342.305,342.713,
591181.549,,342.136,343.866,
591281.547,,342.139,345.038,
591381.545,,342.116,346.548,
591481.543,,342.360,354.641,
591581.536,,340.567,352.027,
591681.533,,340.938,351.137,
591781.529,,340.366,349.077,
591881.530,,341.065,347.780,
591981.528,,341.204,348.718,
592081.521,,341.929,348.445,
592181.518,,342.225,344.703,
592281.516,,343.250,343.919,
592381.516,,342.877,345.005,
592481.517,,342.682,351.937,
592581.515,,343.084,354.566,
592681.513,,342.833,358.685,
592781.509,,341.986,357.166,
592881.503,,340.994,355.104,
592981.502,,341.728,350.311,
593081.505,,340.712,347.014,
593181.497,,341.281,350.094,
593281.498,,342.171,348.476,
593381.498,,341.406,346.793,
593481.493,,341.190,347.159,
593581.492,,341.887,345.999,
593681.488,,342.162,345.868,
593781.489,,342.292,347.038,
593881.485,,342.596,348.817,
593981.482,,343.112,350.261,
594081.481,,343.940,347.936,
594181.478,,343.956,343.936,
594281.478,,342.970,348.104,
594381.475,,345.607,346.985,
594481.473,,344.739,344.955,
594581.470,,343.277,341.085,
594681.471,,343.042,339.264,
594781.464,,342.889,339.046,
594881.467,,343.122,337.222,
594981.462,,342.723,336.642,
595081.461,,342.095,334.359,
595181.461,,342.096,336.267,
595281.454,,342.274,339.227,
595381.456,,342.217,339.508,
595481.452,,343.329,345.788,
595581.453,,342.837,345.682,
595681.449,,342.814,343.728,
595781.444,,343.156,344.574,
595881.444,,342.985,349.132,
595981.444,,342.117,351.218,
596081.442,,343.445,349.460,
596181.437,,342.991,346.953,
596281.438,,342.843,345.036,
596381.435,,343.057,345.450,
596481.432,,343.803,346.163,
596581.428,,344.602,346.847,
596681.425,,344.977,344.878,
596781.427,,345.482,347.557,
596881.422,,344.571,345.046,
596981.423,,345.758,368.554,
597081.416,,344.745,369.579,
597181.417,,344.891,370.639,
597281.415,,344.876,372.462,
597381.412,,344.715,366.058,
597481.414,,345.110,359.056,
597581.410,,344.882,356.831,
597681.404,,345.017,352.777,
597781.402,,345.478,346.734,
597881.402,,344.165,342.352,
597981.398,,342.429,342.005,
598081.397,,342.781,345.283,
598181.393,,343.609,353.993,
598281.391,,343.639,351.124,
598381.390,,343.597,347.229,
598481.386,,345.046,346.801,
598581.390,,344.687,346.412,
598681.388,,343.600,345.665,
598781.381,,342.561,344.824,
598881.381,,341.856,343.685,
598981.380,,341.856,344.861,
599081.378,,341.387,344.611,
599181.374,,340.441,344.165,
599281.375,,340.486,341.089,
599381.368,,340.387,339.805,
599481.369,,340.545,347.343,
599581.369,,341.632,351.245,
599681.363,,341.479,350.803,
599781.363,,341.292,347.270,
599881.361,,340.912,345.153,
599981.356,,340.437,343.636,
600081.354,,340.296,341.641,
600181.352,,340.608,341.818,
600281.346,,341.325,347.243,
600381.341,,342.372,350.973,
600481.335,,341.563,348.437,
600581.337,,342.001,350.162,
600681.334,,343.707,355.228,
600781.325,,343.486,355.943,
600881.321,,344.007,354.264,
600981.319,,344.190,359.026,
601081.313,,344.144,362.820,
601181.313,,342.919,359.244,
601281.309,,341.875,353.198,
601381.304,,341.067,352.418,
601481.301,,342.414,352.684,
601581.297,,343.273,355.114,
601681.294,,342.436,353.133,
601781.288,,342.114,350.630,
601881.288,,343.183,351.241,
601981.284,,342.942,351.509,
602081.283,,342.628,356.733,
602181.280,,340.846,353.136,
602281.274,,341.078,350.359,
602381.266,,342.238,348.486,
602481.265,,344.140,348.242,
602581.264,,344.463,349.516,
602681.260,,344.409,346.487,
602781.251,,344.048,343.407,
602881.252,,344.070,342.999,
602981.246,,343.722,347.404,
603081.245,,342.919,344.321,
603181.237,,342.107,346.448,
603281.232,,342.689,352.971,
603381.232,,342.578,350.643,
603481.227,,343.300,353.526,
603581.222,,343.067,356.812,
603681.222,,343.479,354.605,
603781.217,,342.411,351.642,
603881.210,,341.975,347.356,
603981.208,,341.792,346.975,
604081.210,,341.666,348.341,
604181.201,,341.407,350.961,
604281.202,,341.540,351.132,
604381.193,,341.438,350.065,
604481.188,,341.129,345.752,
604581.191,,341.401,343.044,
604681.185,,341.765,341.861,
604781.179,,342.711,345.501,
604881.175,,342.640,348.538,
604981.171,,342.969,345.049,
605081.169,,344.357,345.116,
605181.167,,344.392,342.849,
605281.162,,343.317,346.246,
605381.160,,343.275,344.760,
605481.157,,343.574,343.315,
605581.155,,343.115,340.162,
605681.148,,342.740,341.342,
605781.142,,342.530,342.524,
605881.140,,342.870,346.511,
605981.136,,342.622,345.098,
606081.131,,342.399,349.909,
606181.128,,342.564,348.465,
606281.124,,342.927,349.145,
606381.122,,343.027,347.666,
606481.117,,344.547,350.305,
606581.115,,343.461,350.921,
606681.112,,345.008,351.147,
606781.106,,345.560,350.489,
606881.107,,346.838,348.219,
606981.100,,346.825,345.719,
607081.097,,346.478,347.828,
607181.090,,346.509,346.587,
607281.089,,345.329,361.506,
607381.088,,345.430,361.968,
607481.079,,345.361,371.053,
607581.080,,344.075,374.407,
607681.071,,344.163,380.913,
607781.073,,343.232,374.150,
607881.068,,343.728,366.463,
607981.066,,343.574,365.143,
608081.062,,342.566,357.927,
608181.059,,342.981,357.096,
608281.060,,342.312,358.232,
608381.060,,342.196,356.266,
608481.056,,343.113,353.687,
608581.052,,342.682,348.939,
608681.055,,341.684,346.126,
608781.049,,342.203,342.909,
608881.047,,341.700,339.349,
608981.048,,341.632,338.563,
609081.043,,341.367,341.207,
609181.046,,341.052,339.483,
609281.039,,342.228,338.297,
609381.040,,341.690,336.403,
609481.036,,342.460,337.298,
609581.037,,342.952,341.524,
609681.034,,345.071,343.234,
609781.030,,344.878,345.081,
609881.034,,341.779,346.033,
609981.027,,342.415,348.288,
610081.029,,343.668,347.418,
610181.029,,343.022,346.259,
610281.027,,345.873,343.159,
610381.026,,343.660,342.270,
610481.020,,341.827,343.514,
610581.019,,341.347,346.563,
610681.018,,340.987,346.562,
610781.018,,341.272,355.153,
610881.011,,341.017,362.710,
610981.011,,340.671,368.444,
611081.013,,340.781,368.324,
611181.010,,340.799,368.701,
611281.006,,341.027,369.585,
611381.006,,341.110,369.504,
611481.000,,341.204,365.338,
611581.005,,341.447,364.334,
611681.001,,341.379,362.400,
611780.997,,341.430,357.559,
611880.998,,341.364,351.838,
611980.998,,341.767,348.275,
612080.993,,341.590,345.443,
612180.991,,341.596,344.083,
612280.992,,342.123,342.078,
612380.987,,342.562,341.698,
612480.984,,342.348,342.457,
612580.985,,342.322,343.007,
612680.980,,342.604,343.496,
612780.980,,341.732,342.311,
612880.981,,341.334,340.539,
612980.979,,341.530,341.083,
613080.974,,342.219,342.205,
613180.971,,341.525,341.509,
613280.973,,342.129,339.987,
613380.972,,342.528,353.290,
613480.967,,342.038,353.088,
613580.966,,342.379,355.804,
613680.964,,342.469,374.798,
613780.960,,343.245,367.450,
613880.961,,342.551,358.083,
613980.961,,342.872,352.414,
614080.960,,343.361,349.673,
614180.954,,342.700,348.355,
614280.951,,342.484,347.804,
614380.953,,342.950,349.225,
614480.949,,342.403,350.684,
614580.950,,342.802,357.665,
614680.948,,343.337,370.723,
614780.944,,342.867,368.999,
614880.943,,342.385,364.784,
614980.945,,342.589,376.254,
615080.938,,342.394,370.376,
615180.941,,342.961,361.954,
615280.935,,343.389,359.409,
615380.934,,343.697,362.427,
615480.934,,343.091,357.223,
615580.930,,342.994,356.864,
615680.927,,342.187,375.923,
615780.927,,342.063,381.541,
615880.928,,343.149,387.129,
615980.921,,343.618,380.045,
616080.919,,344.545,373.556,
616180.910,,345.079,365.633,
616280.910,,344.842,359.717,
616380.906,,343.698,362.676,
616480.899,,343.672,358.947,
616580.894,,343.531,359.971,
616680.893,,343.916,356.406,
616780.888,,344.127,352.711,
616880.880,,343.960,349.498,
616980.879,,344.813,348.435,
617080.873,,343.087,345.069,
617180.867,,343.299,346.165,
617280.866,,343.444,349.596,
617380.861,,343.155,351.379,
617480.856,,343.219,353.784,
617580.847,,342.991,361.681,
617680.847,,341.796,354.280,
617780.838,,341.604,348.461,
617880.835,,342.341,346.136,
617980.834,,343.112,347.733,
618080.830,,343.340,349.299,
618180.823,,343.017,350.339,
618280.818,,342.697,352.317,
618380.813,,342.330,346.861,
618480.806,,342.693,342.387,
618580.801,,343.590,345.475,
618680.797,,344.889,343.407,
618780.792,,343.927,344.460,
618880.788,,344.812,341.647,
618980.787,,344.138,339.924,
619080.780,,343.934,343.013,
619180.777,,344.365,346.096,
619280.772,,344.469,346.058,
619380.769,,344.515,345.382,
619480.760,,343.910,346.732,
619580.757,,343.745,347.880,
619680.751,,343.992,345.550,
619780.750,,343.903,347.296,
619880.744,,344.570,348.156,
619980.743,,344.104,345.803,
620080.737,,343.524,353.037,
620180.732,,343.438,349.765,
620280.729,,343.783,347.636,
620380.722,,343.473,344.237,
620480.716,,343.690,348.676,
620580.710,,343.564,350.743,
620680.710,,343.199,352.853,
620780.705,,342.761,352.914,
620880.702,,343.107,349.849,
620980.693,,343.265,348.963,
621080.690,,343.329,349.031,
621180.684,,343.635,346.681,
621280.679,,343.585,348.311,
621380.678,,343.067,347.217,
621480.675,,343.440,343.571,
621580.667,,343.784,340.478,
621680.663,,343.820,338.158,
621780.656,,344.334,340.368,
621880.654,,344.393,342.618,
621980.653,,344.986,344.268,
622080.646,,344.700,345.543,
622180.643,,343.943,346.704,
622280.633,,343.067,345.723,
622380.632,,343.161,347.245,
622480.628,,343.310,351.606,
622580.620,,343.707,352.768,
622680.619,,342.961,353.619,
622780.616,,342.967,353.823,
622880.608,,344.097,355.511,
622980.602,,343.991,351.361,
623080.596,,343.489,349.315,
623180.596,,343.904,348.408,
623280.594,,343.606,349.018,
623380.588,,343.550,353.896,
623480.579,,343.870,355.062,
623580.578,,343.494,354.478,
623680.569,,343.851,352.724,
623780.569,,343.783,350.615,
623880.559,,343.384,353.400,
623980.560,,343.121,351.242,
624080.558,,343.989,348.305,
624180.555,,342.719,349.641,
624280.554,,343.011,348.166,
624380.553,,343.488,347.897,
624480.555,,343.468,348.199,
624580.553,,343.785,346.899,
624680.550,,342.456,344.791,
624780.550,,342.769,347.226,
624880.548,,345.016,355.878,
624980.543,,344.732,375.000,
625080.543,,345.597,368.691,
625180.544,,344.252,364.569,
625280.536,,344.578,363.069,
625380.540,,344.680,367.757,
625480.536,,343.941,362.540,
625580.535,,343.495,354.802,
625680.533,,342.981,348.898,
625780.528,,343.846,345.652,
625880.527,,344.402,342.777,
625980.524,,344.700,341.475,
626080.524,,343.863,342.964,
626180.527,,343.314,341.825,
626280.524,,343.363,340.394,
626380.521,,342.712,341.369,
626480.518,,343.854,344.749,
626580.517,,344.080,347.795,
626680.516,,343.682,344.298,
626780.513,,343.224,346.771,
626880.515,,343.146,347.805,
626980.513,,343.117,348.837,
627080.510,,342.998,346.158,
627180.506,,343.486,349.652,
627280.503,,343.490,349.805,
627380.500,,342.935,349.885,
627480.503,,343.290,347.615,
627580.498,,342.497,344.765,
627680.497,,343.414,358.908,
627780.499,,344.244,356.218,
627880.496,,343.262,351.705,
627980.496,,343.315,353.910,
628080.490,,343.664,355.017,
628180.487,,344.333,351.465,
628280.492,,342.443,347.522,
628380.486,,343.101,346.120,
628480.488,,343.234,343.422,
628580.481,,341.926,340.089,
628680.480,,341.508,341.116,
628780.479,,341.290,342.434,
628880.480,,341.395,344.615,
628980.477,,341.295,344.511,
629080.473,,341.405,343.807,
629180.472,,341.800,345.118,
629280.471,,341.655,351.371,
629380.468,,342.746,348.591,
629480.467,,342.346,343.824,
629580.467,,341.617,342.042,
629680.468,,341.597,341.254,
629780.464,,341.817,340.648,
629880.464,,343.183,341.601,
629980.458,,343.539,341.603,
630080.458,,342.707,344.623,
630180.454,,342.515,345.299,
630280.458,,341.622,344.052,
630380.454,,341.578,342.993,
630480.453,,342.540,342.555,
630580.447,,342.956,340.010,
630680.451,,341.571,340.225,
630780.450,,341.318,341.212,
630880.443,,340.526,338.735,
630980.446,,339.474,340.262,
631080.439,,341.105,337.973,
631180.441,,340.634,338.178,
631280.437,,340.520,342.117,
631380.434,,339.619,347.099,
631480.433,,340.184,349.005,
631580.431,,340.290,347.716,
631680.430,,341.012,347.361,
631780.428,,340.008,354.330,
631880.425,,340.367,365.190,
631980.425,,340.261,360.819,
632080.418,,340.157,356.348,
632180.414,,340.979,376.530,
632280.415,,339.496,372.355,
632380.409,,339.757,361.588,
632480.405,,341.032,360.414,
632580.402,,340.814,370.503,
632680.393,,340.409,366.476,
632780.393,,340.094,358.168,
632880.388,,340.056,350.959,
632980.387,,341.820,360.471,
633080.378,,340.864,361.275,
633180.373,,340.607,354.731,
633280.373,,339.336,358.172,
633380.369,,339.705,350.931,
633480.365,,341.033,348.721,
633580.360,,340.670,350.678,
633680.355,,340.624,346.301,
633780.350,,339.774,348.036,
633880.347,,339.702,342.463,
633980.340,,339.946,340.081,
634080.341,,339.680,338.962,
634180.335,,339.810,347.268,
634280.330,,339.392,353.394,
634380.325,,340.787,349.672,
634480.321,,339.404,344.629,
634580.315,,340.609,341.571,
634680.317,,340.804,341.934,
634780.307,,341.994,344.895,
634880.304,,342.372,346.719,
634980.301,,341.926,346.401,
635080.300,,342.231,348.343,
635180.294,,341.432,348.078,
635280.288,,341.968,348.402,
635380.286,,342.669,351.685,
635480.283,,341.926,349.430,
635580.275,,342.153,346.017,
635680.275,,341.151,344.483,
635780.267,,340.824,343.562,
635880.264,,340.943,365.350,
635980.258,,340.888,359.547,
636080.259,,341.152,352.302,
636180.255,,341.249,349.750,
636280.247,,341.242,346.775,
636380.242,,339.802,345.453,
636480.242,,341.533,346.896,
636580.237,,342.427,346.059,
636680.233,,342.006,346.548,
636780.230,,342.271,344.685,
636880.223,,341.740,346.828,
636980.219,,342.268,353.007,
637080.220,,342.616,348.177,
637180.214,,342.060,344.607,
637280.207,,341.778,342.235,
637380.206,,341.848,340.927,
637480.197,,341.206,341.399,
637580.198,,341.218,340.271,
637680.194,,341.868,339.817,
637780.186,,341.916,337.787,
637880.184,,342.746,340.281,
637980.177,,342.196,341.944,
638080.177,,342.430,351.716,
638180.170,,342.016,357.643,
638280.164,,342.435,359.036,
638380.160,,341.709,354.191,
638480.160,,341.665,350.462,
638580.152,,345.439,351.268,
638680.150,,344.887,349.976,
638780.146,,342.765,354.205,
638880.144,,342.503,350.380,
638980.136,,342.610,345.251,
639080.135,,342.750,342.186,
639180.133,,343.858,343.405,
639280.129,,343.223,344.080,
639380.124,,343.487,356.838,
639480.121,,342.614,374.130,
639580.111,,343.223,366.703,
639680.111,,343.114,382.633,
639780.107,,343.830,378.077,
639880.101,,343.052,368.197,
639980.101,,342.746,360.315,
640080.099,,342.897,354.216,
640180.096,,343.718,352.811,
640280.095,,342.745,349.242,
640380.087,,342.427,345.653,
640480.085,,342.777,342.454,
640580.086,,341.730,342.550,
640680.082,,341.316,344.385,
640780.082,,340.667,344.882,
640880.080,,340.976,350.825,
640980.075,,340.460,353.609,
641080.072,,341.199,360.300,
641180.068,,342.768,356.912,
641280.068,,343.296,352.139,
641380.065,,341.920,347.258,
641480.061,,341.418,348.669,
641580.062,,342.333,347.194,
641680.058,,341.975,344.966,
641780.056,,341.706,343.033,
641880.054,,341.538,348.060,
641980.055,,342.021,345.115,
642080.050,,341.619,341.226,
642180.050,,340.716,343.662,
642280.047,,341.277,347.097,
642380.043,,341.022,348.146,
642480.039,,341.131,344.537,
642580.036,,340.796,342.631,
642680.034,,341.752,344.994,
642780.036,,342.187,346.543,
642880.033,,342.125,343.923,
642980.032,,342.091,340.548,
643080.026,,341.870,340.493,
643180.028,,341.748,339.119,
643280.023,,341.938,337.311,
643380.017,,341.854,338.403,
643480.016,,342.319,337.303,
643580.018,,341.632,336.607,
643680.010,,341.753,339.592,
643780.010,,341.944,343.503,
643880.008,,342.137,354.800,
643980.004,,341.542,355.394,
644080.003,,341.496,354.707,
644180.003,,342.294,353.465,
644279.998,,341.599,357.015,
644379.999,,341.240,367.244,
644479.993,,341.872,369.658,
644579.992,,341.671,365.570,
644679.986,,340.902,360.124,
644779.984,,340.848,356.619,
644879.982,,341.247,352.932,
644979.981,,340.559,358.324,
645079.983,Input1*2*0,341.436,355.272,
645179.979,Input1*2*1,342.052,359.795,
645279.976,,341.110,356.270,
645379.974,,341.475,352.056,
645479.971,,341.750,350.018,
645579.968,,342.378,346.134,
645679.966,,342.161,344.576,
645779.967,,341.380,342.888,
645879.963,,339.872,341.054,
645979.962,,340.776,343.252,
646079.957,,342.078,347.289,
646179.956,,342.241,345.864,
646279.953,,342.149,342.790,
646379.947,,342.057,353.860,
646479.948,,341.889,356.670,
646579.944,,342.124,353.170,
646679.944,,340.716,351.732,
646779.939,,341.675,351.368,
646879.936,,340.900,347.769,
646979.939,,341.690,345.923,
647079.935,,341.537,344.276,
647179.931,,341.438,343.055,
647279.928,,341.910,348.947,
647379.926,,340.966,349.842,
647479.925,,341.388,346.946,
647579.921,,341.302,345.337,
647679.921,,341.455,350.360,
647779.914,,341.147,356.172,
647879.912,,341.241,362.586,
647979.911,,341.180,357.558,
648079.910,,340.626,356.809,
648179.908,,341.015,351.111,
648279.898,,340.782,347.091,
648379.899,,341.152,343.810,
648479.892,,341.000,341.515,
648579.895,,342.443,349.953,
648679.890,,342.160,352.942,
648779.887,,344.399,349.079,
648879.881,,343.572,348.786,
648979.875,,344.988,355.597,
649079.873,,343.081,354.152,
649179.873,,342.984,348.790,
649279.868,,344.456,345.967,
649379.862,,344.129,347.131,
649479.864,,343.484,349.486,
649579.856,,343.909,356.806,
649679.857,,343.637,371.156,
649779.854,,343.517,365.090,
649879.849,,342.583,366.174,
649979.840,,343.359,358.400,
650079.836,,343.462,352.117,
650179.839,,343.599,349.725,
650279.831,,343.091,351.357,
650379.832,,343.262,373.302,
650479.829,,342.682,377.598,
650579.825,,343.052,368.161,
650679.819,,342.804,358.932,
650779.818,,342.948,352.046,
650879.810,,342.999,357.453,
650979.806,,343.745,407.289,
651079.808,,344.456,411.037,
651179.801,,342.838,392.198,
651279.797,,341.866,376.710,
651379.793,,340.203,364.235,
651479.793,,340.712,356.457,
651579.789,,341.628,353.487,
651679.786,,340.406,356.338,
651779.780,,342.488,358.138,
651879.779,,341.856,353.396,
651979.776,Input1*2*0,341.908,349.863,
652079.774,,341.122,346.008,
652179.769,,341.105,342.164,
652279.761,,340.903,344.200,
652379.761,,340.899,343.224,
652479.755,,341.235,340.716,
652579.751,Input1*2*1,340.952,340.555,
652679.753,,340.495,348.324,
652779.747,,340.665,347.398,
652879.743,,340.168,345.163,
652979.742,,340.627,350.634,
653079.738,,340.048,353.203,
653179.732,,340.698,351.006,
653279.729,,340.400,352.374,
653379.726,,340.213,351.823,
653479.722,,340.695,348.001,
653579.723,,341.049,344.316,
653679.713,,340.482,347.290,
653779.713,,339.372,349.235,
653879.712,,339.493,355.727,
653979.709,,339.246,356.680,
654079.706,,342.894,356.710,
654179.701,,338.845,355.070,
654279.696,,339.118,353.257,
654379.693,,340.187,352.383,
654479.689,,342.960,351.896,
654579.684,,340.893,356.441,
654679.685,,339.835,351.908,
654779.680,,340.477,349.551,
654879.673,,340.922,347.478,
654979.673,,340.341,345.150,
655079.665,,340.608,342.192,
655179.661,,341.025,340.319,
655279.664,,340.429,339.622,
655379.656,,340.501,344.841,
655479.651,,339.707,359.825,
655579.650,,339.926,358.736,
655679.651,,339.404,362.786,
655779.647,,339.693,355.872,
655879.643,,338.855,349.323,
655979.639,,339.311,344.143,
656079.637,,339.247,344.425,
656179.634,,338.813,342.231,
656279.631,,338.554,338.866,
656379.623,,338.821,337.200,
656479.622,,338.202,338.236,
656579.621,,337.957,337.880,
656679.616,,341.496,342.722,
656779.617,,342.114,344.027,
656879.608,,339.616,350.912,
656979.609,,340.178,348.842,
657079.606,,339.511,343.830,
657179.599,,339.106,339.861,
657279.600,,339.359,337.494,
657379.594,,339.873,335.393,
657479.595,,339.897,333.975,
657579.589,,339.269,336.336,
657679.587,,340.723,342.385,
657779.582,,342.411,342.074,
657879.580,,340.180,345.246,
657979.579,,338.346,346.303,
658079.574,,339.920,342.024,
658179.572,,339.715,338.640,
658279.572,,338.253,337.670,
658379.566,,342.268,334.937,
658479.559,,338.480,334.080,
658579.561,,339.606,335.237,
658679.553,,339.425,335.401,
658779.550,,339.782,338.886,
658879.549,,338.935,339.147,
658979.550,,339.387,344.120,
659079.543,,339.873,340.635,
659179.540,,339.957,336.531,
659279.536,,340.092,335.057,
659379.535,,343.209,336.090,
659479.531,,342.031,340.828,
659579.527,,341.785,348.445,
659679.526,,342.351,345.840,
659779.521,,343.047,343.621,
659879.519,,342.000,341.171,
659979.514,,341.558,340.998,
660079.517,,342.721,341.372,
660179.513,,341.798,347.717,
660279.508,,339.917,348.203,
660379.504,,339.085,345.668,
660479.504,,338.822,341.580,
660579.501,,337.501,340.589,
660679.495,,339.131,339.688,
660779.495,,340.159,337.768,
660879.487,,340.860,338.596,
660979.490,,341.389,337.352,
661079.485,,341.523,341.826,
661179.481,,341.579,340.444,
661279.476,,340.442,339.389,
661379.474,,340.508,338.070,
661479.474,,341.293,338.628,
661579.472,,340.343,342.995,
661679.464,,339.501,339.516,
661779.461,,339.477,337.524,
661879.462,,339.826,337.458,
661979.457,,339.436,343.811,
662079.456,,341.913,345.334,
662179.452,,340.213,345.174,
662279.451,,340.358,345.305,
662379.444,,340.008,346.604,
662479.443,,339.916,348.942,
662579.441,,339.700,349.919,
662679.433,,339.430,345.073,
662779.432,,340.207,341.723,
662879.432,,341.937,339.541,
662979.428,,342.278,342.956,
663079.424,,341.357,347.150,
663179.418,,340.589,348.524,
663279.420,,340.824,351.395,
663379.418,,340.576,350.709,
663479.412,,340.418,351.866,
663579.409,,341.216,349.925,
663679.404,,341.406,347.982,
663779.404,,340.508,349.286,
663879.402,,340.570,351.890,
663979.397,,338.732,346.929,
664079.395,,339.547,343.615,
664179.388,,340.202,344.087,
664279.383,,339.594,345.184,
664379.382,,339.926,348.098,
664479.378,,341.587,346.901,
664579.370,,340.736,345.924,
664679.371,,340.603,345.806,
664779.368,,339.971,347.960,
664879.363,,338.771,349.257,
664979.359,,338.903,350.118,
665079.355,,340.316,347.390,
665179.351,,340.380,344.069,
665279.345,,341.302,342.039,
665379.341,,340.761,340.937,
665479.338,,340.902,347.640,
665579.332,,341.156,348.666,
665679.333,,339.900,344.820,
665779.328,,339.690,342.968,
665879.326,,339.834,340.389,
665979.318,,340.032,345.304,
666079.315,,339.928,343.983,
666179.308,,340.282,341.507,
666279.310,,340.606,340.055,
666379.305,,340.051,349.447,
666479.304,,340.405,351.483,
666579.297,,339.818,347.990,
666679.291,,340.652,348.196,
666779.287,,342.036,346.190,
666879.287,,343.656,349.319,
666979.279,,343.413,347.298,
667079.275,,343.281,346.605,
667179.273,,345.166,348.521,
667279.266,,343.376,348.280,
667379.263,,342.471,351.008,
667479.262,,341.298,352.966,
667579.260,,342.590,348.457,
667679.251,,341.226,342.796,
667779.251,,340.946,341.355,
667879.245,,341.697,341.721,
667979.244,,342.661,341.296,
668079.238,,342.201,342.606,
668179.237,,341.654,342.416,
668279.232,,341.486,339.833,
668379.229,,340.578,342.265,
668479.224,,340.991,341.820,
668579.219,,340.326,340.545,
668679.216,,340.605,341.722,
668779.213,,340.833,345.106,
668879.204,,340.711,343.502,
668979.203,,340.995,341.351,
669079.197,,341.109,341.620,
669179.193,,341.229,346.811,
669279.191,,341.073,348.183,
669379.186,,340.840,350.216,
669479.184,,341.561,360.913,
669579.181,,341.428,359.533,
669679.174,,341.867,359.243,
669779.173,,341.508,355.877,
669879.173,,341.401,353.578,
669979.162,,341.328,353.894,
670079.162,,340.361,349.533,
670179.157,,340.268,347.833,
670279.151,,339.895,345.501,
670379.151,,339.800,344.520,
670479.148,,340.085,349.883,
670579.142,,341.012,348.051,
670679.136,,340.757,346.966,
670779.135,,340.864,346.090,
670879.131,,341.324,348.294,
670979.129,,342.710,347.209,
671079.126,,342.418,344.415,
671179.122,,341.767,340.764,
671279.117,,342.023,339.456,
671379.109,,342.405,340.515,
671479.107,,341.799,340.571,
671579.105,,341.750,340.337,
671679.100,,341.059,339.526,
671779.096,,341.875,346.206,
671879.089,,342.091,349.754,
671979.089,,341.218,350.917,
672079.089,,341.562,347.528,
672179.082,,341.662,344.844,
672279.082,,341.832,342.599,
672379.075,,341.566,341.106,
672479.072,,340.673,345.515,
672579.075,,341.758,345.527,
672679.071,,342.025,344.412,
672779.065,,340.730,343.142,
672879.062,,340.516,346.154,
672979.064,,342.408,344.371,
673079.056,,340.798,342.844,
673179.056,,341.867,345.168,
673279.052,,342.319,342.442,
673379.048,,343.661,344.714,
673479.044,,343.811,345.103,
673579.042,,343.917,343.351,
673679.042,,345.074,345.317,
673779.037,,343.079,344.072,
673879.033,,341.858,344.834,
673979.030,,342.182,350.922,
674079.029,,342.373,353.185,
674179.028,,342.688,356.966,
674279.022,,342.441,358.188,
674379.021,,342.595,357.067,
674479.015,,342.879,355.103,
674579.013,,343.902,354.357,
674679.015,,341.366,353.338,
674779.007,,341.352,352.022,
674879.004,,342.674,347.828,
674979.002,,343.100,345.923,
675079.003,,341.865,347.886,
675178.998,,341.585,345.987,
675278.998,,341.487,343.304,
675378.990,,342.120,342.036,
675478.989,,340.602,340.846,
675578.990,,340.192,339.386,
675678.986,,341.056,338.739,
675778.984,,342.143,341.335,
675878.977,,341.510,346.250,
675978.974,,341.961,346.210,
676078.971,,341.359,349.387,
676178.970,,341.694,352.295,
676278.964,,341.840,350.282,
676378.966,,341.794,347.817,
676478.959,,341.823,345.371,
676578.959,,342.468,346.667,
676678.954,,342.357,346.501,
676778.952,,342.473,347.495,
676878.952,,342.151,350.570,
676978.948,,342.202,349.663,
677078.945,,341.728,351.172,
677178.938,,340.558,350.297,
677278.936,,341.400,351.622,
677378.933,,340.490,349.813,
677478.935,,340.630,345.822,
677578.927,,340.925,347.670,
677678.927,,341.037,346.824,
677778.926,,340.864,342.773,
677878.924,,339.961,341.511,
677978.916,,339.318,341.470,
678078.913,,340.103,340.083,
678178.914,,341.309,338.715,
678278.906,,340.972,336.463,
678378.908,,341.245,337.096,
678478.903,,341.324,339.048,
678578.899,,341.022,342.858,
678678.900,,341.379,346.926,
678778.897,,340.626,355.663,
678878.893,,339.843,354.569,
678978.890,,339.043,351.575,
679078.884,,339.493,348.642,
679178.883,,338.950,349.682,
679278.877,,339.427,346.327,
679378.875,,339.764,343.603,
679478.878,,340.263,344.266,
679578.872,,341.035,345.963,
679678.872,,341.839,343.002,
679778.865,,342.370,341.663,
679878.862,,342.533,340.448,
679978.859,,341.571,337.378,
680078.859,,342.295,336.049,
680178.857,,342.015,337.132,
680278.855,,340.789,339.800,
680378.848,,340.520,340.824,
680478.848,,340.321,343.701,
680578.844,,340.432,352.607,
680678.845,,339.864,354.436,
680778.842,,340.312,358.239,
680878.837,,340.548,355.850,
680978.835,,340.957,354.664,
681078.831,,340.586,351.677,
681178.831,,341.383,349.917,
681278.830,,341.677,350.455,
681378.829,,340.783,354.020,
681478.826,,339.750,361.617,
681578.818,,340.370,357.124,
681678.822,,341.350,359.228,
681778.814,,341.421,357.550,
681878.814,,341.268,360.534,
681978.810,,341.192,358.649,
682078.806,,341.473,354.198,
682178.804,,341.454,356.630,
682278.807,,340.723,357.969,
682378.801,,341.452,352.934,
682478.797,,341.600,350.194,
682578.793,,341.313,348.495,
682678.790,,341.683,347.207,
682778.793,,341.656,351.793,
682878.786,,341.574,354.312,
682978.785,,341.759,351.550,
683078.781,,340.972,351.342,
683178.778,,341.215,349.667,
683278.781,,340.922,345.524,
683378.775,,340.330,343.221,
683478.775,,341.472,346.225,
683578.774,,341.342,349.915,
683678.769,,341.282,349.802,
683778.767,,340.704,347.869,
683878.767,,341.337,345.532,
683978.764,,341.139,344.250,
684078.760,,341.406,347.423,
684178.755,,341.512,345.377,
684278.756,,341.620,341.992,
684378.754,,341.836,344.009,
684478.752,,341.369,345.530,
684578.747,,341.167,345.419,
684678.744,,340.760,342.213,
684778.741,,340.933,341.633,
684878.740,,341.065,341.237,
684978.733,,341.676,341.678,
685078.735,,341.446,347.739,
685178.732,,340.875,345.627,
685278.731,,341.918,342.507,
685378.723,,342.718,339.625,
685478.721,,341.953,336.745,
685578.723,,341.933,336.868,
685678.719,,342.367,339.372,
685778.717,,341.915,343.228,
685878.713,,341.540,346.555,
685978.714,,341.431,349.924,
686078.709,,340.414,349.164,
686178.704,,341.251,347.670,
686278.705,,340.543,348.389,
686378.704,,340.899,353.691,
686478.699,,341.627,351.308,
686578.694,,340.069,349.244,
686678.691,,340.027,350.490,
686778.691,,341.298,351.686,
686878.690,,341.663,347.052,
686978.684,,341.294,346.352,
687078.685,,341.908,346.579,
687178.677,,341.850,343.699,
687278.678,,341.083,340.069,
687378.674,,340.696,338.596,
687478.676,,340.579,343.056,
687578.668,,341.053,347.158,
687678.665,,341.754,347.273,
687778.669,,341.020,345.772,
687878.662,,340.556,347.951,
687978.657,,341.798,348.584,
688078.655,,341.533,346.951,
688178.653,,341.771,344.741,
688278.644,,341.737,342.366,
688378.640,,341.948,353.453,
688478.640,,342.034,358.016,
688578.635,,342.042,360.050,
688678.632,,342.331,355.870,
688778.627,,341.747,351.905,
688878.625,,341.571,347.118,
688978.617,,342.105,350.189,
689078.618,,342.511,347.647,
689178.611,,343.075,345.985,
689278.609,,342.481,346.389,
689378.601,,342.552,350.514,
689478.598,,342.764,354.563,
689578.594,,342.308,356.216,
689678.590,,342.305,358.823,
689778.589,,342.492,357.087,
689878.584,,342.385,356.169,
689978.580,,341.832,352.356,
690078.572,,340.675,346.774,
690178.568,,340.296,343.487,
690278.565,,340.976,341.272,
690378.563,,341.024,352.944,
690478.558,,340.340,357.112,
690578.553,,340.311,349.864,
690678.546,,340.165,345.280,
690778.544,,339.869,342.896,
690878.541,,340.369,341.257,
690978.539,,340.637,341.492,
691078.535,,340.718,343.071,
691178.526,,340.773,344.745,
691278.522,,340.708,344.818,
691378.520,,340.588,346.930,
691478.519,,341.036,347.715,
691578.513,,340.585,350.738,
691678.511,,341.487,346.612,
691778.502,,342.535,344.088,
691878.503,,340.557,343.220,
691978.498,,341.128,343.271,
692078.493,,340.105,339.840,
692178.489,,340.152,339.582,
692278.481,,340.740,349.242,
692378.478,,340.920,346.416,
692478.476,,341.772,341.612,
692578.474,,342.129,339.959,
692678.464,,340.642,341.596,
692778.460,,341.378,342.164,
692878.460,,341.688,340.111,
692978.452,,341.768,340.670,
693078.451,,341.563,341.275,
693178.449,,341.736,342.717,
693278.440,,340.816,347.791,
693378.439,,340.660,343.824,
693478.431,,341.172,343.597,
693578.431,,341.363,344.879,
693678.423,,340.193,342.356,
693778.420,,340.602,350.261,
693878.420,,340.713,360.284,
693978.410,,340.288,355.375,
694078.412,,340.837,348.899,
694178.403,,341.337,348.773,
694278.401,,342.500,355.630,
694378.396,,343.156,353.332,
694478.391,,344.202,351.375,
694578.388,,346.410,355.667,
694678.383,,342.988,352.094,
694778.382,,342.656,346.975,
694878.377,,344.664,345.746,
694978.371,,342.751,349.836,
695078.366,,342.308,348.614,
695178.366,,342.782,346.921,
695278.360,,342.853,345.305,
695378.353,,342.973,342.268,
695478.353,,341.412,341.132,
695578.349,,342.553,346.492,
695678.342,,342.456,345.607,
695778.336,,342.882,341.846,
695878.339,,342.514,340.038,
695978.336,,342.361,339.531,
696078.332,,341.183,342.793,
696178.331,,340.757,343.981,
696278.326,,339.967,343.740,
696378.322,,342.334,350.427,
696478.318,,343.608,352.376,
696578.319,,345.408,356.867,
696678.314,,342.783,359.714,
696778.314,,341.746,357.028,
696878.314,,340.977,353.313,
696978.306,,340.783,351.609,
697078.307,,340.988,352.372,
697178.305,,341.413,352.946,
697278.300,,340.497,351.626,
697378.300,,340.563,346.022,
697478.298,,340.427,349.958,
697578.295,,340.583,355.087,
697678.293,,340.861,349.250,
697778.291,,341.383,347.300,
697878.286,,341.035,351.247,
697978.289,,340.953,350.195,
698078.281,,340.600,347.928,
698178.283,,341.625,348.181,
698278.280,,342.432,349.833,
698378.279,,341.367,351.615,
698478.275,,341.442,350.741,
698578.253,,340.935,349.123,
698678.269,,341.178,345.772,
698778.269,,341.398,343.048,
698878.265,,341.949,340.067,
698978.260,,342.454,338.864,
699078.261,,341.428,339.204,
699178.261,,342.037,338.884,
699278.260,,340.462,337.851,
699378.253,,342.070,338.040,
699478.249,,341.268,339.800,
699578.252,,340.985,344.286,
699678.247,,340.745,343.872,
699778.245,,341.170,344.735,
699878.244,,341.264,347.291,
699978.241,,341.400,343.868,
700078.240,,340.825,344.853,
700178.234,,341.136,345.443,
700278.234,,342.280,355.886,
700378.229,,343.945,351.565,
700478.226,,343.241,346.828,
700578.227,,342.562,345.754,
700678.226,,341.582,346.278,
700778.224,,341.141,354.292,
700878.218,,341.854,352.194,
700978.217,,341.553,352.362,
701078.212,,341.575,348.620,
701178.211,,341.454,344.530,
701278.211,,341.450,342.988,
701378.205,,340.934,344.210,
701478.208,,340.670,343.358,
701578.205,,340.175,346.439,
701678.204,,340.698,347.728,
701778.197,,342.195,344.820,
701878.194,,341.870,345.222,
701978.192,,341.359,346.089,
702078.191,,341.413,345.223,
702178.189,,342.085,341.241,
702278.190,,342.050,338.231,
702378.185,,341.395,349.882,
702478.179,,342.014,345.255,
702578.182,,341.663,339.735,
702678.177,,340.843,337.099,
702778.178,,341.251,335.859,
702878.170,,340.760,335.529,
702978.169,,340.542,337.329,
703078.168,,340.704,340.081,
703178.164,,340.635,345.893,
703278.163,,340.729,347.539,
703378.160,,340.482,348.342,
703478.162,,340.663,351.530,
703578.154,,341.672,350.909,
703678.156,,340.894,346.388,
703778.155,,340.541,344.379,
703878.147,,340.701,342.403,
703978.145,,341.850,342.142,
704078.148,,342.110,342.238,
704178.145,,342.311,350.957,
704278.139,,342.221,364.739,
704378.137,,341.834,359.991,
704478.137,,342.060,358.111,
704578.135,,343.224,355.166,
704678.132,,343.343,351.328,
704778.134,,344.233,350.038,
704878.130,,342.356,348.050,
704978.130,,343.399,350.505,
705078.127,,342.295,352.458,
705178.122,,341.313,346.448,
705278.124,,342.178,344.227,
705378.124,,342.812,344.156,
705478.116,,342.040,344.052,
705578.116,,342.127,340.833,
705678.116,,342.447,344.731,
705778.114,,341.438,347.065,
705878.114,,341.378,347.357,
705978.110,,341.987,346.840,
706078.105,,340.404,345.742,
706178.109,,338.381,343.185,
706278.105,,343.036,339.606,
706378.102,,340.764,343.459,
706478.103,,342.591,346.315,
706578.096,,344.062,347.689,
706678.093,,342.946,346.997,
706778.094,,345.030,347.443,
706878.094,,347.147,349.163,
706978.087,,343.566,344.382,
707078.085,,341.786,345.282,
707178.087,,340.904,343.294,
707278.086,,340.316,344.393,
707378.084,,340.056,342.225,
707478.080,,339.787,341.312,
707578.077,,340.121,340.990,
707678.076,,339.997,342.486,
707778.073,,340.550,340.390,
707878.070,,340.250,346.075,
707978.068,,340.059,349.203,
708078.069,,340.304,349.536,
708178.066,,340.945,349.542,
708278.065,,340.177,347.602,
708378.066,,340.382,345.836,
708478.060,,340.456,344.821,
708578.057,,340.464,344.687,
708678.057,,339.025,346.570,
708778.053,,340.458,343.055,
708878.056,,340.700,342.602,
708978.050,,340.962,342.835,
709078.051,,340.268,343.126,
709178.048,,340.634,340.671,
709278.048,,339.970,341.904,
709378.044,,340.416,338.729,
709478.043,,340.195,353.373,
709578.038,,339.462,365.278,
709678.039,,340.407,369.434,
709778.038,,340.478,363.129,
709878.037,,339.980,353.968,
709978.034,,340.479,347.967,
710078.028,,341.268,345.295,
710178.026,,340.622,347.200,
710278.028,,340.694,348.428,
710378.021,,340.945,350.516,
710478.026,,340.453,347.767,
710578.021,,339.528,345.484,
710678.019,,340.573,346.488,
710778.019,,340.505,354.786,
710878.015,,340.485,361.080,
710978.011,,340.659,358.484,
711078.008,,340.498,352.343,
711178.009,,339.232,350.396,
711278.006,,339.931,350.554,
711378.002,,339.952,348.374,
711478.002,,340.439,350.015,
711578.005,,339.713,345.911,
711677.999,,340.355,342.867,
711777.996,,339.615,344.910,
711877.996,,339.742,370.426,
711977.989,,339.906,367.813,
712077.986,,340.898,360.866,
712177.985,,339.348,359.180,
712277.981,,342.366,354.269,
712377.976,,341.870,351.794,
712477.969,,342.003,350.006,
712577.962,,342.003,348.770,
712677.960,,342.265,350.527,
712777.958,,341.251,350.108,
712877.952,,341.253,351.636,
712977.948,,341.460,354.086,
713077.945,,342.007,353.851,
713177.934,,341.826,355.564,
713277.933,,341.863,352.350,
713377.927,,342.394,348.184,
713477.926,,342.319,347.391,
713577.921,,343.193,347.376,
713677.916,,343.750,350.223,
713777.911,,343.061,348.530,
713877.905,,343.186,347.126,
713977.902,,343.071,353.841,
714077.900,,342.922,358.869,
714177.894,,342.332,356.800,
714277.891,,342.416,353.441,
714377.881,,342.367,351.489,
714477.877,,342.470,355.297,
714577.875,,341.826,352.946,
714677.871,,341.817,348.865,
714777.868,,342.619,349.491,
714877.864,,343.145,345.218,
714977.857,,342.376,342.475,
715077.851,,340.989,343.012,
715177.845,,342.456,347.487,
715277.846,,342.711,347.979,
715377.838,,340.967,347.076,
715477.835,,342.497,343.412,
715577.827,,342.390,342.401,
715677.823,,342.101,344.710,
715777.824,,342.550,347.159,
715877.815,,342.042,350.183,
715977.815,,342.654,353.432,
716077.806,,343.201,351.227,
716177.803,,343.054,347.162,
716277.799,,343.685,345.453,
716377.795,,344.821,343.928,
716477.787,,343.231,343.580,
716577.783,,343.529,344.694,
716677.779,,343.488,342.835,
716777.778,,344.241,342.644,
716877.773,,343.154,345.858,
716977.768,,344.087,344.970,
717077.762,,344.114,345.509,
717177.758,,342.342,346.513,
717277.753,,341.819,343.298,
717377.746,,341.145,347.444,
717477.742,,341.162,348.019,
717577.737,,341.747,345.528,
717677.735,,342.324,346.113,
717777.734,,342.165,351.673,
717877.725,,342.460,357.617,
717977.722,,342.478,356.235,
718077.721,,344.534,352.448,
718177.715,,344.439,349.682,
718277.712,,342.527,349.522,
718377.706,,343.670,350.142,
718477.697,,343.087,351.042,
718577.692,,344.939,350.182,
718677.689,,343.373,347.659,
718777.687,,341.913,342.872,
718877.681,,341.362,339.144,
718977.679,,341.071,337.046,
719077.674,,341.579,338.766,
719177.670,,341.718,355.080,
719277.666,,339.993,368.662,
719377.659,,341.003,374.112,
719477.658,,340.567,365.108,
719577.647,,340.130,355.197,
719677.647,,340.170,349.762,
719777.638,,340.206,345.325,
719877.635,,342.738,343.559,
719977.635,,344.145,348.483,
720077.628,,343.383,348.070,
720177.629,,342.524,349.637,
720277.628,,340.834,346.576,
720377.619,,340.814,346.791,
720477.621,,341.235,350.647,
720577.616,,341.752,354.489,
720677.615,,340.527,353.303,
720777.615,,341.120,349.030,
720877.606,,341.384,350.960,
720977.607,,340.830,350.416,
721077.602,,341.051,349.381,
721177.601,,340.796,345.837,
721277.596,,340.787,342.123,
721377.594,,341.535,339.635,
721477.590,,341.134,340.766,
721577.586,,341.219,341.140,
721677.584,,341.552,341.741,
721777.585,,342.138,344.116,
721877.576,,341.900,344.673,
721977.579,,341.419,344.826,
722077.573,,341.572,347.742,
722177.575,,341.101,349.425,
722277.566,,340.088,347.746,
722377.567,,339.791,349.121,
722477.562,,340.282,360.080,
722577.557,,339.471,359.197,
722677.558,,339.477,351.331,
722777.551,,339.885,348.075,
722877.548,,339.558,358.023,
722977.552,,339.676,353.489,
723077.547,,339.659,349.990,
723177.545,,339.410,345.977,
723277.537,,339.432,345.038,
723377.540,,340.075,349.382,
723477.537,,339.711,347.468,
723577.532,,339.831,343.727,
723677.525,,339.765,341.615,
723777.529,,339.864,342.593,
723877.521,,340.170,342.089,
723977.523,,342.109,340.001,
724077.515,,340.799,339.158,
724177.516,,341.929,336.321,
724277.509,,340.771,334.321,
724377.511,,341.637,337.309,
724477.506,,341.213,347.537,
724577.500,,341.208,355.144,
724677.499,,341.218,354.153,
724777.500,,340.955,355.715,
724877.498,,340.559,353.599,
724977.494,,341.668,348.490,
725077.487,,342.399,348.515,
725177.489,,342.199,351.992,
725277.482,,341.818,351.992,
725377.477,,341.465,356.491,
725477.475,,342.203,348.667,
725577.474,,340.985,343.849,
725677.475,,341.856,340.872,
725777.470,,341.308,341.449,
725877.465,,341.218,342.249,
725977.466,,340.632,345.850,
726077.463,,340.261,354.629,
726177.457,,339.975,356.832,
726277.456,,340.272,370.553,
726377.454,,339.772,363.398,
726477.450,,339.792,354.264,
726577.449,,340.266,348.542,
726677.445,,341.103,345.373,
726777.444,,341.046,343.485,
726877.436,,340.789,339.926,
726977.438,,342.007,338.493,
727077.435,,341.246,339.978,
727177.428,,341.157,352.850,
727277.426,,340.760,357.284,
727377.422,,340.958,357.097,
727477.418,,341.286,351.298,
727577.419,,340.612,350.947,
727677.419,,344.278,349.083,
727777.411,,345.648,343.406,
727877.411,,342.926,340.371,
727977.405,,341.691,337.678,
728077.404,,341.496,337.278,
728177.401,,341.149,339.272,
728277.400,,340.603,344.665,
728377.390,,339.842,345.343,
728477.387,,340.682,344.785,
728577.389,,341.105,347.584,
728677.385,,340.842,346.002,
728777.379,,340.306,343.134,
728877.375,,340.123,341.676,
728977.377,,340.631,344.230,
729077.371,,340.527,348.844,
729177.370,,341.811,350.513,
729277.361,,340.929,346.987,
729377.363,,341.584,342.953,
729477.356,,340.055,339.821,
729577.357,,340.317,339.399,
729677.351,,340.370,337.262,
729777.346,,340.991,336.710,
729877.347,,340.641,337.816,
729977.340,,340.898,339.714,
730077.340,,340.783,337.640,
730177.336,,341.562,337.517,
730277.332,,340.570,340.229,
730377.328,,340.495,340.308,
730477.327,,340.573,348.088,
730577.324,,340.253,350.268,
730677.316,,340.736,346.848,
730777.312,,340.630,348.639,
730877.312,,340.970,348.469,
730977.311,,341.101,343.959,
731077.309,,340.275,340.744,
731177.303,,340.396,342.680,
731277.302,,340.650,344.890,
731377.293,,340.749,342.806,
731477.295,,341.273,339.388,
731577.289,,340.683,337.406,
731677.288,,339.677,340.202,
731777.283,,339.119,340.444,
731877.277,,339.129,349.447,
731977.280,,338.358,378.719,
732077.276,,338.675,388.235,
732177.271,,338.311,384.685,
732277.269,,339.524,375.266,
732377.264,,339.489,366.988,
732477.260,,339.208,362.732,
732577.259,,339.343,361.424,
732677.255,,339.702,359.814,
732777.253,,340.164,362.121,
732877.249,,339.889,358.278,
732977.244,,339.952,353.095,
733077.242,,339.934,350.372,
733177.234,,339.257,345.887,
733277.233,,339.111,344.826,
733377.228,,340.219,349.341,
733477.227,,339.386,345.557,
733577.227,,339.559,342.378,
733677.225,,340.034,340.463,
733777.219,,340.274,339.944,
733877.218,,339.789,342.731,
733977.211,,339.423,341.911,
734077.210,,340.102,341.472,
734177.202,,340.536,340.742,
734277.204,,340.881,340.483,
734377.200,,339.394,344.486,
734477.193,,340.065,345.431,
734577.192,,340.533,341.685,
734677.187,,339.747,338.672,
734777.183,,339.117,342.162,
734877.184,,339.153,344.541,
734977.176,,339.733,342.129,
735077.179,,340.011,344.921,
735177.169,,339.657,340.355,
735277.172,,339.828,338.259,
735377.168,,340.048,338.743,
735477.161,,340.162,342.178,
735577.158,,340.362,341.286,
735677.154,,340.200,342.232,
735777.152,,340.069,343.412,
735877.152,,340.456,346.209,
735977.148,,339.959,351.101,
736077.146,,340.037,350.224,
736177.142,,339.845,352.121,
736277.141,,340.358,348.975,
736377.134,,340.117,347.534,
736477.133,,340.103,344.964,
736577.130,,340.479,345.354,
736677.129,,340.147,342.710,
736777.124,,339.602,339.295,
736877.121,,339.449,339.744,
736977.118,,339.499,339.563,
737077.116,,339.242,340.580,
737177.111,,339.233,344.170,
737277.108,,339.542,341.410,
737377.107,,339.315,343.312,
737477.107,,339.593,342.112,
737577.104,,339.686,339.283,
737677.096,,339.709,344.815,
737777.096,,338.838,344.434,
737877.094,,339.439,346.962,
737977.093,,337.721,348.595,
738077.088,,337.498,343.448,
738177.083,,337.670,338.362,
738277.084,,339.066,336.088,
738377.080,,339.007,337.522,
738477.075,,339.082,336.522,
738577.071,,337.825,336.634,
738677.068,,338.640,334.814,
738777.068,,338.673,334.609,
738877.067,,338.102,336.321,
738977.059,,338.090,336.540,
739077.061,,338.784,338.425,
739177.054,,338.216,337.619,
739277.051,,336.043,338.445,
739377.051,,337.238,343.004,
739477.048,,336.431,344.116,
739577.047,,336.678,346.317,
739677.044,,336.439,353.868,
739777.036,,336.367,350.953,
739877.037,,336.931,346.250,
739977.032,,336.772,341.551,
740077.028,,336.692,340.261,
740177.029,,337.357,337.759,
740277.027,,337.983,335.878,
740377.024,,338.128,335.099,
740477.016,,338.347,337.884,
740577.018,,337.382,339.109,
740677.009,,337.788,340.229,
740777.013,,337.925,341.552,
740877.009,,337.417,339.051,
740977.007,,337.684,339.806,
741076.999,,337.655,340.568,
741176.999,,337.861,339.017,
741276.998,,338.122,336.440,
741376.994,,337.820,336.093,
741476.992,,338.386,334.306,
741576.986,,337.804,332.690,
741676.982,,338.357,332.395,
741776.979,,338.432,347.991,
741876.980,,339.308,349.517,
741976.974,,339.824,344.179,
742076.971,,339.580,339.772,
742176.970,,338.447,339.403,
742276.965,,338.536,340.820,
742376.968,,339.417,343.859,
742476.963,,339.825,341.849,
742576.957,,340.339,338.948,
742676.954,,339.836,337.709,
742776.956,,340.436,338.031,
742876.953,,340.192,337.225,
742976.950,,338.950,338.601,
743076.944,,338.970,340.554,
743176.943,,338.747,339.484,
743276.940,,338.409,339.712,
743376.938,,339.410,344.105,
743476.931,,338.948,345.933,
743576.929,,337.422,342.033,
743676.930,,337.588,338.913,
743776.922,,336.733,342.813,
743876.919,,336.808,349.328,
743976.917,,336.448,349.956,
744076.916,,337.749,346.343,
744176.910,,337.915,344.409,
744276.906,,338.723,342.206,
744376.905,,338.830,339.462,
744476.901,,339.122,337.632,
744576.898,,339.360,336.617,
744676.892,,339.386,339.963,
744776.887,,339.670,340.134,
744876.887,,339.751,345.482,
744976.880,,340.440,347.337,
745076.879,,340.521,356.206,
745176.877,,340.120,364.743,
745276.871,,339.509,357.138,
745376.865,,340.010,351.378,
745476.860,,338.637,345.937,
745576.856,,339.894,343.315,
745676.857,,338.874,342.797,
745776.849,,339.037,342.742,
745876.845,,339.435,341.598,
745976.846,,338.651,342.307,
746076.838,,338.575,341.050,
746176.835,,338.820,340.667,
746276.833,,338.764,351.269,
746376.827,,338.578,353.838,
746476.823,,339.112,352.399,
746576.823,,338.403,350.429,
746676.820,,338.378,348.944,
746776.817,,339.170,348.282,
746876.811,,338.911,347.089,
746976.806,,338.602,348.582,
747076.802,,338.527,354.894,
747176.802,,338.761,366.221,
747276.799,,338.128,375.083,
747376.795,,338.564,370.896,
747476.788,,338.781,364.065,
747576.783,,339.114,357.316,
747676.784,,339.352,353.488,
747776.776,,339.549,352.957,
747876.777,,339.229,351.750,
747976.772,,339.411,349.149,
748076.765,,339.554,345.813,
748176.766,,339.745,343.689,
748276.759,,340.470,343.490,
748376.754,,339.018,341.467,
748476.752,,338.950,340.296,
748576.752,,339.390,339.100,
748676.747,,339.169,338.762,
748776.745,,339.089,343.715,
748876.740,,338.772,343.468,
748976.734,,338.938,343.064,
749076.731,,339.027,346.858,
749176.725,,338.980,346.646,
749276.724,,339.374,344.867,
749376.720,,341.093,344.149,
749476.714,,340.009,349.675,
749576.711,,341.208,348.308,
749676.709,,341.999,345.177,
749776.702,,342.015,343.909,
749876.704,,341.047,343.311,
749976.698,,340.880,341.856,
750076.692,,340.203,343.312,
750176.691,,340.171,348.153,
750276.688,,340.103,353.124,
750376.681,,340.122,358.810,
750476.679,,339.841,357.235,
750576.676,,339.563,354.013,
750676.670,,339.928,352.002,
750776.671,,340.049,353.569,
750876.668,,340.022,356.333,
750976.660,,339.854,357.844,
751076.660,,340.095,362.704,
751176.653,,339.362,365.233,
751276.652,,339.151,362.140,
751376.643,,338.796,358.021,
751476.642,,339.885,351.750,
751576.641,,340.456,347.448,
751676.634,,339.915,345.737,
751776.629,,339.750,359.450,
751876.628,,339.994,380.080,
751976.623,,339.576,381.012,
752076.622,,340.135,381.380,
752176.624,,340.357,377.844,
752276.617,,339.142,379.556,
752376.616,,338.209,368.696,
752476.614,,338.791,367.433,
752576.608,,338.924,360.814,
752676.609,,339.832,354.258,
752776.605,,340.064,354.306,
752876.605,,339.991,351.483,
752976.602,,339.945,351.345,
753076.600,,339.804,352.536,
753176.593,,340.365,353.314,
753276.594,,340.530,350.572,
753376.592,,341.113,345.955,
753476.585,,341.598,344.336,
753576.587,,342.590,343.912,
753676.586,,342.986,345.156,
753776.582,,342.105,346.999,
753876.579,,342.047,345.353,
753976.579,,342.480,345.651,
754076.571,,342.145,344.501,
754176.572,,342.372,340.739,
754276.566,,342.890,339.684,
754376.562,,342.006,338.365,
754476.563,,341.742,336.356,
754576.557,,342.359,336.508,
754676.556,,341.703,335.756,
754776.556,,341.654,337.933,
754876.551,,341.749,347.779,
754976.551,,341.653,350.668,
755076.546,,341.477,348.720,
755176.545,,341.139,344.388,
755276.544,,340.552,341.930,
755376.537,,340.324,344.163,
755476.537,,340.380,344.878,
755576.537,,340.463,347.018,
755676.534,,340.778,349.810,
755776.532,,340.481,348.363,
755876.528,,340.777,347.982,
755976.526,,340.791,349.152,
756076.524,,340.790,348.228,
756176.520,,340.645,348.148,
756276.517,,340.688,345.311,
756376.519,,341.440,345.838,
756476.515,,343.065,344.002,
756576.510,,341.893,343.711,
756676.509,,341.949,340.518,
756776.509,,341.019,340.291,
756876.501,,341.009,342.509,
756976.503,,340.099,350.395,
757076.498,,339.655,347.465,
757176.495,,340.008,343.594,
757276.490,,340.308,343.640,
757376.489,,340.000,341.513,
757476.488,,340.135,341.645,
757576.488,,339.676,341.279,
757676.480,,340.422,343.255,
757776.483,,340.120,342.823,
757876.481,,339.785,342.685,
757976.473,,339.385,340.677,
758076.474,,340.821,346.772,
758176.471,,340.202,345.679,
758276.466,,340.432,342.857,
758376.462,,340.294,340.097,
758476.464,,341.442,339.529,
758576.460,,340.576,341.971,
758676.457,,340.171,340.702,
758776.456,,341.126,341.975,
758876.457,,340.895,342.810,
758976.450,,340.511,350.042,
759076.447,,340.571,349.797,
759176.444,,340.770,349.468,
759276.443,,339.503,347.789,
759376.441,,339.703,345.279,
759476.437,,340.100,342.218,
759576.433,,340.114,340.673,
759676.432,,340.653,339.148,
759776.432,,341.188,341.220,
759876.431,,341.073,344.059,
759976.427,,340.995,343.624,
760076.423,,341.062,344.154,
760176.416,,340.907,350.119,
760276.420,,340.959,349.780,
760376.413,,341.013,350.657,
760476.411,,340.539,350.184,
760576.408,,340.662,352.603,
760676.403,,341.029,356.277,
760776.400,,341.090,353.311,
760876.400,,340.583,349.079,
760976.396,,341.397,345.626,
761076.395,,340.413,346.446,
761176.387,,340.302,343.278,
761276.384,,339.936,341.554,
761376.384,,340.811,347.213,
761476.384,,340.835,348.463,
761576.377,,341.434,343.986,
761676.374,,341.389,341.885,
761776.374,,340.437,342.726,
761876.371,,340.123,340.950,
761976.364,,340.293,340.995,
762076.362,,340.456,339.589,
762176.361,,339.300,337.704,
762276.360,,339.225,337.912,
762376.358,,339.023,337.674,
762476.349,,338.458,337.691,
762576.347,,339.220,350.149,
762676.347,,339.187,345.750,
762776.341,,339.830,341.454,
762876.340,,340.273,344.735,
762976.338,,339.994,342.808,
763076.334,,340.193,340.445,
763176.333,,339.528,339.692,
763276.329,,339.190,343.131,
763376.329,,339.850,345.057,
763476.323,,339.576,343.236,
763576.318,,339.169,340.456,
763676.317,,339.433,343.605,
763776.312,,338.406,342.994,
763876.312,,338.576,339.935,
763976.307,,338.454,342.991,
764076.307,,339.788,340.560,
764176.305,,340.028,340.093,
764276.300,,340.276,338.319,
764376.300,,340.036,341.324,
764476.292,,339.942,345.721,
764576.290,,340.476,344.752,
764676.289,,340.004,346.960,
764776.285,,339.796,344.680,
764876.284,,339.732,341.182,
764976.277,,339.989,338.874,
765076.274,,339.786,339.549,
765176.275,,339.977,338.566,
765276.271,,339.507,339.905,
765376.265,,340.074,341.515,
765476.262,,339.966,341.207,
765576.263,,340.204,339.519,
765676.255,,340.429,339.510,
765776.258,,342.668,339.029,
765876.254,,342.632,338.999,
765976.246,,340.149,336.381,
766076.249,,338.630,333.650,
766176.241,,338.423,336.419,
766276.238,,337.460,338.042,
766376.235,,337.829,337.576,
766476.234,,338.028,337.555,
766576.231,,337.753,335.725,
766676.229,,339.226,336.668,
766776.223,,339.581,337.351,
766876.224,,339.379,337.491,
766976.218,,339.228,337.140,
767076.214,,340.646,340.230,
767176.217,,339.764,345.378,
767276.214,,339.759,353.899,
767376.209,,340.197,352.482,
767476.208,,340.503,348.024,
767576.202,,340.392,347.526,
767676.197,,340.137,351.308,
767776.194,,339.669,349.399,
767876.194,,339.859,344.583,
767976.193,,339.845,347.842,
768076.189,,339.781,350.659,
768176.190,,339.589,346.453,
768276.181,,339.657,341.340,
768376.178,,339.525,337.783,
768476.182,,339.579,335.540,
768576.174,,339.840,336.996,
768676.173,,339.348,341.578,
768776.170,,339.958,343.687,
768876.165,,340.631,343.122,
768976.167,,339.395,343.423,
769076.161,,339.288,344.454,
769176.158,,340.741,344.780,
769276.155,,340.310,342.957,
769376.154,,339.902,341.795,
769476.155,,339.160,346.128,
769576.151,,339.436,351.027,
769676.150,,339.562,350.498,
769776.143,,338.378,346.512,
769876.141,,338.911,346.316,
769976.142,,339.564,354.444,
770076.140,,338.285,350.284,
770176.133,,338.006,344.759,
770276.132,,338.448,342.736,
770376.130,,339.892,342.811,
770476.128,,339.567,342.736,
770576.126,,340.000,344.645,
770676.119,,339.562,343.146,
770776.118,,339.458,339.407,
770876.116,,339.411,339.192,
770976.117,,339.628,349.853,
771076.108,,339.308,346.919,
771176.106,,338.958,341.795,
771276.104,,338.922,338.839,
771376.101,,338.873,337.486,
771476.104,,338.372,335.250,
771576.098,,338.996,333.424,
771676.098,,339.216,331.666,
771776.089,,339.661,330.552,
771876.089,,340.105,331.052,
771976.091,,340.158,332.477,
772076.082,,339.861,344.632,
772176.084,,339.898,352.269,
772276.079,,339.882,350.458,
772376.076,,338.612,346.374,
772476.076,,338.032,343.167,
772576.068,,337.988,341.827,
772676.070,,338.176,339.436,
772776.069,,338.714,340.890,
772876.067,,339.259,339.560,
772976.060,,339.006,339.839,
773076.060,,339.004,338.163,
773176.054,,339.639,336.509,
773276.053,,340.085,335.699,
773376.051,,339.557,335.993,
773476.049,,339.623,337.268,
773576.045,,339.496,339.773,
773676.042,,340.583,341.946,
773776.039,,341.374,342.418,
773876.037,,339.258,341.990,
773976.035,,339.658,343.043,
774076.033,,339.913,342.621,
774176.028,,342.897,345.327,
774276.025,,341.011,345.115,
774376.023,,340.829,341.023,
774476.020,,340.221,338.993,
774576.022,,339.957,336.562,
774676.014,,339.489,339.082,
774776.011,,338.885,339.312,
774876.013,,338.330,340.670,
774976.006,,338.118,341.535,
775076.008,,338.052,341.848,
775176.001,,337.359,342.784,
775276.004,,336.924,348.851,
775376.000,,337.179,345.705,
775475.997,,337.671,342.892,
775575.996,,337.799,345.853,
775675.989,,338.494,345.486,
775775.986,,338.776,344.338,
775875.987,,339.521,344.553,
775975.983,,340.063,344.169,
776075.973,,340.023,346.244,
776175.972,,339.689,345.940,
776275.971,,339.844,344.688,
776375.966,,339.779,345.867,
776475.960,,337.921,343.559,
776575.957,,338.311,345.922,
776675.950,,338.430,342.583,
776775.944,,338.084,339.592,
776875.940,,338.495,335.902,
776975.937,,338.174,336.514,
777075.936,,338.514,343.854,
777175.926,,338.770,348.231,
777275.921,,338.210,347.376,
777375.916,,339.282,354.363,
777475.915,,338.407,357.285,
777575.908,,338.500,358.171,
777675.909,,337.857,351.967,
777775.906,,337.752,354.503,
777875.895,,338.148,352.609,
777975.893,,338.326,347.584,
778075.886,,337.987,346.370,
778175.882,,337.968,343.852,
778275.879,,337.454,343.122,
778375.877,,338.565,342.255,
778475.873,,338.265,348.617,
778575.869,,338.262,343.913,
778675.863,,338.266,340.775,
778775.861,,338.403,337.972,
778875.853,,337.839,336.888,
778975.852,,336.833,337.767,
779075.847,,336.756,340.254,
779175.840,,337.216,337.826,
779275.839,,339.030,335.890,
779375.830,,339.180,337.737,
779475.829,,339.778,343.921,
779575.824,,339.909,347.668,
779675.817,,340.525,346.451,
779775.817,,340.993,342.094,
779875.808,,339.632,340.262,
779975.806,,340.444,341.620,
780075.800,,341.797,341.519,
780175.795,,341.245,340.373,
780275.794,,339.704,336.438,
780375.786,,339.262,333.043,
780475.787,,338.659,341.381,
780575.779,,339.403,344.672,
780675.773,,339.280,347.884,
780775.768,,338.726,350.760,
780875.768,,339.054,351.228,
780975.766,,339.064,352.448,
781075.759,,339.273,349.879,
781175.751,,339.298,352.863,
781275.747,,338.391,350.284,
781375.747,,339.892,348.381,
781475.742,,337.510,345.644,
781575.734,,337.637,345.228,
781675.729,,337.902,342.257,
781775.726,,337.968,337.925,
781875.723,,338.065,337.238,
781975.721,,338.391,337.581,
782075.717,,338.322,338.287,
782175.709,,338.111,338.596,
782275.707,,337.646,337.322,
782375.699,,337.056,338.632,
782475.699,,337.204,343.907,
782575.693,,337.081,351.241,
782675.688,,337.336,357.564,
782775.681,,337.021,353.290,
782875.680,,338.056,351.500,
782975.676,,337.875,350.248,
783075.667,,337.993,348.034,
783175.665,,337.645,346.647,
783275.660,,337.988,343.760,
783375.659,,338.270,338.854,
783475.652,,337.776,335.797,
783575.649,,337.138,334.433,
783675.642,,337.633,337.878,
783775.639,,338.359,339.224,
783875.638,,337.465,336.970,
783975.632,,336.805,336.086,
784075.632,,337.649,335.806,
784175.630,,337.366,334.953,
784275.623,,337.974,336.361,
784375.621,,337.421,352.394,
784475.623,,337.143,350.786,
784575.622,,337.056,353.706,
784675.618,,336.778,351.681,
784775.613,,335.540,348.289,
784875.612,,336.199,346.498,
784975.609,,338.773,344.971,
785075.610,,341.167,343.827,
785175.608,,341.110,346.596,
785275.606,,341.241,345.285,
785375.602,,340.663,348.670,
785475.598,,340.828,348.650,
785575.594,,340.099,343.444,
785675.593,,340.097,342.657,
785775.590,,339.504,342.299,
785875.590,,340.290,340.830,
785975.584,,340.919,345.422,
786075.585,,339.556,346.624,
786175.579,,339.426,345.633,
786275.582,,340.197,343.386,
786375.580,,340.135,341.449,
786475.576,,339.591,341.868,
786575.573,,339.882,344.280,
786675.570,,340.173,346.653,
786775.568,,339.546,347.367,
786875.563,,339.774,347.056,
786975.564,,340.334,345.663,
787075.562,,340.128,344.463,
787175.556,,339.132,346.855,
787275.557,,339.237,343.699,
787375.551,,340.948,340.478,
787475.549,,340.343,342.397,
787575.553,,340.141,343.237,
787675.547,,339.802,344.242,
787775.548,,339.763,346.251,
787875.542,,338.961,343.680,
787975.544,,338.800,342.514,
788075.537,,339.178,340.920,
788175.540,,339.547,338.851,
788275.534,,339.716,338.171,
788375.534,,339.596,337.880,
788475.529,,338.241,338.631,
788575.528,,338.570,340.604,
788675.528,,338.809,340.600,
788775.520,,338.514,340.513,
788875.522,,338.202,339.425,
788975.518,,339.465,340.291,
789075.515,,339.148,336.868,
789175.512,,339.786,338.901,
789275.508,,341.014,342.081,
789375.508,,340.032,337.836,
789475.508,,339.171,335.693,
789575.506,,339.125,336.256,
789675.500,,338.699,339.321,
789775.501,,338.920,343.719,
789875.495,,339.716,340.070,
789975.497,,339.196,337.164,
790075.494,,339.807,337.871,
790175.488,,339.939,340.403,
790275.491,,339.709,340.494,
790375.489,,340.462,343.466,
790475.485,,339.372,347.465,
790575.479,,339.059,346.575,
790675.477,,339.246,344.084,
790775.477,,339.620,342.982,
790875.472,,339.774,343.180,
790975.473,,339.125,342.825,
791075.469,,340.319,340.528,
791175.466,,339.746,338.359,
791275.469,,339.629,338.025,
791375.465,,340.079,340.011,
791475.458,,339.548,339.730,
791575.458,,339.916,347.370,
791675.457,,340.138,346.261,
791775.452,,340.317,346.825,
791875.454,,339.601,348.866,
791975.448,,339.369,356.554,
792075.446,,338.834,353.295,
792175.443,,338.884,349.462,
792275.439,,339.416,344.314,
792375.437,,339.570,347.291,
792475.432,,338.367,344.943,
792575.431,,339.333,344.026,
792675.427,,337.367,341.602,
792775.426,,336.146,344.678,
792875.423,,337.061,348.685,
792975.420,,337.535,349.896,
793075.416,,338.963,353.835,
793175.412,,338.481,358.900,
793275.411,,336.400,357.873,
793375.402,,338.065,360.802,
793475.399,,338.470,359.754,
793575.401,,338.292,357.852,
793675.395,,338.523,358.344,
793775.389,,338.558,355.120,
793875.391,,339.710,351.648,
793975.387,,338.911,348.207,
794075.384,,339.117,348.366,
794175.379,,339.233,346.785,
794275.379,,338.676,345.341,
794375.371,,338.181,344.149,
794475.368,,338.964,343.696,
794575.369,,338.929,344.004,
794675.367,,339.499,342.229,
794775.357,,339.621,340.468,
794875.360,,339.087,343.184,
794975.351,,339.602,346.640,
795075.349,,339.532,346.189,
795175.349,,339.020,348.489,
795275.344,,340.018,353.176,
795375.343,,339.048,352.763,
795475.338,,339.399,352.079,
795575.335,,339.615,347.861,
795675.328,,340.006,348.427,
795775.331,,339.379,350.342,
795875.327,,339.673,346.937,
795975.323,,339.871,344.243,
796075.322,,339.382,342.882,
796175.318,,339.437,342.684,
796275.310,,339.383,338.530,
796375.313,,338.649,339.785,
796475.304,,338.508,342.512,
796575.305,,338.718,341.193,
796675.297,,338.769,341.051,
796775.296,,338.652,342.268,
796875.293,,338.830,344.387,
796975.291,,339.047,345.500,
797075.284,,339.165,345.320,
797175.284,,338.838,343.950,
797275.282,,338.656,340.449,
797375.277,,338.959,339.920,
797475.276,,339.194,344.685,
797575.273,,338.602,341.260,
797675.268,,340.359,338.591,
797775.262,,338.947,339.284,
797875.261,,339.296,349.476,
797975.259,,339.191,356.198,
798075.257,,338.948,355.444,
798175.250,,339.884,352.794,
798275.249,,339.688,351.435,
798375.249,,339.753,348.097,
798475.245,,339.676,347.233,
798575.240,,339.399,347.036,
798675.237,,339.693,345.179,
798775.231,,339.164,345.425,
798875.232,,339.393,347.057,
798975.227,,339.755,344.286,
799075.226,,339.243,340.960,
799175.223,,339.712,340.989,
799275.219,,339.569,339.025,
799375.211,,339.385,336.262,
799475.208,,339.316,336.257,
799575.207,,339.441,335.971,
799675.206,,339.370,334.539,
799775.204,,339.507,336.879,
799875.200,,339.185,338.556,
799975.194,,339.492,339.174,
800075.188,,338.637,337.908,
800175.190,,338.628,335.531,
800275.183,,338.038,334.428,
800375.181,,338.528,333.385,
800475.173,,338.141,337.804,
800575.176,,339.165,340.675,
800675.172,,339.549,339.420,
800775.165,,339.374,339.186,
800875.160,,339.395,340.171,
800975.159,,340.162,341.471,
801075.151,,338.874,339.776,
801175.148,,339.123,340.717,
801275.151,,339.335,342.812,
801375.146,,339.341,347.796,
801475.141,,339.213,350.579,
801575.138,,339.368,348.793,
801675.131,,339.528,351.432,
801775.130,,339.207,347.843,
801875.123,,339.439,346.945,
801975.122,,339.552,349.582,
802075.117,,339.803,346.480,
802175.114,,339.873,346.435,
802275.108,,339.866,342.559,
802375.108,,340.082,339.487,
802475.101,,339.481,335.390,
802575.098,,339.296,334.409,
802675.096,,338.423,336.034,
802775.097,,339.266,345.582,
802875.087,,339.438,343.111,
802975.083,,339.087,346.244,
803075.082,,338.458,346.797,
803175.076,,339.632,352.569,
803275.078,,339.784,346.831,
803375.073,,339.284,343.489,
803475.068,,339.045,344.380,
803575.063,,339.756,346.655,
803675.060,,340.928,343.047,
803775.057,,340.118,348.480,
803875.052,,340.089,360.504,
803975.049,,339.771,362.179,
804075.048,,340.197,357.128,
804175.044,,341.129,359.392,
804275.039,,341.763,354.022,
804375.032,,341.687,348.803,
804475.033,,340.949,345.378,
804575.030,,340.907,356.431,
804675.022,,340.847,356.472,
804775.023,,340.566,353.505,
804875.017,,340.554,351.317,
804975.015,,340.403,347.842,
805075.007,,340.642,346.633,
805175.004,,340.563,343.489,
805275.004,,340.591,343.485,
805375.001,,340.480,347.621,
805474.997,,342.048,346.243,
805574.989,,341.493,341.116,
805674.989,,340.148,341.004,
805774.985,,341.122,343.809,
805874.981,,340.950,343.023,
805974.979,,340.016,341.438,
806074.972,,340.714,342.162,
806174.972,,341.595,346.009,
806274.967,,341.888,346.563,
806374.962,,342.068,346.274,
806474.959,,340.081,341.875,
806574.956,,340.345,343.575,
806674.953,,339.620,346.049,
806774.948,,339.109,344.904,
806874.948,,339.030,341.168,
806974.945,,339.518,337.832,
807074.941,,339.788,336.792,
807174.936,,339.546,336.709,
807274.934,,338.851,338.822,
807374.929,,339.107,339.609,
807474.920,,338.075,340.588,
807574.918,,338.213,339.487,
807674.916,,338.827,340.017,
807774.916,,339.018,339.049,
807874.912,,339.626,344.113,
807974.904,,339.953,347.334,
808074.907,,339.281,360.602,
808174.901,,339.389,358.927,
808274.897,,339.966,354.904,
808374.897,,339.817,353.528,
808474.897,,340.461,349.213,
808574.890,,340.317,350.599,
808674.892,,339.976,350.095,
808774.885,,339.314,348.851,
808874.888,,340.168,345.222,
808974.880,,339.940,342.893,
809074.882,,340.073,347.950,
809174.879,,339.344,346.344,
809274.874,,341.180,347.721,
809374.872,,341.427,350.109,
809474.867,,341.698,347.394,
809574.865,,341.167,344.773,
809674.866,,340.571,340.355,
809774.862,,340.175,337.261,
809874.862,,340.649,337.036,
809974.858,,341.020,337.176,
810074.858,,341.106,345.658,
810174.854,,340.874,351.510,
810274.853,,340.484,357.392,
810374.852,,340.368,356.145,
810474.849,,340.855,351.765,
810574.843,,340.286,350.245,
810674.846,,340.467,345.949,
810774.838,,340.430,344.338,
810874.835,,340.861,340.851,
810974.838,,340.384,338.745,
811074.829,,341.478,353.370,
811174.832,,341.162,363.345,
811274.830,,342.595,358.790,
811374.825,,342.557,365.745,
811474.824,,343.511,359.653,
811574.819,,340.901,354.040,
811674.821,,339.856,348.892,
811774.818,,339.465,344.573,
811874.816,,339.030,342.163,
811974.811,,338.589,341.053,
812074.812,,339.145,338.362,
812174.804,,339.608,337.030,
812274.804,,340.201,335.532,
812374.804,,339.948,333.452,
812474.796,,338.509,338.710,
812574.800,,338.483,337.746,
812674.792,,339.273,335.758,
812774.790,,339.734,337.078,
812874.787,,338.955,340.361,
812974.786,,338.936,343.159,
813074.785,,339.488,343.903,
813174.780,,339.838,342.568,
813274.777,,340.188,339.268,
813374.776,,341.285,337.987,
813474.777,,341.287,336.441,
813574.772,,341.509,338.572,
813674.768,,341.340,340.592,
813774.765,,339.899,340.846,
813874.763,,340.206,339.700,
813974.760,,340.539,342.180,
814074.762,,339.787,344.036,
814174.758,,340.653,343.617,
814274.759,,341.151,340.792,
814374.751,,340.531,338.054,
814474.753,,340.922,336.670,
814574.746,,340.980,339.306,
814674.744,,340.555,342.773,
814774.743,,340.381,345.186,
814874.745,,340.393,347.257,
814974.740,,340.085,344.566,
815074.740,,340.028,344.881,
815174.738,,339.619,345.122,
815274.734,,340.054,342.295,
815374.733,,340.034,341.893,
815474.728,,340.677,342.297,
815574.723,,340.349,339.894,
815674.723,,339.387,338.114,
815774.717,,338.883,340.832,
815874.717,,338.661,338.598,
815974.716,,339.348,336.774,
816074.711,,340.751,336.234,
816174.711,,340.228,336.900,
816274.706,,339.399,336.804,
816374.702,,339.821,339.874,
816474.697,,340.279,338.946,
816574.700,,338.770,343.393,
816674.695,,339.482,341.104,
816774.689,,339.085,340.958,
816874.688,,338.777,340.494,
816974.685,,337.644,342.368,
817074.678,,339.233,343.295,
817174.676,,339.467,344.596,
817274.673,,339.880,342.637,
817374.669,Input1*2*0,339.364,342.796,
817474.668,Input1*2*1,339.571,350.980,
817574.667,,338.878,348.560,
817674.660,,339.908,341.921,
817774.657,,338.982,338.516,
817874.657,,339.150,338.660,
817974.656,,339.509,338.789,
818074.648,,339.668,339.137,
818174.644,,339.873,337.076,
818274.644,,340.270,343.033,
818374.641,,341.378,347.515,
818474.637,,341.952,349.565,
818574.631,,340.912,347.785,
818674.634,,340.643,347.256,
818774.626,,340.193,354.279,
818874.626,,340.610,355.428,
818974.625,,339.652,354.745,
819074.620,,339.593,347.831,
819174.619,,341.374,344.496,
819274.612,,340.950,341.883,
819374.611,,341.018,340.361,
819474.608,,340.761,339.480,
819574.603,,341.721,342.620,
819674.597,,342.453,339.291,
819774.594,,341.820,336.767,
819874.592,,341.792,336.823,
819974.591,,341.853,348.832,
820074.588,,341.129,354.713,
820174.585,,341.284,353.729,
820274.582,,341.576,348.459,
820374.582,,342.149,346.276,
820474.579,,340.941,341.615,
820574.574,,339.818,337.613,
820674.572,,339.397,337.607,
820774.566,,339.372,348.868,
820874.566,,339.035,344.547,
820974.558,,340.538,339.838,
821074.558,,339.865,337.962,
821174.556,,340.140,338.111,
821274.550,,341.924,338.772,
821374.551,,342.247,345.750,
821474.543,,342.265,348.683,
821574.539,,342.684,348.078,
821674.540,,342.512,343.827,
821774.536,,340.050,339.950,
821874.534,,341.308,338.815,
821974.533,,340.436,337.966,
822074.528,,340.202,335.130,
822174.521,,339.140,336.853,
822274.523,,339.936,337.217,
822374.520,,340.001,337.486,
822474.511,,339.818,352.912,
822574.509,,339.812,363.039,
822674.511,,339.802,369.890,
822774.503,,339.814,366.065,
822874.504,,339.410,358.728,
822974.497,,339.749,355.125,
823074.498,,340.135,350.383,
823174.490,,339.968,351.367,
823274.487,,342.515,350.954,
823374.485,,343.138,345.958,
823474.480,,341.985,342.317,
823574.478,,342.050,351.433,
823674.479,,341.290,345.916,
823774.473,,341.535,342.613,
823874.468,,343.266,341.142,
823974.467,,342.198,338.083,
824074.465,,340.876,339.197,
824174.464,,341.611,343.208,
824274.459,,340.251,340.073,
824374.461,,340.365,337.811,
824474.455,,340.274,339.710,
824574.454,,340.001,343.091,
824674.451,,340.203,346.748,
824774.451,,341.139,346.689,
824874.443,,340.299,358.519,
824974.441,,339.317,356.904,
825074.441,,339.159,358.258,
825174.441,,338.740,355.545,
825274.433,,338.540,382.881,
825374.431,,337.744,384.468,
825474.430,,337.110,369.218,
825574.429,,336.682,358.098,
825674.423,,337.523,351.440,
825774.421,,337.456,348.471,
825874.422,,337.422,348.441,
825974.418,,338.293,347.846,
826074.412,Input1*2*0,338.898,346.169,
826174.412,,338.839,344.880,
826274.413,,338.471,341.631,
826374.409,,339.043,338.795,
826474.405,,338.287,345.062,
826574.403,Input1*2*1,338.826,347.965,
826674.400,,337.421,343.025,
826774.398,,337.628,339.508,
826874.398,,337.601,340.295,
826974.394,,338.234,341.618,
827074.392,,337.941,344.438,
827174.385,,336.971,342.901,
827274.386,,337.629,340.145,
827374.381,,337.859,339.030,
827474.380,,338.271,340.976,
827574.375,,338.292,341.136,
827674.374,,338.184,341.064,
827774.370,,340.351,340.601,
827874.368,,339.209,340.047,
827974.368,,339.860,338.873,
828074.363,,340.732,339.436,
828174.360,,342.257,342.361,
828274.359,,341.662,339.847,
828374.360,,341.263,339.045,
828474.351,,340.871,342.497,
828574.352,,339.327,340.933,
828674.346,,338.633,337.964,
828774.349,,338.534,337.842,
828874.345,,339.379,337.621,
828974.341,,340.432,339.849,
829074.339,,338.873,337.828,
829174.338,,339.427,338.282,
829274.337,,339.131,336.718,
829374.330,,339.476,337.531,
829474.328,,340.212,337.591,
829574.325,,340.635,339.872,
829674.326,,340.398,342.837,
829774.318,,340.710,339.933,
829874.317,,339.800,339.946,
829974.313,,340.251,344.582,
830074.317,,339.935,341.096,
830174.314,,339.008,340.225,
830274.305,,339.043,347.069,
830374.303,,338.170,348.183,
830474.303,,338.086,352.759,
830574.300,,336.592,355.668,
830674.299,,337.175,364.981,
830774.298,,335.484,368.686,
830874.293,,337.987,370.078,
830974.292,,338.358,363.443,
831074.289,,339.117,357.731,
831174.289,,337.913,352.195,
831274.286,,340.141,348.779,
831374.283,,339.045,351.060,
831474.277,,339.205,346.279,
831574.276,,338.631,344.662,
831674.271,,338.642,352.480,
831774.272,,337.962,352.779,
831874.268,,337.284,350.741,
831974.263,,337.198,349.840,
832074.263,,337.251,350.426,
832174.258,,337.859,348.101,
832274.257,,337.941,359.043,
832374.253,,336.955,372.568,
832474.254,,337.358,368.830,
832574.253,,337.463,368.260,
832674.251,,337.549,393.285,
832774.247,,337.750,384.986,
832874.241,,337.587,371.369,
832974.241,,337.369,363.915,
833074.236,,337.747,356.815,
833174.234,,338.117,350.754,
833274.234,,337.295,347.262,
833374.228,,337.580,344.234,
833474.226,,337.547,341.497,
833574.227,,338.298,342.336,
833674.223,,337.514,344.935,
833774.216,,337.391,340.626,
833874.219,,337.639,338.414,
833974.214,,336.951,339.007,
834074.212,,337.918,337.833,
834174.208,,338.157,337.442,
834274.209,,338.927,336.498,
834374.204,,338.756,340.075,
834474.204,,341.088,340.656,
834574.196,,340.929,339.025,
834674.197,,340.686,338.922,
834774.191,,338.990,336.574,
834874.193,,338.134,338.037,
834974.187,,337.475,338.884,
835074.188,,337.411,341.137,
835174.185,,337.844,346.221,
835274.181,,338.171,346.589,
835374.180,,338.501,342.093,
835474.173,,337.973,342.490,
835574.170,,337.661,346.276,
835674.170,,337.978,344.810,
835774.166,,339.024,344.156,
835874.164,,339.129,343.412,
835974.164,,339.597,343.676,
836074.160,,339.497,340.246,
836174.160,,338.530,337.223,
836274.153,,338.471,335.549,
836374.149,,338.304,335.285,
836474.151,,338.195,338.992,
836574.146,,338.428,347.434,
836674.143,,338.772,346.754,
836774.140,,337.288,344.992,
836874.142,,337.851,341.076,
836974.136,,338.601,336.559,
837074.132,,337.919,336.898,
837174.134,,339.069,337.362,
837274.128,,338.689,336.778,
837374.128,,337.820,335.736,
837474.127,,338.304,336.766,
837574.119,,339.125,336.896,
837674.118,,341.251,337.101,
837774.115,,340.457,338.734,
837874.113,,340.454,341.841,
837974.108,,341.291,340.275,
838074.111,,341.142,337.549,
838174.104,,339.853,340.467,
838274.101,,340.106,340.533,
838374.102,,340.210,341.866,
838474.095,,340.807,338.757,
838574.098,,340.222,335.843,
838674.091,,339.209,335.786,
838774.087,,337.792,334.596,
838874.087,,338.601,335.386,
838974.088,,338.879,339.178,
839074.082,,339.120,345.121,
839174.082,,339.690,349.337,
839274.080,,340.376,348.500,
839374.075,,340.325,345.921,
839474.075,,340.041,345.789,
839574.071,,339.852,344.443,
839674.065,,339.961,342.356,
839774.067,,340.169,341.428,
839874.059,,340.039,340.178,
839974.057,,340.371,338.718,
840074.053,,340.401,339.518,
840174.050,,340.235,341.331,
840274.046,,338.391,342.381,
840374.042,,339.400,343.778,
840474.037,,339.624,341.481,
840574.028,,340.016,345.704,
840674.024,,338.836,350.248,
840774.018,,338.763,346.020,
840874.017,,338.441,343.169,
840974.013,,339.131,342.943,
841074.010,,338.385,342.652,
841174.001,,339.259,346.846,
841273.998,,338.835,349.913,
841373.993,,338.048,344.080,
841473.988,,338.186,339.780,
841573.988,,339.231,337.067,
841673.982,,337.368,337.886,
841773.975,,339.872,341.695,
841873.973,,341.507,340.179,
841973.966,,341.166,340.912,
842073.963,,341.315,343.110,
842173.956,,341.037,343.360,
842273.950,,340.636,343.650,
842373.952,,339.378,341.816,
842473.944,,339.051,343.072,
842573.941,,339.132,343.297,
842673.934,,339.089,342.855,
842773.929,,339.971,344.980,
842873.925,,340.297,343.278,
842973.922,,339.324,339.331,
843073.918,,339.178,338.348,
843173.909,,339.226,339.725,
843273.910,,338.344,342.274,
843373.907,,338.760,345.604,
843473.898,,339.580,347.042,
843573.897,,338.556,343.359,
843673.893,,339.166,343.759,
843773.884,,339.906,342.295,
843873.884,,339.409,340.471,
843973.876,,339.536,343.183,
844073.874,,339.478,342.343,
844173.866,,339.142,340.788,
844273.865,,338.649,338.808,
844373.856,,338.628,344.598,
844473.853,,338.695,354.698,
844573.849,,338.424,349.599,
844673.847,,338.566,350.943,
844773.843,,338.283,352.956,
844873.837,,338.988,354.747,
844973.829,,339.058,351.818,
845073.824,,339.151,350.566,
845173.826,,339.664,347.179,
845273.815,,340.334,349.953,
845373.811,,339.554,344.796,
845473.809,,338.748,342.637,
845573.803,,339.087,342.820,
845673.803,,338.914,344.566,
845773.794,,338.493,343.820,
845873.788,,338.438,344.027,
845973.783,,337.769,342.602,
846073.782,,338.285,345.164,
846173.780,,338.819,356.495,
846273.770,,337.429,365.432,
846373.767,,337.065,357.910,
846473.762,,336.449,351.001,
846573.762,,336.361,345.536,
846673.754,,337.251,345.599,
846773.750,,337.614,347.112,
846873.743,,337.627,345.350,
846973.742,,339.048,342.438,
847073.733,,338.807,343.195,
847173.730,,337.885,342.654,
847273.730,,337.356,341.364,
847373.720,,338.155,340.615,
847473.721,,338.392,342.221,
847573.711,,338.999,344.396,
847673.710,,337.966,346.870,
847773.705,,338.109,345.097,
847873.700,,339.195,341.301,
847973.700,,338.281,339.943,
848073.695,,338.646,338.320,
848173.693,,337.828,336.880,
848273.694,,337.035,337.698,
848373.692,,337.516,338.473,
848473.686,,338.500,338.145,
848573.685,,338.541,339.647,
848673.682,,338.689,340.712,
848773.684,,338.871,342.739,
848873.682,,338.418,358.387,
848973.681,,338.562,352.975,
849073.680,,338.743,349.511,
849173.677,,338.466,346.296,
849273.673,,338.185,342.379,
849373.673,,337.892,341.100,
849473.669,,337.496,342.616,
849573.669,,336.996,341.536,
849673.667,,337.262,342.646,
849773.665,,336.992,348.014,
849873.665,,337.790,351.899,
849973.660,,338.098,349.342,
850073.659,,338.381,347.552,
850173.656,,338.000,346.875,
850273.655,,338.439,344.921,
850373.650,,337.858,343.515,
850473.647,,337.127,340.702,
850573.648,,339.049,339.880,
850673.648,,337.669,336.983,
850773.642,,334.991,338.794,
850873.643,,335.335,346.125,
850973.644,,336.059,348.878,
851073.641,,337.430,351.486,
851173.638,,338.959,349.421,
851273.637,,339.656,347.037,
851373.634,,336.637,339.730,
851473.631,,335.208,343.271,
851573.629,,336.468,352.396,
851673.629,,337.757,353.105,
851773.626,,338.575,349.906,
851873.624,,337.771,343.737,
851973.622,,337.553,342.692,
852073.617,,336.953,341.638,
852173.621,,337.690,341.220,
852273.614,,337.799,341.570,
852373.613,,337.600,339.987,
852473.612,,339.518,344.833,
852573.610,,337.762,341.469,
852673.611,,338.196,337.390,
852773.610,,338.034,334.537,
852873.602,,338.107,338.904,
852973.601,,337.617,337.826,
853073.599,,337.764,336.462,
853173.597,,338.090,336.218,
853273.600,,338.399,334.826,
853373.596,,339.466,336.208,
853473.594,,339.767,336.854,
853573.595,,339.200,342.496,
853673.589,,338.306,345.033,
853773.590,,337.806,343.033,
853873.583,,337.941,340.626,
853973.582,,338.887,339.903,
854073.578,,338.844,339.190,
854173.578,,338.885,339.808,
854273.575,,338.620,339.825,
854373.574,,338.959,338.275,
854473.575,,339.807,338.233,
854573.574,,338.889,338.116,
854673.568,,338.070,337.753,
854773.571,,337.644,342.568,
854873.565,,338.072,342.868,
854973.564,,338.248,339.804,
855073.563,,337.892,337.340,
855173.562,,337.461,336.784,
855273.556,,337.836,336.943,
855373.560,,338.173,338.146,
855473.553,,338.401,343.499,
855573.554,,338.264,349.451,
855673.549,,339.627,344.030,
855773.548,,338.767,340.799,
855873.545,,338.701,338.485,
855973.545,,338.587,335.757,
856073.538,,338.769,333.957,
856173.534,,338.896,338.219,
856273.534,,338.540,345.346,
856373.530,,338.601,349.505,
856473.520,,338.325,348.659,
856573.519,,337.717,347.905,
856673.514,,338.457,345.211,
856773.512,,338.399,343.891,
856873.509,,338.570,343.116,
856973.501,,340.851,340.590,
857073.500,,338.303,338.490,
857173.496,,338.368,340.156,
857273.489,,338.403,338.394,
857373.485,,338.253,338.548,
857473.485,,338.465,337.204,
857573.479,,338.298,343.482,
857673.474,,338.101,349.425,
857773.473,,337.634,351.106,
857873.465,,337.692,351.191,
857973.463,,337.106,351.340,
858073.461,,337.274,347.504,
858173.460,,336.342,346.642,
858273.455,,337.662,343.223,
858373.450,,338.197,340.576,
858473.445,,339.497,340.044,
858573.441,,338.838,340.788,
858673.436,,340.452,344.572,
858773.434,,342.637,345.699,
858873.431,,341.684,346.581,
858973.423,,340.089,350.056,
859073.423,,339.933,352.210,
859173.418,,339.960,349.254,
859273.414,,340.297,344.704,
859373.408,,339.796,342.373,
859473.405,,340.465,347.413,
859573.399,,340.251,352.236,
859673.394,,339.467,346.820,
859773.391,,340.168,344.429,
859873.391,,339.727,344.244,
859973.386,,340.073,346.886,
860073.384,,340.091,346.666,
860173.376,,339.382,347.719,
860273.371,,339.284,348.649,
860373.367,,339.565,346.399,
860473.364,,340.954,342.892,
860573.358,,338.452,339.785,
860673.360,,339.288,338.622,
860773.355,,339.525,351.285,
860873.350,,339.967,348.449,
860973.343,,339.808,346.682,
861073.343,,338.995,348.991,
861173.336,,339.196,358.103,
861273.336,,339.062,360.768,
861373.331,,338.911,355.972,
861473.325,,340.498,350.210,
861573.320,,338.696,345.331,
861673.316,,338.634,341.118,
861773.316,,338.845,338.320,
861873.310,,338.971,339.736,
861973.302,,338.822,342.950,
862073.298,,338.338,348.365,
862173.300,,338.637,348.050,
862273.290,,339.078,345.889,
862373.290,,338.799,344.120,
862473.288,,338.900,343.353,
862573.278,,339.007,345.559,
862673.274,,339.312,348.123,
862773.271,,339.343,345.077,
862873.271,,339.009,342.345,
862973.266,,339.622,339.928,
863073.262,,337.909,337.725,
863173.255,,338.641,338.285,
863273.257,,338.753,342.392,
863373.252,,339.383,339.693,
863473.245,,339.560,336.624,
863573.243,,340.619,335.038,
863673.236,,340.019,333.504,
863773.233,,339.299,331.805,
863873.233,,340.973,334.641,
863973.231,,339.720,339.131,
864073.227,,340.000,340.811,
864173.221,,340.044,346.417,
864273.224,,339.769,347.406,
864373.221,,339.449,348.112,
864473.218,,339.082,345.913,
864573.215,,339.322,344.366,
864673.212,,339.234,343.070,
864773.215,,339.384,344.914,
864873.212,,339.980,348.454,
864973.208,,339.905,361.975,
865073.209,,339.332,357.392,
865173.207,,339.525,356.680,
865273.200,,342.699,356.564,
865373.202,,339.895,359.682,
865473.198,,342.174,354.901,
865573.201,,341.891,355.907,
865673.193,,341.391,361.008,
865773.196,,341.697,355.113,
865873.192,,341.243,351.460,
865973.191,,340.893,347.590,
866073.185,,341.195,345.031,
866173.186,,339.700,340.534,
866273.183,,340.072,340.141,
866373.184,,339.126,339.478,
866473.181,,338.380,337.736,
866573.179,,338.014,336.268,
866673.179,,336.946,341.849,
866773.172,,337.932,348.314,
866873.170,,336.838,351.009,
866973.173,,336.525,349.484,
867073.171,,336.476,343.506,
867173.171,,336.197,338.606,
867273.169,,336.240,335.476,
867373.163,,337.036,333.615,
867473.159,,336.961,332.860,
867573.159,,336.283,337.361,
867673.159,,335.451,361.866,
867773.155,,335.256,366.331,
867873.151,,335.311,363.264,
867973.150,,335.094,353.929,
868073.149,,335.244,345.524,
868173.149,,335.347,340.542,
868273.143,,336.145,342.916,
868373.146,,336.770,344.142,
868473.144,,335.434,345.260,
868573.142,,336.002,342.657,
868673.139,,339.359,344.217,
868773.135,,341.673,344.239,
868873.134,,340.769,344.577,
868973.133,,340.985,344.947,
869073.131,,339.821,347.715,
869173.131,,340.289,352.988,
869273.126,,341.309,352.222,
869373.127,,341.476,348.866,
869473.124,,341.431,348.056,
869573.125,,342.167,346.753,
869673.123,,341.402,346.418,
869773.120,,342.777,344.221,
869873.119,,342.165,341.420,
869973.114,,340.154,341.682,
870073.115,,337.701,342.272,
870173.112,,337.694,344.778,
870273.106,,338.192,350.948,
870373.108,,338.626,351.053,
870473.107,,337.916,349.509,
870573.104,,337.234,349.205,
870673.103,,337.100,356.101,
870773.101,,337.106,350.928,
870873.095,,336.779,348.042,
870973.099,,336.647,344.108,
871073.094,,338.421,342.165,
871173.093,,338.839,338.754,
871273.092,,337.513,337.116,
871373.086,,336.699,336.130,
871473.088,,338.278,340.008,
871573.086,,337.743,341.223,
871673.080,,338.196,342.674,
871773.083,,338.314,342.087,
871873.077,,338.771,344.029,
871973.073,,338.643,348.828,
872073.070,,338.187,345.505,
872173.068,,338.145,352.484,
872273.066,,337.803,359.540,
872373.060,,337.609,362.151,
872473.057,,336.877,360.047,
872573.053,,337.824,360.052,
872673.045,,338.025,357.737,
872773.042,,338.326,355.476,
872873.037,,338.253,356.910,
872973.034,,338.694,357.810,
873073.034,,338.343,357.660,
873173.031,,337.980,354.023,
873273.021,,338.182,347.877,
873373.022,,338.558,348.027,
873473.017,,339.114,354.526,
873573.011,,339.036,353.454,
873673.011,,339.167,352.655,
873773.005,,338.935,354.730,
873873.003,,339.133,360.087,
873972.999,,339.481,366.446,
874072.990,,338.899,365.038,
874172.992,,339.184,358.659,
874272.988,,339.630,356.420,
874372.983,,338.898,356.344,
874472.964,,339.297,360.063,
874572.975,,339.297,366.928,
874672.968,,338.951,365.708,
874772.964,,338.552,361.127,
874872.960,,338.727,354.992,
874972.959,,338.719,350.338,
875072.952,,338.383,346.323,
875172.951,,338.878,344.896,
875272.944,,338.535,345.537,
875372.940,,338.687,347.158,
875472.938,,338.813,347.777,
875572.931,,338.796,345.085,
875672.933,,338.469,343.111,
875772.928,,338.926,345.277,
875872.919,,338.754,349.706,
875972.916,,338.485,347.277,
876072.918,,338.506,345.106,
876172.909,,338.599,340.534,
876272.906,,338.759,336.794,
876372.905,,339.095,334.512,
876472.901,,339.089,332.320,
876572.893,,339.544,332.033,
876672.892,,339.445,334.342,
876772.886,,339.532,334.477,
876872.884,,339.314,337.920,
876972.877,,337.654,337.983,
877072.874,,338.096,337.158,
877172.875,,338.050,336.818,
877272.866,,337.422,337.061,
877372.862,,337.340,336.056,
877472.859,,337.363,335.922,
877572.857,,337.435,338.350,
877672.855,,337.583,338.974,
877772.846,,336.671,339.556,
877872.845,,337.396,338.710,
877972.843,,336.713,336.639,
878072.833,,338.072,336.669,
878172.829,,338.352,337.036,
878272.830,,337.801,343.340,
878372.828,,338.052,346.377,
878472.820,,337.899,344.375,
878572.816,,337.784,341.716,
878672.816,,336.982,338.186,
878772.808,,337.201,338.113,
878872.803,,337.217,336.368,
878972.799,,337.583,336.378,
879072.796,,337.950,336.362,
879172.796,,337.724,339.113,
879272.789,,338.760,341.094,
879372.783,,338.922,338.568,
879472.781,,338.547,335.347,
879572.781,,338.788,334.290,
879672.774,,338.653,333.925,
879772.768,,338.983,334.729,
879872.769,,338.826,335.818,
879972.761,,339.424,338.441,
880072.762,,340.359,336.200,
880172.757,,338.777,334.784,
880272.749,,338.559,332.918,
880372.744,,339.412,331.969,
880472.745,,338.681,330.360,
880572.740,,338.320,334.027,
880672.736,,337.923,345.878,
880772.733,,338.433,353.684,
880872.730,,338.337,352.917,
880972.727,,337.921,347.337,
881072.723,,337.399,346.597,
881172.721,,337.202,347.665,
881272.711,,337.018,346.654,
881372.709,,337.766,348.180,
881472.710,,337.917,345.820,
881572.701,,337.938,345.825,
881672.703,,337.421,351.927,
881772.693,,337.764,360.110,
881872.690,,337.939,355.278,
881972.692,,339.869,354.852,
882072.686,,338.928,357.101,
882172.683,,339.708,376.630,
882272.675,,339.661,370.781,
882372.674,,341.233,367.082,
882472.674,,341.968,366.308,
882572.664,,340.037,360.102,
882672.666,,341.329,360.439,
882772.657,,341.161,352.200,
882872.658,,339.614,347.733,
882972.655,,340.572,345.049,
883072.650,,340.068,343.012,
883172.647,,339.843,350.681,
883272.641,,339.800,362.259,
883372.635,,337.225,355.400,
883472.632,,337.975,348.242,
883572.627,,338.825,345.712,
883672.628,,339.804,344.603,
883772.622,,339.241,347.925,
883872.621,,339.251,350.420,
883972.618,,339.544,348.276,
884072.609,,340.203,343.341,
884172.606,,340.450,339.164,
884272.604,,339.826,336.523,
884372.603,,340.668,335.826,
884472.594,,340.169,337.297,
884572.596,,339.939,339.772,
884672.591,,340.575,341.953,
884772.589,,339.628,339.401,
884872.581,,338.548,340.098,
884972.578,,338.389,339.622,
885072.575,,338.050,336.169,
885172.571,,339.121,335.293,
885272.566,,339.703,334.583,
885372.567,,339.664,336.910,
885472.562,,338.154,339.099,
885572.555,,337.901,347.992,
885672.550,,337.631,353.551,
885772.551,,337.545,346.723,
885872.543,,338.089,343.058,
885972.541,,337.610,343.717,
886072.538,,337.677,343.561,
886172.538,,337.575,342.390,
886272.528,,337.891,341.600,
886372.527,,337.512,341.743,
886472.525,,336.786,340.410,
886572.521,,336.369,338.399,
886672.515,,335.805,337.401,
886772.514,,336.596,336.795,
886872.512,,338.945,336.468,
886972.506,,338.374,338.263,
887072.498,,339.911,339.167,
887172.501,,339.831,340.660,
887272.497,,339.891,340.379,
887372.493,,338.221,339.731,
887472.490,,338.404,339.548,
887572.480,,338.566,337.321,
887672.482,,338.358,340.574,
887772.474,,337.653,342.356,
887872.474,,337.502,346.159,
887972.473,,337.222,349.181,
888072.465,,337.819,351.668,
888172.468,,337.480,349.178,
888272.462,,337.911,346.489,
888372.461,,337.862,345.286,
888472.460,,337.989,342.793,
888572.457,,340.835,342.390,
888672.457,,339.878,344.841,
888772.454,,338.739,343.941,
888872.449,,339.401,344.227,
888972.452,,339.723,348.719,
889072.448,,338.553,348.075,
889172.447,,337.873,347.297,
889272.439,,337.891,345.674,
889372.437,,337.890,344.002,
889472.436,,337.980,342.825,
889572.438,,338.248,343.154,
889672.432,,338.141,341.783,
889772.428,,338.747,340.645,
889872.428,,338.113,341.091,
889972.428,,337.912,340.878,
890072.427,,337.607,340.844,
890172.420,,337.872,342.246,
890272.421,,337.835,341.616,
890372.417,,337.508,338.921,
890472.417,,337.542,343.427,
890572.414,,337.282,340.165,
890672.410,,337.069,339.355,
890772.412,,337.270,338.337,
890872.406,,337.045,340.704,
890972.404,,337.410,338.605,
891072.406,,337.694,338.036,
891172.399,,337.732,340.435,
891272.397,,337.876,341.796,
891372.400,,337.783,340.078,
891472.394,,337.702,343.906,
891572.392,,337.635,347.187,
891672.392,,337.782,346.038,
891772.385,,337.254,346.824,
891872.385,,337.321,344.530,
891972.383,,337.464,340.465,
892072.380,,337.851,337.255,
892172.381,,337.934,336.985,
892272.374,,337.920,341.143,
892372.372,,337.860,343.859,
892472.372,,337.445,349.996,
892572.373,,337.469,354.442,
892672.370,,338.030,358.179,
892772.363,,337.931,358.308,
892872.363,,337.724,356.533,
892972.365,,337.718,350.387,
893072.358,,338.236,346.785,
893172.361,,338.123,350.269,
893272.354,,339.423,345.712,
893372.353,,338.923,344.015,
893472.353,,337.705,341.259,
893572.352,,337.298,340.547,
893672.349,,337.705,340.896,
893772.347,,337.578,340.483,
893872.346,,337.197,338.786,
893972.343,,337.442,340.318,
894072.340,,337.008,349.429,
894172.339,,337.306,346.888,
894272.336,,337.219,343.144,
894372.328,,337.071,340.544,
894472.333,,336.696,339.562,
894572.329,,336.446,338.918,
894672.325,,336.996,342.189,
894772.326,,337.329,341.024,
894872.322,,337.255,340.012,
894972.318,,337.400,339.252,
895072.316,,337.575,340.273,
895172.316,,337.909,339.831,
895272.311,,338.022,337.494,
895372.307,,337.146,336.591,
895472.309,,337.250,336.085,
895572.304,,337.439,337.608,
895672.305,,337.376,346.549,
895772.299,,337.223,342.276,
895872.299,,336.598,336.738,
895972.296,,336.940,333.573,
896072.297,,336.491,336.851,
896172.292,,337.032,342.173,
896272.284,,337.553,346.561,
896372.282,,337.568,348.825,
896472.280,,337.961,356.493,
896572.280,,337.852,354.329,
896672.278,,337.719,348.406,
896772.275,,337.446,351.345,
896872.272,,337.480,362.520,
896972.266,,337.181,363.757,
897072.260,,336.960,359.307,
897172.261,,335.839,357.277,
897272.257,,337.092,356.117,
897372.255,,336.747,352.173,
897472.254,,338.635,346.615,
897572.251,,339.124,344.214,
897672.246,,340.272,344.953,
897772.241,,339.310,344.864,
897872.237,,337.668,342.451,
897972.237,,339.624,345.500,
898072.236,,339.193,351.181,
898172.231,,337.965,353.659,
898272.230,,337.955,353.576,
898372.223,,336.706,350.895,
898472.224,,336.834,350.896,
898572.218,,338.067,351.504,
898672.211,,338.603,352.842,
898772.210,,337.461,349.982,
898872.211,,336.542,346.411,
898972.204,,338.159,344.279,
899072.201,,339.196,341.626,
899172.202,,337.810,340.558,
899272.197,,338.142,337.341,
899372.195,,338.248,337.479,
899472.192,,339.516,338.815,
899572.186,,338.899,344.139,
899672.184,,337.449,343.530,
899772.183,,337.816,347.247,
899872.182,,338.136,346.851,
899972.175,,337.037,345.496,
900072.170,,336.644,345.967,
900172.170,,337.119,350.416,
900272.168,,336.634,351.455,
900372.164,,336.882,355.077,
900472.161,,337.234,351.741,
900572.157,,336.690,346.655,
900672.153,,336.764,343.486,
900772.152,,337.057,338.840,
900872.149,,337.753,336.471,
900972.144,,338.171,338.427,
901072.140,,339.672,339.694,
901172.137,,340.295,339.982,
901272.138,,339.965,338.099,
901372.132,,340.421,335.507,
901472.131,,339.128,333.303,
901572.126,,337.701,331.085,
901672.121,,337.215,330.677,
901772.119,,337.651,329.274,
901872.119,,336.395,333.400,
901972.117,,337.250,334.370,
902072.110,,337.606,332.561,
902172.108,,337.074,336.186,
902272.108,,337.250,333.643,
902372.099,,337.131,331.774,
902472.097,,337.386,333.477,
902572.096,,337.643,332.180,
902672.096,,337.187,335.353,
902772.087,,339.100,349.745,
902872.090,,338.963,345.841,
902972.084,,338.788,343.145,
903072.079,,338.555,343.483,
903172.078,,337.239,341.171,
903272.074,,337.787,339.447,
903372.075,,337.334,336.285,
903472.067,,337.247,333.334,
903572.068,,336.824,331.835,
903672.060,,337.576,333.037,
903772.061,,337.781,334.415,
903872.057,,340.182,336.671,
903972.054,,339.068,339.501,
904072.045,,341.284,342.760,
904172.046,,340.540,344.939,
904272.036,,342.174,349.110,
904372.037,,341.707,344.781,
904472.030,,341.959,341.410,
904572.024,,341.941,354.762,
904672.020,,340.764,368.538,
904772.019,,339.452,369.797,
904872.013,,340.137,365.062,
904972.007,,339.882,370.719,
905072.001,,339.163,369.504,
905171.997,,337.932,361.022,
905271.994,,337.571,362.024,
905371.988,,337.939,363.080,
905471.987,,337.905,361.314,
905571.980,,337.950,355.953,
905671.978,,337.574,349.767,
905771.970,,338.270,345.577,
905871.967,,337.600,341.933,
905971.966,,336.671,338.396,
906071.959,,337.351,336.806,
906171.955,,337.134,342.768,
906271.950,,336.697,340.624,
906371.947,,337.363,338.105,
906471.945,,337.984,336.310,
906571.937,,337.918,342.017,
906671.934,,338.754,343.766,
906771.927,,338.026,340.058,
906871.923,,338.012,336.154,
906971.919,,337.476,335.795,
907071.917,,337.510,338.209,
907171.915,,337.508,342.908,
907271.905,,336.878,340.882,
907371.901,,337.518,337.540,
907471.896,,336.696,335.490,
907571.892,,336.966,340.066,
907671.889,,336.092,348.803,
907771.888,,335.935,351.770,
907871.879,,335.469,347.102,
907971.879,,336.434,343.518,
908071.872,,337.026,342.681,
908171.869,,337.458,343.042,
908271.863,,336.830,341.123,
908371.858,,337.428,340.945,
908471.852,,339.027,340.540,
908571.850,,338.322,339.683,
908671.847,,338.382,340.458,
908771.839,,338.845,343.273,
908871.836,,338.999,344.880,
908971.832,,339.186,348.546,
909071.830,,338.684,347.674,
909171.823,,338.850,347.016,
909271.817,,338.704,346.106,
909371.812,,338.414,341.930,
909471.811,,339.287,339.888,
909571.807,,339.523,344.586,
909671.801,,341.136,343.824,
909771.798,,340.220,341.083,
909871.795,,337.733,339.734,
909971.790,,337.179,337.164,
910071.784,,335.716,335.117,
910171.776,,336.193,334.347,
910271.774,,336.217,336.228,
910371.769,,336.332,341.311,
910471.767,,336.224,345.261,
910571.759,,336.431,348.226,
910671.754,,336.653,345.627,
910771.753,,336.699,347.187,
910871.749,,337.221,347.409,
910971.747,,337.769,345.506,
911071.740,,338.529,343.305,
911171.738,,339.690,341.406,
911271.733,,338.203,343.482,
911371.727,,338.562,345.665,
911471.722,,338.667,347.456,
911571.715,,338.426,341.493,
911671.715,,338.263,339.359,
911771.709,,337.574,336.089,
911871.707,,337.010,335.002,
911971.704,,336.507,334.619,
912071.702,,337.165,333.693,
912171.700,,337.345,335.085,
912271.698,,336.794,337.869,
912371.700,,337.566,340.324,
912471.699,,336.200,339.629,
912571.695,,337.319,337.387,
912671.696,,336.735,338.525,
912771.691,,337.087,339.484,
912871.689,,337.151,353.383,
912971.688,,337.390,354.524,
913071.686,,337.204,354.778,
913171.687,,337.847,353.458,
913271.685,,337.237,354.815,
913371.683,,337.884,347.948,
913471.680,,337.212,344.843,
913571.681,,340.932,345.757,
913671.679,,339.910,342.287,
913771.677,,338.831,340.685,
913871.676,,338.745,342.152,
913971.676,,337.886,345.376,
914071.675,,337.201,346.763,
914171.670,,337.158,346.310,
914271.673,,338.053,344.688,
914371.667,,338.975,347.463,
914471.667,,338.608,350.991,
914571.664,,338.043,361.891,
914671.662,,339.475,366.076,
914771.665,,339.590,368.787,
914871.665,,339.885,365.060,
914971.658,,338.577,356.391,
915071.662,,339.679,350.657,
915171.658,,341.240,344.253,
915271.657,,339.008,342.071,
915371.653,,336.581,338.877,
915471.657,,338.657,341.723,
915571.651,,339.542,345.420,
915671.651,,338.181,341.783,
915771.651,,337.470,339.797,
915871.647,,337.786,340.605,
915971.644,,338.926,344.174,
916071.648,,339.206,341.854,
916171.648,,339.089,343.007,
916271.643,,340.360,342.662,
916371.644,,340.317,340.724,
916471.641,,339.514,341.353,
916571.638,,338.818,343.330,
916671.637,,340.031,346.104,
916771.634,,341.133,342.721,
916871.632,,340.152,340.723,
916971.631,,339.885,341.331,
917071.630,,339.941,341.081,
917171.634,,339.391,337.995,
917271.629,,339.176,336.575,
917371.629,,339.919,336.470,
917471.627,,339.848,334.594,
917571.622,,338.522,334.034,
917671.621,,337.840,336.608,
917771.619,,337.696,339.437,
917871.621,,337.331,343.244,
917971.620,,337.375,346.993,
918071.619,,336.945,345.514,
918171.614,,337.516,343.741,
918271.618,,336.911,353.450,
918371.612,,336.300,350.607,
918471.613,,336.855,348.654,
918571.613,,336.427,348.977,
918671.611,,336.738,345.530,
918771.607,,336.292,345.016,
918871.607,,335.895,346.696,
918971.606,,336.231,347.785,
919071.602,,337.200,345.776,
919171.600,,338.319,344.751,
919271.602,,337.341,344.062,
919371.598,,337.861,342.660,
919471.597,,338.676,342.656,
919571.598,,338.323,349.172,
919671.598,,337.282,351.136,
919771.594,,336.958,345.048,
919871.594,,337.630,343.191,
919971.592,,337.752,346.587,
920071.586,,337.532,347.505,
920171.581,,337.319,347.961,
920271.576,,337.756,345.750,
920371.570,,337.956,341.766,
920471.571,,337.379,343.346,
920571.567,,337.813,347.848,
920671.559,,338.331,353.076,
920771.554,,339.419,350.159,
920871.554,,338.204,346.441,
920971.544,,338.872,347.250,
921071.541,,338.375,350.010,
921171.538,,338.575,346.412,
921271.537,,337.435,344.471,
921371.533,,338.665,342.230,
921471.524,,338.905,340.488,
921571.524,,338.427,344.266,
921671.517,,338.377,345.799,
921771.509,,338.542,346.056,
921871.505,,338.685,344.300,
921971.506,,338.893,342.102,
922071.497,,338.922,342.042,
922171.494,,338.952,340.713,
922271.489,,338.964,340.487,
922371.488,,339.385,342.693,
922471.480,,340.635,342.402,
922571.480,,340.152,340.923,
922671.473,,339.661,339.610,
922771.472,,339.384,337.855,
922871.466,,338.551,338.812,
922971.461,,338.609,338.892,
923071.458,,338.488,336.672,
923171.452,,337.613,334.986,
923271.450,,337.831,340.646,
923371.445,,337.568,352.520,
923471.441,,336.695,348.960,
923571.438,,336.240,346.138,
923671.428,,337.772,346.632,
923771.428,,337.299,344.245,
923871.423,,336.946,347.081,
923971.419,,335.900,345.670,
924071.410,,337.134,341.413,
924171.407,,336.586,338.573,
924271.402,,336.712,337.966,
924371.403,,336.053,335.261,
924471.396,,335.455,334.631,
924571.390,,336.302,334.458,
924671.384,,337.616,333.541,
924771.385,,337.394,333.615,
924871.377,,337.484,335.396,
924971.377,,338.238,337.353,
925071.373,,337.938,341.966,
925171.365,,337.900,342.651,
925271.364,,338.465,339.963,
925371.359,,338.949,338.013,
925471.350,,338.535,343.343,
925571.346,,338.543,356.310,
925671.342,,337.847,358.225,
925771.338,,337.584,355.736,
925871.332,,338.211,378.825,
925971.331,,339.310,378.790,
926071.324,,340.410,368.446,
926171.320,,338.632,372.244,
926271.317,,338.489,366.716,
926371.315,,339.335,358.131,
926471.309,,338.948,353.167,
926571.302,,338.202,353.594,
926671.302,,338.034,351.738,
926771.298,,337.822,346.772,
926871.293,,338.078,347.545,
926971.286,,337.878,349.663,
927071.281,,337.702,363.757,
927171.282,,337.670,358.963,
927271.274,,339.235,355.897,
927371.268,,339.030,348.899,
927471.267,,338.578,347.565,
927571.264,,338.049,354.812,
927671.255,,338.462,348.428,
927771.254,,338.179,349.051,
927871.250,,338.834,352.950,
927971.251,,338.917,348.752,
928071.244,,337.755,343.532,
928171.243,,337.744,340.676,
928271.244,,337.450,341.568,
928371.243,,336.374,339.647,
928471.244,,337.843,339.147,
928571.241,,338.621,336.721,
928671.238,,338.510,339.102,
928771.239,,338.591,337.052,
928871.237,,338.280,340.028,
928971.231,,337.119,339.368,
929071.234,,337.295,339.957,
929171.229,,337.945,350.906,
929271.230,,339.283,365.254,
929371.227,,339.133,363.217,
929471.228,,338.169,356.999,
929571.228,,338.657,352.205,
929671.222,,337.231,346.552,
929771.222,,336.739,345.410,
929871.221,,336.798,342.971,
929971.222,,337.024,342.963,
930071.216,,338.158,343.954,
930171.214,,338.497,343.654,
930271.212,,338.584,345.830,
930371.212,,337.614,346.356,
930471.215,,337.409,348.655,
930571.209,,337.928,348.611,
930671.210,,337.974,347.769,
930771.209,,338.240,347.193,
930871.204,,338.020,343.751,
930971.206,,337.503,345.249,
931071.203,,337.597,349.496,
931171.201,,337.833,344.126,
931271.204,,337.827,341.578,
931371.201,,337.273,341.197,
931471.199,,337.240,342.460,
931571.194,,337.656,342.709,
931671.194,,337.025,346.696,
931771.191,,336.211,350.114,
931871.191,,336.270,351.961,
931971.195,,337.527,350.514,
932071.193,,337.023,348.424,
932171.187,,336.980,347.688,
932271.185,,337.344,349.010,
932371.189,,337.451,347.175,
932471.184,,337.757,343.564,
932571.183,,337.910,340.641,
932671.185,,336.575,343.328,
932771.180,,337.153,344.899,
932871.179,,336.754,345.820,
932971.178,,336.311,341.771,
933071.174,,336.684,340.741,
933171.173,,335.899,340.981,
933271.172,,336.784,341.494,
933371.171,,338.076,344.018,
933471.170,,338.118,340.140,
933571.166,,339.220,340.881,
933671.165,,337.826,346.107,
933771.169,,337.925,345.854,
933871.162,,337.479,347.477,
933971.161,Input1*2*0,337.153,349.516,
934071.163,Input1*2*1,337.683,357.373,
934171.163,,337.288,350.016,
934271.158,,338.820,346.585,
934371.160,,338.665,341.941,
934471.155,,337.560,339.520,
934571.154,,337.937,337.584,
934671.151,,337.812,334.869,
934771.150,,337.777,334.584,
934871.153,,338.142,337.006,
934971.149,,338.657,335.970,
935071.151,,339.189,338.170,
935171.149,,339.868,340.021,
935271.144,,338.692,370.517,
935371.145,,338.105,361.559,
935471.142,,337.802,360.012,
935571.139,,337.929,353.460,
935671.139,,337.859,349.924,
935771.137,,337.927,353.938,
935871.138,,337.472,354.704,
935971.132,,338.015,350.624,
936071.127,,338.114,348.813,
936171.127,,338.057,343.862,
936271.114,,337.595,344.262,
936371.120,,338.563,342.315,
936471.114,,338.250,341.749,
936571.106,,337.763,339.576,
936671.104,,337.686,337.014,
936771.099,,335.578,334.798,
936871.095,,338.004,338.323,
936971.091,,338.782,337.893,
937071.092,,339.143,337.330,
937171.087,,338.326,344.513,
937271.083,,338.027,342.384,
937371.076,,336.724,344.474,
937471.070,,339.202,345.000,
937571.070,,339.295,354.484,
937671.067,,339.011,367.414,
937771.058,,338.640,359.728,
937871.058,,339.078,353.867,
937971.057,,339.179,346.858,
938071.048,,339.870,342.470,
938171.049,,338.696,341.662,
938271.045,,338.045,342.094,
938371.040,,338.105,346.222,
938471.036,,338.120,346.394,
938571.027,,338.400,344.385,
938671.025,,338.666,342.194,
938771.022,,338.626,339.502,
938871.021,,338.927,337.723,
938971.015,,338.880,339.515,
939071.007,,338.861,347.719,
939171.004,,338.859,357.018,
939271.000,,337.943,372.745,
939371.000,,338.323,362.904,
939470.991,,338.139,357.436,
939570.986,,339.098,350.917,
939670.985,,338.705,345.420,
939770.980,,339.183,342.025,
939870.978,,339.689,340.385,
939970.975,,338.409,346.132,
940070.973,,338.542,355.412,
940170.964,,338.758,350.962,
940270.965,,338.759,345.496,
940370.960,,339.005,342.123,
940470.955,,339.389,341.180,
940570.950,,340.013,339.679,
940670.949,,337.640,338.357,
940770.939,,338.692,337.929,
940870.940,,338.646,335.684,
940970.937,,338.708,335.749,
941070.930,,338.724,338.131,
941170.922,,338.622,338.229,
941270.920,,338.767,341.196,
941370.915,,337.964,357.472,
941470.917,,338.808,364.116,
941570.912,,340.509,358.255,
941670.906,,342.657,349.664,
941770.905,,338.550,343.222,
941870.900,,338.654,341.634,
941970.891,,338.361,364.654,
942070.886,,338.349,361.421,
942170.885,,338.696,353.575,
942270.885,,338.148,349.037,
942370.876,,337.392,345.508,
942470.874,,337.140,342.336,
942570.870,,337.087,339.559,
942670.866,,337.813,336.874,
942770.865,,336.036,343.832,
942870.856,Input1*2*0,336.776,348.259,
942970.852,,336.620,350.225,
943070.851,,337.577,359.582,
943170.844,,337.324,353.496,
943270.842,,338.928,350.030,
943370.841,Input1*2*1,339.622,353.842,
943470.834,,338.727,349.190,
943570.831,,337.980,347.992,
943670.824,,336.920,353.945,
943770.818,,336.936,351.489,
943870.817,,337.475,348.407,
943970.818,,337.888,345.756,
944070.814,,337.485,343.683,
944170.811,,338.070,340.411,
944270.808,,336.720,340.134,
944370.803,,337.870,338.514,
944470.799,,338.337,337.888,
944570.799,,339.523,335.908,
944670.790,,339.130,338.377,
944770.789,,339.479,340.015,
944870.788,,338.741,340.129,
944970.787,,336.920,344.726,
945070.782,,336.155,342.626,
945170.781,,337.027,339.418,
945270.778,,336.722,339.765,
945370.771,,336.869,339.182,
945470.769,,336.928,338.525,
945570.768,,337.007,342.668,
945670.760,,337.422,344.855,
945770.760,,335.559,352.469,
945870.754,,335.851,353.126,
945970.751,,335.642,354.067,
946070.747,,335.719,361.688,
946170.750,,335.606,360.594,
946270.745,,335.063,359.404,
946370.745,,336.450,359.878,
946470.741,,336.169,366.008,
946570.736,,336.847,375.512,
946670.733,,336.403,375.169,
946770.729,,335.935,367.931,
946870.723,,336.421,359.815,
946970.722,,336.544,355.920,
947070.717,,336.476,358.915,
947170.718,,336.844,356.932,
947270.717,,335.847,358.488,
947370.708,,337.950,364.379,
947470.710,,338.914,366.694,
947570.705,,337.968,364.002,
947670.701,,336.973,363.135,
947770.702,,336.305,359.643,
947870.698,,336.306,354.708,
947970.691,,335.716,349.066,
948070.689,,336.433,346.069,
948170.684,,336.123,342.596,
948270.681,,336.711,341.259,
948370.677,,337.122,338.905,
948470.676,,336.054,336.876,
948570.671,,336.532,338.660,
948670.669,,335.900,340.920,
948770.670,,336.698,341.890,
948870.669,,337.173,343.825,
948970.661,,338.236,344.767,
949070.658,,340.330,344.838,
949170.653,,340.568,342.640,
949270.653,,338.650,341.859,
949370.652,,338.436,342.709,
949470.648,,337.097,339.931,
949570.642,,337.417,339.045,
949670.643,,336.915,341.271,
949770.637,,336.938,344.204,
949870.637,,336.268,341.487,
949970.631,,336.320,338.332,
950070.626,,335.810,335.191,
950170.628,,336.021,335.503,
950270.626,,334.804,338.308,
950370.620,,335.094,336.844,
950470.615,,335.867,334.434,
950570.615,,334.559,333.588,
950670.609,,335.266,343.475,
950770.609,,335.232,357.937,
950870.601,,335.593,363.437,
950970.599,,334.786,355.553,
951070.601,,334.869,353.151,
951170.595,,335.267,349.839,
951270.594,,334.571,346.895,
951370.589,,335.127,343.168,
951470.589,,335.081,339.171,
951570.584,,335.188,338.936,
951670.581,,335.319,339.147,
951770.577,,334.667,339.384,
951870.575,,337.062,343.800,
951970.572,,338.706,349.015,
952070.569,,338.635,351.824,
952170.566,,337.819,350.245,
952270.564,,336.761,347.587,
952370.561,,336.182,345.964,
952470.563,,335.855,344.354,
952570.564,,335.989,349.206,
952670.557,,336.625,349.568,
952770.556,,336.016,346.758,
952870.554,,336.174,343.636,
952970.557,,336.115,342.248,
953070.549,,336.195,344.107,
953170.548,,335.754,346.171,
953270.545,,335.628,344.810,
953370.546,,336.457,342.506,
953470.545,,336.239,342.566,
953570.543,,336.427,350.173,
953670.540,,337.861,352.783,
953770.536,,337.577,347.264,
953870.537,,338.986,347.102,
953970.537,,339.774,344.602,
954070.537,,337.433,341.181,
954170.534,,337.321,340.974,
954270.530,,337.554,339.292,
954370.528,,338.137,348.762,
954470.523,,337.475,349.439,
954570.527,,337.736,346.237,
954670.524,,337.645,343.010,
954770.519,,338.179,343.791,
954870.516,,338.582,344.490,
954970.520,,338.340,345.500,
955070.517,,337.218,343.441,
955170.511,,337.028,342.013,
955270.509,,338.109,341.316,
955370.508,,338.679,340.329,
955470.507,,337.810,339.352,
955570.509,,338.878,338.180,
955670.505,,338.963,336.424,
955770.506,,337.977,336.001,
955870.502,,337.727,335.653,
955970.498,,337.697,333.795,
956070.496,,337.079,334.562,
956170.496,,337.157,333.266,
956270.492,,337.619,332.047,
956370.489,,337.576,330.508,
956470.491,,337.583,333.605,
956570.485,,337.601,343.485,
956670.489,,337.492,347.437,
956770.482,,337.321,342.314,
956870.480,,337.236,337.990,
956970.482,,337.638,340.441,
957070.478,,337.533,350.977,
957170.476,,337.418,348.655,
957270.476,,337.135,344.441,
957370.477,,337.369,341.065,
957470.475,,337.475,345.019,
957570.468,,337.476,341.176,
957670.471,,337.368,339.409,
957770.465,,337.603,340.231,
957870.467,,337.674,349.097,
957970.464,,337.057,353.723,
958070.460,,336.989,359.526,
958170.461,,336.971,355.384,
958270.459,,336.917,348.252,
958370.459,,337.142,344.778,
958470.453,,337.195,348.527,
958570.453,,336.942,350.351,
958670.452,,337.132,348.228,
958770.446,,336.548,346.349,
958870.448,,336.696,349.242,
958970.442,,336.992,369.532,
959070.442,,336.674,384.355,
959170.443,,337.429,372.937,
959270.438,,336.396,365.704,
959370.441,,336.729,359.449,
959470.435,,337.295,356.122,
959570.434,,338.501,351.414,
959670.433,,339.335,353.461,
959770.428,,337.798,348.586,
959870.426,,337.327,345.674,
959970.427,,338.279,350.231,
960070.424,,338.345,349.827,
960170.416,,339.373,349.528,
960270.413,,338.040,346.464,
960370.414,,338.615,341.934,
960470.408,,338.966,339.000,
960570.404,,338.148,336.770,
960670.403,,336.773,334.950,
960770.400,,337.236,347.615,
960870.397,,339.522,365.237,
960970.396,,338.861,359.885,
961070.388,,338.877,352.888,
961170.387,,340.729,349.376,
961270.385,,339.212,348.906,
961370.379,,340.092,347.184,
961470.376,,338.691,343.117,
961570.375,,337.259,341.418,
961670.374,,336.668,342.512,
961770.371,,336.928,341.472,
961870.364,,336.546,341.755,
961970.360,,336.637,343.547,
962070.362,,336.499,345.429,
962170.358,,336.854,346.389,
962270.353,,336.814,343.945,
962370.351,,336.595,342.838,
962470.348,,336.983,343.319,
962570.342,,337.218,345.016,
962670.337,,336.363,355.402,
962770.339,,336.366,351.575,
962870.334,,335.997,347.778,
962970.328,,335.867,343.579,
963070.327,,336.922,340.059,
963170.324,,336.510,340.238,
963270.321,,336.230,344.097,
963370.321,,336.594,344.411,
963470.318,,336.428,340.531,
963570.308,,336.629,339.460,
963670.307,,336.939,340.919,
963770.305,,335.902,336.500,
963870.299,,336.792,336.311,
963970.300,,337.948,342.900,
964070.296,,338.655,342.149,
964170.292,,337.878,339.960,
964270.288,,336.829,337.593,
964370.289,,336.961,338.231,
964470.284,,336.682,336.026,
964570.281,,336.732,335.939,
964670.275,,337.000,340.441,
964770.272,,336.356,339.429,
964870.267,,336.960,348.341,
964970.265,,335.891,361.971,
965070.263,,335.450,374.299,
965170.262,,336.211,370.164,
965270.260,,336.148,374.456,
965370.253,,337.812,376.220,
965470.251,,338.871,372.822,
965570.245,,337.417,364.253,
965670.243,,336.859,366.948,
965770.239,,336.559,376.300,
965870.241,,336.646,376.953,
965970.238,,335.706,374.411,
966070.234,,337.241,373.863,
966170.231,,338.020,368.810,
966270.230,,337.131,361.071,
966370.223,,336.253,356.200,
966470.223,,335.583,352.293,
966570.214,,335.761,349.295,
966670.214,,336.005,348.179,
966770.211,,336.920,346.433,
966870.207,,336.791,345.037,
966970.202,,336.914,346.432,
967070.199,,336.719,350.378,
967170.195,,336.069,350.081,
967270.195,,336.320,346.729,
967370.188,,335.647,344.186,
967470.189,,335.484,343.949,
967570.184,,336.659,348.038,
967670.180,,336.703,349.812,
967770.176,,336.968,358.883,
967870.175,,336.145,367.050,
967970.173,,337.997,375.952,
968070.170,,338.062,374.243,
968170.169,,335.747,363.861,
968270.161,,334.523,363.938,
968370.157,,334.144,372.125,
968470.160,,334.627,374.116,
968570.156,,334.333,375.595,
968670.151,,335.489,371.202,
968770.144,,336.440,363.181,
968870.145,,337.714,356.392,
968970.142,,338.655,348.902,
969070.136,,337.629,344.900,
969170.132,,336.886,345.891,
969270.133,,337.346,349.588,
969370.129,,337.187,347.130,
969470.128,,336.858,343.285,
969570.120,,336.397,341.854,
969670.122,,335.629,340.176,
969770.114,,335.833,339.843,
969870.114,,336.556,343.509,
969970.106,,335.438,340.820,
970070.106,,335.910,348.617,
970170.106,,335.204,358.865,
970270.100,,335.651,372.003,
970370.096,,336.343,362.207,
970470.090,,336.695,352.889,
970570.092,,335.962,346.221,
970670.089,,336.174,344.872,
970770.087,,336.363,344.379,
970870.083,,336.895,349.148,
970970.077,,336.731,346.220,
971070.076,,336.683,340.820,
971170.071,,336.137,337.764,
971270.067,,336.221,336.164,
971370.066,,337.393,335.896,
971470.060,,337.412,334.222,
971570.055,,337.006,334.596,
971670.058,,336.930,332.789,
971770.051,,336.693,336.520,
971870.049,,336.342,339.679,
971970.049,,335.830,342.246,
972070.043,,336.938,340.709,
972170.043,,338.426,341.577,
972270.036,,340.208,342.286,
972370.031,,340.812,341.645,
972470.030,,339.383,339.769,
972570.029,,336.449,339.242,
972670.021,,335.955,339.383,
972770.022,,335.703,337.476,
972870.015,,336.252,337.056,
972970.014,,336.029,357.066,
973070.008,,335.680,358.193,
973170.007,,335.920,356.072,
973270.006,,336.183,353.908,
973370.000,,335.278,345.622,
973469.999,,334.127,338.644,
973569.996,,334.288,340.323,
973669.992,,335.047,339.244,
973769.988,,333.836,336.962,
973869.987,,333.878,336.973,
973969.984,,333.956,337.476,
974069.979,,333.042,336.926,
974169.977,,332.248,333.580,
974269.977,,333.275,330.926,
974369.971,,333.890,329.253,
974469.967,,335.566,332.656,
974569.963,,335.124,335.234,
974669.958,,335.324,333.663,
974769.957,,335.991,331.368,
974869.958,,335.736,331.362,
974969.951,,335.504,336.345,
975069.950,,335.783,340.376,
975169.946,,336.196,339.255,
975269.940,,335.749,338.413,
975369.940,,335.462,334.128,
975469.933,,335.100,332.275,
975569.935,,335.092,331.861,
975669.929,,335.015,330.189,
975769.926,,333.878,330.798,
975869.921,,333.435,330.600,
975969.920,,333.389,331.728,
976069.918,,334.023,329.624,
976169.907,,333.983,331.524,
976269.903,,335.212,329.749,
976369.902,,334.701,328.199,
976469.900,,335.329,327.314,
976569.894,,335.290,327.812,
976669.889,,335.938,327.501,
976769.883,,335.970,328.058,
976869.883,,335.284,329.658,
976969.877,,335.759,333.907,
977069.875,,335.765,336.558,
977169.870,,335.718,336.295,
977269.864,,335.609,339.403,
977369.861,,334.688,342.315,
977469.854,,335.196,342.306,
977569.854,,334.681,339.677,
977669.849,,334.583,339.711,
977769.843,,335.959,343.445,
977869.841,,336.821,341.975,
977969.835,,336.616,340.445,
978069.832,,336.650,340.892,
978169.824,,335.578,339.206,
978269.824,,335.624,339.662,
978369.815,,335.583,338.837,
978469.812,,336.096,341.959,
978569.806,,336.515,340.875,
978669.804,,336.554,340.253,
978769.799,,336.614,340.615,
978869.796,,336.542,339.924,
978969.795,,335.876,338.151,
979069.789,,335.926,338.095,
979169.781,,336.008,340.292,
979269.776,,336.425,341.492,
979369.773,,335.130,341.224,
979469.769,,335.432,343.744,
979569.767,,334.884,347.218,
979669.766,,335.242,350.012,
979769.760,,335.446,350.314,
979869.751,,335.715,349.723,
979969.750,,335.950,347.256,
980069.748,,336.344,348.865,
980169.744,,337.642,347.165,
980269.740,,337.055,346.469,
980369.736,,337.172,346.002,
980469.731,,338.249,348.600,
980569.725,,338.134,349.518,
980669.723,,337.061,347.945,
980769.718,,338.733,344.040,
980869.710,,338.007,340.119,
980969.709,,338.271,340.000,
981069.701,,338.652,344.088,
981169.700,,338.212,344.370,
981269.696,,335.812,343.603,
981369.687,,336.297,346.636,
981469.687,,335.864,352.085,
981569.682,,337.004,354.677,
981669.676,,338.177,359.678,
981769.677,,338.493,356.562,
981869.669,,338.856,351.876,
981969.662,,339.351,353.737,
982069.663,,338.058,351.244,
982169.658,,339.174,347.176,
982269.653,,337.984,345.618,
982369.651,,336.440,344.006,
982469.645,,336.402,343.908,
982569.636,,335.795,343.708,
982669.635,,336.029,339.346,
982769.630,,335.450,335.324,
982869.627,,335.782,336.721,
982969.623,,336.748,336.405,
983069.616,,337.803,335.086,
983169.611,,337.867,334.841,
983269.611,,338.117,336.879,
983369.603,,337.631,338.116,
983469.600,,335.464,335.678,
983569.599,,336.370,339.039,
983669.596,,335.660,337.697,
983769.591,,336.642,338.682,
983869.586,,336.671,342.013,
983969.584,,336.573,343.400,
984069.577,,336.062,341.464,
984169.576,,336.146,337.926,
984269.569,,336.342,336.798,
984369.570,,336.875,335.469,
984469.564,,336.368,333.687,
984569.561,,336.788,335.110,
984669.561,,336.859,336.879,
984769.559,,336.013,336.539,
984869.555,,336.288,335.996,
984969.554,,335.973,337.337,
985069.545,,335.856,343.060,
985169.545,,335.894,342.301,
985269.544,,335.917,347.244,
985369.540,,335.992,352.318,
985469.534,,336.040,348.410,
985569.530,,336.115,343.633,
985669.526,,335.775,342.168,
985769.523,,336.622,339.083,
985869.523,,337.159,339.284,
985969.518,,336.180,339.959,
986069.519,,336.385,336.800,
986169.517,,335.794,342.980,
986269.513,,335.759,344.947,
986369.507,,336.183,342.021,
986469.504,,336.451,343.697,
986569.501,,336.967,355.929,
986669.496,,336.719,351.186,
986769.495,,335.855,343.437,
986869.490,,335.733,338.570,
986969.492,,335.623,336.632,
987069.489,,335.952,339.536,
987169.480,,335.968,338.461,
987269.477,,335.766,338.487,
987369.478,,335.686,339.340,
987469.472,,335.515,343.711,
987569.471,,335.990,340.440,
987669.470,,335.702,339.046,
987769.467,,336.989,339.714,
987869.461,,336.996,339.479,
987969.457,,336.613,341.421,
988069.456,,336.870,341.886,
988169.451,,336.908,344.491,
988269.446,,336.783,344.080,
988369.445,,336.983,342.324,
988469.443,,338.240,341.498,
988569.437,,337.603,339.141,
988669.438,,338.124,339.032,
988769.433,,337.662,340.361,
988869.431,,337.759,342.399,
988969.426,,337.144,339.372,
989069.424,,337.550,337.192,
989169.423,,337.798,335.818,
989269.420,,337.253,345.972,
989369.416,,337.332,342.352,
989469.412,,337.162,337.293,
989569.408,,336.988,333.755,
989669.404,,337.469,332.479,
989769.399,,335.818,332.410,
989869.401,,335.866,335.870,
989969.393,,336.378,337.459,
990069.391,,336.678,338.141,
990169.388,,336.075,337.076,
990269.386,,335.862,345.482,
990369.381,,336.142,353.438,
990469.379,,336.005,355.143,
990569.377,,335.662,364.725,
990669.373,,334.662,377.939,
990769.373,,334.758,377.894,
990869.370,,334.497,392.724,
990969.367,,333.721,381.022,
991069.361,,335.216,368.054,
991169.356,,335.941,369.494,
991269.359,,336.246,371.372,
991369.351,,336.094,370.685,
991469.350,,336.047,366.983,
991569.347,,335.688,361.750,
991669.342,,335.764,355.367,
991769.339,,335.718,351.443,
991869.340,,335.972,349.002,
991969.334,,336.882,362.368,
992069.333,,336.770,365.381,
992169.328,,336.730,358.459,
992269.327,,336.775,352.229,
992369.322,,336.587,347.237,
992469.318,,337.947,344.976,
992569.315,,338.859,343.133,
992669.315,,337.569,338.086,
992769.308,,336.932,339.852,
992869.304,,336.813,340.639,
992969.302,,337.377,341.597,
993069.301,,337.880,345.121,
993169.297,,340.721,348.476,
993269.294,,339.848,344.386,
993369.294,,339.401,339.887,
993469.289,,339.417,341.836,
993569.289,,338.911,347.050,
993669.280,,338.932,347.861,
993769.281,,338.639,350.981,
993869.278,,338.388,345.854,
993969.272,,338.784,340.306,
994069.268,,337.648,336.615,
994169.271,,335.613,335.356,
994269.266,,335.782,335.878,
994369.260,,336.219,339.042,
994469.259,,336.111,343.723,
994569.258,,335.621,341.571,
994669.255,,335.944,337.439,
994769.248,,336.321,335.023,
994869.245,,336.478,334.842,
994969.246,,336.113,335.482,
995069.243,,336.220,339.497,
995169.238,,336.910,343.401,
995269.233,,336.398,343.097,
995369.232,,336.104,343.019,
995469.228,,337.354,344.796,
995569.226,,336.151,342.738,
995669.220,,336.237,342.656,
995769.220,,336.431,342.271,
995869.217,,336.917,340.186,
995969.212,,336.516,338.118,
996069.213,,336.823,335.134,
996169.208,,337.133,333.376,
996269.204,,335.750,331.413,
996369.202,,336.696,329.967,
996469.198,,337.713,332.402,
996569.196,,340.364,333.797,
996669.193,,339.311,335.921,
996769.188,,338.664,336.501,
996869.188,,338.505,338.828,
996969.185,,338.028,343.431,
997069.182,,336.498,345.794,
997169.178,,335.668,347.766,
997269.174,,336.566,350.160,
997369.170,,336.367,350.794,
997469.169,,336.792,350.095,
997569.167,,336.696,345.952,
997669.162,,337.494,342.530,
997769.158,,336.722,339.811,
997869.155,,336.566,337.574,
997969.150,,336.099,337.855,
998069.151,,336.252,338.557,
998169.143,,336.632,341.922,
998269.147,,337.486,353.657,
998369.139,,338.699,353.753,
998469.134,,337.568,350.356,
998569.137,,335.927,344.634,
998669.130,,336.057,341.296,
998769.125,,336.385,340.500,
998869.127,,336.408,340.490,
998969.124,,336.300,341.817,
999069.121,,336.146,343.998,
999169.116,,337.339,342.431,
999269.115,,337.718,341.863,
999369.108,,337.036,340.818,
999469.109,,338.050,340.312,
999569.102,,338.787,340.686,
999669.099,,338.739,338.818,
999769.095,,337.138,339.534,
999869.092,,336.624,340.558,
999969.091,,336.983,340.421,
1000069.086,,337.374,338.415,
1000169.089,,337.139,339.608,
1000269.084,,337.361,338.322,
1000369.082,,338.372,336.220,
1000469.077,,337.252,337.357,
1000569.077,,338.054,347.474,
1000669.072,,337.878,344.457,
1000769.073,,337.878,340.032,
1000869.070,,337.051,336.040,
1000969.068,,338.074,336.565,
1001069.064,,336.278,332.694,
1001169.065,,337.381,333.367,
1001269.056,,337.406,334.323,
1001369.059,,337.391,335.114,
1001469.052,,336.723,337.080,
1001569.050,,336.467,338.447,
1001669.050,,336.750,335.888,
1001769.050,,337.829,334.275,
1001869.042,,336.982,331.907,
1001969.038,,336.298,333.858,
1002069.036,,336.327,340.440,
1002169.037,,336.679,344.167,
1002269.033,,336.507,343.720,
1002369.035,,336.527,345.172,
1002469.027,,335.798,344.147,
1002569.028,,336.696,341.299,
1002669.020,,336.795,339.785,
1002769.020,,337.098,340.413,
1002869.015,,337.047,342.118,
1002969.013,,336.530,341.028,
1003069.013,,336.193,340.070,
1003169.010,,337.647,340.280,
1003269.007,,337.599,337.537,
1003369.003,,337.579,335.913,
1003469.005,,337.440,341.737,
1003568.998,,337.320,344.776,
1003669.000,,336.926,346.573,
1003768.997,,337.036,348.235,
1003868.996,,337.328,343.698,
1003968.991,,337.177,341.963,
1004068.985,,336.730,339.409,
1004168.985,,336.835,338.742,
1004268.981,,335.743,338.344,
1004368.981,,336.638,337.701,
1004468.978,,336.989,342.043,
1004568.973,,336.940,346.358,
1004668.969,,337.288,342.005,
1004768.968,,336.780,339.367,
1004868.966,,336.660,338.341,
1004968.966,,336.722,338.931,
1005068.966,,336.417,340.909,
1005168.962,,336.436,345.986,
1005268.958,,337.333,343.469,
1005368.956,,337.549,338.642,
1005468.955,,336.707,336.672,
1005568.947,,337.039,337.003,
1005668.946,,336.623,336.485,
1005768.948,,337.395,344.981,
1005868.944,,337.134,342.274,
1005968.937,,337.056,351.485,
1006068.937,,335.931,355.095,
1006168.937,,336.024,353.859,
1006268.934,,335.874,351.110,
1006368.932,,336.717,348.901,
1006468.927,,336.461,372.725,
1006568.922,,336.298,370.162,
1006668.919,,336.536,370.205,
1006768.921,,336.400,360.984,
1006868.916,,335.440,354.913,
1006968.911,,335.951,348.984,
1007068.912,,336.176,345.341,
1007168.907,,336.110,342.502,
1007268.907,,336.423,340.262,
1007368.903,,336.482,336.959,
1007468.905,,336.043,336.238,
1007568.900,,335.304,337.731,
1007668.898,,336.468,338.410,
1007768.892,,336.617,337.455,
1007868.893,,337.682,343.283,
1007968.890,,336.979,351.315,
1008068.881,,336.832,347.327,
1008168.882,,337.558,345.326,
1008268.880,,337.182,345.723,
1008368.875,,336.881,344.240,
1008468.870,,336.353,345.316,
1008568.865,,337.493,340.605,
1008668.866,,337.361,337.629,
1008768.865,,336.935,337.268,
1008868.860,,336.057,337.924,
1008968.857,,335.782,337.114,
1009068.854,,336.429,335.186,
1009168.852,,336.751,333.852,
1009268.842,,335.829,333.008,
1009368.840,,336.301,333.609,
1009468.841,,337.838,332.813,
1009568.832,,337.671,334.304,
1009668.832,,338.274,333.259,
1009768.827,,337.331,333.717,
1009868.825,,333.255,339.514,
1009968.823,,335.142,349.313,
1010068.815,,334.245,348.166,
1010168.814,,335.118,346.920,
1010268.815,,333.878,346.819,
1010368.806,,334.657,346.368,
1010468.808,,334.032,347.556,
1010568.799,,336.470,345.607,
1010668.801,,336.578,345.110,
1010768.796,,336.197,346.158,
1010868.792,,336.445,345.911,
1010968.787,,335.643,346.603,
1011068.786,,333.498,341.786,
1011168.781,,334.330,340.028,
1011268.780,,333.356,336.699,
1011368.776,,334.127,338.764,
1011468.770,,336.728,339.297,
1011568.772,,336.434,338.039,
1011668.763,,335.326,340.640,
1011768.766,,336.071,338.734,
1011868.762,,332.907,333.615,
1011968.755,,334.772,333.203,
1012068.755,,335.774,337.220,
1012168.747,,333.540,337.668,
1012268.746,,334.122,344.421,
1012368.742,,336.427,342.382,
1012468.739,,333.853,346.549,
1012568.739,,334.959,348.229,
1012668.734,,336.716,351.994,
1012768.730,,337.157,348.589,
1012868.729,,336.941,343.782,
1012968.723,,336.260,343.052,
1013068.721,,336.562,341.217,
1013168.715,,333.503,337.042,
1013268.713,,335.882,338.665,
1013368.711,,334.418,338.719,
1013468.708,,337.800,342.981,
1013568.706,,336.475,342.950,
1013668.699,,334.985,340.536,
1013768.695,,334.169,343.561,
1013868.694,,336.289,345.183,
1013968.688,,335.182,342.530,
1014068.688,,335.348,340.594,
1014168.681,,336.559,342.771,
1014268.678,,336.012,339.888,
1014368.680,,335.854,336.240,
1014468.673,,336.524,334.092,
1014568.670,,336.783,331.455,
1014668.670,,335.202,329.026,
1014768.666,,333.657,337.181,
1014868.657,,334.824,347.277,
1014968.659,,335.676,347.987,
1015068.655,,335.263,346.211,
1015168.651,,333.815,343.041,
1015268.648,,333.935,347.235,
1015368.641,,335.819,346.911,
1015468.642,,336.080,343.756,
1015568.638,,335.734,347.784,
1015668.635,,334.439,350.800,
1015768.629,,335.992,349.451,
1015868.628,,335.633,344.487,
1015968.624,,333.105,339.589,
1016068.619,,334.085,343.296,
1016168.615,,333.564,347.233,
1016268.615,,335.114,347.884,
1016368.608,,336.066,344.500,
1016468.605,,336.892,339.438,
1016568.601,,333.336,335.380,
1016668.597,,334.051,339.939,
1016768.590,,335.220,349.133,
1016868.592,,333.947,351.661,
1016968.581,,335.877,349.480,
1017068.584,,335.829,344.715,
1017168.578,,335.061,338.315,
1017268.571,,334.468,336.980,
1017368.572,,334.765,340.305,
1017468.567,,335.243,347.003,
1017568.561,,335.216,345.936,
1017668.555,,336.257,343.244,
1017768.557,,335.170,337.139,
1017868.549,,334.240,336.486,
1017968.542,,334.345,341.003,
1018068.542,,334.429,346.796,
1018168.537,,335.806,343.402,
1018268.531,,336.088,339.819,
1018368.532,,336.334,336.304,
1018468.529,,335.503,334.964,
1018568.524,,334.271,334.139,
1018668.515,,334.824,340.057,
1018768.512,,335.276,348.015,
1018868.513,,337.097,347.257,
1018968.507,,335.737,343.013,
1019068.503,,336.115,343.694,
1019168.499,,336.454,339.312,
1019268.492,,334.166,343.468,
1019368.493,,334.204,346.222,
1019468.486,,334.866,345.737,
1019568.480,,335.249,342.314,
1019668.482,,334.413,337.067,
1019768.474,,335.161,339.253,
1019868.471,,335.823,340.139,
1019968.470,,337.073,342.560,
1020068.467,,336.967,349.690,
1020168.459,,335.489,355.419,
1020268.454,,336.399,350.367,
1020368.451,,336.811,344.961,
1020468.449,,335.518,341.987,
1020568.446,,335.420,346.555,
1020668.442,,335.553,344.982,
1020768.440,,335.997,343.963,
1020868.433,,337.447,341.417,
1020968.430,,337.534,339.327,
1021068.427,,338.164,344.383,
1021168.422,,336.236,350.885,
1021268.414,,334.789,349.469,
1021368.412,,336.550,349.224,
1021468.411,,336.917,346.295,
1021568.408,,336.631,342.217,
1021668.403,,337.642,342.876,
1021768.398,,338.365,352.186,
1021868.391,,339.652,350.233,
1021968.393,,339.292,344.365,
1022068.386,,339.640,339.433,
1022168.383,,339.282,338.293,
1022268.380,,339.712,339.136,
1022368.371,,340.083,340.098,
1022468.372,,340.498,337.297,
1022568.366,,338.709,333.043,
1022668.364,,337.660,331.841,
1022768.361,,336.692,332.114,
1022868.354,,336.217,335.247,
1022968.347,,336.406,339.143,
1023068.348,,336.971,342.899,
1023168.341,,336.224,351.611,
1023268.342,,336.522,346.029,
1023368.332,,336.765,343.427,
1023468.332,,337.020,340.445,
1023568.331,,336.533,339.571,
1023668.323,,335.931,337.461,
1023768.319,,335.917,344.099,
1023868.317,,335.582,355.779,
1023968.313,,335.063,350.435,
1024068.312,,335.575,349.524,
1024168.308,,334.350,348.241,
1024268.306,,335.421,355.605,
1024368.299,,335.654,353.105,
1024468.298,,335.186,349.776,
1024568.294,,335.733,345.965,
1024668.292,,335.236,345.060,
1024768.293,,335.989,340.006,
1024868.286,,336.101,337.255,
1024968.284,,336.581,334.990,
1025068.282,,336.283,334.163,
1025168.277,,335.829,334.629,
1025268.274,,336.769,335.550,
1025368.272,,335.605,334.756,
1025468.273,,336.395,339.070,
1025568.272,,335.367,339.436,
1025668.268,,336.239,341.407,
1025768.262,,335.987,338.424,
1025868.259,,336.205,335.426,
1025968.258,,336.317,333.676,
1026068.259,,336.420,332.070,
1026168.254,,335.629,331.795,
1026268.252,,336.177,334.681,
1026368.247,,335.122,333.171,
1026468.241,,335.987,333.587,
1026568.243,,335.197,332.879,
1026668.239,,335.551,330.247,
1026768.237,,335.263,331.637,
1026868.232,,335.067,348.783,
1026968.230,,335.028,346.564,
1027068.227,,336.050,342.180,
1027168.228,,335.572,339.568,
1027268.220,,335.579,337.918,
1027368.219,,336.053,346.310,
1027468.220,,335.794,348.989,
1027568.213,,335.409,346.493,
1027668.214,,336.952,344.987,
1027768.209,,339.318,345.333,
1027868.205,,340.661,346.634,
1027968.201,,340.599,349.229,
1028068.203,,337.681,348.232,
1028168.198,,337.686,346.058,
1028268.197,,337.668,342.945,
1028368.195,,335.238,337.295,
1028468.189,,333.807,338.792,
1028568.188,,333.379,340.385,
1028668.184,,334.032,341.870,
1028768.179,,334.502,339.667,
1028868.182,,334.139,339.081,
1028968.177,,336.510,341.541,
1029068.171,,336.110,343.194,
1029168.169,,335.886,342.028,
1029268.170,,335.170,342.563,
1029368.168,,333.195,339.658,
1029468.163,,333.331,343.821,
1029568.157,,334.507,346.743,
1029668.155,,334.480,349.034,
1029768.151,,338.969,350.534,
1029868.154,,335.348,347.184,
1029968.148,,335.168,345.259,
1030068.144,,334.890,350.155,
1030168.140,,335.899,353.228,
1030268.142,,335.780,354.623,
1030368.135,,334.810,352.500,
1030468.135,,334.226,349.849,
1030568.134,,333.032,344.187,
1030668.132,,335.251,342.052,
1030768.127,,334.054,340.055,
1030868.127,,333.792,341.495,
1030968.123,,335.306,341.156,
1031068.115,,335.527,339.511,
1031168.114,,334.602,335.467,
1031268.115,,332.864,340.731,
1031368.110,,333.267,356.897,
1031468.106,,333.625,359.118,
1031568.107,,335.415,353.263,
1031668.101,,337.404,349.381,
1031768.097,,335.457,354.162,
1031868.094,,335.550,359.231,
1031968.093,,336.333,356.290,
1032068.091,,336.600,358.221,
1032168.091,,336.283,356.719,
1032268.084,,335.986,355.877,
1032368.083,,333.840,349.114,
1032468.080,,333.415,353.569,
1032568.078,,336.008,357.899,
1032668.073,,334.759,356.209,
1032768.073,,335.015,351.579,
1032868.074,,335.273,352.723,
1032968.071,,334.844,347.263,
1033068.066,,333.235,354.241,
1033168.063,,336.116,355.857,
1033268.061,,336.969,349.433,
1033368.057,,336.531,344.655,
1033468.056,,337.419,341.074,
1033568.052,,335.000,347.326,
1033668.051,,336.221,355.311,
1033768.047,,337.899,355.615,
1033868.043,,337.019,350.200,
1033968.039,,338.173,346.332,
1034068.036,,337.226,340.408,
1034168.038,,337.370,338.560,
1034268.037,,335.646,338.180,
1034368.033,,333.083,341.367,
1034468.031,,335.179,353.170,
1034568.029,,334.783,348.803,
1034668.021,,334.859,346.818,
1034768.021,,335.171,345.955,
1034868.020,,335.936,341.843,
1034968.017,,335.703,340.834,
1035068.010,,335.002,347.852,
1035168.008,,335.580,345.565,
1035268.010,,332.998,341.794,
1035368.006,,333.143,343.167,
1035468.004,,331.656,346.463,
1035568.003,,331.161,345.346,
1035667.996,,331.097,345.312,
1035767.994,,331.221,346.628,
1035867.990,,333.614,345.363,
1035967.988,,335.302,342.800,
1036067.984,,335.434,341.130,
1036167.984,,335.888,338.469,
1036267.985,,334.276,335.811,
1036367.981,,336.341,339.387,
1036467.975,,334.179,337.240,
1036567.974,,334.318,338.274,
1036667.974,,333.672,339.209,
1036767.967,,335.153,341.120,
1036867.965,,332.756,340.064,
1036967.962,,332.647,338.576,
1037067.963,,334.902,339.637,
1037167.957,,334.631,337.545,
1037267.958,,335.744,334.451,
1037367.956,,334.374,335.413,
1037467.948,,333.654,333.346,
1037567.945,,333.889,329.839,
1037667.943,,333.763,329.140,
1037767.941,,333.314,326.984,
1037867.942,,332.719,326.798,
1037967.937,,333.106,330.893,
1038067.938,,333.972,331.017,
1038167.933,,333.301,336.256,
1038267.929,,334.518,337.874,
1038367.930,,334.028,341.656,
1038467.924,,335.142,342.028,
1038567.921,,335.218,345.575,
1038667.917,,334.364,342.778,
1038767.915,,334.727,339.232,
1038867.913,,335.496,339.599,
1038967.913,,334.824,339.819,
1039067.908,,334.772,339.519,
1039167.904,,334.435,337.974,
1039267.903,,335.194,335.454,
1039367.902,,335.584,338.920,
1039467.899,,335.066,335.122,
1039567.894,,334.500,333.784,
1039667.896,,335.245,331.869,
1039767.888,,335.267,332.206,
1039867.891,,335.136,333.242,
1039967.886,,335.029,331.872,
1040067.882,,334.459,330.319,
1040167.878,,334.965,330.857,
1040267.875,,333.831,337.704,
1040367.872,,333.608,341.978,
1040467.866,,332.854,344.813,
1040567.864,,333.900,346.144,
1040667.861,,334.182,347.822,
1040767.861,,333.791,360.386,
1040867.858,,334.085,353.805,
1040967.854,,333.017,346.612,
1041067.848,,334.292,344.282,
1041167.847,,334.232,349.412,
1041267.845,,333.604,345.135,
1041367.840,,334.477,341.346,
1041467.835,,334.532,343.462,
1041567.834,,335.207,340.451,
1041667.832,,335.169,337.274,
1041767.826,,335.246,334.593,
1041867.826,,335.577,332.051,
1041967.819,,334.716,331.919,
1042067.821,,333.575,330.524,
1042167.813,,334.612,334.047,
1042267.814,,333.546,341.136,
1042367.806,,332.875,349.672,
1042467.807,,334.545,351.681,
1042567.801,,333.697,351.808,
1042667.798,,334.455,348.765,
1042767.792,,334.323,344.388,
1042867.795,,335.457,344.283,
1042967.791,,333.408,342.746,
1043067.786,,334.383,343.569,
1043167.786,,334.151,341.170,
1043267.782,,333.324,337.971,
1043367.773,,334.686,337.782,
1043467.775,,332.640,335.092,
1043567.769,,334.633,331.249,
1043667.766,,333.386,332.160,
1043767.766,,333.535,331.173,
1043867.746,,334.811,332.403,
1043967.760,,332.616,328.709,
1044067.755,,334.096,331.870,
1044167.751,,332.221,342.981,
1044267.749,,334.189,347.516,
1044367.745,,332.015,347.609,
1044467.743,,333.558,341.789,
1044567.738,,331.832,347.481,
1044667.734,,332.881,349.368,
1044767.731,,332.616,344.576,
1044867.728,,332.736,337.632,
1044967.726,,332.602,334.094,
1045067.723,,332.225,330.525,
1045167.720,,332.288,328.504,
1045267.714,,330.814,326.952,
1045367.715,,333.015,326.840,
1045467.707,,333.405,324.752,
1045567.707,,332.576,323.409,
1045667.700,,331.364,321.620,
1045767.703,,331.388,321.201,
1045867.698,,330.592,320.032,
1045967.696,,331.386,323.684,
1046067.687,,335.423,330.089,
1046167.686,,337.762,338.387,
1046267.686,,339.559,349.049,
1046367.678,,339.886,360.927,
1046467.678,,340.078,368.021,
1046567.677,,339.931,360.630,
1046667.668,,339.922,356.354,
1046767.669,,339.002,351.853,
1046867.665,,338.388,349.387,
1046967.660,,338.606,347.090,
1047067.659,,337.251,343.838,
1047167.653,,331.982,344.928,
1047267.651,,333.613,351.167,
1047367.650,,336.104,362.719,
1047467.647,,335.474,357.687,
1047567.642,,336.506,352.829,
1047667.638,,339.120,346.423,
1047767.635,,338.060,340.841,
1047867.635,,336.512,337.517,
1047967.631,,336.632,336.518,
1048067.625,,336.390,337.394,
1048167.630,,336.895,354.129,
1048267.625,,336.212,355.871,
1048367.626,,336.708,362.190,
1048467.617,,336.621,363.584,
1048567.618,,337.329,365.483,
1048667.617,,337.704,364.540,
1048767.614,,337.135,356.555,
1048867.612,,336.949,352.273,
1048967.608,,338.134,348.703,
1049067.607,,338.266,344.344,
1049167.605,,336.121,340.863,
1049267.602,,335.524,341.579,
1049367.601,,335.460,341.768,
1049467.600,,335.062,341.669,
1049567.598,,335.277,342.115,
1049667.597,,337.325,344.390,
1049767.591,,337.557,341.084,
1049867.593,,338.028,339.575,
1049967.588,,337.087,342.681,
1050067.585,,336.852,343.694,
1050167.583,,338.129,347.041,
1050267.584,,338.269,347.914,
1050367.581,,337.153,352.675,
1050467.580,,337.884,362.730,
1050567.577,,337.498,355.130,
1050667.572,,338.093,351.436,
1050767.576,,339.134,348.897,
1050867.569,,338.168,348.572,
1050967.570,,338.656,347.518,
1051067.565,,337.593,348.760,
1051167.551,,338.221,363.470,
1051267.564,,337.503,359.901,
1051367.560,,336.620,362.685,
1051467.559,,335.442,357.124,
1051567.555,,335.695,349.633,
1051667.557,,337.266,345.438,
1051767.554,,338.124,344.336,
1051867.554,,338.641,340.528,
1051967.549,,338.537,344.902,
1052067.544,,338.785,344.150,
1052167.545,,338.276,338.983,
1052267.545,,337.131,335.870,
1052367.541,,337.301,335.193,
1052467.541,,337.600,336.774,
1052567.535,,336.836,354.104,
1052667.532,,336.531,353.601,
1052767.534,,336.461,351.238,
1052867.528,,336.594,348.199,
1052967.528,,336.847,352.154,
1053067.525,,336.556,348.778,
1053167.527,,335.976,345.558,
1053267.523,,336.502,344.340,
1053367.518,,335.416,349.050,
1053467.517,,336.473,344.368,
1053567.514,,337.336,341.242,
1053667.511,,336.832,339.131,
1053767.513,,338.195,339.958,
1053867.508,,336.940,338.718,
1053967.511,,337.124,341.120,
1054067.505,,338.044,340.253,
1054167.507,,338.577,337.577,
1054267.504,,338.831,336.087,
1054367.503,,337.909,337.391,
1054467.499,,337.090,340.680,
1054567.493,,337.875,343.292,
1054667.492,,337.350,344.910,
1054767.489,,337.770,341.607,
1054867.487,,337.963,345.814,
1054967.487,,337.688,351.857,
1055067.485,,336.744,361.407,
1055167.482,,339.525,359.612,
1055267.479,,337.609,352.099,
1055367.478,,336.611,346.661,
1055467.477,,337.700,344.315,
1055567.474,,339.730,341.836,
1055667.475,,338.134,341.862,
1055767.474,,339.187,341.523,
1055867.470,,339.439,338.425,
1055967.466,,336.378,336.850,
1056067.462,,336.545,335.442,
1056167.456,,335.910,333.712,
1056267.455,,335.425,333.115,
1056367.450,,336.194,333.350,
1056467.448,,337.051,335.771,
1056567.443,,337.581,339.829,
1056667.437,,336.852,338.005,
1056767.436,,336.995,337.345,
1056867.430,,337.967,335.393,
1056967.428,,337.138,335.474,
1057067.421,,337.517,346.901,
1057167.418,,337.154,345.538,
1057267.417,,339.569,344.952,
1057367.409,,338.605,346.934,
1057467.407,,339.774,348.473,
1057567.405,,338.639,346.214,
1057667.398,,337.436,345.044,
1057767.395,,337.852,345.278,
1057867.392,,339.005,349.160,
1057967.389,,338.575,346.560,
1058067.386,,339.314,353.025,
1058167.377,,338.841,359.776,
1058267.374,,337.944,371.942,
1058367.371,,339.536,372.814,
1058467.367,,340.721,368.756,
1058567.365,,338.782,367.915,
1058667.364,,339.834,363.301,
1058767.353,,338.985,354.688,
1058867.352,,337.390,350.254,
1058967.345,,337.748,346.922,
1059067.344,,338.872,347.025,
1059167.340,,339.328,345.013,
1059267.338,,338.793,346.711,
1059367.334,,339.989,345.061,
1059467.331,,339.537,339.619,
1059567.324,,338.410,338.848,
1059667.319,,338.304,336.140,
1059767.320,,337.633,338.782,
1059867.314,,337.568,340.385,
1059967.309,,337.317,340.483,
1060067.306,,337.604,340.505,
1060167.303,,337.729,339.561,
1060267.296,,337.652,345.109,
1060367.294,,338.782,348.351,
1060467.288,,339.052,343.829,
1060567.288,,337.986,340.721,
1060667.280,,338.490,340.456,
1060767.275,,337.717,339.909,
1060867.277,,338.517,337.100,
1060967.268,,338.181,336.588,
1061067.264,,337.772,341.256,
1061167.264,,338.226,339.934,
1061267.260,,337.586,339.088,
1061367.255,,337.511,347.413,
1061467.253,,337.235,344.700,
1061567.243,,337.374,341.984,
1061667.245,,337.711,339.414,
1061767.240,,337.743,337.689,
1061867.237,,337.505,336.724,
1061967.229,,337.648,334.805,
1062067.227,,337.803,340.612,
1062167.224,,339.391,342.856,
1062267.216,,339.576,338.085,
1062367.216,,338.984,338.564,
1062467.213,,338.618,335.716,
1062567.208,,338.582,333.486,
1062667.201,,337.663,332.090,
1062767.198,,337.833,329.702,
1062867.193,,337.756,329.763,
1062967.189,,337.829,331.286,
1063067.187,,337.693,330.325,
1063167.181,,337.279,329.565,
1063267.183,,337.744,331.004,
1063367.175,,337.157,333.883,
1063467.175,,337.540,334.658,
1063567.165,,337.126,333.610,
1063667.161,,336.842,334.204,
1063767.163,,337.861,334.985,
1063867.153,,338.120,335.127,
1063967.151,,338.568,334.202,
1064067.150,,338.075,332.001,
1064167.148,,337.180,330.379,
1064267.142,,337.332,330.488,
1064367.143,,337.940,329.533,
1064467.137,,337.632,329.583,
1064567.132,,337.571,331.136,
1064667.134,,337.659,331.221,
1064767.128,,337.946,329.130,
1064867.127,,338.136,329.896,
1064967.118,,337.606,330.436,
1065067.117,,337.455,329.149,
1065167.112,,336.589,327.685,
1065267.114,,336.672,327.861,
1065367.110,,336.988,329.338,
1065467.103,,337.398,332.291,
1065567.100,,337.267,336.930,
1065667.094,,337.709,334.623,
1065767.093,,337.128,331.974,
1065867.089,,336.997,330.168,
1065967.089,,334.585,329.861,
1066067.087,,337.906,338.167,
1066167.081,,338.001,335.756,
1066267.076,,337.901,332.725,
1066367.077,,337.102,328.610,
1066467.073,,333.612,326.740,
1066567.069,,334.047,332.048,
1066667.067,,334.675,337.219,
1066767.060,,334.498,340.278,
1066867.060,,334.864,344.222,
1066967.056,,338.511,344.994,
1067067.050,,335.469,342.235,
1067167.048,,337.150,341.740,
1067267.045,,337.290,339.849,
1067367.039,,333.886,342.764,
1067467.035,,334.180,345.037,
1067567.035,,334.359,343.972,
1067667.034,,335.762,345.878,
1067767.027,,336.458,342.746,
1067867.029,,335.617,340.879,
1067967.020,,336.769,345.656,
1068067.019,,333.361,349.839,
1068167.018,,333.791,348.506,
1068267.014,,334.242,347.278,
1068367.012,,334.487,349.206,
1068467.007,,335.713,344.912,
1068567.005,,335.786,341.365,
1068666.998,,335.997,337.868,
1068766.998,,336.185,334.801,
1068866.996,,333.720,334.824,
1068966.986,,334.266,337.394,
1069066.988,,334.422,343.304,
1069166.981,,334.632,342.198,
1069266.980,,337.298,342.582,
1069366.977,,337.188,339.122,
1069466.977,,337.306,336.228,
1069566.974,,333.798,330.943,
1069666.964,,334.487,331.776,
1069766.963,,334.315,338.003,
1069866.957,,334.298,340.899,
1069966.959,,334.305,343.147,
1070066.953,,336.551,344.184,
1070166.950,,336.122,340.155,
1070266.947,,336.342,339.776,
1070366.943,,337.220,343.364,
1070466.942,,334.474,339.734,
1070566.938,,334.012,339.536,
1070666.935,,334.313,340.853,
1070766.931,,333.634,342.295,
1070866.929,,333.531,342.262,
1070966.926,,333.878,340.509,
1071066.920,,335.047,338.156,
1071166.918,,336.005,335.963,
1071266.915,,336.258,337.458,
1071366.910,,334.770,333.597,
1071466.910,,333.705,332.079,
1071566.905,Input1*2*0,334.085,339.997,
1071666.904,Input1*2*1,334.370,344.489,
1071766.897,,334.839,341.478,
1071866.895,,335.954,338.936,
1071966.890,,336.213,334.612,
1072066.891,,337.416,333.649,
1072166.888,,336.546,333.081,
1072266.884,,334.108,329.717,
1072366.883,,333.981,333.072,
1072466.882,,334.220,337.587,
1072566.876,,334.090,338.426,
1072666.875,,334.083,339.707,
1072766.874,,336.001,347.345,
1072866.869,,338.440,347.086,
1072966.867,,336.218,344.812,
1073066.861,,336.162,339.404,
1073166.859,,335.112,335.025,
1073266.858,,335.393,335.287,
1073366.853,,335.408,336.080,
1073466.855,,336.156,338.135,
1073566.852,,335.599,338.630,
1073666.851,,336.252,339.970,
1073766.845,,335.828,366.173,
1073866.845,,335.619,374.972,
1073966.843,,334.584,377.936,
1074066.838,,334.817,370.528,
1074166.837,,335.329,360.042,
1074266.831,,335.113,351.642,
1074366.832,,334.946,351.408,
1074466.826,,334.756,351.986,
1074566.825,,334.260,348.361,
1074666.824,,334.494,345.262,
1074766.820,,334.825,344.313,
1074866.814,,334.307,341.548,
1074966.817,,334.536,346.270,
1075066.815,,334.288,352.921,
1075166.809,,334.819,351.791,
1075266.805,,334.160,362.059,
1075366.806,,334.841,366.549,
1075466.802,,334.599,357.253,
1075566.798,,335.131,350.169,
1075666.794,,335.082,348.946,
1075766.794,,335.059,345.345,
1075866.788,,335.215,352.293,
1075966.787,,335.127,356.257,
1076066.788,,334.929,361.073,
1076166.786,,334.637,359.876,
1076266.779,,335.207,356.697,
1076366.778,,334.430,367.165,
1076466.775,,334.979,361.704,
1076566.769,,335.953,354.121,
1076666.768,,336.099,347.379,
1076766.767,,336.058,343.984,
1076866.767,,336.068,342.675,
1076966.762,,336.663,340.920,
1077066.758,,336.388,342.622,
1077166.760,,335.399,344.040,
1077266.756,,335.035,347.790,
1077366.749,,334.817,346.089,
1077466.750,,335.055,342.622,
1077566.745,,334.656,343.288,
1077666.744,,335.878,343.836,
1077766.739,,338.586,341.832,
1077866.740,,338.065,341.538,
1077966.739,,338.231,340.851,
1078066.730,,336.918,341.108,
1078166.732,,338.414,341.726,
1078266.727,,339.199,338.741,
1078366.728,,337.759,334.697,
1078466.726,,337.185,334.780,
1078566.722,,335.845,333.862,
1078666.714,,335.406,336.224,
1078766.712,,335.599,334.773,
1078866.715,,335.034,336.412,
1078966.709,,334.450,337.409,
1079066.704,,334.455,336.760,
1079166.707,,334.365,340.508,
1079266.703,,334.732,339.086,
1079366.696,,334.938,336.462,
1079466.700,,335.334,338.043,
1079566.694,,335.105,341.065,
1079666.694,,334.767,342.652,
1079766.686,,334.818,346.010,
1079866.684,,334.652,355.439,
1079966.680,,334.375,358.517,
1080066.681,,334.641,357.271,
1080166.672,,335.209,354.666,
1080266.670,,335.029,349.255,
1080366.670,,335.218,347.116,
1080466.663,,335.222,347.094,
1080566.661,,335.034,350.451,
1080666.653,,334.712,351.080,
1080766.652,,334.933,347.109,
1080866.651,,334.883,342.976,
1080966.642,,335.693,342.794,
1081066.640,,336.254,341.629,
1081166.639,,336.303,339.067,
1081266.634,,336.343,338.326,
1081366.628,,336.945,336.612,
1081466.627,,337.562,336.097,
1081566.625,,337.797,337.133,
1081666.620,,337.070,337.663,
1081766.614,,336.791,339.952,
1081866.611,,336.634,341.443,
1081966.611,,337.858,340.630,
1082066.608,,337.982,338.186,
1082166.604,,337.360,336.190,
1082266.600,,337.449,338.348,
1082366.590,,337.008,338.065,
1082466.590,,336.560,342.502,
1082566.587,,337.060,345.313,
1082666.580,,336.814,345.024,
1082766.576,,336.774,348.265,
1082866.577,,336.701,350.249,
1082966.574,,336.923,346.416,
1083066.564,,336.751,349.646,
1083166.566,,336.693,351.809,
1083266.563,,336.938,354.632,
1083366.558,,336.720,352.972,
1083466.550,,336.664,352.193,
1083566.548,,337.263,351.777,
1083666.548,,336.787,349.964,
1083766.539,,337.016,351.889,
1083866.537,,337.887,347.972,
1083966.537,,337.803,343.613,
1084066.529,,337.733,342.997,
1084166.524,,337.857,348.688,
1084266.524,,337.589,346.763,
1084366.522,,337.714,345.210,
1084466.515,,336.767,340.546,
1084566.512,,335.273,337.636,
1084666.511,,335.715,338.876,
1084766.507,,337.803,335.658,
1084866.500,,337.750,334.386,
1084966.496,,336.586,337.154,
1085066.490,,335.889,337.398,
1085166.486,,335.398,336.787,
1085266.483,,335.091,334.577,
1085366.479,,335.138,335.694,
1085466.477,,335.435,337.143,
1085566.474,,335.202,345.742,
1085666.469,,335.750,347.807,
1085766.464,,335.627,344.591,
1085866.467,,335.335,341.729,
1085966.462,,335.162,338.907,
1086066.459,,335.597,336.704,
1086166.456,,334.644,336.524,
1086266.452,,335.228,334.870,
1086366.443,,335.409,334.933,
1086466.443,,336.168,336.780,
1086566.439,,338.539,337.870,
1086666.433,,337.726,339.162,
1086766.429,,337.991,341.865,
1086866.428,,337.529,342.772,
1086966.423,,337.148,349.905,
1087066.418,,337.331,351.523,
1087166.416,,337.046,347.885,
1087266.414,,337.478,355.569,
1087366.404,,337.374,360.000,
1087466.406,,337.108,355.834,
1087566.398,,338.045,353.204,
1087666.399,,338.095,349.990,
1087766.393,,337.633,347.974,
1087866.386,,337.195,348.988,
1087966.385,,337.532,356.804,
1088066.382,,336.915,353.056,
1088166.379,,336.134,347.268,
1088266.373,,336.671,355.443,
1088366.371,,336.912,351.617,
1088466.368,,336.641,350.390,
1088566.359,,336.469,348.055,
1088666.360,,336.186,348.422,
1088766.354,,336.206,348.163,
1088866.349,,336.410,344.329,
1088966.346,,336.917,342.707,
1089066.347,,336.340,339.353,
1089166.324,,336.272,336.787,
1089266.332,,335.905,334.285,
1089366.333,,334.970,333.169,
1089466.330,,334.612,331.823,
1089566.325,,335.647,331.935,
1089666.317,,335.553,333.121,
1089766.316,,334.917,345.948,
1089866.310,,335.262,342.235,
1089966.310,,335.339,337.187,
1090066.307,,335.417,338.052,
1090166.300,,335.665,341.998,
1090266.297,,335.388,342.168,
1090366.297,,335.560,339.422,
1090466.292,,335.875,339.627,
1090566.283,,335.886,337.235,
1090666.280,,335.971,336.178,
1090766.275,,335.381,338.119,
1090866.277,,335.883,336.460,
1090966.268,,335.583,335.194,
1091066.266,,336.558,335.571,
1091166.260,,336.102,337.942,
1091266.260,,336.749,339.914,
1091366.257,,337.158,337.939,
1091466.253,,336.728,338.084,
1091566.248,,337.821,346.534,
1091666.243,,336.610,343.883,
1091766.242,,336.924,344.459,
1091866.236,,338.355,342.747,
1091966.234,,338.046,341.590,
1092066.227,,337.318,342.715,
1092166.224,,335.948,342.731,
1092266.223,,335.565,337.343,
1092366.199,,335.131,333.828,
1092466.213,,335.372,333.032,
1092566.209,,334.973,332.991,
1092666.207,,335.568,334.799,
1092766.200,,336.354,337.519,
1092866.200,,336.208,334.165,
1092966.195,,335.911,332.566,
1093066.187,,335.690,330.471,
1093166.186,,335.663,330.322,
1093266.184,,336.520,332.950,
1093366.180,,336.949,331.831,
1093466.178,,337.660,333.014,
1093566.173,,337.253,335.302,
1093666.168,,336.508,338.191,
1093766.163,,337.023,339.653,
1093866.161,,337.437,339.191,
1093966.156,,337.470,338.161,
1094066.151,,337.367,340.514,
1094166.151,,337.272,340.329,
1094266.146,,337.660,340.811,
1094366.140,,337.867,340.816,
1094466.136,,336.805,338.010,
1094566.134,,339.544,338.246,
1094666.127,,338.770,336.531,
1094766.128,,337.322,363.317,
1094866.118,,337.188,371.907,
1094966.115,,336.619,361.517,
1095066.113,,337.771,354.045,
1095166.113,,337.971,353.072,
1095266.108,,338.611,367.576,
1095366.100,,337.589,381.009,
1095466.099,,337.315,376.922,
1095566.092,,337.486,365.040,
1095666.089,,337.317,355.947,
1095766.087,,337.613,351.423,
1095866.081,,338.229,348.536,
1095966.083,,338.290,343.840,
1096066.079,,338.435,341.770,
1096166.080,,337.842,343.150,
1096266.077,,337.907,342.426,
1096366.073,,337.836,338.083,
1096466.071,,336.215,336.471,
1096566.069,,336.683,337.505,
1096666.073,,336.819,334.145,
1096766.067,,336.076,332.911,
1096866.071,,337.929,335.670,
1096966.066,,337.165,343.087,
1097066.064,,338.190,340.717,
1097166.066,,338.434,336.110,
1097266.058,,338.278,331.877,
1097366.060,,336.102,332.224,
1097466.059,,335.845,332.169,
1097566.058,,335.582,333.286,
1097666.055,,335.454,337.011,
1097766.055,,335.822,340.259,
1097866.049,,335.329,342.662,
1097966.048,,334.917,343.434,
1098066.050,,335.097,339.865,
1098166.047,,335.152,336.895,
1098266.045,,335.969,341.874,
1098366.047,,335.361,341.229,
1098466.044,,335.738,339.771,
1098566.042,,335.147,339.503,
1098666.044,,335.352,349.264,
1098766.040,,335.487,347.724,
1098866.040,,335.498,349.615,
1098966.039,,334.891,343.751,
1099066.036,,334.957,338.483,
1099166.034,,335.307,334.532,
1099266.033,,335.388,334.137,
1099366.032,,334.505,337.131,
1099466.028,,335.178,343.047,
1099566.028,,334.789,342.732,
1099666.022,,335.405,341.207,
1099766.025,,334.521,340.565,
1099866.023,,335.375,340.845,
1099966.019,,334.462,356.389,
1100066.021,,335.656,353.895,
1100166.022,,335.266,355.903,
1100266.019,,335.075,351.231,
1100366.017,,336.118,348.711,
1100466.016,,335.311,350.551,
1100566.011,,335.012,351.336,
1100666.014,,334.867,348.131,
1100766.007,,334.783,349.479,
1100866.011,,334.603,349.567,
1100966.007,,336.114,349.026,
1101066.001,,335.911,345.737,
1101166.004,,335.511,343.189,
1101266.005,,335.318,342.376,
1101366.003,,335.027,340.816,
1101465.997,,336.083,341.309,
1101565.999,,335.975,345.502,
1101665.996,,335.887,342.224,
1101765.997,,334.673,338.880,
1101865.994,,334.713,339.654,
1101965.989,,335.366,337.261,
1102065.988,,335.168,336.006,
1102165.990,,334.710,336.823,
1102265.985,,333.673,335.150,
1102365.988,,333.372,332.635,
1102465.986,,335.081,333.428,
1102565.980,,334.166,332.055,
1102665.982,,333.926,334.813,
1102765.981,,333.378,336.847,
1102865.979,,333.450,339.725,
1102965.979,,333.948,338.810,
1103065.972,,334.684,340.878,
1103165.970,,336.367,341.183,
1103265.971,,334.717,338.669,
1103365.972,,333.890,337.009,
1103465.972,,333.807,335.689,
1103565.965,,333.694,334.722,
1103665.969,,333.715,332.046,
1103765.962,,333.458,334.147,
1103865.962,,333.478,336.231,
1103965.962,,333.860,337.362,
1104065.960,,332.858,337.419,
1104165.957,,334.023,334.670,
1104265.955,,334.561,336.093,
1104365.952,,334.585,335.901,
1104465.947,,335.819,335.381,
1104565.946,,335.234,338.009,
1104665.941,,334.535,338.118,
1104765.938,,333.475,340.401,
1104865.939,,335.373,345.627,
1104965.934,,337.994,348.080,
1105065.931,,338.027,344.452,
1105165.931,,337.700,343.853,
1105265.923,,338.397,345.111,
1105365.923,,337.812,347.306,
1105465.921,,335.049,350.922,
1105565.920,,335.037,345.141,
1105665.912,,334.844,341.229,
1105765.911,,334.504,340.974,
1105865.909,,335.229,341.487,
1105965.904,,335.476,341.537,
1106065.902,,336.303,338.927,
1106165.904,,334.300,339.601,
1106265.898,,334.170,340.240,
1106365.898,,334.680,341.011,
1106465.895,,335.071,341.968,
1106565.888,,334.864,343.428,
1106665.891,,335.494,357.226,
1106765.883,,334.968,358.794,
1106865.882,,335.770,354.276,
1106965.881,,335.939,350.941,
1107065.875,,336.157,347.106,
1107165.871,,336.735,344.359,
1107265.873,,338.670,342.388,
1107365.870,,337.061,343.502,
1107465.868,,335.395,340.957,
1107565.863,,335.283,342.222,
1107665.857,,334.807,343.568,
1107765.858,,335.255,343.577,
1107865.856,,335.120,343.829,
1107965.853,,334.759,341.277,
1108065.848,,334.614,340.798,
1108165.849,,335.052,337.686,
1108265.844,,335.139,337.850,
1108365.839,,335.289,343.287,
1108465.837,,333.968,344.826,
1108565.838,,334.297,340.186,
1108665.830,,334.853,339.088,
1108765.833,,335.060,351.604,
1108865.829,,334.919,349.792,
1108965.823,,335.367,346.961,
1109065.825,,334.944,345.455,
1109165.819,,336.050,347.945,
1109265.814,,335.336,343.618,
1109365.814,,335.199,340.261,
1109465.812,,336.692,342.464,
1109565.808,,334.696,340.880,
1109665.807,,335.438,339.666,
1109765.804,,335.962,341.294,
1109865.802,,335.272,345.033,
1109965.799,,335.083,344.937,
1110065.797,,335.543,341.446,
1110165.793,,336.388,341.632,
1110265.792,,337.408,338.251,
1110365.786,,337.134,334.044,
1110465.782,,337.276,334.859,
1110565.779,,337.513,335.749,
1110665.779,,336.340,332.556,
1110765.779,,334.999,333.367,
1110865.776,,334.997,333.715,
1110965.772,,334.660,333.726,
1111065.769,,334.722,332.213,
1111165.769,,335.826,331.650,
1111265.762,,335.079,334.008,
1111365.757,,334.909,336.233,
1111465.757,,335.606,348.223,
1111565.754,,336.213,345.555,
1111665.754,,335.341,340.455,
1111765.751,,336.879,340.349,
1111865.744,,336.328,339.902,
1111965.739,,335.979,338.880,
1112065.741,,335.842,335.562,
1112165.730,,335.648,335.720,
1112265.729,,334.885,334.649,
1112365.721,,334.814,333.935,
1112465.721,,335.470,337.978,
1112565.715,,335.827,344.584,
1112665.711,,335.240,341.409,
1112765.706,,335.741,337.095,
1112865.704,,336.299,334.866,
1112965.693,,336.335,335.462,
1113065.692,,335.932,338.844,
1113165.687,,336.033,343.721,
1113265.680,,335.860,345.779,
1113365.676,,335.658,342.309,
1113465.674,,336.499,340.253,
1113565.669,,334.539,339.690,
1113665.662,,334.677,338.449,
1113765.662,,334.509,335.137,
1113865.652,,334.897,331.704,
1113965.648,,334.787,330.676,
1114065.643,,335.275,334.118,
1114165.640,,335.335,334.535,
1114265.639,,335.295,335.150,
1114365.629,,335.433,336.802,
1114465.628,,335.182,348.854,
1114565.622,,335.076,345.211,
1114665.614,,334.831,342.094,
1114765.611,,335.664,339.637,
1114865.612,,336.224,338.150,
1114965.603,,334.944,337.950,
1115065.601,,333.774,338.195,
1115165.597,,334.097,338.165,
1115265.591,,336.438,338.710,
1115365.583,,336.473,338.264,
1115465.579,,336.941,336.521,
1115565.575,,335.387,334.248,
1115665.572,,334.922,335.062,
1115765.568,,334.492,335.615,
1115865.561,,334.679,347.771,
1115965.560,,334.375,350.565,
1116065.553,,335.021,350.404,
1116165.545,,335.726,348.403,
1116265.547,,335.364,345.038,
1116365.539,,335.159,342.202,
1116465.537,,335.343,339.036,
1116565.531,,334.614,337.955,
1116665.524,,334.186,335.778,
1116765.518,,334.146,336.804,
1116865.515,,334.678,337.142,
1116965.513,,334.797,337.706,
1117065.508,,334.497,337.313,
1117165.504,,335.024,339.101,
1117265.497,,334.770,338.949,
1117365.491,,334.697,339.839,
1117465.490,,334.395,340.132,
1117565.483,,334.861,343.705,
1117665.476,,335.385,343.667,
1117765.475,,334.538,341.890,
1117865.471,,334.400,342.285,
1117965.467,,334.906,339.314,
1118065.458,,335.169,338.951,
1118165.456,,335.045,336.595,
1118265.454,,335.826,337.587,
1118365.444,,334.611,335.774,
1118465.443,,334.772,333.810,
1118565.440,,334.633,333.118,
1118665.432,,335.115,333.829,
1118765.431,,334.259,330.858,
1118865.420,,335.258,328.956,
1118965.419,,334.803,331.985,
1119065.415,,334.279,331.020,
1119165.411,,334.798,328.655,
1119265.401,,333.620,328.050,
1119365.402,,334.105,331.067,
1119465.396,,333.464,333.917,
1119565.394,,333.386,338.219,
1119665.384,,333.666,342.723,
1119765.383,,333.448,342.934,
1119865.376,,333.867,340.864,
1119965.374,,333.683,340.646,
1120065.373,,333.310,337.705,
1120165.368,,334.443,337.713,
1120265.365,,334.138,339.094,
1120365.366,,334.764,339.251,
1120465.366,,334.805,344.557,
1120565.364,,335.451,343.359,
1120665.360,,334.654,343.303,
1120765.356,,335.001,356.522,
1120865.357,,334.345,352.429,
1120965.352,,333.211,354.356,
1121065.349,,334.065,347.842,
1121165.347,,335.026,347.924,
1121265.345,,334.613,354.105,
1121365.343,,333.936,355.134,
1121465.338,,334.517,361.697,
1121565.337,,333.836,363.961,
1121665.333,,333.710,357.185,
1121765.335,,333.895,350.376,
1121865.334,,334.485,348.964,
1121965.331,,334.738,346.910,
1122065.329,,334.851,344.142,
1122165.326,,337.458,342.776,
1122265.325,,334.996,364.821,
1122365.320,,335.136,360.968,
1122465.319,,334.942,359.986,
1122565.317,,334.958,354.018,
1122665.310,,335.553,358.491,
1122765.313,,335.171,358.840,
1122865.310,,335.701,350.857,
1122965.303,,334.709,343.326,
1123065.301,,333.962,337.608,
1123165.303,,334.198,341.970,
1123265.302,,334.073,343.881,
1123365.300,,334.274,342.552,
1123465.297,,335.590,338.940,
1123565.291,,334.828,337.578,
1123665.292,,334.108,341.835,
1123765.285,,333.363,344.267,
1123865.284,,333.811,347.827,
1123965.280,,332.926,346.081,
1124065.283,,333.941,340.203,
1124165.275,,333.892,336.512,
1124265.279,,333.498,343.114,
1124365.276,,333.514,344.799,
1124465.269,,333.735,351.029,
1124565.270,,334.195,344.971,
1124665.265,,334.134,341.215,
1124765.265,,334.584,340.368,
1124865.265,,334.434,338.312,
1124965.262,,333.387,335.504,
1125065.255,,333.429,335.133,
1125165.259,,334.027,339.344,
1125265.254,,334.196,339.433,
1125365.250,,334.117,341.105,
1125465.251,,333.316,337.215,
1125565.244,,333.598,333.018,
1125665.246,,332.260,338.056,
1125765.239,,332.834,337.162,
1125865.238,,333.243,335.222,
1125965.240,,335.200,334.358,
1126065.233,,336.490,332.373,
1126165.235,,335.733,332.720,
1126265.230,,336.169,336.346,
1126365.229,,336.435,334.939,
1126465.224,,335.016,332.916,
1126565.222,,336.163,345.310,
1126665.223,,335.017,346.269,
1126765.220,,334.856,346.365,
1126865.213,,335.275,344.054,
1126965.214,,335.021,341.401,
1127065.215,,335.388,338.935,
1127165.210,,335.685,347.543,
1127265.208,,335.723,349.897,
1127365.203,,335.532,345.697,
1127465.200,,335.312,342.647,
1127565.198,,335.165,342.867,
1127665.198,,333.734,346.227,
1127765.196,,333.805,341.440,
1127865.191,,334.468,343.458,
1127965.193,,333.888,341.174,
1128065.187,,333.668,338.684,
1128165.189,,333.372,342.365,
1128265.184,,333.247,341.522,
1128365.181,,334.484,340.412,
1128465.178,,335.631,337.857,
1128565.173,,335.666,336.502,
1128665.173,,335.246,337.885,
1128765.170,,336.191,341.671,
1128865.169,,336.293,340.320,
1128965.162,,334.821,338.607,
1129065.162,,334.505,338.562,
1129165.159,,334.953,336.667,
1129265.159,,334.087,335.412,
1129365.157,,333.976,345.124,
1129465.152,,333.719,348.327,
1129565.151,,333.749,348.395,
1129665.144,,333.676,344.893,
1129765.145,,334.115,339.867,
1129865.144,,334.666,345.674,
1129965.137,,334.223,345.166,
1130065.139,,333.992,340.172,
1130165.134,,333.046,336.337,
1130265.133,,333.766,334.148,
1130365.132,,333.487,336.151,
1130465.126,,334.004,337.390,
1130565.121,,334.699,338.167,
1130665.123,,334.267,337.086,
1130765.116,,334.457,335.175,
1130865.119,,334.722,336.025,
1130965.114,,335.368,334.133,
1131065.112,,335.433,334.442,
1131165.110,,334.629,334.551,
1131265.106,,335.005,331.665,
1131365.106,,334.236,330.175,
1131465.098,,334.429,336.276,
1131565.101,,333.762,348.855,
1131665.096,,334.269,347.525,
1131765.094,,335.207,342.886,
1131865.088,,334.518,337.598,
1131965.086,,334.627,337.362,
1132065.086,,333.969,335.362,
1132165.085,,334.291,334.404,
1132265.079,,334.259,339.571,
1132365.078,,334.160,339.177,
1132465.077,,334.588,337.020,
1132565.071,,333.965,334.707,
1132665.069,,333.873,332.467,
1132765.069,,335.081,330.787,
1132865.063,,333.679,329.546,
1132965.061,,334.231,330.694,
1133065.057,,336.587,333.352,
1133165.058,,336.566,335.640,
1133265.053,,336.677,336.458,
1133365.055,,336.769,336.947,
1133465.050,,337.313,335.442,
1133565.046,,335.704,333.976,
1133665.046,,334.292,334.112,
1133765.040,,334.355,333.667,
1133865.037,,335.498,333.601,
1133965.035,,335.694,333.435,
1134065.034,,334.598,338.924,
1134165.029,,336.105,338.911,
1134265.027,,335.541,335.645,
1134365.024,,335.616,335.004,
1134465.025,,335.436,353.638,
1134565.023,,335.400,370.545,
1134665.017,,334.296,368.640,
1134765.016,,333.830,361.466,
1134865.014,,333.746,356.001,
1134965.011,,333.729,358.269,
1135065.004,,332.881,353.111,
1135165.006,,334.522,352.821,
1135265.002,,334.595,350.096,
1135364.996,,334.398,346.636,
1135464.994,,333.140,346.744,
1135564.997,,334.117,347.396,
1135664.995,,334.768,347.321,
1135764.991,,335.186,348.839,
1135864.988,,335.766,348.475,
1135964.983,,335.375,347.800,
1136064.983,,333.780,342.603,
1136164.976,,333.820,343.839,
1136264.972,,333.264,342.667,
1136364.970,,333.566,339.857,
1136464.966,,335.463,340.691,
1136564.964,,335.620,340.969,
1136664.965,,334.443,339.935,
1136764.961,,334.045,337.020,
1136864.956,,334.121,337.451,
1136964.951,,334.220,338.337,
1137064.950,,334.331,339.720,
1137164.944,,334.365,337.515,
1137264.946,,334.339,339.260,
1137364.945,,333.315,340.645,
1137464.936,,333.500,342.400,
1137564.933,,333.452,346.489,
1137664.929,,333.774,346.550,
1137764.930,,334.048,344.636,
1137864.927,,335.089,340.542,
1137964.921,,334.768,337.760,
1138064.924,,334.602,338.269,
1138164.915,,336.025,336.267,
1138264.911,,335.546,336.602,
1138364.915,,336.016,336.663,
1138464.911,,336.092,335.762,
1138564.907,,336.257,343.071,
1138664.900,,335.452,341.193,
1138764.900,,333.853,337.778,
1138864.899,,334.384,333.780,
1138964.897,,333.846,331.935,
1139064.894,,334.133,334.198,
1139164.889,,334.471,344.808,
1139264.882,,334.513,343.958,
1139364.882,,333.838,343.306,
1139464.880,,334.400,347.491,
1139564.877,,334.555,344.751,
1139664.874,,333.994,343.752,
1139764.873,,333.508,358.930,
1139864.869,,333.107,366.553,
1139964.863,,333.132,358.053,
1140064.862,,332.778,353.605,
1140164.856,,333.541,350.348,
1140264.853,,333.643,345.245,
1140364.854,,333.875,341.477,
1140464.850,,333.966,341.889,
1140564.843,,333.720,341.502,
1140664.840,,333.706,346.021,
1140764.838,,333.465,350.896,
1140864.836,,333.690,355.919,
1140964.831,,334.326,360.223,
1141064.828,,334.243,365.611,
1141164.826,,334.198,369.402,
1141264.824,,333.974,366.252,
1141364.818,,333.699,358.050,
1141464.815,,334.266,351.441,
1141564.817,,336.057,345.710,
1141664.811,,338.079,344.277,
1141764.811,,338.236,346.024,
1141864.807,,337.144,348.070,
1141964.801,,336.608,347.632,
1142064.798,,336.850,348.372,
1142164.800,,336.285,349.059,
1142264.793,,336.305,347.507,
1142364.793,,335.924,347.421,
1142464.788,,335.862,346.071,
1142564.787,,335.832,346.816,
1142664.782,,336.014,344.737,
1142764.782,,336.039,342.084,
1142864.776,,334.118,339.812,
1142964.772,,333.677,340.279,
1143064.770,,333.958,342.097,
1143164.766,,333.987,339.595,
1143264.762,,334.666,336.746,
1143364.763,,334.886,338.267,
1143464.760,,335.270,339.646,
1143564.753,,334.668,337.422,
1143664.751,,334.662,334.278,
1143764.750,,334.777,337.105,
1143864.748,,334.243,335.285,
1143964.746,,334.596,334.074,
1144064.738,,335.883,334.974,
1144164.737,,339.564,334.152,
1144264.738,,337.765,331.289,
1144364.731,,337.486,330.731,
1144464.732,,335.971,332.867,
1144564.729,,336.110,346.196,
1144664.722,,334.732,355.708,
1144764.724,,334.483,347.697,
1144864.718,,335.065,341.215,
1144964.715,,336.312,337.615,
1145064.717,,336.005,335.259,
1145164.710,,336.072,340.321,
1145264.711,,335.817,340.478,
1145364.705,,335.896,336.371,
1145464.707,,335.430,335.499,
1145564.704,,335.207,337.262,
1145664.701,,334.295,336.613,
1145764.695,,334.174,340.014,
1145864.697,,334.774,342.538,
1145964.693,,334.877,347.228,
1146064.688,,334.892,346.735,
1146164.687,,334.435,342.342,
1146264.683,,334.195,343.752,
1146364.683,,334.923,343.814,
1146464.679,,333.822,342.061,
1146564.672,,334.334,338.631,
1146664.669,,334.828,337.968,
1146764.668,,335.145,339.374,
1146864.665,,335.209,343.259,
1146964.664,,335.636,341.286,
1147064.660,,335.469,338.953,
1147164.661,,334.955,337.304,
1147264.654,,335.446,334.191,
1147364.651,,334.653,335.127,
1147464.654,,334.891,336.615,
1147564.648,,334.377,354.515,
1147664.644,,333.568,355.696,
1147764.644,,333.411,349.806,
1147864.639,,334.397,350.353,
1147964.639,,334.240,346.984,
1148064.638,,334.063,342.385,
1148164.630,,334.559,339.882,
1148264.631,,335.465,340.462,
1148364.626,,334.908,342.168,
1148464.622,,335.981,341.326,
1148564.622,,336.114,337.709,
1148664.616,,334.183,339.501,
1148764.614,,333.033,339.013,
1148864.612,,332.816,334.698,
1148964.608,,333.760,333.201,
1149064.606,,332.577,333.117,
1149164.605,,333.579,331.787,
1149264.601,,332.964,332.302,
1149364.603,,334.086,332.536,
1149464.600,,334.310,344.083,
1149564.596,,333.864,364.025,
1149664.591,,334.049,364.269,
1149764.591,,334.249,362.427,
1149864.590,,334.351,360.263,
1149964.582,,334.368,366.031,
1150064.582,,334.098,356.877,
1150164.579,,333.771,349.595,
1150264.574,,333.768,346.391,
1150364.573,,333.877,344.519,
1150464.571,,334.273,345.646,
1150564.570,,334.261,347.221,
1150664.568,,334.058,344.868,
1150764.564,,335.186,345.408,
1150864.557,,334.382,347.649,
1150964.554,,334.489,346.441,
1151064.555,,333.648,341.854,
1151164.553,,334.210,345.907,
1151264.546,,334.162,353.293,
1151364.549,,333.289,356.334,
1151464.546,,333.601,365.448,
1151564.545,,333.722,376.688,
1151664.540,,332.884,384.325,
1151764.534,,333.876,370.840,
1151864.537,,334.417,359.452,
1151964.527,,334.325,353.056,
1152064.531,,333.940,375.493,
1152164.524,,334.027,401.587,
1152264.520,,333.824,387.031,
1152364.521,,333.879,372.003,
1152464.515,,333.319,364.615,
1152564.514,,333.825,357.059,
1152664.512,,333.802,353.803,
1152764.507,,334.080,352.085,
1152864.505,,333.307,351.290,
1152964.501,,333.284,347.438,
1153064.497,,333.677,359.931,
1153164.493,,333.511,360.578,
1153264.493,,333.552,351.858,
1153364.490,,334.071,352.828,
1153464.490,,333.969,364.610,
1153564.484,,333.534,371.948,
1153664.484,,333.304,363.556,
1153764.480,,333.809,357.935,
1153864.477,,334.522,357.972,
1153964.476,,333.250,351.638,
1154064.467,,333.520,351.873,
1154164.468,,334.147,350.957,
1154264.467,,334.754,349.182,
1154364.464,,334.188,347.848,
1154464.456,,336.113,351.467,
1154564.455,,336.540,351.250,
1154664.452,,334.608,349.266,
1154764.448,,334.978,345.577,
1154864.446,,335.205,343.162,
1154964.445,,333.595,341.978,
1155064.440,,333.087,337.214,
1155164.440,,333.592,334.303,
1155264.436,,333.553,332.538,
1155364.436,,334.896,330.961,
1155464.432,,334.064,329.072,
1155564.428,,334.332,328.907,
1155664.424,,334.268,331.052,
1155764.425,,334.125,332.999,
1155864.418,,334.917,341.107,
1155964.414,,336.427,339.110,
1156064.413,,336.213,338.127,
1156164.408,,334.957,337.808,
1156264.410,,334.014,338.285,
1156364.406,,333.681,337.542,
1156464.405,,333.848,335.792,
1156564.396,,333.967,332.899,
1156664.394,,334.213,330.304,
1156764.397,,334.503,335.382,
1156864.387,,333.533,340.985,
1156964.388,,333.774,342.282,
1157064.383,,333.399,341.355,
1157164.384,,333.269,344.580,
1157264.378,,333.121,344.629,
1157364.377,,333.805,343.795,
1157464.376,,333.389,341.912,
1157564.371,,333.954,338.205,
1157664.367,,333.577,337.270,
1157764.362,,334.318,335.787,
1157864.360,,335.239,336.936,
1157964.362,,336.475,334.073,
1158064.356,,335.056,331.286,
1158164.356,,334.812,329.675,
1158264.349,,333.282,331.324,
1158364.351,,333.521,330.347,
1158464.347,,333.415,333.212,
1158564.343,,334.132,339.551,
1158664.340,,333.348,338.763,
1158764.335,,332.829,340.656,
1158864.336,,332.917,342.086,
1158964.330,,332.933,340.200,
1159064.330,,333.307,342.629,
1159164.324,,334.299,342.981,
1159264.321,,333.187,348.134,
1159364.319,,333.431,350.015,
1159464.316,,333.120,347.624,
1159564.315,,333.396,344.839,
1159664.310,,334.016,339.916,
1159764.306,,334.154,336.118,
1159864.305,,333.916,334.524,
1159964.302,,334.618,335.471,
1160064.297,,334.162,338.528,
1160164.302,,334.017,340.520,
1160264.296,,334.075,340.324,
1160364.292,,333.936,337.982,
1160464.294,,333.389,335.246,
1160564.292,,333.607,332.621,
1160664.286,,334.025,330.052,
1160764.284,,333.896,329.931,
1160864.283,,333.829,329.145,
1160964.281,,333.971,327.756,
1161064.281,,333.837,325.443,
1161164.279,,329.017,325.888,
1161264.274,,332.219,330.407,
1161364.275,,332.022,338.458,
1161464.269,,331.305,339.050,
1161564.271,,331.930,340.635,
1161664.267,,333.028,343.095,
1161764.262,,332.865,345.111,
1161864.263,,333.045,342.961,
1161964.257,,332.289,338.127,
1162064.259,,332.732,334.760,
1162164.252,,333.177,331.242,
1162264.252,,332.594,329.447,
1162364.251,,333.030,333.014,
1162464.250,,332.774,341.583,
1162564.248,,332.780,346.729,
1162664.242,,332.717,351.079,
1162764.244,,332.832,345.595,
1162864.239,,332.796,339.884,
1162964.235,,332.706,335.527,
1163064.239,,333.023,333.220,
1163164.236,,332.763,337.480,
1163264.233,,332.321,337.257,
1163364.226,,332.025,344.119,
1163464.231,,332.497,347.079,
1163564.223,,332.393,342.856,
1163664.224,,332.908,340.848,
1163764.222,,332.963,336.967,
1163864.220,,332.806,340.981,
1163964.214,,332.065,348.658,
1164064.211,,332.837,344.304,
1164164.213,,332.110,338.635,
1164264.208,,333.033,337.154,
1164364.210,,332.472,334.231,
1164464.205,,332.073,335.074,
1164564.205,,333.061,335.627,
1164664.200,,333.374,334.241,
1164764.196,,333.577,335.330,
1164864.197,,333.225,335.156,
1164964.197,,333.537,336.565,
1165064.191,,332.707,334.864,
1165164.193,,332.650,334.134,
1165264.188,,332.575,335.154,
1165364.183,,332.535,333.756,
1165464.183,,332.609,333.592,
1165564.183,,333.196,332.823,
1165664.183,,334.059,335.796,
1165764.179,,333.877,339.731,
1165864.174,,334.975,339.582,
1165964.173,,334.947,338.559,
1166064.171,,334.156,335.101,
1166164.169,,333.095,333.154,
1166264.168,,332.887,336.072,
1166364.163,,332.467,337.102,
1166464.162,,332.735,359.991,
1166564.159,,332.506,353.730,
1166664.161,,332.452,346.138,
1166764.155,,332.476,339.763,
1166864.154,,331.671,335.123,
1166964.154,,332.553,335.846,
1167064.149,,332.888,334.806,
1167164.149,,331.131,332.162,
1167264.149,,331.179,334.762,
1167364.144,,332.434,332.710,
1167464.144,,332.628,331.801,
1167564.139,,332.684,329.516,
1167664.137,,333.092,328.888,
1167764.132,,333.595,331.531,
1167864.129,,333.001,331.454,
1167964.132,,333.609,330.153,
1168064.124,,333.031,330.394,
1168164.118,,332.628,333.519,
1168264.118,,333.349,335.308,
1168364.111,,332.131,332.975,
1168464.110,,331.365,331.463,
1168564.102,,331.179,337.014,
1168664.097,,331.139,337.107,
1168764.096,,331.862,335.472,
1168864.091,,332.145,339.006,
1168964.086,,331.889,338.024,
1169064.083,,332.293,336.705,
1169164.081,,332.234,336.482,
1169264.079,,331.950,338.029,
1169364.074,,332.598,333.443,
1169464.068,,333.127,330.666,
1169564.061,,332.900,331.606,
1169664.058,,332.314,330.915,
1169764.054,,332.123,331.591,
1169864.052,,332.717,331.480,
1169964.050,,333.577,336.755,
1170064.047,,332.366,342.169,
1170164.038,,331.989,340.182,
1170264.034,,332.688,338.176,
1170364.034,,332.395,334.837,
1170464.027,,333.095,333.421,
1170564.021,,334.510,337.120,
1170664.021,,334.905,346.310,
1170764.019,,334.330,343.769,
1170864.012,,334.648,339.947,
1170964.007,,334.479,335.562,
1171064.006,,333.881,332.916,
1171164.002,,333.349,335.527,
1171263.998,,333.737,335.809,
1171363.992,,332.925,334.766,
1171463.987,,333.509,337.730,
1171563.984,,333.989,337.482,
1171663.983,,333.571,334.672,
1171763.976,,333.929,331.425,
1171863.969,,333.484,334.125,
1171963.970,,333.247,342.142,
1172063.962,,332.979,349.093,
1172163.956,,332.508,354.977,
1172263.953,,333.061,353.656,
1172363.955,,333.904,347.729,
1172463.948,,333.900,352.891,
1172563.941,,333.120,351.123,
1172663.939,,332.773,345.189,
1172763.938,,332.756,342.984,
1172863.931,,333.757,339.937,
1172963.928,,334.196,335.956,
1173063.926,,333.476,337.797,
1173163.921,,332.785,338.758,
1173263.912,,333.178,342.470,
1173363.910,,333.012,342.549,
1173463.904,,333.088,341.145,
1173563.901,,333.328,338.854,
1173663.897,,334.358,339.486,
1173763.898,,335.442,341.704,
1173863.888,,335.456,338.109,
1173963.887,,333.934,337.194,
1174063.884,,336.006,348.072,
1174163.880,,336.309,347.216,
1174263.876,,336.348,342.844,
1174363.872,,335.728,344.533,
1174463.864,,337.060,344.549,
1174563.865,,337.163,342.803,
1174663.859,,335.487,346.044,
1174763.856,,335.323,346.666,
1174863.852,,336.316,344.555,
1174963.848,,334.910,344.293,
1175063.841,,334.737,355.366,
1175163.838,,338.278,355.176,
1175263.836,,339.113,353.134,
1175363.832,,338.864,344.270,
1175463.829,,334.676,340.365,
1175563.820,,335.039,338.013,
1175663.821,,334.978,336.525,
1175763.814,,334.886,337.001,
1175863.807,,337.211,355.802,
1175963.806,,337.475,360.033,
1176063.805,,336.648,355.781,
1176163.796,,336.538,352.188,
1176263.796,,337.005,349.630,
1176363.790,,337.897,345.913,
1176463.786,,336.615,342.915,
1176563.787,,337.405,340.587,
1176663.782,,337.571,340.063,
1176763.781,,335.736,341.085,
1176863.776,,335.252,342.761,
1176963.774,,335.212,344.188,
1177063.767,,335.158,347.202,
1177163.765,,335.644,344.098,
1177263.764,,335.555,342.023,
1177363.757,,335.121,339.249,
1177463.756,,335.844,341.934,
1177563.748,,336.577,345.458,
1177663.746,,336.085,349.832,
1177763.741,,335.719,349.614,
1177863.737,,335.548,345.895,
1177963.739,,335.921,342.710,
1178063.734,,336.073,351.014,
1178163.727,,334.499,349.403,
1178263.725,,333.774,350.265,
1178363.723,,333.274,347.522,
1178463.721,,333.480,348.906,
1178563.715,,332.959,343.904,
1178663.709,,333.174,339.419,
1178763.707,,333.051,336.149,
1178863.703,,334.091,334.045,
1178963.702,,334.641,332.506,
1179063.698,,334.879,336.603,
1179163.692,,334.682,334.898,
1179263.689,,334.026,333.795,
1179363.688,,336.478,334.498,
1179463.687,,335.935,334.451,
1179563.683,,335.902,333.337,
1179663.675,,335.635,334.266,
1179763.674,,335.772,341.347,
1179863.671,,335.728,349.224,
1179963.663,,335.754,346.130,
1180063.662,,335.891,344.210,
1180163.657,,334.738,344.347,
1180263.652,,334.324,342.383,
1180363.653,,334.888,344.117,
1180463.648,,334.384,347.959,
1180563.644,,335.139,344.877,
1180663.639,,336.118,354.588,
1180763.635,,335.060,358.384,
1180863.634,,334.780,351.145,
1180963.630,,334.125,351.008,
1181063.629,,336.183,346.754,
1181163.626,,335.382,342.205,
1181263.617,,334.703,340.981,
1181363.618,,335.140,348.391,
1181463.612,,335.319,346.325,
1181563.611,,335.461,344.954,
1181663.609,,334.310,342.646,
1181763.605,,333.874,342.326,
1181863.598,,333.704,346.636,
1181963.598,,335.367,350.253,
1182063.591,,335.318,347.988,
1182163.591,,335.014,347.108,
1182263.584,,335.344,346.805,
1182363.578,,335.034,348.513,
1182463.577,,335.114,344.013,
1182563.574,,334.767,339.824,
1182663.570,,334.350,336.799,
1182763.569,,334.394,346.259,
1182863.566,,333.220,361.354,
1182963.560,,333.915,370.285,
1183063.556,,334.665,361.007,
1183163.555,,335.392,353.367,
1183263.549,,335.361,348.855,
1183363.543,,335.903,344.420,
1183463.539,,335.159,342.490,
1183563.541,,335.143,343.101,
1183663.539,,334.551,345.928,
1183763.529,,335.040,342.558,
1183863.528,,334.936,339.620,
1183963.523,,335.543,336.085,
1184063.522,,335.348,335.531,
1184163.517,,335.318,334.633,
1184263.514,,335.262,334.194,
1184363.512,,335.687,331.324,
1184463.511,,335.972,331.016,
1184563.510,,336.670,332.037,
1184663.503,,337.486,335.632,
1184763.505,,337.973,336.690,
1184863.499,,337.408,336.981,
1184963.500,,336.449,344.077,
1185063.495,,336.545,346.863,
1185163.493,,336.554,344.431,
1185263.485,,336.752,343.045,
1185363.485,,336.641,342.947,
1185463.480,,336.711,343.149,
1185563.483,,336.500,345.759,
1185663.478,,336.187,352.331,
1185763.474,,335.657,355.137,
1185863.474,,335.667,352.270,
1185963.471,,335.933,347.010,
1186063.467,,336.074,345.977,
1186163.461,,336.136,349.174,
1186263.457,,336.854,346.465,
1186363.460,,336.653,343.709,
1186463.454,,336.277,341.337,
1186563.454,,336.304,346.323,
1186663.448,,337.099,348.491,
1186763.443,,337.910,344.625,
1186863.445,,337.928,342.164,
1186963.438,,338.997,339.725,
1187063.437,,338.105,337.619,
1187163.431,,337.956,338.298,
1187263.430,,337.390,339.515,
1187363.427,,337.790,339.432,
1187463.429,,337.288,338.860,
1187563.422,,337.553,339.029,
1187663.418,,337.198,338.083,
1187763.421,,336.856,336.251,
1187863.417,,336.089,334.017,
1187963.409,,335.994,333.604,
1188063.408,,336.281,333.575,
1188163.405,,335.562,337.113,
1188263.404,,335.019,341.071,
1188363.399,,335.341,341.388,
1188463.397,,335.359,336.905,
1188563.398,,335.145,336.966,
1188663.393,,336.526,336.136,
1188763.392,,336.150,337.580,
1188863.383,,337.088,341.347,
1188963.382,,337.188,344.409,
1189063.378,,336.055,352.440,
1189163.380,,335.090,363.765,
1189263.372,,335.074,364.535,
1189363.375,,334.548,358.131,
1189463.372,,335.187,350.453,
1189563.364,,334.818,345.511,
1189663.364,,337.743,342.751,
1189763.358,,338.361,338.775,
1189863.357,,336.951,337.041,
1189963.354,,337.283,336.672,
1190063.352,,335.469,332.483,
1190163.351,,335.359,330.182,
1190263.345,,335.256,333.961,
1190363.344,,334.242,342.413,
1190463.344,,334.266,348.078,
1190563.335,,334.474,344.344,
1190663.334,,334.729,341.280,
1190763.335,,334.341,339.623,
1190863.333,,334.614,339.289,
1190963.330,,334.644,337.729,
1191063.321,,335.042,334.948,
1191163.321,,334.524,333.555,
1191263.319,,334.061,336.285,
1191363.313,,334.273,335.354,
1191463.315,,334.321,332.292,
1191563.312,,334.154,329.043,
1191663.310,,333.743,326.736,
1191763.303,,334.460,326.174,
1191863.300,,334.853,325.988,
1191963.301,,334.168,326.146,
1192063.297,,334.215,327.977,
1192163.298,,333.226,328.860,
1192263.291,,333.515,327.822,
1192363.292,,334.387,328.970,
1192463.289,,335.297,334.161,
1192563.287,,334.787,336.476,
1192663.282,,335.124,333.977,
1192763.283,,334.538,331.667,
1192863.282,,334.688,332.598,
1192963.277,,334.561,333.223,
1193063.276,,334.212,336.346,
1193163.276,,334.546,336.748,
1193263.270,,334.670,335.741,
1193363.270,,334.733,334.732,
1193463.266,,333.963,334.580,
1193563.269,,335.473,336.235,
1193663.265,,335.741,338.733,
1193763.262,,336.104,337.661,
1193863.263,,333.780,342.349,
1193963.259,,335.936,343.040,
1194063.254,,337.074,340.410,
1194163.255,,336.775,337.611,
1194263.249,,336.423,337.767,
1194363.246,,336.500,337.363,
1194463.248,,336.203,338.120,
1194563.244,,336.289,339.797,
1194663.240,,336.483,337.149,
1194763.239,,335.713,334.139,
1194863.242,,335.551,331.793,
1194963.239,,334.865,335.348,
1195063.238,,333.983,337.887,
1195163.230,,334.085,343.574,
1195263.234,,334.652,349.236,
1195363.227,,335.498,350.306,
1195463.226,,336.416,346.718,
1195563.222,,335.778,354.224,
1195663.223,,334.015,360.770,
1195763.220,,334.186,352.947,
1195863.218,,333.854,351.981,
1195963.217,,333.930,348.972,
1196063.216,,333.642,356.900,
1196163.211,,333.870,355.535,
1196263.213,,333.867,347.356,
1196363.207,,334.681,342.695,
1196463.208,,336.447,343.710,
1196563.208,,339.718,345.144,
1196663.201,,339.308,340.862,
1196763.203,,337.579,340.569,
1196863.198,,337.047,339.439,
1196963.198,,336.034,341.873,
1197063.197,,337.446,343.781,
1197163.194,,338.045,354.240,
1197263.192,,335.800,356.307,
1197363.191,,335.008,365.949,
1197463.187,,334.014,375.507,
1197563.186,,334.104,366.293,
1197663.179,,332.661,354.848,
1197763.182,,333.938,347.908,
1197863.176,,333.806,344.538,
1197963.172,,334.037,341.061,
1198063.176,,334.392,337.905,
1198163.171,,333.391,340.430,
1198263.170,Input1*2*0,333.040,347.451,
1198363.170,,332.401,348.331,
1198463.166,,332.774,344.298,
1198563.160,,332.751,345.302,
1198663.163,,334.087,345.133,
1198763.158,Input1*2*1,332.140,344.014,
1198863.154,,332.684,345.605,
1198963.157,,332.911,345.002,
1199063.152,,333.059,340.818,
1199163.154,,333.310,336.729,
1199263.148,,333.624,333.346,
1199363.149,,332.741,331.571,
1199463.141,,334.169,334.205,
1199563.140,,333.360,337.387,
1199663.137,,333.686,336.811,
1199763.139,,333.216,333.735,
1199863.135,,334.191,333.690,
1199963.133,,333.270,330.337,
1200063.128,,333.178,329.780,
1200163.121,,334.751,332.144,
1200263.117,,336.671,331.619,
1200363.110,,336.068,332.220,
1200463.107,,336.483,337.951,
1200563.100,,335.832,338.341,
1200663.095,,335.551,337.462,
1200763.093,,333.729,336.568,
1200863.086,,333.275,337.242,
1200963.086,,332.663,339.138,
1201063.077,,332.782,342.782,
1201163.075,,333.207,350.076,
1201263.072,,333.818,358.601,
1201363.063,,333.634,354.809,
1201463.060,,333.475,346.838,
1201563.056,,334.307,343.558,
1201663.052,,334.462,339.736,
1201763.046,,333.620,339.745,
1201863.046,,333.202,340.849,
1201963.040,,332.700,339.394,
1202063.036,,332.862,336.200,
1202163.028,,333.451,335.073,
1202263.027,,333.826,340.213,
1202363.018,,332.577,342.486,
1202463.016,,334.535,341.598,
1202563.013,,335.929,337.489,
1202663.008,,334.944,336.358,
1202762.999,,334.656,337.026,
1202862.998,,333.946,337.540,
1202962.990,,334.401,345.137,
1203062.988,,334.414,343.059,
1203162.982,,334.337,352.822,
1203262.974,,333.547,350.987,
1203362.971,,334.556,344.410,
1203462.965,,334.949,341.515,
1203562.964,,335.144,339.325,
1203662.961,,333.857,340.851,
1203762.957,,334.282,339.586,
1203862.950,,334.984,339.184,
1203962.941,,333.257,336.978,
1204062.937,,333.876,339.084,
1204162.935,,334.892,346.080,
1204262.928,,335.379,343.272,
1204362.928,,336.173,339.965,
1204462.918,,335.157,337.410,
1204562.920,,334.482,335.110,
1204662.912,,333.226,332.932,
1204762.904,,333.712,336.310,
1204862.905,,333.852,340.223,
1204962.897,,333.549,342.400,
1205062.890,,333.537,341.408,
1205162.886,,333.498,341.826,
1205262.881,,333.658,342.862,
1205362.881,,332.577,341.968,
1205462.876,,333.402,337.976,
1205562.869,,333.386,334.822,
1205662.868,,333.587,337.727,
1205762.861,,333.446,337.868,
1205862.858,,333.286,347.920,
1205962.852,,333.365,345.516,
1206062.843,,332.615,339.386,
1206162.840,,332.662,336.034,
1206262.840,,332.278,336.345,
1206362.834,,332.336,345.432,
1206462.831,,332.136,344.088,
1206562.826,,332.884,341.847,
1206662.816,,333.642,347.078,
1206762.815,,333.879,346.792,
1206862.807,,335.766,346.161,
1206962.789,,334.966,344.237,
1207062.800,,335.173,342.472,
1207162.792,,334.835,344.607,
1207262.792,,334.940,342.553,
1207362.783,,333.788,343.011,
1207462.762,,333.713,343.906,
1207562.777,,333.077,346.678,
1207662.770,,332.803,345.258,
1207762.766,,333.098,346.235,
1207862.761,,332.781,346.357,
1207962.762,,333.168,340.943,
1208062.757,,332.884,337.608,
1208162.757,,334.666,338.126,
1208262.758,,335.326,337.791,
1208362.754,,335.484,340.272,
1208462.755,,336.034,338.811,
1208562.755,,335.659,336.948,
1208662.751,,334.429,338.679,
1208762.751,,334.074,340.462,
1208862.748,,334.633,340.972,
1208962.745,,335.105,342.955,
1209062.745,,335.896,342.664,
1209162.746,,336.731,339.408,
1209262.744,,336.797,339.568,
1209362.739,,336.854,341.339,
1209462.744,,335.439,340.391,
1209562.737,,335.675,345.343,
1209662.739,,335.875,349.596,
1209762.736,,335.511,348.244,
1209862.738,,335.586,351.433,
1209962.731,,335.378,349.577,
1210062.734,,335.348,346.687,
1210162.731,,334.985,342.802,
1210262.727,,335.214,341.547,
1210362.727,,335.098,340.278,
1210462.725,,335.803,338.323,
1210562.726,,335.917,337.706,
1210662.727,,336.028,339.267,
1210762.726,,335.846,339.056,
1210862.725,,335.540,338.961,
1210962.720,,335.844,342.392,
1211062.720,,335.994,345.578,
1211162.720,,335.730,345.041,
1211262.716,,335.192,347.607,
1211362.713,,335.654,343.094,
1211462.711,,335.164,342.471,
1211562.712,,334.430,340.876,
1211662.713,,335.445,341.424,
1211762.711,,336.375,338.043,
1211862.712,,335.622,335.418,
1211962.705,,336.215,336.689,
1212062.704,,336.054,337.848,
1212162.703,,336.156,337.554,
1212262.700,,334.316,337.518,
1212362.705,,333.987,336.057,
1212462.700,,334.255,337.531,
1212562.696,,333.951,340.783,
1212662.697,,334.041,344.277,
1212762.694,,335.347,343.396,
1212862.693,,335.732,343.092,
1212962.693,,335.096,343.013,
1213062.690,,334.534,340.604,
1213162.691,,334.378,346.704,
1213262.687,,334.838,348.362,
1213362.692,,335.099,342.492,
1213462.688,,336.031,338.832,
1213562.688,,335.520,335.614,
1213662.688,,334.218,335.466,
1213762.682,,334.101,337.657,
1213862.685,,334.433,338.161,
1213962.678,,334.861,338.049,
1214062.682,,334.722,336.968,
1214162.676,,335.017,333.364,
1214262.675,,334.770,332.803,
1214362.676,,335.244,336.451,
1214462.675,,335.845,339.104,
1214562.671,,336.512,337.873,
1214662.672,,337.730,339.422,
1214762.668,,336.647,338.385,
1214862.670,,334.957,338.137,
1214962.665,,335.449,338.573,
1215062.668,,335.980,337.079,
1215162.666,,337.733,336.577,
1215262.662,,335.850,335.597,
1215362.660,,335.030,338.448,
1215462.663,,334.844,337.919,
1215562.659,,334.920,335.507,
1215662.656,,335.567,331.563,
1215762.660,,334.609,330.488,
1215862.657,,334.349,331.937,
1215962.653,,335.260,334.465,
1216062.648,,335.811,335.347,
1216162.639,,335.274,335.477,
1216262.640,,335.133,355.750,
1216362.631,,334.978,350.313,
1216462.630,,335.203,343.374,
1216562.621,,335.102,339.551,
1216662.616,,335.212,340.172,
1216762.612,,335.132,336.704,
1216862.608,,334.953,333.949,
1216962.604,,334.780,345.246,
1217062.597,,333.616,361.543,
1217162.594,,334.715,353.761,
1217262.592,,334.428,348.546,
1217362.584,,334.482,343.903,
1217462.579,,334.299,341.952,
1217562.579,,334.592,339.886,
1217662.571,,335.696,337.570,
1217762.568,,334.766,334.413,
1217862.562,,334.990,333.739,
1217962.555,,334.572,333.535,
1218062.556,,333.684,332.778,
1218162.552,,334.505,332.321,
1218262.543,,335.447,333.641,
1218362.540,,335.076,335.835,
1218462.537,,335.090,336.325,
1218562.530,,335.467,337.122,
1218662.523,,335.133,334.848,
1218762.518,,333.787,333.695,
1218862.514,,334.186,334.713,
1218962.508,,333.563,338.628,
1219062.507,,333.877,338.961,
1219162.504,,333.531,339.323,
1219262.500,,334.019,338.511,
1219362.490,,334.117,337.707,
1219462.488,,334.297,337.162,
1219562.487,,334.039,335.445,
1219662.478,,333.709,336.213,
1219762.477,,333.861,337.200,
1219862.472,,333.981,339.407,
1219962.467,,334.254,340.519,
1220062.458,,333.988,338.795,
1220162.454,,333.769,341.949,
1220262.449,,333.936,341.233,
1220362.448,,334.070,341.166,
1220462.443,,334.490,342.025,
1220562.437,,333.201,341.953,
1220662.434,,333.425,338.872,
1220762.429,,334.096,338.247,
1220862.424,,334.222,335.995,
1220962.420,,333.963,333.379,
1221062.412,,333.985,330.943,
1221162.412,,334.304,331.750,
1221262.401,,334.113,329.840,
1221362.397,,333.234,328.798,
1221462.394,,333.857,332.182,
1221562.389,,332.036,330.545,
1221662.389,,333.725,329.229,
1221762.383,,334.816,327.059,
1221862.378,,335.008,329.913,
1221962.371,,334.419,332.849,
1222062.365,,334.557,333.233,
1222162.362,,335.091,337.597,
1222262.355,,333.730,342.035,
1222362.353,,332.999,347.704,
1222462.347,,332.193,347.356,
1222562.344,,332.566,343.393,
1222662.341,,332.803,338.498,
1222762.333,,332.430,337.012,
1222862.328,,332.533,333.965,
1222962.323,,332.374,335.162,
1223062.324,,332.957,334.826,
1223162.314,,332.901,339.110,
1223262.313,,332.365,339.271,
1223362.307,,331.921,335.426,
1223462.299,,331.579,344.136,
1223562.295,,331.756,358.709,
1223662.295,,331.715,356.007,
1223762.291,,332.290,352.223,
1223862.280,,332.319,348.349,
1223962.283,,332.136,345.181,
1224062.281,,332.596,341.847,
1224162.279,,332.387,339.518,
1224262.273,,332.023,340.176,
1224362.268,,331.656,339.160,
1224462.270,,331.906,336.112,
1224562.268,,331.780,335.965,
1224662.260,,332.020,336.143,
1224762.258,,332.753,337.725,
1224862.261,,335.071,337.446,
1224962.255,,336.342,337.470,
1225062.253,,335.488,335.623,
1225162.251,,336.824,336.435,
1225262.249,,335.645,333.385,
1225362.243,,334.482,331.487,
1225462.240,,332.665,330.697,
1225562.238,,332.641,331.467,
1225662.239,,332.860,334.378,
1225762.236,,332.687,337.171,
1225862.234,,332.436,336.532,
1225962.229,,332.238,341.624,
1226062.229,,331.302,338.293,
1226162.223,,332.831,338.729,
1226262.226,,332.941,340.288,
1226362.221,,333.544,337.859,
1226462.217,,332.765,338.905,
1226562.219,,334.408,338.448,
1226662.210,,333.263,334.961,
1226762.210,,333.984,335.492,
1226862.204,,333.940,338.724,
1226962.204,,333.768,347.935,
1227062.203,,333.229,346.222,
1227162.201,,332.879,342.625,
1227262.198,,332.776,338.954,
1227362.197,,332.888,337.296,
1227462.193,,332.994,337.225,
1227562.190,,333.020,336.063,
1227662.189,,332.598,336.302,
1227762.185,,331.262,337.645,
1227862.180,,331.579,340.621,
1227962.177,,331.617,340.846,
1228062.177,,330.334,338.489,
1228162.172,,331.539,336.683,
1228262.176,,332.037,334.234,
1228362.169,,331.966,332.068,
1228462.171,,331.814,330.786,
1228562.166,,331.654,329.532,
1228662.166,,331.787,326.683,
1228762.159,,331.709,325.055,
1228862.160,,331.968,326.352,
1228962.154,,331.709,325.958,
1229062.155,,331.637,324.144,
1229162.150,,331.539,322.819,
1229262.147,,331.827,341.062,
1229362.145,,331.856,338.677,
1229462.140,,331.262,336.558,
1229562.143,,331.045,332.418,
1229662.135,,330.943,331.258,
1229762.138,,330.812,331.032,
1229862.129,,331.072,331.530,
1229962.129,,331.082,337.947,
1230062.128,,331.425,336.820,
1230162.125,,331.435,334.333,
1230262.124,,331.792,340.038,
1230362.120,,331.624,342.493,
1230462.118,,331.564,340.933,
1230562.114,,332.116,337.852,
1230662.114,,331.390,339.143,
1230762.108,,332.803,339.178,
1230862.108,,332.537,338.017,
1230962.102,,332.688,339.057,
1231062.103,,333.197,338.400,
1231162.099,,332.602,334.173,
1231262.100,,332.357,333.174,
1231362.098,,331.866,332.577,
1231462.091,,331.758,334.841,
1231562.090,,331.363,346.959,
1231662.088,,330.949,341.664,
1231762.083,,331.586,336.570,
1231862.084,,332.383,332.814,
1231962.076,,332.054,330.917,
1232062.073,,331.760,329.964,
1232162.074,,331.867,328.248,
1232262.071,,331.670,327.172,
1232362.070,,331.750,330.097,
1232462.064,,334.705,335.011,
1232562.063,,334.130,341.777,
1232662.061,,337.045,341.855,
1232762.058,,335.653,337.707,
1232862.054,,333.815,335.530,
1232962.046,,333.480,332.666,
1233062.045,,331.831,330.267,
1233162.044,,332.548,329.491,
1233262.043,,332.491,329.163,
1233362.036,,333.058,329.861,
1233462.038,,332.321,330.616,
1233562.033,,333.449,330.813,
1233662.026,,336.003,331.622,
1233762.025,,336.525,334.618,
1233862.026,,335.848,335.999,
1233962.022,,334.549,334.115,
1234062.016,,333.622,336.558,
1234162.010,,333.644,338.385,
1234262.008,,332.991,342.369,
1234362.008,,333.553,346.995,
1234462.002,,334.085,345.816,
1234562.002,,333.332,343.677,
1234661.998,,333.158,345.522,
1234761.996,,332.729,343.441,
1234861.996,,332.949,342.329,
1234961.991,,333.156,339.615,
1235061.986,,335.229,343.234,
1235161.984,,334.892,345.080,
1235261.984,,334.307,340.951,
1235361.976,,333.990,338.241,
1235461.972,,333.835,341.297,
1235561.974,,334.138,342.574,
1235661.969,,334.835,340.472,
1235761.966,,335.095,340.490,
1235861.966,,335.172,340.879,
1235961.961,,335.315,348.701,
1236061.954,,335.446,352.080,
1236161.954,,334.818,347.669,
1236261.950,,334.270,344.204,
1236361.951,,334.435,341.376,
1236461.943,,334.942,341.061,
1236561.945,,335.024,339.971,
1236661.939,,334.821,343.242,
1236761.933,,334.533,346.044,
1236861.934,,334.792,345.929,
1236961.930,,334.814,349.516,
1237061.930,,334.575,348.939,
1237161.925,,334.469,348.470,
1237261.919,,334.425,344.391,
1237361.916,,334.028,340.646,
1237461.917,,334.207,345.589,
1237561.911,,333.422,356.326,
1237661.908,,333.301,371.645,
1237761.910,,334.653,367.619,
1237861.902,,333.695,369.696,
1237961.900,,334.931,376.440,
1238061.897,,335.936,368.130,
1238161.895,,334.701,362.891,
1238261.888,,335.306,355.276,
1238361.890,,334.646,347.981,
1238461.887,,334.751,349.191,
1238561.883,,335.163,349.518,
1238661.876,,335.646,348.691,
1238761.876,,334.871,342.311,
1238861.874,,334.096,338.187,
1238961.872,,334.317,341.110,
1239061.865,,334.309,345.429,
1239161.868,,335.501,342.254,
1239261.859,,334.901,337.467,
1239361.861,,334.897,335.566,
1239461.855,,334.592,339.087,
1239561.854,,335.049,353.863,
1239661.849,,334.729,353.550,
1239761.850,,334.995,367.097,
1239861.841,,334.032,367.643,
1239961.842,,334.757,357.320,
1240061.837,,335.546,356.977,
1240161.831,,334.697,365.590,
1240261.826,,335.043,356.797,
1240361.824,,334.974,351.678,
1240461.824,,335.063,348.677,
1240561.820,,335.632,354.267,
1240661.812,,334.808,365.175,
1240761.810,,334.432,357.058,
1240861.807,,335.001,350.333,
1240961.801,,335.095,345.323,
1241061.797,,334.767,343.560,
1241161.791,,335.160,340.336,
1241261.791,,334.403,335.261,
1241361.786,,333.459,333.521,
1241461.786,,333.315,332.039,
1241561.782,,333.600,332.349,
1241661.775,,333.851,332.904,
1241761.771,,333.467,332.797,
1241861.769,,333.030,334.254,
1241961.761,,332.719,333.123,
1242061.762,,332.834,333.226,
1242161.758,,333.791,332.554,
1242261.751,,334.487,331.164,
1242361.751,,334.406,333.918,
1242461.743,,335.966,337.719,
1242561.739,,334.620,341.849,
1242661.740,,334.645,342.226,
1242761.737,,333.802,341.204,
1242861.730,,334.212,336.989,
1242961.727,,334.180,333.866,
1243061.720,,333.964,333.786,
1243161.718,,334.808,347.745,
1243261.712,,334.848,345.404,
1243361.713,,334.008,339.972,
1243461.706,,335.323,336.445,
1243561.703,,334.309,336.120,
1243661.698,,334.379,335.533,
1243761.694,,334.636,333.664,
1243861.692,,334.822,332.920,
1243961.690,,333.869,353.394,
1244061.683,,334.016,360.924,
1244161.680,,334.316,357.474,
1244261.681,,334.056,351.498,
1244361.674,,333.655,348.887,
1244461.672,,335.851,345.966,
1244561.666,,336.266,348.147,
1244661.663,,336.966,350.766,
1244761.662,,337.540,351.861,
1244861.655,,334.080,351.328,
1244961.649,,333.035,347.845,
1245061.650,,335.063,341.839,
1245161.646,,333.109,337.089,
1245261.639,,334.356,335.374,
1245361.632,,334.526,334.147,
1245461.635,,334.328,332.535,
1245561.629,,335.031,334.757,
1245661.623,,336.240,335.257,
1245761.618,,334.692,336.323,
1245861.614,,333.616,332.119,
1245961.613,,335.227,334.098,
1246061.608,,335.278,337.403,
1246161.608,,336.593,335.763,
1246261.604,,336.386,335.950,
1246361.599,,336.174,340.737,
1246461.593,,335.809,346.106,
1246561.591,,335.683,349.653,
1246661.590,,335.279,345.162,
1246761.579,,335.509,340.998,
1246861.579,,335.365,336.429,
1246961.573,,334.688,336.441,
1247061.572,,334.193,338.361,
1247161.569,,334.239,345.562,
1247261.561,,334.570,342.064,
1247361.562,,334.957,338.034,
1247461.554,,334.855,338.590,
1247561.550,,335.022,338.553,
1247661.552,,334.825,336.005,
1247761.542,,334.351,334.432,
1247861.543,,334.936,335.309,
1247961.534,,334.051,334.394,
1248061.531,,334.042,336.243,
1248161.530,,333.692,337.444,
1248261.525,,334.083,336.808,
1248361.522,,334.120,336.417,
1248461.519,,334.836,336.466,
1248561.515,,334.497,337.902,
1248661.514,,334.295,343.010,
1248761.512,,334.177,344.120,
1248861.508,,334.059,346.578,
1248961.506,,332.782,350.215,
1249061.502,,332.892,348.706,
1249161.500,,332.995,356.493,
1249261.491,,334.041,348.952,
1249361.489,,333.148,342.951,
1249461.483,,333.747,342.415,
1249561.484,,334.163,341.666,
1249661.478,,334.427,341.305,
1249761.479,,334.054,341.034,
1249861.475,,334.369,343.586,
1249961.467,,334.170,345.698,
1250061.469,,334.124,342.860,
1250161.463,,334.462,342.688,
1250261.463,,334.375,338.692,
1250361.454,,334.446,339.183,
1250461.451,,333.981,335.102,
1250561.450,,334.418,332.773,
1250661.443,,334.187,330.045,
1250761.440,,332.918,331.600,
1250861.436,,332.953,330.521,
1250961.433,,333.646,332.408,
1251061.434,,334.784,336.485,
1251161.430,,335.031,336.379,
1251261.427,,336.231,334.370,
1251361.420,,336.202,333.910,
1251461.422,,336.195,335.975,
1251561.413,,334.343,350.712,
1251661.412,,334.606,350.409,
1251761.411,,334.481,347.045,
1251861.405,,333.968,340.840,
1251961.398,,333.733,337.316,
1252061.398,,333.688,335.939,
1252161.392,,334.283,335.056,
1252261.391,,333.937,336.100,
1252361.387,,334.255,336.524,
1252461.382,,334.340,339.945,
1252561.380,,334.184,338.225,
1252661.381,,334.925,337.995,
1252761.374,,334.528,336.867,
1252861.370,,334.249,335.528,
1252961.367,,333.407,333.007,
1253061.362,,333.697,333.660,
1253161.358,,333.913,337.930,
1253261.358,,333.528,347.054,
1253361.357,,332.866,343.964,
1253461.353,,333.312,347.503,
1253561.344,,332.575,344.865,
1253661.346,,333.589,340.664,
1253761.341,,333.752,338.263,
1253861.334,,333.868,337.947,
1253961.332,,333.835,346.957,
1254061.331,,333.705,352.074,
1254161.330,,334.036,346.131,
1254261.326,,333.462,342.460,
1254361.320,,332.889,339.463,
1254461.316,,332.759,336.869,
1254561.311,,333.226,335.680,
1254661.306,,334.955,334.211,
1254761.304,,336.564,333.918,
1254861.303,,335.178,334.052,
1254961.296,,334.977,333.522,
1255061.293,,334.259,330.593,
1255161.291,,334.722,332.200,
1255261.288,,334.264,331.757,
1255361.288,,334.072,330.454,
1255461.281,,334.349,330.708,
1255561.282,,334.727,343.243,
1255661.278,,334.341,350.743,
1255761.272,,333.633,346.128,
1255861.267,,333.711,341.271,
1255961.263,,333.570,336.242,
1256061.261,,334.048,334.789,
1256161.258,,334.204,333.921,
1256261.256,,334.036,337.012,
1256361.257,,333.522,342.402,
1256461.251,,333.821,344.509,
1256561.251,,334.629,341.059,
1256661.245,,334.520,341.110,
1256761.242,,334.957,343.056,
1256861.237,,334.673,341.363,
1256961.238,,335.474,341.085,
1257061.233,,335.048,337.672,
1257161.229,,333.787,341.556,
1257261.231,,334.074,341.409,
1257361.226,,333.661,344.858,
1257461.223,,334.204,343.891,
1257561.216,,334.420,342.672,
1257661.216,,334.341,347.136,
1257761.213,,334.292,351.229,
1257861.211,,334.109,351.742,
1257961.207,,334.520,346.331,
1258061.202,,333.645,343.724,
1258161.205,,333.551,345.582,
1258261.197,,334.388,355.910,
1258361.195,,333.946,352.710,
1258461.195,,334.213,345.184,
1258561.192,,333.368,340.537,
1258661.188,,334.129,338.718,
1258761.183,,334.837,343.063,
1258861.183,,335.078,342.780,
1258961.177,,334.286,346.498,
1259061.178,,334.960,342.272,
1259161.176,,334.613,337.123,
1259261.173,,333.738,344.120,
1259361.170,,333.508,343.206,
1259461.165,,332.933,341.204,
1259561.159,,332.895,338.489,
1259661.157,,333.443,335.455,
1259761.153,,333.963,333.186,
1259861.152,,334.118,330.584,
1259961.150,,334.457,346.991,
1260061.145,,333.661,367.215,
1260161.145,,333.659,359.610,
1260261.143,,333.715,352.416,
1260361.138,,333.628,351.285,
1260461.138,,333.671,355.119,
1260561.134,,334.179,353.123,
1260661.129,,334.010,347.635,
1260761.125,,335.193,347.853,
1260861.122,,335.379,348.926,
1260961.122,,334.011,342.972,
1261061.119,,333.332,339.685,
1261161.114,,332.695,339.785,
1261261.111,,332.986,339.260,
1261361.110,,333.290,337.834,
1261461.103,,333.116,338.127,
1261561.103,,335.101,337.532,
1261661.101,,334.163,335.172,
1261761.099,,334.872,336.000,
1261861.094,,335.931,335.753,
1261961.094,,333.615,336.550,
1262061.086,,332.545,337.272,
1262161.083,,334.095,337.739,
1262261.084,,334.491,337.353,
1262361.078,,333.963,332.909,
1262461.076,,334.102,331.969,
1262561.074,,337.227,332.041,
1262661.069,,335.732,333.262,
1262761.069,,335.865,334.684,
1262861.069,,339.711,337.873,
1262961.063,,336.965,336.097,
1263061.058,,334.333,331.778,
1263161.058,,333.977,331.107,
1263261.055,,334.030,338.791,
1263361.051,,333.763,340.175,
1263461.050,,334.535,338.503,
1263561.043,,334.012,336.198,
1263661.044,,333.981,336.145,
1263761.038,,334.618,332.973,
1263861.038,,334.163,335.203,
1263961.035,,334.747,335.974,
1264061.034,,335.019,335.951,
1264161.027,,334.700,338.003,
1264261.027,,334.988,337.652,
1264361.023,,335.152,341.290,
1264461.025,,335.858,349.317,
1264561.022,,335.927,350.299,
1264661.016,,335.577,350.520,
1264761.015,,338.594,350.968,
1264861.014,,336.158,345.850,
1264961.013,,335.936,343.245,
1265061.005,,335.708,342.609,
1265161.002,,335.825,341.057,
1265261.004,,336.003,336.863,
1265360.998,,335.840,334.950,
1265461.001,,336.849,335.340,
1265560.994,,337.729,336.423,
1265660.996,,337.072,335.474,
1265760.991,,336.329,336.730,
1265860.990,,336.431,338.419,
1265960.988,,336.662,340.884,
1266060.987,,336.570,345.677,
1266160.982,,337.332,344.336,
1266260.977,,335.985,340.692,
1266360.980,,336.102,340.096,
1266460.973,,337.445,340.004,
1266560.974,,338.382,336.274,
1266660.968,,336.375,337.019,
1266760.965,,336.480,342.035,
1266860.965,,336.789,339.425,
1266960.961,,336.629,337.259,
1267060.962,,336.207,335.787,
1267160.956,,336.154,336.108,
1267260.956,,336.092,337.254,
1267360.953,,334.761,334.536,
1267460.948,,333.937,336.944,
1267560.951,,333.958,338.804,
1267660.943,,334.334,340.614,
1267760.946,,335.663,340.384,
1267860.941,,336.334,341.916,
1267960.941,,335.773,342.886,
1268060.936,,335.494,342.664,
1268160.933,,335.984,340.181,
1268260.931,,335.342,337.201,
1268360.932,,334.226,336.007,
1268460.926,,335.302,336.054,
1268560.927,,335.753,337.615,
1268660.922,,335.513,335.705,
1268760.922,,335.863,336.777,
1268860.918,,336.689,335.354,
1268960.915,,336.913,334.785,
1269060.915,,337.377,336.854,
1269160.910,,336.628,340.359,
1269260.905,,336.369,341.416,
1269360.902,,336.138,338.525,
1269460.905,,337.089,336.946,
1269560.899,,336.015,336.468,
1269660.900,,336.775,335.155,
1269760.894,,335.483,332.404,
1269860.894,,335.648,332.622,
1269960.889,,335.848,339.209,
1270060.891,,334.509,342.840,
1270160.885,,334.354,343.556,
1270260.885,,334.827,342.802,
1270360.881,,335.124,342.195,
1270460.879,,334.748,340.171,
1270560.878,,334.436,347.011,
1270660.873,,334.773,351.845,
1270760.871,,334.772,352.034,
1270860.867,,334.450,349.722,
1270960.865,,334.337,349.615,
1271060.866,,334.378,347.719,
1271160.864,,335.030,344.362,
1271260.858,,334.824,341.682,
1271360.857,,335.532,339.246,
1271460.854,,336.326,337.634,
1271560.849,,337.550,337.967,
1271660.849,,336.841,335.835,
1271760.851,,335.820,334.291,
1271860.846,,335.940,333.469,
1271960.840,,336.660,331.781,
1272060.840,,336.875,332.265,
1272160.836,,335.941,331.378,
1272260.833,,335.885,337.962,
1272360.825,,335.484,347.634,
1272460.826,,335.306,346.853,
1272560.820,,336.147,345.498,
1272660.815,,334.505,342.878,
1272760.818,,333.785,341.169,
1272860.812,,334.023,339.178,
1272960.810,,333.984,338.215,
1273060.807,,333.343,335.024,
1273160.800,,334.066,333.032,
1273260.798,,334.334,332.847,
1273360.792,,334.755,331.972,
1273460.792,,334.498,331.585,
1273560.788,,334.722,334.744,
1273660.784,,335.140,333.360,
1273760.782,,334.289,337.206,
1273860.780,,334.269,338.683,
1273960.773,,334.718,337.083,
1274060.772,,336.011,335.034,
1274160.769,,335.624,337.862,
1274260.767,,337.279,339.777,
1274360.762,,336.827,340.227,
1274460.760,,337.643,340.864,
1274560.753,,337.310,339.612,
1274660.748,,337.102,339.799,
1274760.746,,337.026,346.672,
1274860.743,,336.796,353.475,
1274960.738,,336.407,352.672,
1275060.738,,336.844,349.918,
1275160.735,,337.815,344.400,
1275260.733,,336.383,342.598,
1275360.728,,336.143,342.031,
1275460.724,,335.374,339.907,
1275560.724,,334.568,339.520,
1275660.719,,336.891,338.704,
1275760.714,,334.567,335.830,
1275860.710,,333.930,333.650,
1275960.709,,334.398,333.587,
1276060.707,,334.572,340.092,
1276160.701,,334.378,336.666,
1276260.700,,334.867,333.679,
1276360.696,,334.268,330.595,
1276460.692,,333.780,329.874,
1276560.685,,333.780,329.950,
1276660.682,,333.716,332.779,
1276760.684,,334.307,335.817,
1276860.678,,334.872,336.166,
1276960.674,,334.648,338.882,
1277060.669,,335.621,341.001,
1277160.666,,335.646,339.296,
1277260.663,,335.069,341.688,
1277360.664,,335.298,342.631,
1277460.657,,335.233,341.186,
1277560.654,,337.835,353.271,
1277660.654,,339.164,368.079,
1277760.646,,338.533,362.633,
1277860.645,,339.103,352.916,
1277960.639,,336.500,345.320,
1278060.636,,335.270,344.725,
1278160.632,,336.957,343.637,
1278260.629,,335.711,342.481,
1278360.628,,337.262,343.117,
1278460.624,,335.539,340.533,
1278560.621,,336.015,338.242,
1278660.615,,335.550,339.427,
1278760.617,,335.834,344.241,
1278860.609,,337.781,340.739,
1278960.608,,337.862,339.963,
1279060.603,,337.471,338.441,
1279160.597,,337.934,335.649,
1279260.595,,336.511,334.163,
1279360.595,,335.964,339.067,
1279460.592,,335.585,341.032,
1279560.585,,334.368,338.748,
1279660.585,,335.353,337.758,
1279760.580,,336.052,335.755,
1279860.576,,334.986,333.338,
1279960.577,,334.476,341.160,
1280060.574,,335.890,348.511,
1280160.570,,336.210,344.552,
1280260.570,,336.856,345.496,
1280360.567,,337.301,367.196,
1280460.563,,335.675,358.901,
1280560.563,,335.470,353.399,
1280660.562,,335.692,356.896,
1280760.556,,336.619,352.685,
1280860.554,,338.458,348.733,
1280960.555,,336.693,348.625,
1281060.551,,337.142,347.072,
1281160.551,,338.584,343.169,
1281260.545,,337.798,339.251,
1281360.541,,338.378,335.810,
1281460.543,,336.670,333.695,
1281560.538,,337.483,334.134,
1281660.539,,336.325,333.944,
1281760.536,,336.036,331.750,
1281860.530,,336.102,333.518,
1281960.529,,337.197,333.211,
1282060.527,,336.016,331.622,
1282160.523,,335.398,333.189,
1282260.523,,335.721,330.966,
1282360.525,,336.975,334.872,
1282460.521,,336.471,335.620,
1282560.516,,335.022,336.935,
1282660.512,,335.043,337.677,
1282760.516,,335.005,340.045,
1282860.508,,336.242,338.851,
1282960.512,,336.526,338.820,
1283060.509,,336.464,339.785,
1283160.507,,336.184,338.605,
1283260.503,,336.499,341.161,
1283360.500,,337.374,339.283,
1283460.497,,337.268,336.564,
1283560.495,,337.729,338.972,
1283660.491,,337.794,339.895,
1283760.488,,337.023,338.101,
1283860.486,,336.182,337.903,
1283960.488,,337.697,336.648,
1284060.484,,337.887,335.636,
1284160.486,,337.698,333.013,
1284260.479,,337.563,330.758,
1284360.480,,337.939,333.701,
1284460.473,,339.470,342.324,
1284560.472,,336.686,342.555,
1284660.468,,335.899,340.230,
1284760.473,,335.609,337.137,
1284860.467,,336.765,340.116,
1284960.466,,335.928,341.698,
1285060.465,,337.042,343.293,
1285160.460,,338.571,342.017,
1285260.456,,337.012,338.704,
1285360.458,,335.990,337.173,
1285460.454,,336.557,334.585,
1285560.451,,336.317,334.092,
1285660.449,,335.045,339.171,
1285760.446,,334.698,338.153,
1285860.444,,334.991,337.920,
1285960.441,,335.659,335.164,
1286060.441,,335.239,335.893,
1286160.441,,336.092,337.274,
1286260.438,,336.617,337.529,
1286360.436,,336.746,336.878,
1286460.435,,336.347,335.894,
1286560.433,,336.567,335.823,
1286660.427,,336.244,336.381,
1286760.428,,336.384,336.729,
1286860.426,,336.827,339.715,
1286960.424,,337.686,346.827,
1287060.417,,336.741,354.886,
1287160.415,,335.839,355.198,
1287260.415,,336.627,353.797,
1287360.414,,338.594,352.248,
1287460.408,,338.092,350.546,
1287560.405,,338.953,348.312,
1287660.406,,338.616,346.677,
1287760.405,,337.926,341.892,
1287860.400,,336.300,341.086,
1287960.398,,336.730,340.930,
1288060.396,,335.872,337.630,
1288160.392,,337.147,340.092,
1288260.385,,336.337,343.095,
1288360.383,,336.466,346.255,
1288460.383,,336.462,350.731,
1288560.378,,335.763,353.473,
1288660.373,,335.610,358.584,
1288760.370,,335.682,361.748,
1288860.368,,335.938,355.203,
1288960.361,,337.783,348.309,
1289060.358,,338.104,346.738,
1289160.345,,336.906,344.008,
1289260.357,,336.219,345.178,
1289360.347,,335.391,346.429,
1289460.344,,335.405,349.985,
1289560.342,,335.446,349.730,
1289660.339,,335.857,348.674,
1289760.335,,336.013,345.145,
1289860.332,,336.119,342.499,
1289960.329,,336.040,343.725,
1290060.329,,335.921,342.984,
1290160.322,,336.117,343.200,
1290260.322,,335.786,341.190,
1290360.313,,336.674,340.343,
1290460.314,,336.505,337.527,
1290560.308,,335.619,339.067,
1290660.305,,336.244,348.231,
1290760.303,,336.282,352.023,
1290860.298,,336.988,345.159,
1290960.298,,336.178,339.358,
1291060.291,,335.846,336.104,
1291160.286,,335.351,336.329,
1291260.284,,335.013,342.571,
1291360.286,,334.616,340.587,
1291460.276,,334.235,338.093,
1291560.277,,333.895,339.006,
1291660.274,,334.933,338.811,
1291760.266,,335.287,335.244,
1291860.267,,334.827,334.829,
1291960.259,,335.119,334.033,
1292060.260,,336.322,336.100,
1292160.256,,335.181,334.577,
1292260.255,,335.467,333.665,
1292360.247,,335.969,340.537,
1292460.248,,336.502,342.332,
1292560.239,,336.590,338.054,
1292660.238,,336.938,336.071,
1292760.231,,336.136,334.670,
1292860.228,,336.201,335.139,
1292960.226,,335.817,346.850,
1293060.225,,336.367,356.105,
1293160.220,,337.231,355.546,
1293260.219,,337.205,349.689,
1293360.214,,337.850,344.953,
1293460.212,,338.069,340.894,
1293560.206,,337.709,341.923,
1293660.204,,336.477,345.025,
1293760.198,,336.053,349.857,
1293860.198,,335.890,348.328,
1293960.191,,336.047,347.352,
1294060.190,,336.095,346.719,
1294160.184,,336.113,352.359,
1294260.181,,336.361,352.196,
1294360.184,,336.717,348.998,
1294460.174,,336.895,345.693,
1294560.176,,336.419,341.710,
1294660.172,,336.052,339.494,
1294760.170,,335.500,340.267,
1294860.165,,335.943,342.893,
1294960.163,,335.995,348.700,
1295060.154,,335.796,356.759,
1295160.156,,335.283,353.841,
1295260.153,,335.385,351.580,
1295360.148,,335.994,351.145,
1295460.146,,335.587,351.242,
1295560.138,,335.692,350.592,
1295660.138,,335.607,349.030,
1295760.130,,335.851,345.312,
1295860.128,,334.986,343.817,
1295960.127,,337.455,343.566,
1296060.120,,335.718,344.661,
1296160.122,,335.960,339.909,
1296260.113,,335.073,338.171,
1296360.113,,335.925,338.039,
1296460.112,,336.085,337.638,
1296560.103,,336.387,335.806,
1296660.104,,335.726,333.410,
1296760.098,,336.372,336.423,
1296860.094,,336.075,341.440,
1296960.093,,334.759,338.406,
1297060.087,,334.844,338.234,
1297160.084,,334.558,339.559,
1297260.082,,334.994,343.837,
1297360.078,,335.050,344.963,
1297460.076,,334.600,341.007,
1297560.073,,335.752,339.064,
1297660.065,,335.588,338.966,
1297760.061,,334.975,339.367,
1297860.063,,334.911,342.933,
1297960.056,,335.365,370.542,
1298060.056,,335.199,381.965,
1298160.053,,335.997,370.134,
1298260.049,,336.523,372.877,
1298360.044,,335.488,369.128,
1298460.037,,335.737,359.147,
1298560.039,,336.441,353.153,
1298660.033,,336.077,347.749,
1298760.032,,334.381,344.687,
1298860.024,,334.576,341.609,
1298960.022,,334.814,343.101,
1299060.023,,334.298,345.104,
1299160.014,,337.376,347.823,
1299260.013,,338.156,342.057,
1299360.013,,335.539,341.730,
1299460.006,,337.089,337.700,
1299560.002,,336.653,339.001,
1299659.997,,336.328,343.216,
1299759.995,,335.580,346.260,
1299859.995,,335.773,345.711,
1299959.989,,335.691,344.162,
1300059.984,,335.842,343.282,
1300159.979,,336.936,342.778,
1300259.981,,334.603,338.776,
1300359.975,,334.295,336.177,
1300459.970,,334.261,337.987,
1300559.965,,335.732,344.118,
1300659.968,,334.528,341.686,
1300759.960,,335.483,340.858,
1300859.957,,335.733,340.335,
1300959.952,,337.278,340.037,
1301059.949,,336.361,339.182,
1301159.950,,337.992,337.310,
1301259.948,,338.099,337.384,
1301359.938,,335.064,334.795,
1301459.938,,334.184,332.807,
1301559.932,,335.057,335.034,
1301659.931,,335.946,335.494,
1301759.928,,335.839,336.041,
1301859.926,,335.710,337.620,
1301959.919,,335.183,341.217,
1302059.917,,335.721,345.115,
1302159.917,,336.251,342.649,
1302259.911,,335.537,338.199,
1302359.910,,335.491,334.950,
1302459.902,,334.786,333.674,
1302559.901,,333.307,333.375,
1302659.900,,334.100,333.049,
1302759.891,,333.954,334.661,
1302859.893,,334.575,331.948,
1302959.884,,334.357,332.030,
1303059.886,,334.288,333.882,
1303159.876,,335.812,337.001,
1303259.879,,335.493,336.904,
1303359.876,,336.250,338.891,
1303459.872,,336.264,338.392,
1303559.869,,334.670,337.952,
1303659.861,,334.590,340.973,
1303759.862,,335.088,341.458,
1303859.857,,335.095,342.016,
1303959.852,,335.161,339.568,
1304059.851,,335.503,339.746,
1304159.847,,334.750,335.530,
1304259.842,,335.068,334.329,
1304359.842,,334.797,332.411,
1304459.835,,335.770,334.243,
1304559.835,,336.403,332.615,
1304659.829,,334.987,334.508,
1304759.831,,334.690,336.085,
1304859.827,,335.081,333.832,
1304959.824,,334.944,335.481,
1305059.821,,335.261,335.296,
1305159.817,,334.688,335.808,
1305259.812,,335.400,343.951,
1305359.812,,333.751,346.145,
1305459.809,,335.110,343.853,
1305559.804,,334.892,340.484,
1305659.802,,335.266,340.324,
1305759.799,,335.193,339.239,
1305859.798,,335.580,338.771,
1305959.789,,335.387,337.866,
1306059.788,,335.033,334.695,
1306159.789,,334.746,333.419,
1306259.783,,335.756,336.138,
1306359.779,,335.811,338.139,
1306459.776,,337.805,334.141,
1306559.776,,336.053,333.694,
1306659.768,,335.118,337.425,
1306759.771,,334.604,333.709,
1306859.766,,334.722,331.243,
1306959.760,,334.835,332.570,
1307059.759,,335.146,336.868,
1307159.756,,334.557,335.337,
1307259.751,,334.547,338.422,
1307359.753,,334.880,335.835,
1307459.748,,334.882,335.571,
1307559.741,,333.679,335.169,
1307659.744,,334.218,336.683,
1307759.738,,335.375,336.541,
1307859.732,,334.893,335.259,
1307959.731,,335.487,335.379,
1308059.729,,335.630,334.411,
1308159.729,,335.480,335.262,
1308259.723,,335.297,336.348,
1308359.719,,334.773,341.843,
1308459.715,,334.376,342.798,
1308559.712,,334.959,343.262,
1308659.711,,335.269,341.787,
1308759.705,,335.546,338.657,
1308859.701,,335.631,334.870,
1308959.701,,335.238,333.281,
1309059.698,,336.398,334.067,
1309159.697,,335.798,337.044,
1309259.693,,335.783,344.748,
1309359.687,,335.168,346.350,
1309459.689,,335.508,344.789,
1309559.685,,335.006,342.347,
1309659.680,,335.232,340.326,
1309759.678,,334.895,339.537,
1309859.675,,335.328,338.950,
1309959.670,,334.505,337.817,
1310059.668,,334.559,333.549,
1310159.668,,333.860,332.345,
1310259.664,,333.926,333.071,
1310359.661,,333.927,345.018,
1310459.656,,334.057,343.006,
1310559.656,,334.892,338.442,
1310659.650,,334.027,337.566,
1310759.646,,332.941,337.307,
1310859.646,,333.020,337.398,
1310959.639,,333.319,337.575,
1311059.642,,333.198,336.701,
1311159.635,,334.193,336.705,
1311259.631,,334.304,338.509,
1311359.628,,335.122,337.891,
1311459.625,,335.508,341.494,
1311559.626,,334.233,340.116,
1311659.622,,335.021,340.131,
1311759.620,,334.629,340.702,
1311859.615,,334.606,338.794,
1311959.614,,335.118,335.417,
1312059.610,,335.568,333.222,
1312159.606,,334.665,339.563,
1312259.601,,333.463,345.505,
1312359.601,,333.724,346.035,
1312459.595,,333.209,349.494,
1312559.597,,333.239,347.399,
1312659.591,,334.519,344.392,
1312759.587,,335.139,340.995,
1312859.581,,335.083,337.329,
1312959.580,,334.686,336.793,
1313059.581,,335.178,337.311,
1313159.574,,336.146,337.119,
1313259.575,,337.212,339.196,
1313359.567,,337.407,339.267,
1313459.567,,338.798,337.010,
1313559.567,,337.234,342.153,
1313659.561,,337.037,339.728,
1313759.558,,336.227,337.696,
1313859.559,,335.956,335.000,
1313959.554,,337.882,345.969,
1314059.551,,336.579,345.847,
1314159.543,,333.884,344.259,
1314259.542,,333.603,343.834,
1314359.541,,333.553,345.614,
1314459.539,,333.951,343.425,
1314559.532,,333.414,344.839,
1314659.529,,333.350,341.152,
1314759.532,,333.862,345.688,
1314859.525,,334.117,346.193,
1314959.521,,333.599,342.367,
1315059.521,,333.713,338.386,
1315159.518,,333.639,335.963,
1315259.517,,334.601,333.488,
1315359.512,,334.324,333.009,
1315459.511,,334.198,332.911,
1315559.504,,333.942,335.897,
1315659.506,,333.549,335.021,
1315759.496,,333.986,333.735,
1315859.497,,334.365,339.595,
1315959.495,,333.852,340.859,
1316059.489,,333.586,339.684,
1316159.484,,334.239,338.118,
1316259.487,,334.265,333.836,
1316359.485,,333.575,331.738,
1316459.481,,333.965,335.290,
1316559.474,,334.028,333.572,
1316659.470,,333.827,335.875,
1316759.467,,334.067,337.704,
1316859.468,,336.750,337.314,
1316959.465,,338.009,337.741,
1317059.461,,337.768,342.552,
1317159.461,,337.436,341.481,
1317259.458,,336.143,337.263,
1317359.452,,334.016,334.091,
1317459.446,,334.550,335.533,
1317559.444,,334.858,335.895,
1317659.447,,335.282,336.027,
1317759.442,,335.090,339.009,
1317859.436,,337.657,338.509,
1317959.435,,337.338,337.236,
1318059.433,,335.241,335.150,
1318159.431,,334.318,340.493,
1318259.427,,335.258,336.535,
1318359.423,,335.361,335.418,
1318459.416,,335.809,334.123,
1318559.419,,336.510,336.504,
1318659.416,,337.363,340.158,
1318759.413,,335.972,338.354,
1318859.408,,336.255,336.850,
1318959.407,,337.244,336.252,
1319059.400,,336.698,343.024,
1319159.397,,336.709,339.791,
1319259.393,,334.878,340.508,
1319359.397,,335.461,343.103,
1319459.392,,335.335,342.013,
1319559.385,,335.070,341.220,
1319659.382,,334.051,336.326,
1319759.382,,332.809,337.626,
1319859.382,,333.847,338.504,
1319959.375,,335.058,337.893,
1320059.376,,335.984,335.268,
1320159.369,,336.022,336.877,
1320259.367,,335.697,348.319,
1320359.365,,335.211,347.547,
1320459.361,,334.091,341.436,
1320559.361,,333.818,339.407,
1320659.360,,333.916,336.655,
1320759.354,,333.677,338.500,
1320859.354,,334.657,340.761,
1320959.348,,334.471,339.185,
1321059.347,,334.745,337.876,
1321159.344,,333.373,338.757,
1321259.342,,334.207,336.694,
1321359.338,,333.850,336.387,
1321459.337,,333.760,337.035,
1321559.334,,334.218,335.409,
1321659.332,,333.630,336.763,
1321759.330,,333.406,334.771,
1321859.328,,334.523,338.345,
1321959.325,,333.682,344.016,
1322059.321,,333.487,353.350,
1322159.321,,335.580,358.732,
1322259.315,,335.802,352.383,
1322359.319,,334.313,354.806,
1322459.317,,334.734,352.880,
1322559.308,,336.318,346.595,
1322659.306,,336.679,344.049,
1322759.308,,335.644,343.036,
1322859.300,,335.395,341.711,
1322959.301,,335.665,344.571,
1323059.299,,335.206,342.196,
1323159.294,,335.314,340.831,
1323259.295,,335.306,342.961,
1323359.292,,335.122,346.125,
1323459.289,,335.075,344.767,
1323559.283,,335.179,342.375,
1323659.280,,335.488,341.613,
1323759.283,,335.532,341.610,
1323859.276,,334.853,345.019,
1323959.273,,335.128,352.626,
1324059.274,,335.120,349.201,
1324159.273,,333.868,346.460,
1324259.268,,333.033,345.900,
1324359.268,,334.378,346.040,
1324459.260,,335.079,342.012,
1324559.263,,333.940,338.728,
1324659.255,,333.908,336.519,
1324759.255,,334.184,336.578,
1324859.250,,332.528,339.010,
1324959.251,,333.530,336.555,
1325059.246,,333.067,332.847,
1325159.242,,333.860,331.471,
1325259.246,,335.573,333.739,
1325359.238,,335.005,333.810,
1325459.238,,334.649,341.732,
1325559.234,,335.144,344.276,
1325659.230,,334.878,344.204,
1325759.232,,334.174,346.238,
1325859.225,,336.609,345.029,
1325959.222,,337.377,345.987,
1326059.226,,338.631,340.239,
1326159.222,,334.625,336.424,
1326259.215,,334.502,337.005,
1326359.218,,333.750,337.750,
1326459.210,,333.380,337.598,
1326559.207,,333.404,345.116,
1326659.205,,333.125,346.356,
1326759.205,,333.840,345.321,
1326859.203,,333.296,339.778,
1326959.199,,333.217,343.460,
1327059.196,,333.274,342.356,
1327159.199,,333.566,342.426,
1327259.194,,333.329,339.618,
1327359.194,,333.798,340.582,
1327459.188,,333.674,343.882,
1327559.187,,333.949,349.452,
1327659.184,,334.195,355.830,
1327759.182,,335.208,354.288,
1327859.176,,335.813,348.092,
1327959.178,,336.466,346.246,
1328059.169,,336.018,344.989,
1328159.169,,336.456,341.946,
1328259.164,,337.384,340.959,
1328359.157,,336.096,340.739,
1328459.157,,336.160,342.276,
1328559.152,,335.768,343.980,
1328659.150,,335.921,342.709,
1328759.147,,335.606,340.225,
1328859.140,,336.195,339.536,
1328959.133,,335.057,336.914,
1329059.131,,335.721,338.789,
1329159.127,,335.540,338.491,
1329259.128,,335.582,344.271,
1329359.123,,335.620,354.698,
1329459.118,,335.075,353.869,
1329559.113,,335.645,350.720,
1329659.107,,332.620,350.466,
1329759.107,,336.290,345.485,
1329859.101,,335.517,343.245,
1329959.096,,336.061,340.783,
1330059.096,,336.120,339.617,
1330159.088,,335.811,336.921,
1330259.088,,335.700,335.713,
1330359.086,,334.076,334.868,
1330459.077,,334.082,338.568,
1330559.072,,334.440,343.308,
1330659.074,,334.294,340.991,
1330759.071,,333.768,340.727,
1330859.065,,333.063,340.448,
1330959.061,,333.455,338.616,
1331059.053,,333.796,337.936,
1331159.055,,332.523,339.788,
1331259.049,,333.917,337.674,
1331359.045,,334.326,335.343,
1331459.044,,333.912,333.113,
1331559.040,,334.333,331.259,
1331659.030,,333.726,335.209,
1331759.031,,333.504,335.756,
1331859.027,,333.983,335.521,
1331959.020,,334.089,333.656,
1332059.020,,334.414,333.227,
1332159.013,,335.167,334.420,
1332259.010,,335.080,335.391,
1332359.008,,335.468,333.297,
1332459.000,,335.725,335.588,
1332559.000,,335.013,334.322,
1332658.998,,335.019,331.580,
1332758.994,,333.151,329.322,
1332858.986,,333.601,328.959,
1332958.981,,332.352,334.808,
1333058.978,,332.830,337.761,
1333158.974,,333.237,339.954,
1333258.971,,332.426,339.364,
1333358.967,,332.630,336.216,
1333458.962,,332.392,333.528,
1333558.962,,333.902,337.255,
1333658.959,,335.120,337.124,
1333758.953,,334.310,343.277,
1333858.951,,335.114,351.429,
1333958.948,,335.211,350.621,
1334058.940,,335.544,349.624,
1334158.935,,335.049,344.995,
1334258.937,,334.458,340.767,
1334358.934,,334.185,336.914,
1334458.925,,334.487,334.449,
1334558.923,,336.908,337.453,
1334658.919,,340.459,339.145,
1334758.915,,339.762,338.986,
1334858.914,,337.664,337.640,
1334958.905,,336.243,343.447,
1335058.901,,337.978,347.007,
1335158.898,,337.112,350.277,
1335258.893,,337.720,362.510,
1335358.895,,335.428,370.042,
1335458.890,,336.980,363.168,
1335558.888,,337.326,359.256,
1335658.879,,337.784,353.890,
1335758.875,,340.126,347.001,
1335858.870,,336.961,342.778,
1335958.870,,337.615,343.006,
1336058.869,,336.847,340.458,
1336158.867,,336.980,339.598,
1336258.863,,336.061,339.867,
1336358.856,,336.620,338.512,
1336458.851,,336.323,336.860,
1336558.852,,335.867,331.897,
1336658.844,,333.666,330.472,
1336758.847,,334.744,330.750,
1336858.844,,335.185,333.277,
1336958.836,,334.676,333.225,
1337058.836,,334.594,333.398,
1337158.831,,334.403,333.975,
1337258.831,,334.116,331.962,
1337358.822,,333.170,330.039,
1337458.820,,333.384,333.499,
1337558.818,,334.026,333.966,
1337658.814,,333.950,332.784,
1337758.815,,333.896,331.689,
1337858.806,,334.211,329.201,
1337958.806,,334.160,331.656,
1338058.805,,333.622,335.268,
1338158.800,,333.507,334.929,
1338258.793,,333.995,336.797,
1338358.793,,334.074,338.578,
1338458.792,,333.257,338.000,
1338558.785,,333.100,336.710,
1338658.786,,333.709,335.018,
1338758.782,,333.631,334.494,
1338858.780,,333.789,335.884,
1338958.771,,334.008,337.483,
1339058.772,,334.905,338.434,
1339158.765,,336.361,337.991,
1339258.763,,335.486,337.905,
1339358.758,,335.191,338.833,
1339458.759,,334.998,340.134,
1339558.754,,334.788,337.566,
1339658.748,,334.498,336.623,
1339758.747,,334.898,335.543,
1339858.744,,335.522,334.804,
1339958.740,,336.213,334.060,
1340058.736,,336.036,332.622,
1340158.738,,336.438,331.601,
1340258.730,,335.253,330.294,
1340358.725,,334.250,332.708,
1340458.726,,334.366,333.822,
1340558.724,,334.250,336.324,
1340658.722,,334.781,336.266,
1340758.713,,335.448,336.564,
1340858.714,,335.940,336.380,
1340958.710,,335.953,332.988,
1341058.706,,335.366,330.872,
1341158.702,,334.778,329.117,
1341258.702,,334.128,329.481,
1341358.699,,334.237,331.336,
1341458.692,,334.399,331.303,
1341558.692,,334.305,333.384,
1341658.684,,333.776,332.159,
1341758.683,,334.482,332.685,
1341858.678,,334.661,330.637,
1341958.675,,334.167,356.323,
1342058.673,,333.291,350.928,
1342158.674,,333.036,343.743,
1342258.664,,332.636,337.516,
1342358.663,,331.838,333.902,
1342458.665,,330.919,337.518,
1342558.656,,331.597,341.982,
1342658.653,,332.915,339.898,
1342758.655,,334.385,340.700,
1342858.649,,334.721,339.291,
1342958.644,,334.662,341.435,
1343058.639,,335.016,340.462,
1343158.639,,335.318,341.760,
1343258.639,,334.791,343.730,
1343358.630,,335.566,341.949,
1343458.631,,335.427,341.265,
1343558.624,,335.539,340.754,
1343658.625,,334.936,339.552,
1343758.618,,334.846,343.264,
1343858.619,,335.318,347.833,
1343958.610,,335.336,352.104,
1344058.612,,334.639,354.115,
1344158.608,,335.301,351.236,
1344258.601,,335.577,347.582,
1344358.601,,335.171,342.282,
1344458.599,,334.773,341.838,
1344558.590,,335.116,341.086,
1344658.586,,334.962,339.542,
1344758.584,,335.228,340.386,
1344858.583,,335.526,342.859,
1344958.578,,334.536,344.502,
1345058.578,,334.605,341.563,
1345158.569,,333.233,338.706,
1345258.569,,333.351,335.902,
1345358.566,,333.533,337.167,
1345458.565,,333.445,335.806,
1345558.559,,333.813,337.206,
1345658.556,,333.486,346.461,
1345758.553,,334.160,348.557,
1345858.549,,335.150,345.702,
1345958.547,,335.830,343.967,
1346058.538,,335.977,344.449,
1346158.540,,335.993,342.856,
1346258.536,,336.276,343.652,
1346358.533,,335.940,350.142,
1346458.529,,335.415,350.807,
1346558.526,,335.530,365.554,
1346658.523,,334.364,360.459,
1346758.515,,333.475,349.302,
1346858.513,,334.089,345.150,
1346958.510,,334.352,340.974,
1347058.507,,335.379,338.688,
1347158.506,,337.473,338.309,
1347258.498,,338.096,338.270,
1347358.495,,337.958,337.430,
1347458.492,,336.436,344.622,
1347558.489,,336.774,340.320,
1347658.484,,337.536,337.365,
1347758.480,,336.992,345.413,
1347858.476,,336.086,343.590,
1347958.476,,335.607,340.528,
1348058.475,,336.493,335.616,
1348158.470,,335.243,334.366,
1348258.466,,335.871,335.459,
1348358.464,,334.930,334.427,
1348458.458,,334.030,334.953,
1348558.459,,334.797,334.444,
1348658.452,,335.670,334.217,
1348758.447,,338.408,333.172,
1348858.447,,336.180,333.978,
1348958.445,,337.425,339.292,
1349058.436,,336.204,344.503,
1349158.432,,335.050,340.882,
1349258.430,,335.637,337.151,
1349358.431,,336.123,336.841,
1349458.424,,335.910,337.264,
1349558.423,,336.392,338.900,
1349658.419,,335.229,338.846,
1349758.412,,334.488,340.972,
1349858.413,,333.916,340.491,
1349958.410,,334.604,340.678,
1350058.405,,335.353,338.024,
1350158.400,,335.487,338.113,
1350258.398,,335.322,339.969,
1350358.392,,335.130,337.360,
1350458.393,,334.348,339.600,
1350558.389,,334.109,337.306,
1350658.384,,333.917,333.895,
1350758.381,,334.889,335.118,
1350858.375,,335.495,335.918,
1350958.377,,335.157,340.449,
1351058.368,,334.916,362.136,
1351158.367,,334.934,358.618,
1351258.362,,334.958,353.049,
1351358.359,,335.249,347.853,
1351458.355,,335.259,344.536,
1351558.353,,335.700,342.242,
1351658.347,,335.330,351.949,
1351758.345,,335.004,350.781,
1351858.344,,334.661,348.202,
1351958.339,,335.957,360.964,
1352058.336,,334.644,363.471,
1352158.334,,335.400,367.778,
1352258.336,,335.641,373.059,
1352358.328,,335.172,380.147,
1352458.328,,335.212,372.853,
1352558.325,,335.054,364.093,
1352658.328,,334.870,359.578,
1352758.325,,335.188,354.217,
1352858.318,,334.550,350.383,
1352958.320,,334.497,349.749,
1353058.314,,334.837,345.080,
1353158.314,,335.348,341.633,
1353258.314,,335.228,337.871,
1353358.310,,334.355,334.722,
1353458.309,,334.550,339.483,
1353558.305,,334.631,337.465,
1353658.303,,334.475,334.531,
1353758.300,,335.550,333.337,
1353858.299,,335.236,333.513,
1353958.299,,335.286,334.668,
1354058.297,,335.690,331.721,
1354158.293,,334.085,333.438,
1354258.294,,334.064,333.930,
1354358.289,,333.968,330.923,
1354458.283,,333.893,330.366,
1354558.281,,333.052,331.675,
1354658.280,,333.135,334.293,
1354758.283,,334.142,334.127,
1354858.280,,334.021,334.323,
1354958.273,,333.228,337.732,
1355058.271,,333.440,348.354,
1355158.272,,333.864,349.020,
1355258.266,,333.454,360.763,
1355358.267,,333.598,352.553,
1355458.263,,334.425,346.352,
1355558.266,,336.062,343.207,
1355658.259,,337.285,343.258,
1355758.257,,336.418,341.336,
1355858.259,,334.105,340.188,
1355958.255,,333.373,337.990,
1356058.253,,333.222,336.844,
1356158.247,,333.515,335.021,
1356258.245,,333.694,333.045,
1356358.246,,332.825,336.888,
1356458.243,,333.973,337.968,
1356558.243,,335.784,338.196,
1356658.241,,336.021,336.383,
1356758.239,,336.316,334.475,
1356858.232,,335.224,334.522,
1356958.231,,334.431,334.253,
1357058.231,,334.072,336.589,
1357158.228,,334.477,336.417,
1357258.223,,334.173,338.245,
1357358.224,,333.803,337.806,
1357458.222,,333.915,337.659,
1357558.220,,334.252,336.389,
1357658.215,,335.238,338.227,
1357758.213,,334.994,342.209,
1357858.210,,335.386,340.367,
1357958.214,,334.869,337.678,
1358058.208,,333.368,334.836,
1358158.203,,333.546,334.749,
1358258.202,,334.605,331.922,
1358358.200,,333.862,331.101,
1358458.198,,334.229,333.525,
1358558.201,,334.689,344.176,
1358658.195,,334.029,347.330,
1358758.191,,334.413,343.375,
1358858.194,,335.009,339.840,
1358958.186,,335.333,335.738,
1359058.189,,334.726,336.628,
1359158.187,,335.100,336.349,
1359258.185,,333.554,337.807,
1359358.180,,332.573,335.823,
1359458.177,,332.915,340.864,
1359558.179,,332.567,342.065,
1359658.173,,332.855,338.769,
1359758.175,,332.620,337.117,
1359858.170,,332.712,335.631,
1359958.163,,332.825,340.743,
1360058.163,,332.235,342.632,
1360158.163,,332.833,347.942,
1360258.153,,332.306,348.714,
1360358.154,,332.454,346.794,
1360458.149,,331.654,352.712,
1360558.148,,331.704,361.862,
1360658.139,,332.669,352.814,
1360758.135,,332.569,345.337,
1360858.133,,331.545,344.101,
1360958.134,,331.277,339.950,
1361058.127,,331.107,338.959,
1361158.128,,331.292,337.417,
1361258.122,,332.059,335.536,
1361358.119,,332.806,335.316,
1361458.111,,333.343,336.707,
1361558.112,,334.398,339.235,
1361658.110,,335.463,339.175,
1361758.106,,334.656,337.320,
1361858.099,,333.701,338.981,
1361958.097,,333.779,338.208,
1362058.091,,332.273,335.797,
1362158.091,,332.465,336.402,
1362258.088,,333.291,333.928,
1362358.085,,334.201,333.694,
1362458.081,,333.906,336.003,
1362558.072,,334.120,334.476,
1362658.075,,332.947,335.854,
1362758.071,,333.445,337.720,
1362858.064,,332.897,339.744,
1362958.063,,332.333,340.112,
1363058.059,,331.939,337.218,
1363158.056,,331.933,337.772,
1363258.047,,333.432,336.539,
1363358.045,,332.439,336.605,
1363458.042,,332.797,340.108,
1363558.043,,332.336,342.733,
1363658.039,,333.064,343.331,
1363758.030,,332.784,343.684,
1363858.028,,333.536,343.920,
1363958.024,,332.817,339.176,
1364058.025,,333.670,335.246,
1364158.020,,332.827,331.890,
1364258.018,,333.249,331.254,
1364358.012,,334.007,331.126,
1364458.008,,332.464,330.601,
1364558.008,,332.408,332.692,
1364657.999,,332.981,337.527,
1364757.998,,333.046,346.229,
1364857.994,,333.662,345.297,
1364957.991,,332.796,342.486,
1365057.985,,333.652,338.672,
1365157.981,,333.371,336.410,
1365257.979,,334.122,336.324,
1365357.980,,335.041,334.635,
1365457.973,,334.564,332.184,
1365557.973,,333.501,330.700,
1365657.967,,334.599,336.576,
1365757.963,,335.532,336.945,
1365857.956,,334.352,333.694,
1365957.954,,333.103,336.043,
1366057.953,,333.189,331.272,
1366157.948,,328.991,334.470,
1366257.947,,333.859,338.363,
1366357.939,,333.946,337.628,
1366457.938,,334.020,338.998,
1366557.935,,334.404,340.466,
1366657.929,,334.904,341.834,
1366757.928,,334.683,340.465,
1366857.925,,334.444,341.342,
1366957.924,,334.984,342.882,
1367057.919,,334.790,342.113,
1367157.913,,335.341,345.178,
1367257.907,,332.607,341.789,
1367357.903,,334.513,340.388,
1367457.905,,333.318,336.005,
1367557.896,,333.732,334.474,
1367657.899,,334.296,337.466,
1367757.894,,334.447,343.710,
1367857.886,,336.197,349.207,
1367957.884,,335.121,351.107,
1368057.884,,335.849,346.339,
1368157.880,,335.504,343.945,
1368257.879,,335.370,341.112,
1368357.873,,335.030,340.441,
1368457.872,,336.142,341.923,
1368557.870,,337.418,340.381,
1368657.865,,337.279,336.001,
1368757.860,,334.501,332.580,
1368857.855,,334.649,335.871,
1368957.854,,336.426,342.403,
1369057.850,,337.142,344.548,
1369157.851,,335.994,357.696,
1369257.846,,338.060,353.871,
1369357.844,,336.418,352.672,
1369457.838,,336.592,355.466,
1369557.836,,336.929,365.970,
1369657.828,,335.935,358.583,
1369757.830,,335.283,356.052,
1369857.827,,335.053,357.308,
1369957.819,,334.022,351.506,
1370057.820,,333.627,352.844,
1370157.813,,335.845,360.624,
1370257.815,,335.415,360.681,
1370357.809,,334.384,356.853,
1370457.806,,334.453,351.305,
1370557.805,,334.571,348.732,
1370657.800,,334.190,344.045,
1370757.796,,334.108,338.215,
1370857.793,,331.973,336.024,
1370957.790,,331.979,337.941,
1371057.785,,333.754,340.053,
1371157.784,,334.277,340.790,
1371257.779,,334.957,344.313,
1371357.774,,334.824,339.529,
1371457.777,,334.556,338.259,
1371557.770,,335.161,337.915,
1371657.765,,335.477,343.651,
1371757.764,,335.703,343.470,
1371857.759,,334.497,339.266,
1371957.759,,333.647,336.235,
1372057.754,,334.231,337.438,
1372157.753,,332.932,333.495,
1372257.746,,332.975,333.382,
1372357.746,,333.415,332.280,
1372457.739,,332.996,333.841,
1372557.739,,334.799,340.145,
1372657.737,,336.297,338.018,
1372757.731,,335.477,333.506,
1372857.733,,334.602,330.738,
1372957.723,,332.278,330.776,
1373057.722,,332.627,332.043,
1373157.722,,333.047,333.906,
1373257.715,,334.362,336.119,
1373357.716,,332.851,333.454,
1373457.713,,332.562,332.804,
1373557.707,,333.193,335.069,
1373657.703,,333.333,338.587,
1373757.700,,333.319,344.474,
1373857.694,,333.646,344.578,
1373957.692,,333.601,341.649,
1374057.694,,333.783,338.481,
1374157.685,,333.582,339.288,
1374257.686,,333.782,340.973,
1374357.680,,334.072,339.233,
1374457.676,,335.914,336.074,
1374557.676,,334.672,333.429,
1374657.675,,334.701,334.170,
1374757.668,,335.193,334.195,
1374857.667,,333.933,333.812,
1374957.660,,332.736,332.585,
1375057.661,,332.612,335.683,
1375157.659,,333.168,339.036,
1375257.651,,333.081,335.338,
1375357.652,,332.534,333.052,
1375457.643,,332.580,336.056,
1375557.643,,332.176,340.310,
1375657.638,,331.307,341.434,
1375757.639,,332.336,336.250,
1375857.636,,332.285,333.662,
1375957.633,,332.352,336.694,
1376057.628,,333.109,339.482,
1376157.626,,333.089,335.660,
1376257.626,,332.380,332.283,
1376357.618,,332.954,330.133,
1376457.614,,333.398,330.328,
1376557.615,,333.533,332.198,
1376657.615,,333.113,333.904,
1376757.611,,333.633,335.475,
1376857.604,,334.081,332.112,
1376957.601,,334.127,332.999,
1377057.600,,334.822,334.647,
1377157.601,,335.851,334.345,
1377257.597,,334.868,336.954,
1377357.594,,334.324,335.302,
1377457.587,,334.284,332.845,
1377557.585,,333.203,334.125,
1377657.586,,333.948,335.060,
1377757.584,,333.966,333.482,
1377857.582,,334.088,333.121,
1377957.575,,333.406,332.757,
1378057.572,,333.802,333.195,
1378157.575,,333.958,331.097,
1378257.566,,333.866,329.718,
1378357.564,,333.569,328.359,
1378457.566,,333.078,326.429,
1378557.558,,333.587,328.507,
1378657.560,,334.412,328.918,
1378757.552,,333.919,330.985,
1378857.555,,334.195,332.741,
1378957.547,,333.390,331.369,
1379057.545,,333.440,330.242,
1379157.547,,332.734,330.068,
1379257.545,,333.179,330.813,
1379357.540,,332.862,329.463,
1379457.539,,333.169,327.265,
1379557.537,,333.184,325.582,
1379657.531,,333.252,325.302,
1379757.530,,333.850,327.901,
1379857.526,,333.607,333.212,
1379957.521,,333.187,333.053,
1380057.517,,332.815,330.930,
1380157.520,,332.724,331.103,
1380257.513,,333.474,331.988,
1380357.512,,333.343,333.874,
1380457.511,,332.933,338.361,
1380557.504,,333.233,344.876,
1380657.503,,335.121,342.036,
1380757.502,,333.547,342.723,
1380857.496,,333.614,341.760,
1380957.496,,333.871,339.941,
1381057.496,,333.910,340.378,
1381157.494,,334.229,341.472,
1381257.486,,333.687,342.048,
1381357.488,,335.101,343.672,
1381457.483,,336.977,342.123,
1381557.482,,337.021,341.357,
1381657.477,,336.751,342.386,
1381757.478,,336.211,340.206,
1381857.473,,336.941,342.059,
1381957.469,,336.279,341.277,
1382057.464,,336.263,340.779,
1382157.464,,336.103,347.708,
1382257.463,,335.257,350.973,
1382357.458,,335.885,347.011,
1382457.458,,334.965,343.492,
1382557.451,,335.169,343.628,
1382657.449,,336.810,339.577,
1382757.446,,335.878,335.634,
1382857.442,,336.027,333.529,
1382957.439,,333.950,331.543,
1383057.437,,333.442,333.325,
1383157.436,,332.849,333.527,
1383257.436,,332.757,337.737,
1383357.433,,332.958,346.952,
1383457.431,,334.320,348.556,
1383557.428,,335.202,346.063,
1383657.425,,336.437,353.039,
1383757.424,,337.610,348.254,
1383857.422,,336.682,344.972,
1383957.417,,336.016,340.382,
1384057.416,,335.433,340.298,
1384157.411,,334.600,336.217,
1384257.408,,334.080,331.936,
1384357.406,,333.158,330.487,
1384457.399,,333.032,331.614,
1384557.398,,333.383,334.162,
1384657.396,,333.588,339.014,
1384757.390,,333.127,342.052,
1384857.391,,334.026,341.025,
1384957.385,,332.922,355.630,
1385057.380,,332.447,357.815,
1385157.377,,332.272,352.207,
1385257.373,,332.900,345.125,
1385357.375,,333.537,340.408,
1385457.372,,333.377,337.585,
1385557.367,,332.730,338.042,
1385657.361,,332.447,354.815,
1385757.358,,332.781,356.357,
1385857.358,,331.800,348.666,
1385957.355,,332.132,346.834,
1386057.350,,332.608,343.332,
1386157.345,,332.370,340.377,
1386257.346,,333.338,337.948,
1386357.345,,334.581,335.224,
1386457.343,,334.223,334.838,
1386557.338,,334.678,335.885,
1386657.332,,336.798,336.220,
1386757.331,,336.182,341.872,
1386857.330,,335.820,344.639,
1386957.324,,335.752,348.852,
1387057.325,,335.344,348.607,
1387157.321,,335.276,350.879,
1387257.313,,335.166,350.719,
1387357.314,,334.681,345.262,
1387457.307,,333.324,340.295,
1387557.304,,334.069,336.297,
1387657.301,,333.291,333.167,
1387757.299,,333.599,331.921,
1387857.296,,334.711,335.398,
1387957.298,,335.332,335.993,
1388057.293,,335.518,334.306,
1388157.290,,333.433,331.707,
1388257.289,,335.669,332.863,
1388357.286,,333.911,351.114,
1388457.277,Input1*2*0,333.074,349.560,
1388557.277,Input1*2*1,333.970,353.276,
1388657.271,,338.501,347.120,
1388757.272,,333.477,339.092,
1388857.264,,334.703,335.898,
1388957.266,,335.074,335.445,
1389057.260,,334.782,333.916,
1389157.258,,335.120,335.515,
1389257.256,,334.872,332.881,
1389357.250,,333.542,330.223,
1389457.246,,333.082,329.173,
1389557.245,,332.398,330.515,
1389657.241,,334.568,332.518,
1389757.240,,334.372,339.337,
1389857.237,,333.522,352.551,
1389957.235,,333.380,351.062,
1390057.231,,333.569,345.992,
1390157.231,,334.004,345.501,
1390257.226,,333.921,342.767,
1390357.223,,334.225,342.028,
1390457.220,,333.630,340.810,
1390557.219,,333.753,343.122,
1390657.216,,333.739,341.572,
1390757.211,,333.866,341.724,
1390857.210,,333.956,343.187,
1390957.203,,334.266,341.336,
1391057.201,,333.935,340.671,
1391157.195,,334.465,341.575,
1391257.197,,334.192,340.189,
1391357.193,,334.466,340.836,
1391457.189,,334.096,345.697,
1391557.188,,334.321,340.850,
1391657.181,,334.601,338.041,
1391757.180,,334.679,335.820,
1391857.178,,335.001,334.410,
1391957.175,,334.733,332.984,
1392057.168,,333.734,331.847,
1392157.166,,333.051,330.731,
1392257.165,,333.108,332.194,
1392357.164,,332.904,333.417,
1392457.159,,333.577,336.314,
1392557.155,,335.354,336.572,
1392657.157,,336.750,335.213,
1392757.150,,334.354,335.466,
1392857.147,,333.997,334.850,
1392957.147,,334.253,333.552,
1393057.141,,333.786,333.127,
1393157.142,,334.176,333.135,
1393257.141,,335.141,332.036,
1393357.135,,335.005,333.606,
1393457.131,,334.577,333.811,
1393557.132,,335.971,334.555,
1393657.126,,334.898,336.673,
1393757.127,,335.171,339.048,
1393857.120,,334.304,352.217,
1393957.121,,334.130,350.023,
1394057.118,,334.632,354.559,
1394157.114,,335.084,354.056,
1394257.111,,334.234,348.905,
1394357.107,,335.009,343.894,
1394457.109,,335.487,339.114,
1394557.100,,335.522,336.806,
1394657.099,,336.984,340.206,
1394757.099,,336.061,344.643,
1394857.095,,335.888,347.473,
1394957.090,,335.482,351.958,
1395057.092,,335.183,350.944,
1395157.088,,334.716,343.225,
1395257.082,,334.487,341.771,
1395357.082,,334.169,337.630,
1395457.081,,333.791,333.422,
1395557.075,,333.470,331.003,
1395657.073,,334.190,331.865,
1395757.072,,334.203,344.370,
1395857.070,,334.268,354.098,
1395957.067,,334.520,354.655,
1396057.063,,334.509,353.988,
1396157.058,,334.652,350.506,
1396257.057,,334.575,344.150,
1396357.052,,334.006,340.582,
1396457.052,,334.018,338.173,
1396557.045,,334.334,338.083,
1396657.043,,334.785,335.244,
1396757.042,,333.540,331.806,
1396857.039,,334.732,331.097,
1396957.038,,334.859,335.078,
1397057.037,,333.943,340.135,
1397157.029,,334.833,340.605,
1397257.029,,334.708,337.185,
1397357.025,,333.853,337.045,
1397457.024,,334.238,335.249,
1397557.020,,334.737,335.371,
1397657.018,,335.527,336.580,
1397757.017,,334.865,340.550,
1397857.010,,334.791,341.581,
1397957.012,,334.657,344.351,
1398057.006,,334.571,344.340,
1398157.001,,334.507,343.794,
1398257.000,,334.688,341.812,
1398356.999,,334.430,340.909,
1398456.994,,335.557,340.209,
1398556.996,,335.091,337.863,
1398656.987,,334.799,339.122,
1398756.984,,334.454,338.475,
1398856.985,,334.078,345.897,
1398956.984,,333.095,344.152,
1399056.978,,333.634,340.012,
1399156.973,,334.552,338.308,
1399256.973,,333.964,337.538,
1399356.967,,333.228,336.763,
1399456.971,,333.840,336.054,
1399556.962,,333.697,334.949,
1399656.959,,334.723,334.410,
1399756.961,,335.961,335.341,
1399856.960,,336.039,333.500,
1399956.951,,335.717,336.352,
1400056.953,,335.023,348.771,
1400156.949,,335.065,342.889,
1400256.942,,335.944,338.048,
1400356.943,,336.115,335.355,
1400456.939,,336.122,334.182,
1400556.931,,336.078,333.118,
1400656.927,,335.927,333.097,
1400756.928,,334.741,335.169,
1400856.920,,333.925,335.784,
1400956.919,,333.784,338.918,
1401056.915,,334.188,340.602,
1401156.914,,333.858,338.565,
1401256.908,,334.025,334.583,
1401356.908,,333.468,333.163,
1401456.904,,333.224,332.958,
1401556.901,,332.693,335.935,
1401656.896,,333.262,337.140,
1401756.893,,333.577,336.053,
1401856.887,,334.558,339.793,
1401956.888,,334.479,340.138,
1402056.885,,334.567,338.674,
1402156.881,,335.291,341.571,
1402256.879,,334.688,349.042,
1402356.873,,334.535,352.307,
1402456.867,,334.339,354.521,
1402556.865,,334.151,352.399,
1402656.860,,333.186,348.923,
1402756.860,,333.515,347.210,
1402856.852,,333.705,346.899,
1402956.849,,334.222,344.485,
1403056.847,,335.404,341.794,
1403156.843,,334.753,340.078,
1403256.839,,334.017,340.933,
1403356.838,,333.450,341.524,
1403456.832,,333.163,342.701,
1403556.832,,334.312,339.184,
1403656.830,,333.067,334.894,
1403756.822,,332.024,332.166,
1403856.821,,333.254,332.286,
1403956.817,,333.475,332.443,
1404056.817,,334.428,331.211,
1404156.809,,333.273,331.823,
1404256.807,,332.753,333.233,
1404356.806,,333.711,332.919,
1404456.802,,333.297,332.272,
1404556.794,,332.710,330.491,
1404656.797,,333.769,331.091,
1404756.792,,334.548,331.983,
1404856.786,,334.772,332.569,
1404956.784,,335.341,332.201,
1405056.781,,334.651,331.418,
1405156.778,,333.976,330.726,
1405256.775,,333.757,332.284,
1405356.772,,334.887,338.999,
1405456.768,,334.283,337.813,
1405556.766,,334.317,336.802,
1405656.757,,333.834,335.759,
1405756.754,,333.829,336.787,
1405856.751,,333.786,338.093,
1405956.747,,333.535,339.019,
1406056.746,,333.517,339.143,
1406156.740,,333.550,339.553,
1406256.743,,333.732,338.652,
1406356.740,,333.563,338.672,
1406456.731,,333.307,334.402,
1406556.728,,334.634,333.146,
1406656.724,,332.871,337.703,
1406756.722,,335.331,335.537,
1406856.717,,333.794,330.663,
1406956.717,,332.587,327.767,
1407056.710,,332.347,330.088,
1407156.708,,332.524,336.343,
1407256.705,,331.679,336.278,
1407356.702,,331.797,334.628,
1407456.696,,332.218,331.941,
1407556.696,,332.542,330.719,
1407656.690,,332.926,329.244,
1407756.690,,332.597,330.939,
1407856.683,,331.523,329.372,
1407956.681,,330.803,330.812,
1408056.680,,331.685,330.993,
1408156.676,,333.204,328.999,
1408256.670,,334.207,330.004,
1408356.671,,334.174,332.235,
1408456.663,,334.139,330.505,
1408556.658,,333.247,327.511,
1408656.657,,332.075,326.745,
1408756.653,,332.377,327.490,
1408856.652,,332.199,329.225,
1408956.650,,331.668,328.612,
1409056.641,,331.386,331.307,
1409156.639,,331.283,330.621,
1409256.633,,330.802,328.585,
1409356.632,,331.685,329.549,
1409456.630,,332.978,334.200,
1409556.627,,335.776,334.190,
1409656.625,,335.466,337.081,
1409756.621,,334.585,333.449,
1409856.617,,332.980,331.627,
1409956.609,,332.360,333.035,
1410056.605,,332.494,333.879,
1410156.602,,332.778,337.672,
1410256.600,,332.805,341.743,
1410356.600,,332.834,342.894,
1410456.593,,333.542,342.993,
1410556.590,,333.846,343.887,
1410656.585,,333.077,339.506,
1410756.581,,332.196,335.706,
1410856.582,,332.684,339.178,
1410956.573,,333.577,339.822,
1411056.571,,333.865,338.683,
1411156.567,,333.742,340.443,
1411256.567,,333.814,336.791,
1411356.559,,332.580,339.528,
1411456.560,,333.201,337.297,
1411556.552,,333.497,336.922,
1411656.554,,333.795,338.054,
1411756.549,,333.155,340.090,
1411856.547,,333.003,341.509,
1411956.543,,333.574,342.021,
1412056.537,,332.930,342.055,
1412156.537,,333.235,339.456,
1412256.531,,332.622,335.210,
1412356.527,,332.614,337.021,
1412456.524,,332.368,345.240,
1412556.522,,332.616,344.054,
1412656.519,,332.330,342.053,
1412756.515,,332.555,343.456,
1412856.507,,332.420,340.831,
1412956.502,,332.767,336.486,
1413056.502,,332.497,334.896,
1413156.495,,332.436,333.111,
1413256.493,,332.801,335.943,
1413356.489,,332.685,335.408,
1413456.485,,333.058,335.970,
1413556.487,,333.542,337.495,
1413656.481,,333.025,341.880,
1413756.478,,333.251,344.425,
1413856.471,,333.314,344.237,
1413956.470,,332.732,343.332,
1414056.467,,331.641,337.056,
1414156.466,,331.242,333.347,
1414256.457,,331.166,333.384,
1414356.457,,331.698,333.581,
1414456.455,,332.190,332.090,
1414556.452,,332.912,330.637,
1414656.447,,332.764,329.376,
1414756.439,,333.111,329.451,
1414856.441,,332.846,329.146,
1414956.435,,333.685,330.777,
1415056.428,,335.081,330.988,
1415156.425,,336.026,331.878,
1415256.428,,333.561,333.937,
1415356.423,,333.643,335.179,
1415456.415,,332.730,336.027,
1415556.413,,332.812,336.780,
1415656.411,,333.452,339.554,
1415756.405,,333.688,338.851,
1415856.404,,333.636,337.803,
1415956.403,,333.929,334.958,
1416056.399,,334.289,335.383,
1416156.401,,334.799,337.426,
1416256.395,,332.866,337.571,
1416356.391,,333.310,340.960,
1416456.390,,333.478,345.230,
1416556.394,,333.436,343.451,
1416656.387,,333.362,339.123,
1416756.387,,333.289,338.960,
1416856.386,,333.634,340.528,
1416956.383,,333.594,337.938,
1417056.386,,333.152,335.562,
1417156.381,,332.784,335.456,
1417256.377,,333.663,335.696,
1417356.376,,334.469,333.800,
1417456.372,,333.403,340.001,
1417556.376,,333.315,341.978,
1417656.371,,333.128,349.396,
1417756.368,,333.060,342.599,
1417856.366,,333.681,338.743,
1417956.368,,334.697,335.705,
1418056.366,,334.321,333.968,
1418156.363,,334.432,333.281,
1418256.363,,334.903,332.280,
1418356.362,,335.254,331.916,
1418456.356,,334.283,330.473,
1418556.356,,335.418,330.650,
1418656.354,,333.902,332.675,
1418756.355,,333.918,336.014,
1418856.348,,333.639,337.761,
1418956.347,,333.624,342.600,
1419056.345,,334.288,347.150,
1419156.342,,334.753,347.202,
1419256.345,,334.014,343.730,
1419356.342,,333.136,341.242,
1419456.337,,333.191,342.217,
1419556.336,,333.667,346.144,
1419656.335,,333.222,348.925,
1419756.340,,333.064,348.514,
1419856.333,,333.488,345.070,
1419956.331,,333.948,342.493,
1420056.327,,332.971,337.690,
1420156.330,,332.526,335.604,
1420256.326,,333.163,334.651,
1420356.322,,333.495,334.872,
1420456.320,,333.443,341.148,
1420556.321,,334.030,342.606,
1420656.315,,333.705,341.653,
1420756.315,,333.459,341.229,
1420856.314,,333.431,341.186,
1420956.312,,330.292,342.993,
1421056.310,,332.945,341.566,
1421156.308,,333.723,337.708,
1421256.310,,329.677,336.165,
1421356.309,,330.839,357.237,
1421456.305,,331.913,358.395,
1421556.302,,334.366,355.731,
1421656.300,,334.298,352.398,
1421756.298,,333.783,349.091,
1421856.295,,334.001,345.129,
1421956.298,,334.672,340.732,
1422056.297,,333.316,353.041,
1422156.292,,332.146,361.340,
1422256.288,,332.383,359.194,
1422356.291,,332.449,356.267,
1422456.289,,332.118,365.678,
1422556.285,,331.842,358.572,
1422656.283,,332.092,351.419,
1422756.280,,332.749,348.175,
1422856.279,,333.049,343.534,
1422956.276,,332.140,342.186,
1423056.278,,332.307,338.988,
1423156.274,,332.783,336.053,
1423256.273,,332.190,334.334,
1423356.268,,332.904,335.470,
1423456.272,,332.031,344.660,
1423556.271,,331.717,343.542,
1423656.268,,331.997,343.973,
1423756.268,,330.869,351.389,
1423856.262,,330.644,356.815,
1423956.263,,332.441,352.888,
1424056.254,,333.411,348.853,
1424156.253,,333.363,344.757,
1424256.251,,333.097,340.262,
1424356.246,,333.309,340.899,
1424456.239,,333.777,340.540,
1424556.237,,333.386,338.162,
1424656.235,,333.681,338.351,
1424756.228,,334.268,338.482,
1424856.226,,335.207,336.666,
1424956.224,,335.898,335.215,
1425056.218,,335.726,353.050,
1425156.217,,334.942,348.162,
1425256.212,,335.027,343.597,
1425356.207,,336.104,339.007,
1425456.204,,334.746,339.814,
1425556.201,,334.215,346.589,
1425656.202,,334.092,348.446,
1425756.194,,334.627,352.564,
1425856.190,,334.911,346.838,
1425956.185,,335.793,348.575,
1426056.186,,335.178,346.476,
1426156.181,,334.972,341.585,
1426256.181,,334.192,338.986,
1426356.175,,334.404,338.219,
1426456.168,,333.920,339.666,
1426556.164,,334.115,344.577,
1426656.166,,333.991,342.703,
1426756.163,,335.001,341.529,
1426856.156,,334.324,339.333,
1426956.150,,334.167,338.469,
1427056.150,,333.312,339.756,
1427156.148,,334.018,346.587,
1427256.140,,333.314,345.417,
1427356.136,,334.259,341.965,
1427456.135,,334.305,340.920,
1427556.134,,333.206,336.307,
1427656.129,,333.685,334.699,
1427756.124,,332.984,332.556,
1427856.120,,333.518,332.430,
1427956.121,,332.789,336.574,
1428056.114,,332.693,334.052,
1428156.110,,333.784,332.534,
1428256.110,,334.459,334.822,
1428356.103,,333.574,332.743,
1428456.101,,333.554,353.895,
1428556.099,,333.476,349.152,
1428656.092,,333.521,346.408,
1428756.087,,333.770,350.075,
1428856.083,,333.988,352.290,
1428956.083,,335.277,360.718,
1429056.079,,335.264,356.378,
1429156.073,,334.695,352.732,
1429256.073,,335.812,346.753,
1429356.066,,334.842,344.774,
1429456.063,,336.187,343.300,
1429556.059,,335.577,345.915,
1429656.054,,336.151,344.354,
1429756.051,,335.178,338.737,
1429856.050,,334.506,335.766,
1429956.046,,334.063,339.258,
1430056.043,,332.553,336.489,
1430156.040,,333.675,334.248,
1430256.034,,333.604,331.679,
1430356.032,,333.728,332.358,
1430456.031,,334.341,334.112,
1430556.023,,334.754,336.796,
1430656.021,,338.041,340.045,
1430756.017,,334.900,341.120,
1430856.012,,336.897,344.947,
1430956.011,,335.674,345.098,
1431056.005,,335.245,340.410,
1431156.006,,337.645,339.963,
1431256.003,,335.652,336.410,
1431355.998,,334.560,338.449,
1431455.991,,333.351,344.328,
1431555.986,,333.109,345.654,
1431655.986,,332.827,343.514,
1431755.984,,332.954,339.022,
1431855.979,,332.942,336.809,
1431955.979,,333.140,335.930,
1432055.974,,332.927,333.882,
1432155.970,,333.030,350.204,
1432255.967,,332.779,355.656,
1432355.964,,332.912,351.492,
1432455.963,,333.761,346.164,
1432555.957,,333.940,341.824,
1432655.956,,334.860,339.326,
1432755.953,,335.523,337.325,
1432855.948,,333.462,335.219,
1432955.944,,332.724,335.271,
1433055.946,,333.323,338.518,
1433155.942,,333.632,340.130,
1433255.939,,333.554,343.070,
1433355.934,,333.153,342.671,
1433455.929,,333.668,342.574,
1433555.928,,333.701,341.740,
1433655.923,,333.659,345.848,
1433755.922,,333.051,342.354,
1433855.921,,333.099,339.351,
1433955.919,,332.744,336.459,
1434055.917,,332.486,343.629,
1434155.912,,332.244,343.822,
1434255.907,,332.069,344.385,
1434355.906,,332.387,342.309,
1434455.903,,332.512,342.417,
1434555.899,,332.161,339.489,
1434655.898,,331.569,336.526,
1434755.894,,331.542,347.317,
1434855.893,,330.679,344.491,
1434955.890,,331.161,343.432,
1435055.885,,331.496,350.434,
1435155.881,,331.433,350.910,
1435255.878,,331.507,345.266,
1435355.878,,330.619,339.352,
1435455.871,,330.346,335.977,
1435555.869,,331.028,334.407,
1435655.869,,331.989,333.574,
1435755.868,,333.246,334.304,
1435855.865,,333.730,337.326,
1435955.859,,334.108,338.944,
1436055.858,,334.498,342.145,
1436155.854,,332.563,347.013,
1436255.848,,332.330,345.486,
1436355.847,,332.072,339.500,
1436455.847,,331.330,336.469,
1436555.844,,332.334,334.598,
1436655.839,,332.295,332.475,
1436755.838,,333.505,334.199,
1436855.835,,332.991,335.422,
1436955.828,,332.574,336.236,
1437055.826,,332.796,341.606,
1437155.822,,332.709,343.085,
1437255.822,,332.880,343.072,
1437355.817,,333.068,339.989,
1437455.818,,332.593,339.667,
1437555.813,,332.695,336.324,
1437655.811,,332.881,335.691,
1437755.807,,333.711,342.034,
1437855.807,,333.219,339.117,
1437955.804,,332.909,337.392,
1438055.799,,333.410,336.741,
1438155.797,,333.949,334.686,
1438255.795,,333.777,341.116,
1438355.790,,334.048,339.036,
1438455.784,,333.408,340.646,
1438555.783,,333.330,338.835,
1438655.784,,333.374,338.831,
1438755.779,,333.878,336.131,
1438855.777,,334.831,333.829,
1438955.771,,332.822,333.134,
1439055.772,,331.930,334.403,
1439155.770,,331.713,343.775,
1439255.765,,332.207,340.973,
1439355.758,,332.332,345.028,
1439455.756,,332.895,342.406,
1439555.754,,332.654,337.904,
1439655.751,,332.905,336.233,
1439755.752,,333.023,336.957,
1439855.746,,333.770,338.830,
1439955.746,,333.254,340.054,
1440055.743,,333.838,344.880,
1440155.737,,334.668,341.245,
1440255.737,,335.092,336.704,
1440355.735,,332.438,335.539,
1440455.727,,333.251,336.304,
1440555.727,,333.368,339.606,
1440655.725,,333.276,339.601,
1440755.719,,333.744,336.992,
1440855.720,,332.985,337.988,
1440955.715,,332.620,339.020,
1441055.715,,333.035,338.999,
1441155.713,,332.487,339.338,
1441255.712,,333.848,335.868,
1441355.704,,334.002,335.082,
1441455.707,,333.005,334.336,
1441555.699,,333.690,333.020,
1441655.698,,333.213,335.026,
1441755.697,,333.506,336.057,
1441855.696,,333.897,334.407,
1441955.691,,333.682,335.742,
1442055.690,,335.322,336.504,
1442155.686,,334.727,333.160,
1442255.681,,333.753,331.911,
1442355.682,,333.740,334.295,
1442455.677,,334.346,339.485,
1442555.678,,335.385,337.452,
1442655.673,,334.639,338.222,
1442755.670,,334.878,335.907,
1442855.666,,334.441,333.293,
1442955.667,,334.247,335.168,
1443055.661,,333.373,334.913,
1443155.658,,333.261,337.348,
1443255.658,,332.007,338.201,
1443355.653,,333.834,335.920,
1443455.651,,333.278,333.738,
1443555.650,,333.715,331.779,
1443655.647,,333.538,335.909,
1443755.640,,333.102,334.125,
1443855.638,,333.130,333.407,
1443955.636,,333.436,335.002,
1444055.633,,333.747,351.014,
1444155.630,,334.436,350.515,
1444255.627,,333.723,354.953,
1444355.626,,333.411,351.714,
1444455.626,,334.072,348.618,
1444555.624,,333.543,345.236,
1444655.621,,333.648,343.900,
1444755.618,,333.361,340.089,
1444855.611,,333.498,349.524,
1444955.609,,334.002,346.334,
1445055.605,,334.189,341.269,
1445155.608,,335.508,339.751,
1445255.604,,334.448,339.178,
1445355.601,,332.886,340.155,
1445455.596,,332.929,337.316,
1445555.594,,332.867,337.112,
1445655.593,,333.469,334.605,
1445755.591,,333.248,339.612,
1445855.586,,332.754,339.300,
1445955.584,,332.503,341.237,
1446055.581,,331.966,340.359,
1446155.579,,332.364,340.243,
1446255.578,,332.875,338.396,
1446355.575,,332.495,334.576,
1446455.572,,333.070,335.823,
1446555.567,,333.296,338.192,
1446655.566,,333.320,335.270,
1446755.566,,336.060,339.738,
1446855.563,,336.734,339.820,
1446955.559,,336.719,342.411,
1447055.557,,334.765,344.408,
1447155.554,,333.934,342.876,
1447255.549,,332.795,343.064,
1447355.545,,332.737,340.210,
1447455.546,,332.655,339.665,
1447555.545,,332.916,339.041,
1447655.536,,331.821,337.026,
1447755.539,,331.963,334.945,
1447855.530,,332.395,333.502,
1447955.529,,332.720,333.612,
1448055.523,,333.156,334.383,
1448155.522,,332.239,333.045,
1448255.517,,332.939,332.780,
1448355.511,,333.910,333.440,
1448455.507,,334.170,334.597,
1448555.503,,333.520,332.698,
1448655.501,,333.310,331.582,
1448755.493,,332.476,334.504,
1448855.492,,332.846,336.738,
1448955.484,,333.336,334.972,
1449055.479,,332.695,335.296,
1449155.477,,332.417,338.780,
1449255.470,,333.340,338.746,
1449355.471,,333.748,337.855,
1449455.461,,333.537,335.132,
1449555.455,,333.317,334.341,
1449655.454,,333.659,340.524,
1449755.454,,333.446,340.528,
1449855.444,,333.379,336.869,
1449955.442,,333.181,333.555,
1450055.435,,333.975,331.427,
1450155.431,,333.550,330.573,
1450255.428,,333.525,329.427,
1450355.423,,333.541,328.593,
1450455.420,,333.708,332.783,
1450555.413,,333.827,333.841,
1450655.412,,333.759,337.713,
1450755.407,,333.605,343.403,
1450855.399,,333.813,342.872,
1450955.394,,333.566,344.670,
1451055.392,,333.599,340.397,
1451155.387,,333.594,339.961,
1451255.382,,333.828,341.083,
1451355.383,,333.784,338.322,
1451455.372,,333.505,334.611,
1451555.370,,333.097,332.409,
1451655.369,,333.417,331.128,
1451755.363,,333.608,331.765,
1451855.355,,333.906,331.085,
1451955.355,,333.429,330.827,
1452055.348,,333.829,331.558,
1452155.343,,333.137,332.654,
1452255.337,,332.608,335.501,
1452355.335,,333.004,334.867,
1452455.331,,333.174,336.732,
1452555.327,,333.220,340.134,
1452655.324,,333.191,340.569,
1452755.317,,332.967,345.399,
1452855.314,,333.173,344.351,
1452955.309,,333.423,344.811,
1453055.306,,333.483,343.557,
1453155.298,,333.332,340.772,
1453255.297,,333.849,338.891,
1453355.290,,333.493,336.558,
1453455.289,,333.431,335.975,
1453555.283,,333.970,334.431,
1453655.282,,334.790,335.714,
1453755.278,,334.828,336.265,
1453855.271,,334.312,336.818,
1453955.269,,334.250,341.418,
1454055.259,,334.143,341.081,
1454155.255,,333.979,340.460,
1454255.253,,334.191,341.805,
1454355.249,,333.784,341.231,
1454455.241,,333.817,349.374,
1454555.242,,333.577,350.012,
1454655.235,,333.138,344.297,
1454755.231,,335.506,344.947,
1454855.225,,335.607,349.122,
1454955.219,,335.072,352.134,
1455055.217,,335.822,351.262,
1455155.210,,336.829,350.894,
1455255.208,,334.977,347.499,
1455355.202,,334.924,342.811,
1455455.198,,334.925,339.984,
1455555.196,,334.446,337.457,
1455655.188,,334.965,337.659,
1455755.185,,333.883,337.448,
1455855.181,,333.875,334.427,
1455955.177,,335.076,332.758,
1456055.174,,335.432,331.549,
1456155.178,,334.673,333.616,
1456255.176,,334.315,334.459,
1456355.173,,334.600,334.956,
1456455.168,,333.895,334.375,
1456555.168,,333.894,333.897,
1456655.163,,334.343,333.112,
1456755.161,,333.865,331.876,
1456855.163,,333.242,332.788,
1456955.158,,333.450,331.960,
1457055.157,,333.973,330.538,
1457155.153,,333.520,331.341,
1457255.147,,333.112,332.927,
1457355.147,,333.552,331.459,
1457455.146,,333.899,330.613,
1457555.145,,333.948,332.485,
1457655.139,,334.699,334.154,
1457755.139,,334.676,338.646,
1457855.139,,333.971,340.471,
1457955.132,,333.979,339.972,
1458055.131,,333.852,342.043,
1458155.131,,333.551,340.322,
1458255.126,,333.901,340.194,
1458355.123,,334.000,338.842,
1458455.121,,334.215,339.564,
1458555.118,,333.718,338.635,
1458655.115,,333.873,339.697,
1458755.113,,333.565,337.345,
1458855.113,,333.515,340.152,
1458955.112,,333.722,343.070,
1459055.109,,333.437,342.333,
1459155.108,,333.564,341.427,
1459255.102,,333.668,337.679,
1459355.104,,333.582,334.021,
1459455.103,,333.114,332.892,
1459555.100,,333.221,331.452,
1459655.097,,333.896,331.550,
1459755.090,,334.212,330.910,
1459855.092,,334.566,332.610,
1459955.091,,334.443,330.767,
1460055.084,,332.768,333.140,
1460155.086,,332.882,336.778,
1460255.081,,332.608,336.131,
1460355.076,,332.731,333.609,
1460455.076,,333.085,346.571,
1460555.073,,334.565,351.646,
1460655.075,,336.310,353.679,
1460755.074,,337.347,352.468,
1460855.070,,336.565,350.774,
1460955.069,,335.991,351.024,
1461055.066,,336.159,346.904,
1461155.059,,336.158,345.837,
1461255.059,,335.932,345.312,
1461355.054,,336.091,342.409,
1461455.054,,333.547,339.722,
1461555.055,,333.859,338.824,
1461655.052,,333.591,337.182,
1461755.048,,333.750,338.371,
1461855.047,,332.023,341.732,
1461955.044,,333.083,339.173,
1462055.037,,332.693,338.496,
1462155.038,,333.916,336.357,
1462255.036,,336.539,339.507,
1462355.036,,336.624,342.876,
1462455.033,,336.547,344.250,
1462555.027,,336.222,346.346,
1462655.027,,333.167,345.173,
1462755.023,,334.021,341.405,
1462855.022,,333.055,338.152,
1462955.022,,333.340,336.524,
1463055.020,,333.688,334.705,
1463155.016,,336.197,340.758,
1463255.011,,336.083,350.101,
1463355.009,,334.110,352.765,
1463455.007,,334.637,346.102,
1463555.008,,334.435,342.175,
1463655.005,,333.739,337.421,
1463755.001,,333.485,338.291,
1463855.002,,333.436,340.762,
1463954.997,,335.019,340.808,
1464054.993,,336.228,348.340,
1464154.988,,336.405,352.653,
1464254.983,,335.759,352.635,
1464354.977,,335.676,355.092,
1464454.974,,335.560,353.853,
1464554.969,,336.142,350.146,
1464654.966,,332.917,346.618,
1464754.966,,334.040,343.944,
1464854.957,,333.841,339.863,
1464954.955,,333.917,339.722,
1465054.951,,333.428,337.283,
1465154.947,,333.555,336.087,
1465254.943,,335.042,337.105,
1465354.935,,336.978,347.856,
1465454.935,,335.766,350.018,
1465554.933,,335.083,348.548,
1465654.926,,335.128,343.454,
1465754.920,,336.133,341.540,
1465854.917,,334.592,345.802,
1465954.914,,335.083,344.965,
1466054.907,,332.588,346.408,
1466154.905,,333.871,343.156,
1466254.900,,333.869,342.654,
1466354.893,,333.569,346.973,
1466454.891,,333.233,343.793,
1466554.889,,332.684,340.307,
1466654.887,,334.403,340.427,
1466754.879,,335.844,345.385,
1466854.876,,335.424,348.635,
1466954.871,,335.406,346.898,
1467054.869,,335.063,345.644,
1467154.861,,335.269,345.556,
1467254.857,,333.688,342.973,
1467354.855,,334.625,339.374,
1467454.850,,333.751,337.613,
1467554.846,,332.586,338.261,
1467654.841,,332.542,335.666,
1467754.836,,332.973,335.267,
1467854.835,,334.052,338.118,
1467954.828,,335.431,346.478,
1468054.825,,335.304,345.521,
1468154.824,,335.233,344.464,
1468254.817,,335.606,346.109,
1468354.816,,335.198,345.054,
1468454.812,,334.673,343.706,
1468554.808,,333.534,343.942,
1468654.797,,333.952,341.299,
1468754.794,,334.115,338.475,
1468854.789,,333.954,338.820,
1468954.787,,334.444,345.904,
1469054.782,,334.039,347.540,
1469154.783,,333.565,341.230,
1469254.772,,333.105,338.133,
1469354.771,,333.397,343.580,
1469454.768,,332.003,342.457,
1469554.766,,333.761,338.708,
1469654.759,,335.736,339.881,
1469754.758,,334.804,342.934,
1469854.753,,334.317,342.732,
1469954.746,,335.217,344.457,
1470054.746,,335.521,346.717,
1470154.735,,332.859,343.792,
1470254.733,,333.676,340.539,
1470354.727,,333.485,338.693,
1470454.726,,334.113,338.783,
1470554.723,,334.004,338.344,
1470654.720,,334.180,337.184,
1470754.716,,334.013,335.494,
1470854.709,,333.019,335.920,
1470954.708,,334.793,336.845,
1471054.704,,335.248,342.242,
1471154.699,,335.828,347.808,
1471254.695,,335.083,342.057,
1471354.689,,332.478,337.960,
1471454.682,,335.553,338.570,
1471554.679,,336.877,342.592,
1471654.675,,336.560,345.040,
1471754.673,,335.552,345.654,
1471854.666,,332.992,342.409,
1471954.669,,332.981,340.170,
1472054.667,,332.450,338.812,
1472154.661,,333.532,338.879,
1472254.666,,334.409,337.547,
1472354.659,,333.882,335.902,
1472454.660,,335.075,336.480,
1472554.660,,335.853,344.550,
1472654.659,,334.593,345.419,
1472754.658,,335.312,345.866,
1472854.654,,335.557,348.995,
1472954.654,,335.217,349.485,
1473054.652,,335.864,344.857,
1473154.650,,336.809,343.348,
1473254.649,,335.052,342.688,
1473354.645,,333.107,336.498,
1473454.647,,333.464,334.704,
1473554.646,,332.953,333.257,
1473654.640,,333.485,340.237,
1473754.639,,333.722,343.959,
1473854.644,,334.876,348.776,
1473954.640,,334.895,347.729,
1474054.638,,335.603,347.744,
1474154.634,,334.624,345.046,
1474254.638,,334.544,340.431,
1474354.632,,334.923,345.064,
1474454.632,,333.800,343.340,
1474554.634,,334.103,338.321,
1474654.633,,333.328,337.689,
1474754.628,,332.877,333.924,
1474854.626,,329.732,333.018,
1474954.622,,329.648,340.588,
1475054.625,,331.241,346.253,
1475154.624,,331.755,345.390,
1475254.619,,331.917,339.900,
1475354.622,,328.763,333.187,
1475454.619,,330.449,333.191,
1475554.617,,333.072,333.554,
1475654.618,,334.098,335.446,
1475754.617,,333.880,337.734,
1475854.615,,334.417,353.024,
1475954.611,,333.510,364.580,
1476054.610,,333.308,358.992,
1476154.610,,333.532,351.145,
1476254.611,,336.066,352.873,
1476354.610,,335.299,347.135,
1476454.606,,335.394,345.388,
1476554.605,,334.771,344.244,
1476654.601,,335.589,341.780,
1476754.601,,337.501,340.984,
1476854.600,,338.172,337.127,
1476954.598,,335.968,334.409,
1477054.596,,334.722,333.356,
1477154.595,,335.335,333.740,
1477254.593,,335.499,341.452,
1477354.595,,335.711,361.666,
1477454.589,,335.669,373.765,
1477554.593,,335.782,370.244,
1477654.592,,335.301,361.304,
1477754.591,,335.227,352.415,
1477854.589,,335.067,346.813,
1477954.584,,335.705,341.846,
1478054.581,,334.515,339.398,
1478154.582,,333.927,337.118,
1478254.579,,333.642,339.194,
1478354.583,,333.336,341.104,
1478454.578,,334.332,340.472,
1478554.578,,334.210,339.057,
1478654.578,,334.012,339.438,
1478754.575,,334.436,342.015,
1478854.574,,334.861,343.833,
1478954.574,,335.238,348.850,
1479054.570,,335.900,349.841,
1479154.566,,336.152,344.838,
1479254.566,,336.887,342.680,
1479354.566,,335.938,342.533,
1479454.563,,334.909,340.757,
1479554.567,,333.735,339.568,
1479654.564,,333.043,336.409,
1479754.562,,333.304,337.532,
1479854.562,,333.961,335.833,
1479954.555,,334.800,338.000,
1480054.550,,335.056,337.781,
1480154.552,,336.192,335.748,
1480254.548,,335.638,337.458,
1480354.543,,334.798,337.548,
1480454.540,,335.346,335.795,
1480554.536,,336.608,334.698,
1480654.517,,334.277,336.160,
1480754.527,,334.737,337.400,
1480854.522,,334.518,340.746,
1480954.515,,333.423,341.237,
1481054.518,,334.150,339.277,
1481154.509,,334.026,338.874,
1481254.508,,333.895,364.895,
1481354.505,,335.195,357.128,
1481454.498,,333.639,351.135,
1481554.495,,334.819,348.032,
1481654.490,,334.431,344.203,
1481754.488,,335.309,342.852,
1481854.484,,335.049,356.718,
1481954.479,,334.034,357.824,
1482054.476,,334.236,354.124,
1482154.477,,334.441,349.786,
1482254.470,,334.442,355.178,
1482354.468,,334.232,358.278,
1482454.462,,335.471,354.271,
1482554.456,,335.407,355.204,
1482654.455,,335.543,352.284,
1482754.453,,335.876,350.769,
1482854.447,,335.531,349.247,
1482954.447,,335.427,346.086,
1483054.443,,334.500,346.666,
1483154.435,,334.481,342.297,
1483254.434,,334.113,343.778,
1483354.429,,334.053,341.037,
1483454.423,,334.204,340.739,
1483554.421,,334.233,350.126,
1483654.420,,333.922,347.267,
1483754.412,,334.228,344.690,
1483854.413,,333.894,345.023,
1483954.409,,333.630,349.566,
1484054.400,,333.774,344.928,
1484154.397,,333.596,345.238,
1484254.394,,334.193,343.040,
1484354.388,,333.934,341.773,
1484454.389,,333.822,341.597,
1484554.383,,334.209,339.981,
1484654.380,,333.814,340.683,
1484754.379,,334.456,340.487,
1484854.371,,335.925,341.584,
1484954.372,,334.009,340.633,
1485054.364,,334.229,342.851,
1485154.359,,335.525,349.227,
1485254.359,,334.827,362.158,
1485354.352,,336.004,378.125,
1485454.351,,338.511,368.482,
1485554.347,,337.178,356.653,
1485654.344,,336.276,349.618,
1485754.336,,337.499,344.863,
1485854.334,,335.054,340.084,
1485954.334,,333.690,337.300,
1486054.329,,333.917,337.728,
1486154.323,,334.476,347.186,
1486254.318,,334.142,341.394,
1486354.314,,334.096,337.292,
1486454.311,,334.555,333.733,
1486554.307,,334.751,335.362,
1486654.305,,337.012,335.871,
1486754.301,,337.400,337.222,
1486854.296,,335.911,335.660,
1486954.291,,335.333,335.541,
1487054.287,,336.000,338.904,
1487154.286,,337.023,337.967,
1487254.279,,335.574,339.737,
1487354.277,,336.029,341.478,
1487454.276,,335.799,339.157,
1487554.270,,335.039,337.862,
1487654.270,,334.427,337.836,
1487754.261,,334.109,338.865,
1487854.258,,335.134,337.282,
1487954.255,,333.890,334.533,
1488054.253,,334.104,333.925,
1488154.251,,334.239,333.690,
1488254.252,,334.351,331.905,
1488354.248,,333.586,332.365,
1488454.243,,333.457,333.321,
1488554.241,,333.796,330.747,
1488654.237,,334.472,330.632,
1488754.235,,334.266,338.071,
1488854.229,,333.679,341.906,
1488954.230,,333.914,336.531,
1489054.225,,334.233,334.075,
1489154.226,,334.937,333.747,
1489254.222,,335.282,334.376,
1489354.214,,335.114,335.320,
1489454.217,,334.432,335.773,
1489554.211,,335.090,333.545,
1489654.207,,334.627,333.844,
1489754.204,,335.358,333.445,
1489854.204,,334.793,333.209,
1489954.199,,334.375,335.050,
1490054.198,,333.999,338.415,
1490154.191,,334.050,345.090,
1490254.188,,334.037,350.182,
1490354.187,,334.171,346.498,
1490454.188,,334.786,347.089,
1490554.184,,334.152,343.068,
1490654.178,,333.743,339.193,
1490754.175,,333.960,339.881,
1490854.173,,333.789,347.598,
1490954.168,,333.675,345.955,
1491054.165,,332.761,343.038,
1491154.168,,333.154,340.052,
1491254.162,,331.679,345.437,
1491354.159,,332.023,343.621,
1491454.154,,332.346,346.147,
1491554.151,,332.611,345.434,
1491654.153,,333.349,342.566,
1491754.144,,333.169,337.366,
1491854.143,,333.419,334.141,
1491954.139,,333.289,332.691,
1492054.139,,332.668,334.378,
1492154.140,,334.614,334.977,
1492254.135,,334.890,335.193,
1492354.131,,335.366,340.013,
1492454.126,,334.904,338.879,
1492554.122,,333.511,343.544,
1492654.119,,334.017,340.775,
1492754.117,,334.405,340.135,
1492854.118,,334.067,338.169,
1492954.114,,334.695,337.499,
1493054.109,,335.892,335.885,
1493154.110,,334.755,335.429,
1493254.104,,333.919,334.229,
1493354.100,,332.582,333.698,
1493454.099,,333.658,335.458,
1493554.098,,334.209,337.715,
1493654.094,,333.493,335.753,
1493754.094,,333.651,336.251,
1493854.089,,333.134,339.288,
1493954.085,,333.867,339.742,
1494054.084,,333.186,340.172,
1494154.080,,333.436,341.528,
1494254.075,,334.295,344.321,
1494354.072,,334.153,353.303,
1494454.072,,332.727,350.204,
1494554.069,,334.080,347.771,
1494654.062,,336.086,354.114,
1494754.059,,334.155,347.838,
1494854.055,,333.941,345.064,
1494954.057,,336.256,344.003,
1495054.054,,336.793,338.638,
1495154.052,,335.176,335.680,
1495254.049,,336.329,332.953,
1495354.047,,336.122,333.716,
1495454.040,,338.165,332.966,
1495554.037,,335.907,332.950,
1495654.035,,336.437,339.160,
1495754.031,,335.005,347.889,
1495854.031,,334.336,349.251,
1495954.027,,335.438,345.784,
1496054.024,,334.504,338.620,
1496154.020,,333.483,334.038,
1496254.019,,332.698,332.383,
1496354.013,,333.357,334.003,
1496454.009,,334.481,332.054,
1496554.006,,334.574,334.239,
1496654.009,,333.959,335.510,
1496754.006,,334.000,340.116,
1496853.997,,333.809,348.187,
1496953.999,,334.190,355.605,
1497053.994,,333.847,347.855,
1497153.995,,334.518,343.534,
1497253.987,,332.843,336.903,
1497353.985,,332.454,336.308,
1497453.983,,332.060,339.654,
1497553.977,,332.655,339.496,
1497653.978,,332.564,336.850,
1497753.976,,332.707,338.166,
1497853.968,,333.542,347.485,
1497953.966,,333.069,343.958,
1498053.963,,331.546,339.807,
1498153.958,,332.473,340.053,
1498253.960,,332.236,338.456,
1498353.953,,332.990,339.592,
1498453.953,,333.505,339.272,
1498553.953,,334.843,336.817,
1498653.944,,335.134,334.315,
1498753.944,,334.590,334.177,
1498853.938,,333.932,331.931,
1498953.936,,333.862,331.271,
1499053.933,,333.895,330.448,
1499153.932,,334.194,330.856,
1499253.925,,333.616,333.739,
1499353.928,,333.840,333.814,
1499453.920,,333.548,335.128,
1499553.920,,333.383,335.243,
1499653.917,,333.576,333.274,
1499753.914,,332.867,333.248,
1499853.912,,333.518,340.660,
1499953.908,,332.718,338.115,
1500053.902,,333.407,338.262,
1500153.901,,333.931,337.357,
1500253.899,,333.580,332.510,
1500353.894,,332.814,329.010,
1500453.896,,328.915,325.576,
1500553.887,,329.901,329.475,
1500653.888,,329.862,330.908,
1500753.881,,331.261,328.836,
1500853.878,,330.171,327.348,
1500953.876,,330.058,331.360,
1501053.875,,332.403,332.593,
1501153.869,,332.622,336.648,
1501253.867,,332.856,344.258,
1501353.862,,333.076,342.183,
1501453.865,,333.004,339.615,
1501553.859,,329.067,334.152,
1501653.855,,329.092,335.018,
1501753.854,,330.205,333.224,
1501853.852,,329.365,330.714,
1501953.846,,331.873,334.307,
1502053.846,,331.771,337.908,
1502153.840,,333.131,340.828,
1502253.842,,333.634,340.713,
1502353.833,,332.068,334.130,
1502453.834,,329.900,331.968,
1502553.828,,330.242,332.951,
1502653.824,,331.324,336.832,
1502753.822,,334.419,337.937,
1502853.822,,332.371,334.749,
1502953.816,,332.138,334.615,
1503053.813,,333.247,335.243,
1503153.814,,329.838,331.726,
1503253.810,,330.973,332.709,
1503353.806,,332.020,332.195,
1503453.804,,328.841,332.047,
1503553.798,,333.916,337.917,
1503653.796,,331.959,340.523,
1503753.796,,332.127,339.225,
1503853.792,,328.626,338.520,
1503953.787,,330.043,341.989,
1504053.783,,331.821,341.856,
1504153.776,,328.653,337.269,
1504253.778,,329.831,339.152,
1504353.774,,331.080,335.696,
1504453.767,,329.159,333.621,
1504553.762,,330.032,338.134,
1504653.760,,328.992,338.578,
1504753.758,,332.844,337.538,
1504853.754,,332.031,334.478,
1504953.746,,332.381,333.085,
1505053.747,,332.138,330.169,
1505153.743,,332.797,333.440,
1505253.738,,333.791,332.921,
1505353.736,,333.132,331.280,
1505453.732,,332.512,330.747,
1505553.724,,332.101,330.259,
1505653.725,,331.387,330.316,
1505753.717,,331.342,330.839,
1505853.716,,331.772,330.410,
1505953.709,,332.409,331.658,
1506053.710,,332.262,336.561,
1506153.702,,332.455,333.874,
1506253.699,,332.492,332.899,
1506353.699,,332.407,330.309,
1506453.694,,332.527,327.194,
1506553.691,,332.138,325.818,
1506653.686,,332.054,328.072,
1506753.684,,332.708,332.143,
1506853.680,,333.427,329.695,
1506953.674,,332.697,327.675,
1507053.672,,332.508,329.454,
1507153.668,,333.132,335.662,
1507253.663,,333.701,341.880,
1507353.658,,333.138,338.512,
1507453.655,,332.361,335.322,
1507553.648,,332.509,333.230,
1507653.644,,333.292,331.574,
1507753.646,,332.706,331.207,
1507853.640,,333.487,328.753,
1507953.633,,333.125,327.688,
1508053.630,,332.610,331.519,
1508153.625,,331.642,331.062,
1508253.624,,332.288,331.767,
1508353.619,,332.796,330.259,
1508453.619,,333.113,327.486,
1508553.609,,332.661,328.034,
1508653.611,,332.871,333.430,
1508753.608,,332.664,335.686,
1508853.602,,332.319,333.360,
1508953.598,,332.806,350.869,
1509053.592,,333.937,355.046,
1509153.592,,334.245,346.917,
1509253.584,,334.171,346.709,
1509353.584,,333.236,344.332,
1509453.579,,332.726,345.532,
1509553.578,,333.119,342.857,
1509653.571,,332.950,339.268,
1509753.567,,333.317,340.267,
1509853.561,,332.420,337.295,
1509953.560,,332.478,336.197,
1510053.558,,332.582,337.450,
1510153.554,,332.526,338.966,
1510253.548,,332.104,336.902,
1510353.544,,332.346,340.457,
1510453.543,,333.379,339.439,
1510553.534,,333.879,338.304,
1510653.532,,333.825,340.514,
1510753.527,,333.705,338.733,
1510853.523,,333.508,338.915,
1510953.524,,333.555,337.490,
1511053.520,,333.245,337.965,
1511153.517,,333.303,338.686,
1511253.510,,332.986,338.198,
1511353.504,,332.938,338.376,
1511453.506,,333.332,340.498,
1511553.496,,332.906,339.317,
1511653.492,,333.308,340.058,
1511753.495,,333.201,339.355,
1511853.487,,333.490,338.302,
1511953.483,,333.468,339.777,
1512053.482,,333.647,339.122,
1512153.479,,333.069,337.197,
1512253.474,,332.422,334.498,
1512353.469,,332.779,333.513,
1512453.464,,332.676,333.327,
1512553.463,,332.607,333.325,
1512653.456,,332.218,332.054,
1512753.453,,329.384,335.203,
1512853.456,,329.822,339.852,
1512953.452,,330.432,343.935,
1513053.448,,330.886,343.150,
1513153.442,,330.692,341.013,
1513253.441,,329.799,342.859,
1513353.438,,329.975,340.866,
1513453.429,,331.056,353.515,
1513553.426,,330.546,353.308,
1513653.428,,330.478,347.554,
1513753.421,,330.230,341.438,
1513853.414,,331.724,338.004,
1513953.415,,332.067,334.352,
1514053.411,,332.233,333.817,
1514153.404,,330.988,331.040,
1514253.401,,330.274,329.656,
1514353.403,,332.216,329.328,
1514453.398,,333.573,329.631,
1514553.394,,333.169,329.723,
1514653.389,,332.860,333.610,
1514753.388,,333.579,332.183,
1514853.385,,332.917,333.078,
1514953.380,,332.685,334.296,
1515053.372,,331.888,337.120,
1515153.372,,331.655,335.370,
1515253.366,,332.167,335.427,
1515353.362,,331.984,331.577,
1515453.361,,331.138,332.607,
1515553.361,,332.665,331.566,
1515653.355,,332.995,330.946,
1515753.349,,332.265,331.430,
1515853.347,,332.027,329.913,
1515953.344,,332.440,327.719,
1516053.341,,332.432,327.770,
1516153.338,,334.045,332.461,
1516253.332,,333.044,331.641,
1516353.330,,333.811,330.984,
1516453.328,,334.515,332.756,
1516553.321,,333.977,332.451,
1516653.317,,334.813,330.071,
1516753.318,,335.076,328.994,
1516853.311,,335.424,334.796,
1516953.309,,333.425,334.718,
1517053.307,,333.040,336.156,
1517153.303,,333.348,350.306,
1517253.300,,332.218,346.011,
1517353.297,,332.050,346.609,
1517453.294,,332.688,352.900,
1517553.284,,332.280,354.150,
1517653.284,,332.082,354.239,
1517753.281,,332.098,351.730,
1517853.275,,333.419,345.919,
1517953.271,,333.330,341.507,
1518053.269,,333.251,337.819,
1518153.266,,333.062,338.768,
1518253.260,,333.562,343.228,
1518353.259,,332.674,340.021,
1518453.253,,332.411,337.098,
1518553.252,,332.550,337.060,
1518653.246,,332.580,336.886,
1518753.242,,332.145,337.853,
1518853.242,,334.301,343.089,
1518953.239,,335.845,341.342,
1519053.236,,333.684,351.404,
1519153.234,,332.359,346.649,
1519253.230,,333.016,341.270,
1519353.225,,333.702,341.426,
1519453.220,,332.519,341.594,
1519553.217,,333.423,342.270,
1519653.214,,333.385,341.802,
1519753.211,,334.157,339.937,
1519853.210,,332.346,345.905,
1519953.204,,332.675,343.359,
1520053.205,,332.334,338.505,
1520153.201,,332.070,333.985,
1520253.198,,332.263,335.249,
1520353.192,,333.006,338.733,
1520453.192,,332.979,337.748,
1520553.189,,332.497,340.293,
1520653.184,,331.852,337.717,
1520753.186,,330.917,335.575,
1520853.182,,332.508,335.408,
1520953.181,,332.850,336.528,
1521053.180,,332.689,336.082,
1521153.175,,333.682,335.218,
1521253.169,,333.572,333.349,
1521353.168,,332.764,346.304,
1521453.165,,333.632,360.658,
1521553.165,,333.135,366.187,
1521653.160,,332.593,363.320,
1521753.157,,332.463,354.899,
1521853.156,,332.844,348.575,
1521953.151,,333.591,342.393,
1522053.150,,333.340,339.623,
1522153.151,,333.721,339.157,
1522253.150,,333.768,342.221,
1522353.147,,333.808,342.323,
1522453.142,,334.305,341.375,
1522553.140,,334.140,341.324,
1522653.139,,334.795,337.291,
1522753.135,,333.879,333.972,
1522853.130,,332.926,335.872,
1522953.127,,333.574,336.127,
1523053.129,,335.061,336.125,
1523153.126,,334.114,336.749,
1523253.124,,333.586,337.474,
1523353.116,,333.552,337.136,
1523453.119,,333.294,337.022,
1523553.113,,333.039,337.503,
1523653.108,,332.558,336.697,
1523753.110,,333.401,335.285,
1523853.110,,333.012,335.522,
1523953.106,,332.771,333.602,
1524053.105,,332.721,333.601,
1524153.100,,332.562,333.824,
1524253.095,,332.578,335.867,
1524353.093,,333.103,343.959,
1524453.093,,332.528,338.138,
1524553.089,,331.870,335.197,
1524653.084,,332.220,334.950,
1524753.085,,332.311,331.909,
1524853.083,,332.349,330.927,
1524953.077,,332.137,331.233,
1525053.074,,332.435,335.295,
1525153.073,,332.041,338.137,
1525253.069,,332.734,339.600,
1525353.068,,332.449,335.066,
1525453.064,,331.608,330.529,
1525553.067,,331.456,327.432,
1525653.059,,329.268,333.592,
1525753.060,,330.112,341.739,
1525853.060,,331.098,343.818,
1525953.056,,329.569,343.225,
1526053.050,,331.788,341.465,
1526153.047,,332.323,339.059,
1526253.050,,330.187,337.846,
1526353.041,,331.079,336.813,
1526453.040,,333.044,339.698,
1526553.042,,334.162,338.740,
1526653.040,,333.700,341.060,
1526753.032,,333.688,347.068,
1526853.034,,330.613,343.857,
1526953.032,,330.631,343.884,
1527053.025,,332.505,345.990,
1527153.022,,331.519,341.267,
1527253.024,,333.260,337.935,
1527353.020,,332.788,333.935,
1527453.019,,329.616,331.116,
1527553.016,,330.299,337.123,
1527653.010,,330.735,343.335,
1527753.012,,331.209,344.215,
1527853.008,,332.509,341.470,
1527953.005,,331.586,340.099,
1528053.000,,329.287,338.989,
1528153.002,,329.989,340.686,
1528252.996,,331.622,339.423,
1528352.994,,332.211,337.140,
1528452.996,,332.612,335.145,
1528552.991,,331.874,334.199,
1528652.991,,329.968,350.192,
1528752.987,,329.962,352.096,
1528852.987,,330.210,349.609,
1528952.980,,329.689,345.838,
1529052.976,,330.773,349.222,
1529152.978,,331.725,343.546,
1529252.975,,333.038,338.907,
1529352.969,,332.320,334.852,
1529452.968,,332.256,332.979,
1529552.969,,331.521,334.127,
1529652.962,,329.042,336.491,
1529752.963,,330.296,348.509,
1529852.959,,332.235,350.344,
1529952.960,,331.656,345.089,
1530052.954,,332.658,341.480,
1530152.951,,332.814,340.509,
1530252.948,,332.364,338.195,
1530352.951,,332.600,336.912,
1530452.947,,332.773,335.966,
1530552.942,,332.463,337.342,
1530652.940,,332.032,337.802,
1530752.942,,332.207,341.017,
1530852.936,,332.953,342.992,
1530952.932,,331.471,340.638,
1531052.932,,329.730,341.912,
1531152.934,,328.478,339.955,
1531252.927,,328.733,336.511,
1531352.929,,327.945,335.046,
1531452.922,,328.785,347.797,
1531552.921,,327.798,349.005,
1531652.916,,327.720,347.125,
1531752.917,,328.160,340.151,
1531852.914,,329.058,334.422,
1531952.912,,326.667,333.418,
1532052.906,,328.013,339.086,
1532152.906,,329.432,341.688,
1532252.907,,327.416,354.222,
1532352.901,,328.899,348.224,
1532452.901,,329.562,351.801,
1532552.899,,327.444,346.913,
1532652.894,,329.782,342.210,
1532752.896,,327.522,339.228,
1532852.888,,328.179,335.824,
1532952.889,,327.670,333.492,
1533052.885,,326.982,335.322,
1533152.883,,328.602,336.507,
1533252.881,,327.289,336.085,
1533352.882,,328.515,328.717,
1533452.877,,329.380,327.220,
1533552.877,,326.930,328.941,
1533652.875,,331.284,336.335,
1533752.872,,333.659,340.058,
1533852.865,,335.346,338.105,
1533952.862,,335.300,333.040,
1534052.863,,334.784,330.818,
1534152.862,,333.346,332.212,
1534252.855,,333.820,340.923,
1534352.858,,335.048,353.688,
1534452.854,,335.724,347.952,
1534552.854,,335.655,342.741,
1534652.851,,335.199,339.442,
1534752.845,,334.942,335.936,
1534852.841,,333.802,335.186,
1534952.845,,333.743,340.131,
1535052.842,,333.755,337.682,
1535152.834,,333.026,334.092,
1535252.833,,331.463,331.611,
1535352.836,,332.465,332.219,
1535452.830,,331.515,329.844,
1535552.829,,332.534,328.487,
1535652.826,,330.738,330.261,
1535752.826,,328.927,332.231,
1535852.822,,329.325,339.722,
1535952.816,,329.347,343.896,
1536052.812,,328.583,346.540,
1536152.811,,329.157,343.751,
1536252.811,,329.916,344.289,
1536352.802,,332.113,345.434,
1536452.802,,331.283,344.206,
1536552.800,,331.877,343.432,
1536652.798,,331.548,343.240,
1536752.792,,329.100,340.253,
1536852.786,,329.322,337.257,
1536952.787,,330.716,337.434,
1537052.781,,333.174,337.673,
1537152.775,,332.007,336.352,
1537252.772,,329.643,331.945,
1537352.774,,329.292,339.034,
1537452.765,,330.241,344.642,
1537552.766,,333.687,349.042,
1537652.762,,331.486,347.341,
1537752.761,,331.346,340.539,
1537852.752,,329.933,341.526,
1537952.749,,329.664,345.217,
1538052.751,,331.271,346.636,
1538152.744,,332.018,343.392,
1538252.740,,332.050,338.249,
1538352.738,,329.814,335.063,
1538452.735,,329.864,345.421,
1538552.731,,329.690,344.663,
1538652.727,,330.046,348.185,
1538752.726,,331.165,344.189,
1538852.722,,329.302,343.643,
1538952.721,,329.534,342.897,
1539052.717,,329.004,338.972,
1539152.710,,330.839,341.297,
1539252.710,,333.901,340.582,
1539352.703,,330.998,335.884,
1539452.704,,330.813,338.281,
1539552.696,,331.714,337.657,
1539652.697,,331.299,334.860,
1539752.691,,329.910,332.109,
1539852.688,,329.193,333.847,
1539952.687,,331.787,332.331,
1540052.685,,332.528,330.736,
1540152.681,,331.367,330.021,
1540252.676,,329.506,337.908,
1540352.673,,330.860,342.601,
1540452.671,,331.301,338.630,
1540552.665,,331.563,334.912,
1540652.665,,330.227,332.147,
1540752.658,,331.176,333.781,
1540852.658,,331.743,335.721,
1540952.654,,331.132,330.093,
1541052.653,,329.088,329.652,
1541152.646,,329.616,341.121,
1541252.646,,329.364,354.259,
1541352.641,,330.861,353.175,
1541452.638,,331.930,346.016,
1541552.632,,332.076,341.065,
1541652.633,,332.661,337.028,
1541752.625,,331.838,332.467,
1541852.621,,330.725,331.714,
1541952.622,,328.861,333.431,
1542052.619,,331.264,332.540,
1542152.611,,329.823,334.564,
1542252.612,,330.250,332.518,
1542352.608,,328.422,333.823,
1542452.606,,329.462,339.118,
1542552.599,,329.304,342.526,
1542652.594,,329.245,339.804,
1542752.592,,330.502,348.503,
1542852.590,,331.458,345.568,
1542952.587,,332.253,343.259,
1543052.581,,331.738,345.129,
1543152.580,,330.017,343.527,
1543252.575,,329.355,345.606,
1543352.572,,329.599,344.380,
1543452.570,,330.282,346.373,
1543552.569,,331.357,342.703,
1543652.565,,331.190,340.924,
1543752.560,,330.710,343.230,
1543852.559,,331.068,341.136,
1543952.552,,328.713,340.495,
1544052.548,,330.497,339.584,
1544152.552,,330.496,337.808,
1544252.545,,334.719,335.679,
1544352.546,,333.006,332.716,
1544452.540,,330.968,327.561,
1544552.537,,329.901,329.071,
1544652.534,,332.167,330.562,
1544752.531,,331.155,333.891,
1544852.529,,330.865,338.431,
1544952.524,,330.834,337.955,
1545052.522,,333.922,337.431,
1545152.516,,333.847,335.929,
1545252.518,,333.568,332.874,
1545352.516,,332.379,329.703,
1545452.508,,331.876,327.843,
1545552.505,,331.747,328.294,
1545652.501,,330.930,326.519,
1545752.501,,331.718,331.085,
1545852.500,,331.273,333.723,
1545952.495,,328.875,333.038,
1546052.496,,329.580,332.669,
1546152.488,,329.914,336.209,
1546252.484,,328.989,336.481,
1546352.488,,331.401,336.023,
1546452.483,,331.303,332.843,
1546552.480,,331.303,328.560,
1546652.479,,329.157,325.660,
1546752.475,,330.251,331.457,
1546852.468,,329.696,339.606,
1546952.468,,331.334,341.705,
1547052.464,,331.826,341.016,
1547152.463,,331.492,341.946,
1547252.460,,330.984,342.073,
1547352.454,,328.828,338.367,
1547452.451,,328.669,339.776,
1547552.448,,329.960,338.373,
1547652.444,,330.015,337.412,
1547752.445,,331.419,337.565,
1547852.444,,333.091,340.462,
1547952.438,,332.681,335.686,
1548052.436,,332.006,333.464,
1548152.430,,331.385,334.940,
1548252.432,,331.945,337.567,
1548352.429,,328.683,335.629,
1548452.426,,329.741,332.443,
1548552.419,,330.800,331.977,
1548652.421,,332.451,335.859,
1548752.413,,332.495,334.004,
1548852.412,,332.002,334.144,
1548952.411,,331.112,333.404,
1549052.409,,329.531,332.760,
1549152.405,,330.245,333.248,
1549252.399,,329.552,333.480,
1549352.396,,333.144,334.723,
1549452.391,,332.548,334.421,
1549552.394,,331.974,339.893,
1549652.388,,332.502,343.411,
1549752.388,,330.721,340.575,
1549852.383,,331.634,337.774,
1549952.382,,331.424,333.544,
1550052.376,,331.665,335.356,
1550152.376,,331.650,335.116,
1550252.373,,330.095,334.867,
1550352.371,,329.899,332.828,
1550452.368,,329.687,331.161,
1550552.360,,329.527,331.701,
1550652.362,,329.508,330.743,
1550752.358,,331.036,333.095,
1550852.357,,330.514,331.263,
1550952.350,,331.451,331.515,
1551052.350,,332.013,337.826,
1551152.346,,330.333,342.758,
1551252.344,,330.633,344.593,
1551352.341,,330.452,341.595,
1551452.336,,330.363,343.074,
1551552.337,,329.816,350.222,
1551652.332,,329.854,346.095,
1551752.326,,330.219,342.812,
1551852.322,,330.637,337.146,
1551952.324,,330.207,332.069,
1552052.318,,329.815,329.537,
1552152.317,,329.892,330.032,
1552252.316,,330.302,330.138,
1552352.314,,331.153,331.639,
1552452.311,,330.710,328.793,
1552552.306,,330.153,329.809,
1552652.302,,330.223,347.507,
1552752.297,,329.679,346.868,
1552852.295,,330.629,348.770,
1552952.296,,331.812,344.111,
1553052.288,,334.070,339.940,
1553152.286,,334.028,336.815,
1553252.285,,330.651,332.802,
1553352.281,,329.786,332.107,
1553452.282,,331.435,344.416,
1553552.278,,333.061,344.052,
1553652.276,,332.527,339.335,
1553752.272,,333.187,339.178,
1553852.266,,333.315,342.139,
1553952.267,,333.809,341.308,
1554052.260,,332.653,338.234,
1554152.262,,333.540,338.064,
1554252.259,,334.503,343.050,
1554352.255,,335.107,344.937,
1554452.254,,334.638,344.979,
1554552.250,,334.983,340.934,
1554652.246,,334.401,337.822,
1554752.244,,333.255,338.672,
1554852.238,,334.681,338.896,
1554952.235,,333.266,333.154,
1555052.238,,331.512,330.062,
1555152.231,,331.600,329.510,
1555252.229,,331.912,329.137,
1555352.224,,333.064,332.288,
1555452.225,,333.244,332.932,
1555552.223,,332.992,333.746,
1555652.215,,332.490,333.419,
1555752.218,,328.696,331.940,
1555852.211,,330.516,337.969,
1555952.206,,330.730,340.437,
1556052.203,,329.925,340.341,
1556152.204,,329.302,335.941,
1556252.198,,330.933,347.936,
1556352.199,,332.170,355.552,
1556452.194,,331.581,353.190,
1556552.195,,331.529,349.125,
1556652.188,,333.373,350.949,
1556752.187,,333.577,350.189,
1556852.181,,333.402,343.251,
1556952.180,,332.964,339.172,
1557052.176,,333.627,337.182,
1557152.177,,333.676,332.854,
1557252.175,,332.330,330.505,
1557352.167,,332.244,330.936,
1557452.165,,332.180,333.946,
1557552.165,,331.769,335.023,
1557652.159,,333.378,333.670,
1557752.156,,333.706,333.161,
1557852.157,,334.027,332.813,
1557952.151,,333.079,327.271,
1558052.149,,328.197,327.127,
1558152.148,,330.080,331.840,
1558252.144,,330.990,338.066,
1558352.138,,331.515,335.293,
1558452.139,,332.346,331.157,
1558552.136,,329.377,329.123,
1558652.131,,331.118,332.733,
1558752.132,,332.010,332.509,
1558852.127,,331.288,332.750,
1558952.123,,331.531,333.352,
1559052.120,,331.784,331.211,
1559152.119,,332.047,329.476,
1559252.118,,331.842,329.752,
1559352.109,,332.236,328.631,
1559452.107,,332.102,328.230,
1559552.106,,332.738,326.619,
1559652.102,,332.805,327.577,
1559752.102,,333.036,332.198,
1559852.097,,333.875,335.413,
1559952.097,,333.538,333.882,
1560052.092,,332.274,331.999,
1560152.089,,332.773,329.963,
1560252.085,,329.757,327.895,
1560352.083,,331.411,335.490,
1560452.082,,330.022,343.546,
1560552.075,,330.900,342.671,
1560652.076,,332.167,342.785,
1560752.071,,332.293,340.817,
1560852.065,,332.809,340.933,
1560952.067,,331.065,335.807,
1561052.058,,329.993,336.236,
1561152.061,,331.633,340.328,
1561252.054,,331.672,344.135,
1561352.054,,331.470,342.568,
1561452.048,,332.675,339.343,
1561552.046,,332.149,342.376,
1561652.043,,331.488,337.994,
1561752.038,,329.727,337.608,
1561852.035,,330.561,339.994,
1561952.033,,331.330,339.753,
1562052.027,,330.725,336.684,
1562152.025,,331.814,341.346,
1562252.024,,332.532,341.380,
1562352.021,,331.177,342.215,
1562452.020,,332.207,343.913,
1562552.016,,329.454,341.300,
1562652.014,,329.981,338.569,
1562752.008,,329.886,340.962,
1562852.002,,331.756,340.100,
1562952.003,,332.240,336.321,
1563052.001,,331.574,337.793,
1563151.994,,329.644,334.702,
1563251.992,,330.396,333.250,
1563351.987,,330.529,340.165,
1563451.985,,331.730,343.041,
1563551.986,,331.405,346.173,
1563651.982,,332.063,349.368,
1563751.976,,332.249,344.106,
1563851.972,,330.835,343.277,
1563951.970,,332.639,347.386,
1564051.970,,333.213,343.995,
1564151.963,,333.808,340.284,
1564251.962,,333.858,333.959,
1564351.962,,329.436,333.361,
1564451.958,,330.435,336.917,
1564551.956,,331.856,336.930,
1564651.948,,331.688,334.527,
1564751.949,,331.899,332.156,
1564851.944,,332.340,330.182,
1564951.939,,331.900,327.805,
1565051.937,,329.359,330.292,
1565151.934,,330.172,336.436,
1565251.931,,329.831,338.806,
1565351.925,,331.182,337.896,
1565451.928,,331.239,338.613,
1565551.923,,332.612,342.010,
1565651.917,,332.129,339.870,
1565751.915,,332.085,339.247,
1565851.916,,331.717,338.196,
1565951.913,,332.384,333.019,
1566051.909,,329.527,330.159,
1566151.903,,330.535,332.782,
1566251.903,,329.799,335.279,
1566351.895,,330.319,336.458,
1566451.895,,331.512,339.614,
1566551.892,,332.992,340.523,
1566651.886,,330.083,340.949,
1566751.883,,330.926,342.744,
1566851.878,,330.380,341.086,
1566951.877,,332.962,338.011,
1567051.878,,332.207,336.140,
1567151.869,,331.344,336.917,
1567251.870,,331.462,335.691,
1567351.864,,329.341,333.661,
1567451.860,,329.940,335.003,
1567551.859,,330.041,338.614,
1567651.858,,329.925,337.864,
1567751.855,,330.632,336.704,
1567851.850,,331.407,339.371,
1567951.851,,333.694,342.874,
1568051.845,,329.899,348.375,
1568151.842,,330.412,349.464,
1568251.842,,330.731,350.568,
1568351.838,,330.804,344.042,
1568451.832,,332.042,341.837,
1568551.830,,331.416,339.989,
1568651.827,,331.441,340.886,
1568751.823,,331.414,337.075,
1568851.819,,330.959,333.520,
1568951.817,,330.142,335.659,
1569051.814,,331.569,337.827,
1569151.815,,334.074,338.174,
1569251.814,,331.355,340.000,
1569351.809,,332.276,338.697,
1569451.808,,330.356,337.514,
1569551.800,,331.009,339.201,
1569651.801,,331.085,341.886,
1569751.798,,332.424,340.817,
1569851.796,,331.085,339.773,
1569951.788,,331.017,338.419,
1570051.787,,331.635,349.545,
1570151.788,,331.914,353.770,
1570251.784,,331.594,350.195,
1570351.781,,331.830,346.147,
1570451.776,,335.309,343.424,
1570551.772,,332.640,339.771,
1570651.771,,330.222,338.387,
1570751.768,,331.131,338.012,
1570851.769,,331.058,336.866,
1570951.762,,331.073,337.626,
1571051.763,,333.754,340.200,
1571151.760,,334.467,341.840,
1571251.755,,331.444,339.922,
1571351.754,,331.908,338.214,
1571451.752,,334.356,341.775,
1571551.749,,332.840,339.054,
1571651.741,,332.528,334.257,
1571751.741,,332.574,330.899,
1571851.739,,332.964,333.242,
1571951.738,,332.363,344.260,
1572051.733,,333.484,345.798,
1572151.727,,332.752,340.552,
1572251.729,,331.132,336.034,
1572351.727,,331.827,334.292,
1572451.724,,331.279,333.627,
1572551.717,,331.745,333.979,
1572651.715,,332.389,332.295,
1572751.710,,329.871,329.612,
1572851.709,,329.697,328.521,
1572951.706,,329.692,326.559,
1573051.705,,329.866,325.973,
1573151.700,,330.351,327.758,
1573251.702,,329.915,325.662,
1573351.693,,330.065,326.403,
1573451.693,,330.933,324.685,
1573551.694,,332.470,324.427,
1573651.688,,331.865,324.623,
1573751.683,,330.237,325.877,
1573851.685,,330.667,330.236,
1573951.678,,331.576,329.967,
1574051.677,,330.668,332.264,
1574151.674,,329.559,339.332,
1574251.670,,331.157,339.585,
1574351.667,,330.768,334.064,
1574451.664,,331.977,330.617,
1574551.665,,331.663,327.088,
1574651.659,,329.648,326.330,
1574751.655,,331.024,332.201,
1574851.655,,332.030,341.177,
1574951.655,,333.727,346.778,
1575051.650,,334.079,344.793,
1575151.646,,333.783,342.692,
1575251.643,,333.212,340.441,
1575351.638,,333.417,341.140,
1575451.638,,332.334,344.033,
1575551.634,,329.897,344.765,
1575651.631,,330.306,346.101,
1575751.629,,329.871,339.826,
1575851.626,,329.419,334.750,
1575951.620,,329.729,333.638,
1576051.613,,329.735,336.130,
1576151.608,,330.268,334.215,
1576251.609,,331.224,333.076,
1576351.604,,330.496,344.388,
1576451.597,,330.275,350.851,
1576551.592,,330.271,356.751,
1576651.587,,330.184,353.847,
1576751.583,,330.481,350.730,
1576851.579,,330.334,354.438,
1576951.572,,330.417,361.951,
1577051.570,,330.387,362.337,
1577151.559,,330.280,357.348,
1577251.556,,330.513,352.169,
1577351.549,,330.402,350.882,
1577451.550,,330.566,349.360,
1577551.545,,330.432,352.608,
1577651.535,,330.121,352.979,
1577751.534,,330.190,348.637,
1577851.526,,330.162,345.179,
1577951.522,,330.004,340.526,
1578051.514,,329.972,336.251,
1578151.508,,330.712,332.855,
1578251.505,,330.603,335.336,
1578351.498,,329.878,340.312,
1578451.497,,329.398,341.757,
1578551.494,,329.417,348.350,
1578651.483,,329.362,347.179,
1578751.480,,329.347,345.968,
1578851.473,,329.846,352.810,
1578951.470,,329.970,352.073,
1579051.467,,330.010,350.742,
1579151.459,,330.473,348.731,
1579251.454,,330.113,345.036,
1579351.449,,330.150,340.478,
1579451.443,,330.599,336.195,
1579551.441,,329.939,334.308,
1579651.435,,330.061,333.370,
1579751.432,,330.776,333.712,
1579851.424,,330.433,336.573,
1579951.418,,329.653,334.274,
1580051.414,,329.841,333.564,
1580151.410,,330.107,337.947,
1580251.407,,329.998,338.829,
1580351.398,,330.209,338.931,
1580451.393,,330.444,336.357,
1580551.389,,330.009,338.860,
1580651.388,,330.375,336.418,
1580751.382,,330.184,333.414,
1580851.376,,329.405,332.821,
1580951.370,,329.388,331.719,
1581051.366,,330.047,328.398,
1581151.362,,330.370,326.526,
1581251.357,,330.229,325.064,
1581351.348,,330.379,324.770,
1581451.343,,331.029,323.361,
1581551.339,,330.573,321.837,
1581651.334,,331.025,322.508,
1581751.334,,330.466,322.979,
1581851.327,,330.348,336.134,
1581951.321,,329.766,343.458,
1582051.313,,329.690,349.811,
1582151.312,,329.411,355.646,
1582251.309,,329.537,355.459,
1582351.301,,329.711,350.509,
1582451.293,,330.124,343.252,
1582551.290,,330.394,337.963,
1582651.286,,330.056,334.504,
1582751.281,,330.081,332.708,
1582851.278,,330.501,336.200,
1582951.268,,329.859,341.862,
1583051.267,,329.967,339.548,
1583151.257,,330.152,335.247,
1583251.252,,330.344,331.326,
1583351.251,,330.407,328.444,
1583451.245,,329.970,329.746,
1583551.242,,329.958,329.083,
1583651.237,,330.384,331.537,
1583751.230,,329.919,335.836,
1583851.227,,330.059,338.626,
1583951.225,,330.060,335.548,
1584051.222,,329.608,338.500,
1584151.222,,328.968,343.662,
1584251.222,,328.777,339.790,
1584351.215,,328.743,336.321,
1584451.216,,328.999,335.088,
1584551.216,,329.101,332.961,
1584651.213,,329.283,329.548,
1584751.210,,329.610,328.749,
1584851.213,,329.023,327.792,
1584951.210,,328.796,328.257,
1585051.210,,328.478,330.035,
1585151.207,,330.178,328.609,
1585251.201,,330.399,329.089,
1585351.201,,329.646,331.009,
1585451.204,,330.021,335.644,
1585551.200,,330.562,347.985,
1585651.195,,331.029,350.168,
1585751.194,,330.770,345.503,
1585851.196,,331.384,340.997,
1585951.195,,330.699,339.088,
1586051.194,,331.087,339.219,
1586151.193,,330.492,340.729,
1586251.190,,330.522,343.011,
1586351.188,,330.513,339.605,
1586451.184,,329.829,336.972,
1586551.183,,331.040,335.157,
1586651.184,,330.820,334.308,
1586751.179,,330.201,335.248,
1586851.183,,330.797,335.814,
1586951.182,,329.318,339.046,
1587051.174,,330.274,339.147,
1587151.177,,330.247,334.683,
1587251.174,,331.452,332.685,
1587351.171,,331.019,332.829,
1587451.173,,331.658,329.794,
1587551.170,,331.179,330.179,
1587651.166,,331.133,331.613,
1587751.166,,330.716,331.387,
1587851.163,,331.227,331.869,
1587951.164,,330.987,333.507,
1588051.161,,331.948,332.214,
1588151.160,,331.112,329.869,
1588251.159,,331.472,329.230,
1588351.157,,330.949,327.567,
1588451.154,,331.292,329.105,
1588551.158,,331.284,326.785,
1588651.155,,331.561,325.972,
1588751.149,,331.540,328.023,
1588851.151,,332.229,334.484,
1588951.151,,331.674,341.333,
1589051.147,,331.776,340.038,
1589151.144,,331.590,337.973,
1589251.148,,333.007,337.209,
1589351.146,,334.969,336.679,
1589451.140,,334.991,338.025,
1589551.137,,335.064,337.343,
1589651.137,,334.174,339.598,
1589751.138,,334.160,339.399,
1589851.136,,334.027,339.413,
1589951.137,,334.637,336.721,
1590051.132,,333.836,335.967,
1590151.134,,334.075,337.693,
1590251.131,,333.847,335.639,
1590351.125,,333.994,339.245,
1590451.127,,333.409,346.715,
1590551.126,,333.097,347.465,
1590651.126,,333.368,349.303,
1590751.120,,333.607,347.480,
1590851.121,,333.809,349.676,
1590951.119,,333.462,349.636,
1591051.122,,333.629,349.011,
1591151.119,,333.735,348.918,
1591251.116,,334.664,345.028,
1591351.111,,334.608,341.857,
1591451.116,,334.131,337.639,
1591551.111,,333.656,334.971,
1591651.108,,334.070,334.555,
1591751.108,,335.336,333.955,
1591851.107,,335.871,334.320,
1591951.105,,334.790,340.363,
1592051.096,,333.531,343.895,
1592151.094,,333.593,339.551,
1592251.091,,333.415,335.716,
1592351.083,,333.396,336.708,
1592451.080,,333.500,339.973,
1592551.075,,333.484,345.510,
1592651.067,,333.482,359.534,
1592751.066,,333.268,364.658,
1592851.058,,333.132,362.768,
1592951.055,,332.735,386.832,
1593051.054,,333.048,380.231,
1593151.046,,332.831,373.842,
1593251.045,,332.897,364.351,
1593351.038,,333.254,355.972,
1593451.030,,332.889,348.693,
1593551.032,,332.272,345.231,
1593651.022,,333.988,346.173,
1593751.019,,333.468,341.540,
1593851.016,,332.203,341.071,
1593951.008,,332.284,338.382,
1594051.003,,332.629,338.739,
1594151.003,,332.398,337.985,
1594250.997,,331.807,339.708,
1594350.988,,332.247,338.777,
1594450.984,,332.036,337.838,
1594550.979,,332.729,338.922,
1594650.978,,332.505,341.383,
1594750.970,,332.559,359.096,
1594850.968,,332.195,360.631,
1594950.967,,332.234,363.172,
1595050.956,,332.658,382.730,
1595150.955,,332.176,390.138,
1595250.953,,333.043,387.634,
1595350.943,,334.388,376.078,
1595450.939,,334.523,384.289,
1595550.935,,333.526,409.759,
1595650.932,,332.785,417.343,
1595750.924,,332.868,415.002,
1595850.922,,331.911,397.096,
1595950.917,,332.759,380.600,
1596050.916,,332.978,369.113,
1596150.911,,332.964,364.954,
1596250.903,,332.989,360.851,
1596350.900,,333.738,354.202,
1596450.892,,333.429,351.841,
1596550.892,,334.156,347.007,
1596650.886,,333.369,343.641,
1596750.882,,333.115,344.173,
1596850.875,,331.844,353.144,
1596950.871,,333.844,349.200,
1597050.868,,332.678,344.802,
1597150.863,,331.835,343.881,
1597250.858,,331.815,342.357,
1597350.852,,331.829,339.690,
1597450.846,,332.024,335.907,
1597550.841,,332.610,334.875,
1597650.837,,331.566,331.794,
1597750.834,,331.075,330.118,
1597850.832,,330.931,328.102,
1597950.823,,331.661,328.103,
1598050.823,,332.979,329.573,
1598150.816,,332.965,333.483,
1598250.812,,333.303,338.693,
1598350.804,,332.952,338.016,
1598450.800,,332.800,335.935,
1598550.796,,332.931,334.323,
1598650.791,,332.678,332.361,
1598750.792,,332.881,331.120,
1598850.786,,333.078,332.536,
1598950.778,,334.941,340.065,
1599050.779,,333.504,352.311,
1599150.769,,333.178,356.312,
1599250.766,,333.951,353.296,
1599350.761,,334.119,364.990,
1599450.759,,333.473,360.595,
1599550.751,,333.397,355.138,
1599650.745,,332.800,352.090,
1599750.746,,332.624,344.836,
1599850.738,,331.763,338.722,
1599950.739,,331.588,336.549,
1600050.730,,332.369,334.988,
1600150.728,,332.721,335.739,
1600250.725,,334.165,334.350,
1600350.725,,333.242,333.332,
1600450.720,,335.223,333.590,
1600550.721,,335.454,331.651,
1600650.715,,333.895,328.680,
1600750.716,,333.619,330.345,
1600850.712,,335.793,334.007,
1600950.706,,335.030,331.201,
1601050.708,,334.031,330.745,
1601150.704,,333.081,332.997,
1601250.703,,333.010,334.453,
1601350.696,,333.280,337.828,
1601450.698,,333.519,338.173,
1601550.692,,333.129,336.223,
1601650.690,,333.065,341.156,
1601750.686,,334.760,345.284,
1601850.688,,332.957,343.138,
1601950.686,,332.719,341.891,
1602050.679,,332.388,337.394,
1602150.675,,332.632,334.774,
1602250.678,,333.239,335.198,
1602350.673,,334.184,338.266,
1602450.672,,332.730,338.137,
1602550.666,,332.989,336.191,
1602650.663,,331.738,336.285,
1602750.663,,331.847,335.416,
1602850.659,,331.888,334.632,
1602950.658,,332.337,336.072,
1603050.656,,332.831,332.468,
1603150.651,,332.025,330.384,
1603250.645,,332.346,332.521,
1603350.648,,332.361,335.773,
1603450.643,,332.249,339.645,
1603550.642,,331.961,338.463,
1603650.641,,331.441,340.934,
1603750.633,,333.703,342.907,
1603850.631,,333.348,341.773,
1603950.629,,333.530,343.748,
1604050.629,,332.361,337.623,
1604150.626,,332.653,335.705,
1604250.622,,332.058,349.161,
1604350.618,,332.890,356.923,
1604450.615,,333.143,351.523,
1604550.613,,331.116,348.627,
1604650.611,,331.694,344.797,
1604750.613,,332.083,341.221,
1604850.607,,334.291,340.151,
1604950.603,,335.036,338.958,
1605050.604,,334.069,338.225,
1605150.595,,333.896,345.230,
1605250.594,,333.335,363.902,
1605350.592,,333.430,358.235,
1605450.591,,333.993,353.357,
1605550.585,,333.416,352.079,
1605650.585,,333.192,348.350,
1605750.585,,332.895,347.221,
1605850.583,,333.042,344.963,
1605950.580,,333.504,341.841,
1606050.573,,333.394,339.465,
1606150.573,,333.417,335.699,
1606250.570,,333.661,334.869,
1606350.566,,332.703,336.877,
1606450.562,,332.303,340.143,
1606550.558,,333.668,338.996,
1606650.556,,333.050,338.917,
1606750.557,,332.329,340.465,
1606850.552,,332.834,348.114,
1606950.552,,332.898,352.082,
1607050.544,,332.826,349.129,
1607150.543,,332.470,349.101,
1607250.540,,331.411,345.650,
1607350.540,,331.775,349.873,
1607450.539,,332.393,349.403,
1607550.534,,333.629,344.217,
1607650.532,,332.418,341.929,
1607750.530,,332.710,341.330,
1607850.527,,332.848,344.847,
1607950.524,,332.399,344.917,
1608050.523,,332.673,352.604,
1608150.520,,332.345,358.349,
1608250.518,,332.579,361.150,
1608350.520,,332.098,353.811,
1608450.514,,333.036,349.548,
1608550.517,,334.337,346.578,
1608650.513,,333.632,343.656,
1608750.510,,334.210,339.885,
1608850.506,,334.025,336.108,
1608950.507,,332.852,336.178,
1609050.504,,335.191,339.918,
1609150.501,,334.251,342.127,
1609250.505,,333.104,344.019,
1609350.499,,331.504,342.539,
1609450.496,,331.835,339.588,
1609550.499,,332.473,339.470,
1609650.494,,332.861,339.673,
1609750.495,,332.507,341.297,
1609850.494,,332.378,340.732,
1609950.490,,332.547,339.297,
1610050.490,,332.610,340.051,
1610150.485,,335.077,339.341,
1610250.485,,334.635,336.828,
1610350.483,,333.589,336.760,
1610450.483,,332.133,335.600,
1610550.482,,332.566,334.822,
1610650.474,,333.120,335.038,
1610750.478,,333.343,335.606,
1610850.473,,332.779,335.933,
1610950.475,,332.568,333.894,
1611050.469,,332.525,335.832,
1611150.471,,331.847,336.968,
1611250.465,,332.289,338.799,
1611350.468,,331.751,340.229,
1611450.466,,331.780,341.315,
1611550.461,,332.165,338.953,
1611650.461,,332.549,336.583,
1611750.455,,333.212,356.973,
1611850.458,,332.550,370.973,
1611950.457,,331.796,371.352,
1612050.456,,332.134,378.476,
1612150.453,,332.585,372.059,
1612250.452,,332.690,364.287,
1612350.446,,335.070,355.585,
1612450.448,,333.541,350.157,
1612550.445,,333.578,352.544,
1612650.443,,334.335,347.363,
1612750.438,,333.369,342.973,
1612850.437,,333.209,351.794,
1612950.435,,334.899,348.852,
1613050.438,,333.731,344.581,
1613150.435,,333.084,340.592,
1613250.429,,332.852,340.699,
1613350.428,,332.743,343.117,
1613450.431,,332.819,339.259,
1613550.425,,332.976,336.957,
1613650.423,,332.291,336.371,
1613750.426,,332.425,333.238,
1613850.421,,331.472,332.915,
1613950.416,,332.705,334.321,
1614050.414,,333.515,337.714,
1614150.417,,333.536,342.081,
1614250.412,,332.985,339.139,
1614350.415,,332.547,337.347,
1614450.412,,331.366,335.865,
1614550.409,,331.529,336.303,
1614650.410,,331.321,339.104,
1614750.407,,332.808,348.754,
1614850.405,,332.636,346.709,
1614950.401,,332.197,342.341,
1615050.399,,332.041,338.477,
1615150.396,,330.301,335.918,
1615250.398,,332.205,334.412,
1615350.393,,332.812,334.571,
1615450.392,,332.790,334.759,
1615550.390,,332.311,336.411,
1615650.391,,332.290,337.379,
1615750.385,,332.804,339.957,
1615850.383,,332.725,340.953,
1615950.382,,332.523,338.674,
1616050.381,,333.477,338.177,
1616150.376,,332.875,345.598,
1616250.369,,332.621,344.094,
1616350.367,,332.771,342.910,
1616450.362,,332.933,339.599,
1616550.363,,332.592,337.526,
1616650.358,,333.030,334.864,
1616750.354,,334.217,333.605,
1616850.354,,334.304,332.014,
1616950.349,,332.630,332.760,
1617050.342,,333.492,334.508,
1617150.339,,334.521,335.835,
1617250.336,,334.708,334.067,
1617350.333,,333.014,332.269,
1617450.328,,333.067,331.493,
1617550.325,,333.536,333.162,
1617650.322,,333.309,334.776,
1617750.322,,334.043,335.131,
1617850.312,,334.092,338.123,
1617950.314,,332.810,343.191,
1618050.308,,332.346,348.651,
1618150.308,,333.627,347.273,
1618250.299,,333.219,346.471,
1618350.295,,332.202,348.842,
1618450.291,,332.177,352.362,
1618550.294,,331.884,368.351,
1618650.286,,331.698,371.016,
1618750.284,,332.218,369.613,
1618850.283,,331.038,385.888,
1618950.274,,333.411,373.320,
1619050.271,,333.130,362.225,
1619150.266,,333.124,359.751,
1619250.267,,334.203,372.128,
1619350.261,,334.306,369.659,
1619450.259,,333.180,362.480,
1619550.257,,332.980,355.048,
1619650.249,,331.909,348.152,
1619750.247,,332.456,344.015,
1619850.244,,332.294,341.453,
1619950.243,,331.760,339.785,
1620050.240,,331.659,338.942,
1620150.233,,330.771,339.945,
1620250.229,,331.242,338.599,
1620350.229,,331.724,339.415,
1620450.223,,332.133,336.379,
1620550.221,,332.691,335.613,
1620650.218,,332.229,334.720,
1620750.211,,332.052,334.073,
1620850.208,,331.890,332.809,
1620950.205,,331.870,333.389,
1621050.203,,332.032,333.762,
1621150.197,,332.088,332.562,
1621250.192,,332.541,332.144,
1621350.195,,333.228,330.404,
1621450.188,,332.792,329.965,
1621550.186,,333.002,330.606,
1621650.179,,334.677,330.400,
1621750.179,,334.413,338.613,
1621850.172,,334.323,351.747,
1621950.167,,333.462,352.554,
1622050.169,,332.744,345.941,
1622150.166,,332.670,342.287,
1622250.158,,332.371,340.676,
1622350.153,,332.341,339.300,
1622450.152,,331.620,348.788,
1622550.147,,331.906,350.066,
1622650.147,,332.813,347.104,
1622750.139,,333.372,342.054,
1622850.139,,334.497,337.428,
1622950.138,,333.548,334.316,
1623050.134,,333.915,332.059,
1623150.131,,333.862,335.331,
1623250.124,,333.364,337.146,
1623350.119,,333.327,337.244,
1623450.117,,333.769,333.626,
1623550.114,,334.422,331.647,
1623650.111,,332.797,331.966,
1623750.108,,331.317,331.125,
1623850.102,,332.141,332.179,
1623950.100,,334.021,332.927,
1624050.095,,333.061,332.695,
1624150.086,,333.631,338.202,
1624250.084,,333.220,340.957,
1624350.081,,332.555,336.011,
1624450.072,,332.094,333.553,
1624550.071,,332.415,336.575,
1624650.063,,332.666,338.687,
1624750.060,,331.689,336.281,
1624850.057,,332.438,333.075,
1624950.053,,331.381,331.474,
1625050.049,,331.264,331.211,
1625150.040,,331.273,331.573,
1625250.035,,331.686,336.036,
1625350.033,,331.710,337.801,
1625450.024,,332.165,338.606,
1625550.022,,332.905,341.270,
1625650.015,,333.927,342.454,
1625750.011,,333.224,338.591,
1625850.008,,332.423,344.096,
1625950.006,,332.025,340.797,
1626050.003,,331.923,337.353,
1626149.997,,332.279,338.300,
1626249.988,,332.246,337.381,
1626349.986,,333.072,337.189,
1626449.983,,333.537,335.132,
1626549.975,,332.660,333.756,
1626649.973,,332.816,340.241,
1626749.968,,332.989,345.913,
1626849.960,,332.989,339.420,
1626949.958,,332.125,336.052,
1627049.952,,332.221,331.883,
1627149.948,,332.087,330.924,
1627249.945,,332.725,328.579,
1627349.936,,331.763,326.635,
1627449.936,,331.533,326.974,
1627549.931,,332.107,329.119,
1627649.921,,332.255,330.040,
1627749.916,,331.621,332.992,
1627849.916,,331.557,337.810,
1627949.908,,331.300,355.250,
1628049.907,,331.472,355.509,
1628149.901,,333.410,351.252,
1628249.895,,333.818,347.200,
1628349.892,,335.467,350.224,
1628449.883,,333.921,349.073,
1628549.884,,332.964,351.027,
1628649.877,,333.668,360.310,
1628749.874,,332.604,359.642,
1628849.865,,332.668,362.373,
1628949.862,,332.725,356.538,
1629049.858,,332.691,352.010,
1629149.854,,332.312,349.262,
1629249.848,,332.968,352.325,
1629349.843,,332.321,355.219,
1629449.836,,332.300,361.897,
1629549.834,,332.411,365.834,
1629649.829,,332.434,359.358,
1629749.822,,331.063,348.710,
1629849.818,,330.629,341.968,
1629949.815,,331.138,338.943,
1630049.810,,331.710,336.355,
1630149.809,,331.971,341.588,
1630249.802,,333.828,340.066,
1630349.798,,332.502,339.721,
1630449.791,,332.125,337.074,
1630549.790,,332.990,334.675,
1630649.779,,332.810,335.192,
1630749.779,,331.991,334.391,
1630849.773,,332.441,333.648,
1630949.767,,331.583,334.610,
1631049.763,,330.890,336.734,
1631149.756,,331.025,342.304,
1631249.756,,330.561,340.036,
1631349.751,,332.912,341.089,
1631449.747,,334.022,342.279,
1631549.742,,333.814,342.697,
1631649.738,,333.835,341.958,
1631749.727,,333.445,340.221,
1631849.724,,333.824,343.104,
1631949.724,,332.342,343.144,
1632049.720,,330.270,339.198,
1632149.720,,331.368,344.876,
1632249.720,,330.751,355.738,
1632349.724,,330.784,348.689,
1632449.721,,330.588,344.439,
1632549.717,,330.519,344.580,
1632649.719,,330.480,347.205,
1632749.719,,330.221,342.535,
1632849.716,,331.366,349.652,
1632949.716,,332.004,344.426,
1633049.713,,331.920,339.978,
1633149.710,,332.019,340.264,
1633249.715,,332.832,349.525,
1633349.713,,332.276,347.440,
1633449.713,,332.000,345.065,
1633549.712,,331.961,343.710,
1633649.712,,331.797,340.099,
1633749.710,,331.983,340.167,
1633849.704,,331.494,337.688,
1633949.705,,332.414,334.659,
1634049.708,,330.270,330.658,
1634149.702,,331.595,329.628,
1634249.701,,332.174,329.438,
1634349.706,,332.971,330.366,
1634449.700,,333.407,331.148,
1634549.699,,332.831,331.932,
1634649.702,,333.634,331.844,
1634749.702,,332.418,331.190,
1634849.701,,332.918,328.805,
1634949.700,,332.547,329.467,
1635049.699,,332.687,329.516,
1635149.694,,333.864,334.151,
1635249.697,,335.250,338.918,
1635349.693,,333.063,339.984,
1635449.693,,333.020,339.204,
1635549.692,,332.589,341.453,
1635649.690,,332.243,343.244,
1635749.691,,332.211,349.461,
1635849.690,,332.497,371.996,
1635949.690,,331.922,361.289,
1636049.689,,332.573,351.576,
1636149.683,,332.388,345.466,
1636249.684,,331.791,345.578,
1636349.685,,330.377,342.816,
1636449.684,,330.939,337.953,
1636549.680,,331.044,359.844,
1636649.683,,330.042,356.562,
1636749.678,,329.646,347.654,
1636849.684,,330.399,341.693,
1636949.678,,330.775,340.957,
1637049.681,,330.372,338.986,
1637149.679,,330.182,337.443,
1637249.676,,330.232,335.459,
1637349.677,,330.662,336.347,
1637449.677,,330.002,336.683,
1637549.676,,333.704,338.454,
1637649.670,,333.032,341.004,
1637749.674,,332.642,350.153,
1637849.668,,330.977,366.171,
1637949.674,,330.655,375.748,
1638049.669,,331.226,374.290,
1638149.672,,332.739,364.043,
1638249.669,,331.360,355.981,
1638349.667,,331.302,347.465,
1638449.664,,330.712,343.155,
1638549.667,,330.857,339.827,
1638649.661,,330.089,337.120,
1638749.667,,330.051,335.071,
1638849.661,,330.260,335.907,
1638949.660,,330.528,336.635,
1639049.658,,330.392,334.184,
1639149.662,,331.287,333.474,
1639249.657,,331.449,331.508,
1639349.661,,331.182,330.908,
1639449.659,,330.898,330.639,
1639549.653,,330.700,330.559,
1639649.653,,332.268,333.954,
1639749.654,,330.156,343.865,
1639849.654,,333.525,344.203,
1639949.651,,331.184,347.132,
1640049.647,,330.814,350.230,
1640149.648,,335.175,346.688,
1640249.644,,334.119,342.908,
1640349.638,,333.892,339.758,
1640449.638,,330.972,335.622,
1640549.633,,330.737,335.401,
1640649.627,,330.824,336.717,
1640749.626,,329.967,335.712,
1640849.625,,331.677,338.213,
1640949.618,,332.202,335.797,
1641049.614,,332.067,337.167,
1641149.616,,332.897,336.047,
1641249.609,,331.128,333.617,
1641349.610,,330.993,330.140,
1641449.606,,331.329,328.860,
1641549.603,,330.666,328.501,
1641649.600,,330.912,330.317,
1641749.596,,330.567,331.937,
1641849.593,,329.888,332.712,
1641949.588,,329.277,331.925,
1642049.583,,330.405,329.985,
1642149.582,,330.324,339.841,
1642249.575,,330.300,346.811,
1642349.575,,331.466,362.849,
1642449.574,,332.374,361.138,
1642549.570,,332.258,354.699,
1642649.563,,331.533,347.181,
1642749.562,,331.078,340.371,
1642849.557,,332.210,337.089,
1642949.557,,332.161,336.311,
1643049.555,,331.436,334.977,
1643149.548,,331.071,332.393,
1643249.545,,329.981,333.632,
1643349.547,,330.038,333.999,
1643449.544,,330.706,333.714,
1643549.541,,330.994,334.412,
1643649.533,,330.387,332.195,
1643749.533,,330.957,330.902,
1643849.526,,331.204,330.620,
1643949.527,,330.490,331.955,
1644049.523,,334.069,332.353,
1644149.518,,334.445,343.896,
1644249.515,,333.134,347.753,
1644349.512,,330.649,345.700,
1644449.510,,330.100,342.384,
1644549.510,,331.283,338.583,
1644649.502,,331.114,334.250,
1644749.501,,331.602,334.587,
1644849.495,,331.465,337.756,
1644949.493,,329.648,336.513,
1645049.493,,332.820,337.055,
1645149.491,,332.072,332.498,
1645249.482,,330.789,334.222,
1645349.482,,331.510,342.646,
1645449.479,,332.313,344.488,
1645549.472,,331.776,341.733,
1645649.472,,331.063,336.808,
1645749.469,,330.292,335.218,
1645849.465,,330.350,335.680,
1645949.462,,330.091,333.359,
1646049.461,,330.883,331.054,
1646149.457,,330.989,337.592,
1646249.451,,331.011,338.231,
1646349.449,,330.331,336.958,
1646449.446,,331.835,335.666,
1646549.445,,330.338,332.350,
1646649.442,,330.684,333.263,
1646749.436,,330.421,341.225,
1646849.431,,330.230,336.849,
1646949.429,,330.035,334.183,
1647049.430,,329.975,337.221,
1647149.424,,331.335,349.654,
1647249.425,,330.093,351.311,
1647349.415,,329.839,352.433,
1647449.413,,330.339,364.297,
1647549.411,,329.791,365.261,
1647649.407,,329.314,361.749,
1647749.406,,329.248,366.497,
1647849.401,,328.524,367.110,
1647949.397,,329.076,364.937,
1648049.398,,328.707,380.712,
1648149.391,,327.836,375.983,
1648249.387,,328.894,366.438,
1648349.384,,328.870,360.052,
1648449.384,,329.112,357.692,
1648549.376,,329.790,356.950,
1648649.371,,329.761,352.312,
1648749.369,,329.718,351.133,
1648849.368,,329.883,347.227,
1648949.363,,330.050,346.288,
1649049.356,,329.609,352.610,
1649149.357,,329.194,346.811,
1649249.354,,329.632,342.306,
1649349.347,,330.225,339.958,
1649449.347,,329.948,339.806,
1649549.338,,330.836,343.900,
1649649.339,,333.387,343.216,
1649749.333,,331.950,340.820,
1649849.333,,331.978,341.971,
1649949.329,,333.481,344.989,
1650049.322,,332.746,347.554,
1650149.321,,332.640,341.496,
1650249.314,,332.568,338.249,
1650349.313,,331.214,339.982,
1650449.305,,333.649,342.153,
1650549.302,,331.562,339.849,
1650649.303,,330.971,336.209,
1650749.297,,332.453,333.549,
1650849.297,,331.728,329.892,
1650949.291,,330.817,329.058,
1651049.287,,331.258,330.738,
1651149.281,,332.041,329.754,
1651249.277,,332.433,329.465,
1651349.274,,332.797,331.716,
1651449.275,,332.494,330.776,
1651549.266,,332.297,331.301,
1651649.264,,332.388,330.783,
1651749.258,,332.095,331.141,
1651849.258,,332.339,331.558,
1651949.251,,333.446,330.515,
1652049.249,,332.149,332.817,
1652149.245,,333.870,332.262,
1652249.243,,331.315,331.181,
1652349.240,,331.282,330.147,
1652449.233,,332.443,328.725,
1652549.235,,331.927,326.430,
1652649.229,,331.949,327.244,
1652749.228,,330.922,331.911,
1652849.222,,332.790,335.552,
1652949.216,,334.593,335.344,
1653049.211,,333.215,335.749,
1653149.212,,333.280,335.480,
1653249.204,,332.244,334.421,
1653349.206,,332.494,333.095,
1653449.199,,331.662,332.837,
1653549.198,,331.652,338.233,
1653649.194,,330.826,336.556,
1653749.187,,330.602,335.498,
1653849.186,,331.696,336.840,
1653949.179,,331.132,337.184,
1654049.178,,330.977,337.682,
1654149.173,,329.991,334.044,
1654249.169,,330.426,335.871,
1654349.167,,330.583,347.674,
1654449.161,,330.344,349.747,
1654549.160,,330.544,348.880,
1654649.154,,330.354,344.787,
1654749.154,,330.578,342.190,
1654849.148,,330.480,337.191,
1654949.147,,329.665,332.985,
1655049.143,,329.146,335.708,
1655149.141,,328.479,334.539,
1655249.137,,329.051,331.704,
1655349.128,,330.115,330.468,
1655449.128,,331.171,333.267,
1655549.120,,330.529,341.905,
1655649.119,,330.241,341.428,
1655749.115,,331.145,337.155,
1655849.112,,330.108,331.568,
1655949.109,,329.510,328.780,
1656049.103,,329.435,331.144,
1656149.101,,329.519,332.114,
1656249.099,,329.889,329.132,
1656349.094,,329.764,327.515,
1656449.095,,330.319,328.371,
1656549.087,,331.408,327.530,
1656649.087,,331.842,327.757,
1656749.084,,330.346,329.349,
1656849.078,,330.991,329.496,
1656949.075,,331.238,326.978,
1657049.076,,332.281,328.178,
1657149.072,,332.618,330.463,
1657249.065,,333.278,335.763,
1657349.060,,331.474,336.157,
1657449.061,,331.680,336.814,
1657549.054,,331.920,336.520,
1657649.057,,331.521,342.720,
1657749.052,,332.686,343.781,
1657849.048,,332.582,337.620,
1657949.044,,331.100,334.643,
1658049.041,,330.167,333.324,
1658149.037,,329.710,331.456,
1658249.031,,330.643,331.325,
1658349.034,,330.740,330.892,
1658449.027,,330.665,336.455,
1658549.024,,330.425,339.420,
1658649.019,,330.442,341.120,
1658749.014,,330.668,337.187,
1658849.013,,330.611,336.085,
1658949.010,,329.836,342.073,
1659049.007,,329.886,340.985,
1659149.004,,330.274,339.409,
1659249.001,,330.621,343.076,
1659348.998,,331.072,341.637,
1659448.997,,331.083,339.392,
1659548.994,,331.532,341.365,
1659648.986,,332.612,339.770,
1659748.982,,332.559,337.014,
1659848.984,,332.668,336.086,
1659948.977,,331.871,334.188,
1660048.975,,332.110,332.265,
1660148.973,,332.033,333.545,
1660248.972,,330.707,333.594,
1660348.967,,330.787,333.697,
1660448.963,,330.423,330.088,
1660548.959,,329.923,328.248,
1660648.957,,329.620,329.866,
1660748.950,,330.394,342.390,
1660848.947,,331.663,341.774,
1660948.943,,331.522,338.831,
1661048.945,,331.204,340.350,
1661148.936,,331.034,341.779,
1661248.937,,331.397,346.886,
1661348.931,,330.748,344.712,
1661448.927,,332.568,349.381,
1661548.926,,332.154,343.458,
1661648.923,,332.355,338.471,
1661748.918,,332.544,334.993,
1661848.916,,331.725,330.511,
1661948.913,,332.328,337.531,
1662048.910,,331.077,345.602,
1662148.909,,330.564,342.213,
1662248.902,,332.650,344.898,
1662348.898,,332.801,348.132,
1662448.895,,333.146,341.404,
1662548.894,,332.787,335.831,
1662648.887,,331.864,333.176,
1662748.889,,331.764,331.058,
1662848.883,,331.414,332.549,
1662948.881,,331.685,334.562,
1663048.880,,331.815,334.659,
1663148.875,,331.734,334.679,
1663248.873,,331.619,335.478,
1663348.864,,331.020,333.747,
1663448.867,,330.354,329.512,
1663548.861,,329.941,328.871,
1663648.857,,331.424,328.128,
1663748.856,,332.350,328.655,
1663848.849,,332.303,329.534,
1663948.850,,330.947,327.086,
1664048.846,,330.242,325.265,
1664148.845,,329.244,323.335,
1664248.839,,329.440,324.739,
1664348.838,,329.524,324.302,
1664448.840,,329.330,328.330,
1664548.835,,331.331,327.649,
1664648.832,,330.148,334.502,
1664748.832,,333.011,338.070,
1664848.825,,332.091,335.756,
1664948.823,,331.897,337.849,
1665048.824,,332.009,336.824,
1665148.821,,332.313,332.832,
1665248.819,,332.484,329.787,
1665348.813,,331.603,332.277,
1665448.812,,331.107,334.245,
1665548.808,,332.428,334.883,
1665648.808,,331.533,331.369,
1665748.804,,330.172,328.130,
1665848.801,,329.345,327.547,
1665948.801,,329.864,328.558,
1666048.800,,329.994,335.281,
1666148.801,,329.801,335.784,
1666248.795,,329.474,334.159,
1666348.789,,328.957,343.712,
1666448.789,,327.976,354.804,
1666548.790,,327.548,350.253,
1666648.788,,327.446,342.201,
1666748.782,,327.655,337.382,
1666848.782,,327.742,340.843,
1666948.779,,327.682,349.442,
1667048.776,,327.755,349.873,
1667148.771,,327.273,349.492,
1667248.770,,327.725,351.447,
1667348.769,,329.364,357.606,
1667448.765,,329.277,369.895,
1667548.768,,327.991,360.366,
1667648.760,,327.779,350.620,
1667748.759,,327.253,346.762,
1667848.757,,327.690,345.733,
1667948.757,,328.478,346.759,
1668048.752,,327.931,341.714,
1668148.750,,327.120,336.963,
1668248.748,,326.789,333.563,
1668348.747,,326.982,331.025,
1668448.742,,327.861,329.282,
1668548.744,,328.676,329.082,
1668648.739,,329.472,329.978,
1668748.737,,328.772,333.222,
1668848.736,,329.605,333.876,
1668948.736,,330.367,330.940,
1669048.733,,329.451,329.951,
1669148.726,,330.365,331.924,
1669248.723,,331.175,333.836,
1669348.725,,333.728,332.315,
1669448.724,,331.037,328.332,
1669548.722,,330.335,325.393,
1669648.716,,329.153,324.038,
1669748.718,,329.425,346.625,
1669848.714,,331.637,353.129,
1669948.713,,331.865,348.439,
1670048.710,,328.842,339.098,
1670148.705,,327.575,332.575,
1670248.704,,327.329,328.290,
1670348.704,,327.659,325.437,
1670448.698,,327.063,323.498,
1670548.697,,328.290,325.547,
1670648.694,,329.077,326.198,
1670748.694,,329.384,326.006,
1670848.690,,328.837,328.503,
1670948.683,,326.689,327.306,
1671048.687,,327.638,332.708,
1671148.679,,327.284,332.894,
1671248.677,,327.090,339.780,
1671348.675,,326.833,337.071,
1671448.676,,327.514,336.862,
1671548.671,,328.160,337.939,
1671648.668,,328.663,339.334,
1671748.667,,328.688,333.655,
1671848.666,,327.876,330.346,
1671948.664,,328.695,329.188,
1672048.660,,329.232,330.114,
1672148.655,,330.071,329.698,
1672248.651,,328.906,333.286,
1672348.651,,328.710,330.965,
1672448.643,,328.538,329.530,
1672548.643,,328.777,328.757,
1672648.639,,329.370,328.035,
1672748.633,,328.258,330.686,
1672848.632,,328.517,332.716,
1672948.629,,329.375,333.133,
1673048.624,,329.148,334.399,
1673148.621,,329.056,334.798,
1673248.613,,328.975,335.175,
1673348.614,,329.701,343.824,
1673448.610,,329.090,341.622,
1673548.604,,329.026,340.724,
1673648.603,,330.151,339.761,
1673748.599,,330.940,339.664,
1673848.594,,333.242,339.678,
1673948.590,,332.977,338.154,
1674048.586,,332.970,338.212,
1674148.585,,330.782,334.799,
1674248.579,,329.937,335.460,
1674348.576,,330.966,335.553,
1674448.573,,332.490,332.879,
1674548.568,,332.100,336.169,
1674648.565,,331.912,339.708,
1674748.564,,331.740,348.248,
1674848.557,,330.247,352.170,
1674948.554,,330.609,372.471,
1675048.556,,331.134,364.433,
1675148.550,,330.296,374.276,
1675248.547,,331.349,365.988,
1675348.544,,329.960,355.567,
1675448.539,,332.318,353.221,
1675548.533,,329.310,351.878,
1675648.530,,328.905,356.130,
1675748.529,,330.250,351.520,
1675848.525,,329.819,357.841,
1675948.521,,329.772,354.789,
1676048.518,,330.473,351.371,
1676148.516,,330.064,350.397,
1676248.512,,329.340,343.455,
1676348.504,,329.042,337.503,
1676448.504,,328.641,341.304,
1676548.500,,329.773,341.005,
1676648.494,,330.211,335.656,
1676748.494,,330.064,332.320,
1676848.490,,331.698,333.319,
1676948.483,,331.321,337.568,
1677048.485,,330.848,335.973,
1677148.479,,331.139,337.003,
1677248.471,,332.403,342.823,
1677348.471,,330.879,347.464,
1677448.470,,329.945,339.734,
1677548.463,,330.445,336.781,
1677648.458,,331.018,332.354,
1677748.454,,330.660,333.776,
1677848.453,,331.115,336.930,
1677948.452,,331.280,336.180,
1678048.448,,330.607,334.103,
1678148.446,,328.943,332.733,
1678248.439,,328.816,331.108,
1678348.438,,329.256,335.485,
1678448.435,,329.011,337.819,
1678548.429,,329.805,336.010,
1678648.425,,329.555,337.238,
1678748.423,,329.187,336.865,
1678848.418,,328.663,334.691,
1678948.414,,329.177,331.933,
1679048.408,,329.604,330.416,
1679148.410,,330.169,328.164,
1679248.407,,331.262,330.027,
1679348.402,,330.842,333.955,
1679448.394,,330.877,337.970,
1679548.392,,330.525,338.953,
1679648.389,,330.757,340.712,
1679748.384,,330.402,343.099,
1679848.385,,330.678,341.971,
1679948.377,,330.840,343.105,
1680048.376,,331.025,342.290,
1680148.374,,330.345,340.583,
1680248.371,,331.228,338.339,
1680348.365,,330.958,336.979,
1680448.364,,331.430,333.831,
1680548.359,,330.552,332.912,
1680648.362,,329.387,332.385,
1680748.354,,328.968,333.398,
1680848.353,,329.525,340.194,
1680948.350,,330.376,338.788,
1681048.348,,330.162,336.970,
1681148.347,,331.382,343.283,
1681248.338,,330.879,344.338,
1681348.336,,332.437,347.216,
1681448.333,,331.899,344.359,
1681548.334,,332.717,345.258,
1681648.330,,334.352,341.319,
1681748.330,,332.752,343.126,
1681848.326,,333.262,340.548,
1681948.320,,332.854,336.046,
1682048.320,,333.835,331.801,
1682148.312,,332.138,334.731,
1682248.310,,333.087,353.946,
1682348.310,,332.500,363.557,
1682448.308,,332.787,364.421,
1682548.301,,332.214,363.977,
1682648.300,,331.723,359.504,
1682748.297,,333.630,351.742,
1682848.295,,333.299,345.326,
1682948.293,,332.284,342.927,
1683048.287,,332.852,341.707,
1683148.283,,334.083,338.244,
1683248.282,,331.396,333.634,
1683348.282,,331.991,332.857,
1683448.278,,330.755,331.231,
1683548.276,,329.481,329.220,
1683648.268,,330.749,336.924,
1683748.269,,331.251,341.265,
1683848.263,,331.652,337.235,
1683948.264,,332.926,335.378,
1684048.262,,334.314,336.192,
1684148.257,,333.651,333.241,
1684248.250,,331.584,331.304,
1684348.247,,331.206,329.534,
1684448.249,,330.527,325.673,
1684548.243,,330.159,324.409,
1684648.242,,330.036,322.833,
1684748.240,,329.976,324.713,
1684848.237,,329.981,326.778,
1684948.231,,330.303,328.634,
1685048.232,,331.045,331.177,
1685148.223,,331.422,332.348,
1685248.226,,331.003,335.122,
1685348.223,,330.864,333.017,
1685448.218,,330.383,329.732,
1685548.218,,329.895,327.878,
1685648.215,,329.888,332.600,
1685748.209,,329.595,343.855,
1685848.209,,329.860,340.659,
1685948.204,,329.743,336.548,
1686048.200,,329.426,334.659,
1686148.200,,330.360,331.827,
1686248.191,,330.861,331.129,
1686348.194,,330.900,328.536,
1686448.186,,330.983,326.112,
1686548.188,,330.346,323.946,
1686648.184,,330.262,323.684,
1686748.179,,330.476,323.236,
1686848.179,,330.037,325.028,
1686948.175,,329.900,341.335,
1687048.170,,329.739,340.718,
1687148.169,,330.583,340.217,
1687248.162,,330.620,336.430,
1687348.164,,330.008,332.303,
1687448.159,,330.072,332.362,
1687548.156,,329.665,336.865,
1687648.152,,330.258,340.673,
1687748.148,,329.077,335.738,
1687848.145,,329.079,335.099,
1687948.145,,328.629,330.575,
1688048.139,,328.888,328.136,
1688148.141,,328.050,325.862,
1688248.137,,330.586,330.353,
1688348.129,,333.363,332.838,
1688448.130,,330.260,334.212,
1688548.129,,329.196,334.240,
1688648.121,,326.576,339.140,
1688748.116,,331.698,341.547,
1688848.115,,331.183,337.750,
1688948.114,,330.802,334.619,
1689048.108,,330.405,335.337,
1689148.110,,330.620,335.781,
1689248.101,,331.032,351.208,
1689348.100,,332.247,356.686,
1689448.095,,331.895,347.584,
1689548.099,,331.869,344.991,
1689648.096,,332.101,340.609,
1689748.087,,332.237,337.247,
1689848.085,,330.583,343.131,
1689948.080,,331.259,345.224,
1690048.077,,330.942,340.141,
1690148.075,,329.640,336.101,
1690248.075,,330.548,335.233,
1690348.071,,332.497,335.078,
1690448.067,,332.895,333.778,
1690548.066,,331.925,332.540,
1690648.062,,331.409,331.713,
1690748.056,,331.332,332.677,
1690848.059,,331.536,333.485,
1690948.055,,331.697,337.872,
1691048.048,,331.127,337.084,
1691148.047,,330.584,332.027,
1691248.045,,330.161,331.810,
1691348.040,,330.876,328.963,
1691448.040,,331.149,328.897,
1691548.036,,330.821,342.281,
1691648.030,,332.568,343.017,
1691748.028,,331.239,337.930,
1691848.029,,331.755,335.382,
1691948.026,,332.225,336.742,
1692048.022,,334.233,345.028,
1692148.017,,332.389,341.957,
1692248.014,,331.979,338.611,
1692348.009,,330.955,337.004,
1692448.009,,330.578,338.002,
1692548.003,,330.301,339.319,
1692648.005,,331.469,337.169,
1692748.000,,329.860,334.027,
1692847.997,,330.200,331.612,
1692947.994,,329.789,330.668,
1693047.986,,331.294,335.287,
1693147.990,,330.893,339.631,
1693247.981,,331.323,339.435,
1693347.978,,331.111,341.062,
1693447.976,,330.992,337.118,
1693547.977,,330.805,333.987,
1693647.969,,330.372,332.424,
1693747.968,,330.562,344.235,
1693847.965,,330.554,347.417,
1693947.960,,329.888,345.073,
1694047.961,,330.195,342.880,
1694147.954,,330.308,342.906,
1694247.954,,329.507,342.304,
1694347.948,,329.866,352.640,
1694447.945,,328.884,363.282,
1694547.941,,329.135,364.045,
1694647.937,,329.271,353.789,
1694747.939,,329.262,347.264,
1694847.937,,329.355,341.126,
1694947.932,,329.577,344.841,
1695047.932,,329.255,340.738,
1695147.927,,329.142,337.159,
1695247.920,,329.796,336.685,
1695347.922,,329.617,335.339,
1695447.915,,330.885,335.235,
1695547.915,,329.406,334.456,
1695647.914,,329.719,335.476,
1695747.910,,329.981,335.160,
1695847.906,,330.096,334.890,
1695947.899,,328.993,336.573,
1696047.897,,329.268,343.930,
1696147.894,,329.232,342.180,
1696247.895,,330.034,347.070,
1696347.890,,329.622,350.262,
1696447.886,,329.748,344.912,
1696547.888,,329.738,339.502,
1696647.880,,331.135,337.863,
1696747.879,,329.936,331.976,
1696847.877,,325.242,333.429,
1696947.873,,325.027,335.135,
1697047.869,,324.891,335.660,
1697147.869,,324.416,336.175,
1697247.868,,325.137,337.233,
1697347.865,,327.598,336.829,
1697447.863,,329.063,335.385,
1697547.855,,328.885,335.272,
1697647.858,,328.916,336.134,
1697747.851,,328.579,336.887,
1697847.846,,330.743,337.655,
1697947.844,,329.232,341.112,
1698047.844,,328.397,338.361,
1698147.841,,329.837,338.958,
1698247.840,,329.166,339.318,
1698347.837,,327.648,338.310,
1698447.832,,328.778,337.948,
1698547.827,,329.090,346.562,
1698647.824,,328.159,344.543,
1698747.823,,329.464,345.908,
1698847.824,,329.088,345.626,
1698947.821,,328.568,342.122,
1699047.816,,328.956,342.222,
1699147.812,,328.393,337.749,
1699247.814,,330.159,333.212,
1699347.810,,328.793,332.334,
1699447.807,,328.707,335.322,
1699547.801,,328.979,334.584,
1699647.800,,329.244,331.946,
1699747.796,,328.907,330.594,
1699847.792,,329.030,331.466,
1699947.794,,328.205,333.507,
1700047.787,,329.300,343.192,
1700147.786,,327.732,340.487,
1700247.784,,329.453,337.494,
1700347.782,,328.771,336.364,
1700447.775,,328.158,332.562,
1700547.776,,329.054,333.179,
1700647.775,,328.940,334.204,
1700747.766,,329.272,333.728,
1700847.766,,327.660,333.091,
1700947.767,,328.029,332.255,
1701047.763,,328.599,331.945,
1701147.761,,327.830,331.785,
1701247.755,,327.418,331.867,
1701347.752,,328.193,332.429,
1701447.747,,328.423,334.564,
1701547.750,,329.179,332.462,
1701647.743,,328.583,334.301,
1701747.742,,328.671,334.273,
1701847.736,,329.165,333.981,
1701947.735,,328.320,331.996,
1702047.736,,328.850,333.156,
1702147.734,,329.263,332.766,
1702247.725,,327.272,331.627,
1702347.726,,328.614,329.779,
1702447.725,,328.722,328.659,
1702547.721,,328.135,327.031,
1702647.718,,328.750,325.763,
1702747.714,,328.217,326.609,
1702847.715,,327.482,328.296,
1702947.709,,327.482,330.346,
1703047.704,,325.303,329.625,
1703147.705,,328.887,330.689,
1703247.700,,329.248,333.599,
1703347.697,,329.374,337.238,
1703447.698,,328.685,333.964,
1703547.692,,329.619,333.796,
1703647.689,,331.384,334.986,
1703747.686,,330.686,335.434,
1703847.682,,326.338,347.327,
1703947.681,,331.228,363.425,
1704047.679,,331.638,352.891,
1704147.674,,331.009,343.634,
1704247.670,,330.066,340.846,
1704347.667,,330.623,336.307,
1704447.660,,330.268,332.189,
1704547.658,,331.437,332.130,
1704647.657,,329.899,329.730,
1704747.648,,330.252,331.490,
1704847.644,,332.650,332.085,
1704947.639,,331.893,330.465,
1705047.639,,330.911,327.070,
1705147.635,,329.225,325.024,
1705247.633,,329.740,325.173,
1705347.626,,330.185,330.987,
1705447.622,,329.798,334.954,
1705547.618,,329.938,335.930,
1705647.614,,330.767,336.974,
1705747.614,,331.807,337.308,
1705847.608,,331.128,335.408,
1705947.604,,332.488,335.172,
1706047.601,,333.462,332.768,
1706147.596,,333.518,335.312,
1706247.595,,331.910,332.809,
1706347.590,,332.597,333.346,
1706447.585,,334.343,332.157,
1706547.580,,333.149,333.383,
1706647.581,,332.761,346.166,
1706747.572,,333.879,341.358,
1706847.573,,331.464,335.456,
1706947.566,,330.387,330.818,
1707047.560,,329.716,329.133,
1707147.559,,329.953,329.177,
1707247.554,,330.287,331.583,
1707347.551,,330.891,330.073,
1707447.545,,331.532,328.130,
1707547.545,,331.510,325.985,
1707647.542,,332.225,328.536,
1707747.533,,333.159,329.585,
1707847.532,,333.578,328.287,
1707947.528,,332.928,325.621,
1708047.524,,331.413,323.711,
1708147.522,,331.258,323.831,
1708247.520,,331.620,326.511,
1708347.515,,331.113,329.266,
1708447.507,,330.566,330.139,
1708547.504,,330.018,332.925,
1708647.501,,330.230,338.301,
1708747.496,,330.802,342.067,
1708847.497,,330.552,339.960,
1708947.488,,329.769,340.328,
1709047.483,,329.991,336.660,
1709147.483,,329.999,333.575,
1709247.477,,329.016,329.239,
1709347.473,,329.566,327.502,
1709447.471,,329.325,327.543,
1709547.469,,329.670,329.079,
1709647.466,,329.999,329.686,
1709747.457,,328.974,329.079,
1709847.456,,328.930,326.271,
1709947.452,,330.342,326.428,
1710047.449,,329.535,328.998,
1710147.442,,329.455,341.788,
1710247.438,,329.141,343.599,
1710347.434,,328.964,343.472,
1710447.433,,327.255,345.993,
1710547.428,,328.176,343.726,
1710647.428,,329.007,338.389,
1710747.420,,330.141,334.220,
1710847.422,,331.539,335.207,
1710947.418,,331.961,334.114,
1711047.412,,330.714,331.458,
1711147.405,,330.893,331.818,
1711247.404,,330.320,342.030,
1711347.397,,329.354,347.491,
1711447.394,,328.909,345.724,
1711547.390,,329.441,352.436,
1711647.389,,328.944,344.005,
1711747.385,,328.286,337.821,
1711847.381,,329.826,336.509,
1711947.378,,328.943,335.240,
1712047.373,,329.065,337.217,
1712147.373,,329.903,339.822,
1712247.367,,331.832,337.669,
1712347.369,,332.177,334.233,
1712447.362,,331.836,331.157,
1712547.360,,330.819,328.537,
1712647.358,,329.944,327.365,
1712747.356,,330.732,328.094,
1712847.357,,331.296,333.042,
1712947.354,,331.408,336.350,
1713047.351,,331.178,332.811,
1713147.348,,330.286,331.752,
1713247.348,,330.233,331.356,
1713347.345,,330.473,330.328,
1713447.338,,330.422,330.780,
1713547.340,,330.596,333.444,
1713647.335,,330.744,334.133,
1713747.330,,331.391,333.822,
1713847.326,,330.606,331.627,
1713947.329,,330.224,332.320,
1714047.322,,330.291,330.912,
1714147.320,,330.542,331.405,
1714247.318,,330.368,334.390,
1714347.319,,329.860,333.224,
1714447.311,,330.271,332.864,
1714547.310,,330.690,331.920,
1714647.312,,329.989,333.735,
1714747.306,,330.654,334.585,
1714847.305,,331.143,336.016,
1714947.301,,329.699,335.502,
1715047.299,,330.024,335.461,
1715147.299,,330.452,336.906,
1715247.296,,329.392,336.669,
1715347.290,,329.576,336.505,
1715447.286,,329.461,342.529,
1715547.288,,329.660,337.096,
1715647.284,,330.045,333.271,
1715747.282,,331.112,332.314,
1715847.276,,331.039,332.966,
1715947.275,,331.009,334.337,
1716047.274,,331.782,342.582,
1716147.269,,333.056,345.702,
1716247.265,,331.165,340.244,
1716347.263,,332.003,337.704,
1716447.261,,330.997,333.912,
1716547.259,,331.780,331.711,
1716647.258,,331.551,328.380,
1716747.252,,331.282,331.974,
1716847.256,,331.757,334.710,
1716947.249,,332.138,335.913,
1717047.245,,332.087,348.649,
1717147.246,,331.762,348.705,
1717247.239,,332.255,352.490,
1717347.237,,331.729,350.964,
1717447.237,,332.789,343.047,
1717547.238,,332.370,341.080,
1717647.230,,331.844,338.357,
1717747.230,,331.979,335.522,
1717847.229,,332.046,335.075,
1717947.224,,332.478,334.292,
1718047.225,,332.763,334.203,
1718147.221,,332.624,331.230,
1718247.216,,331.273,333.243,
1718347.215,,330.699,336.612,
1718447.211,,330.531,336.746,
1718547.212,,330.384,335.680,
1718647.205,,330.515,338.454,
1718747.202,,331.610,336.605,
1718847.200,,332.343,336.407,
1718947.201,,330.913,332.814,
1719047.194,,329.926,330.170,
1719147.193,,331.694,352.896,
1719247.190,,332.547,359.501,
1719347.189,,333.340,349.887,
1719447.188,,333.374,341.171,
1719547.186,,331.314,336.601,
1719647.182,,330.813,335.017,
1719747.180,,332.087,334.221,
1719847.178,,332.921,336.891,
1719947.171,,331.346,336.269,
1720047.167,,331.300,347.400,
1720147.165,,331.557,345.567,
1720247.161,,331.885,339.898,
1720347.161,,333.386,335.602,
1720447.161,,333.581,335.639,
1720547.152,,335.762,333.730,
1720647.153,,333.379,333.311,
1720747.150,,331.891,331.794,
1720847.146,,331.175,327.723,
1720947.142,,331.299,329.565,
1721047.142,,329.317,337.998,
1721147.139,,329.415,335.907,
1721247.136,,329.640,335.205,
1721347.131,,329.956,331.359,
1721447.125,,329.041,327.964,
1721547.124,,329.377,331.781,
1721647.123,,328.919,338.956,
1721747.120,,329.835,336.482,
1721847.117,,330.669,332.244,
1721947.111,,329.686,330.054,
1722047.112,,330.636,329.522,
1722147.109,,329.429,328.709,
1722247.105,,329.746,328.296,
1722347.101,,329.868,328.965,
1722447.102,,329.253,342.864,
1722547.096,,329.469,342.771,
1722647.093,,330.560,338.761,
1722747.087,,331.322,336.647,
1722847.087,,330.998,335.288,
1722947.085,,331.399,335.113,
1723047.080,,330.266,332.543,
1723147.075,,330.937,334.889,
1723247.072,,331.546,336.612,
1723347.074,,331.854,333.579,
1723447.069,,333.322,333.432,
1723547.064,,332.511,331.080,
1723647.065,,331.610,331.246,
1723747.058,,331.601,332.860,
1723847.058,,331.898,333.730,
1723947.052,,330.991,332.579,
1724047.049,,331.169,335.835,
1724147.049,,331.751,335.928,
1724247.043,,331.510,332.492,
1724347.044,,330.243,331.739,
1724447.036,,330.552,330.006,
1724547.033,,330.281,326.159,
1724647.032,,330.033,335.650,
1724747.031,,329.292,336.140,
1724847.029,,329.101,331.876,
1724947.025,,329.251,329.285,
1725047.021,,329.433,329.609,
1725147.018,,329.578,328.560,
1725247.018,,330.496,331.565,
1725347.014,,329.987,334.111,
1725447.008,,330.586,336.875,
1725547.009,,330.477,336.423,
1725647.003,,330.444,336.561,
1725747.000,,330.188,331.851,
1725846.996,,330.354,329.927,
1725946.997,,330.034,329.053,
1726046.989,,330.214,330.632,
1726146.987,,330.166,335.033,
1726246.988,,329.961,341.993,
1726346.986,,328.784,342.265,
1726446.982,,330.582,345.773,
1726546.975,,330.410,342.004,
1726646.971,,331.781,336.947,
1726746.970,,331.414,333.359,
1726846.965,,330.595,333.024,
1726946.965,,330.147,333.094,
1727046.960,,330.556,333.968,
1727146.956,,330.475,337.011,
1727246.955,,330.644,338.966,
1727346.950,,330.744,338.008,
1727446.953,,330.434,338.706,
1727546.947,,330.341,337.650,
1727646.941,,330.617,334.365,
1727746.941,,330.505,340.603,
1727846.935,,330.681,338.604,
1727946.933,,330.337,337.400,
1728046.931,,330.430,339.345,
1728146.926,,330.037,336.796,
1728246.921,,329.823,335.400,
1728346.918,,329.439,333.552,
1728446.917,,329.474,333.697,
1728546.910,,329.149,337.072,
1728646.910,,329.113,340.442,
1728746.905,,329.135,337.202,
1728846.903,,329.846,333.124,
1728946.898,,330.161,330.907,
1729046.896,,330.297,330.604,
1729146.889,,329.495,330.841,
1729246.883,,329.502,329.714,
1729346.881,,329.190,330.191,
1729446.876,,329.055,334.423,
1729546.871,,329.474,342.254,
1729646.869,,329.265,340.288,
1729746.865,,329.815,340.776,
1729846.864,,329.688,340.337,
1729946.855,,329.695,337.000,
1730046.854,,329.593,335.334,
1730146.854,,328.889,334.183,
1730246.850,,328.818,332.178,
1730346.840,,329.274,330.178,
1730446.840,,329.308,331.438,
1730546.839,,328.387,329.111,
1730646.833,,328.739,328.935,
1730746.827,,329.866,330.761,
1730846.821,,328.235,328.926,
1730946.823,,328.248,330.427,
1731046.819,,329.650,329.589,
1731146.813,,330.459,327.883,
1731246.810,,330.454,326.431,
1731346.803,,329.684,327.857,
1731446.799,,329.545,330.425,
1731546.800,,330.480,337.636,
1731646.796,,329.526,333.016,
1731746.793,,329.761,330.870,
1731846.790,,329.779,339.910,
1731946.783,,330.902,350.372,
1732046.782,,330.842,346.928,
1732146.778,,330.263,344.517,
1732246.768,,330.028,341.891,
1732346.768,,334.172,340.420,
1732446.765,,333.485,339.314,
1732546.757,,332.158,348.799,
1732646.756,,331.107,355.117,
1732746.754,,330.650,356.306,
1732846.750,,330.626,349.903,
1732946.742,,329.665,344.166,
1733046.742,,329.693,339.036,
1733146.738,,329.862,337.331,
1733246.732,,329.152,335.761,
1733346.730,,328.748,337.448,
1733446.724,,329.285,333.676,
1733546.723,,330.062,338.878,
1733646.715,,330.320,336.501,
1733746.715,,330.550,333.724,
1733846.713,,329.508,331.438,
1733946.709,,329.193,328.279,
1734046.702,,329.117,326.130,
1734146.697,,328.895,327.023,
1734246.694,,329.452,329.401,
1734346.694,,329.750,327.578,
1734446.686,,328.982,325.681,
1734546.685,,329.190,326.417,
1734646.678,,332.187,327.845,
1734746.675,,332.206,328.212,
1734846.672,,330.258,325.487,
1734946.669,,330.373,325.065,
1735046.668,,330.777,324.330,
1735146.664,,329.963,349.549,
1735246.660,,330.004,343.294,
1735346.655,,330.903,338.835,
1735446.648,,331.082,337.205,
1735546.644,,330.004,337.797,
1735646.643,,330.033,345.460,
1735746.638,,329.173,343.967,
1735846.634,,329.560,340.516,
1735946.634,,329.955,338.175,
1736046.630,,329.867,333.755,
1736146.626,,329.074,331.255,
1736246.624,,329.061,332.509,
1736346.624,,328.840,335.884,
1736446.619,,328.632,337.187,
1736546.620,,328.677,334.917,
1736646.621,,329.418,333.381,
1736746.617,,329.355,334.865,
1736846.615,,331.951,342.155,
1736946.609,,331.034,336.973,
1737046.608,,329.940,332.449,
1737146.611,,330.020,330.824,
1737246.604,,329.529,347.733,
1737346.603,,329.392,344.356,
1737446.601,,328.554,338.849,
1737546.599,,329.254,337.232,
1737646.598,,328.270,336.068,
1737746.596,,327.836,333.118,
1737846.594,,328.288,330.776,
1737946.594,,329.184,329.588,
1738046.592,,329.274,331.913,
1738146.588,,329.336,332.585,
1738246.584,,330.037,334.490,
1738346.585,,330.038,344.354,
1738446.583,,328.724,343.217,
1738546.580,,329.601,341.447,
1738646.577,,331.125,339.824,
1738746.575,,331.142,345.231,
1738846.570,,331.911,342.544,
1738946.566,,331.412,338.021,
1739046.567,,330.915,339.442,
1739146.563,,330.791,345.320,
1739246.565,,331.548,340.023,
1739346.564,,330.293,333.974,
1739446.560,,329.121,331.183,
1739546.561,,328.438,335.737,
1739646.554,,328.305,350.144,
1739746.552,,327.564,342.286,
1739846.554,,327.655,335.275,
1739946.546,,327.934,330.839,
1740046.544,,327.929,329.820,
1740146.547,,328.228,328.916,
1740246.543,,327.839,328.208,
1740346.539,,328.296,328.175,
1740446.537,,329.303,329.064,
1740546.533,,329.386,331.569,
1740646.536,,329.272,329.936,
1740746.532,,328.522,329.435,
1740846.529,,327.702,329.466,
1740946.527,,327.477,345.888,
1741046.525,,327.027,343.651,
1741146.524,,327.403,338.637,
1741246.521,,327.735,333.658,
1741346.518,,327.926,331.167,
1741446.514,,328.347,331.157,
1741546.516,,330.594,330.523,
1741646.509,,329.816,331.084,
1741746.514,,329.894,337.884,
1741846.512,,330.964,351.783,
1741946.506,,329.824,342.837,
1742046.507,,329.611,342.253,
1742146.504,,329.852,340.165,
1742246.498,,329.737,337.398,
1742346.498,,329.305,334.466,
1742446.498,,329.792,331.522,
1742546.493,,329.750,329.245,
1742646.490,,330.073,328.295,
1742746.490,,330.369,331.904,
1742846.490,,330.162,334.955,
1742946.483,,330.438,333.357,
1743046.480,,330.273,333.432,
1743146.479,,331.939,332.749,
1743246.478,,332.342,332.721,
1743346.474,,331.636,334.372,
1743446.478,,330.973,334.699,
1743546.474,,329.750,336.966,
1743646.467,,330.341,335.972,
1743746.472,,330.093,333.485,
1743846.465,,329.545,331.009,
1743946.463,,327.883,329.588,
1744046.456,,329.020,335.194,
1744146.457,,330.401,332.056,
1744246.450,,334.120,329.156,
1744346.450,,330.353,325.498,
1744446.444,,329.067,330.314,
1744546.446,,327.906,332.873,
1744646.439,,328.617,334.085,
1744746.436,,328.145,335.574,
1744846.432,,328.744,348.202,
1744946.429,,328.577,342.959,
1745046.426,,328.674,340.134,
1745146.421,,328.225,340.016,
1745246.418,,327.751,338.262,
1745346.416,,328.803,334.718,
1745446.412,,328.696,331.876,
1745546.409,,329.301,330.660,
1745646.405,,329.140,328.103,
1745746.404,,329.051,330.120,
1745846.398,,329.226,327.343,
1745946.400,,329.317,328.050,
1746046.391,,328.509,328.803,
1746146.387,,329.551,328.520,
1746246.386,,329.324,333.044,
1746346.380,,328.889,338.748,
1746446.377,,329.457,337.516,
1746546.374,,328.684,333.449,
1746646.372,,328.697,335.561,
1746746.371,,328.791,336.269,
1746846.365,,329.573,342.420,
1746946.362,,329.238,342.513,
1747046.361,,329.368,336.510,
1747146.357,,329.550,336.953,
1747246.352,,329.772,338.988,
1747346.348,,329.660,338.220,
1747446.345,,329.553,336.417,
1747546.343,,330.848,342.946,
1747646.341,,329.870,345.755,
1747746.331,,329.267,342.946,
1747846.335,,328.967,341.063,
1747946.328,,328.318,335.150,
1748046.325,,328.101,333.025,
1748146.322,,327.761,331.829,
1748246.323,,327.137,348.882,
1748346.317,,326.419,345.100,
1748446.313,,327.157,342.089,
1748546.310,,327.217,337.439,
1748646.308,,327.532,333.801,
1748746.300,,328.732,333.393,
1748846.299,,329.419,331.869,
1748946.296,,330.822,332.019,
1749046.294,,330.560,330.775,
1749146.292,,330.823,331.232,
1749246.285,,329.022,329.015,
1749346.281,,328.046,326.717,
1749446.281,,328.090,336.504,
1749546.275,,327.890,333.639,
1749646.277,,327.013,332.397,
1749746.268,,327.248,334.694,
1749846.265,,327.615,338.155,
1749946.264,,327.784,336.243,
1750046.257,,327.199,331.504,
1750146.255,,329.301,330.225,
1750246.255,,328.563,329.518,
1750346.249,,328.811,336.394,
1750446.244,,329.175,347.970,
1750546.243,,327.791,344.880,
1750646.243,,328.647,350.281,
1750746.240,,328.668,346.467,
1750846.230,,328.549,343.158,
1750946.228,,328.684,339.227,
1751046.228,,331.280,335.558,
1751146.225,,330.317,333.473,
1751246.218,,330.083,334.503,
1751346.218,,329.433,345.824,
1751446.217,,329.136,355.517,
1751546.209,,329.361,353.932,
1751646.210,,329.799,356.400,
1751746.202,,330.787,350.056,
1751846.201,,330.316,343.035,
1751946.199,,329.571,341.268,
1752046.197,,329.399,338.173,
1752146.190,,329.672,338.303,
1752246.191,,328.887,343.182,
1752346.187,,329.816,349.730,
1752446.188,,330.581,346.760,
1752546.184,,329.082,345.225,
1752646.182,,329.139,340.350,
1752746.178,,329.884,341.251,
1752846.177,,328.969,337.979,
1752946.171,,328.491,333.700,
1753046.171,,328.626,334.653,
1753146.172,,329.059,332.432,
1753246.171,,329.031,334.599,
1753346.162,,328.749,336.926,
1753446.166,,329.490,334.798,
1753546.157,,328.743,332.507,
1753646.161,,328.598,332.095,
1753746.154,,328.668,334.323,
1753846.156,,330.256,343.920,
1753946.152,,329.509,342.106,
1754046.151,,329.809,338.976,
1754146.147,,330.178,336.825,
1754246.144,,329.865,340.419,
1754346.142,,329.245,349.523,
1754446.138,,330.054,364.661,
1754546.134,,330.414,373.494,
1754646.137,,329.263,371.712,
1754746.130,,329.782,360.756,
1754846.127,,329.930,351.790,
1754946.129,,330.755,345.073,
1755046.127,,330.578,341.506,
1755146.122,,330.227,339.898,
1755246.124,,330.660,349.838,
1755346.117,,331.789,354.635,
1755446.117,,331.178,352.662,
1755546.115,,331.988,346.929,
1755646.110,,333.105,339.816,
1755746.110,,331.025,334.147,
1755846.109,,330.163,331.567,
1755946.103,,329.714,331.328,
1756046.105,,329.163,331.004,
1756146.097,,329.555,336.383,
1756246.097,,330.742,336.122,
1756346.095,,330.158,333.834,
1756446.096,,329.223,330.632,
1756546.094,,329.412,329.590,
1756646.091,,329.648,329.078,
1756746.086,,329.033,328.079,
1756846.085,,330.152,327.404,
1756946.081,,330.020,326.655,
1757046.078,,330.793,326.880,
1757146.079,,330.516,328.417,
1757246.073,,330.734,333.199,
1757346.073,,331.382,340.649,
1757446.073,,331.457,342.977,
1757546.065,,331.566,338.364,
1757646.062,,331.193,333.852,
1757746.064,,330.859,333.098,
1757846.061,,330.645,331.906,
1757946.056,,330.281,331.925,
1758046.057,,330.430,333.070,
1758146.051,,329.875,333.739,
1758246.053,,329.867,332.069,
1758346.047,,329.347,332.444,
1758446.044,,329.454,337.236,
1758546.045,,329.691,344.535,
1758646.044,,330.189,339.321,
1758746.037,,329.750,335.111,
1758846.036,,330.150,331.010,
1758946.038,,329.978,327.915,
1759046.034,,330.142,327.780,
1759146.028,,330.783,328.061,
1759246.030,,331.654,330.263,
1759346.022,,330.540,332.153,
1759446.025,,330.169,331.878,
1759546.021,,329.322,330.087,
1759646.015,,329.693,333.184,
1759746.013,,330.130,332.981,
1759846.014,,329.844,332.536,
1759946.007,,331.167,336.619,
1760046.004,,331.661,332.717,
1760146.004,,330.200,329.340,
1760245.996,,330.133,328.306,
1760345.998,,329.256,327.021,
1760445.994,,329.656,330.247,
1760545.988,,330.018,341.152,
1760645.985,,329.054,342.732,
1760745.980,,328.329,339.092,
1760845.976,,328.857,338.726,
1760945.973,,329.956,337.804,
1761045.967,,329.313,333.211,
1761145.965,,329.702,332.198,
1761245.965,,329.532,330.191,
1761345.956,,329.866,329.772,
1761445.956,,328.982,332.172,
1761545.954,,328.747,330.091,
1761645.947,,329.215,328.079,
1761745.944,,328.414,340.583,
1761845.938,,327.504,335.300,
1761945.935,,327.835,332.879,
1762045.934,,328.469,336.132,
1762145.931,,327.834,332.080,
1762245.923,,328.533,331.841,
1762345.921,,329.268,338.310,
1762445.916,,328.972,349.037,
1762545.918,,329.353,347.118,
1762645.913,,327.977,338.187,
1762745.908,,328.455,333.978,
1762845.901,,329.032,331.278,
1762945.903,,330.281,329.777,
1763045.896,,331.527,329.402,
1763145.890,,332.189,328.622,
1763245.891,,330.645,334.714,
1763345.889,,330.853,338.701,
1763445.884,,331.700,343.190,
1763545.877,,331.789,352.394,
1763645.872,,330.770,349.276,
1763745.872,,330.510,344.125,
1763845.867,,332.173,339.855,
1763945.861,,332.868,338.028,
1764045.859,,331.482,334.710,
1764145.857,,330.190,331.859,
1764245.853,,331.045,330.157,
1764345.847,,330.908,327.666,
1764445.845,,330.119,326.168,
1764545.845,,329.363,325.971,
1764645.841,,329.876,326.449,
1764745.834,,329.683,327.948,
1764845.834,,330.857,328.186,
1764945.825,,330.937,328.080,
1765045.824,,331.162,330.265,
1765145.821,,330.855,334.331,
1765245.813,,332.180,337.317,
1765345.814,,331.149,335.615,
1765445.812,,330.469,332.178,
1765545.807,,330.685,329.698,
1765645.803,,330.078,328.047,
1765745.801,,330.562,329.335,
1765845.797,,331.530,329.277,
1765945.794,,331.259,329.146,
1766045.790,,330.585,333.685,
1766145.784,,329.977,341.572,
1766245.777,,330.273,341.867,
1766345.774,,330.342,341.646,
1766445.774,,330.551,344.327,
1766545.768,,330.289,343.880,
1766645.763,,330.281,342.003,
1766745.758,,330.343,339.369,
1766845.758,,330.049,336.527,
1766945.757,,330.256,336.646,
1767045.748,,329.932,337.099,
1767145.747,,330.334,339.698,
1767245.743,,330.148,337.165,
1767345.738,,330.367,337.815,
1767445.739,,330.102,333.948,
1767545.732,,330.533,333.181,
1767645.731,,330.461,334.452,
1767745.724,,331.093,333.623,
1767845.725,,331.468,337.308,
1767945.720,,330.615,342.312,
1768045.715,,330.677,340.972,
1768145.708,,330.560,343.299,
1768245.704,,330.267,348.070,
1768345.705,,330.755,356.840,
1768445.701,,330.372,350.133,
1768545.695,,330.771,345.834,
1768645.693,,330.863,344.973,
1768745.686,,331.253,343.925,
1768845.686,,330.613,341.562,
1768945.680,,330.904,344.254,
1769045.675,,331.334,339.391,
1769145.670,,331.704,335.622,
1769245.666,,332.271,332.388,
1769345.665,,332.171,330.142,
1769445.660,,332.662,328.904,
1769545.661,,332.239,327.735,
1769645.656,,330.948,326.977,
1769745.652,,330.145,325.605,
1769845.647,,330.346,330.870,
1769945.643,,330.547,330.969,
1770045.639,,330.405,333.816,
1770145.639,,330.509,331.888,
1770245.630,,330.625,331.725,
1770345.627,,330.483,330.780,
1770445.623,,330.326,336.084,
1770545.624,,330.172,342.646,
1770645.615,,330.466,341.135,
1770745.611,,330.668,337.656,
1770845.606,,330.086,335.614,
1770945.608,,329.486,334.067,
1771045.602,,330.870,334.529,
1771145.601,,331.244,336.192,
1771245.597,,330.584,343.632,
1771345.591,,330.133,340.349,
1771445.590,,330.672,338.543,
1771545.582,,330.233,335.444,
1771645.581,,330.487,333.029,
1771745.574,,330.404,331.344,
1771845.574,,330.037,335.707,
1771945.570,,330.039,356.937,
1772045.562,,330.528,354.853,
1772145.561,,330.844,349.103,
1772245.557,,330.776,345.939,
1772345.556,,330.329,340.851,
1772445.553,,330.861,340.090,
1772545.547,,330.858,341.904,
1772645.546,,330.514,345.864,
1772745.540,,330.495,347.505,
1772845.534,,330.927,354.302,
1772945.532,,330.429,352.782,
1773045.530,,330.236,354.283,
1773145.523,,330.695,353.514,
1773245.521,,330.073,347.019,
1773345.514,,330.539,344.663,
1773445.516,,330.715,343.325,
1773545.507,,330.811,340.575,
1773645.509,,330.943,339.199,
1773745.500,,329.937,341.266,
1773845.499,,329.590,341.680,
1773945.494,,331.392,342.480,
1774045.488,,330.953,338.303,
1774145.489,,330.940,340.839,
1774245.484,,331.184,338.987,
1774345.479,,331.211,342.001,
1774445.474,,331.323,341.817,
1774545.476,,330.847,340.795,
1774645.465,,330.771,337.791,
1774745.463,,330.662,337.493,
1774845.459,,331.037,334.827,
1774945.456,,330.969,331.473,
1775045.456,,330.139,327.633,
1775145.448,,330.407,326.272,
1775245.446,,330.314,327.303,
1775345.445,,330.643,328.912,
1775445.442,,330.617,329.466,
1775545.434,,331.961,330.473,
1775645.430,,331.905,328.998,
1775745.428,,331.651,327.799,
1775845.424,,331.186,328.758,
1775945.420,,330.953,332.227,
1776045.421,,331.213,334.775,
1776145.415,,331.154,334.399,
1776245.414,,331.157,330.347,
1776345.405,,329.498,327.411,
1776445.403,,329.741,326.006,
1776545.399,,330.542,326.361,
1776645.399,,330.332,324.935,
1776745.393,,330.475,322.802,
1776845.394,,330.282,323.841,
1776945.388,,330.319,326.595,
1777045.386,,330.262,326.835,
1777145.384,,329.885,325.628,
1777245.379,,329.605,324.396,
1777345.373,,328.342,322.678,
1777445.371,,328.838,322.729,
1777545.372,,328.500,326.726,
1777645.367,,329.396,326.032,
1777745.360,,329.819,326.112,
1777845.361,,328.652,330.126,
1777945.356,,329.288,330.098,
1778045.351,,330.228,327.452,
1778145.351,,330.930,325.079,
1778245.349,,329.913,324.100,
1778345.344,,330.247,327.312,
1778445.341,,330.479,333.408,
1778545.335,,330.280,339.686,
1778645.339,,330.144,343.448,
1778745.336,,330.525,342.298,
1778845.327,,331.777,340.393,
1778945.326,,329.796,335.674,
1779045.321,,329.577,333.311,
1779145.319,,331.288,331.615,
1779245.320,,331.682,330.237,
1779345.311,,331.979,330.912,
1779445.310,,331.712,329.800,
1779545.304,,331.765,332.082,
1779645.305,,330.816,331.374,
1779745.299,,330.624,329.919,
1779845.296,,330.516,329.333,
1779945.298,,331.682,330.606,
1780045.294,,332.365,329.807,
1780145.292,,333.896,330.030,
1780245.289,,331.607,342.966,
1780345.285,,333.342,345.654,
1780445.278,,333.479,346.131,
1780545.274,,332.881,337.333,
1780645.274,,331.492,332.796,
1780745.269,,331.445,329.805,
1780845.265,,331.347,332.309,
1780945.266,,331.299,333.210,
1781045.261,,332.016,334.328,
1781145.256,,332.077,329.930,
1781245.251,,332.194,329.910,
1781345.249,,331.699,331.888,
1781445.248,,332.193,330.880,
1781545.245,,331.788,339.479,
1781645.242,,331.535,352.575,
1781745.239,,331.760,353.325,
1781845.233,,331.623,348.298,
1781945.233,,331.984,347.607,
1782045.228,,331.776,344.880,
1782145.224,,331.882,342.337,
1782245.223,,331.701,339.172,
1782345.222,,333.177,337.472,
1782445.214,,333.176,334.953,
1782545.213,,332.408,340.761,
1782645.212,,331.375,338.176,
1782745.209,,331.896,334.601,
1782845.204,,330.938,330.970,
1782945.202,,331.467,329.536,
1783045.200,,330.962,331.312,
1783145.192,,330.194,331.853,
1783245.193,,330.311,329.690,
1783345.191,,329.702,330.996,
1783445.187,,329.061,336.644,
1783545.183,,329.899,333.924,
1783645.177,,330.107,332.318,
1783745.175,,329.482,333.248,
1783845.172,,329.284,332.953,
1783945.171,,329.945,331.850,
1784045.166,,329.989,330.237,
1784145.167,,329.888,328.083,
1784245.163,,329.783,328.473,
1784345.157,,329.932,330.360,
1784445.154,,329.592,333.406,
1784545.150,,329.717,334.812,
1784645.147,,329.824,334.742,
1784745.148,,329.306,331.377,
1784845.142,,329.141,333.375,
1784945.138,,329.976,333.762,
1785045.140,,330.262,332.169,
1785145.132,,330.805,331.775,
1785245.134,,330.306,331.513,
1785345.129,,330.067,331.433,
1785445.128,,330.480,329.701,
1785545.127,,329.860,328.933,
1785645.120,,329.520,332.614,
1785745.121,,329.511,332.985,
1785845.119,,330.438,330.518,
1785945.110,,329.958,337.487,
1786045.109,,330.574,341.846,
1786145.110,,330.743,340.073,
1786245.104,,329.555,335.990,
1786345.098,,330.030,337.521,
1786445.101,,329.800,343.617,
1786545.094,,329.779,340.757,
1786645.096,,328.950,335.632,
1786745.090,,329.283,333.592,
1786845.088,,328.979,331.130,
1786945.085,,329.381,332.278,
1787045.080,,329.993,332.778,
1787145.080,,331.265,334.885,
1787245.077,,330.019,332.084,
1787345.075,,329.777,330.048,
1787445.074,,330.236,332.639,
1787545.069,,329.959,335.241,
1787645.063,,329.293,342.173,
1787745.060,,329.237,338.311,
1787845.058,,329.360,333.744,
1787945.058,,329.537,332.457,
1788045.051,,330.383,329.434,
1788145.049,,330.553,326.613,
1788245.046,,330.034,325.292,
1788345.047,,328.626,327.063,
1788445.042,,328.461,326.850,
1788545.038,,328.445,329.096,
1788645.035,,328.349,330.193,
1788745.035,,328.829,331.653,
1788845.032,,328.969,330.785,
1788945.027,,328.347,327.280,
1789045.023,,327.286,328.804,
1789145.021,,327.610,329.911,
1789245.017,,328.865,329.488,
1789345.014,,325.239,327.637,
1789445.015,,325.986,329.840,
1789545.008,,327.845,331.094,
1789645.007,,328.004,333.808,
1789745.008,,327.565,342.837,
1789845.006,,327.961,341.654,
1789944.999,,328.200,339.766,
1790044.998,,328.534,345.830,
1790144.998,,328.193,340.102,
1790244.993,,327.767,334.894,
1790344.992,,327.369,329.277,
1790444.989,,327.323,326.619,
1790544.981,,326.345,327.494,
1790644.981,,325.178,335.564,
1790744.978,,326.623,337.619,
1790844.975,,328.822,333.997,
1790944.974,,328.507,333.474,
1791044.969,,328.501,330.361,
1791144.965,,329.048,327.869,
1791244.966,,329.318,328.158,
1791344.960,,328.772,329.555,
1791444.959,,328.943,331.767,
1791544.952,,328.915,334.284,
1791644.954,,328.878,335.889,
1791744.952,,328.896,344.640,
1791844.949,,329.055,341.548,
1791944.941,,328.873,339.319,
1792044.941,,328.966,343.591,
1792144.941,,329.452,339.672,
1792244.936,,329.978,346.738,
1792344.935,,330.735,344.299,
1792444.929,,330.528,339.458,
1792544.932,,332.083,337.812,
1792644.926,,332.953,336.621,
1792744.925,,330.482,332.209,
1792844.920,,330.620,329.652,
1792944.917,,330.399,330.808,
1793044.919,,330.330,330.376,
1793144.913,,330.032,329.774,
1793244.911,,329.890,331.961,
1793344.907,,330.136,333.690,
1793444.906,,330.339,332.234,
1793544.906,,330.308,332.524,
1793644.903,,331.083,332.895,
1793744.898,,329.604,329.938,
1793844.898,,330.337,329.754,
1793944.891,,331.559,330.335,
1794044.893,,331.065,332.041,
1794144.887,,330.784,331.506,
1794244.888,,330.939,331.805,
1794344.885,,330.573,331.392,
1794444.879,,330.489,336.801,
1794544.877,,330.735,337.025,
1794644.880,,331.043,338.578,
1794744.878,,330.884,339.123,
1794844.875,,330.964,336.696,
1794944.871,,331.384,335.902,
1795044.866,,331.290,334.634,
1795144.861,,330.993,335.132,
1795244.863,,330.835,335.386,
1795344.862,,330.682,341.089,
1795444.856,,330.738,338.298,
1795544.857,,330.618,338.122,
1795644.854,,331.514,334.031,
1795744.848,,330.527,332.544,
1795844.848,,330.551,330.074,
1795944.846,,331.706,330.371,
1796044.844,,331.231,328.275,
1796144.840,,331.173,328.613,
1796244.840,,330.850,328.371,
1796344.837,,329.773,332.922,
1796444.829,,330.240,336.716,
1796544.826,,330.338,336.272,
1796644.827,,330.453,335.288,
1796744.827,,330.939,333.893,
1796844.823,,330.177,331.996,
1796944.820,,330.174,329.287,
1797044.818,,330.003,326.367,
1797144.814,,329.080,323.610,
1797244.810,,329.190,322.641,
1797344.807,,329.076,322.692,
1797444.806,,329.608,323.368,
1797544.805,,329.572,323.784,
1797644.798,,329.332,322.165,
1797744.796,,329.230,321.833,
1797844.794,,329.304,321.116,
1797944.791,,329.290,320.396,
1798044.790,,328.747,321.248,
1798144.791,,329.388,325.303,
1798244.788,,329.590,330.895,
1798344.785,,329.387,338.489,
1798444.778,,330.046,333.823,
1798544.780,,329.423,330.702,
1798644.776,,329.308,328.736,
1798744.773,,330.556,331.091,
1798844.774,,330.836,331.684,
1798944.767,,331.733,331.744,
1799044.766,,330.576,328.741,
1799144.766,,329.273,327.400,
1799244.761,,329.001,326.234,
1799344.760,,329.340,327.538,
1799444.756,,329.313,329.058,
1799544.752,,329.482,330.720,
1799644.753,,330.485,333.622,
1799744.750,,330.816,334.732,
1799844.744,,329.379,335.480,
1799944.746,,328.950,335.648,
1800044.743,,329.619,334.530,
1800144.742,,330.124,331.832,
1800244.734,,330.535,332.182,
1800344.733,,330.787,331.804,
1800444.730,,330.907,332.708,
1800544.732,,332.426,332.397,
1800644.726,,332.461,333.879,
1800744.723,,330.703,332.810,
1800844.719,,330.282,333.759,
1800944.720,,331.226,333.829,
1801044.714,,331.831,337.909,
1801144.712,,331.074,345.000,
1801244.711,,330.020,342.639,
1801344.704,,330.209,338.745,
1801444.708,,330.816,336.673,
1801544.705,,330.607,345.650,
1801644.699,,330.543,344.110,
1801744.699,,330.599,346.408,
1801844.691,,330.182,342.522,
1801944.690,,330.415,339.215,
1802044.688,,330.688,335.084,
1802144.686,,330.866,332.058,
1802244.682,,331.099,330.829,
1802344.685,,331.137,330.944,
1802444.681,,330.461,333.728,
1802544.678,,331.691,331.374,
1802644.676,,331.768,331.623,
1802744.674,,331.016,332.330,
1802844.666,,330.600,335.620,
1802944.663,,330.912,333.084,
1803044.667,,330.722,331.203,
1803144.658,,330.879,331.142,
1803244.659,,330.725,330.926,
1803344.658,,330.450,331.533,
1803444.653,,330.582,335.791,
1803544.648,,330.367,336.108,
1803644.645,,330.604,336.271,
1803744.642,,330.153,335.231,
1803844.646,,330.328,337.564,
1803944.641,,330.329,337.620,
1804044.637,,330.604,337.852,
1804144.635,,330.141,336.952,
1804244.632,,330.530,337.450,
1804344.633,,331.006,334.568,
1804444.628,,331.054,335.992,
1804544.622,,330.859,335.391,
1804644.620,,330.505,335.972,
1804744.620,,330.730,337.075,
1804844.616,,330.347,334.755,
1804944.615,,330.560,334.181,
1805044.614,,330.052,329.199,
1805144.609,,330.029,327.263,
1805244.605,,329.995,331.071,
1805344.601,,329.903,335.853,
1805444.601,,329.452,333.710,
1805544.599,,329.494,331.277,
1805644.596,,329.685,329.572,
1805744.596,,330.054,327.447,
1805844.594,,330.720,330.790,
1805944.589,,331.245,332.240,
1806044.582,,330.419,331.022,
1806144.580,,330.016,331.794,
1806244.578,,329.344,332.648,
1806344.575,,330.387,334.008,
1806444.572,,329.905,336.995,
1806544.575,,330.444,334.440,
1806644.572,,330.659,332.556,
1806744.568,,330.589,333.902,
1806844.563,,330.370,332.693,
1806944.565,,331.369,328.822,
1807044.562,,330.232,328.926,
1807144.554,,330.324,331.093,
1807244.552,,330.451,329.748,
1807344.553,,331.048,337.336,
1807444.548,,331.445,338.462,
1807544.548,,332.216,343.618,
1807644.547,,332.306,339.866,
1807744.538,,331.920,334.655,
1807844.538,,330.999,334.172,
1807944.533,,330.149,334.936,
1808044.533,,330.965,337.162,
1808144.531,,331.186,335.247,
1808244.524,,331.211,332.448,
1808344.521,,331.252,347.701,
1808444.520,,330.744,351.069,
1808544.513,,330.984,347.448,
1808644.510,,331.318,343.630,
1808744.509,,331.119,344.468,
1808844.504,,332.468,345.328,
1808944.502,,332.592,343.341,
1809044.501,,330.993,343.341,
1809144.494,,332.172,344.448,
1809244.487,,332.064,340.258,
1809344.487,,332.804,346.559,
1809444.480,,331.686,347.288,
1809544.477,,331.105,341.102,
1809644.476,,331.254,336.742,
1809744.472,,331.502,334.004,
1809844.473,,331.245,330.893,
1809944.465,,331.497,331.354,
1810044.460,,332.050,331.160,
1810144.458,,330.782,331.604,
1810244.454,,332.086,330.066,
1810344.455,,332.549,327.829,
1810444.450,,331.938,326.496,
1810544.446,,330.982,327.498,
1810644.441,,331.769,332.286,
1810744.439,,331.435,333.569,
1810844.434,,331.211,331.480,
1810944.430,,331.610,330.939,
1811044.425,,331.294,330.468,
1811144.425,,331.222,330.919,
1811244.419,,331.087,333.210,
1811344.420,,332.382,332.953,
1811444.414,,332.585,330.524,
1811544.413,,332.394,331.837,
1811644.406,,331.989,333.288,
1811744.401,,332.047,334.904,
1811844.404,,332.287,331.223,
1811944.398,,331.575,329.134,
1812044.395,,332.033,331.419,
1812144.391,,332.129,334.405,
1812244.389,,330.900,330.681,
1812344.382,,330.866,330.226,
1812444.382,,330.861,333.534,
1812544.377,,330.142,333.836,
1812644.373,,330.407,338.128,
1812744.368,,330.453,336.411,
1812844.366,,331.102,339.392,
1812944.363,,331.261,335.681,
1813044.358,,331.361,333.157,
1813144.355,,331.471,333.344,
1813244.355,,332.144,330.888,
1813344.349,,332.241,331.995,
1813444.344,,331.361,332.384,
1813544.343,,330.188,331.037,
1813644.340,,330.033,329.770,
1813744.334,,330.460,327.316,
1813844.332,,330.018,327.378,
1813944.327,,329.375,329.408,
1814044.325,,330.018,331.368,
1814144.321,,329.406,333.712,
1814244.315,,329.557,333.257,
1814344.313,,329.691,332.305,
1814444.311,,330.084,333.068,
1814544.308,,330.385,332.015,
1814644.305,,330.193,330.675,
1814744.298,,330.128,334.924,
1814844.298,,331.568,334.663,
1814944.296,,330.368,331.166,
1815044.290,,330.966,340.110,
1815144.283,,331.305,337.680,
1815244.282,,330.649,338.155,
1815344.281,,329.925,342.927,
1815444.276,,330.177,342.863,
1815544.269,,330.470,343.267,
1815644.271,,330.232,342.385,
1815744.263,,330.344,340.898,
1815844.263,,330.667,340.173,
1815944.261,,330.540,339.302,
1816044.257,,330.235,342.541,
1816144.253,,330.568,346.738,
1816244.250,,330.405,346.986,
1816344.247,,330.138,341.896,
1816444.251,,330.016,338.725,
1816544.249,,330.501,339.466,
1816644.245,,330.140,339.160,
1816744.244,,330.328,337.887,
1816844.242,,330.786,343.062,
1816944.235,,329.769,338.655,
1817044.231,,330.210,335.121,
1817144.232,,331.073,334.867,
1817244.226,,331.856,338.982,
1817344.224,,331.140,339.015,
1817444.222,,330.312,335.857,
1817544.218,,329.449,334.003,
1817644.218,,330.637,331.460,
1817744.219,,330.485,334.536,
1817844.215,,329.962,342.460,
1817944.210,,330.431,340.891,
1818044.208,,330.655,338.351,
1818144.208,,330.605,338.657,
1818244.202,,330.434,336.606,
1818344.202,,330.862,334.387,
1818444.201,,330.898,335.094,
1818544.198,,331.832,335.215,
1818644.196,,332.001,345.611,
1818744.192,,331.592,343.234,
1818844.189,,331.864,338.197,
1818944.188,,331.840,335.552,
1819044.188,,330.880,338.036,
1819144.184,,331.235,338.075,
1819244.177,,331.485,337.988,
1819344.178,,331.544,335.071,
1819444.179,,332.239,334.454,
1819544.175,,331.380,335.364,
1819644.171,,331.970,335.740,
1819744.171,,331.750,336.540,
1819844.169,,331.460,336.998,
1819944.166,,331.712,335.374,
1820044.158,,331.313,333.739,
1820144.156,,331.622,331.927,
1820244.153,,331.213,331.237,
1820344.151,,331.474,329.626,
1820444.149,,331.406,330.135,
1820544.146,,330.887,327.664,
1820644.146,,331.178,340.032,
1820744.142,,330.697,343.077,
1820844.141,,332.126,348.039,
1820944.136,,330.003,346.468,
1821044.137,,331.015,341.749,
1821144.136,,330.451,348.998,
1821244.134,,330.044,350.829,
1821344.130,,329.727,345.610,
1821444.126,,330.162,348.033,
1821544.126,,330.787,344.193,
1821644.124,,330.172,337.751,
1821744.118,,330.990,333.649,
1821844.120,,330.042,333.080,
1821944.114,,329.307,332.719,
1822044.115,,329.502,333.923,
1822144.110,,329.319,330.953,
1822244.106,,329.617,332.609,
1822344.104,,330.020,335.951,
1822444.103,,330.121,339.724,
1822544.102,,330.363,337.516,
1822644.100,,329.472,336.104,
1822744.099,,328.952,332.198,
1822844.091,,328.782,331.457,
1822944.087,,328.025,332.019,
1823044.090,,329.308,330.236,
1823144.090,,329.418,329.645,
1823244.080,,330.754,329.910,
1823344.084,,330.905,331.182,
1823444.080,,330.209,332.293,
1823544.074,,329.090,331.408,
1823644.071,,328.652,330.126,
1823744.069,,329.118,336.708,
1823844.066,,328.151,337.091,
1823944.066,,327.893,344.229,
1824044.059,,328.627,341.374,
1824144.055,,328.777,338.681,
1824244.055,,329.182,335.417,
1824344.052,,328.981,331.355,
1824444.047,,328.314,331.335,
1824544.041,,328.610,331.363,
1824644.040,,328.262,328.935,
1824744.033,,327.983,327.592,
1824844.029,,328.341,330.379,
1824944.030,,329.011,333.826,
1825044.022,,329.486,333.633,
1825144.017,,329.124,335.955,
1825244.012,,330.443,339.934,
1825344.009,,332.964,337.696,
1825444.005,,331.070,336.128,
1825544.003,,331.218,337.522,
1825643.996,,331.427,337.568,
1825743.994,,330.231,337.280,
1825843.988,,329.371,334.107,
1825943.988,,329.758,332.228,
1826043.986,,329.580,330.516,
1826143.984,,329.135,328.750,
1826243.978,,329.472,328.738,
1826343.975,,329.710,329.017,
1826443.967,,329.140,328.818,
1826543.968,,329.319,329.153,
1826643.962,,330.323,330.386,
1826743.958,,328.767,329.066,
1826843.952,,329.335,331.515,
1826943.951,,330.755,332.717,
1827043.949,,329.429,331.328,
1827143.942,,330.205,331.917,
1827243.938,,330.306,330.314,
1827343.934,,330.681,329.039,
1827443.931,,330.727,329.522,
1827543.925,,330.418,328.781,
1827643.919,,329.917,331.785,
1827743.918,,330.054,333.062,
1827843.917,,329.584,338.208,
1827943.911,,329.607,336.769,
1828043.905,,330.073,335.462,
1828143.905,,329.969,333.589,
1828243.900,,329.665,336.374,
1828343.894,,330.141,334.785,
1828443.889,,329.903,332.256,
1828543.886,,330.420,329.719,
1828643.885,,330.454,331.283,
1828743.878,,329.947,344.631,
1828843.873,,331.035,344.630,
1828943.869,,330.608,347.934,
1829043.869,,330.417,345.291,
1829143.862,,330.214,342.962,
1829243.861,,330.906,338.130,
1829343.860,,329.844,348.126,
1829443.850,,329.906,348.561,
1829543.849,,330.107,343.002,
1829643.845,,329.987,339.277,
1829743.838,,330.198,338.857,
1829843.839,,330.330,339.286,
1829943.833,,330.421,338.872,
1830043.828,,330.654,337.657,
1830143.822,,330.886,338.427,
1830243.823,,330.915,337.976,
1830343.815,,330.572,336.304,
1830443.816,,330.794,337.261,
1830543.813,,330.736,334.735,
1830643.808,,331.120,344.484,
1830743.805,,329.211,343.171,
1830843.795,,329.190,340.436,
1830943.791,,329.802,339.145,
1831043.787,,329.885,336.028,
1831143.790,,329.745,333.191,
1831243.784,,329.284,339.187,
1831343.779,,330.900,349.644,
1831443.778,,332.099,344.340,
1831543.774,,331.635,341.053,
1831643.767,,330.891,337.913,
1831743.762,,329.279,335.451,
1831843.762,,329.081,335.082,
1831943.752,,329.266,332.131,
1832043.749,,329.349,332.504,
1832143.753,,331.222,333.572,
1832243.746,,331.781,334.550,
1832343.741,,332.912,333.231,
1832443.741,,332.173,331.304,
1832543.733,,333.001,331.288,
1832643.733,,332.527,327.481,
1832743.728,,332.354,327.189,
1832843.726,,331.816,326.621,
1832943.722,,331.407,325.706,
1833043.723,,331.722,323.332,
1833143.716,,330.829,322.092,
1833243.716,,331.123,325.481,
1833343.708,,331.326,328.754,
1833443.707,,331.701,327.965,
1833543.706,,331.908,328.745,
1833643.699,,331.948,331.177,
1833743.693,,331.761,347.974,
1833843.697,,330.796,345.950,
1833943.693,,333.378,343.874,
1834043.688,,333.422,339.776,
1834143.683,,332.892,336.189,
1834243.682,,332.397,335.272,
1834343.677,,332.433,331.755,
1834443.676,,332.751,330.112,
1834543.667,,333.433,327.645,
1834643.669,,333.491,327.136,
1834743.661,,333.251,328.178,
1834843.663,,332.851,327.266,
1834943.660,,332.537,329.564,
1835043.656,,332.642,327.543,
1835143.653,,332.739,327.593,
1835243.645,,332.224,328.083,
1835343.643,,331.812,327.420,
1835443.643,,331.770,327.423,
1835543.636,,331.746,338.103,
1835643.633,,331.973,335.969,
1835743.633,,332.433,333.602,
1835843.627,,331.450,333.995,
1835943.623,,331.982,335.932,
1836043.622,,332.233,332.889,
1836143.616,,328.825,330.457,
1836243.616,,328.995,336.744,
1836343.612,,332.123,338.735,
1836443.609,,330.828,334.909,
1836543.608,,332.342,332.474,
1836643.598,,332.145,338.052,
1836743.597,,332.589,339.163,
1836843.592,,332.836,335.137,
1836943.590,,332.986,338.713,
1837043.590,,333.093,344.572,
1837143.584,,333.699,351.669,
1837243.581,,333.859,347.904,
1837343.578,,332.598,343.890,
1837443.572,,332.164,338.936,
1837543.572,,332.080,334.336,
1837643.568,,332.496,335.552,
1837743.567,,332.000,332.831,
1837843.565,,330.910,333.441,
1837943.556,,330.619,334.701,
1838043.558,,331.286,342.122,
1838143.552,,331.525,347.797,
1838243.545,,331.615,340.677,
1838343.542,,331.302,338.213,
1838443.540,,331.135,338.899,
1838543.539,,330.361,334.957,
1838643.537,,330.138,335.562,
1838743.532,,330.339,334.651,
1838843.529,,330.729,332.136,
1838943.527,,330.568,330.886,
1839043.519,,329.971,332.208,
1839143.520,,330.562,331.440,
1839243.516,,331.048,330.651,
1839343.512,,331.163,335.028,
1839443.508,,330.606,346.120,
1839543.508,,330.803,342.046,
1839643.503,,330.571,337.946,
1839743.496,,331.039,337.761,
1839843.493,,331.198,336.033,
1839943.494,,330.509,334.841,
1840043.486,,330.652,340.829,
1840143.482,,330.459,344.691,
1840243.484,,330.446,341.290,
1840343.477,,330.144,346.280,
1840443.476,,330.635,342.429,
1840543.469,,331.743,337.766,
1840643.468,,331.787,335.168,
1840743.461,,332.123,333.923,
1840843.464,,332.209,340.177,
1840943.457,,331.719,375.628,
1841043.453,,330.429,370.061,
1841143.453,,330.667,362.961,
1841243.443,,330.748,355.583,
1841343.441,,330.901,351.917,
1841443.442,,331.195,349.388,
1841543.437,,332.065,357.648,
1841643.434,,330.794,359.098,
1841743.431,,330.368,351.438,
1841843.424,,330.878,356.088,
1841943.423,,331.277,349.594,
1842043.415,,331.463,346.411,
1842143.415,,331.809,343.694,
1842243.410,,332.278,340.294,
1842343.408,,333.056,338.865,
1842443.408,,332.591,336.644,
1842543.400,,332.215,333.830,
1842643.398,,331.066,335.328,
1842743.392,,330.992,336.819,
1842843.387,,330.140,334.789,
1842943.387,,330.147,331.605,
1843043.385,,330.202,329.834,
1843143.380,,330.174,330.007,
1843243.380,,329.915,329.605,
1843343.371,,331.189,331.191,
1843443.367,,331.119,328.850,
1843543.367,,330.826,331.008,
1843643.362,,332.684,328.948,
1843743.360,,331.751,328.421,
1843843.352,,330.723,349.544,
1843943.349,,332.192,345.437,
1844043.348,,333.651,341.039,
1844143.346,,333.504,340.114,
1844243.338,,332.939,341.054,
1844343.335,,331.891,339.191,
1844443.331,,330.490,335.275,
1844543.330,,330.309,334.058,
1844643.329,,330.851,336.699,
1844743.327,,330.799,346.530,
1844843.320,,329.899,346.811,
1844943.313,,331.019,341.822,
1845043.310,,330.487,338.392,
1845143.308,,333.775,339.493,
1845243.305,,332.257,345.220,
1845343.300,,332.122,348.142,
1845443.302,,330.919,349.717,
1845543.294,,330.619,341.787,
1845643.294,,330.502,337.343,
1845743.286,,330.465,334.564,
1845843.286,,330.579,332.397,
1845943.280,,330.535,332.872,
1846043.280,,331.107,332.363,
1846143.276,,328.511,329.094,
1846243.273,,329.935,327.646,
1846343.270,,330.988,326.802,
1846443.264,,330.906,328.185,
1846543.257,,330.827,331.486,
1846643.254,,331.245,329.770,
1846743.255,,331.343,331.734,
1846843.250,,331.486,335.699,
1846943.248,,331.224,338.327,
1847043.240,,332.053,340.187,
1847143.236,,332.610,339.457,
1847243.236,,332.269,338.913,
1847343.229,,331.592,336.726,
1847443.232,,331.587,332.811,
1847543.222,,331.175,333.957,
1847643.219,,330.929,334.851,
1847743.215,,331.405,336.890,
1847843.216,,331.374,342.768,
1847943.215,,331.085,340.234,
1848043.207,,331.026,337.827,
1848143.207,,331.323,336.332,
1848243.205,,331.295,336.305,
1848343.200,,331.279,339.901,
1848443.200,,331.798,336.277,
1848543.194,,331.798,333.920,
1848643.193,,331.227,331.712,
1848743.193,,331.878,330.928,
1848843.184,,331.500,330.416,
1848943.182,,332.161,335.512,
1849043.180,,332.304,337.194,
1849143.177,,332.166,336.994,
1849243.178,,331.592,332.927,
1849343.175,,330.867,332.344,
1849443.172,,330.468,350.118,
1849543.165,,330.337,345.967,
1849643.163,,330.240,338.773,
1849743.164,,330.323,332.972,
1849843.158,,330.204,328.690,
1849943.154,,329.810,328.889,
1850043.151,,329.863,330.601,
1850143.150,,329.945,328.189,
1850243.149,,330.153,326.305,
1850343.149,,329.730,327.031,
1850443.144,,329.585,326.840,
1850543.143,,330.064,325.509,
1850643.139,,329.722,325.383,
1850743.137,,329.484,327.514,
1850843.132,,329.920,330.116,
1850943.128,,330.502,330.725,
1851043.129,,330.016,333.027,
1851143.126,,329.870,329.760,
1851243.123,,329.377,326.048,
1851343.121,,330.134,325.406,
1851443.115,,329.954,325.434,
1851543.111,,330.120,329.414,
1851643.108,,331.818,331.693,
1851743.107,,330.987,332.358,
1851843.105,,330.258,337.427,
1851943.098,,331.038,338.334,
1852043.098,,332.246,336.264,
1852143.094,,329.970,332.144,
1852243.091,,330.117,330.566,
1852343.094,,330.183,329.272,
1852443.091,,329.753,331.980,
1852543.084,,329.790,332.973,
1852643.082,,330.381,332.955,
1852743.081,,330.985,332.401,
1852843.077,,331.715,334.190,
1852943.072,,331.244,334.648,
1853043.073,,330.575,331.426,
1853143.066,,331.372,327.665,
1853243.064,,330.345,327.515,
1853343.062,,330.283,328.215,
1853443.060,,330.209,328.652,
1853543.058,,330.017,331.420,
1853643.055,,330.385,335.709,
1853743.052,,330.692,335.704,
1853843.050,,330.063,337.589,
1853943.047,,330.212,339.027,
1854043.046,,330.333,336.905,
1854143.039,,330.694,333.948,
1854243.036,,330.540,333.793,
1854343.035,,330.704,338.507,
1854443.033,,333.676,342.854,
1854543.031,,332.921,341.412,
1854643.027,,333.631,342.101,
1854743.023,,332.357,349.481,
1854843.022,,332.144,346.630,
1854943.019,,331.251,341.433,
1855043.017,,331.506,337.904,
1855143.016,,331.000,333.456,
1855243.009,,330.766,330.819,
1855343.007,,330.501,329.315,
1855443.003,,330.691,330.548,
1855543.000,,331.639,330.897,
1855643.002,,331.065,338.638,
1855742.995,,331.649,342.127,
1855842.991,,331.385,353.784,
1855942.993,,331.393,346.705,
1856042.990,,332.241,342.486,
1856142.987,,331.423,337.885,
1856242.983,,330.398,350.400,
1856342.979,,331.377,355.961,
1856442.978,,331.359,350.264,
1856542.970,,330.571,349.252,
1856642.970,,331.459,343.742,
1856742.964,,331.698,338.191,
1856842.960,,330.702,335.564,
1856942.958,,330.181,338.761,
1857042.956,,331.216,335.602,
1857142.957,,330.877,332.853,
1857242.950,,330.988,331.568,
1857342.946,,331.253,331.707,
1857442.943,,332.162,332.371,
1857542.940,,332.481,334.289,
1857642.939,,331.101,335.442,
1857742.934,,331.537,335.247,
1857842.931,,330.923,332.993,
1857942.932,,330.246,334.336,
1858042.929,,330.120,335.463,
1858142.923,,330.898,333.546,
1858242.922,,331.367,333.642,
1858342.917,,333.138,331.813,
1858442.910,,332.244,335.204,
1858542.910,,332.288,335.539,
1858642.906,,331.982,334.100,
1858742.904,,331.253,334.507,
1858842.900,,330.941,335.610,
1858942.896,,330.304,332.262,
1859042.895,,330.314,333.602,
1859142.889,,330.097,336.484,
1859242.890,,329.685,336.346,
1859342.883,,329.798,336.202,
1859442.880,,330.093,335.251,
1859542.881,,330.506,336.305,
1859642.877,,330.556,340.234,
1859742.875,,330.026,342.377,
1859842.869,,329.909,338.583,
1859942.865,,330.247,335.326,
1860042.867,,329.794,335.386,
1860142.863,,330.087,334.896,
1860242.860,,330.346,333.142,
1860342.852,,330.687,334.417,
1860442.854,,330.736,331.477,
1860542.850,,331.773,338.045,
1860642.844,,334.140,336.528,
1860742.840,,333.210,336.197,
1860842.841,,333.049,337.369,
1860942.836,,332.787,339.423,
1861042.836,,332.689,341.287,
1861142.831,,333.372,339.981,
1861242.826,,332.356,338.207,
1861342.821,,333.545,338.704,
1861442.819,,332.432,336.094,
1861542.816,,332.495,334.605,
1861642.816,,333.819,336.224,
1861742.814,,332.459,338.595,
1861842.811,,332.808,339.535,
1861942.803,,331.760,339.565,
1862042.799,,331.774,338.436,
1862142.802,,330.348,335.145,
1862242.794,,330.489,332.886,
1862342.792,,328.691,339.384,
1862442.789,,330.163,336.162,
1862542.789,,329.926,334.924,
1862642.780,,330.688,335.109,
1862742.781,,330.415,336.497,
1862842.776,,330.604,340.291,
1862942.777,,330.356,341.888,
1863042.769,,330.669,338.420,
1863142.764,,330.555,335.316,
1863242.768,,331.129,331.690,
1863342.760,,331.688,331.090,
1863442.759,,330.906,331.594,
1863542.755,,331.199,331.274,
1863642.752,,330.381,331.710,
1863742.749,,329.829,330.010,
1863842.746,,329.580,330.437,
1863942.745,,329.366,329.464,
1864042.742,,328.925,336.187,
1864142.738,,328.907,333.793,
1864242.735,,328.467,330.409,
1864342.730,,328.617,338.193,
1864442.724,,328.098,344.176,
1864542.724,,328.318,343.498,
1864642.720,,328.743,346.533,
1864742.718,,328.808,353.119,
1864842.712,,328.715,345.279,
1864942.707,,329.301,340.657,
1865042.706,,328.899,340.138,
1865142.700,,328.960,351.308,
1865242.699,,329.131,354.053,
1865342.699,,330.417,361.192,
1865442.693,,330.485,357.683,
1865542.691,,328.544,348.879,
1865642.683,,328.915,342.835,
1865742.682,,328.971,338.998,
1865842.677,,328.902,334.825,
1865942.675,,328.732,331.890,
1866042.675,,329.569,329.430,
1866142.669,,329.755,330.280,
1866242.664,,330.234,336.164,
1866342.664,,329.818,337.156,
1866442.657,,330.671,347.972,
1866542.655,,330.097,347.793,
1866642.652,,329.763,340.291,
1866742.651,,329.331,333.616,
1866842.645,,328.582,329.916,
1866942.640,,328.511,328.726,
1867042.641,,329.139,329.010,
1867142.636,,328.555,329.362,
1867242.636,,328.502,329.442,
1867342.630,,329.376,335.840,
1867442.627,,329.381,335.006,
1867542.620,,329.191,331.772,
1867642.619,,329.722,329.852,
1867742.618,,330.409,329.666,
1867842.613,,330.281,327.933,
1867942.611,,329.824,329.781,
1868042.606,,330.342,331.658,
1868142.601,,330.938,330.490,
1868242.602,,332.357,329.601,
1868342.594,,331.414,327.338,
1868442.595,,330.351,328.731,
1868542.590,,330.311,329.760,
1868642.589,,331.946,333.482,
1868742.584,,331.316,333.437,
1868842.582,,331.090,336.227,
1868942.578,,329.849,336.607,
1869042.573,,329.112,332.644,
1869142.570,,329.229,332.537,
1869242.565,,329.427,341.026,
1869342.564,,328.326,347.995,
1869442.562,,328.621,346.334,
1869542.555,,329.101,341.769,
1869642.554,,328.380,339.224,
1869742.547,,328.284,335.438,
1869842.549,,328.894,335.109,
1869942.544,,328.701,333.189,
1870042.542,,328.265,331.168,
1870142.535,,328.506,333.992,
1870242.532,,329.718,340.752,
1870342.530,,329.350,339.039,
1870442.525,,329.152,339.279,
1870542.522,,330.095,336.607,
1870642.523,,330.730,332.911,
1870742.514,,330.260,329.168,
1870842.515,,330.034,329.376,
1870942.513,,329.792,330.874,
1871042.505,,330.330,333.374,
1871142.506,,330.238,332.606,
1871242.503,,329.092,331.728,
1871342.498,,329.240,330.451,
1871442.497,,329.738,331.431,
1871542.493,,330.896,334.185,
1871642.487,,332.353,339.196,
1871742.488,,332.068,340.603,
1871842.479,,331.272,342.513,
1871942.481,,330.938,341.512,
1872042.475,,330.092,338.148,
1872142.469,,329.353,337.155,
1872242.472,,329.309,334.924,
1872342.470,,329.235,334.748,
1872442.466,,329.761,333.800,
1872542.464,,329.678,336.720,
1872642.456,,329.661,336.877,
1872742.458,,330.198,335.515,
1872842.454,,329.632,333.734,
1872942.452,,329.969,334.558,
1873042.447,,329.348,333.082,
1873142.442,,328.612,333.637,
1873242.442,,328.721,332.523,
1873342.439,,329.000,344.985,
1873442.437,,330.485,343.904,
1873542.433,,331.687,339.434,
1873642.434,,330.065,336.903,
1873742.429,,330.595,335.969,
1873842.429,,332.112,336.151,
1873942.421,,332.281,338.563,
1874042.422,,332.957,343.222,
1874142.417,,332.572,340.831,
1874242.413,,331.293,336.106,
1874342.414,,330.890,333.930,
1874442.409,,332.226,333.926,
1874542.406,,331.631,330.416,
1874642.405,,331.204,332.145,
1874742.397,,332.214,330.890,
1874842.399,,333.100,336.293,
1874942.397,,332.603,336.221,
1875042.389,,331.458,333.354,
1875142.387,,331.179,334.026,
1875242.385,,331.398,334.114,
1875342.386,,330.301,338.132,
1875442.381,,330.881,341.591,
1875542.376,,330.575,336.897,
1875642.379,,330.142,335.167,
1875742.374,,330.033,337.474,
1875842.371,,330.369,338.176,
1875942.371,,330.288,337.152,
1876042.366,,330.501,338.289,
1876142.362,,330.685,346.176,
1876242.357,,330.087,341.081,
1876342.353,,329.748,335.921,
1876442.352,,330.005,340.699,
1876542.349,,329.662,349.470,
1876642.348,,330.653,346.819,
1876742.349,,330.094,342.379,
1876842.340,,330.526,342.299,
1876942.337,,329.836,339.040,
1877042.337,,329.632,336.898,
1877142.331,,330.490,338.349,
1877242.333,,330.211,339.900,
1877342.332,,329.743,337.521,
1877442.326,,330.345,340.041,
1877542.322,,330.569,340.517,
1877642.322,,330.180,341.737,
1877742.318,,330.245,339.551,
1877842.314,,329.962,339.092,
1877942.311,,330.261,340.431,
1878042.307,,329.405,336.972,
1878142.308,,329.665,336.950,
1878242.306,,328.988,349.023,
1878342.302,,328.090,344.771,
1878442.297,,328.855,340.704,
1878542.295,,328.814,339.484,
1878642.296,,329.631,339.901,
1878742.289,,328.383,340.151,
1878842.286,,328.565,335.478,
1878942.282,,329.005,331.555,
1879042.282,,329.109,328.738,
1879142.283,,328.448,328.815,
1879242.279,,328.675,330.173,
1879342.271,,329.183,329.537,
1879442.270,,329.966,329.876,
1879542.266,,329.856,328.722,
1879642.263,,330.257,326.964,
1879742.265,,329.977,326.301,
1879842.260,,329.342,325.327,
1879942.259,,329.392,324.976,
1880042.253,,329.043,327.497,
1880142.253,,329.637,327.919,
1880242.245,,329.428,328.346,
1880342.246,,329.447,331.731,
1880442.242,,329.478,339.353,
1880542.237,,330.868,339.010,
1880642.239,,331.118,334.557,
1880742.231,,330.088,341.745,
1880842.229,,329.552,339.923,
1880942.224,,329.936,346.499,
1881042.225,,331.418,344.402,
1881142.217,,332.493,339.450,
1881242.219,,330.801,339.677,
1881342.216,,330.630,336.315,
1881442.208,,330.178,332.436,
1881542.207,,330.689,330.201,
1881642.207,,331.063,330.889,
1881742.204,,330.357,334.733,
1881842.198,,330.477,333.916,
1881942.198,,330.022,331.639,
1882042.195,,330.358,329.175,
1882142.190,,330.266,327.261,
1882242.188,,329.695,327.162,
1882342.186,,329.867,329.771,
1882442.184,,329.621,329.189,
1882542.174,,328.977,330.816,
1882642.176,,328.231,332.728,
1882742.170,,328.747,332.823,
1882842.170,,329.371,330.732,
1882942.166,,329.460,329.975,
1883042.162,,329.474,330.155,
1883142.160,,329.896,329.541,
1883242.155,,329.293,330.612,
1883342.151,,329.445,332.866,
1883442.148,,329.983,332.900,
1883542.150,,330.372,330.651,
1883642.146,,330.001,329.739,
1883742.142,,331.173,330.937,
1883842.139,,333.434,334.384,
1883942.134,,331.613,331.854,
1884042.131,,330.424,331.026,
1884142.129,,332.620,350.024,
1884242.124,,333.381,354.142,
1884342.124,,331.056,345.421,
1884442.119,,329.575,339.085,
1884542.114,,329.736,335.141,
1884642.112,,329.121,333.558,
1884742.112,,329.231,331.824,
1884842.107,,329.233,332.046,
1884942.105,,329.093,332.950,
1885042.103,,329.899,331.282,
1885142.100,,329.427,336.669,
1885242.093,,329.538,334.700,
1885342.091,,329.579,335.117,
1885442.086,,329.774,333.895,
1885542.088,,331.239,333.702,
1885642.079,,330.499,332.116,
1885742.077,,330.386,330.442,
1885842.075,,330.105,329.509,
1885942.073,,328.437,332.295,
1886042.067,,328.557,340.069,
1886142.068,,329.261,336.974,
1886242.061,,330.832,333.858,
1886342.058,,330.881,334.664,
1886442.057,,332.237,334.415,
1886542.056,,331.771,336.209,
1886642.049,,330.515,334.327,
1886742.048,,328.711,334.438,
1886842.048,,329.306,337.301,
1886942.042,,330.208,336.229,
1887042.038,,330.979,335.488,
1887142.038,,331.720,334.667,
1887242.035,,330.857,332.732,
1887342.028,,330.321,333.085,
1887442.024,,329.830,330.881,
1887542.027,,329.740,331.887,
1887642.021,,329.939,330.104,
1887742.020,,330.015,336.255,
1887842.016,,329.678,338.074,
1887942.010,,328.952,337.550,
1888042.010,,331.230,335.384,
1888142.008,,331.064,333.270,
1888242.006,,330.846,332.946,
1888341.998,,328.782,334.727,
1888442.000,,329.749,338.559,
1888541.997,,330.098,340.329,
1888641.990,,330.311,341.932,
1888741.991,,330.517,346.719,
1888841.988,,330.577,344.317,
1888941.984,,329.753,339.991,
1889041.978,,329.402,337.853,
1889141.979,,329.521,337.029,
1889241.972,,327.869,337.944,
1889341.970,,327.963,341.887,
1889441.964,,327.815,338.271,
1889541.962,,327.599,336.904,
1889641.959,,328.372,338.961,
1889741.958,,328.868,335.908,
1889841.954,,329.821,336.053,
1889941.954,,330.368,333.599,
1890041.950,,329.472,333.124,
1890141.943,,328.939,331.723,
1890241.940,,329.432,329.668,
1890341.939,,329.357,328.529,
1890441.938,,329.232,329.935,
1890541.932,,329.207,332.502,
1890641.930,,329.831,329.557,
1890741.932,,329.082,327.546,
1890841.922,,329.978,328.598,
1890941.921,,328.445,330.424,
1891041.923,,328.539,336.403,
1891141.919,,328.689,335.835,
1891241.917,,328.453,331.947,
1891341.912,,327.826,330.052,
1891441.906,,328.181,330.254,
1891541.902,,328.648,331.731,
1891641.901,,328.652,331.890,
1891741.898,,327.756,330.852,
1891841.894,,327.757,330.255,
1891941.892,,329.257,332.041,
1892041.889,,329.004,329.470,
1892141.883,,328.255,326.578,
1892241.884,,328.598,327.903,
1892341.877,,328.123,327.280,
1892441.878,,328.431,327.356,
1892541.872,,328.504,327.750,
1892641.871,,328.346,326.789,
1892741.871,,328.409,326.838,
1892841.868,,328.036,325.672,
1892941.865,,328.078,327.538,
1893041.859,,328.254,327.585,
1893141.859,,329.048,326.129,
1893241.857,,329.061,328.677,
1893341.853,,328.941,332.846,
1893441.848,,329.377,336.193,
1893541.846,,330.554,334.437,
1893641.842,,329.549,331.921,
1893741.836,,328.740,330.771,
1893841.836,,328.840,329.302,
1893941.830,,328.278,327.639,
1894041.828,,328.575,329.161,
1894141.830,,327.772,327.832,
1894241.824,,328.295,332.101,
1894341.821,,329.575,330.579,
1894441.815,,327.882,337.314,
1894541.817,,328.479,343.906,
1894641.813,,328.952,342.519,
1894741.807,,328.268,336.567,
1894841.803,,327.895,332.831,
1894941.799,,328.389,330.229,
1895041.799,,328.275,332.029,
1895141.795,,328.588,333.176,
1895241.794,,327.737,334.143,
1895341.791,,328.215,335.110,
1895441.785,,327.473,335.040,
1895541.788,,328.654,343.748,
1895641.784,,328.418,352.394,
1895741.779,,327.203,347.615,
1895841.775,,326.878,344.889,
1895941.773,,327.724,342.965,
1896041.769,,327.002,337.413,
1896141.764,,327.369,332.895,
1896241.765,,327.154,331.595,
1896341.756,,326.779,331.424,
1896441.757,,326.404,341.585,
1896541.753,,326.787,341.862,
1896641.745,,327.302,337.929,
1896741.745,,327.948,342.497,
1896841.743,,327.692,338.802,
1896941.735,,328.348,335.580,
1897041.734,,328.182,334.064,
1897141.731,,328.572,334.150,
1897241.726,,329.795,338.953,
1897341.722,,329.795,335.792,
1897441.716,,329.675,335.157,
1897541.719,,330.227,342.357,
1897641.714,,329.012,338.530,
1897741.708,,328.267,333.249,
1897841.706,,327.925,333.155,
1897941.700,,327.948,338.825,
1898041.697,,328.214,340.862,
1898141.698,,328.030,339.924,
1898241.694,,328.963,336.857,
1898341.686,,327.309,335.153,
1898441.684,,328.085,343.763,
1898541.682,,327.467,350.894,
1898641.680,,328.074,343.040,
1898741.673,,328.391,337.139,
1898841.671,,328.387,332.726,
1898941.666,,328.394,328.889,
1899041.662,,328.201,327.752,
1899141.660,,328.522,330.913,
1899241.656,,327.674,337.244,
1899341.653,,326.899,344.530,
1899441.649,,326.728,351.622,
1899541.646,,327.354,344.197,
1899641.640,,328.123,340.920,
1899741.637,,332.400,340.539,
1899841.637,,330.722,340.045,
1899941.631,,330.784,338.487,
1900041.628,,330.597,340.802,
1900141.625,,332.042,338.720,
1900241.618,,331.743,334.912,
1900341.614,,330.332,331.566,
1900441.612,,329.471,330.732,
1900541.608,,329.589,329.700,
1900641.608,,328.658,334.746,
1900741.603,,328.733,333.201,
1900841.602,,327.873,330.717,
1900941.597,,327.855,335.067,
1901041.590,,328.713,342.685,
1901141.588,,328.128,341.885,
1901241.583,,327.750,338.853,
1901341.579,,327.097,337.737,
1901441.580,,327.572,334.462,
1901541.574,,327.937,334.107,
1901641.572,,328.197,342.376,
1901741.565,,327.822,340.541,
1901841.564,,327.362,335.894,
1901941.560,,327.908,336.570,
1902041.556,,328.049,336.868,
1902141.553,,328.312,333.068,
1902241.552,,327.870,331.352,
1902341.550,,327.211,333.081,
1902441.541,,327.088,332.848,
1902541.543,,327.899,348.891,
1902641.539,,327.187,359.471,
1902741.536,,327.659,359.334,
1902841.530,,328.340,349.389,
1902941.526,,328.671,341.728,
1903041.521,,328.799,336.269,
1903141.519,,328.655,334.207,
1903241.514,,328.917,335.301,
1903341.509,,328.604,337.307,
1903441.509,,328.562,339.669,
1903541.507,,328.156,337.731,
1903641.500,,327.414,335.904,
1903741.495,,327.756,334.214,
1903841.495,,327.993,331.549,
1903941.493,,328.172,328.299,
1904041.488,,327.760,332.003,
1904141.487,,328.313,332.142,
1904241.488,,328.767,329.405,
1904341.489,,328.791,330.104,
1904441.487,,328.038,330.585,
1904541.484,,328.858,329.250,
1904641.478,,329.924,327.778,
1904741.481,,329.011,327.861,
1904841.477,,329.893,332.330,
1904941.476,,330.826,334.974,
1905041.476,,332.581,335.724,
1905141.471,,330.103,340.976,
1905241.471,,330.733,350.692,
1905341.466,,330.402,347.687,
1905441.469,,330.006,343.718,
1905541.463,,329.909,347.983,
1905641.467,,329.281,349.844,
1905741.465,,329.630,342.341,
1905841.460,,329.861,340.580,
1905941.459,,330.536,337.749,
1906041.458,,331.073,335.085,
1906141.453,,331.361,332.749,
1906241.457,,329.579,330.853,
1906341.456,,330.337,332.493,
1906441.453,,329.745,331.629,
1906541.448,,328.155,330.922,
1906641.444,,327.772,332.574,
1906741.447,,327.409,332.712,
1906841.445,,327.218,330.989,
1906941.442,,327.314,331.037,
1907041.443,,327.383,331.095,
1907141.438,,327.336,328.708,
1907241.435,,327.500,329.014,
1907341.434,,326.993,330.325,
1907441.435,,327.310,329.456,
1907541.432,,328.393,336.429,
1907641.431,,328.213,334.294,
1907741.425,,327.847,333.266,
1907841.425,,327.927,331.607,
1907941.424,,328.299,330.601,
1908041.423,,328.710,331.800,
1908141.425,,327.931,333.656,
1908241.422,,327.639,333.994,
1908341.421,,328.246,332.689,
1908441.419,,328.535,332.954,
1908541.418,,328.809,332.137,
1908641.412,,327.301,332.751,
1908741.409,,328.247,334.962,
1908841.408,,329.630,337.476,
1908941.408,,329.375,342.829,
1909041.407,,329.060,338.796,
1909141.407,,329.542,337.730,
1909241.406,,328.963,337.074,
1909341.404,,328.741,338.055,
1909441.399,,328.582,336.098,
1909541.396,,328.975,336.306,
1909641.397,,329.356,332.439,
1909741.392,,329.784,329.961,
1909841.391,,330.335,329.417,
1909941.388,,330.579,333.292,
1910041.387,,331.104,331.652,
1910141.389,,330.131,340.394,
1910241.388,,331.052,348.601,
1910341.386,,331.125,343.204,
1910441.384,,329.783,339.430,
1910541.381,,328.764,337.469,
1910641.379,,328.712,335.328,
1910741.379,,328.559,333.847,
1910841.373,,328.347,330.948,
1910941.378,,328.753,329.900,
1911041.371,,328.977,328.726,
1911141.375,,328.610,330.365,
1911241.373,,328.515,331.870,
1911341.366,,328.029,330.957,
1911441.367,,327.815,330.483,
1911541.365,,327.893,330.005,
1911641.366,,328.079,327.681,
1911741.363,,328.054,326.854,
1911841.359,,328.211,328.286,
1911941.358,,328.316,329.133,
1912041.351,,329.019,333.365,
1912141.347,,329.075,333.735,
1912241.343,,328.905,334.982,
1912341.338,,329.015,332.678,
1912441.336,,328.726,329.078,
1912541.330,,329.133,330.096,
1912641.326,,329.106,328.025,
1912741.326,,329.655,327.147,
1912841.318,,329.755,327.510,
1912941.313,,329.490,328.074,
1913041.311,,329.140,330.245,
1913141.309,,329.241,329.155,
1913241.303,,328.719,339.943,
1913341.300,,328.171,346.551,
1913441.293,,328.889,342.212,
1913541.290,,329.864,337.787,
1913641.285,,330.561,335.523,
1913741.283,,330.685,332.538,
1913841.276,,331.632,329.773,
1913941.276,,330.019,327.609,
1914041.271,,328.396,329.254,
1914141.262,,328.391,328.115,
1914241.259,,328.630,328.065,
1914341.257,,327.777,329.379,
1914441.250,,327.791,329.523,
1914541.248,,328.238,328.553,
1914641.246,,328.599,329.044,
1914741.243,,328.845,330.310,
1914841.236,,329.252,333.224,
1914941.231,,328.966,332.655,
1915041.228,,328.995,329.956,
1915141.224,,330.069,327.087,
1915241.217,,328.926,323.512,
1915341.212,,324.739,326.063,
1915441.210,,327.109,327.172,
1915541.203,,328.076,329.557,
1915641.201,,328.458,332.860,
1915741.196,,328.304,332.124,
1915841.194,,328.571,333.158,
1915941.192,,329.186,332.920,
1916041.188,,329.150,330.807,
1916141.181,,329.053,330.418,
1916241.179,,329.909,340.535,
1916341.173,,329.349,339.242,
1916441.170,,329.070,336.917,
1916541.163,,328.835,334.567,
1916641.164,,328.558,333.649,
1916741.155,,328.117,345.054,
1916841.153,,329.328,351.125,
1916941.151,,329.158,344.173,
1917041.146,,329.246,341.543,
1917141.141,,329.478,341.480,
1917241.137,,329.090,338.858,
1917341.130,,327.949,336.948,
1917441.131,,328.365,335.607,
1917541.123,,328.428,335.659,
1917641.120,,328.295,333.944,
1917741.118,,327.981,331.120,
1917841.113,,328.623,331.873,
1917941.106,,328.919,333.177,
1918041.100,,329.069,335.316,
1918141.099,,329.153,337.169,
1918241.097,,328.417,334.085,
1918341.094,,328.134,333.861,
1918441.090,,328.664,332.099,
1918541.083,,328.617,332.328,
1918641.078,,329.250,329.677,
1918741.076,,329.787,328.514,
1918841.073,,328.644,329.846,
1918941.064,,330.380,328.481,
1919041.059,,330.511,328.205,
1919141.055,,330.719,327.490,
1919241.057,,331.393,329.310,
1919341.048,,330.124,334.095,
1919441.044,,332.938,333.818,
1919541.044,,330.702,333.016,
1919641.034,,330.856,331.431,
1919741.031,,329.948,330.026,
1919841.028,,329.391,331.660,
1919941.027,,329.728,329.834,
1920041.021,,330.125,331.517,
1920141.022,,329.934,340.223,
1920241.020,,331.219,349.176,
1920341.016,,330.432,359.667,
1920441.008,,329.373,353.324,
1920541.006,,328.928,346.645,
1920641.003,,329.265,341.374,
1920740.999,,329.478,341.957,
1920841.001,,330.599,360.574,
1920940.994,,329.422,361.323,
1921040.991,,329.354,359.503,
1921140.989,,328.420,352.373,
1921240.990,,328.638,346.850,
1921340.986,,329.149,341.622,
1921440.979,,329.212,341.090,
1921540.980,,329.047,340.065,
1921640.979,,329.684,335.844,
1921740.969,,329.502,336.399,
1921840.970,,329.717,341.080,
1921940.963,,329.432,336.338,
1922040.963,,329.574,333.864,
1922140.958,,329.277,334.819,
1922240.955,,329.308,336.707,
1922340.955,,329.379,336.458,
1922440.951,,330.045,337.763,
1922540.949,,330.093,336.689,
1922640.946,,329.321,336.505,
1922740.941,,329.544,335.624,
1922840.940,,328.784,337.103,
1922940.939,,329.037,336.328,
1923040.933,,328.984,335.959,
1923140.929,,328.585,335.585,
1923240.929,,328.642,331.906,
1923340.922,,327.544,330.989,
1923440.924,,329.329,332.252,
1923540.920,,328.799,331.318,
1923640.918,,329.800,329.120,
1923740.915,,328.888,327.668,
1923840.910,,328.277,328.547,
1923940.908,,328.791,328.608,
1924040.908,,328.967,329.654,
1924140.899,,329.034,329.651,
1924240.895,,328.297,328.032,
1924340.896,,329.050,330.348,
1924440.890,,328.144,337.913,
1924540.888,,329.123,334.625,
1924640.889,,329.395,333.186,
1924740.887,,329.945,333.145,
1924840.884,,330.412,330.046,
1924940.875,,329.605,327.880,
1925040.872,,330.851,328.470,
1925140.872,,330.706,328.251,
1925240.871,,330.327,326.527,
1925340.865,,330.101,326.568,
1925440.861,,329.788,327.300,
1925540.861,,329.917,330.502,
1925640.860,,328.643,332.770,
1925740.854,,328.381,335.405,
1925840.850,,328.274,335.651,
1925940.848,,329.062,335.363,
1926040.848,,328.447,338.439,
1926140.841,,328.950,337.686,
1926240.842,,329.211,336.457,
1926340.837,,329.543,333.727,
1926440.833,,330.159,342.050,
1926540.831,,329.187,340.162,
1926640.826,,329.838,343.335,
1926740.822,,329.162,341.934,
1926840.819,,328.409,339.159,
1926940.822,,328.821,334.122,
1927040.819,,329.616,333.904,
1927140.812,,328.163,334.199,
1927240.807,,327.425,330.083,
1927340.810,,327.807,332.454,
1927440.803,,328.767,330.668,
1927540.804,,329.354,331.569,
1927640.796,,329.731,340.699,
1927740.796,,330.087,341.609,
1927840.795,,328.889,342.264,
1927940.792,,328.530,343.468,
1928040.784,,328.660,342.629,
1928140.781,,328.877,343.379,
1928240.777,,329.544,341.881,
1928340.779,,329.677,339.519,
1928440.771,,328.872,343.452,
1928540.771,,329.168,344.314,
1928640.770,,328.418,341.087,
1928740.763,,328.798,335.771,
1928840.760,,328.208,334.289,
1928940.759,,326.043,334.102,
1929040.754,,326.540,332.441,
1929140.749,,325.771,334.173,
1929240.747,,325.153,358.604,
1929340.745,,325.427,353.519,
1929440.741,,325.934,346.272,
1929540.741,,326.534,342.231,
1929640.735,,326.645,340.900,
1929740.734,,327.788,340.283,
1929840.731,,327.648,339.862,
1929940.725,,327.788,336.853,
1930040.726,,327.418,337.637,
1930140.722,,327.716,335.026,
1930240.715,,327.765,335.994,
1930340.713,,327.365,334.682,
1930440.710,,328.200,334.899,
1930540.708,,328.195,334.291,
1930640.705,,328.575,332.338,
1930740.699,,328.713,331.147,
1930840.694,,328.156,335.203,
1930940.693,,328.258,333.451,
1931040.688,,327.269,330.033,
1931140.686,,328.042,334.608,
1931240.685,,329.212,334.371,
1931340.682,,330.142,332.979,
1931440.680,,329.882,332.815,
1931540.675,,329.281,334.279,
1931640.675,,329.356,335.625,
1931740.671,,328.785,335.802,
1931840.667,,328.309,338.224,
1931940.659,,328.279,335.028,
1932040.661,,328.910,332.902,
1932140.653,,328.717,331.501,
1932240.652,,329.015,331.338,
1932340.653,,327.656,328.495,
1932440.645,,328.414,327.418,
1932540.642,,328.809,325.449,
1932640.641,,329.825,325.243,
1932740.641,,328.714,322.698,
1932840.633,,328.161,321.954,
1932940.631,,327.739,321.881,
1933040.625,,328.682,322.260,
1933140.623,,328.327,322.300,
1933240.624,,328.288,323.696,
1933340.618,,327.966,325.960,
1933440.614,,328.410,328.534,
1933540.616,,328.495,326.756,
1933640.609,,328.551,325.981,
1933740.606,,328.244,328.025,
1933840.602,,330.026,329.239,
1933940.600,,328.992,330.185,
1934040.594,,330.158,328.761,
1934140.594,,329.546,328.218,
1934240.588,,329.671,328.964,
1934340.586,,328.340,328.472,
1934440.582,,329.126,325.952,
1934540.581,,329.301,325.093,
1934640.575,,327.853,326.078,
1934740.572,,327.754,326.930,
1934840.570,,328.968,328.123,
1934940.566,,328.037,332.178,
1935040.562,,328.098,330.964,
1935140.561,,328.256,330.486,
1935240.559,,328.598,328.520,
1935340.556,,328.070,329.835,
1935440.551,,328.504,330.507,
1935540.549,,328.412,329.107,
1935640.549,,327.904,330.548,
1935740.543,,328.094,330.339,
1935840.542,,327.741,327.484,
1935940.538,,327.891,327.119,
1936040.535,,328.553,331.678,
1936140.528,,328.856,330.878,
1936240.528,,328.347,329.184,
1936340.522,,327.580,339.975,
1936440.520,,328.424,342.768,
1936540.521,,328.165,339.773,
1936640.515,,328.599,337.823,
1936740.511,,328.636,337.248,
1936840.510,,328.279,337.340,
1936940.505,,328.272,339.240,
1937040.506,,328.325,336.392,
1937140.497,,328.092,334.131,
1937240.498,,328.278,335.990,
1937340.491,,328.608,334.524,
1937440.488,,328.493,334.055,
1937540.489,,328.652,331.489,
1937640.483,,328.153,331.039,
1937740.479,,327.713,332.410,
1937840.478,,328.008,336.794,
1937940.474,,328.093,339.718,
1938040.473,,328.182,338.892,
1938140.472,,328.008,334.895,
1938240.469,,328.059,332.580,
1938340.462,,327.943,332.741,
1938440.461,,327.827,333.370,
1938540.454,,327.964,339.382,
1938640.452,,327.634,354.801,
1938740.452,,327.802,348.542,
1938840.445,,327.360,340.842,
1938940.441,,328.260,352.012,
1939040.438,,327.804,350.741,
1939140.435,,327.310,343.465,
1939240.433,,328.000,339.709,
1939340.432,,327.850,339.105,
1939440.432,,328.116,335.769,
1939540.426,,329.110,333.534,
1939640.425,,329.570,337.080,
1939740.420,,329.514,338.487,
1939840.416,,330.074,334.344,
1939940.413,,329.455,330.701,
1940040.410,,329.870,330.041,
1940140.408,,328.197,330.903,
1940240.407,,329.315,327.974,
1940340.399,,328.639,326.702,
1940440.396,,327.446,325.474,
1940540.396,,328.302,325.467,
1940640.389,,327.465,323.019,
1940740.391,,327.924,321.950,
1940840.388,,328.408,330.465,
1940940.381,,328.117,331.704,
1941040.379,,328.245,329.951,
1941140.376,,328.507,327.886,
1941240.373,,328.383,329.630,
1941340.368,,328.783,339.701,
1941440.364,,328.441,353.097,
1941540.360,,327.595,345.372,
1941640.362,,328.236,347.763,
1941740.356,,328.617,342.363,
1941840.358,,329.015,337.312,
1941940.351,,328.372,333.637,
1942040.347,,330.104,338.259,
1942140.348,,329.416,340.493,
1942240.342,,329.291,336.111,
1942340.341,,329.652,332.840,
1942440.335,,329.724,331.234,
1942540.330,,329.622,332.537,
1942640.329,,329.389,332.980,
1942740.326,,330.017,331.222,
1942840.322,,328.810,331.819,
1942940.322,,329.156,331.355,
1943040.318,,328.840,332.195,
1943140.317,,328.762,333.373,
1943240.309,,329.590,332.507,
1943340.306,,328.527,331.976,
1943440.305,,328.757,329.055,
1943540.305,,329.827,327.234,
1943640.296,,329.031,325.645,
1943740.299,,328.920,335.132,
1943840.292,,326.889,333.146,
1943940.293,,326.429,331.983,
1944040.286,,327.469,329.677,
1944140.284,,326.332,336.037,
1944240.283,,327.823,339.823,
1944340.281,,327.404,340.873,
1944440.278,,326.745,340.777,
1944540.279,,327.170,359.463,
1944640.274,,327.102,355.635,
1944740.271,,327.482,347.271,
1944840.268,,327.380,341.975,
1944940.268,,327.052,335.725,
1945040.263,,327.206,332.629,
1945140.265,,328.138,330.582,
1945240.264,,328.962,332.341,
1945340.257,,328.904,335.899,
1945440.254,,329.107,334.393,
1945540.256,,329.231,335.066,
1945640.254,,329.993,331.527,
1945740.253,,331.556,330.881,
1945840.249,,329.955,332.329,
1945940.244,,329.424,329.917,
1946040.245,,330.036,340.207,
1946140.239,,330.226,354.106,
1946240.238,,330.367,347.439,
1946340.235,,330.037,350.508,
1946440.235,,329.998,346.149,
1946540.231,,329.727,341.105,
1946640.229,,328.048,340.051,
1946740.226,,329.937,334.356,
1946840.226,,328.413,330.528,
1946940.222,,328.476,328.729,
1947040.221,,329.007,329.334,
1947140.217,,328.518,331.455,
1947240.219,,328.195,330.682,
1947340.219,,327.121,330.813,
1947440.214,,327.893,329.322,
1947540.213,,327.273,329.712,
1947640.206,,326.640,338.164,
1947740.207,,326.995,335.828,
1947840.203,,327.497,336.782,
1947940.199,,327.550,342.080,
1948040.197,,327.359,338.756,
1948140.197,,327.365,338.821,
1948240.195,,328.048,336.206,
1948340.192,,327.780,337.827,
1948440.189,,327.262,339.295,
1948540.192,,328.234,337.660,
1948640.186,,327.915,333.011,
1948740.188,,328.780,334.188,
1948840.185,,328.712,332.181,
1948940.182,,329.072,329.640,
1949040.175,,328.959,331.939,
1949140.175,,329.072,330.739,
1949240.173,,329.268,328.037,
1949340.174,,328.995,327.723,
1949440.167,,330.031,329.582,
1949540.164,,330.473,331.650,
1949640.165,,329.696,333.681,
1949740.165,,330.129,339.087,
1949840.161,,329.557,342.861,
1949940.159,,328.697,342.169,
1950040.154,,329.522,342.064,
1950140.157,,329.288,336.865,
1950240.152,,328.982,332.764,
1950340.149,,329.200,332.375,
1950440.145,,329.485,332.941,
1950540.142,,328.578,335.355,
1950640.141,,329.007,336.452,
1950740.144,,329.649,338.066,
1950840.137,,328.972,337.024,
1950940.134,,330.084,334.636,
1951040.135,,329.241,331.882,
1951140.131,,329.115,329.826,
1951240.131,,328.753,329.852,
1951340.126,,328.208,331.980,
1951440.126,,328.803,329.001,
1951540.120,,329.361,327.662,
1951640.122,,328.601,327.941,
1951740.120,,329.168,326.612,
1951840.119,,329.144,325.301,
1951940.111,,329.172,324.047,
1952040.110,,328.486,325.421,
1952140.103,,328.139,327.863,
1952240.106,,327.920,330.319,
1952340.098,,327.677,337.126,
1952440.095,,327.281,332.913,
1952540.095,,327.748,328.787,
1952640.090,,327.694,328.026,
1952740.087,,327.423,331.575,
1952840.084,,327.618,333.881,
1952940.080,,328.143,332.617,
1953040.079,,327.954,333.232,
1953140.069,,327.565,333.644,
1953240.073,,328.438,333.059,
1953340.069,,328.828,349.078,
1953440.060,,328.667,346.718,
1953540.060,,328.555,340.264,
1953640.055,,328.468,335.102,
1953740.052,,328.253,335.452,
1953840.046,,328.411,334.350,
1953940.045,,326.686,335.993,
1954040.043,,327.481,331.829,
1954140.039,,326.081,331.468,
1954240.034,,325.638,331.328,
1954340.029,,325.034,331.664,
1954440.031,,324.903,330.803,
1954540.023,,324.664,333.235,
1954640.022,,324.950,335.450,
1954740.020,,324.914,343.123,
1954840.015,,325.061,342.207,
1954940.014,,326.847,344.163,
1955040.010,,327.331,343.051,
1955140.008,,327.736,340.975,
1955240.006,,327.815,339.876,
1955339.996,,327.971,337.897,
1955439.993,,328.094,336.423,
1955539.991,,328.200,336.250,
1955639.987,,327.962,333.689,
1955739.985,,327.323,332.270,
1955839.982,,328.310,332.808,
1955939.980,,327.839,337.568,
1956039.976,,328.253,336.704,
1956139.975,,327.727,337.370,
1956239.966,,328.155,339.688,
1956339.965,,329.196,337.834,
1956439.963,,329.016,335.747,
1956539.956,,328.869,335.041,
1956639.959,,328.076,337.546,
1956739.955,,328.771,335.738,
1956839.951,,329.822,333.676,
1956939.944,,329.121,332.834,
1957039.941,,329.366,338.262,
1957139.936,,329.121,338.404,
1957239.936,,328.695,339.054,
1957339.932,,329.271,339.023,
1957439.928,,329.281,342.236,
1957539.927,,329.118,337.862,
1957639.923,,329.484,336.126,
1957739.922,,329.466,344.275,
1957839.915,,329.646,354.709,
1957939.909,,329.047,347.449,
1958039.907,,328.411,347.479,
1958139.908,,328.240,347.350,
1958239.904,,329.440,342.859,
1958339.900,,329.462,337.776,
1958439.895,,329.929,334.846,
1958539.894,,330.002,331.402,
1958639.888,,329.649,332.797,
1958739.886,,329.129,332.963,
1958839.880,,328.575,330.559,
1958939.881,,328.530,330.157,
1959039.879,,327.547,331.238,
1959139.873,,328.572,338.976,
1959239.866,,328.067,335.900,
1959339.868,,327.171,333.495,
1959439.864,,326.802,329.666,
1959539.862,,327.220,329.529,
1959639.857,,327.731,326.545,
1959739.852,,327.622,326.426,
1959839.846,,328.025,329.369,
1959939.848,,328.800,328.580,
1960039.847,,327.977,328.089,
1960139.842,,328.206,330.997,
1960239.839,,328.299,331.230,
1960339.835,,328.652,342.987,
1960439.835,,328.711,349.747,
1960539.831,,329.062,343.215,
1960639.829,,329.922,339.994,
1960739.827,,330.195,336.434,
1960839.826,,328.918,333.928,
1960939.820,,329.602,332.985,
1961039.820,,330.499,331.255,
1961139.816,,329.189,330.345,
1961239.819,,329.282,334.835,
1961339.813,,329.793,341.409,
1961439.813,,329.189,338.939,
1961539.811,,327.995,334.349,
1961639.807,,328.692,330.402,
1961739.806,,328.552,327.801,
1961839.802,,329.423,326.351,
1961939.802,,329.443,326.183,
1962039.798,,329.239,327.868,
1962139.794,,328.607,327.621,
1962239.791,,328.294,327.388,
1962339.793,,328.154,326.548,
1962439.787,,328.481,325.012,
1962539.782,,328.262,325.126,
1962639.780,,327.991,332.640,
1962739.783,,328.088,331.538,
1962839.776,,327.429,332.487,
1962939.775,,327.514,330.228,
1963039.774,,326.907,341.065,
1963139.772,,327.379,351.990,
1963239.765,,327.917,343.162,
1963339.768,,326.874,340.453,
1963439.764,,326.786,343.720,
1963539.760,,326.754,354.560,
1963639.762,,326.827,348.346,
1963739.755,,327.534,342.896,
1963839.754,,327.523,340.209,
1963939.750,,327.288,340.243,
1964039.749,,327.833,344.859,
1964139.747,,329.089,350.415,
1964239.742,,327.868,344.246,
1964339.744,,327.134,339.011,
1964439.739,,327.304,339.241,
1964539.738,,327.087,335.253,
1964639.735,,328.168,332.327,
1964739.734,,328.052,333.644,
1964839.729,,329.127,334.809,
1964939.725,,329.887,335.640,
1965039.728,,329.985,337.857,
1965139.723,,330.102,341.993,
1965239.720,,329.584,340.320,
1965339.720,,330.121,348.639,
1965439.714,,331.435,352.940,
1965539.715,,330.770,348.550,
1965639.712,,329.895,345.149,
1965739.709,,331.308,341.502,
1965839.705,,331.080,335.264,
1965939.701,,330.034,331.348,
1966039.704,,328.842,330.753,
1966139.696,,329.183,330.788,
1966239.698,,329.643,334.755,
1966339.695,,329.210,335.625,
1966439.695,,329.315,334.272,
1966539.691,,329.145,337.681,
1966639.690,,329.314,337.031,
1966739.688,,329.367,337.229,
1966839.683,,328.712,334.944,
1966939.677,,328.914,333.451,
1967039.681,,328.215,330.570,
1967139.673,,327.869,331.046,
1967239.675,,328.482,332.279,
1967339.670,,328.014,331.928,
1967439.665,,328.783,332.773,
1967539.663,,328.620,333.178,
1967639.663,,329.016,335.481,
1967739.660,,329.192,333.555,
1967839.663,,328.581,335.155,
1967939.657,,328.212,333.681,
1968039.654,,327.618,332.725,
1968139.645,,326.947,339.777,
1968239.647,,327.540,337.392,
1968339.644,,328.396,334.954,
1968439.639,,329.271,335.138,
1968539.635,,327.907,333.780,
1968639.632,,327.710,336.539,
1968739.624,,328.147,337.550,
1968839.620,,327.226,332.152,
1968939.617,,327.639,330.844,
1969039.616,,326.259,329.235,
1969139.614,,326.108,331.532,
1969239.609,,327.695,341.601,
1969339.602,,326.419,341.081,
1969439.600,,326.405,337.524,
1969539.593,,328.160,335.257,
1969639.588,,328.587,338.293,
1969739.584,,330.209,338.013,
1969839.585,,329.612,334.606,
1969939.582,,330.984,334.124,
1970039.573,,331.041,334.194,
1970139.575,,330.649,334.567,
1970239.569,,329.959,331.470,
1970339.566,,329.062,329.530,
1970439.561,,328.566,330.897,
1970539.555,,328.090,330.231,
1970639.557,,329.000,329.557,
1970739.548,,329.180,330.244,
1970839.543,,329.022,337.685,
1970939.541,,329.161,337.429,
1971039.541,,329.532,337.468,
1971139.534,,329.878,337.489,
1971239.531,,329.093,345.319,
1971339.528,,330.073,352.114,
1971439.523,,329.949,348.037,
1971539.516,,329.638,342.584,
1971639.515,,329.974,345.009,
1971739.512,,329.621,349.973,
1971839.510,,329.011,343.349,
1971939.503,,329.146,343.139,
1972039.501,,329.453,341.047,
1972139.496,,329.980,339.131,
1972239.492,,329.537,337.371,
1972339.492,,330.521,336.788,
1972439.488,,330.963,334.309,
1972539.480,,331.868,334.333,
1972639.480,,330.541,330.853,
1972739.472,,331.070,333.294,
1972839.468,,330.783,330.491,
1972939.466,,330.520,328.137,
1973039.463,,329.936,327.274,
1973139.459,,329.137,325.344,
1973239.454,,329.204,324.546,
1973339.454,,329.562,324.762,
1973439.445,,329.580,327.986,
1973539.443,,329.387,329.450,
1973639.442,,329.405,330.704,
1973739.437,,329.396,333.435,
1973839.435,,329.785,331.439,
1973939.431,,329.984,330.191,
1974039.424,,329.683,330.720,
1974139.422,,329.542,328.990,
1974239.420,,330.120,326.666,
1974339.411,,327.943,326.078,
1974439.411,,328.755,327.613,
1974539.404,,329.333,325.281,
1974639.402,,329.019,325.394,
1974739.397,,328.453,325.265,
1974839.396,,330.856,325.949,
1974939.393,,329.812,324.924,
1975039.389,,329.899,325.606,
1975139.385,,330.057,325.986,
1975239.379,,331.439,329.571,
1975339.378,,330.895,330.561,
1975439.369,,329.704,328.703,
1975539.367,,329.837,326.857,
1975639.365,,329.996,324.058,
1975739.363,,329.676,323.606,
1975839.356,,329.606,324.948,
1975939.355,,329.764,330.664,
1976039.350,,328.304,331.593,
1976139.351,,328.561,331.145,
1976239.346,,328.942,330.634,
1976339.346,,329.295,332.323,
1976439.343,,328.539,339.991,
1976539.337,,328.353,342.666,
1976639.340,,328.746,339.364,
1976739.335,,328.611,337.295,
1976839.332,,328.325,335.087,
1976939.329,,327.803,332.241,
1977039.327,,328.075,341.593,
1977139.325,,327.536,346.754,
1977239.321,,328.200,343.022,
1977339.324,,328.361,347.427,
1977439.316,,328.747,349.896,
1977539.318,,329.439,341.518,
1977639.312,,328.540,337.114,
1977739.309,,329.205,336.011,
1977839.312,,329.998,336.946,
1977939.306,,329.467,335.506,
1978039.303,,329.660,339.028,
1978139.303,,329.218,337.199,
1978239.301,,329.450,334.869,
1978339.298,,329.109,335.187,
1978439.296,,329.068,331.516,
1978539.297,,328.512,328.821,
1978639.290,,328.197,328.302,
1978739.287,,328.560,331.037,
1978839.287,,327.692,336.734,
1978939.287,,328.608,333.233,
1979039.283,,328.375,335.738,
1979139.280,,328.310,332.352,
1979239.279,,328.478,329.587,
1979339.279,,328.286,327.486,
1979439.275,,327.171,341.158,
1979539.273,,327.736,345.613,
1979639.270,,328.166,345.235,
1979739.268,,328.122,341.899,
1979839.263,,327.339,335.995,
1979939.260,,328.233,334.598,
1980039.262,,327.696,333.503,
1980139.254,,326.943,344.226,
1980239.257,,327.498,339.672,
1980339.253,,328.172,335.452,
1980439.250,,327.948,332.100,
1980539.247,,328.153,330.963,
1980639.244,,328.587,330.183,
1980739.244,,328.463,328.860,
1980839.240,,328.008,328.638,
1980939.238,,327.961,327.761,
1981039.234,,327.399,333.477,
1981139.235,,327.332,333.528,
1981239.232,,328.281,331.238,
1981339.230,,328.081,331.942,
1981439.224,,328.059,329.175,
1981539.224,,327.976,326.631,
1981639.224,,328.462,327.318,
1981739.221,,327.355,329.451,
1981839.221,,327.273,344.356,
1981939.217,,327.297,345.427,
1982039.215,,327.038,342.701,
1982139.212,,326.957,337.798,
1982239.207,,326.668,335.518,
1982339.206,,326.658,335.333,
1982439.206,,326.322,339.124,
1982539.199,,327.262,338.707,
1982639.195,,327.505,337.049,
1982739.195,,327.804,337.136,
1982839.195,,328.835,334.445,
1982939.191,,328.349,331.663,
1983039.193,,329.404,331.415,
1983139.190,,329.512,333.812,
1983239.183,,329.222,336.353,
1983339.184,,328.942,337.043,
1983439.183,,328.888,335.269,
1983539.175,,328.691,334.315,
1983639.176,,329.116,336.044,
1983739.173,,329.224,343.810,
1983839.172,,327.476,344.268,
1983939.164,,326.473,343.593,
1984039.164,,325.484,346.206,
1984139.156,,325.857,344.611,
1984239.158,,326.154,343.646,
1984339.150,,327.286,340.097,
1984439.148,,327.080,338.181,
1984539.142,,326.692,336.375,
1984639.144,,327.416,334.943,
1984739.135,,327.076,334.464,
1984839.131,,327.270,333.379,
1984939.127,,326.597,330.569,
1985039.122,,326.962,328.488,
1985139.118,,327.227,329.087,
1985239.114,,326.801,343.485,
1985339.116,,326.863,343.790,
1985439.108,,327.014,338.940,
1985539.109,,327.101,336.143,
1985639.101,,327.480,336.197,
1985739.098,,326.753,336.810,
1985839.095,,326.501,338.604,
1985939.093,,326.080,338.053,
1986039.083,,326.498,333.378,
1986139.082,,326.480,332.852,
1986239.079,,327.171,330.585,
1986339.078,,326.980,328.685,
1986439.070,,327.332,327.477,
1986539.070,,327.483,325.460,
1986639.061,,327.618,327.528,
1986739.060,,327.860,330.422,
1986839.058,,327.745,335.440,
1986939.050,,329.124,338.839,
1987039.045,,328.259,334.228,
1987139.043,,330.165,339.410,
1987239.044,,328.761,334.186,
1987339.033,,328.073,329.529,
1987439.036,,327.698,326.156,
1987539.029,,327.330,324.659,
1987639.023,,328.214,324.957,
1987739.018,,328.865,322.976,
1987839.017,,327.497,321.280,
1987939.014,,327.034,320.803,
1988039.012,,326.905,321.887,
1988139.004,,326.268,321.505,
1988239.005,,326.056,322.376,
1988338.999,,326.450,329.869,
1988438.993,,326.438,334.788,
1988538.989,,325.727,333.493,
1988638.987,,326.250,330.028,
1988738.986,,326.640,328.920,
1988838.976,,327.792,326.566,
1988938.974,,327.775,325.490,
1989038.973,,328.257,325.646,
1989138.970,,327.917,326.059,
1989238.962,,328.276,327.966,
1989338.963,,328.018,328.136,
1989438.959,,328.359,326.572,
1989538.953,,329.990,325.252,
1989638.948,,329.267,324.662,
1989738.943,,328.977,327.374,
1989838.942,,329.066,328.895,
1989938.939,,328.979,333.791,
1990038.931,,328.394,335.652,
1990138.929,,328.466,334.371,
1990238.925,,327.827,334.917,
1990338.920,,327.576,331.363,
1990438.921,,327.647,329.272,
1990538.913,,328.314,328.429,
1990638.910,,328.046,336.326,
1990738.909,,327.931,336.880,
1990838.905,,327.833,333.339,
1990938.895,,327.919,336.345,
1991038.891,,327.484,338.060,
1991138.893,,327.807,335.943,
1991238.886,,328.030,333.478,
1991338.884,,327.158,331.144,
1991438.882,,327.700,332.948,
1991538.877,,327.549,334.128,
1991638.872,,328.938,335.265,
1991738.865,,329.344,332.717,
1991838.865,,329.745,332.431,
1991938.861,,329.612,333.651,
1992038.860,,329.689,333.597,
1992138.860,,330.248,334.195,
1992238.859,,329.983,333.117,
1992338.857,,329.537,332.432,
1992438.856,,330.421,330.501,
1992538.855,,329.740,332.065,
1992638.849,,331.785,332.459,
1992738.849,,330.918,332.701,
1992838.850,,330.504,339.338,
1992938.844,,330.908,337.154,
1993038.846,,330.456,336.782,
1993138.841,,330.568,332.834,
1993238.837,,329.942,331.508,
1993338.840,,330.576,332.698,
1993438.840,,329.858,335.718,
1993538.834,,331.039,333.896,
1993638.833,,330.614,330.645,
1993738.834,,327.103,327.665,
1993838.828,,328.484,327.412,
1993938.829,,329.660,332.293,
1994038.828,,331.054,337.028,
1994138.829,,331.188,335.023,
1994238.824,,330.520,332.826,
1994338.824,,328.083,332.829,
1994438.822,,330.349,335.023,
1994538.819,,329.670,335.737,
1994638.819,,329.345,333.344,
1994738.817,,330.343,333.338,
1994838.811,,329.867,336.156,
1994938.813,,329.503,336.044,
1995038.812,,329.698,335.460,
1995138.812,,329.468,334.106,
1995238.808,,329.286,336.722,
1995338.807,,329.622,339.235,
1995438.801,,329.384,341.390,
1995538.801,,329.158,342.433,
1995638.798,,329.087,341.122,
1995738.802,,329.282,340.908,
1995838.796,,329.547,339.424,
1995938.799,,330.043,335.516,
1996038.792,,330.124,335.225,
1996138.795,,329.980,336.283,
1996238.788,,329.928,339.259,
1996338.792,,330.078,335.736,
1996438.784,,330.087,334.328,
1996538.787,,330.239,333.502,
1996638.785,,330.107,332.843,
1996738.784,,329.406,334.304,
1996838.781,,329.747,333.755,
1996938.777,,329.653,340.955,
1997038.775,,329.867,340.757,
1997138.777,,329.260,347.017,
1997238.774,,329.411,343.795,
1997338.774,,329.603,342.864,
1997438.773,,329.659,347.644,
1997538.769,,329.220,346.555,
1997638.766,,329.282,342.156,
1997738.768,,329.789,339.388,
1997838.767,,330.378,337.274,
1997938.759,,328.964,336.058,
1998038.760,,330.262,340.567,
1998138.757,,329.957,339.000,
1998238.758,,330.931,336.215,
1998338.759,,330.589,336.803,
1998438.752,,329.883,336.930,
1998538.756,,330.068,338.157,
1998638.751,,330.052,338.492,
1998738.749,,330.157,337.551,
1998838.749,,329.916,337.708,
1998938.745,,330.010,334.747,
1999038.745,,330.034,330.463,
1999138.746,,330.424,329.230,
1999238.741,,329.895,329.368,
1999338.742,,330.576,331.792,
1999438.737,,330.409,329.339,
1999538.735,,329.612,329.259,
1999638.736,,328.660,327.323,
1999738.731,,328.763,326.910,
1999838.732,,328.622,325.489,
1999938.727,,328.534,326.879,
2000038.722,,328.500,327.650,
2000138.719,,329.254,328.099,
2000238.713,,330.948,336.257,
2000338.712,,331.880,334.757,
2000438.708,,332.035,333.316,
2000538.701,,330.840,331.493,
2000638.696,,330.318,333.469,
2000738.698,,329.729,332.363,
2000838.694,,329.705,329.894,
2000938.688,,328.592,328.372,
2001038.682,,329.049,328.505,
2001138.682,,329.706,327.299,
2001238.674,,329.248,329.904,
2001338.670,,329.999,333.988,
2001438.666,,329.187,335.310,
2001538.662,,328.958,333.284,
2001638.658,,329.627,329.820,
2001738.657,,329.454,329.473,
2001838.648,,329.343,330.553,
2001938.647,,329.792,332.113,
2002038.641,,329.229,330.620,
2002138.640,,329.780,329.328,
2002238.637,,329.518,329.683,
2002338.634,,330.173,330.094,
2002438.627,,329.434,331.045,
2002538.619,,329.397,332.370,
2002638.617,,330.077,333.849,
2002738.614,,329.947,334.431,
2002838.609,,329.679,335.453,
2002938.606,,329.678,338.053,
2003038.603,,329.228,338.944,
2003138.599,,329.112,334.496,
2003238.596,,329.003,331.023,
2003338.590,,329.434,330.748,
2003438.587,,329.972,331.217,
2003538.579,,330.279,336.786,
2003638.577,,330.038,334.710,
2003738.575,,329.607,334.287,
2003838.572,,329.285,334.902,
2003938.569,,328.759,331.657,
2004038.564,,329.233,331.056,
2004138.560,,329.392,329.805,
2004238.551,,328.623,328.339,
2004338.552,,328.539,326.677,
2004438.544,,328.451,325.713,
2004538.540,,328.418,326.689,
2004638.540,,329.007,329.259,
2004738.533,,329.356,328.458,
2004838.527,,328.698,328.488,
2004938.527,,329.272,328.336,
2005038.519,,328.910,328.700,
2005138.518,,329.309,326.829,
2005238.512,,328.922,326.042,
2005338.510,,329.059,326.021,
2005438.502,,330.112,328.125,
2005538.498,,330.413,332.989,
2005638.495,,331.048,331.979,
2005738.495,,330.651,330.629,
2005838.488,,332.176,327.104,
2005938.488,,329.865,325.741,
2006038.480,,327.674,327.308,
2006138.480,,327.594,327.391,
2006238.475,,327.327,335.225,
2006338.469,,327.392,332.818,
2006438.467,,327.494,334.646,
2006538.459,,327.625,335.863,
2006638.460,,327.050,337.433,
2006738.455,,327.908,336.908,
2006838.452,,328.972,334.717,
2006938.448,,327.600,332.660,
2007038.440,,328.767,334.395,
2007138.439,,329.177,335.565,
2007238.433,,329.111,337.202,
2007338.426,,328.870,338.391,
2007438.422,,328.708,337.094,
2007538.419,,329.086,333.230,
2007638.415,,329.679,329.013,
2007738.411,,329.715,327.535,
2007838.407,,329.009,327.593,
2007938.405,,329.181,329.507,
2008038.399,,328.698,330.173,
2008138.395,,328.711,330.028,
2008238.392,,328.996,329.119,
2008338.393,,329.210,328.061,
2008438.387,,328.427,330.343,
2008538.382,,328.475,336.442,
2008638.379,,328.568,339.157,
2008738.380,,327.919,342.736,
2008838.376,,327.928,340.560,
2008938.372,,328.372,338.564,
2009038.370,,328.518,342.070,
2009138.365,,328.725,346.960,
2009238.357,,328.888,350.302,
2009338.356,,329.033,354.160,
2009438.355,,328.369,350.921,
2009538.352,,328.896,348.137,
2009638.348,,328.993,350.502,
2009738.339,,329.021,351.707,
2009838.342,,328.087,347.800,
2009938.335,,327.984,348.004,
2010038.335,,327.909,352.523,
2010138.327,,327.855,353.798,
2010238.328,,328.093,346.359,
2010338.321,,328.460,341.157,
2010438.317,,329.175,335.584,
2010538.314,,328.264,332.217,
2010638.311,,328.362,331.831,
2010738.310,,329.508,329.162,
2010838.305,,329.722,330.193,
2010938.301,,329.323,330.761,
2011038.295,,329.490,330.488,
2011138.293,,329.451,331.122,
2011238.294,,328.774,334.662,
2011338.287,,329.640,339.674,
2011438.286,,330.245,335.002,
2011538.278,,329.810,330.863,
2011638.276,,329.666,329.187,
2011738.276,,329.662,327.512,
2011838.267,,329.334,325.224,
2011938.265,,328.300,326.340,
2012038.260,,328.180,327.763,
2012138.257,,328.580,326.580,
2012238.258,,328.643,327.099,
2012338.254,,328.958,327.737,
2012438.249,,329.476,328.217,
2012538.244,,329.123,332.578,
2012638.239,,329.928,346.710,
2012738.241,,331.554,340.519,
2012838.237,,328.716,335.137,
2012938.235,,328.264,331.848,
2013038.227,,327.816,335.039,
2013138.228,,328.190,333.231,
2013238.221,,328.450,331.140,
2013338.221,,328.651,332.037,
2013438.213,,329.868,332.914,
2013538.214,,330.627,330.685,
2013638.211,,329.876,329.185,
2013738.206,,329.658,331.941,
2013838.202,,329.424,331.159,
2013938.197,,329.846,329.312,
2014038.194,,330.043,327.879,
2014138.189,,329.740,329.093,
2014238.188,,330.158,335.721,
2014338.182,,330.509,333.512,
2014438.183,,329.181,332.094,
2014538.179,,330.100,331.430,
2014638.171,,330.561,334.251,
2014738.169,,329.470,331.357,
2014838.163,,329.631,330.952,
2014938.166,,330.039,330.467,
2015038.163,,330.460,329.211,
2015138.157,,330.363,330.810,
2015238.150,,330.418,331.835,
2015338.146,,330.206,331.369,
2015438.145,,330.456,331.926,
2015538.141,,331.948,331.390,
2015638.142,,331.040,330.975,
2015738.135,,330.666,333.243,
2015838.129,,331.432,332.191,
2015938.132,,330.566,329.621,
2016038.128,,330.026,330.733,
2016138.119,,329.012,333.484,
2016238.118,,328.594,335.223,
2016338.119,,329.439,336.198,
2016438.115,,328.962,337.482,
2016538.106,,328.714,338.445,
2016638.108,,329.177,337.981,
2016738.100,,329.640,342.924,
2016838.102,,330.237,344.501,
2016938.098,,329.774,343.065,
2017038.090,,329.882,343.584,
2017138.093,,330.312,343.580,
2017238.087,,329.906,343.157,
2017338.083,,329.020,339.375,
2017438.082,,328.957,340.120,
2017538.077,,328.691,340.812,
2017638.074,,329.681,345.245,
2017738.070,,330.751,340.149,
2017838.065,,329.234,335.162,
2017938.063,,328.501,335.230,
2018038.059,,328.592,333.700,
2018138.055,,329.153,330.264,
2018238.053,,324.533,329.681,
2018338.052,,327.622,333.379,
2018438.044,,328.836,334.537,
2018538.045,,329.691,333.387,
2018638.039,,330.244,328.904,
2018738.034,,326.145,329.531,
2018838.037,,329.895,332.131,
2018938.033,,330.706,333.546,
2019038.027,,330.937,334.746,
2019138.020,,330.872,336.663,
2019238.020,,330.960,334.295,
2019338.017,,329.796,336.474,
2019438.015,,328.635,336.561,
2019538.009,,327.967,337.982,
2019638.007,,328.704,340.762,
2019738.002,,328.340,340.693,
2019838.000,,328.752,336.538,
2019938.000,,328.229,335.107,
2020037.991,,328.395,335.443,
2020137.993,,329.114,335.396,
2020237.989,,328.817,333.783,
2020337.983,,328.036,330.628,
2020437.982,,328.276,331.700,
2020537.980,,328.601,340.890,
2020637.972,,328.901,335.988,
2020737.973,,330.341,333.409,
2020837.967,,329.531,332.403,
2020937.962,,329.471,331.635,
2021037.963,,329.887,333.525,
2021137.960,,329.152,332.481,
2021237.957,,327.959,332.851,
2021337.953,,329.782,333.354,
2021437.950,,329.853,332.387,
2021537.948,,329.772,333.099,
2021637.943,,331.721,332.372,
2021737.941,,331.473,333.835,
2021837.935,,332.971,335.180,
2021937.931,,330.953,334.763,
2022037.930,,330.506,332.599,
2022137.923,,331.413,333.936,
2022237.920,,331.157,335.598,
2022337.922,,333.672,332.432,
2022437.917,,330.884,332.477,
2022537.914,,329.773,334.676,
2022637.909,,328.518,337.808,
2022737.906,,329.149,336.315,
2022837.904,,329.469,334.381,
2022937.900,,328.926,339.627,
2023037.895,,328.814,336.019,
2023137.894,,329.148,336.355,
2023237.887,,328.795,341.006,
2023337.882,,328.839,346.335,
2023437.879,,328.693,342.129,
2023537.881,,328.579,337.551,
2023637.875,,328.873,333.996,
2023737.875,,328.839,329.264,
2023837.870,,328.465,327.726,
2023937.866,,327.983,329.414,
2024037.863,,328.688,333.802,
2024137.862,,328.120,340.447,
2024237.859,,328.367,343.276,
2024337.851,,328.544,339.785,
2024437.852,,328.317,335.650,
2024537.850,,328.307,332.344,
2024637.849,,328.425,333.905,
2024737.846,,328.112,337.097,
2024837.838,,328.959,337.990,
2024937.839,,328.282,335.010,
2025037.836,,328.279,332.527,
2025137.834,,330.323,330.639,
2025237.829,,330.799,330.196,
2025337.824,,330.801,333.092,
2025437.821,,331.009,333.729,
2025537.821,,329.597,334.899,
2025637.820,,328.703,336.353,
2025737.812,,328.905,333.206,
2025837.813,,328.418,329.557,
2025937.808,,328.362,328.180,
2026037.809,,327.975,329.579,
2026137.806,,328.195,332.437,
2026237.802,,327.876,354.071,
2026337.795,,327.905,360.468,
2026437.794,,328.165,354.074,
2026537.790,,328.021,349.055,
2026637.786,,327.690,347.284,
2026737.784,,328.208,345.361,
2026837.783,,328.440,344.939,
2026937.781,,328.335,341.094,
2027037.780,,327.924,336.941,
2027137.776,,328.060,352.994,
2027237.773,,328.153,358.151,
2027337.766,,327.992,350.807,
2027437.768,,328.247,374.089,
2027537.761,,327.643,378.934,
2027637.760,,328.070,368.903,
2027737.760,,327.953,362.827,
2027837.753,,328.504,357.146,
2027937.751,,328.689,351.775,
2028037.751,,328.452,347.451,
2028137.748,,329.597,342.579,
2028237.741,,329.451,339.535,
2028337.742,,328.545,338.495,
2028437.740,,328.102,336.663,
2028537.738,,328.113,334.314,
2028637.732,,328.394,333.469,
2028737.730,,328.671,331.467,
2028837.724,,329.470,337.023,
2028937.726,,329.259,359.222,
2029037.721,,329.258,357.431,
2029137.717,,329.103,350.915,
2029237.713,,329.404,346.997,
2029337.710,,328.623,358.897,
2029437.708,,328.559,351.859,
2029537.705,,328.268,345.326,
2029637.700,,328.108,344.252,
2029737.701,,328.872,341.622,
2029837.694,,329.120,338.305,
2029937.693,,328.624,337.176,
2030037.691,,328.994,334.291,
2030137.690,,329.339,332.362,
2030237.684,,330.062,331.410,
2030337.685,,329.464,348.954,
2030437.684,,328.464,355.437,
2030537.677,,328.575,354.361,
2030637.672,,329.435,352.037,
2030737.674,,329.361,348.309,
2030837.667,,327.811,353.264,
2030937.669,,328.387,354.919,
2031037.664,,328.685,349.449,
2031137.657,,329.168,343.886,
2031237.661,,330.013,342.685,
2031337.652,,330.232,341.132,
2031437.651,,329.863,338.274,
2031537.649,,329.263,333.928,
2031637.648,,328.569,332.369,
2031737.645,,327.984,330.884,
2031837.643,,329.016,330.399,
2031937.641,,329.321,330.678,
2032037.634,,329.487,331.817,
2032137.631,,329.528,332.564,
2032237.629,,330.391,333.779,
2032337.625,,330.263,330.947,
2032437.624,,331.001,331.176,
2032537.621,,331.809,332.883,
2032637.616,,330.894,335.335,
2032737.619,,331.274,334.397,
2032837.616,,329.563,330.984,
2032937.607,,330.017,331.758,
2033037.611,,331.458,330.148,
2033137.607,,331.255,329.109,
2033237.602,,331.676,328.966,
2033337.599,,331.602,327.097,
2033437.597,,332.135,330.661,
2033537.598,,331.646,328.727,
2033637.594,,330.377,326.581,
2033737.591,,329.424,323.802,
2033837.588,,328.571,322.681,
2033937.581,,329.137,325.734,
2034037.580,,329.726,328.452,
2034137.582,,330.273,333.000,
2034237.578,,329.865,335.501,
2034337.572,,329.629,335.510,
2034437.569,,330.138,334.530,
2034537.568,,330.342,333.124,
2034637.562,,331.151,334.607,
2034737.563,,331.730,332.635,
2034837.561,,330.881,335.497,
2034937.560,,331.854,336.523,
2035037.551,,329.417,336.188,
2035137.549,,330.612,335.441,
2035237.549,,332.365,333.698,
2035337.546,,330.703,330.785,
2035437.546,,331.398,329.384,
2035537.541,,331.674,326.397,
2035637.540,,331.565,325.598,
2035737.534,,330.847,324.637,
2035837.534,,331.265,324.388,
2035937.530,,330.203,325.078,
2036037.525,,330.041,327.947,
2036137.522,,330.586,329.359,
2036237.522,,330.931,339.798,
2036337.518,,331.226,344.863,
2036437.517,,331.324,345.001,
2036537.511,,329.974,343.011,
2036637.508,,330.465,338.136,
2036737.508,,329.300,334.489,
2036837.506,,329.982,332.927,
2036937.506,,331.113,330.462,
2037037.503,,330.526,331.043,
2037137.501,,329.335,330.040,
2037237.492,,328.280,331.832,
2037337.491,,329.690,336.262,
2037437.489,,329.694,347.589,
2037537.486,,329.187,345.220,
2037637.482,,329.436,345.360,
2037737.482,,329.538,342.923,
2037837.479,,331.379,342.252,
2037937.476,,330.649,343.581,
2038037.475,,330.620,343.194,
2038137.469,,330.380,340.169,
2038237.466,,330.172,340.087,
2038337.466,,330.446,338.298,
2038437.460,,330.416,337.634,
2038537.458,,330.280,336.422,
2038637.459,,330.336,339.338,
2038737.454,,329.737,337.495,
2038837.449,,329.514,339.162,
2038937.446,,329.793,337.440,
2039037.445,,330.515,337.378,
2039137.447,,330.323,339.259,
2039237.443,,329.366,341.277,
2039337.439,,330.172,336.517,
2039437.433,,330.763,334.454,
2039537.433,,331.080,333.057,
2039637.431,,329.292,330.099,
2039737.428,,329.189,330.917,
2039837.425,,329.058,330.706,
2039937.418,,329.458,331.398,
2040037.419,,330.447,335.542,
2040137.415,,330.181,336.856,
2040237.410,,330.942,336.539,
2040337.406,,331.541,335.324,
2040437.404,,331.741,336.463,
2040537.401,,331.325,334.775,
2040637.395,,330.803,331.787,
2040737.389,,330.757,329.644,
2040837.389,,329.648,327.890,
2040937.387,,329.096,328.413,
2041037.378,,329.517,330.818,
2041137.375,,330.331,330.905,
2041237.375,,329.261,330.084,
2041337.368,,328.870,331.106,
2041437.366,,329.733,332.246,
2041537.360,,330.019,332.915,
2041637.357,,330.039,332.015,
2041737.353,,330.140,332.916,
2041837.354,,329.585,334.215,
2041937.350,,329.840,332.192,
2042037.344,,330.337,331.493,
2042137.339,,329.813,331.101,
2042237.339,,330.709,332.544,
2042337.334,,330.252,334.971,
2042437.328,,330.536,339.518,
2042537.329,,329.722,339.133,
2042637.324,,329.287,335.129,
2042737.321,,329.294,332.503,
2042837.316,,329.091,329.637,
2042937.308,,330.361,330.180,
2043037.309,,330.627,330.039,
2043137.306,,330.728,330.275,
2043237.298,,329.926,330.321,
2043337.294,,330.117,331.220,
2043437.290,,329.813,333.443,
2043537.290,,330.013,334.707,
2043637.282,,329.894,338.489,
2043737.281,,329.699,336.559,
2043837.280,,329.270,334.597,
2043937.272,,329.292,331.431,
2044037.271,,329.623,331.404,
2044137.263,,328.943,330.256,
2044237.266,,329.367,329.684,
2044337.260,,329.331,327.687,
2044437.254,,328.752,331.852,
2044537.248,,329.086,332.829,
2044637.245,,329.980,331.481,
2044737.242,,329.242,329.941,
2044837.238,,328.606,329.795,
2044937.237,,328.882,337.936,
2045037.236,,328.116,334.277,
2045137.233,,326.903,330.568,
2045237.228,,328.226,330.518,
2045337.225,,331.729,333.089,
2045437.222,,332.773,330.268,
2045537.214,,331.906,328.996,
2045637.208,,332.582,331.349,
2045737.210,,330.781,353.334,
2045837.206,,331.349,352.076,
2045937.201,,330.365,345.096,
2046037.194,,330.377,341.428,
2046137.191,,330.313,340.769,
2046237.185,,332.631,339.600,
2046337.182,,331.292,335.728,
2046437.182,,331.785,336.318,
2046537.176,,329.513,338.214,
2046637.177,,329.081,334.332,
2046737.170,,328.259,331.409,
2046837.168,,327.858,331.287,
2046937.161,,328.660,332.098,
2047037.156,,328.657,330.874,
2047137.153,,328.780,330.835,
2047237.155,,327.889,327.944,
2047337.145,,328.151,329.894,
2047437.146,,328.810,330.733,
2047537.138,,332.316,331.576,
2047637.135,,330.286,332.353,
2047737.133,,332.530,332.197,
2047837.133,,331.987,332.555,
2047937.128,,330.959,328.266,
2048037.125,,330.006,328.495,
2048137.123,,331.735,331.697,
2048237.120,,330.941,336.714,
2048337.117,,330.802,338.953,
2048437.113,,330.823,337.181,
2048537.111,,331.357,335.368,
2048637.111,,330.862,337.454,
2048737.106,,331.929,335.162,
2048837.104,,331.858,333.220,
2048937.104,,331.558,333.468,
2049037.100,,331.495,334.135,
2049137.094,,332.182,339.373,
2049237.091,,330.017,334.149,
2049337.088,,329.070,332.299,
2049437.088,,329.151,334.207,
2049537.086,,328.716,337.203,
2049637.082,,329.252,346.181,
2049737.077,,329.250,343.616,
2049837.076,,330.034,343.926,
2049937.072,,330.212,339.101,
2050037.075,,330.000,335.205,
2050137.069,,328.790,336.856,
2050237.068,,328.537,338.814,
2050337.066,,328.898,339.915,
2050437.061,,329.041,336.658,
2050537.056,,329.330,338.794,
2050637.059,,329.401,337.223,
2050737.054,,329.735,333.704,
2050837.055,,329.292,334.587,
2050937.051,,329.259,334.933,
2051037.046,,328.962,335.341,
2051137.044,,330.134,336.117,
2051237.040,,330.603,334.333,
2051337.037,,328.974,331.231,
2051437.034,,329.568,331.078,
2051537.035,,329.620,330.487,
2051637.028,,328.752,330.305,
2051737.029,,328.338,332.906,
2051837.028,,329.151,332.448,
2051937.021,,328.769,334.775,
2052037.020,,329.206,335.577,
2052137.018,,329.241,335.170,
2052237.017,,329.959,337.851,
2052337.012,,329.065,333.584,
2052437.007,,328.929,336.146,
2052537.010,,329.300,335.246,
2052637.004,,329.689,333.999,
2052737.005,,328.869,332.042,
2052836.997,,328.657,333.134,
2052936.993,,329.688,334.448,
2053036.991,,329.509,333.298,
2053136.988,,329.646,332.942,
2053236.987,,331.385,336.444,
2053336.988,,331.288,335.524,
2053436.984,,331.370,335.516,
2053536.982,,330.236,335.852,
2053636.981,,330.478,334.567,
2053736.974,,330.356,354.131,
2053836.976,,328.595,350.482,
2053936.972,,329.116,346.450,
2054036.969,,330.266,343.751,
2054136.963,,329.100,342.794,
2054236.966,,329.184,344.058,
2054336.961,,330.485,344.442,
2054436.956,,330.997,338.872,
2054536.953,,330.670,335.711,
2054636.953,,330.276,339.063,
2054736.949,,330.608,335.365,
2054836.947,,331.501,333.838,
2054936.946,,331.045,333.805,
2055036.943,,330.566,333.163,
2055136.938,,330.659,331.555,
2055236.939,,328.648,334.550,
2055336.932,,331.528,333.971,
2055436.931,,329.792,331.299,
2055536.932,,330.741,334.446,
2055636.929,,330.020,356.558,
2055736.926,,330.636,364.632,
2055836.921,,329.757,355.227,
2055936.917,,329.529,348.631,
2056036.912,,330.182,343.890,
2056136.913,,329.946,340.604,
2056236.905,,329.019,341.228,
2056336.904,,329.833,341.442,
2056436.904,,329.824,336.674,
2056536.897,,329.491,333.359,
2056636.895,,328.993,332.601,
2056736.889,,328.837,338.837,
2056836.890,,330.108,341.759,
2056936.885,,330.013,341.187,
2057036.881,,329.694,337.515,
2057136.877,,331.128,333.839,
2057236.875,,330.512,330.763,
2057336.875,,329.524,332.253,
2057436.873,,329.448,330.803,
2057536.864,,329.492,330.059,
2057636.865,,329.825,336.223,
2057736.860,,329.417,334.228,
2057836.859,,328.612,331.575,
2057936.853,,327.505,331.870,
2058036.850,,326.856,330.116,
2058136.849,,327.656,328.024,
2058236.843,,327.895,326.231,
2058336.841,,329.148,325.120,
2058436.838,,329.584,324.301,
2058536.838,,329.417,326.719,
2058636.835,,329.421,344.501,
2058736.831,,329.443,344.940,
2058836.823,,328.801,339.920,
2058936.821,,329.022,338.131,
2059036.820,,330.162,336.460,
2059136.818,,329.600,335.855,
2059236.812,,330.371,334.603,
2059336.813,,329.930,331.801,
2059436.807,,330.302,331.974,
2059536.806,,330.870,335.359,
2059636.799,,330.324,331.028,
2059736.796,,330.285,328.077,
2059836.791,,329.579,326.563,
2059936.789,,328.717,328.120,
2060036.784,,328.757,331.862,
2060136.785,,328.669,332.526,
2060236.781,,327.955,332.151,
2060336.779,,327.914,332.073,
2060436.775,,328.213,331.305,
2060536.770,,328.373,331.425,
2060636.770,,329.029,335.997,
2060736.764,,328.350,338.250,
2060836.763,,328.101,334.659,
2060936.760,,327.173,334.263,
2061036.756,,327.560,332.485,
2061136.755,,327.815,330.383,
2061236.748,,327.964,336.114,
2061336.749,,328.190,335.587,
2061436.743,,329.702,334.248,
2061536.737,,329.784,330.859,
2061636.735,,329.872,332.369,
2061736.736,,329.418,330.146,
2061836.733,,332.286,329.429,
2061936.726,,330.036,327.465,
2062036.723,,328.472,328.993,
2062136.718,,328.310,330.633,
2062236.719,,328.318,330.944,
2062336.714,,328.115,330.777,
2062436.713,,328.613,334.094,
2062536.709,,327.930,334.267,
2062636.706,,328.449,335.166,
2062736.701,,327.826,334.584,
2062836.697,,327.208,335.231,
2062936.698,,328.720,337.261,
2063036.690,,328.809,334.445,
2063136.690,,328.415,332.198,
2063236.682,,328.760,331.229,
2063336.682,,328.371,333.765,
2063436.681,,328.623,335.805,
2063536.675,,328.189,334.873,
2063636.675,,328.877,333.327,
2063736.673,,329.502,333.197,
2063836.670,,331.120,341.622,
2063936.660,,331.247,341.879,
2064036.662,,329.772,338.705,
2064136.657,,329.667,335.978,
2064236.650,,328.333,335.199,
2064336.647,,328.642,334.784,
2064436.646,,329.265,340.778,
2064536.640,,329.500,339.972,
2064636.637,,329.368,340.954,
2064736.634,,329.143,342.483,
2064836.626,,329.496,339.184,
2064936.628,,329.882,338.097,
2065036.619,,329.682,335.487,
2065136.617,,329.584,338.250,
2065236.611,,329.621,335.754,
2065336.613,,329.633,333.674,
2065436.605,,328.058,330.434,
2065536.599,,327.825,328.914,
2065636.598,,328.128,328.436,
2065736.594,,328.164,330.441,
2065836.592,,328.423,333.272,
2065936.587,,328.447,332.044,
2066036.583,,328.604,332.275,
2066136.578,,328.271,328.833,
2066236.573,,327.918,327.256,
2066336.569,,328.294,327.373,
2066436.569,,328.204,327.801,
2066536.566,,327.778,330.226,
2066636.563,,329.541,329.089,
2066736.557,,328.529,328.911,
2066836.556,,328.295,328.570,
2066936.550,,330.017,328.894,
2067036.549,,328.661,326.226,
2067136.543,,328.268,324.757,
2067236.539,,329.361,323.434,
2067336.536,,329.220,324.467,
2067436.530,,329.613,324.774,
2067536.526,,330.287,322.931,
2067636.525,,329.332,321.387,
2067736.522,,328.651,322.904,
2067836.513,,328.952,323.102,
2067936.514,,328.575,322.509,
2068036.506,,328.161,324.900,
2068136.504,,328.143,323.820,
2068236.501,,328.806,328.227,
2068336.495,,329.069,333.849,
2068436.492,,328.531,333.657,
2068536.490,,328.263,330.095,
2068636.484,,328.369,329.810,
2068736.480,,328.209,329.023,
2068836.481,,327.719,325.281,
2068936.474,,327.907,324.568,
2069036.473,,328.258,324.348,
2069136.464,,328.516,324.271,
2069236.462,,329.545,325.262,
2069336.458,,329.471,328.024,
2069436.453,,329.354,328.685,
2069536.452,,330.843,334.942,
2069636.451,,330.647,334.197,
2069736.447,,329.844,330.271,
2069836.441,,330.450,329.853,
2069936.440,,331.825,328.771,
2070036.436,,331.320,337.433,
2070136.431,,331.824,340.981,
2070236.429,,331.096,337.179,
2070336.420,,331.101,333.944,
2070436.416,,330.639,335.149,
2070536.411,,330.592,343.484,
2070636.413,,330.403,344.088,
2070736.409,,329.668,344.688,
2070836.402,,331.860,354.739,
2070936.403,,332.833,354.354,
2071036.395,,330.544,350.933,
2071136.392,,330.089,345.304,
2071236.390,,330.342,340.034,
2071336.383,,329.843,336.576,
2071436.381,,329.559,335.977,
2071536.380,,329.311,332.868,
2071636.375,,329.813,331.608,
2071736.372,,330.777,332.188,
2071836.366,,330.939,334.294,
2071936.366,,330.542,336.459,
2072036.358,,330.676,340.296,
2072136.361,,330.258,338.559,
2072236.357,,330.312,334.414,
2072336.353,,329.571,331.439,
2072436.349,,328.068,331.344,
2072536.348,,328.394,333.031,
2072636.347,,328.636,340.236,
2072736.348,,329.460,344.245,
2072836.345,,328.928,343.589,
2072936.339,,329.008,340.241,
2073036.341,,329.348,337.818,
2073136.334,,330.179,337.543,
2073236.335,,330.900,337.715,
2073336.332,,329.879,333.534,
2073436.331,,329.610,334.096,
2073536.325,,329.787,331.833,
2073636.328,,329.869,334.911,
2073736.322,,329.856,334.191,
2073836.319,,330.196,335.036,
2073936.318,,330.582,332.788,
2074036.320,,329.728,330.431,
2074136.315,,329.402,328.066,
2074236.311,,329.627,329.356,
2074336.310,,329.504,327.740,
2074436.306,,328.841,325.893,
2074536.308,,328.917,325.190,
2074636.301,,328.866,327.007,
2074736.299,,328.724,326.859,
2074836.301,,328.922,328.572,
2074936.299,,329.313,330.952,
2075036.293,,331.000,330.563,
2075136.293,,330.499,343.179,
2075236.291,,331.177,342.193,
2075336.289,,330.131,337.758,
2075436.286,,329.777,336.051,
2075536.286,,330.144,334.214,
2075636.283,,330.618,331.020,
2075736.279,,329.345,327.902,
2075836.276,,328.721,326.803,
2075936.273,,328.670,331.691,
2076036.273,,328.878,331.818,
2076136.269,,329.176,330.124,
2076236.269,,328.938,328.940,
2076336.264,,328.954,330.187,
2076436.266,,329.529,331.176,
2076536.265,,329.528,330.589,
2076636.261,,329.744,330.956,
2076736.259,,330.019,332.337,
2076836.258,,329.944,336.809,
2076936.251,,330.331,336.514,
2077036.255,,330.482,335.027,
2077136.253,,331.328,345.420,
2077236.245,,331.248,344.779,
2077336.244,,330.491,341.942,
2077436.241,,330.287,338.807,
2077536.241,,332.011,339.935,
2077636.236,,331.425,345.059,
2077736.238,,332.227,340.565,
2077836.237,,332.702,336.056,
2077936.234,,330.008,331.346,
2078036.226,,329.250,328.345,
2078136.228,,328.864,325.827,
2078236.226,,328.556,325.017,
2078336.223,,328.998,328.319,
2078436.223,,329.560,331.416,
2078536.217,,329.851,332.605,
2078636.213,,329.467,334.479,
2078736.211,,329.336,336.761,
2078836.214,,329.232,335.424,
2078936.212,,329.647,335.475,
2079036.209,,328.645,334.396,
2079136.206,,328.665,330.021,
2079236.204,,328.400,329.139,
2079336.202,,328.577,326.441,
2079436.200,,328.609,326.837,
2079536.200,,328.900,328.378,
2079636.191,,328.906,327.545,
2079736.190,,329.293,327.496,
2079836.191,,328.997,329.393,
2079936.184,,329.451,329.487,
2080036.182,,329.146,331.611,
2080136.181,,328.349,338.412,
2080236.179,,327.091,339.758,
2080336.178,,328.447,337.639,
2080436.171,,328.124,335.204,
2080536.167,,328.413,332.243,
2080636.169,,327.770,328.181,
2080736.164,,327.052,325.436,
2080836.163,,328.127,324.620,
2080936.155,,328.870,325.127,
2081036.151,,330.081,327.578,
2081136.154,,330.377,329.176,
2081236.150,,331.336,331.764,
2081336.144,,329.776,332.718,
2081436.145,,329.936,332.012,
2081536.142,,329.830,329.189,
2081636.136,,329.683,330.103,
2081736.131,,327.998,329.962,
2081836.132,,328.157,332.142,
2081936.126,,328.023,335.026,
2082036.124,,328.324,330.818,
2082136.119,,328.329,335.756,
2082236.116,,329.023,334.729,
2082336.116,,329.838,332.609,
2082436.111,,329.257,335.036,
2082536.111,,329.073,336.449,
2082636.108,,329.745,335.963,
2082736.100,,330.305,346.482,
2082836.097,,330.246,347.076,
2082936.094,,329.709,344.100,
2083036.093,,330.594,340.113,
2083136.088,,330.529,343.746,
2083236.092,,330.210,345.963,
2083336.086,,329.722,342.460,
2083436.081,,330.225,342.943,
2083536.081,,330.569,340.706,
2083636.078,,330.764,337.809,
2083736.074,,329.621,333.474,
2083836.074,,328.922,331.042,
2083936.064,,329.660,332.175,
2084036.066,,330.528,331.605,
2084136.059,,330.279,332.408,
2084236.055,,329.999,336.511,
2084336.058,,330.494,337.410,
2084436.050,,329.860,338.498,
2084536.048,,330.010,338.058,
2084636.049,,329.728,336.749,
2084736.044,,329.796,334.199,
2084836.042,,329.338,333.689,
2084936.037,,329.450,331.434,
2085036.036,,329.175,332.149,
2085136.034,,329.286,331.844,
2085236.031,,329.656,333.118,
2085336.029,,328.557,331.656,
2085436.023,,328.952,329.351,
2085536.020,,330.006,328.953,
2085636.015,,329.372,327.458,
2085736.010,,329.548,329.339,
2085836.007,,329.745,329.099,
2085936.006,,328.220,331.801,
2086036.006,,328.384,331.257,
2086135.999,,328.925,329.386,
2086235.995,,328.805,330.864,
2086335.995,,328.799,328.375,
2086435.992,,328.231,327.814,
2086535.987,,327.993,330.018,
2086635.984,,328.353,330.238,
2086735.982,,328.387,328.381,
2086835.982,,328.608,326.158,
2086935.979,,328.726,325.321,
2087035.976,,328.878,327.000,
2087135.969,,328.992,327.853,
2087235.967,,329.277,329.888,
2087335.968,,329.067,328.232,
2087435.964,,329.235,326.517,
2087535.958,,329.112,330.141,
2087635.957,,330.025,327.561,
2087735.951,,328.877,327.391,
2087835.952,,329.009,334.094,
2087935.949,,328.930,333.260,
2088035.947,,329.695,331.392,
2088135.942,,329.372,334.009,
2088235.940,,329.640,333.236,
2088335.936,,329.412,333.661,
2088435.932,,329.654,335.129,
2088535.927,,329.472,333.050,
2088635.924,,329.942,337.308,
2088735.924,,330.643,339.256,
2088835.919,,331.949,338.316,
2088935.913,,330.625,341.721,
2089035.907,,331.107,339.075,
2089135.904,,331.221,334.358,
2089235.901,,330.892,330.901,
2089335.903,,330.320,329.412,
2089435.896,,330.286,334.378,
2089535.896,,330.106,331.472,
2089635.893,,330.184,328.859,
2089735.889,,329.896,327.671,
2089835.885,,330.255,327.671,
2089935.883,,330.557,329.248,
2090035.880,,330.324,329.648,
2090135.875,,330.144,329.339,
2090235.869,,330.228,326.765,
2090335.865,,329.659,324.354,
2090435.866,,329.339,324.182,
2090535.860,,329.657,325.794,
2090635.858,,328.277,326.501,
2090735.853,,328.068,325.457,
2090835.849,,328.606,325.275,
2090935.845,,328.928,325.332,
2091035.845,,329.403,327.825,
2091135.841,,330.228,331.944,
2091235.837,,329.631,331.224,
2091335.835,,329.316,330.215,
2091435.829,,329.367,330.755,
2091535.827,,329.120,330.441,
2091635.822,,328.813,333.826,
2091735.818,,328.962,332.948,
2091835.801,,328.601,330.556,
2091935.812,,328.813,328.844,
2092035.813,,329.315,328.118,
2092135.808,,329.422,329.376,
2092235.802,,328.914,330.594,
2092335.803,,328.570,330.151,
2092435.800,,328.612,329.284,
2092535.792,,328.874,330.916,
2092635.789,,329.137,333.714,
2092735.783,,329.700,333.110,
2092835.782,,329.681,333.894,
2092935.777,,329.682,331.508,
2093035.777,,330.460,330.319,
2093135.772,,329.644,331.676,
2093235.770,,328.757,333.330,
2093335.764,,330.950,332.569,
2093435.763,,329.767,328.402,
2093535.759,,329.442,330.162,
2093635.758,,330.085,330.225,
2093735.751,,330.356,327.937,
2093835.754,,330.612,324.639,
2093935.747,,330.171,322.959,
2094035.740,,329.755,322.997,
2094135.741,,330.579,323.724,
2094235.739,,330.645,324.300,
2094335.735,,330.739,326.809,
2094435.733,,330.548,325.907,
2094535.728,,330.992,326.719,
2094635.725,,330.900,330.392,
2094735.720,,330.570,335.418,
2094835.719,,331.128,333.789,
2094935.712,,330.905,331.909,
2095035.707,,330.160,328.893,
2095135.709,,330.162,327.673,
2095235.700,,330.126,330.872,
2095335.699,,331.330,331.982,
2095435.695,,330.201,332.584,
2095535.692,,331.588,344.898,
2095635.693,,330.494,340.069,
2095735.683,,329.638,334.924,
2095835.683,,331.114,331.822,
2095935.684,,330.356,328.944,
2096035.679,,331.504,330.615,
2096135.679,,330.604,337.925,
2096235.679,,330.226,335.869,
2096335.674,,329.254,334.490,
2096435.672,,328.559,332.500,
2096535.668,,328.747,333.239,
2096635.667,,329.700,333.714,
2096735.665,,329.845,333.938,
2096835.665,,330.391,339.150,
2096935.664,,330.441,338.612,
2097035.665,,330.714,339.597,
2097135.659,,330.353,336.978,
2097235.657,,329.875,340.063,
2097335.660,,330.180,340.253,
2097435.654,,330.858,343.946,
2097535.651,,330.999,343.695,
2097635.651,,331.360,339.953,
2097735.652,,331.380,338.316,
2097835.651,,330.559,339.736,
2097935.644,,330.986,339.451,
2098035.647,,331.883,345.535,
2098135.642,,331.120,344.770,
2098235.639,,332.899,343.108,
2098335.640,,331.702,337.521,
2098435.640,,331.529,347.628,
2098535.635,,330.003,346.539,
2098635.636,,329.886,346.683,
2098735.632,,331.186,343.086,
2098835.629,,330.192,336.054,
2098935.628,,330.041,333.564,
2099035.627,,331.066,332.427,
2099135.629,,330.156,338.662,
2099235.623,,330.515,337.360,
2099335.624,,329.648,334.168,
2099435.621,,329.427,338.264,
2099535.620,,329.244,336.385,
2099635.616,,328.966,333.620,
2099735.615,,329.121,334.938,
2099835.612,,329.115,333.803,
2099935.611,,330.508,330.003,
2100035.611,,329.685,329.675,
2100135.607,,329.868,330.809,
2100235.603,,331.346,332.494,
2100335.603,,330.998,330.605,
2100435.604,,330.509,333.872,
2100535.602,,329.981,335.610,
2100635.600,,330.078,338.074,
2100735.601,,329.744,337.429,
2100835.593,,329.169,336.412,
2100935.593,,329.129,337.398,
2101035.596,,328.950,334.549,
2101135.593,,328.320,332.490,
2101235.586,,328.508,339.519,
2101335.585,,328.181,337.308,
2101435.586,,328.665,337.407,
2101535.582,,328.806,334.550,
2101635.585,,330.260,333.464,
2101735.581,,330.307,331.979,
2101835.579,,330.804,335.922,
2101935.580,,331.275,338.037,
2102035.574,,332.493,335.039,
2102135.573,,330.031,330.401,
2102235.571,,330.037,328.998,
2102335.569,,330.124,342.182,
2102435.570,,331.109,341.451,
2102535.569,,331.745,339.925,
2102635.561,,330.915,337.099,
2102735.563,,332.114,336.075,
2102835.559,,333.545,333.641,
2102935.556,,331.026,331.307,
2103035.558,,329.433,333.540,
2103135.555,,328.679,333.868,
2103235.552,,329.531,332.085,
2103335.551,,329.798,329.223,
2103435.552,,330.582,331.501,
2103535.548,,330.144,334.700,
2103635.546,,329.635,340.248,
2103735.544,,330.445,345.519,
2103835.544,,330.487,342.464,
2103935.538,,330.373,337.078,
2104035.534,,330.357,335.067,
2104135.534,,330.388,335.948,
2104235.527,,330.293,333.553,
2104335.525,,330.271,333.385,
2104435.526,,328.685,333.280,
2104535.520,,328.564,332.070,
2104635.513,,328.266,330.833,
2104735.515,,328.699,334.035,
2104835.508,,328.682,338.355,
2104935.503,,328.509,344.728,
2105035.504,,328.631,340.965,
2105135.498,,328.987,336.755,
2105235.492,,328.921,335.078,
2105335.491,,328.899,338.518,
2105435.488,,328.864,336.812,
2105535.485,,328.618,335.866,
2105635.483,,328.924,340.998,
2105735.477,,328.354,337.165,
2105835.476,,328.595,332.855,
2105935.470,,329.160,329.474,
2106035.466,,328.569,329.535,
2106135.463,,328.265,332.059,
2106235.461,,327.437,329.544,
2106335.456,,326.634,330.727,
2106435.454,,329.038,333.483,
2106535.448,,330.671,333.207,
2106635.448,,330.130,335.349,
2106735.440,,331.148,336.189,
2106835.439,,330.993,334.582,
2106935.435,,330.588,330.780,
2107035.435,,330.382,330.277,
2107135.427,,330.679,332.596,
2107235.426,,329.520,332.828,
2107335.423,,329.087,333.052,
2107435.417,,329.129,329.860,
2107535.418,,328.728,330.780,
2107635.412,,328.398,330.250,
2107735.409,,328.362,333.347,
2107835.407,,329.158,332.005,
2107935.399,,329.518,336.655,
2108035.400,,327.841,341.949,
2108135.393,,328.399,335.726,
2108235.388,,327.875,336.324,
2108335.384,,331.329,336.991,
2108435.381,,329.430,339.395,
2108535.379,,329.882,338.020,
2108635.380,,329.460,353.097,
2108735.377,,329.764,360.237,
2108835.368,,329.053,355.233,
2108935.369,,328.295,346.414,
2109035.361,,327.825,340.399,
2109135.360,,328.234,336.636,
2109235.356,,329.602,334.387,
2109335.355,,330.533,333.890,
2109435.351,,330.358,332.501,
2109535.348,,330.709,330.402,
2109635.346,,329.266,333.282,
2109735.336,,329.997,333.795,
2109835.332,,327.861,331.411,
2109935.332,,326.565,334.908,
2110035.329,,326.418,338.386,
2110135.326,,326.867,336.860,
2110235.325,,327.968,338.069,
2110335.316,,327.114,338.037,
2110435.317,,327.734,342.196,
2110535.312,,328.692,342.049,
2110635.305,,329.122,339.730,
2110735.307,,329.412,335.785,
2110835.303,,329.045,333.146,
2110935.300,,328.501,333.975,
2111035.295,,330.179,339.131,
2111135.287,,329.516,337.533,
2111235.290,,329.477,333.875,
2111335.284,,329.069,331.387,
2111435.282,,328.867,328.976,
2111535.279,,327.825,329.379,
2111635.270,,327.602,331.482,
2111735.271,,327.443,338.077,
2111835.265,,327.626,336.663,
2111935.260,,328.308,342.391,
2112035.258,,327.973,339.177,
2112135.257,,328.555,337.667,
2112235.254,,328.289,334.672,
2112335.252,,328.489,334.865,
2112435.244,,328.131,331.753,
2112535.244,,327.228,330.671,
2112635.238,,328.180,329.511,
2112735.235,,328.813,328.925,
2112835.233,,327.822,331.297,
2112935.227,,327.760,337.718,
2113035.224,,327.995,335.372,
2113135.220,,328.532,333.720,
2113235.218,,328.855,334.782,
2113335.214,,328.411,333.775,
2113435.215,,328.776,336.854,
2113535.212,,329.016,335.120,
2113635.204,,330.339,335.412,
2113735.201,,330.494,337.234,
2113835.201,,329.276,339.237,
2113935.195,,329.705,343.089,
2114035.192,,329.889,348.199,
2114135.188,,329.468,345.370,
2114235.186,,329.785,343.950,
2114335.181,,329.594,343.668,
2114435.181,,329.365,344.838,
2114535.175,,328.330,345.449,
2114635.172,,329.133,339.458,
2114735.172,,329.214,334.381,
2114835.167,,328.479,332.898,
2114935.162,,328.568,330.047,
2115035.163,,328.946,328.251,
2115135.158,,328.571,327.760,
2115235.151,,327.571,326.828,
2115335.150,,327.306,328.434,
2115435.147,,326.681,329.424,
2115535.146,,326.775,332.593,
2115635.137,,326.871,332.486,
2115735.136,,326.742,332.282,
2115835.134,,326.952,329.070,
2115935.133,,327.005,328.732,
2116035.130,,327.308,326.822,
2116135.122,,327.263,325.650,
2116235.118,,327.354,324.302,
2116335.115,,327.591,326.428,
2116435.114,,327.890,327.177,
2116535.107,,327.749,326.783,
2116635.110,,327.459,329.093,
2116735.101,,327.458,328.054,
2116835.103,,326.684,328.524,
2116935.097,,326.891,333.277,
2117035.091,,326.807,334.170,
2117135.091,,327.648,333.424,
2117235.084,,327.799,333.640,
2117335.083,,326.756,331.171,
2117435.078,,327.482,331.068,
2117535.075,,327.686,330.388,
2117635.074,,328.480,328.941,
2117735.071,,329.760,327.435,
2117835.069,,328.796,325.797,
2117935.062,,329.895,331.990,
2118035.058,,328.906,333.317,
2118135.060,,328.443,330.693,
2118235.057,,328.476,328.770,
2118335.053,,328.515,327.303,
2118435.050,,328.497,329.717,
2118535.040,,328.525,329.758,
2118635.042,,328.478,331.425,
2118735.039,,328.403,330.221,
2118835.032,,328.374,339.538,
2118935.029,,328.686,336.430,
2119035.028,,328.828,334.785,
2119135.020,,328.730,333.264,
2119235.022,,328.794,332.511,
2119335.014,,327.959,332.055,
2119435.011,,329.886,330.965,
2119535.014,,331.654,331.750,
2119635.007,,329.642,331.867,
2119735.006,,331.474,335.233,
2119834.998,,332.445,334.429,
2119934.999,,331.233,335.866,
2120034.992,,329.230,341.973,
2120134.990,,329.343,342.772,
2120234.987,,328.995,349.753,
2120334.988,,327.559,356.188,
2120434.982,,327.373,349.626,
2120534.977,,327.209,342.157,
2120634.972,,326.864,339.761,
2120734.971,,327.210,338.368,
2120834.969,,329.054,334.864,
2120934.964,,330.456,333.201,
2121034.964,,329.267,334.165,
2121134.960,,328.699,333.707,
2121234.958,,329.610,334.931,
2121334.957,,331.455,333.437,
2121434.949,,329.373,332.493,
2121534.944,,328.730,331.969,
2121634.946,,328.250,331.012,
2121734.945,,328.508,330.615,
2121834.939,,328.167,332.169,
2121934.935,,327.312,332.111,
2122034.934,,328.258,336.994,
2122134.932,,327.492,351.187,
2122234.927,,327.335,353.511,
2122334.920,,328.349,354.244,
2122434.917,,327.774,353.193,
2122534.900,,328.658,355.511,
2122634.911,,328.784,358.780,
2122734.912,,329.441,356.981,
2122834.908,,329.413,349.631,
2122934.902,,329.250,345.111,
2123034.898,,329.056,340.357,
2123134.899,,329.018,339.868,
2123234.892,,329.015,337.905,
2123334.895,,329.164,337.822,
2123434.888,,329.178,339.050,
2123534.885,,329.300,340.360,
2123634.886,,328.933,341.221,
2123734.880,,329.231,342.598,
2123834.879,,329.354,350.438,
2123934.875,,329.086,353.785,
2124034.869,,328.708,347.669,
2124134.869,,329.476,346.526,
2124234.861,,329.450,350.993,
2124334.860,,329.666,353.955,
2124434.854,,330.299,352.468,
2124534.853,,330.136,348.109,
2124634.850,,329.792,346.362,
2124734.849,,329.270,347.403,
2124834.845,,329.581,347.096,
2124934.840,,329.278,342.659,
2125034.837,,328.754,338.274,
2125134.837,,328.654,336.124,
2125234.836,,329.581,334.999,
2125334.828,,329.638,339.706,
2125434.825,,329.427,345.217,
2125534.824,,329.209,347.048,
2125634.819,,328.935,344.567,
2125734.818,,329.345,346.484,
2125834.813,,329.271,344.774,
2125934.808,,329.591,341.874,
2126034.806,,329.819,340.568,
2126134.808,,330.055,338.719,
2126234.803,,329.774,346.724,
2126334.796,,329.941,362.040,
2126434.795,,330.419,355.472,
2126534.791,,329.788,353.740,
2126634.791,,330.505,357.239,
2126734.784,,329.955,357.471,
2126834.783,,330.240,357.411,
2126934.777,,329.604,356.130,
2127034.777,,329.259,349.954,
2127134.777,,329.749,343.757,
2127234.773,,329.612,338.637,
2127334.771,,329.260,337.116,
2127434.767,,329.455,333.741,
2127534.764,,330.197,330.918,
2127634.758,,330.177,329.201,
2127734.756,,330.113,327.306,
2127834.752,,329.898,326.845,
2127934.749,,330.019,327.030,
2128034.744,,330.105,326.396,
2128134.745,,329.559,325.816,
2128234.736,,330.017,331.837,
2128334.735,,329.624,334.208,
2128434.731,,328.048,334.541,
2128534.729,,329.190,331.078,
2128634.720,,329.329,328.467,
2128734.717,,330.447,326.022,
2128834.714,,330.048,326.133,
2128934.715,,330.680,325.850,
2129034.711,,329.508,324.364,
2129134.703,,329.750,322.948,
2129234.700,,327.476,323.318,
2129334.700,,328.244,323.888,
2129434.695,,328.192,325.158,
2129534.688,,329.272,328.975,
2129634.687,,328.511,338.460,
2129734.680,,328.282,339.287,
2129834.678,,329.314,334.712,
2129934.678,,329.682,333.937,
2130034.670,,330.098,333.319,
2130134.669,,329.642,334.137,
2130234.661,,329.325,339.708,
2130334.663,,332.891,344.263,
2130434.656,,329.401,344.574,
2130534.653,,328.652,347.514,
2130634.650,,328.887,341.878,
2130734.644,,328.181,338.194,
2130834.645,,329.090,338.106,
2130934.636,,328.584,342.538,
2131034.637,,328.984,338.558,
2131134.633,,328.707,335.220,
2131234.624,,328.969,335.394,
2131334.623,,329.344,339.037,
2131434.622,,330.378,339.185,
2131534.618,,332.350,338.450,
2131634.615,,332.300,336.122,
2131734.611,,330.758,333.378,
2131834.608,,330.999,335.400,
2131934.601,,330.646,341.602,
2132034.597,,328.536,344.628,
2132134.597,,327.967,341.789,
2132234.591,,328.232,337.249,
2132334.590,,328.298,345.300,
2132434.583,,328.162,349.980,
2132534.578,,327.147,347.554,
2132634.572,,327.967,344.103,
2132734.573,,327.803,339.379,
2132834.567,,327.988,336.201,
2132934.566,,328.702,335.189,
2133034.559,,328.177,338.905,
2133134.558,,327.715,339.264,
2133234.553,,328.270,337.222,
2133334.553,,327.124,336.091,
2133434.544,,327.980,334.629,
2133534.544,,328.718,332.621,
2133634.538,,328.056,331.965,
2133734.532,,327.536,330.767,
2133834.531,,328.046,330.297,
2133934.525,,328.063,332.890,
2134034.524,,328.458,350.809,
2134134.523,,329.328,348.217,
2134234.517,,328.658,341.745,
2134334.511,,329.351,340.197,
2134434.511,,329.948,335.685,
2134534.503,,328.080,336.013,
2134634.500,,327.930,336.176,
2134734.495,,327.502,333.866,
2134834.492,,328.162,353.846,
2134934.493,,329.718,355.528,
2135034.483,,328.357,348.534,
2135134.480,,327.832,342.388,
2135234.482,,327.224,336.226,
2135334.475,,327.652,342.838,
2135434.476,,327.820,338.522,
2135534.470,,329.220,333.996,
2135634.467,,329.685,330.336,
2135734.462,,328.914,328.436,
2135834.460,,328.683,327.383,
2135934.454,,328.191,327.308,
2136034.449,,327.773,326.939,
2136134.454,,328.472,345.926,
2136234.451,,327.722,339.265,
2136334.444,,326.903,340.558,
2136434.446,,327.218,342.491,
2136534.441,,327.071,345.693,
2136634.439,,326.180,345.974,
2136734.436,,327.628,352.219,
2136834.437,,327.460,354.120,
2136934.435,,327.812,357.480,
2137034.428,,327.941,355.227,
2137134.431,,327.365,361.729,
2137234.424,,327.172,355.355,
2137334.426,,328.200,349.372,
2137434.417,,328.047,353.182,
2137534.421,,329.295,347.006,
2137634.418,,329.520,341.264,
2137734.414,,328.941,336.153,
2137834.412,,329.301,334.612,
2137934.407,,329.516,333.423,
2138034.408,,329.561,337.753,
2138134.402,,329.295,349.168,
2138234.401,,330.864,346.196,
2138334.403,,329.351,348.555,
2138434.398,,328.810,346.075,
2138534.393,,327.399,340.743,
2138634.394,,327.944,341.277,
2138734.389,,328.413,340.205,
2138834.391,,328.066,340.574,
2138934.388,,327.935,336.447,
2139034.387,,328.210,334.076,
2139134.385,,328.098,342.577,
2139234.382,,328.917,352.068,
2139334.376,,330.169,347.304,
2139434.377,,330.045,342.400,
2139534.371,,329.991,337.172,
2139634.369,,328.716,332.195,
2139734.371,,328.027,330.866,
2139834.368,,328.109,338.031,
2139934.361,,328.051,336.276,
2140034.359,,328.475,336.217,
2140134.362,,327.872,334.268,
2140234.359,,328.078,331.635,
2140334.353,,328.447,328.793,
2140434.354,,327.718,326.729,
2140534.347,,328.253,326.862,
2140634.346,,328.727,326.029,
2140734.346,,330.287,324.906,
2140834.346,,330.624,323.974,
2140934.344,,330.473,323.958,
2141034.339,,329.393,324.370,
2141134.336,,329.087,324.614,
2141234.334,,329.044,340.812,
2141334.330,,328.721,349.288,
2141434.328,,328.999,343.483,
2141534.324,,328.719,337.149,
2141634.324,,327.958,334.692,
2141734.320,,327.674,332.335,
2141834.319,,327.231,332.518,
2141934.320,,328.369,331.077,
2142034.316,,328.561,328.592,
2142134.313,,328.064,327.258,
2142234.310,,328.106,326.203,
2142334.311,,328.354,327.726,
2142434.305,,327.894,331.172,
2142534.305,,328.440,335.775,
2142634.303,,327.937,349.143,
2142734.303,,327.700,345.704,
2142834.299,,327.890,345.357,
2142934.296,,327.919,343.617,
2143034.292,,326.793,339.940,
2143134.291,,327.745,337.221,
2143234.285,,328.994,334.576,
2143334.289,,330.410,334.707,
2143434.281,,331.120,332.748,
2143534.281,,333.306,333.517,
2143634.276,,333.640,331.814,
2143734.274,,329.696,330.869,
2143834.276,,329.206,330.747,
2143934.272,,328.989,328.379,
2144034.267,,328.046,327.037,
2144134.270,,328.549,328.692,
2144234.266,,329.131,329.557,
2144334.261,,329.008,327.665,
2144434.261,,328.838,326.081,
2144534.257,,328.428,329.159,
2144634.253,,327.813,327.947,
2144734.250,,327.662,329.410,
2144834.245,,327.698,336.385,
2144934.245,,327.069,333.913,
2145034.246,,326.625,335.549,
2145134.238,,327.155,345.496,
2145234.240,,327.135,343.263,
2145334.239,,327.359,340.176,
2145434.232,,327.070,338.158,
2145534.233,,327.151,343.021,
2145634.229,,326.630,348.283,
2145734.228,,327.916,345.059,
2145834.221,,328.113,345.949,
2145934.221,,327.072,347.861,
2146034.218,,326.736,350.216,
2146134.214,,327.602,348.860,
2146234.214,,327.713,345.743,
2146334.207,,328.727,345.528,
2146434.204,,328.903,348.889,
2146534.205,,328.666,343.556,
2146634.201,,328.540,339.252,
2146734.201,,328.880,335.446,
2146834.201,,328.138,333.106,
2146934.193,,326.763,334.126,
2147034.188,,325.695,335.395,
2147134.187,,325.956,332.164,
2147234.187,,325.972,331.690,
2147334.185,,327.414,329.146,
2147434.178,,327.994,325.529,
2147534.177,,327.606,323.827,
2147634.175,,327.953,322.710,
2147734.171,,327.935,321.663,
2147834.172,,328.714,321.405,
2147934.170,,327.556,322.625,
2148034.165,,327.748,325.122,
2148134.164,,327.736,327.000,
2148234.164,,328.040,327.398,
2148334.155,,328.790,326.896,
2148434.155,,328.413,331.540,
2148534.152,,329.533,327.851,
2148634.147,,328.638,325.818,
2148734.149,,327.926,323.899,
2148834.147,,327.875,327.119,
2148934.143,,327.073,325.566,
2149034.140,,327.555,324.760,
2149134.139,,328.204,323.586,
2149234.135,,327.800,326.159,
2149334.132,,327.078,327.218,
2149434.128,,326.738,327.156,
2149534.123,,326.560,328.404,
2149634.121,,327.378,327.641,
2149734.124,,327.858,324.640,
2149834.118,,326.136,323.469,
2149934.119,,325.527,324.686,
2150034.116,,325.391,323.798,
2150134.112,,326.756,323.247,
2150234.110,,326.954,323.075,
2150334.104,,327.430,327.374,
2150434.104,,328.001,332.163,
2150534.102,,327.177,337.593,
2150634.100,,325.904,339.069,
2150734.093,,326.611,343.702,
2150834.091,,328.472,343.237,
2150934.092,,328.749,339.766,
2151034.090,,328.957,345.558,
2151134.083,,329.232,350.994,
2151234.082,,330.053,359.455,
2151334.077,,330.341,366.459,
2151434.079,,330.028,361.817,
2151534.075,,327.439,357.780,
2151634.072,,327.205,356.374,
2151734.069,,327.786,354.683,
2151834.068,,326.495,360.156,
2151934.066,,327.170,361.753,
2152034.064,,329.129,363.976,
2152134.058,,329.008,357.690,
2152234.058,,326.717,354.615,
2152334.055,,325.688,347.437,
2152434.055,,325.814,340.686,
2152534.050,,326.881,338.163,
2152634.044,,327.158,338.775,
2152734.043,,326.968,334.191,
2152834.041,,327.462,332.457,
2152934.039,,328.963,332.658,
2153034.035,,327.550,333.964,
2153134.037,,326.837,333.814,
2153234.034,,326.264,333.350,
2153334.028,,327.262,331.014,
2153434.026,,328.378,327.716,
2153534.027,,328.336,328.315,
2153634.026,,328.727,332.878,
2153734.023,,328.091,359.336,
2153834.016,,328.960,380.306,
2153934.017,,330.470,370.218,
2154034.012,,330.421,361.894,
2154134.009,,330.594,354.079,
2154234.008,,331.207,348.038,
2154334.008,,329.004,341.028,
2154434.002,,328.476,336.636,
2154533.998,,329.369,341.009,
2154633.996,,328.938,341.415,
2154733.993,,329.359,341.349,
2154833.995,,328.579,337.915,
2154933.993,,329.241,336.958,
2155033.986,,328.831,337.181,
2155133.983,,328.875,336.485,
2155233.986,,329.044,337.063,
2155333.983,,329.129,336.203,
2155433.978,,328.555,337.700,
2155533.974,,328.985,336.887,
2155633.973,,328.490,332.920,
2155733.968,,328.162,333.541,
2155833.969,,328.511,334.231,
2155933.963,,329.006,333.187,
2156033.964,,328.998,334.124,
2156133.959,,329.244,335.648,
2156233.961,,329.598,335.476,
2156333.960,,329.887,335.073,
2156433.954,,329.752,342.427,
2156533.949,,329.017,340.947,
2156633.949,,328.876,343.392,
2156733.947,,329.509,343.505,
2156833.942,,329.967,338.646,
2156933.943,,329.858,334.149,
2157033.942,,327.946,330.645,
2157133.935,,327.151,333.669,
2157233.937,,326.807,337.839,
2157333.928,,325.394,335.629,
2157433.930,,326.512,331.998,
2157533.928,,326.281,328.697,
2157633.923,,327.261,326.281,
2157733.924,,327.049,325.007,
2157833.920,,327.903,327.329,
2157933.921,,327.491,327.266,
2158033.913,,328.558,336.266,
2158133.910,,327.374,338.708,
2158233.909,,327.053,337.777,
2158333.911,,327.475,333.718,
2158433.902,,328.428,331.353,
2158533.901,,329.862,329.249,
2158633.901,,329.087,328.806,
2158733.898,,328.508,326.483,
2158833.893,,328.171,325.021,
2158933.893,,327.962,331.665,
2159033.891,,326.968,333.683,
2159133.886,,327.272,340.398,
2159233.887,,326.761,334.907,
2159333.883,,326.861,332.740,
2159433.879,,327.284,332.106,
2159533.878,,327.399,334.867,
2159633.875,,327.192,334.689,
2159733.872,,327.040,334.562,
2159833.873,,326.832,341.312,
2159933.868,,326.959,338.711,
2160033.862,,326.728,332.665,
2160133.854,,326.994,330.175,
2160233.849,,327.745,328.492,
2160333.845,,327.443,327.689,
2160433.837,,328.845,331.039,
2160533.837,,328.837,329.409,
2160633.830,,327.924,327.797,
2160733.823,,328.231,331.411,
2160833.820,,328.143,333.579,
2160933.815,,328.480,337.465,
2161033.812,,327.305,335.181,
2161133.802,,326.998,331.550,
2161233.800,,326.927,329.189,
2161333.796,,326.292,328.526,
2161433.789,,327.353,328.403,
2161533.789,,327.707,327.124,
2161633.781,,327.665,325.856,
2161733.774,,327.572,324.568,
2161833.768,,327.287,323.741,
2161933.763,,327.435,325.273,
2162033.762,,328.096,328.211,
2162133.758,,328.164,328.219,
2162233.754,,327.620,328.335,
2162333.746,,327.183,326.909,
2162433.742,,326.566,333.152,
2162533.736,,326.508,337.014,
2162633.731,,326.238,336.406,
2162733.725,,325.964,345.219,
2162833.722,,325.809,347.951,
2162933.718,,326.148,339.931,
2163033.714,,325.283,333.506,
2163133.706,,326.058,330.443,
2163233.698,,324.793,329.656,
2163333.695,,325.312,330.200,
2163433.692,,327.015,329.285,
2163533.683,,327.045,328.455,
2163633.680,,327.765,328.997,
2163733.674,,327.610,328.853,
2163833.670,,327.196,327.015,
2163933.667,,326.116,327.834,
2164033.663,,325.579,326.950,
2164133.654,,326.266,327.195,
2164233.651,,326.704,325.771,
2164333.646,,326.647,325.601,
2164433.644,,326.352,323.432,
2164533.637,,327.019,321.691,
2164633.633,,326.480,322.382,
2164733.623,,327.145,323.462,
2164833.622,,327.365,326.626,
2164933.613,,328.206,327.677,
2165033.610,,327.358,323.946,
2165133.607,,326.354,321.654,
2165233.598,,326.215,322.024,
2165333.597,,325.730,327.325,
2165433.589,,326.584,331.980,
2165533.584,,326.739,332.710,
2165633.583,,326.882,334.444,
2165733.579,,326.421,333.720,
2165833.571,,327.020,330.572,
2165933.565,,325.592,326.721,
2166033.562,,324.813,325.546,
2166133.556,,324.471,326.060,
2166233.550,,324.900,326.360,
2166333.548,,325.680,329.213,
2166433.544,,325.648,327.048,
2166533.535,,326.118,325.762,
2166633.530,,325.791,325.552,
2166733.527,,326.711,328.470,
2166833.519,,327.861,332.844,
2166933.513,,328.211,334.103,
2167033.510,,328.915,330.707,
2167133.505,,327.828,331.145,
2167233.501,,327.845,335.572,
2167333.499,,327.778,337.077,
2167433.493,,328.108,343.031,
2167533.487,,327.927,342.127,
2167633.479,,327.811,336.209,
2167733.478,,327.193,332.910,
2167833.473,,327.883,330.095,
2167933.470,,327.486,329.556,
2168033.465,,326.530,328.033,
2168133.463,,326.901,326.591,
2168233.461,,327.357,327.693,
2168333.456,,327.350,329.437,
2168433.455,,327.005,327.454,
2168533.453,,327.477,327.749,
2168633.449,,327.034,329.732,
2168733.442,,326.937,331.709,
2168833.440,,327.504,331.809,
2168933.438,,327.468,336.102,
2169033.432,,327.386,333.896,
2169133.428,,328.589,333.186,
2169233.428,,328.668,330.321,
2169333.426,,328.244,328.174,
2169433.421,,329.924,328.272,
2169533.415,,328.148,329.684,
2169633.411,,328.007,329.606,
2169733.413,,326.968,337.848,
2169833.413,,325.940,342.494,
2169933.407,,327.604,338.722,
2170033.401,,327.504,337.581,
2170133.399,,327.272,335.681,
2170233.400,,326.380,334.473,
2170333.393,,325.514,329.390,
2170433.390,,325.817,329.327,
2170533.390,,325.426,328.134,
2170633.387,,324.728,328.725,
2170733.380,,325.176,328.858,
2170833.378,,325.103,330.169,
2170933.376,,325.036,335.067,
2171033.370,,325.787,337.588,
2171133.367,,326.349,337.221,
2171233.369,,325.823,333.805,
2171333.365,,325.619,335.218,
2171433.363,,324.948,339.505,
2171533.356,,324.978,353.009,
2171633.353,,325.950,348.352,
2171733.350,,326.412,345.787,
2171833.345,,325.467,341.766,
2171933.342,,324.396,339.139,
2172033.344,,324.917,340.347,
2172133.339,,324.683,350.666,
2172233.338,,324.997,359.651,
2172333.335,,325.231,351.954,
2172433.332,,325.357,349.286,
2172533.326,,325.119,346.698,
2172633.323,,324.742,349.710,
2172733.318,,326.366,346.820,
2172833.318,,327.573,341.542,
2172933.314,,327.123,335.324,
2173033.309,,326.549,331.301,
2173133.306,,326.357,328.263,
2173233.306,,326.247,325.635,
2173333.300,,326.659,324.108,
2173433.301,,326.532,324.942,
2173533.296,,326.291,328.942,
2173633.291,,326.856,326.199,
2173733.291,,326.796,324.742,
2173833.286,,326.347,325.316,
2173933.283,,326.330,324.623,
2174033.283,,326.142,323.972,
2174133.275,,326.390,326.341,
2174233.275,,326.676,328.705,
2174333.269,,326.508,331.467,
2174433.268,,326.479,332.457,
2174533.266,,327.318,328.955,
2174633.265,,328.240,332.113,
2174733.257,,328.512,335.310,
2174833.258,,327.251,334.136,
2174933.249,,326.409,330.495,
2175033.246,,327.244,332.598,
2175133.247,,327.017,332.040,
2175233.242,,326.988,331.008,
2175333.237,,326.600,328.013,
2175433.239,,328.356,328.988,
2175533.236,,330.362,332.921,
2175633.234,,331.058,332.032,
2175733.229,,328.628,351.898,
2175833.225,,328.528,345.963,
2175933.225,,327.250,337.082,
2176033.216,,326.520,330.958,
2176133.219,,326.061,329.322,
2176233.216,,326.893,329.766,
2176333.212,,327.775,328.862,
2176433.210,,330.489,330.398,
2176533.204,,330.499,329.996,
2176633.203,,328.405,329.252,
2176733.201,,327.696,327.895,
2176833.193,,327.011,328.060,
2176933.190,,327.428,327.553,
2177033.190,,328.291,329.454,
2177133.184,,327.360,341.306,
2177233.188,,327.147,338.053,
2177333.183,,327.512,348.388,
2177433.180,,328.749,348.101,
2177533.172,,328.180,350.813,
2177633.170,,327.989,345.334,
2177733.171,,328.251,338.973,
2177833.167,,327.805,335.140,
2177933.167,,328.488,331.337,
2178033.164,,328.041,330.678,
2178133.157,,327.928,328.252,
2178233.156,,327.441,328.229,
2178333.151,,327.841,329.425,
2178433.152,,327.956,327.463,
2178533.147,,328.332,325.096,
2178633.141,,327.445,327.436,
2178733.139,,327.709,327.588,
2178833.136,,326.094,327.505,
2178933.138,,326.491,341.388,
2179033.134,,325.618,349.257,
2179133.127,,324.728,349.942,
2179233.125,,325.400,353.721,
2179333.127,,326.069,353.828,
2179433.121,,326.104,352.411,
2179533.117,,326.474,355.811,
2179633.118,,326.308,353.761,
2179733.111,,325.782,345.742,
2179833.107,,325.615,344.460,
2179933.107,,325.993,341.930,
2180033.106,,325.610,343.208,
2180133.102,,326.129,343.181,
2180233.097,,326.071,346.335,
2180333.095,,325.422,345.660,
2180433.093,,324.582,342.878,
2180533.092,,324.604,338.245,
2180633.086,,324.431,334.796,
2180733.087,,324.999,329.856,
2180833.083,,325.116,326.396,
2180933.078,,326.577,331.263,
2181033.076,,326.971,334.603,
2181133.070,,327.555,340.319,
2181233.070,,327.900,340.041,
2181333.068,,326.589,337.538,
2181433.063,,326.068,332.681,
2181533.062,,325.412,329.162,
2181633.059,,324.824,326.145,
2181733.054,,324.612,331.752,
2181833.055,,324.556,338.232,
2181933.047,,326.055,343.203,
2182033.044,,325.237,342.265,
2182133.044,,325.074,342.733,
2182233.038,,325.134,347.015,
2182333.035,,325.410,343.807,
2182433.035,,326.254,343.342,
2182533.033,,325.272,342.077,
2182633.031,,325.878,341.749,
2182733.028,,326.967,341.388,
2182833.023,,328.127,337.596,
2182933.023,,327.769,335.263,
2183033.019,,328.987,334.385,
2183133.015,,327.267,330.582,
2183233.011,,327.436,328.331,
2183333.008,,328.697,327.409,
2183433.009,,329.032,326.038,
2183533.000,,328.008,323.372,
2183632.998,,327.705,326.895,
2183732.999,,326.630,325.593,
2183832.995,,325.793,328.721,
2183932.991,,324.719,332.681,
2184032.984,,324.635,337.172,
2184132.986,,324.663,339.603,
2184232.978,,325.213,339.013,
2184332.975,,324.379,338.765,
2184432.974,,324.085,334.878,
2184532.969,,325.564,338.970,
2184632.965,,327.067,340.473,
2184732.959,,327.644,335.514,
2184832.954,,326.703,331.481,
2184932.956,,326.684,331.795,
2185032.950,,325.818,333.803,
2185132.948,,325.149,337.146,
2185232.944,,327.061,337.390,
2185332.936,,328.648,335.892,
2185432.932,,327.042,332.117,
2185532.931,,327.468,327.977,
2185632.930,,327.345,326.723,
2185732.926,,327.736,327.604,
2185832.919,,327.454,327.697,
2185932.919,,328.296,332.744,
2186032.913,,327.277,332.633,
2186132.910,,327.948,332.177,
2186232.907,,327.524,336.859,
2186332.902,,327.792,335.435,
2186432.897,,328.058,331.876,
2186532.890,,327.894,331.238,
2186632.891,,328.649,330.685,
2186732.883,,327.376,336.107,
2186832.884,,326.199,337.270,
2186932.879,,326.742,334.539,
2187032.878,,326.928,332.222,
2187132.868,,326.977,332.979,
2187232.866,,327.538,330.101,
2187332.863,,327.116,326.681,
2187432.861,,327.010,327.533,
2187532.853,,325.965,326.594,
2187632.850,,326.988,325.507,
2187732.847,,327.547,324.679,
2187832.846,,327.156,323.207,
2187932.838,,327.850,322.152,
2188032.835,,327.105,322.326,
2188132.837,,326.191,323.100,
2188232.833,,326.223,325.666,
2188332.829,,327.207,327.302,
2188432.820,,326.820,325.172,
2188532.816,,327.132,327.010,
2188632.817,,327.619,328.030,
2188732.814,,327.708,329.334,
2188832.806,,328.180,328.298,
2188932.804,,327.081,328.911,
2189032.798,,327.738,326.359,
2189132.796,,326.927,325.053,
2189232.795,,326.412,323.992,
2189332.790,,327.061,323.984,
2189432.788,,328.326,325.427,
2189532.784,,328.948,325.739,
2189632.779,,328.857,327.361,
2189732.770,,328.079,329.146,
2189832.772,,327.320,331.292,
2189932.763,,326.357,331.255,
2190032.766,,326.700,332.540,
2190132.758,,327.410,335.072,
2190232.752,,327.323,332.772,
2190332.752,,328.312,332.727,
2190432.751,,328.323,335.086,
2190532.746,,327.514,332.281,
2190632.738,,327.401,331.136,
2190732.736,,327.921,331.387,
2190832.730,,328.457,333.153,
2190932.727,,328.606,336.046,
2191032.724,,328.588,336.447,
2191132.724,,328.179,339.058,
2191232.716,,328.277,346.492,
2191332.716,,328.705,342.180,
2191432.707,,326.717,340.625,
2191532.704,,328.519,340.701,
2191632.701,,330.027,336.768,
2191732.695,,330.141,335.409,
2191832.697,,330.292,331.890,
2191932.696,,330.164,334.715,
2192032.693,,329.794,332.147,
2192132.686,,329.162,331.149,
2192232.684,,328.656,329.540,
2192332.684,,329.106,327.902,
2192432.679,,329.114,326.591,
2192532.679,,328.606,325.750,
2192632.678,,328.926,327.732,
2192732.677,,329.243,333.503,
2192832.676,,328.176,339.421,
2192932.669,,328.670,343.806,
2193032.669,,328.372,340.470,
2193132.666,,328.240,338.023,
2193232.661,,327.729,334.630,
2193332.661,,328.542,332.684,
2193432.663,,328.551,332.869,
2193532.656,,329.075,332.016,
2193632.657,,329.465,330.564,
2193732.652,,328.899,332.694,
2193832.653,,328.886,336.186,
2193932.648,,328.787,341.349,
2194032.651,,328.523,343.270,
2194132.644,,328.484,339.087,
2194232.646,,328.283,335.304,
2194332.640,,328.047,335.204,
2194432.640,,328.181,333.890,
2194532.634,,327.138,332.209,
2194632.637,,327.260,331.015,
2194732.630,,327.034,331.631,
2194832.629,,327.730,331.524,
2194932.627,,327.959,330.169,
2195032.623,,328.185,334.344,
2195132.627,,328.602,336.924,
2195232.624,,327.986,334.698,
2195332.621,,327.562,334.366,
2195432.619,,327.445,333.553,
2195532.617,,328.889,331.509,
2195632.613,,328.986,332.449,
2195732.609,,328.468,331.827,
2195832.610,,328.522,332.179,
2195932.609,,328.156,329.095,
2196032.605,,327.509,327.315,
2196132.604,,328.237,326.694,
2196232.598,,328.469,325.246,
2196332.597,,327.081,327.021,
2196432.597,,327.138,327.802,
2196532.594,,328.042,327.180,
2196632.594,,327.759,327.598,
2196732.591,,327.995,335.893,
2196832.589,,327.973,347.993,
2196932.582,,328.537,355.398,
2197032.582,,329.545,357.118,
2197132.583,,328.362,354.470,
2197232.581,,328.313,352.937,
2197332.578,,328.902,345.959,
2197432.574,,329.347,341.116,
2197532.573,,329.458,337.864,
2197632.569,,329.100,340.380,
2197732.567,,329.609,336.491,
2197832.564,,329.266,334.197,
2197932.562,,329.271,338.788,
2198032.561,,328.894,336.491,
2198132.562,,329.117,333.241,
2198232.556,,328.832,332.975,
2198332.554,,328.863,333.890,
2198432.555,,329.308,333.416,
2198532.547,,329.171,333.016,
2198632.546,,328.050,332.106,
2198732.545,,328.790,329.593,
2198832.540,,328.122,330.621,
2198932.541,,329.264,330.805,
2199032.538,,329.666,332.423,
2199132.534,,329.184,337.535,
2199232.537,,328.498,337.987,
2199332.533,,327.233,336.482,
2199432.531,,326.473,334.138,
2199532.530,,325.438,327.942,
2199632.524,,326.171,331.322,
2199732.525,,326.884,340.465,
2199832.520,,326.265,342.510,
2199932.522,,327.359,338.542,
2200032.516,,326.894,333.292,
2200132.512,,324.031,333.493,
2200232.513,,328.953,336.469,
2200332.512,,328.418,337.052,
2200432.507,,328.242,333.421,
2200532.503,,328.243,332.263,
2200632.502,,328.192,331.452,
2200732.501,,328.080,341.414,
2200832.500,,328.398,341.060,
2200932.499,,327.939,339.364,
2201032.495,,328.281,336.582,
2201132.482,,328.376,334.336,
2201232.493,,328.928,338.271,
2201332.485,,328.577,340.320,
2201432.486,,327.591,337.559,
2201532.485,,327.149,333.289,
2201632.482,,327.010,328.988,
2201732.478,,327.122,327.272,
2201832.474,,327.213,329.150,
2201932.478,,328.112,330.985,
2202032.469,,328.500,331.061,
2202132.468,,328.426,333.501,
2202232.469,,327.070,331.202,
2202332.467,,326.171,329.197,
2202432.460,,326.247,336.897,
2202532.464,,327.508,335.719,
2202632.456,,328.319,334.907,
2202732.454,,327.546,333.680,
2202832.451,,326.864,329.674,
2202932.454,,327.423,327.833,
2203032.451,,327.486,328.041,
2203132.446,,327.275,332.865,
2203232.447,,327.759,332.884,
2203332.441,,328.873,335.394,
2203432.442,,329.137,335.378,
2203532.438,,328.866,335.257,
2203632.439,,328.258,334.525,
2203732.432,,328.547,331.616,
2203832.431,,328.801,329.893,
2203932.428,,328.232,328.753,
2204032.424,,327.617,326.039,
2204132.427,,327.816,326.229,
2204232.421,,328.080,328.516,
2204332.417,,327.941,337.380,
2204432.417,,326.992,333.827,
2204532.417,,327.032,333.152,
2204632.416,,327.459,329.687,
2204732.412,,326.705,326.944,
2204832.410,,326.636,325.284,
2204932.407,,326.504,325.464,
2205032.404,,326.576,328.992,
2205132.401,,326.247,332.401,
2205232.403,,325.699,330.595,
2205332.396,,324.501,330.014,
2205432.396,,326.089,329.248,
2205532.390,,326.929,328.641,
2205632.392,,328.421,327.862,
2205732.388,,328.138,330.932,
2205832.386,,328.531,336.612,
2205932.383,,328.526,336.153,
2206032.382,,328.699,333.348,
2206132.379,,328.773,332.394,
2206232.377,,328.657,328.557,
2206332.374,,328.287,327.233,
2206432.375,,326.781,326.462,
2206532.367,,327.245,326.534,
2206632.370,,327.171,327.045,
2206732.364,,326.330,331.345,
2206832.360,,326.112,329.316,
2206932.363,,325.525,326.874,
2207032.360,,326.173,324.682,
2207132.356,,326.772,326.229,
2207232.352,,326.399,336.296,
2207332.350,,325.984,340.366,
2207432.348,,326.554,337.451,
2207532.350,,327.367,334.969,
2207632.345,,327.971,339.003,
2207732.345,,329.076,339.095,
2207832.342,,329.842,346.374,
2207932.334,,330.812,343.328,
2208032.332,,330.104,338.895,
2208132.327,,327.749,337.751,
2208232.327,,326.999,337.059,
2208332.319,,326.970,336.089,
2208432.315,,327.183,337.819,
2208532.315,,327.245,341.489,
2208632.306,,328.072,355.549,
2208732.303,,327.285,353.335,
2208832.302,,327.434,350.338,
2208932.298,,327.105,350.225,
2209032.294,,326.453,344.357,
2209132.289,,326.455,342.014,
2209232.283,,327.529,340.221,
2209332.277,,329.235,335.525,
2209432.276,,327.973,333.789,
2209532.270,,328.294,333.616,
2209632.264,,328.872,333.569,
2209732.259,,329.699,330.469,
2209832.259,,328.342,326.853,
2209932.254,,327.929,325.283,
2210032.247,,326.819,325.859,
2210132.245,,325.985,330.643,
2210232.241,,329.292,339.789,
2210332.236,,327.060,344.662,
2210432.236,,327.353,344.538,
2210532.230,,326.994,345.046,
2210632.226,,326.602,344.646,
2210732.223,,326.646,341.792,
2210832.220,,328.158,341.515,
2210932.209,,330.392,338.408,
2211032.208,,329.602,336.257,
2211132.201,,328.893,333.832,
2211232.202,,328.642,332.917,
2211332.195,,330.105,332.295,
2211432.190,,329.383,330.770,
2211532.191,,328.995,332.754,
2211632.185,,329.108,335.836,
2211732.179,,328.173,332.579,
2211832.172,,327.634,338.414,
2211932.170,,327.565,342.604,
2212032.164,,326.944,338.506,
2212132.163,,325.698,338.505,
2212232.161,,327.375,336.970,
2212332.156,,327.599,333.919,
2212432.152,,328.326,333.476,
2212532.145,,328.258,331.705,
2212632.140,,327.521,328.154,
2212732.140,,326.752,327.885,
2212832.134,,326.899,329.674,
2212932.129,,326.941,327.696,
2213032.127,,327.622,328.248,
2213132.120,,327.093,331.256,
2213232.118,,330.206,333.575,
2213332.114,,329.808,329.505,
2213432.107,,328.943,327.496,
2213532.104,,330.568,328.044,
2213632.098,,330.984,330.720,
2213732.095,,329.879,331.268,
2213832.090,,330.174,334.605,
2213932.086,,329.703,339.744,
2214032.083,,329.675,339.476,
2214132.080,,328.945,337.766,
2214232.077,,328.194,336.157,
2214332.072,,327.535,333.617,
2214432.071,,327.563,330.833,
2214532.066,,327.505,328.344,
2214632.063,,326.421,329.122,
2214732.056,,326.229,331.558,
2214832.051,,326.303,330.031,
2214932.047,,326.472,328.865,
2215032.046,,326.899,328.075,
2215132.037,,326.686,325.975,
2215232.038,,326.238,326.252,
2215332.034,,325.759,327.520,
2215432.029,,325.947,329.268,
2215532.023,,325.993,328.750,
2215632.020,,326.394,325.355,
2215732.015,,325.394,326.678,
2215832.008,,325.903,329.077,
2215932.006,,326.438,327.164,
2216032.007,,326.130,326.279,
2216132.004,,326.167,326.961,
2216231.998,,326.197,324.705,
2216332.002,,327.373,326.063,
2216431.997,,329.076,329.660,
2216531.997,,328.798,333.594,
2216631.994,,329.099,335.604,
2216731.986,,329.462,339.222,
2216831.989,,329.249,336.985,
2216931.985,,329.461,337.734,
2217031.986,,329.574,338.271,
2217131.982,,329.145,336.358,
2217231.976,,329.115,332.127,
2217331.975,,329.157,330.518,
2217431.971,,329.133,333.117,
2217531.972,,328.812,336.899,
2217631.972,,328.986,341.587,
2217731.965,,328.773,346.751,
2217831.964,,329.369,354.350,
2217931.962,,328.737,351.040,
2218031.960,,329.549,345.854,
2218131.960,,329.682,343.934,
2218231.953,,327.903,345.311,
2218331.954,,327.612,343.847,
2218431.953,,327.119,338.717,
2218531.946,,326.492,335.443,
2218631.948,,327.348,333.566,
2218731.944,,328.425,335.842,
2218831.944,,328.287,336.461,
2218931.939,,327.782,332.067,
2219031.936,,328.340,332.484,
2219131.935,,328.548,331.433,
2219231.932,,328.309,334.447,
2219331.930,,329.780,333.556,
2219431.927,,329.036,332.765,
2219531.922,,329.643,339.089,
2219631.925,,329.750,335.111,
2219731.919,,328.737,334.130,
2219831.918,,327.569,333.828,
2219931.915,,329.269,332.850,
2220031.909,,328.218,337.912,
2220131.914,,327.912,336.126,
2220231.906,,328.604,332.543,
2220331.907,,328.067,334.699,
2220431.907,,327.116,332.137,
2220531.899,,328.443,329.100,
2220631.899,,328.088,326.631,
2220731.894,,327.712,324.280,
2220831.893,,327.579,327.881,
2220931.891,,327.764,328.972,
2221031.887,,326.866,328.399,
2221131.890,,327.504,327.668,
2221231.884,,327.831,332.768,
2221331.880,,327.763,343.388,
2221431.880,,327.187,339.647,
2221531.880,,326.742,334.460,
2221631.878,,327.406,331.158,
2221731.873,,327.681,331.669,
2221831.874,,327.370,332.320,
2221931.870,,327.956,333.554,
2222031.867,,327.191,333.826,
2222131.866,,326.178,328.931,
2222231.863,,327.426,328.855,
2222331.858,,327.617,327.668,
2222431.855,,327.508,326.759,
2222531.853,,327.037,327.954,
2222631.855,,327.189,326.939,
2222731.853,,326.769,324.690,
2222831.848,,326.461,326.194,
2222931.845,,327.083,326.689,
2223031.846,,327.508,325.046,
2223131.844,,325.490,324.720,
2223231.840,,327.197,328.399,
2223331.838,,327.951,329.329,
2223431.831,,327.195,328.280,
2223531.830,,328.389,327.860,
2223631.827,,327.437,328.465,
2223731.824,,328.045,328.980,
2223831.826,,328.430,327.772,
2223931.820,,327.593,325.107,
2224031.817,,328.598,324.435,
2224131.811,,327.120,324.124,
2224231.808,,327.395,324.601,
2224331.806,,327.072,325.383,
2224431.801,,328.326,325.960,
2224531.794,,328.247,324.292,
2224631.790,,327.793,323.928,
2224731.784,,328.339,325.081,
2224831.783,,328.718,325.192,
2224931.778,,329.587,326.570,
2225031.769,,329.018,325.806,
2225131.768,,328.615,323.962,
2225231.767,,328.995,325.115,
2225331.759,,329.308,333.481,
2225431.755,,328.416,335.819,
2225531.752,,329.833,340.383,
2225631.747,,329.803,335.856,
2225731.743,,329.963,335.121,
2225831.739,,329.769,333.053,
2225931.732,,330.190,332.711,
2226031.727,,330.613,334.668,
2226131.722,,331.761,335.011,
2226231.723,,330.164,333.847,
2226331.715,,328.933,340.095,
2226431.713,,329.193,337.167,
2226531.704,,329.769,333.287,
2226631.706,,329.050,332.533,
2226731.700,,329.055,332.596,
2226831.697,,328.953,334.900,
2226931.687,,328.936,338.551,
2227031.684,,328.615,339.189,
2227131.681,,328.629,338.351,
2227231.676,,329.064,340.055,
2227331.675,,329.032,341.310,
2227431.667,,329.026,339.426,
2227531.663,,327.869,338.495,
2227631.659,,328.263,341.668,
2227731.652,,327.725,337.070,
2227831.649,,327.406,333.504,
2227931.648,,327.431,337.639,
2228031.644,,328.040,340.646,
2228131.635,,327.352,344.117,
2228231.636,,327.239,342.751,
2228331.628,,326.727,339.354,
2228431.626,,326.705,339.683,
2228531.620,,326.243,344.963,
2228631.615,,326.578,340.283,
2228731.614,,326.766,336.178,
2228831.604,,326.781,332.816,
2228931.600,,327.089,332.107,
2229031.596,,326.778,332.998,
2229131.593,,328.164,332.281,
2229231.587,,328.096,334.237,
2229331.587,,328.020,334.248,
2229431.584,,328.052,336.122,
2229531.575,,328.264,342.721,
2229631.571,,328.325,345.356,
2229731.566,,328.044,340.534,
2229831.560,,329.784,337.864,
2229931.558,,329.367,333.185,
2230031.555,,329.584,330.533,
2230131.548,,328.897,328.602,
2230231.547,,328.291,329.393,
2230331.542,,328.364,327.468,
2230431.536,,328.118,330.210,
2230531.536,,327.843,328.154,
2230631.527,,327.343,328.764,
2230731.525,,329.542,331.852,
2230831.518,,330.452,333.020,
2230931.518,,330.636,332.785,
2231031.510,,329.955,337.169,
2231131.507,,329.734,340.479,
2231231.499,,329.692,339.044,
2231331.495,,329.935,337.262,
2231431.491,,329.355,343.415,
2231531.492,,329.022,357.261,
2231631.485,,329.031,374.819,
2231731.484,,328.991,376.244,
2231831.479,,329.964,375.224,
2231931.471,,329.075,374.431,
2232031.473,,328.762,371.544,
2232131.467,,329.515,369.178,
2232231.465,,329.515,362.705,
2232331.469,,330.244,356.330,
2232431.466,,330.012,352.533,
2232531.463,,329.462,348.903,
2232631.459,,329.818,349.445,
2232731.460,,328.654,350.295,
2232831.457,,329.396,346.259,
2232931.456,,329.227,346.574,
2233031.453,,328.862,348.672,
2233131.448,,328.511,349.392,
2233231.446,,328.068,346.184,
2233331.448,,328.793,356.344,
2233431.441,,328.702,357.543,
2233531.446,,329.586,352.084,
2233631.440,,329.434,345.890,
2233731.435,,329.558,340.783,
2233831.436,,328.866,336.510,
2233931.437,,328.224,332.611,
2234031.431,,329.069,330.579,
2234131.430,,329.346,328.760,
2234231.432,,329.595,334.067,
2234331.426,,328.864,333.859,
2234431.424,,325.593,333.381,
2234531.421,,325.962,336.679,
2234631.422,,325.894,336.106,
2234731.421,,326.398,338.335,
2234831.419,,326.424,340.095,
2234931.417,,325.704,335.736,
2235031.415,,326.443,335.450,
2235131.407,,325.644,331.712,
2235231.407,,325.889,330.242,
2235331.404,,325.774,329.838,
2235431.403,,325.948,328.007,
2235531.400,,325.764,325.997,
2235631.400,,326.009,325.933,
2235731.398,,325.938,329.241,
2235831.396,,326.184,330.158,
2235931.394,,325.423,331.469,
2236031.393,,326.223,332.053,
2236131.387,,327.278,333.295,
2236231.389,,327.814,342.203,
2236331.390,,328.508,342.856,
2236431.387,,328.460,341.566,
2236531.385,,328.489,340.201,
2236631.383,,328.305,341.484,
2236731.379,,328.083,340.608,
2236831.376,,328.155,341.243,
2236931.375,,328.471,346.410,
2237031.371,,329.123,342.366,
2237131.368,,328.903,339.855,
2237231.371,,328.556,338.640,
2237331.367,,327.460,334.472,
2237431.368,,326.215,335.207,
2237531.364,,326.843,333.765,
2237631.361,,328.241,333.003,
2237731.357,,328.846,329.859,
2237831.357,,328.204,329.779,
2237931.351,,327.178,330.052,
2238031.355,,327.789,331.040,
2238131.347,,327.316,329.335,
2238231.351,,327.802,333.948,
2238331.350,,328.009,337.738,
2238431.344,,327.281,337.300,
2238531.345,,328.135,333.091,
2238631.339,,328.046,330.048,
2238731.339,,327.724,331.757,
2238831.338,,327.719,330.828,
2238931.332,,327.565,330.808,
2239031.332,,328.001,331.431,
2239131.331,,326.779,330.521,
2239231.327,,326.573,327.795,
2239331.326,,326.812,327.195,
2239431.328,,325.966,328.573,
2239531.324,,326.851,326.099,
2239631.320,,327.048,323.933,
2239731.318,,326.478,322.659,
2239831.315,,326.562,322.616,
2239931.314,,326.573,324.969,
2240031.312,,326.532,328.067,
2240131.305,,326.879,331.679,
2240231.304,,327.407,331.147,
2240331.298,,327.939,335.685,
2240431.299,,326.762,334.599,
2240531.289,,326.563,330.295,
2240631.286,,326.390,326.556,
2240731.284,,326.768,324.491,
2240831.284,,326.826,323.769,
2240931.282,,326.516,328.228,
2241031.275,,326.656,334.766,
2241131.272,,326.620,338.686,
2241231.270,,326.771,338.753,
2241331.268,,327.486,333.474,
2241431.259,,327.641,330.581,
2241531.261,,327.697,330.123,
2241631.257,,327.075,329.235,
2241731.254,,327.097,327.785,
2241831.249,,326.533,328.262,
2241931.244,,326.393,326.655,
2242031.241,,326.966,325.279,
2242131.237,,326.809,324.859,
2242231.236,,326.871,324.503,
2242331.227,,326.766,326.040,
2242431.229,,326.691,330.439,
2242531.221,,327.131,339.453,
2242631.217,,326.926,341.088,
2242731.216,,326.745,346.342,
2242831.214,,326.780,344.991,
2242931.208,,326.909,346.073,
2243031.203,,326.913,354.832,
2243131.200,,326.902,356.086,
2243231.197,,327.131,348.892,
2243331.191,,326.852,342.343,
2243431.194,,326.949,341.202,
2243531.185,,327.080,342.247,
2243631.186,,327.389,347.716,
2243731.177,,327.021,353.200,
2243831.179,,327.397,350.827,
2243931.173,,327.127,348.840,
2244031.168,,327.013,343.500,
2244131.168,,327.354,340.080,
2244231.161,,327.438,335.566,
2244331.162,,328.094,332.136,
2244431.157,,327.995,330.651,
2244531.150,,328.645,332.090,
2244631.146,,327.982,331.699,
2244731.148,,327.540,329.691,
2244831.145,,327.419,328.274,
2244931.136,,327.008,328.151,
2245031.135,,327.161,329.808,
2245131.128,,327.060,335.981,
2245231.126,,327.202,337.286,
2245331.121,,327.401,338.972,
2245431.124,,327.137,340.272,
2245531.119,,327.575,339.576,
2245631.112,,327.744,334.591,
2245731.113,,328.307,332.923,
2245831.106,,327.905,329.464,
2245931.103,,327.831,327.831,
2246031.101,,328.191,329.535,
2246131.096,,328.047,332.228,
2246231.095,,327.057,330.966,
2246331.089,,327.273,331.167,
2246431.089,,328.551,332.441,
2246531.085,,328.073,331.211,
2246631.078,,327.807,334.053,
2246731.078,,327.773,334.087,
2246831.069,,327.899,330.962,
2246931.069,,328.158,329.015,
2247031.066,,327.623,327.265,
2247131.062,,327.550,327.567,
2247231.057,,327.553,328.268,
2247331.054,,327.513,328.243,
2247431.053,,326.739,329.557,
2247531.051,,325.814,330.491,
2247631.046,,326.752,329.312,
2247731.038,,325.876,324.502,
2247831.039,,322.452,332.033,
2247931.033,,323.283,334.999,
2248031.032,,323.293,335.015,
2248131.029,,322.563,334.340,
2248231.023,,323.321,332.455,
2248331.019,,323.388,332.273,
2248431.015,,325.391,334.910,
2248531.016,,325.271,334.797,
2248631.011,,325.425,336.513,
2248731.008,,324.875,334.065,
2248831.006,,325.506,331.941,
2248931.006,,325.226,332.809,
2249031.002,,325.158,330.242,
2249131.000,,322.074,328.824,
2249230.995,,322.383,328.859,
2249330.989,,323.237,329.645,
2249430.988,,322.595,327.493,
2249530.984,,322.409,330.511,
2249630.978,,324.174,335.168,
2249730.979,,324.135,334.326,
2249830.975,,324.209,331.606,
2249930.971,,324.882,328.358,
2250030.970,,322.842,324.204,
2250130.967,,323.106,334.291,
2250230.961,,326.238,340.725,
2250330.958,,328.295,337.843,
2250430.958,,328.135,333.964,
2250530.952,,324.919,334.457,
2250630.948,,325.651,334.937,
2250730.950,,325.899,340.104,
2250830.944,,324.610,337.414,
2250930.944,,325.384,336.424,
2251030.936,,326.644,336.695,
2251130.933,,326.846,340.250,
2251230.928,,326.730,337.871,
2251330.929,,328.420,335.944,
2251430.922,,329.719,331.756,
2251530.921,,327.816,327.699,
2251630.916,,328.261,327.166,
2251730.919,,327.441,326.149,
2251830.915,,326.570,327.156,
2251930.908,,326.637,327.022,
2252030.903,,322.898,327.269,
2252130.902,,325.742,330.492,
2252230.903,,321.642,328.503,
2252330.895,,325.410,326.708,
2252430.891,,322.493,325.423,
2252530.894,,327.165,335.389,
2252630.888,,326.340,334.557,
2252730.888,,324.302,333.721,
2252830.882,,325.537,330.820,
2252930.876,,325.361,325.901,
2253030.879,,323.248,324.084,
2253130.871,,322.989,328.963,
2253230.866,,324.309,332.035,
2253330.867,,323.512,332.528,
2253430.865,,323.351,331.343,
2253530.863,,324.445,334.276,
2253630.856,,327.078,337.801,
2253730.857,,325.606,334.367,
2253830.851,,324.902,335.088,
2253930.844,,325.055,338.615,
2254030.845,,325.285,336.999,
2254130.838,,325.108,330.758,
2254230.837,,322.955,327.745,
2254330.836,,323.502,330.142,
2254430.834,,323.281,332.140,
2254530.831,,327.160,334.695,
2254630.827,,325.218,331.468,
2254730.825,,325.604,328.580,
2254830.820,,325.751,326.212,
2254930.818,,322.886,326.822,
2255030.814,,323.297,339.959,
2255130.807,,323.349,346.816,
2255230.808,,324.518,341.136,
2255330.802,,325.490,341.658,
2255430.804,,326.550,338.379,
2255530.799,,327.620,337.375,
2255630.798,,327.534,335.147,
2255730.791,,325.895,331.292,
2255830.786,,326.017,328.637,
2255930.787,,325.863,328.232,
2256030.787,,326.293,334.065,
2256130.784,,325.934,353.341,
2256230.781,,325.949,346.985,
2256330.779,,325.642,340.631,
2256430.772,,325.702,338.676,
2256530.768,,325.959,337.947,
2256630.770,,326.107,335.475,
2256730.767,,326.083,336.595,
2256830.766,,327.152,334.265,
2256930.762,,327.999,332.132,
2257030.759,,327.089,329.541,
2257130.755,,323.370,330.627,
2257230.754,,325.577,359.349,
2257330.748,,325.457,361.606,
2257430.745,,326.241,364.608,
2257530.743,,327.999,359.317,
2257630.741,,330.074,359.722,
2257730.740,,328.837,350.431,
2257830.739,,329.075,342.776,
2257930.733,,328.819,337.197,
2258030.733,,327.587,332.992,
2258130.728,,327.340,333.363,
2258230.729,,326.537,332.448,
2258330.723,,325.830,331.021,
2258430.721,,326.009,330.654,
2258530.721,,326.185,334.965,
2258630.715,,326.110,338.151,
2258730.718,,326.337,340.894,
2258830.710,,326.147,340.272,
2258930.712,,326.384,338.450,
2259030.707,,326.898,332.614,
2259130.707,,326.779,332.906,
2259230.703,,327.200,345.458,
2259330.698,,326.451,353.629,
2259430.694,,327.204,351.287,
2259530.694,,328.314,348.216,
2259630.691,,328.140,345.772,
2259730.690,,326.985,341.485,
2259830.689,,327.137,337.148,
2259930.684,,326.816,333.581,
2260030.681,,326.602,330.136,
2260130.678,,326.727,329.234,
2260230.677,,326.150,340.387,
2260330.675,,325.361,337.324,
2260430.670,,325.218,334.998,
2260530.673,,325.080,332.162,
2260630.666,,324.516,333.253,
2260730.661,,325.138,334.460,
2260830.659,,325.204,337.313,
2260930.659,,325.571,340.524,
2261030.659,,325.588,341.624,
2261130.655,,326.147,343.099,
2261230.655,,325.753,338.558,
2261330.652,,325.579,337.690,
2261430.644,,325.994,334.657,
2261530.642,,325.857,335.053,
2261630.643,,326.501,340.268,
2261730.637,,328.654,338.231,
2261830.638,,328.595,336.152,
2261930.631,,327.084,340.937,
2262030.629,,326.796,338.241,
2262130.630,,326.970,334.377,
2262230.628,,327.434,330.466,
2262330.627,,327.736,331.891,
2262430.622,,326.838,331.273,
2262530.618,,327.649,329.983,
2262630.617,,328.067,331.053,
2262730.613,,326.927,335.259,
2262830.613,,327.114,332.324,
2262930.610,,327.485,328.996,
2263030.606,,327.329,327.787,
2263130.601,,327.356,329.617,
2263230.603,,328.818,331.078,
2263330.597,,327.766,333.609,
2263430.596,,328.599,330.656,
2263530.596,,327.768,328.509,
2263630.592,,327.079,328.096,
2263730.589,,328.105,328.490,
2263830.586,,328.268,326.959,
2263930.583,,327.319,326.864,
2264030.581,,326.537,326.060,
2264130.575,,326.070,326.526,
2264230.574,,327.143,330.325,
2264330.569,,327.759,330.597,
2264430.564,,327.424,328.289,
2264530.559,,327.120,327.022,
2264630.560,,327.097,326.646,
2264730.551,,327.092,325.311,
2264830.551,,326.197,326.912,
2264930.547,,325.975,325.714,
2265030.544,,325.668,324.507,
2265130.536,,325.664,329.539,
2265230.535,,325.954,332.724,
2265330.529,,325.939,335.357,
2265430.526,,325.473,332.687,
2265530.522,,325.856,330.265,
2265630.519,,325.597,328.321,
2265730.517,,325.407,327.180,
2265830.516,,325.430,328.758,
2265930.506,,325.548,327.852,
2266030.504,,325.101,328.251,
2266130.502,,325.407,330.036,
2266230.497,,325.046,328.804,
2266330.494,,325.520,336.054,
2266430.492,,325.820,334.870,
2266530.491,,325.780,335.034,
2266630.487,,325.615,339.098,
2266730.479,,326.793,337.377,
2266830.477,,327.163,334.806,
2266930.472,,326.788,331.919,
2267030.471,,325.752,328.021,
2267130.463,,325.500,325.910,
2267230.460,,326.292,325.994,
2267330.457,,327.274,326.637,
2267430.454,,326.291,328.770,
2267530.452,,326.656,327.828,
2267630.448,,325.424,325.449,
2267730.443,,325.315,328.387,
2267830.442,,325.319,328.399,
2267930.433,,325.802,327.801,
2268030.430,,326.411,329.508,
2268130.429,,326.396,329.314,
2268230.427,,327.053,330.033,
2268330.425,,327.039,330.725,
2268430.422,,326.467,328.666,
2268530.417,,325.965,329.084,
2268630.411,,325.416,329.220,
2268730.406,,326.111,328.475,
2268830.407,,325.985,327.814,
2268930.398,,326.354,328.382,
2269030.400,,325.842,328.615,
2269130.390,,327.206,335.979,
2269230.393,,325.999,335.544,
2269330.383,,326.125,335.867,
2269430.384,,326.446,332.756,
2269530.379,,326.747,333.478,
2269630.374,,326.830,333.439,
2269730.371,,326.466,333.616,
2269830.370,,325.518,336.445,
2269930.362,,325.129,336.584,
2270030.362,,324.797,334.765,
2270130.358,,324.758,334.701,
2270230.355,,325.024,337.625,
2270330.350,,324.489,334.378,
2270430.345,,324.819,330.230,
2270530.343,,324.872,328.869,
2270630.339,,324.947,334.657,
2270730.335,,324.245,333.438,
2270830.328,,325.111,328.321,
2270930.327,,325.211,324.806,
2271030.323,,324.315,323.246,
2271130.321,,324.733,323.633,
2271230.319,,326.052,325.138,
2271330.310,,324.919,326.507,
2271430.310,,324.760,324.310,
2271530.306,,324.499,323.122,
2271630.299,,324.894,328.802,
2271730.298,,325.607,327.962,
2271830.291,,325.224,326.977,
2271930.295,,325.199,327.942,
2272030.292,,325.304,331.695,
2272130.290,,325.965,349.812,
2272230.282,,325.215,347.512,
2272330.286,,325.068,344.295,
2272430.283,,325.589,338.538,
2272530.280,,325.610,335.988,
2272630.272,,325.317,333.418,
2272730.273,,326.372,332.831,
2272830.272,,325.677,333.449,
2272930.267,,325.026,332.940,
2273030.265,,325.131,331.641,
2273130.267,,325.226,328.857,
2273230.263,,325.040,326.183,
2273330.261,,325.777,323.811,
2273430.256,,325.171,336.229,
2273530.251,,325.076,334.338,
2273630.248,,325.771,336.040,
2273730.251,,325.843,337.986,
2273830.243,,324.845,335.867,
2273930.247,,324.740,332.201,
2274030.242,,325.330,332.508,
2274130.242,,325.403,334.008,
2274230.240,,325.102,331.089,
2274330.235,,325.768,333.701,
2274430.234,,325.166,333.170,
2274530.229,,324.682,332.643,
2274630.227,,324.823,328.844,
2274730.224,,325.481,326.505,
2274830.224,,326.571,326.778,
2274930.221,,327.960,327.072,
2275030.219,,328.671,331.028,
2275130.215,,329.216,339.031,
2275230.215,,329.045,344.195,
2275330.211,,329.261,347.015,
2275430.204,,330.466,345.185,
2275530.202,,329.145,348.629,
2275630.206,,328.716,344.899,
2275730.198,,328.511,339.655,
2275830.199,,327.393,334.839,
2275930.194,,327.476,331.825,
2276030.194,,329.424,331.829,
2276130.191,,327.685,341.768,
2276230.186,,328.109,342.828,
2276330.184,,329.388,337.107,
2276430.185,,326.989,331.590,
2276530.184,,325.529,328.635,
2276630.177,,325.557,326.108,
2276730.179,,327.069,327.389,
2276830.175,,327.392,328.581,
2276930.172,,327.006,336.125,
2277030.169,,327.171,342.407,
2277130.169,,326.262,338.550,
2277230.164,,324.692,335.127,
2277330.158,,326.000,335.155,
2277430.162,,326.238,334.082,
2277530.160,,326.086,333.884,
2277630.152,,325.390,336.008,
2277730.150,,326.268,334.832,
2277830.151,,327.130,332.129,
2277930.150,,327.192,329.956,
2278030.148,,326.271,328.377,
2278130.145,,326.361,329.218,
2278230.140,,325.979,329.449,
2278330.135,,326.449,329.316,
2278430.136,,326.244,329.974,
2278530.132,,326.742,328.109,
2278630.129,,326.256,326.338,
2278730.125,,325.537,324.771,
2278830.122,,321.804,324.171,
2278930.120,,321.501,327.879,
2279030.120,,321.049,333.121,
2279130.120,,322.129,336.034,
2279230.118,,321.582,337.969,
2279330.110,,325.332,336.207,
2279430.113,,325.486,337.577,
2279530.105,,324.988,340.244,
2279630.107,,324.469,335.693,
2279730.105,,321.027,335.094,
2279830.101,,321.354,335.819,
2279930.098,,322.862,332.035,
2280030.093,,321.851,333.573,
2280130.095,,325.836,333.989,
2280230.092,,326.434,330.774,
2280330.088,,326.335,328.823,
2280430.086,,326.014,328.085,
2280530.084,,325.042,325.184,
2280630.078,,321.882,323.697,
2280730.074,,323.215,328.389,
2280830.072,,322.261,325.902,
2280930.072,,323.969,330.815,
2281030.065,,324.643,326.870,
2281130.064,,321.908,327.821,
2281230.059,,321.639,330.626,
2281330.061,,324.166,333.044,
2281430.053,,321.953,339.423,
2281530.051,,321.804,338.558,
2281630.049,,322.860,337.610,
2281730.048,,322.422,336.116,
2281830.044,,324.187,337.343,
2281930.039,,323.879,340.274,
2282030.037,,325.004,339.766,
2282130.034,,324.558,341.335,
2282230.032,,323.868,340.549,
2282330.032,,323.785,337.097,
2282430.026,,320.881,334.001,
2282530.026,,321.930,335.581,
2282630.022,,326.193,334.191,
2282730.019,,325.942,331.778,
2282830.017,,326.451,328.259,
2282930.010,,326.055,325.745,
2283030.013,,325.963,323.913,
2283130.006,,326.306,323.758,
2283230.006,,322.395,323.135,
2283330.006,,322.119,329.251,
2283430.002,,325.065,329.308,
2283529.995,,325.530,325.123,
2283629.995,,323.755,319.908,
2283729.994,,321.729,322.155,
2283829.989,,321.518,327.770,
2283929.988,,321.810,332.965,
2284029.980,,321.301,339.069,
2284129.982,,325.713,334.563,
2284229.977,,323.754,327.749,
2284329.972,,322.123,326.663,
2284429.972,,322.448,329.542,
2284529.967,,322.540,326.245,
2284629.963,,324.896,328.795,
2284729.960,,325.593,327.744,
2284829.957,,326.910,326.469,
2284929.957,,327.371,324.187,
2285029.956,,326.729,325.096,
2285129.954,,322.976,321.866,
2285229.950,,322.323,329.036,
2285329.943,,325.550,336.682,
2285429.941,,325.436,335.698,
2285529.941,,327.539,335.294,
2285629.936,,326.874,333.217,
2285729.936,,325.498,333.019,
2285829.932,,325.801,337.414,
2285929.928,,325.139,332.918,
2286029.929,,325.229,328.665,
2286129.924,,326.601,325.644,
2286229.922,,326.619,323.804,
2286329.920,,326.603,322.015,
2286429.915,,326.327,320.851,
2286529.916,,325.858,321.490,
2286629.908,,326.540,320.958,
2286729.908,,326.702,319.366,
2286829.902,,326.296,318.747,
2286929.900,,323.698,320.150,
2287029.900,,322.879,330.816,
2287129.899,,322.974,332.394,
2287229.896,,323.478,329.935,
2287329.889,,322.303,330.403,
2287429.884,,325.499,330.101,
2287529.882,,326.468,325.540,
2287629.883,,324.445,321.435,
2287729.881,,322.568,324.164,
2287829.874,,323.471,335.480,
2287929.873,,324.714,344.013,
2288029.871,,324.510,342.825,
2288129.863,,322.628,341.263,
2288229.866,,324.184,338.104,
2288329.860,,323.402,334.295,
2288429.857,,327.456,332.086,
2288529.853,,326.607,330.185,
2288629.850,,326.521,332.043,
2288729.847,,326.169,331.766,
2288829.840,,325.084,329.374,
2288929.841,,324.247,327.517,
2289029.838,,323.972,326.936,
2289129.834,,323.664,331.621,
2289229.831,,325.822,329.711,
2289329.824,,326.860,328.714,
2289429.824,,326.963,326.716,
2289529.821,,322.744,332.143,
2289629.819,,325.359,335.467,
2289729.811,,325.570,332.976,
2289829.808,,326.254,330.172,
2289929.807,,324.835,331.532,
2290029.801,,325.445,332.696,
2290129.796,,325.284,333.977,
2290229.797,,322.659,332.648,
2290329.791,,323.990,336.098,
2290429.787,,323.617,338.441,
2290529.787,,323.490,337.410,
2290629.784,,325.039,335.646,
2290729.777,,325.902,336.207,
2290829.778,,325.127,338.887,
2290929.771,,325.265,340.468,
2291029.767,,322.986,334.213,
2291129.764,,323.628,335.431,
2291229.760,,323.572,341.811,
2291329.757,,323.742,339.920,
2291429.755,,325.051,339.051,
2291529.749,,323.693,333.521,
2291629.751,,323.771,332.768,
2291729.742,,324.892,340.186,
2291829.739,,325.893,336.275,
2291929.740,,324.836,333.433,
2292029.734,,325.749,330.950,
2292129.734,,324.893,329.453,
2292229.729,,325.289,328.576,
2292329.725,,323.655,325.690,
2292429.721,,323.594,326.624,
2292529.719,,325.333,323.722,
2292629.714,,325.675,321.500,
2292729.715,,323.509,320.429,
2292829.710,,323.719,326.866,
2292929.708,,323.616,341.781,
2293029.704,,326.284,345.317,
2293129.696,,325.420,340.904,
2293229.698,,326.868,334.576,
2293329.689,,323.798,331.275,
2293429.691,,325.383,331.947,
2293529.683,,324.377,333.740,
2293629.683,,325.765,337.937,
2293729.676,,324.518,335.255,
2293829.675,,325.010,339.304,
2293929.671,,325.086,343.708,
2294029.671,,324.437,340.290,
2294129.663,,324.710,335.374,
2294229.664,,322.546,333.473,
2294329.660,,323.757,335.014,
2294429.654,,322.730,335.165,
2294529.649,,324.680,333.451,
2294629.649,,325.003,331.607,
2294729.643,,324.645,331.272,
2294829.639,,324.434,330.359,
2294929.638,,322.472,329.255,
2295029.636,,323.508,328.271,
2295129.630,,323.644,326.931,
2295229.625,,323.312,324.712,
2295329.628,,322.974,323.470,
2295429.620,,324.257,322.939,
2295529.618,,325.212,326.181,
2295629.614,,324.749,327.635,
2295729.613,,324.654,328.943,
2295829.609,,323.295,326.683,
2295929.608,,323.022,329.611,
2296029.602,,323.211,330.003,
2296129.601,,323.767,330.262,
2296229.596,,323.276,331.755,
2296329.592,,323.512,335.289,
2296429.588,,324.372,336.186,
2296529.591,,324.331,333.603,
2296629.582,,323.309,333.691,
2296729.580,,325.265,333.104,
2296829.578,,324.662,329.932,
2296929.578,,324.662,326.789,
2297029.575,,325.819,328.321,
2297129.572,,325.799,327.941,
2297229.569,,324.140,325.170,
2297329.562,,325.076,323.301,
2297429.563,,325.191,325.416,
2297529.558,,324.991,329.875,
2297629.554,,325.739,331.548,
2297729.548,,326.281,328.932,
2297829.552,,326.603,326.435,
2297929.547,,326.059,324.160,
2298029.540,,324.489,321.164,
2298129.537,,323.334,323.119,
2298229.537,,324.276,341.200,
2298329.536,,327.258,341.948,
2298429.529,,328.440,336.703,
2298529.529,,327.327,332.940,
2298629.523,,325.765,329.041,
2298729.523,,324.785,330.626,
2298829.519,,325.457,328.707,
2298929.517,,323.873,325.291,
2299029.512,,324.483,324.498,
2299129.512,,323.512,325.661,
2299229.505,,323.083,333.093,
2299329.503,,322.702,342.214,
2299429.504,,323.859,340.264,
2299529.498,,324.090,335.446,
2299629.494,,323.537,332.915,
2299729.489,,322.359,331.711,
2299829.492,,323.479,337.449,
2299929.485,,323.566,339.506,
2300029.486,,323.897,339.376,
2300129.483,,323.645,337.515,
2300229.478,,323.957,338.412,
2300329.476,,325.336,340.665,
2300429.468,,325.309,336.737,
2300529.467,,326.469,332.217,
2300629.466,,325.289,328.279,
2300729.461,,323.075,325.829,
2300829.456,,322.904,324.670,
2300929.454,,323.116,325.299,
2301029.435,,324.050,328.523,
2301129.451,,322.478,331.414,
2301229.446,,325.190,331.600,
2301329.442,,324.870,328.425,
2301429.439,,324.986,328.337,
2301529.439,,324.890,332.556,
2301629.438,,322.326,329.350,
2301729.432,,323.469,330.505,
2301829.429,,324.177,330.928,
2301929.423,,325.872,328.142,
2302029.427,,322.827,325.266,
2302129.421,,325.005,327.897,
2302229.419,,324.890,327.572,
2302329.414,,324.809,328.289,
2302429.409,,324.335,330.567,
2302529.409,,324.458,328.933,
2302629.405,,321.827,327.613,
2302729.404,,323.548,331.611,
2302829.402,,322.451,335.365,
2302929.397,,323.178,333.521,
2303029.394,,324.009,331.737,
2303129.394,,325.424,331.001,
2303229.387,,325.836,330.258,
2303329.386,,324.243,335.232,
2303429.379,,324.836,331.807,
2303529.379,,322.582,331.100,
2303629.374,,322.245,333.256,
2303729.374,,322.170,333.948,
2303829.371,,322.759,329.448,
2303929.368,,323.357,330.959,
2304029.362,,325.683,333.730,
2304129.361,,324.078,332.094,
2304229.358,,323.828,329.121,
2304329.356,,324.734,330.712,
2304429.356,,324.647,327.079,
2304529.352,,323.266,326.567,
2304629.353,,326.816,332.473,
2304729.347,,322.171,330.378,
2304829.344,,321.694,328.323,
2304929.344,,322.839,327.529,
2305029.337,,324.275,324.148,
2305129.335,,321.839,321.478,
2305229.335,,322.707,326.671,
2305329.331,,325.412,328.834,
2305429.327,,325.896,327.576,
2305529.325,,325.665,324.646,
2305629.325,,322.682,321.134,
2305729.322,,323.173,325.330,
2305829.319,,322.160,327.582,
2305929.317,,324.436,325.944,
2306029.318,,321.895,323.129,
2306129.309,,324.872,323.200,
2306229.309,,324.016,322.235,
2306329.305,,323.987,324.188,
2306429.307,,324.057,326.564,
2306529.303,,323.865,324.419,
2306629.299,,324.839,322.761,
2306729.294,,325.484,322.530,
2306829.297,,323.715,319.882,
2306929.290,,322.863,329.000,
2307029.291,,323.739,330.621,
2307129.285,,323.399,329.300,
2307229.282,,324.552,332.963,
2307329.281,,324.857,333.704,
2307429.278,,325.555,331.622,
2307529.280,,325.588,330.447,
2307629.277,,325.266,326.005,
2307729.275,,323.822,323.059,
2307829.274,,324.379,324.820,
2307929.271,,325.523,326.603,
2308029.264,,325.930,327.220,
2308129.263,,326.150,328.107,
2308229.257,,323.297,325.794,
2308329.261,,326.775,332.432,
2308429.253,,324.262,333.455,
2308529.250,,325.852,331.316,
2308629.247,,325.319,330.126,
2308729.249,,324.192,329.557,
2308829.246,,324.999,327.839,
2308929.245,,326.053,326.663,
2309029.239,,326.380,326.059,
2309129.238,,326.120,326.129,
2309229.233,,327.435,336.725,
2309329.234,,329.613,340.849,
2309429.233,,328.956,347.894,
2309529.226,,328.794,345.425,
2309629.224,,329.303,343.168,
2309729.222,,328.394,338.236,
2309829.218,,323.542,329.481,
2309929.217,,323.277,325.952,
2310029.217,,324.176,328.403,
2310129.210,,325.884,327.692,
2310229.211,,326.559,325.379,
2310329.206,,326.173,325.407,
2310429.206,,326.362,325.527,
2310529.204,,323.463,324.042,
2310629.201,,323.627,327.366,
2310729.198,,324.054,327.932,
2310829.192,,325.779,326.471,
2310929.194,,326.350,323.130,
2311029.187,,322.848,322.424,
2311129.191,,323.180,326.853,
2311229.183,,325.694,326.314,
2311329.183,,323.026,322.644,
2311429.178,,322.807,324.579,
2311529.180,,323.504,329.877,
2311629.177,,323.930,326.342,
2311729.176,,323.288,324.913,
2311829.174,,323.315,327.144,
2311929.164,,324.805,325.264,
2312029.166,,326.026,323.788,
2312129.159,,326.326,321.438,
2312229.155,,326.165,324.488,
2312329.151,,325.785,325.768,
2312429.149,,323.838,328.817,
2312529.146,,323.816,330.279,
2312629.145,,322.352,332.016,
2312729.138,,322.472,341.019,
2312829.133,,323.529,339.478,
2312929.132,,323.242,335.923,
2313029.124,,322.086,330.023,
2313129.123,,322.354,332.147,
2313229.124,,323.307,334.962,
2313329.116,,323.786,331.471,
2313429.112,,324.051,328.622,
2313529.110,,324.787,327.723,
2313629.109,,325.669,328.770,
2313729.102,,325.340,329.043,
2313829.102,,323.973,327.237,
2313929.096,,323.664,327.073,
2314029.092,,323.568,332.678,
2314129.091,,322.437,335.287,
2314229.083,,322.687,339.245,
2314329.078,,324.010,335.842,
2314429.078,,322.846,330.969,
2314529.072,,323.669,330.418,
2314629.068,,323.939,333.162,
2314729.065,,323.802,337.001,
2314829.064,,324.284,348.029,
2314929.062,,324.886,347.713,
2315029.059,,324.301,343.485,
2315129.049,,326.793,338.317,
2315229.049,,323.293,333.698,
2315329.043,,324.196,331.184,
2315429.041,,324.894,329.811,
2315529.036,,325.742,329.764,
2315629.032,,323.943,326.128,
2315729.033,,322.839,327.964,
2315829.031,,322.656,332.167,
2315929.023,,322.837,331.738,
2316029.018,,323.736,332.125,
2316129.014,,325.017,328.348,
2316229.016,,324.363,328.023,
2316329.007,,324.876,329.134,
2316429.004,,324.628,329.556,
2316529.003,,324.626,330.712,
2316628.998,,323.248,327.317,
2316728.992,,322.826,328.908,
2316828.992,,323.375,329.576,
2316928.985,,323.424,329.538,
2317028.987,,325.790,328.097,
2317128.979,,325.729,327.194,
2317228.978,,325.177,330.169,
2317328.971,,324.389,331.320,
2317428.968,,324.450,330.337,
2317528.969,,324.835,333.394,
2317628.964,,325.116,335.016,
2317728.957,,324.323,332.614,
2317828.958,,326.422,337.124,
2317928.951,,328.380,332.407,
2318028.947,,322.559,331.935,
2318128.942,,323.130,332.196,
2318228.939,,323.710,333.235,
2318328.936,,323.378,330.127,
2318428.932,,323.209,327.616,
2318528.932,,325.890,327.057,
2318628.927,,323.949,331.676,
2318728.921,,324.111,333.667,
2318828.919,,324.692,333.248,
2318928.917,,324.088,331.650,
2319028.916,,324.644,333.642,
2319128.912,,324.250,331.927,
2319228.905,,324.565,332.634,
2319328.901,,323.942,333.298,
2319428.900,,325.172,329.985,
2319528.894,,322.903,325.276,
2319628.889,,322.679,323.717,
2319728.885,,322.935,325.185,
2319828.885,,324.089,322.910,
2319928.884,,323.995,321.431,
2320028.878,,324.443,323.747,
2320128.874,,325.965,325.999,
2320228.875,,325.442,325.848,
2320328.871,,324.921,324.651,
2320428.867,,324.567,326.670,
2320528.864,,323.902,326.727,
2320628.864,,325.365,326.942,
2320728.862,,324.330,325.883,
2320828.857,,321.769,322.966,
2320928.859,,322.135,329.290,
2321028.856,,321.361,338.362,
2321128.850,,319.885,345.860,
2321228.849,,320.216,343.513,
2321328.847,,320.350,339.833,
2321428.843,,322.274,335.713,
2321528.844,,323.286,331.362,
2321628.843,,324.135,328.154,
2321728.840,,323.542,323.494,
2321828.835,,323.032,322.577,
2321928.836,,322.902,322.533,
2322028.829,,323.500,323.897,
2322128.830,,325.295,324.783,
2322228.829,,324.309,326.387,
2322328.821,,322.518,326.189,
2322428.821,,322.151,324.384,
2322528.820,,321.963,325.166,
2322628.815,,323.241,323.158,
2322728.818,,321.818,323.881,
2322828.815,,323.219,325.440,
2322928.811,,324.240,326.508,
2323028.809,,323.774,324.421,
2323128.803,,323.148,322.735,
2323228.801,,324.234,321.247,
2323328.802,,323.522,321.162,
2323428.796,,322.779,321.946,
2323528.795,,323.136,325.563,
2323628.791,,323.026,325.792,
2323728.793,,322.919,324.104,
2323828.785,,323.801,323.845,
2323928.787,,322.523,322.361,
2324028.785,,322.169,323.582,
2324128.782,,322.738,323.992,
2324228.779,,322.936,325.498,
2324328.776,,323.283,324.663,
2324428.774,,322.917,323.222,
2324528.772,,323.258,322.587,
2324628.771,,323.465,323.838,
2324728.764,,323.630,327.480,
2324828.765,,324.298,331.956,
2324928.759,,323.744,334.855,
2325028.760,,322.684,335.544,
2325128.756,,324.606,339.990,
2325228.756,,324.025,339.630,
2325328.749,,323.388,335.614,
2325428.753,,322.907,331.365,
2325528.746,,324.530,330.758,
2325628.742,,324.463,331.817,
2325728.742,,323.627,331.703,
2325828.740,,324.338,329.842,
2325928.739,,323.942,328.726,
2326028.739,,325.120,327.641,
2326128.730,,323.706,325.890,
2326228.731,,324.269,327.804,
2326328.726,,325.040,326.749,
2326428.726,,323.822,323.939,
2326528.723,,323.357,322.577,
2326628.718,,323.152,320.767,
2326728.719,,324.060,322.773,
2326828.715,,323.612,320.514,
2326928.716,,323.640,329.602,
2327028.710,,322.098,334.756,
2327128.711,,323.352,339.404,
2327228.708,,323.169,338.031,
2327328.702,,322.880,338.307,
2327428.703,,323.612,333.010,
2327528.699,,323.175,331.882,
2327628.695,,322.112,331.884,
2327728.696,,323.482,333.283,
2327828.690,,323.467,328.653,
2327928.685,,322.967,331.310,
2328028.686,,321.275,339.213,
2328128.681,,323.776,336.176,
2328228.679,,322.221,335.924,
2328328.672,,324.381,331.466,
2328428.670,,323.870,332.363,
2328528.664,,323.512,338.421,
2328628.663,,325.519,333.010,
2328728.657,,325.002,331.103,
2328828.654,,325.092,331.774,
2328928.647,,324.876,328.475,
2329028.649,,324.460,325.483,
2329128.643,,323.988,321.032,
2329228.636,,323.763,321.040,
2329328.632,,323.490,324.148,
2329428.629,,324.619,331.731,
2329528.624,,323.279,331.085,
2329628.620,,324.914,326.915,
2329728.617,,324.977,323.988,
2329828.615,,325.132,322.807,
2329928.608,,324.330,325.615,
2330028.606,,324.478,329.783,
2330128.604,,324.872,333.897,
2330228.597,,325.933,331.429,
2330328.597,,325.747,328.872,
2330428.590,,325.785,329.958,
2330528.587,,325.507,329.371,
2330628.585,,325.651,329.296,
2330728.582,,325.852,333.732,
2330828.579,,326.863,336.365,
2330928.570,,326.866,333.271,
2331028.568,,326.335,327.982,
2331128.560,,325.097,327.052,
2331228.561,,325.198,327.701,
2331328.558,,326.191,328.767,
2331428.549,,326.074,331.986,
2331528.548,,325.704,332.374,
2331628.546,,324.451,330.657,
2331728.541,,322.617,327.172,
2331828.534,,322.253,328.809,
2331928.534,,323.123,333.422,
2332028.527,,323.097,329.623,
2332128.527,,324.051,328.287,
2332228.523,,322.429,327.680,
2332328.520,,322.641,330.824,
2332428.511,,325.062,333.395,
2332528.511,,322.640,329.837,
2332628.504,,323.372,328.816,
2332728.501,,321.639,331.616,
2332828.497,,322.604,331.979,
2332928.495,,324.345,332.418,
2333028.486,,324.227,329.699,
2333128.483,,324.157,331.303,
2333228.478,,323.552,331.842,
2333328.480,,325.046,333.976,
2333428.471,,325.679,333.158,
2333528.471,,324.408,329.735,
2333628.468,,324.808,330.633,
2333728.459,,323.960,331.060,
2333828.459,,322.559,327.947,
2333928.457,,322.440,328.342,
2334028.447,,324.957,330.736,
2334128.446,,323.720,333.137,
2334228.445,,324.273,329.508,
2334328.436,,323.417,327.143,
2334428.436,,323.196,325.958,
2334528.431,,323.420,329.153,
2334628.426,,323.150,352.366,
2334728.423,,322.916,354.838,
2334828.421,,322.502,349.398,
2334928.418,,322.941,345.877,
2335028.412,,322.744,345.704,
2335128.411,,323.650,340.866,
2335228.404,,322.975,335.947,
2335328.403,,323.610,332.280,
2335428.395,,324.354,327.804,
2335528.390,,323.310,326.248,
2335628.386,,322.349,323.736,
2335728.382,,323.273,328.633,
2335828.383,,321.713,327.080,
2335928.378,,323.752,322.617,
2336028.374,,322.434,322.826,
2336128.373,,322.706,333.917,
2336228.369,,324.054,333.627,
2336328.372,,321.825,335.597,
2336428.365,,324.202,339.695,
2336528.368,,323.615,340.857,
2336628.365,,323.626,340.713,
2336728.360,,322.780,339.573,
2336828.358,,322.595,332.783,
2336928.356,,323.070,330.158,
2337028.357,,322.399,326.719,
2337128.353,,323.863,324.754,
2337228.348,,323.015,324.310,
2337328.346,,323.751,327.579,
2337428.344,,324.297,327.946,
2337528.342,,323.789,326.321,
2337628.342,,324.932,329.695,
2337728.339,,323.436,333.530,
2337828.338,,325.446,337.506,
2337928.336,,324.524,338.908,
2338028.332,,325.326,337.730,
2338128.328,,325.009,333.928,
2338228.326,,324.550,329.224,
2338328.325,,324.777,326.776,
2338428.326,,324.261,323.594,
2338528.319,,324.748,322.043,
2338628.317,,322.786,322.690,
2338728.314,,324.260,321.208,
2338828.314,,323.892,322.733,
2338928.314,,324.344,323.720,
2339028.312,,323.413,322.615,
2339128.307,,322.709,323.123,
2339228.303,,323.972,326.056,
2339328.305,,322.524,328.047,
2339428.304,,325.102,327.440,
2339528.298,,324.802,332.739,
2339628.300,,325.488,330.359,
2339728.293,,325.520,335.765,
2339828.291,,325.065,338.944,
2339928.292,,324.660,342.186,
2340028.290,,324.277,336.229,
2340128.287,,324.250,333.832,
2340228.287,,323.246,331.488,
2340328.284,,324.590,333.276,
2340428.280,,323.631,335.269,
2340528.278,,325.027,335.696,
2340628.274,,323.652,334.168,
2340728.270,,325.697,332.935,
2340828.273,,324.647,330.635,
2340928.269,,325.375,325.831,
2341028.266,,324.566,326.491,
2341128.266,,323.758,324.603,
2341228.262,,323.382,328.025,
2341328.263,,323.123,326.957,
2341428.258,,322.365,326.140,
2341528.255,,323.756,325.161,
2341628.253,,323.107,322.940,
2341728.250,,323.923,321.751,
2341828.247,,325.935,321.663,
2341928.250,,325.813,323.962,
2342028.247,,326.611,327.634,
2342128.241,,325.596,329.753,
2342228.237,,326.407,332.619,
2342328.240,,325.634,328.950,
2342428.235,,325.830,326.514,
2342528.231,,325.241,323.981,
2342628.232,,325.040,323.550,
2342728.228,,325.124,325.631,
2342828.229,,326.206,331.445,
2342928.224,,327.983,333.473,
2343028.220,,328.476,333.224,
2343128.218,,328.153,329.395,
2343228.217,,326.320,325.982,
2343328.217,,326.792,323.505,
2343428.214,,325.498,321.794,
2343528.210,,324.734,322.895,
2343628.209,,325.298,330.941,
2343728.208,,325.198,331.728,
2343828.207,,324.087,333.120,
2343928.198,,323.736,331.076,
2344028.201,,324.292,337.183,
2344128.195,,322.225,337.959,
2344228.188,,321.990,339.182,
2344328.187,,323.778,341.145,
2344428.183,,323.736,334.822,
2344528.178,,322.247,332.891,
2344628.177,,322.654,333.613,
2344728.171,,322.339,334.056,
2344828.168,,322.722,334.404,
2344928.163,,322.714,334.622,
2345028.158,,323.305,336.395,
2345128.159,,324.841,334.775,
2345228.156,,324.020,332.800,
2345328.152,,324.106,330.899,
2345428.144,,323.531,326.593,
2345528.140,,322.380,326.282,
2345628.143,,323.421,333.829,
2345728.138,,322.970,332.651,
2345828.132,,322.539,330.027,
2345928.129,,324.727,330.994,
2346028.125,,323.842,329.387,
2346128.119,,324.252,330.056,
2346228.117,,323.848,333.818,
2346328.113,,324.023,334.698,
2346428.111,,324.620,336.731,
2346528.107,,325.532,333.890,
2346628.101,,321.629,328.199,
2346728.097,,321.798,329.286,
2346828.094,,322.272,330.793,
2346928.095,,322.546,327.540,
2347028.087,,321.997,325.484,
2347128.089,,323.750,325.604,
2347228.079,,325.157,324.200,
2347328.080,,322.229,321.663,
2347428.075,,322.558,327.167,
2347528.075,,323.935,327.731,
2347628.068,,323.164,326.808,
2347728.067,,323.937,325.683,
2347828.059,,324.425,328.248,
2347928.059,,324.382,329.420,
2348028.054,,321.555,325.439,
2348128.049,,322.839,325.122,
2348228.047,,321.832,321.163,
2348328.040,,322.122,323.705,
2348428.036,,325.737,322.735,
2348528.033,,323.992,325.938,
2348628.034,,324.056,323.657,
2348728.029,,321.672,321.857,
2348828.028,,322.444,325.482,
2348928.018,,322.555,326.101,
2349028.018,,324.342,324.087,
2349128.014,,321.959,322.912,
2349228.011,,322.207,322.888,
2349328.004,,322.993,323.213,
2349428.005,,322.368,325.977,
2349528.000,,324.679,326.019,
2349627.995,,325.400,325.050,
2349727.995,,324.440,327.642,
2349827.989,,325.187,331.782,
2349927.982,,323.182,330.278,
2350027.981,,321.086,326.953,
2350127.979,,321.330,329.887,
2350227.977,,324.179,330.986,
2350327.968,,323.150,326.765,
2350427.968,,323.762,322.520,
2350527.961,,321.029,323.828,
2350627.963,,321.911,322.422,
2350727.956,,322.904,320.136,
2350827.951,,323.642,320.021,
2350927.949,,320.683,319.795,
2351027.948,,322.558,322.662,
2351127.945,,322.753,328.425,
2351227.934,,322.675,334.515,
2351327.932,,323.038,335.344,
2351427.932,,325.297,333.646,
2351527.930,,324.892,332.481,
2351627.927,,324.654,331.322,
2351727.921,,324.000,327.828,
2351827.914,,321.409,326.472,
2351927.916,,322.459,331.851,
2352027.913,,322.921,334.439,
2352127.909,,322.797,332.643,
2352227.911,,321.806,331.372,
2352327.906,,323.610,335.048,
2352427.901,,323.680,332.558,
2352527.904,,325.192,333.678,
2352627.901,,323.819,335.632,
2352727.897,,323.984,335.581,
2352827.894,,324.283,337.612,
2352927.890,,324.034,338.358,
2353027.890,,324.005,334.740,
2353127.889,,322.196,329.160,
2353227.885,,321.764,327.992,
2353327.886,,322.465,329.638,
2353427.882,,323.285,331.414,
2353527.884,,323.679,328.360,
2353627.876,,324.435,327.106,
2353727.879,,324.042,327.357,
2353827.875,,321.763,323.047,
2353927.871,,322.335,323.403,
2354027.869,,322.671,328.302,
2354127.871,,325.867,331.478,
2354227.863,,325.127,327.588,
2354327.868,,324.802,328.020,
2354427.865,,324.089,327.532,
2354527.859,,322.004,324.348,
2354627.861,,321.431,324.712,
2354727.855,,322.020,327.596,
2354827.853,,323.019,325.409,
2354927.854,,323.757,326.940,
2355027.848,,324.910,325.013,
2355127.850,,322.295,323.619,
2355227.848,,322.765,327.116,
2355327.842,,323.736,328.996,
2355427.841,,323.918,329.348,
2355527.838,,324.310,326.355,
2355627.841,,325.050,328.266,
2355727.838,,323.813,330.837,
2355827.835,,324.101,330.470,
2355927.829,,324.327,327.644,
2356027.827,,325.251,327.396,
2356127.825,,325.523,326.408,
2356227.822,,325.596,326.255,
2356327.821,,325.711,331.183,
2356427.822,,325.503,336.041,
2356527.816,,325.191,337.611,
2356627.816,,325.849,336.033,
2356727.812,,326.405,335.585,
2356827.816,,326.876,333.167,
2356927.812,,324.971,327.640,
2357027.811,,322.348,327.489,
2357127.803,,324.466,326.164,
2357227.804,,324.983,328.231,
2357327.805,,323.434,332.299,
2357427.802,,324.812,330.942,
2357527.796,,324.962,328.163,
2357627.795,,325.122,326.151,
2357727.792,,323.559,321.510,
2357827.795,,323.283,324.398,
2357927.794,,324.926,325.081,
2358027.790,,322.091,328.886,
2358127.786,,322.538,331.413,
2358227.787,,322.939,330.145,
2358327.779,,323.045,330.819,
2358427.778,,324.280,333.075,
2358527.775,,324.506,329.956,
2358627.773,,324.544,328.577,
2358727.773,,324.445,330.844,
2358827.770,,323.009,326.919,
2358927.751,,322.787,326.907,
2359027.770,,322.538,327.430,
2359127.763,,322.878,325.676,
2359227.764,,322.006,324.574,
2359327.758,,324.730,323.692,
2359427.756,,324.783,325.921,
2359527.759,,325.010,328.154,
2359627.758,,324.547,334.936,
2359727.752,,324.613,335.211,
2359827.753,,321.638,329.122,
2359927.746,,322.787,329.346,
2360027.742,,323.623,329.878,
2360127.738,,324.465,330.676,
2360227.737,,323.822,331.681,
2360327.736,,324.565,333.847,
2360427.731,,324.126,334.409,
2360527.727,,323.680,333.646,
2360627.722,,324.391,332.603,
2360727.717,,323.396,331.869,
2360827.719,,324.480,331.086,
2360927.715,,323.936,329.688,
2361027.708,,324.186,325.365,
2361127.707,,325.102,325.816,
2361227.699,,323.515,325.086,
2361327.698,,323.918,324.566,
2361427.694,,324.831,324.486,
2361527.692,,324.889,323.497,
2361627.687,,323.774,323.127,
2361727.684,,325.268,325.093,
2361827.683,,322.625,324.184,
2361927.675,,322.617,335.229,
2362027.675,,323.540,337.090,
2362127.667,,325.290,336.408,
2362227.667,,322.829,331.177,
2362327.661,,323.289,330.883,
2362427.661,,324.809,332.210,
2362527.659,,323.929,328.266,
2362627.652,,325.316,326.829,
2362727.646,,324.492,327.647,
2362827.645,,325.109,323.474,
2362927.641,,322.128,323.567,
2363027.638,,322.611,328.952,
2363127.631,,321.995,329.055,
2363227.630,,324.537,324.628,
2363327.630,,321.855,321.760,
2363427.624,,322.137,322.438,
2363527.618,,322.547,325.835,
2363627.620,,322.855,325.141,
2363727.612,,324.902,328.802,
2363827.612,,324.925,329.619,
2363927.607,,323.418,334.837,
2364027.605,,324.547,338.425,
2364127.597,,325.052,332.491,
2364227.597,,322.691,334.086,
2364327.593,,323.171,334.962,
2364427.586,,323.219,334.706,
2364527.582,,326.189,335.029,
2364627.584,,324.776,332.157,
2364727.575,,324.532,337.317,
2364827.573,,323.522,333.379,
2364927.574,,324.070,330.763,
2365027.565,,325.388,329.341,
2365127.561,,325.410,327.645,
2365227.557,,325.169,326.455,
2365327.557,,326.091,330.343,
2365427.550,,325.209,328.763,
2365527.553,,325.459,326.311,
2365627.549,,325.265,322.963,
2365727.543,,325.737,324.422,
2365827.536,,326.754,325.841,
2365927.534,,327.418,323.244,
2366027.533,,326.827,331.665,
2366127.531,,327.803,335.414,
2366227.523,,326.769,337.536,
2366327.523,,328.901,337.045,
2366427.517,,327.394,333.028,
2366527.512,,327.450,333.651,
2366627.508,,327.502,331.436,
2366727.507,,327.188,330.945,
2366827.506,,326.666,329.406,
2366927.504,,326.563,329.456,
2367027.493,,326.368,325.400,
2367127.493,,324.451,323.511,
2367227.487,,324.043,322.624,
2367327.486,,323.381,320.318,
2367427.485,,322.129,321.587,
2367527.477,,322.586,328.047,
2367627.475,,322.969,330.094,
2367727.473,,323.654,329.316,
2367827.470,,323.726,328.924,
2367927.468,,324.360,327.415,
2368027.463,,323.985,326.290,
2368127.461,,325.755,324.199,
2368227.455,,324.551,323.355,
2368327.452,,322.426,325.422,
2368427.446,,322.539,326.023,
2368527.442,,324.143,325.929,
2368627.441,,323.518,328.461,
2368727.437,,324.623,325.430,
2368827.434,,324.670,322.606,
2368927.434,,325.105,322.489,
2369027.428,,325.165,322.613,
2369127.424,,324.825,324.997,
2369227.425,,325.756,325.851,
2369327.417,,325.867,324.721,
2369427.419,,324.745,324.846,
2369527.411,,324.476,325.215,
2369627.412,,325.074,325.962,
2369727.405,,324.445,326.595,
2369827.405,,324.603,324.521,
2369927.398,,325.458,324.703,
2370027.396,,325.382,325.389,
2370127.396,,324.685,324.245,
2370227.391,,325.083,325.057,
2370327.388,,324.101,329.458,
2370427.381,,324.684,328.275,
2370527.379,,323.842,325.381,
2370627.376,,323.912,324.572,
2370727.373,,323.892,323.187,
2370827.371,,323.418,320.713,
2370927.367,,322.652,318.493,
2371027.364,,323.557,318.864,
2371127.360,,324.489,317.058,
2371227.359,,324.017,316.853,
2371327.351,,324.350,322.057,
2371427.350,,323.991,322.880,
2371527.344,,324.450,323.250,
2371627.346,,323.500,324.849,
2371727.339,,322.686,323.095,
2371827.336,,323.407,319.786,
2371927.336,,324.625,317.955,
2372027.333,,323.667,317.380,
2372127.325,,323.407,319.477,
2372227.325,,324.079,324.170,
2372327.322,,323.165,327.432,
2372427.315,,324.474,326.759,
2372527.316,,325.572,326.311,
2372627.308,,326.756,326.521,
2372727.305,,327.224,326.440,
2372827.305,,327.908,326.242,
2372927.298,,326.404,326.447,
2373027.299,,326.409,330.264,
2373127.295,,325.615,335.029,
2373227.289,,325.527,331.706,
2373327.290,,325.700,331.915,
2373427.283,,326.105,330.045,
2373527.281,,326.132,333.313,
2373627.279,,325.791,332.465,
2373727.275,,325.803,328.818,
2373827.270,,325.800,328.416,
2373927.265,,325.629,326.730,
2374027.267,,325.121,329.188,
2374127.264,,325.155,329.990,
2374227.255,,324.995,330.860,
2374327.254,,325.433,332.924,
2374427.253,,325.741,330.156,
2374527.245,,328.407,328.511,
2374627.247,,327.336,331.045,
2374727.240,,327.234,335.573,
2374827.239,,327.273,339.915,
2374927.234,,326.489,339.650,
2375027.229,,326.743,335.483,
2375127.225,,326.722,333.844,
2375227.221,,326.646,333.322,
2375327.219,,325.778,331.655,
2375427.221,,326.226,333.870,
2375527.216,,326.318,331.813,
2375627.214,,325.579,329.678,
2375727.206,,325.777,326.679,
2375827.203,,324.774,327.011,
2375927.205,,325.660,328.316,
2376027.204,,326.074,327.438,
2376127.201,,326.175,326.913,
2376227.195,,326.470,330.094,
2376327.196,,326.456,327.463,
2376427.194,,326.106,325.301,
2376527.195,,325.984,324.774,
2376627.190,,326.352,326.204,
2376727.189,,327.626,325.170,
2376827.186,,327.621,327.349,
2376927.186,,326.785,328.418,
2377027.189,,326.799,331.534,
2377127.187,,326.799,333.248,
2377227.180,,327.351,330.011,
2377327.178,,327.340,327.671,
2377427.179,,326.275,329.164,
2377527.179,,326.568,327.816,
2377627.178,,326.310,326.167,
2377727.173,,326.451,331.328,
2377827.174,,326.504,331.883,
2377927.171,,327.053,334.981,
2378027.172,,327.359,330.631,
2378127.165,,326.812,329.353,
2378227.169,,327.207,333.590,
2378327.164,,326.873,337.757,
2378427.166,,328.260,335.411,
2378527.164,,327.421,338.721,
2378627.163,,327.044,342.219,
2378727.160,,326.820,338.739,
2378827.159,,326.953,338.775,
2378927.155,,327.582,340.590,
2379027.152,,326.926,340.596,
2379127.148,,326.370,339.525,
2379227.151,,326.950,336.239,
2379327.150,,326.756,337.239,
2379427.145,,326.929,333.833,
2379527.147,,327.524,330.550,
2379627.144,,327.128,330.550,
2379727.145,,325.919,329.102,
2379827.137,,325.391,330.021,
2379927.141,,325.678,331.111,
2380027.136,,326.299,340.144,
2380127.134,,324.745,345.853,
2380227.133,,325.572,341.156,
2380327.129,,326.051,335.462,
2380427.133,,326.490,331.053,
2380527.129,,326.182,330.547,
2380627.131,,326.121,328.837,
2380727.128,,326.211,327.344,
2380827.122,,327.707,329.530,
2380927.119,,327.339,330.840,
2381027.121,,327.242,331.144,
2381127.118,,327.752,328.243,
2381227.119,,327.723,326.726,
2381327.116,,327.050,329.869,
2381427.117,,326.822,331.935,
2381527.116,,327.045,331.528,
2381627.114,,326.284,331.280,
2381727.112,,326.271,331.823,
2381827.109,,326.052,329.156,
2381927.106,,326.019,328.212,
2382027.103,,325.253,328.396,
2382127.103,,325.592,326.879,
2382227.104,,325.954,327.044,
2382327.099,,326.455,329.448,
2382427.101,,326.387,327.232,
2382527.095,,326.371,327.696,
2382627.098,,326.235,328.500,
2382727.091,,325.615,334.247,
2382827.089,,325.348,332.700,
2382927.094,,325.232,331.334,
2383027.091,,324.222,327.376,
2383127.087,,321.920,325.863,
2383227.088,,324.704,329.612,
2383327.085,,325.112,329.839,
2383427.084,,326.223,335.959,
2383527.081,,327.468,346.103,
2383627.080,,325.256,357.581,
2383727.077,,322.136,349.587,
2383827.074,,327.357,349.445,
2383927.076,,328.897,342.975,
2384027.069,,327.452,340.042,
2384127.066,,328.803,340.840,
2384227.058,,328.250,334.865,
2384327.057,,327.124,330.711,
2384427.055,,327.450,328.928,
2384527.051,,326.344,327.368,
2384627.043,,326.406,327.186,
2384727.039,,327.072,338.802,
2384827.033,,326.442,337.496,
2384927.029,,325.780,335.617,
2385027.028,,326.392,334.869,
2385127.026,,326.043,333.148,
2385227.018,,325.677,330.988,
2385327.016,,325.991,329.564,
2385427.008,,326.462,328.124,
2385527.008,,325.920,327.899,
2385627.002,,326.283,325.770,
2385727.000,,326.898,325.370,
2385826.994,,326.294,324.906,
2385926.992,,326.057,326.912,
2386026.985,,325.601,327.793,
2386126.980,,325.508,328.226,
2386226.976,,326.563,327.106,
2386326.974,,326.912,325.990,
2386426.974,,326.738,323.546,
2386526.967,,326.222,321.750,
2386626.962,,326.651,322.073,
2386726.959,,326.531,322.923,
2386826.954,,325.821,321.652,
2386926.951,,323.377,321.661,
2387026.947,,324.299,325.604,
2387126.941,,323.766,328.106,
2387226.936,,324.813,329.384,
2387326.935,,324.547,329.335,
2387426.929,,323.736,325.447,
2387526.930,,325.180,325.585,
2387626.920,,324.794,325.495,
2387726.920,,323.986,326.615,
2387826.915,,324.597,328.330,
2387926.912,,325.160,331.078,
2388026.909,,324.532,333.110,
2388126.902,,325.316,334.677,
2388226.898,,326.473,334.173,
2388326.898,,326.341,333.230,
2388426.888,,325.803,334.504,
2388526.885,,326.333,333.189,
2388626.884,,326.881,329.779,
2388726.882,,325.563,326.431,
2388826.873,,322.989,324.023,
2388926.867,,323.948,327.744,
2389026.864,,323.707,329.819,
2389126.862,,327.190,331.949,
2389226.861,,324.016,331.913,
2389326.852,,322.034,330.008,
2389426.848,,326.707,327.207,
2389526.844,,327.547,328.583,
2389626.841,,326.726,326.847,
2389726.837,,326.545,325.602,
2389826.835,,327.770,322.931,
2389926.833,,326.814,321.577,
2390026.829,,326.748,322.928,
2390126.822,,326.812,323.429,
2390226.817,,326.619,323.618,
2390326.817,,324.641,325.234,
2390426.810,,324.876,328.078,
2390526.803,,324.397,325.984,
2390626.799,,325.830,324.988,
2390726.795,,325.113,325.968,
2390826.792,,323.611,322.659,
2390926.793,,322.685,326.659,
2391026.789,,324.485,336.178,
2391126.779,,322.898,339.500,
2391226.777,,325.462,340.562,
2391326.775,,325.092,344.789,
2391426.768,,325.658,339.367,
2391526.765,,323.959,339.250,
2391626.761,,324.151,338.500,
2391726.755,,323.824,334.989,
2391826.755,,321.414,331.719,
2391926.749,,322.578,334.623,
2392026.752,,322.590,332.335,
2392126.749,,322.771,326.982,
2392226.743,,322.768,327.783,
2392326.742,,322.416,326.738,
2392426.739,,323.185,332.259,
2392526.733,,323.013,331.933,
2392626.734,,324.852,331.171,
2392726.726,,323.551,328.186,
2392826.729,,323.607,332.097,
2392926.723,,324.493,332.886,
2393026.720,,323.925,330.908,
2393126.716,,323.815,332.103,
2393226.716,,324.925,334.191,
2393326.710,,325.586,331.443,
2393426.711,,326.521,328.378,
2393526.704,,326.395,327.101,
2393626.705,,326.114,325.540,
2393726.700,,325.941,329.483,
2393826.698,,325.902,327.755,
2393926.695,,325.346,324.986,
2394026.690,,325.327,325.366,
2394126.692,,325.447,325.167,
2394226.690,,326.256,323.826,
2394326.685,,325.661,322.215,
2394426.682,,325.112,325.590,
2394526.683,,325.228,332.526,
2394626.673,,325.276,330.593,
2394726.675,,325.896,328.465,
2394826.672,,326.961,326.426,
2394926.665,,326.064,324.375,
2395026.662,,325.397,323.821,
2395126.659,,325.956,328.214,
2395226.657,,325.894,333.734,
2395326.655,,325.912,331.284,
2395426.655,,325.439,329.196,
2395526.649,,325.135,326.492,
2395626.651,,324.866,326.425,
2395726.648,,324.646,325.394,
2395826.641,,324.970,324.985,
2395926.640,,324.743,327.160,
2396026.637,,325.382,338.848,
2396126.637,,324.525,348.003,
2396226.634,,324.465,346.877,
2396326.630,,323.606,341.363,
2396426.624,,323.641,336.699,
2396526.622,,324.379,334.895,
2396626.623,,325.171,331.530,
2396726.616,,325.238,330.608,
2396826.617,,326.489,328.953,
2396926.614,,326.570,336.583,
2397026.609,,326.386,339.414,
2397126.611,,327.384,337.241,
2397226.603,,327.358,333.445,
2397326.603,,326.390,330.717,
2397426.602,,325.892,328.621,
2397526.593,,325.796,329.193,
2397626.593,,325.381,327.050,
2397726.594,,325.480,324.946,
2397826.588,,324.929,326.713,
2397926.589,,324.585,336.235,
2398026.581,,324.050,350.098,
2398126.580,,324.046,345.765,
2398226.577,,324.445,342.019,
2398326.573,,324.018,336.213,
2398426.570,,323.910,335.112,
2398526.568,,324.592,338.350,
2398626.565,,324.470,337.774,
2398726.566,,324.924,334.661,
2398826.558,,324.969,329.679,
2398926.557,,325.003,327.420,
2399026.555,,324.932,327.467,
2399126.552,,324.511,327.135,
2399226.547,,324.479,326.059,
2399326.548,,324.778,328.986,
2399426.541,,325.305,326.259,
2399526.542,,325.509,326.882,
2399626.538,,325.961,325.696,
2399726.537,,325.407,325.953,
2399826.533,,327.542,324.791,
2399926.527,,326.529,325.338,
2400026.524,,325.670,322.475,
2400126.524,,324.815,322.822,
2400226.521,,324.198,323.624,
2400326.518,,324.785,323.219,
2400426.513,,324.314,322.013,
2400526.509,,324.403,327.610,
2400626.504,,323.981,338.225,
2400726.500,,324.551,333.500,
2400826.496,,324.183,337.668,
2400926.497,,323.732,346.951,
2401026.489,,324.020,344.489,
2401126.491,,323.718,337.674,
2401226.481,,323.187,335.455,
2401326.480,,325.828,343.720,
2401426.478,,323.761,344.667,
2401526.470,,325.499,343.913,
2401626.469,,326.801,348.778,
2401726.469,,324.701,344.696,
2401826.465,,324.441,350.798,
2401926.456,,325.586,346.566,
2402026.456,,326.314,343.095,
2402126.455,,329.356,339.710,
2402226.452,,328.903,338.562,
2402326.445,,327.318,337.296,
2402426.440,,325.352,337.432,
2402526.439,,324.935,334.473,
2402626.437,,324.533,335.881,
2402726.428,,324.847,333.025,
2402826.426,,324.887,332.147,
2402926.426,,327.277,329.896,
2403026.423,,325.058,334.153,
2403126.416,,324.167,334.397,
2403226.414,,324.514,332.820,
2403326.409,,324.521,335.481,
2403426.406,,323.727,337.429,
2403526.403,,322.912,346.561,
2403626.403,,322.761,348.139,
2403726.396,,321.946,351.723,
2403826.391,,323.315,354.138,
2403926.392,,327.897,359.034,
2404026.383,,325.352,349.169,
2404126.379,,327.614,348.114,
2404226.379,,326.538,345.437,
2404326.375,,327.040,341.042,
2404426.373,,323.656,338.732,
2404526.368,,324.214,334.037,
2404626.363,,324.936,330.777,
2404726.361,,325.071,327.673,
2404826.356,,324.761,325.271,
2404926.354,,324.405,325.998,
2405026.349,,324.028,325.265,
2405126.346,,323.883,323.906,
2405226.342,,323.265,323.558,
2405326.342,,322.767,345.406,
2405426.338,,322.468,352.599,
2405526.334,,323.416,357.321,
2405626.331,,324.279,354.016,
2405726.324,,323.672,354.962,
2405826.319,,322.857,348.870,
2405926.319,,328.104,342.373,
2406026.317,,328.071,341.452,
2406126.310,,323.640,343.186,
2406226.310,,323.533,341.294,
2406326.305,,322.771,338.433,
2406426.299,,323.540,342.628,
2406526.296,,323.507,344.930,
2406626.297,,323.557,351.342,
2406726.289,,323.455,352.109,
2406826.289,,323.957,347.205,
2406926.284,,323.833,351.769,
2407026.277,,323.190,350.682,
2407126.274,,323.420,355.541,
2407226.271,,323.678,353.594,
2407326.267,,324.234,350.274,
2407426.265,,323.712,348.931,
2407526.265,,326.183,349.945,
2407626.260,,331.222,345.366,
2407726.257,,324.130,346.627,
2407826.253,,323.765,341.872,
2407926.246,,330.914,335.046,
2408026.246,,326.858,338.427,
2408126.245,,324.471,334.323,
2408226.238,,326.549,332.954,
2408326.234,,323.450,331.663,
2408426.233,,323.660,329.250,
2408526.226,,324.083,332.406,
2408626.225,,326.145,330.378,
2408726.219,,323.056,331.653,
2408826.217,,323.622,328.027,
2408926.217,,323.400,326.547,
2409026.209,,323.194,330.625,
2409126.211,,323.465,329.429,
2409226.203,,323.076,339.793,
2409326.198,,323.655,342.886,
2409426.196,,323.986,337.306,
2409526.191,,323.496,336.789,
2409626.189,,326.722,334.033,
2409726.186,,322.677,335.557,
2409826.180,,323.723,330.886,
2409926.179,,328.891,330.176,
2410026.175,,323.089,330.726,
2410126.171,,323.822,328.159,
2410226.173,,323.846,323.891,
2410326.164,,323.001,323.488,
2410426.163,,323.158,324.550,
2410526.156,,323.728,328.099,
2410626.158,,323.853,326.149,
2410726.152,,323.182,324.659,
2410826.149,,322.570,327.453,
2410926.144,,323.210,331.942,
2411026.143,,324.568,338.526,
2411126.136,,323.478,338.257,
2411226.133,,323.018,340.074,
2411326.133,,323.927,354.040,
2411426.132,,327.652,357.628,
2411526.124,,324.323,349.053,
2411626.119,,324.371,339.741,
2411726.116,,323.357,335.883,
2411826.114,,322.918,334.379,
2411926.112,,325.759,329.177,
2412026.106,,325.788,328.324,
2412126.106,,327.336,327.704,
2412226.102,,327.884,330.372,
2412326.097,,327.190,337.010,
2412426.091,,327.815,339.209,
2412526.094,,329.102,347.370,
2412626.086,,328.183,349.971,
2412726.087,,326.871,347.441,
2412826.079,,329.142,340.720,
2412926.075,,328.016,337.306,
2413026.074,,326.363,333.924,
2413126.072,,325.780,331.328,
2413226.065,,325.739,332.811,
2413326.064,,325.464,337.176,
2413426.061,,325.451,355.248,
2413526.059,,325.420,365.717,
2413626.050,,325.217,374.028,
2413726.050,,324.168,379.520,
2413826.046,,323.680,384.195,
2413926.043,,325.173,370.657,
2414026.037,,325.591,358.632,
2414126.036,,325.300,351.430,
2414226.031,,325.039,345.466,
2414326.025,,326.034,341.794,
2414426.028,,325.868,339.164,
2414526.023,,326.594,335.552,
2414626.015,,327.220,332.516,
2414726.012,,325.865,328.877,
2414826.011,,324.404,327.376,
2414926.006,,324.365,325.342,
2415026.006,,325.111,324.364,
2415125.999,,325.164,325.490,
2415225.999,,324.602,325.640,
2415325.991,,324.734,327.619,
2415425.988,,325.316,341.214,
2415525.986,,325.337,342.730,
2415625.982,,325.173,337.983,
2415725.981,,324.477,334.720,
2415825.974,,324.751,332.072,
2415925.972,,324.475,328.943,
2416025.974,,324.770,328.929,
2416125.968,,324.679,329.167,
2416225.968,,323.880,328.935,
2416325.965,,324.242,328.218,
2416425.962,,325.488,326.575,
2416525.959,,326.142,327.011,
2416625.956,,326.058,328.584,
2416725.954,,326.917,336.615,
2416825.954,,325.455,337.527,
2416925.953,,325.188,335.544,
2417025.946,,324.927,338.797,
2417125.948,,323.711,351.678,
2417225.943,,323.611,344.949,
2417325.937,,323.825,338.315,
2417425.937,,323.863,336.130,
2417525.938,,323.733,339.940,
2417625.934,,324.039,339.433,
2417725.933,,324.392,337.703,
2417825.928,,325.894,335.275,
2417925.925,,326.725,334.366,
2418025.921,,326.591,334.217,
2418125.922,,326.544,332.952,
2418225.916,,326.089,331.875,
2418325.915,,326.744,332.177,
2418425.915,,326.546,334.590,
2418525.908,,325.779,337.374,
2418625.906,,326.228,338.449,
2418725.907,,326.543,334.859,
2418825.905,,326.184,330.877,
2418925.899,,326.418,331.502,
2419025.899,,326.817,330.979,
2419125.895,,327.852,330.512,
2419225.894,,329.601,328.247,
2419325.891,,326.740,329.890,
2419425.887,,326.325,334.710,
2419525.887,,326.600,335.465,
2419625.879,,326.127,334.081,
2419725.882,,325.490,333.015,
2419825.880,,324.828,331.187,
2419925.878,,326.336,332.250,
2420025.873,,326.282,330.017,
2420125.874,,325.522,327.678,
2420225.868,,325.039,326.734,
2420325.864,,325.367,327.578,
2420425.861,,325.555,332.713,
2420525.861,,325.514,332.154,
2420625.856,,325.032,333.707,
2420725.853,,325.069,336.085,
2420825.851,,325.049,337.337,
2420925.852,,325.027,339.307,
2421025.850,,324.931,338.733,
2421125.844,,324.757,337.019,
2421225.844,,325.050,334.554,
2421325.843,,324.674,332.400,
2421425.841,,324.845,330.985,
2421525.835,,324.625,334.013,
2421625.832,,324.762,335.513,
2421725.827,,325.421,339.589,
2421825.829,,324.935,334.348,
2421925.822,,324.834,331.478,
2422025.822,,325.028,330.025,
2422125.818,,324.624,327.070,
2422225.820,,324.648,325.442,
2422325.818,,324.958,326.491,
2422425.811,,324.884,340.533,
2422525.807,,325.135,340.192,
2422625.810,,326.659,336.346,
2422725.806,,325.993,331.317,
2422825.805,,325.943,330.095,
2422925.800,,325.825,329.771,
2423025.801,,325.661,329.618,
2423125.798,,325.293,329.677,
2423225.795,,324.824,332.687,
2423325.792,,325.141,336.083,
2423425.789,,325.143,336.652,
2423525.783,,325.176,335.967,
2423625.781,,324.876,333.045,
2423725.783,,324.431,330.925,
2423825.779,,326.854,330.328,
2423925.775,,325.228,336.015,
2424025.773,,324.313,334.618,
2424125.765,,324.319,347.255,
2424225.767,,324.588,343.659,
2424325.764,,326.772,337.597,
2424425.759,,327.972,335.609,
2424525.757,,327.891,333.306,
2424625.751,,326.205,330.077,
2424725.746,,326.109,327.072,
2424825.747,,324.984,327.270,
2424925.737,,326.137,327.673,
2425025.733,,327.070,326.374,
2425125.734,,326.257,326.484,
2425225.730,,325.615,329.794,
2425325.723,,325.214,328.553,
2425425.723,,324.313,330.859,
2425525.719,,325.033,331.855,
2425625.717,,324.891,331.585,
2425725.714,,324.242,331.652,
2425825.708,,324.118,331.140,
2425925.707,,323.777,332.130,
2426025.704,,323.565,332.523,
2426125.694,,323.219,328.151,
2426225.692,,323.114,337.684,
2426325.692,,323.029,340.391,
2426425.689,,322.559,336.820,
2426525.681,,322.962,330.955,
2426625.678,,322.776,327.453,
2426725.678,,323.696,327.127,
2426825.671,,323.714,324.778,
2426925.669,,324.009,327.646,
2427025.669,,322.994,328.106,
2427125.664,,323.744,325.892,
2427225.660,,326.173,325.179,
2427325.656,,326.357,323.725,
2427425.653,,325.294,324.134,
2427525.646,,325.383,323.638,
2427625.645,,326.022,322.956,
2427725.638,,325.392,323.280,
2427825.638,,325.609,322.462,
2427925.632,,325.268,321.811,
2428025.633,,324.735,323.014,
2428125.624,,325.241,327.511,
2428225.624,,324.603,333.277,
2428325.619,,324.606,333.041,
2428425.619,,325.266,328.607,
2428525.611,,325.080,327.264,
2428625.612,,324.923,326.640,
2428725.609,,324.867,325.697,
2428825.606,,325.150,324.643,
2428925.602,,325.599,324.540,
2429025.597,,325.333,324.493,
2429125.593,,325.286,323.004,
2429225.587,,325.587,322.167,
2429325.584,,325.357,323.176,
2429425.585,,326.029,325.604,
2429525.580,,325.650,325.400,
2429625.576,,324.703,323.938,
2429725.572,,324.658,325.468,
2429825.567,,324.634,323.081,
2429925.567,,324.383,321.066,
2430025.562,,324.351,322.645,
2430125.560,,324.582,323.478,
2430225.556,,324.637,321.545,
2430325.551,,323.966,320.346,
2430425.550,,324.257,320.962,
2430525.543,,324.395,320.997,
2430625.537,,323.899,321.656,
2430725.538,,323.207,322.577,
2430825.531,,323.325,323.451,
2430925.527,,324.191,325.999,
2431025.529,,324.284,326.664,
2431125.523,,324.131,326.354,
2431225.521,,324.283,325.571,
2431325.515,,324.269,325.795,
2431425.512,,324.831,324.468,
2431525.506,,324.668,321.458,
2431625.506,,323.771,324.879,
2431725.499,,322.661,333.157,
2431825.495,,322.569,343.270,
2431925.497,,322.873,348.538,
2432025.492,,322.615,344.861,
2432125.488,,322.292,340.965,
2432225.482,,321.600,339.474,
2432325.478,,323.002,337.564,
2432425.477,,323.029,336.449,
2432525.470,,323.238,333.924,
2432625.465,,323.181,332.550,
2432725.464,,323.086,328.928,
2432825.459,,323.865,326.299,
2432925.455,,324.171,330.077,
2433025.450,,324.875,333.147,
2433125.445,,324.994,333.278,
2433225.442,,324.630,331.887,
2433325.438,,324.884,330.478,
2433425.434,,324.498,328.947,
2433525.429,,324.459,329.082,
2433625.428,,324.511,333.176,
2433725.423,,325.411,336.867,
2433825.415,,327.500,332.222,
2433925.417,,325.977,328.625,
2434025.409,,324.150,326.586,
2434125.409,,323.811,324.921,
2434225.401,,323.965,326.504,
2434325.398,,323.801,326.614,
2434425.396,,323.881,332.373,
2434525.394,,324.625,339.264,
2434625.386,,324.765,339.820,
2434725.385,,323.712,333.797,
2434825.376,,322.865,328.466,
2434925.378,,323.094,328.531,
2435025.373,,323.123,328.335,
2435125.364,,323.703,330.896,
2435225.364,,324.487,332.228,
2435325.360,,324.094,333.520,
2435425.352,,325.291,333.419,
2435525.348,,325.183,339.290,
2435625.350,,325.217,343.137,
2435725.344,,325.146,343.680,
2435825.339,,325.266,345.719,
2435925.333,,324.975,343.582,
2436025.333,,325.599,340.706,
2436125.330,,325.766,337.300,
2436225.325,,325.100,334.507,
2436325.321,,325.068,332.006,
2436425.316,,325.441,331.025,
2436525.312,,325.546,332.018,
2436625.310,,325.249,329.428,
2436725.300,,325.649,327.084,
2436825.299,,325.484,326.027,
2436925.299,,325.798,325.768,
2437025.293,,324.879,327.275,
2437125.290,,325.815,325.976,
2437225.281,,325.001,326.205,
2437325.281,,325.128,328.779,
2437425.277,,325.404,327.095,
2437525.272,,325.049,323.987,
2437625.269,,325.687,321.779,
2437725.267,,325.414,328.016,
2437825.258,,325.847,333.407,
2437925.257,,326.130,333.803,
2438025.253,,327.014,329.782,
2438125.251,,325.865,325.400,
2438225.241,,325.055,323.644,
2438325.240,,325.202,323.383,
2438425.235,,324.929,323.037,
2438525.232,,324.937,325.433,
2438625.227,,325.467,324.568,
2438725.226,,325.223,326.025,
2438825.220,,325.143,332.920,
2438925.213,,325.097,340.485,
2439025.212,,324.866,344.436,
2439125.207,,325.343,343.467,
2439225.205,,325.778,345.747,
2439325.201,,326.187,341.929,
2439425.194,,326.124,336.269,
2439525.189,,325.398,335.248,
2439625.189,,325.438,334.767,
2439725.183,,326.657,332.176,
2439825.181,,325.822,333.608,
2439925.179,,325.014,335.985,
2440025.179,,325.887,339.014,
2440125.176,,326.155,334.410,
2440225.174,,327.145,334.571,
2440325.176,,326.554,330.356,
2440425.168,,325.363,327.070,
2440525.167,,324.779,331.155,
2440625.167,,324.557,332.672,
2440725.166,,324.914,330.049,
2440825.162,,325.787,327.583,
2440925.166,,326.009,326.648,
2441025.162,,325.075,329.482,
2441125.163,,326.053,330.518,
2441225.160,,326.515,328.976,
2441325.156,,326.634,329.928,
2441425.153,,327.477,332.613,
2441525.158,,326.171,332.263,
2441625.152,,325.402,329.312,
2441725.154,,324.524,325.833,
2441825.152,,324.782,324.974,
2441925.145,,324.064,323.711,
2442025.150,,324.104,338.165,
2442125.144,,324.821,338.954,
2442225.147,,323.829,337.462,
2442325.144,,324.224,332.515,
2442425.138,,324.852,327.997,
2442525.138,,324.832,324.926,
2442625.140,,324.925,324.002,
2442725.135,,324.815,322.567,
2442825.138,,324.672,323.220,
2442925.133,,324.517,323.809,
2443025.135,,324.779,322.003,
2443125.128,,324.847,323.751,
2443225.131,,325.551,321.380,
2443325.125,,324.937,319.707,
2443425.124,,325.107,323.260,
2443525.123,,325.617,324.794,
2443625.123,,325.696,323.782,
2443725.125,,324.769,322.436,
2443825.124,,324.642,324.010,
2443925.116,,324.013,323.448,
2444025.117,,323.620,324.689,
2444125.116,,322.975,326.225,
2444225.112,,323.259,328.260,
2444325.113,,322.894,330.979,
2444425.111,,322.820,331.853,
2444525.108,,322.822,329.952,
2444625.108,,323.659,329.254,
2444725.108,,324.806,333.130,
2444825.105,,324.483,332.650,
2444925.103,,323.841,331.048,
2445025.104,,324.098,335.416,
2445125.100,,324.992,334.581,
2445225.100,,326.181,331.014,
2445325.097,,325.906,327.526,
2445425.096,,325.986,325.140,
2445525.094,,325.887,323.852,
2445625.092,,325.983,323.275,
2445725.091,,325.904,323.367,
2445825.087,,325.838,324.453,
2445925.087,,325.859,324.046,
2446025.086,,326.524,322.657,
2446125.087,,326.919,321.447,
2446225.087,,326.495,321.586,
2446325.084,,325.649,319.922,
2446425.082,,324.384,322.363,
2446525.080,,324.245,326.109,
2446625.081,,323.863,329.747,
2446725.075,,323.662,331.671,
2446825.077,,324.081,332.199,
2446925.075,,323.944,341.270,
2447025.070,,324.115,340.473,
2447125.068,,323.356,335.845,
2447225.069,,323.962,331.471,
2447325.068,,324.193,327.374,
2447425.066,,324.190,326.569,
2447525.068,,324.069,327.402,
2447625.066,,325.063,330.104,
2447725.065,,325.965,333.120,
2447825.063,,326.138,330.914,
2447925.056,,325.741,332.663,
2448025.051,,325.768,334.470,
2448125.049,,325.999,332.991,
2448225.042,,325.206,333.889,
2448325.042,,325.964,334.102,
2448425.037,,326.041,334.133,
2448525.036,,325.746,335.162,
2448625.027,,324.715,333.592,
2448725.026,,325.147,330.863,
2448825.022,,325.412,329.535,
2448925.018,,325.179,328.308,
2449025.015,,324.999,328.656,
2449125.012,,325.354,327.928,
2449225.008,,325.959,326.879,
2449325.006,,326.112,330.764,
2449424.999,,326.553,328.613,
2449524.998,,327.290,325.076,
2449624.991,,325.890,323.436,
2449724.989,,325.892,328.622,
2449824.984,,325.869,327.448,
2449924.982,,325.684,323.045,
2450024.982,,323.412,322.837,
2450124.977,,323.752,322.779,
2450224.974,,325.065,332.092,
2450324.969,,326.383,332.665,
2450424.966,,326.027,336.570,
2450524.959,,326.589,340.100,
2450624.958,,327.174,334.534,
2450724.952,,327.024,339.233,
2450824.953,,327.113,340.581,
2450924.946,,326.794,336.489,
2451024.944,,326.229,330.303,
2451124.936,,324.934,327.213,
2451224.934,,324.056,327.853,
2451324.928,,324.194,328.413,
2451424.926,,324.134,331.993,
2451524.922,,323.825,333.070,
2451624.918,,323.882,331.800,
2451724.916,,323.976,330.640,
2451824.912,,324.193,328.615,
2451924.906,,324.264,331.543,
2452024.904,,324.651,335.796,
2452124.900,,324.722,340.781,
2452224.899,,325.909,337.074,
2452324.893,,324.985,333.332,
2452424.887,,324.849,331.140,
2452524.887,,325.118,330.339,
2452624.882,,324.751,331.045,
2452724.878,,325.006,329.031,
2452824.877,,325.122,327.794,
2452924.870,,324.641,330.507,
2453024.866,,324.487,328.759,
2453124.866,,324.669,339.192,
2453224.864,,325.249,347.901,
2453324.857,,324.994,346.153,
2453424.857,,325.048,352.644,
2453524.853,,325.204,349.264,
2453624.843,,325.511,345.752,
2453724.841,,324.917,338.951,
2453824.838,,324.335,333.684,
2453924.839,,324.492,333.440,
2454024.833,,324.601,331.925,
2454124.828,,325.203,328.539,
2454224.827,,325.529,326.648,
2454324.817,,324.395,327.906,
2454424.815,,323.599,335.433,
2454524.814,,324.284,340.479,
2454624.811,,324.294,338.052,
2454724.804,,324.859,333.600,
2454824.800,,324.854,330.085,
2454924.800,,324.589,328.890,
2455024.793,,324.776,329.258,
2455124.794,,326.374,329.010,
2455224.784,,327.043,327.648,
2455324.783,,326.270,328.082,
2455424.783,,324.888,326.287,
2455524.779,,324.686,327.312,
2455624.775,,324.791,333.579,
2455724.772,,324.545,329.935,
2455824.768,,325.039,326.787,
2455924.763,,325.230,323.807,
2456024.761,,325.611,324.417,
2456124.757,,326.094,323.666,
2456224.751,,324.988,323.755,
2456324.745,,324.334,323.518,
2456424.743,,324.777,329.054,
2456524.742,,326.565,328.204,
2456624.735,,324.929,325.269,
2456724.732,,325.287,325.296,
2456824.727,,324.298,325.922,
2456924.730,,324.448,325.454,
2457024.721,,324.689,324.086,
2457124.723,,324.169,321.195,
2457224.718,,323.257,320.321,
2457324.710,,323.359,321.704,
2457424.706,,323.587,323.692,
2457524.707,,323.517,331.933,
2457624.704,,323.156,332.125,
2457724.700,,323.752,327.789,
2457824.695,,323.704,325.632,
2457924.691,,324.041,326.232,
2458024.685,,324.009,327.649,
2458124.685,,324.213,325.971,
2458224.683,,323.632,324.757,
2458324.676,,322.916,323.503,
2458424.675,,323.433,321.712,
2458524.671,,322.635,324.404,
2458624.666,,322.750,325.016,
2458724.661,,322.585,325.823,
2458824.658,,323.051,325.618,
2458924.659,,322.663,327.564,
2459024.655,,322.666,333.338,
2459124.652,,322.734,343.577,
2459224.646,,322.708,347.906,
2459324.643,,322.258,345.222,
2459424.642,,322.883,343.353,
2459524.634,,322.047,345.590,
2459624.629,,321.489,345.597,
2459724.628,,321.202,340.775,
2459824.628,,321.809,338.427,
2459924.618,,322.467,333.805,
2460024.621,,322.631,333.700,
2460124.612,,322.197,333.586,
2460224.612,,322.862,329.953,
2460324.605,,323.342,327.534,
2460424.604,,323.202,326.612,
2460524.597,,323.643,326.142,
2460624.595,,323.048,330.594,
2460724.596,,322.661,338.937,
2460824.593,,322.681,342.064,
2460924.589,,322.516,340.725,
2461024.579,,326.796,342.950,
2461124.577,,325.410,341.368,
2461224.573,,322.396,336.491,
2461324.569,,328.906,339.372,
2461424.569,,326.448,346.607,
2461524.567,,327.868,350.611,
2461624.564,,327.213,351.287,
2461724.555,,323.526,345.650,
2461824.553,,322.941,340.888,
2461924.553,,323.862,336.221,
2462024.550,,323.886,330.889,
2462124.546,,323.810,328.829,
2462224.542,,323.807,325.703,
2462324.534,,323.915,322.925,
2462424.530,,322.804,321.919,
2462524.526,,323.549,322.543,
2462624.523,,322.337,327.485,
2462724.526,,321.562,332.061,
2462824.521,,321.925,340.669,
2462924.515,,331.671,339.800,
2463024.509,,322.833,331.668,
2463124.506,,328.334,334.079,
2463224.507,,323.369,328.540,
2463324.499,,324.853,327.726,
2463424.500,,323.016,323.444,
2463524.494,,323.124,320.924,
2463624.491,,322.679,322.785,
2463724.490,,323.471,322.296,
2463824.486,,322.972,322.902,
2463924.482,,324.035,322.269,
2464024.479,,324.070,322.689,
2464124.477,,324.225,322.255,
2464224.473,,324.187,325.569,
2464324.476,,323.464,325.407,
2464424.474,,323.521,323.409,
2464524.470,,323.406,322.473,
2464624.467,,323.777,323.846,
2464724.465,,322.193,325.275,
2464824.465,,322.197,324.238,
2464924.461,,321.715,323.828,
2465024.459,,322.482,326.061,
2465124.460,,323.482,329.765,
2465224.459,,323.068,327.305,
2465324.451,,322.676,328.969,
2465424.453,,322.169,333.453,
2465524.452,,322.817,332.028,
2465624.451,,322.297,337.980,
2465724.449,,322.670,336.246,
2465824.447,,322.286,335.820,
2465924.441,,322.985,337.818,
2466024.440,,326.223,336.558,
2466124.441,,326.387,335.189,
2466224.434,,325.061,331.260,
2466324.434,,324.216,336.771,
2466424.434,,323.465,332.838,
2466524.431,,323.250,328.107,
2466624.426,,323.252,325.891,
2466724.427,,323.488,326.100,
2466824.427,,324.372,328.226,
2466924.422,,323.489,325.664,
2467024.419,,323.288,324.776,
2467124.416,,322.487,325.122,
2467224.417,,322.205,328.199,
2467324.417,,322.639,329.249,
2467424.415,,322.855,328.488,
2467524.408,,323.131,330.440,
2467624.412,,322.815,333.784,
2467724.406,,323.107,334.494,
2467824.409,,323.241,332.950,
2467924.405,,323.127,331.649,
2468024.399,,323.708,332.545,
2468124.398,,323.916,328.689,
2468224.398,,323.533,325.753,
2468324.398,,323.926,323.381,
2468424.396,,323.941,320.886,
2468524.390,,324.222,320.117,
2468624.388,,325.029,319.921,
2468724.387,,323.907,318.130,
2468824.390,,323.064,317.861,
2468924.384,,323.331,317.807,
2469024.383,,322.936,319.313,
2469124.381,,323.156,320.206,
2469224.382,,323.253,319.315,
2469324.380,,323.211,319.437,
2469424.372,,323.968,320.903,
2469524.376,,323.843,321.290,
2469624.368,,324.001,322.827,
2469724.367,,323.844,338.114,
2469824.369,,323.112,354.656,
2469924.363,,322.713,350.957,
2470024.363,,322.478,345.875,
2470124.361,,322.037,339.578,
2470224.357,,322.371,335.864,
2470324.358,,323.802,336.907,
2470424.356,,323.904,333.027,
2470524.351,,324.316,330.848,
2470624.350,,322.365,328.869,
2470724.350,,321.923,327.524,
2470824.348,,322.093,329.154,
2470924.347,,322.424,331.121,
2471024.341,,322.809,331.514,
2471124.343,,322.720,334.321,
2471224.341,,322.789,332.116,
2471324.335,,323.075,331.402,
2471424.335,,323.588,328.779,
2471524.332,,323.810,328.958,
2471624.329,,322.876,326.976,
2471724.330,,323.085,327.039,
2471824.327,,322.967,325.844,
2471924.327,,322.918,331.119,
2472024.324,,323.285,332.502,
2472124.324,,323.229,329.502,
2472224.317,,323.508,327.529,
2472324.314,,324.201,330.631,
2472424.316,,324.252,330.583,
2472524.313,,323.904,334.949,
2472624.310,,323.765,341.280,
2472724.309,,323.838,338.431,
2472824.309,,323.718,336.533,
2472924.307,,323.794,334.087,
2473024.301,,323.607,330.946,
2473124.301,,323.894,331.608,
2473224.296,,323.345,330.999,
2473324.293,,323.608,327.605,
2473424.297,,323.198,325.382,
2473524.290,,323.021,325.194,
2473624.288,,323.494,325.865,
2473724.288,,323.751,326.904,
2473824.284,,323.908,330.658,
2473924.284,,323.332,328.434,
2474024.281,,323.185,329.569,
2474124.278,,323.431,330.859,
2474224.276,,323.455,343.931,
2474324.276,,323.341,341.812,
2474424.276,,323.377,336.771,
2474524.271,,323.507,334.317,
2474624.269,,323.650,334.161,
2474724.267,,323.525,331.153,
2474824.267,,323.831,331.396,
2474924.263,,325.072,329.712,
2475024.257,,323.806,326.324,
2475124.256,,323.710,323.748,
2475224.258,,323.996,324.318,
2475324.255,,324.113,332.411,
2475424.253,,324.733,330.234,
2475524.247,,323.184,330.425,
2475624.247,,323.441,334.748,
2475724.245,,324.193,334.266,
2475824.241,,325.274,330.439,
2475924.243,,325.034,328.621,
2476024.239,,326.660,329.820,
2476124.238,,325.744,326.485,
2476224.235,,324.582,324.362,
2476324.234,,324.416,325.010,
2476424.228,,324.021,323.615,
2476524.225,,324.699,326.182,
2476624.223,,324.347,328.832,
2476724.223,,323.494,335.189,
2476824.222,,323.096,332.655,
2476924.221,,323.370,330.788,
2477024.220,,323.328,332.973,
2477124.211,,323.115,332.784,
2477224.211,,322.953,330.299,
2477324.207,,322.213,330.814,
2477424.206,,320.768,331.214,
2477524.205,,324.955,332.442,
2477624.202,,323.974,326.734,
2477724.205,,324.830,330.979,
2477824.202,,322.695,329.439,
2477924.196,,325.313,329.759,
2478024.196,,326.561,330.443,
2478124.195,,325.614,333.507,
2478224.190,,323.699,333.414,
2478324.186,,323.625,333.125,
2478424.190,,325.209,330.733,
2478524.188,,326.867,331.165,
2478624.184,,325.230,330.735,
2478724.180,,323.680,329.475,
2478824.182,,323.780,330.167,
2478924.180,,323.329,329.878,
2479024.177,,323.449,331.278,
2479124.170,,324.134,331.053,
2479224.168,,323.767,329.386,
2479324.170,,326.258,326.631,
2479424.166,,325.558,323.242,
2479524.165,,327.050,324.213,
2479624.164,,327.276,322.357,
2479724.159,,325.484,325.472,
2479824.156,,324.533,329.972,
2479924.149,,323.861,330.288,
2480024.146,,323.515,326.982,
2480124.145,,322.346,324.699,
2480224.136,,322.567,323.030,
2480324.135,,322.732,323.511,
2480424.131,,323.033,328.639,
2480524.122,,322.381,334.288,
2480624.123,,322.483,332.307,
2480724.115,,322.495,330.316,
2480824.112,,322.835,330.606,
2480924.106,,323.609,332.845,
2481024.104,,323.431,331.871,
2481124.094,,323.530,331.382,
2481224.089,,323.192,328.264,
2481324.084,,322.926,327.788,
2481424.080,,322.401,325.878,
2481524.076,,323.147,334.167,
2481624.071,,323.315,335.793,
2481724.066,,323.011,334.584,
2481824.061,,323.390,331.786,
2481924.060,,323.923,330.267,
2482024.051,,324.421,329.087,
2482124.050,,324.357,327.433,
2482224.048,,322.833,327.438,
2482324.038,,322.772,329.387,
2482424.038,,322.959,334.797,
2482524.030,,324.146,331.772,
2482624.024,,324.546,328.499,
2482724.022,,324.168,328.141,
2482824.015,,325.447,326.010,
2482924.013,,325.538,331.356,
2483024.010,,324.994,337.113,
2483124.001,,324.605,333.021,
2483224.000,,324.209,330.620,
2483323.991,,324.239,330.753,
2483423.987,,324.383,328.948,
2483523.981,,325.750,329.829,
2483623.981,,325.955,329.224,
2483723.976,,324.315,333.097,
2483823.972,,324.759,332.618,
2483923.968,,324.828,337.075,
2484023.959,,325.969,338.649,
2484123.955,,325.792,341.631,
2484223.952,,326.591,338.264,
2484323.948,,326.897,334.364,
2484423.940,,325.971,334.209,
2484523.936,,326.896,338.053,
2484623.935,,325.556,335.205,
2484723.925,,323.963,331.751,
2484823.923,,324.035,327.723,
2484923.916,,323.739,326.958,
2485023.912,,323.750,326.083,
2485123.905,,321.984,323.895,
2485223.905,,322.944,327.136,
2485323.897,,322.717,329.850,
2485423.898,,323.407,328.048,
2485523.893,,322.829,323.223,
2485623.885,,322.028,321.543,
2485723.879,,322.861,322.099,
2485823.877,,323.174,322.657,
2485923.872,,321.976,322.289,
2486023.869,,323.374,333.875,
2486123.859,,323.259,333.580,
2486223.855,,323.190,331.362,
2486323.853,,323.154,332.727,
2486423.849,,322.811,331.504,
2486523.845,,323.158,334.522,
2486623.837,,323.245,335.495,
2486723.833,,322.948,334.081,
2486823.832,,322.745,333.561,
2486923.823,,322.673,331.836,
2487023.821,,322.488,332.276,
2487123.816,,323.288,333.413,
2487223.807,,324.830,330.953,
2487323.808,,325.010,330.004,
2487423.799,,323.849,329.182,
2487523.795,,323.057,328.718,
2487623.793,,323.015,326.135,
2487723.785,,323.420,324.302,
2487823.782,,322.748,324.107,
2487923.779,,322.767,324.373,
2488023.775,,323.190,324.440,
2488123.773,,323.269,322.661,
2488223.764,,322.593,323.080,
2488323.760,,322.933,323.555,
2488423.756,,322.261,324.390,
2488523.756,,322.835,323.977,
2488623.753,,323.421,322.744,
2488723.749,,323.397,321.544,
2488823.745,,323.201,323.264,
2488923.743,,323.465,323.522,
2489023.737,,324.004,326.007,
2489123.732,,325.154,325.973,
2489223.731,,324.623,331.118,
2489323.725,,326.961,331.082,
2489423.721,,324.680,331.312,
2489523.717,,324.632,332.502,
2489623.715,,324.218,333.102,
2489723.707,,324.788,330.127,
2489823.708,,324.245,330.079,
2489923.700,,324.399,329.100,
2490023.696,,323.539,336.152,
2490123.692,,323.374,337.162,
2490223.687,,323.868,336.745,
2490323.689,,323.890,335.472,
2490423.682,,323.570,331.763,
2490523.681,,323.520,330.331,
2490623.671,,322.793,330.480,
2490723.670,,322.642,327.695,
2490823.665,,322.703,325.063,
2490923.665,,323.156,325.041,
2491023.656,,323.324,327.605,
2491123.652,,322.864,330.920,
2491223.653,,322.567,333.092,
2491323.648,,324.143,331.937,
2491423.642,,323.966,331.173,
2491523.643,,325.104,329.303,
2491623.638,,326.246,327.249,
2491723.630,,327.017,327.073,
2491823.626,,325.504,330.796,
2491923.627,,324.670,336.319,
2492023.620,,325.175,336.996,
2492123.618,,324.926,334.498,
2492223.612,,325.451,330.523,
2492323.612,,324.258,327.858,
2492423.605,,323.551,332.368,
2492523.605,,323.687,335.420,
2492623.601,,323.889,334.120,
2492723.596,,323.549,332.681,
2492823.593,,321.990,328.772,
2492923.590,,322.496,330.575,
2493023.580,,321.954,328.396,
2493123.581,,322.106,327.349,
2493223.578,,322.580,325.830,
2493323.568,,323.150,325.795,
2493423.566,,323.043,328.006,
2493523.563,,321.549,328.831,
2493623.557,,322.237,330.173,
2493723.559,,324.452,328.012,
2493823.552,,323.872,324.571,
2493923.550,,323.803,324.533,
2494023.547,,323.401,324.860,
2494123.541,,324.082,329.804,
2494223.536,,324.299,334.814,
2494323.530,,323.767,335.635,
2494423.529,,323.723,338.380,
2494523.523,,324.163,332.446,
2494623.523,,324.003,328.404,
2494723.516,,323.690,326.471,
2494823.511,,323.921,325.938,
2494923.510,,324.192,328.597,
2495023.503,,324.223,329.884,
2495123.504,,324.164,328.994,
2495223.500,,323.414,325.648,
2495323.495,,323.728,324.889,
2495423.489,,324.101,326.697,
2495523.488,,324.429,326.879,
2495623.480,,323.593,326.896,
2495723.479,,323.208,324.657,
2495823.477,,322.843,323.363,
2495923.474,,323.248,323.560,
2496023.473,,323.209,321.743,
2496123.472,,322.324,321.534,
2496223.469,,322.344,324.704,
2496323.469,,322.615,325.582,
2496423.469,,321.551,324.330,
2496523.466,,322.549,323.116,
2496623.462,,322.518,335.709,
2496723.465,,321.878,331.408,
2496823.460,,322.613,328.318,
2496923.464,,323.690,328.126,
2497023.460,,323.881,329.117,
2497123.460,,325.648,328.580,
2497223.459,,325.135,326.611,
2497323.457,,323.331,327.052,
2497423.455,,322.893,325.523,
2497523.451,,322.066,324.062,
2497623.453,,322.506,323.877,
2497723.452,,322.674,327.170,
2497823.446,,321.860,326.950,
2497923.447,,322.256,326.023,
2498023.445,,322.189,325.880,
2498123.443,,322.555,325.741,
2498223.447,,322.204,325.518,
2498323.443,,322.270,329.008,
2498423.439,,322.526,328.438,
2498523.439,,322.872,330.300,
2498623.440,,321.802,329.400,
2498723.436,,322.218,329.903,
2498823.437,,322.889,328.433,
2498923.433,,323.580,326.168,
2499023.436,,323.295,324.809,
2499123.430,,323.526,326.365,
2499223.430,,323.899,324.290,
2499323.432,,324.111,327.498,
2499423.429,,325.732,325.906,
2499523.427,,324.196,324.811,
2499623.424,,323.312,324.350,
2499723.423,,323.584,323.583,
2499823.426,,323.839,322.502,
2499923.424,,325.917,325.763,
2500023.423,,325.837,324.324,
2500123.421,,325.861,330.591,
2500223.417,,326.066,329.486,
2500323.419,,325.649,326.763,
2500423.418,,325.657,330.022,
2500523.413,,327.377,330.324,
2500623.414,,325.172,328.042,
2500723.416,,324.970,328.025,
2500823.411,,325.469,326.572,
2500923.408,,325.393,326.440,
2501023.409,,325.220,325.420,
2501123.405,,326.128,324.817,
2501223.407,,324.745,326.100,
2501323.404,,322.593,324.820,
2501423.404,,323.111,323.081,
2501523.405,,322.732,321.371,
2501623.398,,322.834,319.526,
2501723.400,,322.609,321.744,
2501823.399,,323.127,321.821,
2501923.399,,323.306,320.433,
2502023.393,,323.299,323.688,
2502123.393,,323.208,334.912,
2502223.392,,323.282,333.900,
2502323.390,,322.901,331.317,
2502423.393,,323.257,330.052,
2502523.390,,323.426,328.312,
2502623.392,,323.764,327.924,
2502723.388,,323.587,328.781,
2502823.387,,324.039,326.757,
2502923.384,,322.384,326.218,
2503023.385,,323.046,326.787,
2503123.379,,323.619,326.273,
2503223.384,,324.204,329.189,
2503323.382,,324.141,325.998,
2503423.378,,323.998,327.573,
2503523.375,,324.964,327.843,
2503623.377,,326.327,328.508,
2503723.378,,324.443,326.274,
2503823.371,,322.482,325.701,
2503923.372,,322.745,329.521,
2504023.362,,321.979,331.457,
2504123.362,,321.858,330.106,
2504223.353,,321.956,331.722,
2504323.351,,322.164,335.429,
2504423.345,,322.876,332.136,
2504523.345,,322.699,329.542,
2504623.337,,323.168,329.507,
2504723.334,,323.314,325.847,
2504823.333,,323.111,323.773,
2504923.330,,322.598,333.508,
2505023.323,,322.686,332.676,
2505123.317,,322.469,332.250,
2505223.315,,322.207,330.671,
2505323.309,,322.453,328.017,
2505423.305,,323.182,326.149,
2505523.302,,322.814,323.982,
2505623.299,,322.608,322.789,
2505723.291,,322.766,324.043,
2505823.286,,322.701,326.632,
2505923.284,,322.590,327.405,
2506023.280,,322.778,326.415,
2506123.278,,323.235,325.708,
2506223.274,,322.719,323.364,
2506323.265,,323.334,323.057,
2506423.266,,322.929,323.840,
2506523.257,,324.980,326.674,
2506623.254,,324.855,331.591,
2506723.251,,323.586,328.988,
2506823.248,,323.708,329.339,
2506923.242,,324.154,338.966,
2507023.239,,323.652,337.251,
2507123.231,,323.784,332.834,
2507223.230,,324.277,332.580,
2507323.223,,323.809,328.516,
2507423.221,,323.207,330.771,
2507523.219,,324.039,334.780,
2507623.213,,323.251,339.769,
2507723.211,,323.356,342.912,
2507823.205,,324.093,341.548,
2507923.199,,324.283,355.383,
2508023.193,,324.476,348.565,
2508123.192,,324.824,341.668,
2508223.188,,325.327,337.487,
2508323.185,,326.630,336.791,
2508423.183,,325.808,341.203,
2508523.178,,325.163,334.663,
2508623.174,,324.429,338.320,
2508723.166,,324.467,335.638,
2508823.166,,324.736,331.882,
2508923.160,,324.839,331.175,
2509023.153,,323.480,336.668,
2509123.154,,323.045,343.576,
2509223.147,,322.733,336.938,
2509323.140,,323.083,336.093,
2509423.141,,323.651,333.002,
2509523.136,,323.568,330.555,
2509623.132,,323.990,329.825,
2509723.123,,324.390,332.523,
2509823.119,,324.878,334.234,
2509923.120,,324.347,333.242,
2510023.112,,324.433,332.741,
2510123.110,,322.929,329.962,
2510223.102,,323.443,327.690,
2510323.103,,323.239,328.041,
2510423.094,,323.948,327.509,
2510523.089,,323.615,326.602,
2510623.085,,323.178,326.068,
2510723.086,,323.234,324.079,
2510823.077,,323.852,326.388,
2510923.072,,324.160,326.454,
2511023.068,,323.993,325.622,
2511123.069,,323.445,324.938,
2511223.062,,324.720,324.307,
2511323.057,,324.966,325.428,
2511423.056,,325.640,326.478,
2511523.049,,326.958,325.391,
2511623.048,,325.683,322.346,
2511723.041,,324.190,321.258,
2511823.036,,323.903,321.626,
2511923.036,,323.003,321.599,
2512023.034,,323.018,324.911,
2512123.028,,323.178,328.848,
2512223.029,,322.047,327.497,
2512323.024,,323.406,325.853,
2512423.022,,323.503,327.886,
2512523.021,,323.071,325.559,
2512623.022,,322.966,323.712,
2512723.020,,323.318,321.642,
2512823.019,,323.112,321.163,
2512923.014,,322.995,321.231,
2513023.015,,323.344,321.001,
2513123.010,,323.602,321.513,
2513223.006,,322.959,320.428,
2513323.008,,322.908,318.897,
2513423.002,,323.174,317.280,
2513523.002,,323.379,320.368,
2513623.001,,323.049,320.976,
2513722.996,,323.258,321.031,
2513822.998,,323.371,327.224,
2513922.996,,323.427,330.099,
2514022.994,,323.557,334.677,
2514122.992,,324.003,332.016,
2514222.986,,324.006,329.558,
2514322.983,,323.694,329.673,
2514422.987,,323.734,330.390,
2514522.984,,323.499,329.341,
2514622.981,,323.441,328.240,
2514722.979,,323.503,327.560,
2514822.974,,322.953,325.594,
2514922.976,,322.574,329.685,
2515022.971,,322.847,340.657,
2515122.970,,322.832,334.354,
2515222.970,,322.691,330.676,
2515322.968,,322.445,328.023,
2515422.961,,321.863,326.930,
2515522.961,,322.551,325.271,
2515622.957,,323.586,322.742,
2515722.961,,323.169,322.661,
2515822.955,,323.459,323.489,
2515922.952,,322.765,321.812,
2516022.952,,324.423,320.316,
2516122.952,,324.819,322.005,
2516222.945,,325.299,321.659,
2516322.942,,323.807,319.777,
2516422.943,,323.786,319.410,
2516522.938,,323.776,320.367,
2516622.941,,324.651,320.261,
2516722.937,,324.191,322.698,
2516822.938,,324.098,324.967,
2516922.933,,324.798,324.317,
2517022.932,,323.804,322.187,
2517122.932,,323.284,321.117,
2517222.928,,323.100,320.494,
2517322.928,,322.307,331.110,
2517422.924,,321.928,333.995,
2517522.918,,322.239,343.647,
2517622.920,,321.328,348.454,
2517722.917,,320.868,349.171,
2517822.915,,320.317,344.165,
2517922.910,,320.721,335.999,
2518022.913,,320.149,332.444,
2518122.906,,320.948,340.630,
2518222.909,,321.053,340.906,
2518322.903,,321.223,340.542,
2518422.905,,321.450,341.565,
2518522.899,,322.086,338.101,
2518622.901,,322.371,339.629,
2518722.898,,322.412,335.701,
2518822.895,,322.153,334.034,
2518922.896,,321.528,329.686,
2519022.889,,321.368,325.608,
2519122.886,,320.341,321.349,
2519222.885,,320.479,319.108,
2519322.884,,320.405,317.821,
2519422.885,,319.699,317.875,
2519522.882,,320.621,317.826,
2519622.878,,321.539,319.903,
2519722.875,,320.601,322.885,
2519822.878,,321.080,325.360,
2519922.872,,321.264,325.870,
2520022.872,,320.606,332.128,
2520122.868,,320.738,333.714,
2520222.864,,321.968,333.844,
2520322.864,,322.649,332.207,
2520422.857,,322.731,328.407,
2520522.859,,323.684,330.266,
2520622.852,,324.197,331.029,
2520722.850,,323.818,340.175,
2520822.846,,323.358,337.824,
2520922.844,,322.561,332.681,
2521022.845,,323.238,327.517,
2521122.841,,322.122,324.061,
2521222.838,,322.772,324.085,
2521322.834,,321.586,327.547,
2521422.831,,322.059,331.356,
2521522.833,,320.262,340.641,
2521622.829,,322.162,343.194,
2521722.825,,322.689,338.595,
2521822.827,,322.054,332.660,
2521922.818,,321.935,328.566,
2522022.819,,322.677,327.632,
2522122.820,,324.089,327.426,
2522222.811,,325.663,328.410,
2522322.810,,324.950,327.192,
2522422.809,,324.789,333.485,
2522522.808,,325.314,332.534,
2522622.805,,324.605,328.116,
2522722.805,,323.172,326.964,
2522822.801,,321.912,326.628,
2522922.799,,321.495,327.265,
2523022.794,,320.833,328.842,
2523122.792,,322.036,326.404,
2523222.787,,321.752,325.691,
2523322.789,,321.392,328.560,
2523422.781,,320.562,331.375,
2523522.779,,321.059,328.536,
2523622.782,,321.525,325.000,
2523722.775,,321.436,327.202,
2523822.771,,321.815,332.880,
2523922.773,,320.822,335.802,
2524022.768,,322.639,335.012,
2524122.766,,323.614,332.292,
2524222.764,,323.568,329.969,
2524322.762,,323.530,327.885,
2524422.757,,322.981,326.778,
2524522.758,,323.467,327.715,
2524622.757,,322.988,325.453,
2524722.752,,322.772,322.473,
2524822.748,,322.751,320.917,
2524922.748,,323.069,321.431,
2525022.744,,325.068,322.873,
2525122.739,,323.737,322.638,
2525222.742,,322.773,320.226,
2525322.735,,322.508,319.251,
2525422.736,,321.673,318.741,
2525522.729,,321.734,318.848,
2525622.727,,321.800,321.210,
2525722.729,,322.751,321.394,
2525822.726,,323.203,321.501,
2525922.719,,322.046,325.606,
2526022.716,,321.682,327.301,
2526122.717,,322.657,325.654,
2526222.713,,322.808,324.138,
2526322.708,,322.724,323.969,
2526422.711,,322.927,323.071,
2526522.703,,322.197,328.767,
2526622.704,,323.998,329.675,
2526722.704,,322.223,327.719,
2526822.698,,321.166,324.495,
2526922.695,,322.681,322.664,
2527022.693,,322.373,320.664,
2527122.688,,323.272,321.043,
2527222.691,,323.276,320.663,
2527322.687,,323.183,318.868,
2527422.686,,322.502,318.317,
2527522.681,,323.473,319.457,
2527622.678,,322.718,329.953,
2527722.678,,322.296,333.118,
2527822.676,,322.153,338.686,
2527922.669,,322.558,334.450,
2528022.663,,323.393,333.322,
2528122.664,,323.880,333.033,
2528222.659,,323.139,330.803,
2528322.653,,323.418,330.727,
2528422.650,,323.091,330.963,
2528522.647,,324.082,330.138,
2528622.640,,322.417,329.272,
2528722.633,,321.570,327.835,
2528822.631,,322.036,324.882,
2528922.625,,322.213,324.502,
2529022.625,,322.583,322.944,
2529122.616,,322.515,322.288,
2529222.613,,322.288,322.784,
2529322.610,,322.545,323.998,
2529422.604,,322.875,323.191,
2529522.605,,322.822,322.034,
2529622.599,,322.785,323.693,
2529722.595,,322.575,328.936,
2529822.592,,322.846,330.849,
2529922.584,,322.729,328.777,
2530022.582,,323.063,338.840,
2530122.575,,322.769,342.857,
2530222.575,,322.793,341.405,
2530322.568,,322.566,340.083,
2530422.568,,322.328,337.211,
2530522.561,,321.830,334.623,
2530622.560,,321.804,333.875,
2530722.552,,324.448,330.848,
2530822.551,,323.202,327.722,
2530922.547,,323.764,328.026,
2531022.544,,323.562,329.520,
2531122.536,,323.734,330.841,
2531222.533,,324.856,329.950,
2531322.526,,323.526,328.670,
2531422.524,,323.871,325.681,
2531522.521,,322.882,322.822,
2531622.514,,322.551,323.678,
2531722.515,,322.952,333.625,
2531822.506,,323.403,338.831,
2531922.501,,322.972,335.545,
2532022.499,,322.559,330.856,
2532122.497,,322.794,330.470,
2532222.492,,322.704,330.380,
2532322.490,,322.721,329.213,
2532422.486,,323.131,329.220,
2532522.479,,322.934,334.662,
2532622.474,,322.810,333.345,
2532722.470,,322.683,332.739,
2532822.451,,322.722,332.474,
2532922.463,,322.380,334.558,
2533022.462,,322.614,340.094,
2533122.452,,322.754,335.478,
2533222.453,,322.871,337.242,
2533322.445,,323.083,333.190,
2533422.446,,323.139,334.240,
2533522.436,,323.311,340.265,
2533622.437,,323.176,338.822,
2533722.431,,323.208,336.777,
2533822.429,,323.118,334.299,
2533922.425,,323.217,330.104,
2534022.414,,323.039,326.846,
2534122.411,,322.829,325.186,
2534222.411,,322.789,323.364,
2534322.407,,323.144,323.921,
2534422.400,,323.596,325.198,
2534522.395,,323.975,324.129,
2534622.396,,324.090,320.789,
2534722.390,,322.055,319.559,
2534822.382,,322.582,320.897,
2534922.380,,322.896,320.758,
2535022.378,,322.807,321.161,
2535122.375,,322.464,324.550,
2535222.367,,321.914,333.119,
2535322.367,,321.845,331.495,
2535422.358,,322.049,330.183,
2535522.357,,322.204,327.691,
2535622.354,,322.734,323.684,
2535722.350,,323.016,323.437,
2535822.344,,322.442,332.864,
2535922.342,,322.211,331.650,
2536022.339,,321.751,331.798,
2536122.336,,320.761,335.628,
2536222.332,,321.608,335.595,
2536322.329,,320.578,339.320,
2536422.322,,321.815,346.986,
2536522.323,,320.310,340.512,
2536622.320,,320.477,336.996,
2536722.316,,322.211,337.442,
2536822.313,,323.573,336.279,
2536922.310,,321.000,334.580,
2537022.310,,321.933,336.089,
2537122.306,,322.880,333.919,
2537222.300,,321.771,332.170,
2537322.296,,322.846,330.902,
2537422.295,,321.393,330.564,
2537522.291,,324.973,343.460,
2537622.292,,324.113,347.286,
2537722.283,,321.553,343.792,
2537822.282,,323.403,340.868,
2537922.280,,324.369,334.863,
2538022.274,,323.164,332.576,
2538122.271,,323.923,332.189,
2538222.268,,323.773,333.123,
2538322.271,,323.748,339.550,
2538422.268,,324.461,346.916,
2538522.261,,324.462,342.362,
2538622.255,,325.514,336.524,
2538722.253,,325.546,331.830,
2538822.251,,324.767,329.274,
2538922.247,,323.997,326.982,
2539022.249,,322.708,324.562,
2539122.245,,322.081,324.689,
2539222.241,,322.344,322.867,
2539322.240,,321.742,321.393,
2539422.233,,321.083,321.119,
2539522.234,,321.822,321.553,
2539622.229,,322.316,323.687,
2539722.224,,322.641,327.268,
2539822.221,,322.050,329.472,
2539922.220,,322.171,333.666,
2540022.216,,322.182,334.540,
2540122.215,,322.121,333.946,
2540222.212,,322.583,336.328,
2540322.204,,320.743,335.016,
2540422.206,,320.809,333.417,
2540522.199,,322.815,329.818,
2540622.197,,321.300,331.110,
2540722.195,,320.938,329.339,
2540822.194,,324.392,340.465,
2540922.186,,326.577,346.508,
2541022.184,,321.133,343.142,
2541122.182,,323.420,342.102,
2541222.179,,324.239,348.868,
2541322.173,,322.554,357.890,
2541422.170,,323.077,357.446,
2541522.168,,323.236,350.355,
2541622.167,,323.679,343.826,
2541722.164,,324.803,340.675,
2541822.162,,324.281,338.215,
2541922.157,,324.108,335.865,
2542022.157,,324.239,334.379,
2542122.150,,323.982,333.193,
2542222.149,,322.458,331.928,
2542322.145,,322.368,330.211,
2542422.144,,322.047,329.179,
2542522.143,,321.828,328.972,
2542622.138,,321.934,325.703,
2542722.133,,321.935,324.514,
2542822.129,,321.797,324.718,
2542922.128,,322.076,329.609,
2543022.125,,323.112,331.689,
2543122.124,,323.492,330.905,
2543222.116,,322.448,329.313,
2543322.112,,322.660,329.488,
2543422.110,,321.942,328.337,
2543522.110,,322.313,329.405,
2543622.107,,321.961,331.415,
2543722.101,,321.614,328.437,
2543822.097,,321.414,328.458,
2543922.096,,321.700,324.602,
2544022.093,,321.539,325.114,
2544122.093,,322.047,330.213,
2544222.092,,323.550,330.354,
2544322.092,,322.661,332.837,
2544422.086,,322.201,326.200,
2544522.082,,322.950,323.184,
2544622.082,,323.011,322.279,
2544722.082,,322.592,323.077,
2544822.079,,323.223,322.707,
2544922.074,,322.123,320.904,
2545022.072,,322.115,320.505,
2545122.072,,321.930,321.814,
2545222.065,,321.862,324.806,
2545322.064,,322.273,327.535,
2545422.065,,324.014,324.518,
2545522.064,,323.800,326.385,
2545622.060,,321.568,326.525,
2545722.058,,322.333,324.240,
2545822.054,,321.600,321.004,
2545922.055,,321.895,318.841,
2546022.052,,322.197,318.051,
2546122.045,,322.604,317.975,
2546222.042,,322.088,320.214,
2546322.043,,321.803,318.864,
2546422.039,,322.231,323.346,
2546522.037,,322.535,327.435,
2546622.037,,322.584,330.238,
2546722.035,,322.749,332.625,
2546822.030,,322.126,329.941,
2546922.028,,322.646,329.098,
2547022.027,,323.451,330.284,
2547122.023,,324.269,329.292,
2547222.024,,322.286,331.555,
2547322.017,,322.224,327.021,
2547422.016,,321.669,323.297,
2547522.013,,321.710,324.002,
2547622.014,,321.651,324.944,
2547722.009,,320.867,323.719,
2547822.009,,321.860,323.745,
2547922.007,,322.235,322.867,
2548022.002,,321.841,322.868,
2548122.000,,321.292,324.037,
2548221.997,,321.681,326.419,
2548322.000,,322.228,332.366,
2548421.996,,322.210,335.919,
2548521.995,,322.206,338.021,
2548621.987,,321.952,336.344,
2548721.985,,322.343,333.515,
2548821.986,,321.650,329.153,
2548921.985,,321.701,326.026,
2549021.978,,321.854,323.572,
2549121.981,,322.329,321.694,
2549221.975,,322.221,322.093,
2549321.973,,321.675,320.114,
2549421.971,,322.293,322.197,
2549521.970,,322.360,319.901,
2549621.966,,322.785,320.855,
2549721.968,,322.474,321.984,
2549821.960,,322.230,321.435,
2549921.961,,322.734,319.451,
2550021.958,,321.933,317.676,
2550121.958,,322.571,316.809,
2550221.953,,322.135,318.730,
2550321.953,,322.785,320.989,
2550421.953,,323.352,322.129,
2550521.950,,323.378,323.618,
2550621.944,,323.618,324.294,
2550721.940,,323.205,325.343,
2550821.942,,323.235,326.488,
2550921.935,,323.149,323.550,
2551021.933,,322.995,322.004,
2551121.934,,323.301,320.372,
2551221.935,,322.930,318.527,
2551321.928,,322.507,319.835,
2551421.925,,322.071,318.557,
2551521.922,,322.482,316.601,
2551621.922,,322.167,317.100,
2551721.917,,322.151,316.591,
2551821.921,,322.417,317.793,
2551921.916,,322.628,316.728,
2552021.907,,323.005,319.216,
2552121.906,,322.731,320.709,
2552221.904,,321.689,320.464,
2552321.897,,321.408,318.669,
2552421.900,,321.875,317.236,
2552521.891,,321.637,319.138,
2552621.891,,321.825,318.742,
2552721.887,,322.317,319.761,
2552821.880,,321.086,321.929,
2552921.882,,320.907,320.198,
2553021.873,,320.087,320.051,
2553121.871,,320.681,318.469,
2553221.870,,320.820,317.969,
2553321.865,,320.806,321.096,
2553421.863,,321.119,339.612,
2553521.856,,320.541,338.818,
2553621.850,,320.371,332.350,
2553721.851,,319.793,325.811,
2553821.849,,320.301,322.716,
2553921.841,,320.426,326.734,
2554021.840,,320.555,328.647,
2554121.835,,320.359,329.094,
2554221.830,,320.445,328.568,
2554321.829,,320.395,328.024,
2554421.825,,320.790,326.039,
2554521.823,,321.441,325.877,
2554621.818,,320.650,337.308,
2554721.811,,321.198,343.517,
2554821.810,,320.510,340.938,
2554921.808,,321.051,334.704,
2555021.801,,321.968,330.362,
2555121.797,,322.021,326.633,
2555221.795,,321.703,326.247,
2555321.794,,322.247,325.655,
2555421.791,,322.357,330.080,
2555521.788,,322.720,329.612,
2555621.781,,322.749,328.193,
2555721.781,,323.060,327.637,
2555821.772,,322.429,327.547,
2555921.770,,322.339,333.308,
2556021.771,,322.839,339.551,
2556121.764,,322.381,339.919,
2556221.762,,322.722,335.538,
2556321.754,,323.344,331.258,
2556421.750,,323.187,330.998,
2556521.752,,322.953,329.713,
2556621.750,,322.094,327.504,
2556721.743,,321.869,325.659,
2556821.742,,322.281,325.311,
2556921.734,,322.853,344.401,
2557021.731,,321.460,340.379,
2557121.727,,322.008,333.728,
2557221.722,,321.772,331.458,
2557321.718,,321.759,334.529,
2557421.717,,322.267,333.583,
2557521.713,,322.245,330.764,
2557621.713,,322.638,327.642,
2557721.707,,323.272,333.930,
2557821.703,,322.707,335.584,
2557921.700,,323.314,335.411,
2558021.697,,322.577,339.195,
2558121.695,,323.350,336.436,
2558221.690,,324.384,332.191,
2558321.685,,324.796,334.041,
2558421.680,,324.724,332.711,
2558521.677,,324.188,329.081,
2558621.673,,324.553,326.436,
2558721.673,,325.553,329.125,
2558821.665,,325.929,335.319,
2558921.663,,325.178,333.908,
2559021.663,,325.844,328.854,
2559121.658,,325.289,324.983,
2559221.655,,324.333,323.741,
2559321.651,,324.546,323.772,
2559421.650,,324.075,327.588,
2559521.645,,324.882,326.255,
2559621.643,,324.765,325.484,
2559721.635,,325.058,327.597,
2559821.631,,325.319,336.614,
2559921.630,,323.726,334.554,
2560021.626,,323.431,331.291,
2560121.620,,323.886,336.622,
2560221.623,,324.553,338.824,
2560321.617,,324.328,345.196,
2560421.612,,323.030,341.757,
2560521.613,,323.077,339.774,
2560621.606,,323.186,336.226,
2560721.606,,322.863,333.548,
2560821.601,,323.373,331.174,
2560921.600,,323.890,330.707,
2561021.598,,324.251,329.142,
2561121.593,,324.747,328.845,
2561221.590,,324.033,330.460,
2561321.588,,323.543,333.652,
2561421.584,,324.686,333.752,
2561521.582,,324.108,329.318,
2561621.580,,323.830,326.062,
2561721.571,,323.967,323.148,
2561821.572,,323.586,320.940,
2561921.571,,323.460,320.008,
2562021.562,,324.351,320.620,
2562121.563,,323.889,322.284,
2562221.557,,323.411,321.068,
2562321.555,,323.030,321.070,
2562421.553,,323.639,322.678,
2562521.549,,324.120,323.952,
2562621.543,,324.329,325.821,
2562721.543,,324.991,327.214,
2562821.541,,324.839,328.329,
2562921.534,,323.849,328.868,
2563021.536,,324.496,329.047,
2563121.532,,325.317,328.348,
2563221.530,,325.049,326.812,
2563321.523,,325.323,328.197,
2563421.524,,325.204,329.296,
2563521.517,,324.549,328.973,
2563621.519,,324.930,331.864,
2563721.516,,325.392,333.507,
2563821.513,,324.875,334.198,
2563921.508,,324.505,335.882,
2564021.505,,325.253,335.089,
2564121.499,,326.635,331.789,
2564221.496,,326.353,330.595,
2564321.496,,326.831,330.392,
2564421.492,,325.038,328.845,
2564521.487,,324.097,331.535,
2564621.486,,323.726,328.470,
2564721.480,,323.236,328.516,
2564821.482,,323.557,324.451,
2564921.479,,322.974,321.848,
2565021.474,,322.144,320.405,
2565121.469,,321.766,323.678,
2565221.468,,322.376,326.451,
2565321.467,,322.683,326.075,
2565421.458,,322.282,325.465,
2565521.455,,322.718,328.435,
2565621.456,,323.448,328.280,
2565721.450,,323.789,326.387,
2565821.448,,324.780,331.441,
2565921.447,,323.281,333.626,
2566021.440,,323.670,336.200,
2566121.436,,324.034,334.843,
2566221.436,,323.835,332.860,
2566321.435,,324.292,333.504,
2566421.433,,324.392,332.828,
2566521.428,,324.605,335.752,
2566621.423,,324.042,331.149,
2566721.418,,323.873,327.581,
2566821.419,,324.428,325.530,
2566921.416,,324.655,323.886,
2567021.412,,324.848,323.563,
2567121.411,,324.244,322.713,
2567221.407,,322.341,322.343,
2567321.402,,322.304,327.377,
2567421.402,,322.706,331.827,
2567521.399,,324.426,334.352,
2567621.396,,324.792,339.046,
2567721.391,,320.871,336.240,
2567821.390,,324.678,332.760,
2567921.387,,325.333,330.305,
2568021.378,,325.563,328.055,
2568121.378,,325.365,329.397,
2568221.371,,326.807,331.368,
2568321.372,,327.082,328.805,
2568421.371,,326.835,325.777,
2568521.361,,327.959,326.005,
2568621.361,,327.290,325.316,
2568721.356,,325.147,323.974,
2568821.358,,325.716,323.760,
2568921.350,,325.153,326.698,
2569021.345,,325.042,329.567,
2569121.347,,324.827,327.509,
2569221.338,,325.431,325.308,
2569321.335,,325.856,323.785,
2569421.337,,325.933,324.379,
2569521.332,,325.699,325.432,
2569621.331,,325.806,325.905,
2569721.325,,323.964,329.659,
2569821.320,,323.475,328.557,
2569921.320,,323.719,325.354,
2570021.315,,324.256,322.871,
2570121.315,,324.003,321.972,
2570221.311,,323.975,326.697,
2570321.308,,324.473,328.248,
2570421.305,,324.063,330.324,
2570521.301,,323.751,329.122,
2570621.293,,324.597,327.952,
2570721.296,,324.346,329.349,
2570821.290,,324.497,329.906,
2570921.285,,324.262,330.473,
2571021.285,,324.448,333.292,
2571121.279,,324.335,331.695,
2571221.281,,324.303,329.726,
2571321.272,,324.634,332.074,
2571421.268,,324.262,329.989,
2571521.267,,324.347,329.641,
2571621.266,,324.973,328.285,
2571721.257,,324.880,327.419,
2571821.255,,324.880,327.347,
2571921.254,,324.908,327.913,
2572021.252,,324.435,327.177,
2572121.249,,324.083,325.098,
2572221.241,,324.263,325.628,
2572321.244,,324.407,327.511,
2572421.239,,325.109,326.111,
2572521.238,,323.889,323.077,
2572621.232,,323.220,323.681,
2572721.225,,322.799,324.431,
2572821.226,,324.296,325.163,
2572921.221,,323.821,328.912,
2573021.219,,323.599,327.894,
2573121.213,,324.167,326.782,
2573221.214,,323.539,328.965,
2573321.206,,324.102,330.729,
2573421.207,,325.410,331.409,
2573521.200,,325.639,327.127,
2573621.199,,325.263,325.110,
2573721.196,,324.139,325.570,
2573821.193,,323.873,324.252,
2573921.187,,322.917,322.378,
2574021.186,,323.354,320.711,
2574121.181,,323.618,332.156,
2574221.177,,323.279,328.349,
2574321.174,,323.181,324.847,
2574421.171,,322.312,327.778,
2574521.170,,323.344,326.830,
2574621.167,,322.852,328.899,
2574721.163,,322.658,325.736,
2574821.159,,323.323,321.774,
2574921.158,,323.597,323.095,
2575021.156,,323.133,329.137,
2575121.149,,323.096,330.694,
2575221.148,,323.436,328.977,
2575321.146,,323.335,329.240,
2575421.143,,323.170,338.312,
2575521.135,,323.334,337.954,
2575621.134,,322.964,333.010,
2575721.130,,323.265,330.527,
2575821.128,,323.083,330.567,
2575921.127,,323.391,335.202,
2576021.121,,323.913,334.370,
2576121.120,,323.840,331.952,
2576221.118,,323.234,330.427,
2576321.118,,323.090,328.794,
2576421.116,,322.449,326.674,
2576521.111,,322.978,325.964,
2576621.113,,322.421,325.170,
2576721.112,,321.776,325.358,
2576821.110,,321.598,329.582,
2576921.107,,321.169,332.151,
2577021.103,,321.690,336.023,
2577121.100,,325.056,340.522,
2577221.101,,327.485,335.562,
2577321.099,,322.646,333.457,
2577421.092,,322.093,329.866,
2577521.095,,322.259,331.386,
2577621.088,,326.353,333.937,
2577721.091,,322.661,330.172,
2577821.088,,322.120,329.233,
2577921.082,,322.601,328.179,
2578021.085,,323.040,326.465,
2578121.079,,324.168,325.636,
2578221.081,,324.966,326.109,
2578321.076,,324.057,330.966,
2578421.071,,324.083,332.225,
2578521.073,,323.973,329.781,
2578621.070,,324.264,325.704,
2578721.064,,323.238,324.927,
2578821.065,,323.116,322.546,
2578921.067,,322.131,321.459,
2579021.063,,322.778,320.156,
2579121.060,,322.124,319.093,
2579221.054,,321.325,320.313,
2579321.057,,321.778,321.515,
2579421.054,,321.887,321.958,
2579521.051,,321.847,323.407,
2579621.052,,322.698,321.542,
2579721.050,,323.452,323.863,
2579821.047,,322.703,322.083,
2579921.044,,322.759,323.548,
2580021.044,,322.788,322.652,
2580121.036,,322.793,321.495,
2580221.039,,322.008,321.340,
2580321.037,,318.991,319.637,
2580421.030,,319.499,323.816,
2580521.029,,321.713,326.075,
2580621.031,,319.743,321.176,
2580721.030,,320.230,320.597,
2580821.024,,320.193,320.125,
2580921.019,,321.775,322.815,
2581021.018,,322.338,324.213,
2581121.016,,323.309,325.284,
2581221.013,,322.876,326.155,
2581321.014,,323.405,327.035,
2581421.009,,319.640,322.991,
2581521.008,,320.515,322.221,
2581621.007,,324.956,323.482,
2581721.005,,323.246,324.171,
2581821.000,,323.536,323.958,
2581921.004,,321.978,324.109,
2582021.003,,320.503,323.276,
2582120.996,,319.900,326.050,
2582220.992,,320.736,325.762,
2582320.995,,321.561,326.957,
2582420.991,,322.508,324.750,
2582520.987,,322.385,321.528,
2582620.986,,322.306,320.402,
2582720.982,,322.480,321.398,
2582820.982,,322.993,320.865,
2582920.985,,322.069,321.372,
2583020.980,,322.020,320.067,
2583120.979,,322.716,318.564,
2583220.972,,319.507,319.120,
2583320.977,,319.708,326.378,
2583420.968,,322.045,326.144,
2583520.966,,323.684,324.398,
2583620.966,,322.374,322.365,
2583720.965,,322.542,322.526,
2583820.965,,323.272,324.334,
2583920.961,,322.675,334.740,
2584020.957,,321.116,335.224,
2584120.950,,321.291,331.957,
2584220.949,,322.027,327.393,
2584320.942,,322.816,323.968,
2584420.941,,323.688,322.630,
2584520.936,,324.001,322.500,
2584620.938,,323.504,321.822,
2584720.934,,324.836,326.983,
2584820.930,,324.310,326.112,
2584920.922,,324.086,328.824,
2585020.921,,324.505,342.411,
2585120.919,,325.163,345.343,
2585220.914,,324.696,344.935,
2585320.909,,324.936,341.971,
2585420.908,,325.217,336.306,
2585520.901,,326.495,333.174,
2585620.896,,325.655,334.526,
2585720.895,,324.879,330.755,
2585820.892,,323.972,326.339,
2585920.888,,323.979,328.409,
2586020.886,,323.959,330.394,
2586120.878,,323.764,327.774,
2586220.880,,324.115,327.941,
2586320.871,,323.526,326.281,
2586420.873,,324.451,323.356,
2586520.864,,324.498,321.613,
2586620.863,,324.427,320.226,
2586720.857,,323.107,319.333,
2586820.859,,323.284,321.321,
2586920.850,,323.309,334.987,
2587020.850,,322.853,337.455,
2587120.843,,323.211,332.292,
2587220.843,,323.245,330.450,
2587320.836,,323.114,326.597,
2587420.837,,323.452,326.399,
2587520.832,,323.654,325.439,
2587620.824,,323.787,324.484,
2587720.825,,323.936,325.407,
2587820.818,,323.677,325.219,
2587920.815,,323.891,324.551,
2588020.814,,324.009,324.986,
2588120.810,,324.056,330.868,
2588220.807,,324.335,329.937,
2588320.801,,324.349,327.636,
2588420.796,,324.279,326.606,
2588520.795,,324.687,328.481,
2588620.791,,325.057,331.246,
2588720.788,,325.035,329.734,
2588820.781,,325.122,327.584,
2588920.779,,324.561,327.022,
2589020.781,,325.134,330.045,
2589120.773,,326.504,327.771,
2589220.771,,325.805,327.282,
2589320.767,,325.495,326.554,
2589420.766,,326.774,324.356,
2589520.763,,327.904,323.250,
2589620.758,,325.413,322.898,
2589720.750,,324.725,326.249,
2589820.746,,324.396,326.103,
2589920.744,,324.721,326.416,
2590020.742,,325.014,323.571,
2590120.737,,325.459,323.393,
2590220.737,,324.973,325.137,
2590320.734,,325.521,328.615,
2590420.730,,325.785,338.977,
2590520.725,,325.721,354.448,
2590620.723,,326.159,348.903,
2590720.717,,325.194,342.949,
2590820.715,,324.998,343.898,
2590920.709,,324.692,337.750,
2591020.704,,324.791,332.096,
2591120.704,,324.367,328.575,
2591220.702,,323.328,328.246,
2591320.692,,324.195,329.642,
2591420.690,,323.947,329.467,
2591520.686,,324.974,328.273,
2591620.685,,324.140,327.434,
2591720.684,,325.376,329.265,
2591820.680,,324.245,328.881,
2591920.676,,324.059,330.372,
2592020.672,,323.380,327.995,
2592120.667,,322.923,327.214,
2592220.663,,322.395,328.404,
2592320.655,,323.803,329.614,
2592420.649,,323.379,327.059,
2592520.650,,324.204,325.700,
2592620.643,,324.813,326.528,
2592720.635,,325.550,325.599,
2592820.629,,324.557,326.721,
2592920.632,,325.320,327.148,
2593020.622,,325.197,326.069,
2593120.623,,323.706,325.448,
2593220.613,,324.600,326.815,
2593320.612,,326.557,328.640,
2593420.605,,325.902,329.306,
2593520.603,,326.237,333.408,
2593620.598,,326.234,341.358,
2593720.596,,325.335,336.238,
2593820.588,,325.305,331.813,
2593920.588,,325.742,328.571,
2594020.580,,326.161,328.897,
2594120.579,,325.467,333.995,
2594220.571,,325.966,329.242,
2594320.571,,325.757,327.973,
2594420.563,,326.502,330.470,
2594520.562,,326.309,329.169,
2594620.555,,325.239,331.393,
2594720.547,,325.952,338.400,
2594820.544,,325.420,332.360,
2594920.542,,324.449,328.616,
2595020.540,,323.851,326.112,
2595120.530,,323.446,323.366,
2595220.531,,323.834,321.809,
2595320.521,,324.237,322.207,
2595420.522,,324.170,324.217,
2595520.512,,324.928,329.000,
2595620.514,,324.777,332.418,
2595720.509,,325.285,334.383,
2595820.503,,324.275,333.357,
2595920.498,,324.700,332.576,
2596020.490,,324.837,333.319,
2596120.490,,324.887,333.983,
2596220.481,,324.227,334.242,
2596320.478,,324.863,330.402,
2596420.479,,324.853,327.117,
2596520.472,,325.115,327.946,
2596620.468,,323.937,326.655,
2596720.464,,323.094,324.207,
2596820.459,,323.360,321.555,
2596920.451,,323.844,324.476,
2597020.450,,323.890,330.978,
2597120.444,,324.268,334.241,
2597220.440,,324.242,331.560,
2597320.434,,324.425,331.038,
2597420.432,,324.283,331.596,
2597520.427,,324.224,347.436,
2597620.422,,323.826,353.629,
2597720.418,,322.901,347.695,
2597820.415,,322.464,341.131,
2597920.411,,323.226,339.509,
2598020.404,,323.003,336.498,
2598120.401,,321.970,330.226,
2598220.394,,321.471,328.119,
2598320.389,,321.202,333.651,
2598420.388,,321.310,333.566,
2598520.380,,321.556,330.722,
2598620.382,,322.258,328.791,
2598720.375,,322.689,326.569,
2598820.373,,323.836,323.881,
2598920.365,,323.736,322.726,
2599020.360,,323.562,324.140,
2599120.355,,323.919,323.820,
2599220.350,,324.098,323.598,
2599320.348,,323.205,330.117,
2599420.342,,323.016,336.795,
2599520.340,,322.538,332.406,
2599620.337,,321.930,326.679,
2599720.329,,322.058,322.695,
2599820.329,,322.559,320.742,
2599920.321,,322.244,318.920,
2600020.321,,321.066,317.322,
2600120.318,,322.190,316.641,
2600220.320,,322.384,318.326,
2600320.318,,322.255,324.827,
2600420.312,,322.335,327.879,
2600520.314,,322.956,326.839,
2600620.310,,323.107,325.246,
2600720.309,,322.699,324.017,
2600820.303,,322.767,323.609,
2600920.305,,323.075,323.616,
2601020.302,,322.542,323.256,
2601120.295,,322.521,322.341,
2601220.293,,323.103,322.193,
2601320.296,,323.984,319.536,
2601420.291,,323.389,318.397,
2601520.291,,323.431,318.219,
2601620.284,,323.512,319.036,
2601720.286,,322.749,322.520,
2601820.284,,321.802,321.677,
2601920.280,,322.762,322.016,
2602020.278,,323.086,321.678,
2602120.276,,323.309,320.160,
2602220.270,,323.337,320.824,
2602320.269,,323.472,328.614,
2602420.270,,323.279,331.289,
2602520.267,,323.008,335.823,
2602620.267,,322.149,334.912,
2602720.261,,324.843,333.326,
2602820.263,,323.979,336.006,
2602920.261,,321.667,336.656,
2603020.253,,322.329,336.862,
2603120.256,,323.843,332.919,
2603220.252,,322.871,332.332,
2603320.249,,321.992,329.683,
2603420.244,,322.312,330.055,
2603520.244,,321.946,329.409,
2603620.246,,320.335,329.313,
2603720.237,,321.534,327.092,
2603820.237,,321.809,327.492,
2603920.233,,322.297,326.972,
2604020.232,,321.494,326.218,
2604120.232,,322.002,326.394,
2604220.228,,322.672,326.102,
2604320.226,,322.874,325.012,
2604420.228,,321.945,321.996,
2604520.221,,323.281,326.319,
2604620.218,,321.160,332.082,
2604720.221,,321.733,328.673,
2604820.215,,321.755,341.557,
2604920.213,,322.754,346.493,
2605020.210,,322.204,343.919,
2605120.208,,322.787,345.285,
2605220.209,,321.893,338.253,
2605320.205,,322.906,335.824,
2605420.203,,322.200,330.534,
2605520.202,,323.478,328.610,
2605620.198,,321.620,326.218,
2605720.199,,323.590,328.564,
2605820.193,,322.209,327.317,
2605920.194,,322.901,326.444,
2606020.187,,322.080,324.319,
2606120.188,,321.312,323.162,
2606220.183,,321.763,324.642,
2606320.185,,321.323,325.401,
2606420.178,,322.834,321.987,
2606520.180,,323.360,320.657,
2606620.179,,325.638,322.043,
2606720.177,,326.259,321.762,
2606820.170,,326.278,321.806,
2606920.173,,325.232,322.238,
2607020.168,,324.707,324.527,
2607120.168,,324.835,325.372,
2607220.161,,324.701,328.128,
2607320.161,,324.346,327.339,
2607420.161,,324.511,326.062,
2607520.156,,324.229,325.035,
2607620.159,,324.303,326.743,
2607720.154,,324.183,331.469,
2607820.154,,324.607,343.323,
2607920.149,,324.354,343.126,
2608020.145,,324.245,339.718,
2608120.144,,324.287,339.008,
2608220.145,,324.385,336.956,
2608320.146,,324.068,333.899,
2608420.140,,324.079,339.702,
2608520.143,,324.090,340.060,
2608620.138,,324.000,336.590,
2608720.133,,324.116,334.486,
2608820.138,,324.420,333.188,
2608920.131,,324.536,336.394,
2609020.134,,324.398,343.972,
2609120.133,,324.245,345.583,
2609220.131,,323.953,351.436,
2609320.127,,323.898,348.197,
2609420.123,,323.701,343.244,
2609520.126,,323.970,343.138,
2609620.119,,323.889,343.185,
2609720.118,,323.762,337.572,
2609820.117,,324.094,336.656,
2609920.120,,323.625,334.654,
2610020.113,,323.946,335.292,
2610120.111,,323.945,333.383,
2610220.114,,324.184,345.270,
2610320.110,,323.384,344.088,
2610420.111,,324.224,340.036,
2610520.109,,323.486,339.130,
2610620.102,,323.436,341.276,
2610720.107,,323.291,345.622,
2610820.103,,323.350,356.770,
2610920.101,,323.426,350.816,
2611020.096,,323.127,344.335,
2611120.096,,323.667,338.871,
2611220.097,,324.036,335.320,
2611320.095,,324.091,336.937,
2611420.092,,323.943,342.259,
2611520.090,,323.786,340.338,
2611620.090,,323.963,334.602,
2611720.089,,324.092,330.030,
2611820.083,,324.681,328.884,
2611920.082,,324.495,329.821,
2612020.083,,324.588,328.780,
2612120.082,,324.367,330.298,
2612220.079,,323.874,330.879,
2612320.074,,323.212,331.632,
2612420.075,,322.940,332.373,
2612520.071,,322.924,333.655,
2612620.074,,323.455,334.195,
2612720.074,,323.168,334.128,
2612820.067,,323.758,332.243,
2612920.065,,322.765,329.236,
2613020.064,,324.166,326.500,
2613120.061,,325.059,326.315,
2613220.064,,324.243,326.460,
2613320.061,,322.958,328.645,
2613420.061,,323.847,329.105,
2613520.056,,324.078,327.927,
2613620.053,,324.100,327.572,
2613720.058,,323.722,332.696,
2613820.051,,323.530,330.784,
2613920.054,,323.565,330.212,
2614020.051,,323.656,331.705,
2614120.046,,323.475,331.761,
2614220.044,,323.116,335.352,
2614320.047,,323.308,332.047,
2614420.042,,323.425,328.256,
2614520.041,,323.620,326.774,
2614620.042,,323.382,325.983,
2614720.038,,323.357,330.211,
2614820.036,,323.514,330.284,
2614920.036,,323.689,332.069,
2615020.033,,323.973,334.703,
2615120.029,,323.581,333.540,
2615220.027,,323.072,334.156,
2615320.026,,323.477,335.438,
2615420.028,,323.603,341.364,
2615520.023,,323.088,349.631,
2615620.022,,323.381,345.402,
2615720.023,,323.817,339.999,
2615820.020,,323.808,338.780,
2615920.014,,323.303,339.938,
2616020.012,,323.646,334.040,
2616120.011,,323.795,328.911,
2616220.007,,323.671,326.110,
2616320.002,,324.714,325.823,
2616419.997,,324.795,325.936,
2616519.995,,325.008,329.253,
2616619.994,,324.280,330.747,
2616719.985,,324.031,331.396,
2616819.981,,323.884,329.331,
2616919.981,,323.883,327.012,
2617019.978,,323.844,326.502,
2617119.976,,324.350,326.113,
2617219.970,,324.455,325.628,
2617319.968,,324.258,325.645,
2617419.959,,324.212,324.615,
2617519.957,,324.060,324.160,
2617619.956,,323.822,322.925,
2617719.950,,324.165,323.935,
2617819.947,,324.213,326.710,
2617919.946,,324.253,330.814,
2618019.936,,324.160,333.731,
2618119.933,,324.344,329.794,
2618219.934,,323.923,328.687,
2618319.930,,323.697,328.295,
2618419.925,,323.884,331.288,
2618519.923,,323.738,333.189,
2618619.915,,323.816,332.170,
2618719.914,,323.634,339.687,
2618819.909,,323.839,337.990,
2618919.910,,323.816,349.640,
2619019.901,,324.310,348.106,
2619119.902,,324.467,342.147,
2619219.895,,324.062,339.365,
2619319.894,,324.420,336.217,
2619419.891,,324.354,335.750,
2619519.886,,324.008,338.089,
2619619.884,,323.606,333.391,
2619719.877,,324.129,329.308,
2619819.877,,323.955,327.296,
2619919.866,,324.875,327.985,
2620019.866,,324.597,330.232,
2620119.860,,324.038,328.348,
2620219.861,,324.945,327.969,
2620319.854,,326.286,330.506,
2620419.850,,325.197,337.003,
2620519.849,,325.211,332.434,
2620619.844,,324.938,328.661,
2620719.842,,324.768,326.194,
2620819.836,,325.004,328.715,
2620919.833,,324.694,332.266,
2621019.829,,324.739,334.409,
2621119.828,,325.092,331.778,
2621219.820,,324.531,328.784,
2621319.819,,324.513,326.834,
2621419.817,,324.490,325.604,
2621519.811,,324.796,323.487,
2621619.804,,325.124,322.737,
2621719.803,,325.522,324.582,
2621819.800,,325.786,337.491,
2621919.796,,323.249,333.049,
2622019.791,,324.352,332.160,
2622119.786,,322.270,332.061,
2622219.786,,322.167,333.357,
2622319.779,,322.926,336.526,
2622419.779,,322.410,333.900,
2622519.776,,323.681,331.877,
2622619.770,,324.558,331.541,
2622719.764,,324.543,334.829,
2622819.761,,324.108,336.658,
2622919.760,,324.558,335.061,
2623019.754,,324.489,335.899,
2623119.752,,324.597,343.013,
2623219.748,,323.968,339.723,
2623319.743,,324.228,340.223,
2623419.742,,324.284,336.269,
2623519.736,,324.501,333.505,
2623619.736,,324.559,333.939,
2623719.733,,324.325,337.835,
2623819.723,,324.105,344.633,
2623919.726,,323.775,340.989,
2624019.722,,323.873,338.648,
2624119.716,,323.955,334.626,
2624219.716,,323.949,331.366,
2624319.712,,324.437,346.372,
2624419.711,,323.745,351.609,
2624519.705,,323.946,366.670,
2624619.705,,324.217,359.053,
2624719.697,,324.949,349.172,
2624819.699,,324.659,340.692,
2624919.696,,324.777,334.961,
2625019.688,,324.616,332.292,
2625119.685,,324.501,330.711,
2625219.685,,323.326,327.967,
2625319.680,,324.379,326.261,
2625419.676,,324.910,326.382,
2625519.675,,325.191,328.442,
2625619.672,,325.416,329.814,
2625719.669,,326.192,329.013,
2625819.663,,325.789,327.503,
2625919.663,,326.209,328.463,
2626019.662,,325.663,329.582,
2626119.659,,325.523,328.121,
2626219.651,,325.486,328.565,
2626319.653,,325.600,326.662,
2626419.652,,325.833,326.378,
2626519.645,,325.094,327.885,
2626619.644,,325.714,325.665,
2626719.637,,325.407,325.262,
2626819.637,,325.752,323.482,
2626919.633,,324.757,323.058,
2627019.633,,324.304,322.092,
2627119.630,,324.029,321.124,
2627219.625,,324.279,323.665,
2627319.619,,324.575,341.324,
2627419.616,,325.516,337.711,
2627519.617,,325.062,331.145,
2627619.610,,324.495,328.991,
2627719.608,,325.833,335.778,
2627819.609,,325.952,336.157,
2627919.605,,325.955,332.627,
2628019.598,,326.129,331.264,
2628119.598,,325.692,331.228,
2628219.596,,325.411,332.609,
2628319.594,,325.194,333.582,
2628419.586,,325.397,334.022,
2628519.588,,325.339,332.374,
2628619.580,,325.513,331.212,
2628719.583,,326.495,335.989,
2628819.577,,325.973,331.119,
2628919.571,,325.370,350.091,
2629019.570,,325.076,371.257,
2629119.571,,324.814,367.309,
2629219.566,,325.066,357.413,
2629319.560,,325.115,353.290,
2629419.560,,325.650,348.227,
2629519.560,,325.190,341.084,
2629619.551,,324.105,335.727,
2629719.552,,324.491,332.883,
2629819.548,,324.734,331.320,
2629919.543,,325.196,330.994,
2630019.543,,324.083,331.915,
2630119.538,,324.333,333.546,
2630219.534,,324.370,332.055,
2630319.530,,323.818,331.063,
2630419.531,,325.414,330.478,
2630519.528,,325.351,327.710,
2630619.527,,325.563,326.755,
2630719.519,,325.775,327.255,
2630819.515,,325.369,327.785,
2630919.515,,325.625,331.132,
2631019.511,,325.791,334.344,
2631119.510,,323.496,331.972,
2631219.506,,324.349,328.795,
2631319.506,,325.423,328.720,
2631419.504,,324.799,329.565,
2631519.499,,324.052,340.376,
2631619.494,,323.464,335.980,
2631719.492,,324.102,330.869,
2631819.486,,323.707,329.332,
2631919.487,,324.811,328.552,
2632019.481,,325.761,326.513,
2632119.477,,324.847,323.516,
2632219.476,,324.642,321.776,
2632319.473,,325.172,321.926,
2632419.468,,325.078,334.357,
2632519.464,,325.514,343.356,
2632619.456,,325.307,357.942,
2632719.456,,325.620,357.062,
2632819.451,,324.735,349.162,
2632919.447,,324.604,339.820,
2633019.443,,323.795,336.369,
2633119.439,,324.060,341.321,
2633219.440,,323.938,344.796,
2633319.432,,324.142,337.797,
2633419.432,,323.567,334.028,
2633519.423,,323.201,352.006,
2633619.425,,322.733,356.447,
2633719.421,,322.966,355.720,
2633819.417,,323.986,351.519,
2633919.411,,322.868,348.762,
2634019.409,,323.303,341.424,
2634119.405,,323.608,335.658,
2634219.400,,323.688,332.289,
2634319.395,,324.185,332.433,
2634419.395,,324.129,330.642,
2634519.388,,323.504,331.049,
2634619.389,,323.095,329.888,
2634719.385,,323.069,328.779,
2634819.375,,324.093,329.351,
2634919.372,,323.931,327.805,
2635019.370,,323.381,326.769,
2635119.370,,324.555,328.309,
2635219.361,,325.142,330.121,
2635319.363,,325.906,331.449,
2635419.357,,326.150,329.733,
2635519.354,,327.575,328.356,
2635619.349,,327.020,327.440,
2635719.343,,326.425,325.914,
2635819.342,,325.525,323.398,
2635919.337,,325.248,324.628,
2636019.332,,326.437,325.378,
2636119.328,,325.723,324.610,
2636219.327,,325.442,325.515,
2636319.323,,324.754,327.011,
2636419.321,,325.615,326.712,
2636519.316,,324.723,330.018,
2636619.315,,325.276,349.040,
2636719.309,,325.061,350.586,
2636819.308,,324.412,370.588,
2636919.304,,324.262,365.274,
2637019.297,,324.520,355.984,
2637119.293,,324.473,349.335,
2637219.293,,324.700,350.867,
2637319.285,,324.802,345.131,
2637419.281,,324.500,340.194,
2637519.278,,324.782,338.065,
2637619.272,,324.904,344.908,
2637719.270,,324.954,344.786,
2637819.268,,324.667,339.245,
2637919.264,,325.577,335.265,
2638019.260,,324.199,331.138,
2638119.260,,324.477,330.339,
2638219.255,,324.643,331.891,
2638319.247,,324.719,330.298,
2638419.243,,324.697,331.300,
2638519.242,,324.337,328.430,
2638619.239,,324.045,326.514,
2638719.234,,324.090,324.298,
2638819.228,,324.112,322.632,
2638919.231,,324.600,323.310,
2639019.226,,324.676,323.344,
2639119.220,,324.571,323.338,
2639219.214,,324.722,324.856,
2639319.216,,325.126,323.648,
2639419.208,,323.564,324.353,
2639519.208,,323.654,323.935,
2639619.201,,324.077,324.569,
2639719.196,,324.377,324.924,
2639819.196,,324.845,329.864,
2639919.194,,324.976,344.189,
2640019.187,,324.645,343.288,
2640119.186,,324.065,343.474,
2640219.185,,324.715,358.116,
2640319.179,,324.408,351.567,
2640419.182,,324.153,344.733,
2640519.178,,325.599,340.405,
2640619.173,,324.476,336.404,
2640719.175,,324.924,333.610,
2640819.174,,324.795,330.261,
2640919.167,,324.673,328.588,
2641019.165,,324.690,328.571,
2641119.163,,325.172,326.710,
2641219.157,,324.266,326.487,
2641319.155,,323.353,327.661,
2641419.155,,323.431,325.689,
2641519.156,,323.619,324.791,
2641619.150,,322.237,323.300,
2641719.151,,322.192,321.199,
2641819.145,,321.993,320.319,
2641919.141,,322.961,323.725,
2642019.144,,323.200,324.525,
2642119.138,,323.123,322.968,
2642219.138,,324.659,322.783,
2642319.131,,324.512,327.737,
2642419.132,,326.047,331.842,
2642519.127,,326.261,328.795,
2642619.123,,325.275,325.839,
2642719.123,,324.738,326.865,
2642819.124,,323.741,324.928,
2642919.121,,323.597,324.112,
2643019.114,,324.310,325.250,
2643119.115,,324.233,324.555,
2643219.115,,324.074,328.584,
2643319.113,,324.435,330.519,
2643419.108,,323.867,327.971,
2643519.106,,323.728,326.566,
2643619.101,,323.895,326.298,
2643719.099,,324.591,325.574,
2643819.095,,324.736,323.238,
2643919.097,,323.274,323.133,
2644019.093,,324.354,322.363,
2644119.090,,325.287,326.611,
2644219.091,,324.630,326.837,
2644319.087,,325.514,327.031,
2644419.083,,325.724,327.332,
2644519.080,,325.604,329.893,
2644619.081,,326.721,332.819,
2644719.075,,326.186,328.161,
2644819.075,,325.585,326.553,
2644919.074,,326.096,331.021,
2645019.065,,324.942,330.520,
2645119.064,,324.092,327.495,
2645219.060,,323.739,327.700,
2645319.063,,323.896,325.901,
2645419.058,,324.577,326.610,
2645519.058,,325.690,328.480,
2645619.053,,325.675,329.668,
2645719.054,,324.704,328.452,
2645819.051,,324.807,324.742,
2645919.043,,324.775,325.028,
2646019.046,,325.835,326.168,
2646119.039,,325.997,326.325,
2646219.042,,326.475,327.666,
2646319.037,,325.938,326.512,
2646419.037,,326.992,328.438,
2646519.032,,325.949,326.488,
2646619.032,,325.826,335.480,
2646719.029,,326.163,337.401,
2646819.022,,325.582,339.643,
2646919.025,,325.459,340.005,
2647019.023,,325.445,339.492,
2647119.020,,325.551,340.615,
2647219.017,,325.609,340.804,
2647319.013,,325.288,340.018,
2647419.009,,325.348,339.485,
2647519.010,,325.752,346.596,
2647619.003,,325.606,344.679,
2647719.003,,325.599,353.510,
2647818.997,,325.623,350.517,
2647919.000,,325.516,359.495,
2648018.993,,325.665,353.974,
2648118.991,,325.736,349.758,
2648218.992,,325.675,345.035,
2648318.990,,325.230,341.548,
2648418.980,,325.204,337.204,
2648518.980,,325.686,333.870,
2648618.976,,325.408,333.606,
2648718.973,,324.489,338.132,
2648818.976,,325.407,355.314,
2648918.973,,324.401,353.007,
2649018.969,,324.152,350.866,
2649118.961,,324.326,344.888,
2649218.964,,324.710,339.127,
2649318.957,,324.804,337.015,
2649418.953,,324.818,343.028,
2649518.953,,324.659,347.799,
2649618.954,,324.774,341.811,
2649718.948,,324.515,338.672,
2649818.948,,324.710,336.035,
2649918.944,,324.546,336.921,
2650018.943,,324.578,335.053,
2650118.934,,324.405,332.393,
2650218.934,,325.034,330.553,
2650318.930,,325.754,334.927,
2650418.932,,324.430,336.710,
2650518.926,,325.466,350.429,
2650618.923,,326.371,354.906,
2650718.920,,326.400,359.130,
2650818.917,,324.679,354.320,
2650918.917,,324.622,346.777,
2651018.914,,326.317,339.554,
2651118.910,,326.357,335.815,
2651218.909,,326.572,333.828,
2651318.904,,325.064,333.551,
2651418.901,,325.345,375.945,
2651518.899,,324.986,372.042,
2651618.896,,325.325,361.212,
2651718.893,,325.000,355.770,
2651818.895,,324.520,352.176,
2651918.888,,325.070,360.501,
2652018.886,,325.337,355.743,
2652118.882,,323.483,345.635,
2652218.882,,324.226,338.862,
2652318.876,,324.712,343.566,
2652418.877,,324.682,338.162,
2652518.875,,324.218,331.986,
2652618.870,,323.243,328.693,
2652718.869,,324.013,328.536,
2652818.862,,323.655,326.754,
2652918.860,,324.260,327.459,
2653018.858,,325.130,326.734,
2653118.858,,325.707,333.999,
2653218.854,,325.532,332.831,
2653318.848,,325.547,328.853,
2653418.847,,324.028,325.443,
2653518.846,,324.360,323.480,
2653618.839,,325.357,323.763,
2653718.841,,325.013,324.338,
2653818.836,,324.925,326.165,
2653918.833,,325.313,327.054,
2654018.831,,325.524,330.262,
2654118.825,,326.146,333.364,
2654218.829,,325.752,332.062,
2654318.822,,326.669,328.738,
2654418.822,,326.864,343.494,
2654518.814,,325.466,345.834,
2654618.813,,326.740,340.849,
2654718.813,,326.596,334.493,
2654818.811,,325.243,330.304,
2654918.806,,324.446,326.886,
2655018.806,,324.804,329.235,
2655118.803,,324.625,333.997,
2655218.798,,326.478,349.890,
2655318.793,,324.915,343.572,
2655418.795,,324.526,336.807,
2655518.792,,325.509,333.240,
2655618.791,,325.554,331.573,
2655718.785,,325.793,333.248,
2655818.783,,326.567,339.447,
2655918.776,,325.599,334.721,
2656018.771,,324.436,331.360,
2656118.770,,325.282,329.657,
2656218.767,,325.716,326.238,
2656318.763,,324.512,323.477,
2656418.758,,324.569,328.247,
2656518.755,,326.189,331.206,
2656618.747,,324.584,328.422,
2656718.745,,325.186,326.333,
2656818.741,,325.734,326.752,
2656918.737,,326.005,328.055,
2657018.727,,325.882,326.943,
2657118.725,,326.070,328.194,
2657218.721,,325.752,330.711,
2657318.716,,325.502,333.059,
2657418.714,,325.513,333.283,
2657518.711,,325.121,330.109,
2657618.707,,325.337,339.730,
2657718.700,,324.705,337.111,
2657818.696,,325.153,334.476,
2657918.687,,327.885,337.536,
2658018.686,,326.552,331.697,
2658118.681,,324.340,327.924,
2658218.676,,325.312,326.115,
2658318.671,,326.116,325.975,
2658418.669,,324.895,323.104,
2658518.668,,324.197,322.234,
2658618.658,,324.702,323.209,
2658718.656,,325.031,324.874,
2658818.654,,325.594,326.671,
2658918.644,,326.316,325.057,
2659018.643,,326.051,323.754,
2659118.640,,327.003,322.916,
2659218.633,,325.973,322.758,
2659318.632,,325.826,322.902,
2659418.624,,325.454,321.677,
2659518.620,,325.558,324.288,
2659618.617,,325.663,325.149,
2659718.613,,325.800,325.385,
2659818.605,,325.743,326.700,
2659918.605,,325.539,328.093,
2660018.602,,325.146,330.482,
2660118.596,,325.122,330.433,
2660218.592,,325.118,330.824,
2660318.589,,325.452,331.198,
2660418.579,,325.259,345.340,
2660518.578,,324.967,345.800,
2660618.570,,325.292,342.210,
2660718.567,,324.962,339.953,
2660818.562,,324.713,339.951,
2660918.558,,325.038,346.444,
2661018.558,,325.176,345.107,
2661118.549,,324.987,342.569,
2661218.549,,324.114,335.816,
2661318.539,,325.500,331.422,
2661418.539,,325.548,329.447,
2661518.536,,326.124,329.377,
2661618.527,,325.399,326.317,
2661718.526,,325.294,326.221,
2661818.520,,325.679,326.765,
2661918.515,,326.049,328.299,
2662018.511,,326.209,335.650,
2662118.507,,324.944,331.193,
2662218.503,,324.348,328.402,
2662318.500,,324.339,344.640,
2662418.493,,323.982,342.679,
2662518.489,,324.724,339.058,
2662618.484,,324.674,336.122,
2662718.478,,324.473,334.965,
2662818.479,,324.568,334.711,
2662918.472,,325.023,331.456,
2663018.464,,324.785,329.667,
2663118.460,,325.015,327.346,
2663218.456,,324.294,329.696,
2663318.454,,325.285,326.099,
2663418.447,,324.047,323.559,
2663518.446,,326.317,327.812,
2663618.444,,326.646,335.047,
2663718.438,,326.030,352.067,
2663818.430,,324.721,344.536,
2663918.429,,324.160,337.901,
2664018.429,,324.889,334.661,
2664118.421,,325.841,331.791,
2664218.422,,326.068,328.851,
2664318.416,,324.950,327.704,
2664418.418,,324.552,325.739,
2664518.410,,324.725,324.420,
2664618.412,,324.608,327.339,
2664718.406,,325.630,330.600,
2664818.406,,325.997,327.369,
2664918.402,,325.796,325.257,
2665018.399,,325.703,325.681,
2665118.395,,324.734,323.389,
2665218.395,,324.674,321.232,
2665318.392,,324.766,320.603,
2665418.390,,324.917,321.968,
2665518.384,,324.938,322.812,
2665618.381,,326.085,323.914,
2665718.382,,326.230,324.489,
2665818.378,,326.381,326.589,
2665918.376,,325.436,326.290,
2666018.374,,325.973,324.993,
2666118.367,,325.542,324.719,
2666218.370,,324.706,322.438,
2666318.363,,325.248,321.849,
2666418.364,,325.523,331.567,
2666518.361,,324.524,336.879,
2666618.358,,324.517,334.185,
2666718.357,,324.865,333.954,
2666818.354,,324.659,332.317,
2666918.347,,325.250,332.768,
2667018.348,,325.500,331.138,
2667118.344,,324.672,329.281,
2667218.340,,324.550,328.489,
2667318.334,,324.341,329.443,
2667418.336,,324.566,331.976,
2667518.329,,324.820,330.558,
2667618.326,,324.745,330.888,
2667718.329,,324.432,329.268,
2667818.327,,324.385,327.078,
2667918.318,,324.459,326.316,
2668018.317,,324.771,326.482,
2668118.317,,324.972,335.844,
2668218.314,,324.867,333.395,
2668318.309,,325.516,330.615,
2668418.309,,324.620,328.737,
2668518.303,,323.914,331.660,
2668618.305,,324.067,342.936,
2668718.300,,323.447,353.919,
2668818.299,,323.426,350.869,
2668918.297,,324.145,343.471,
2669018.293,,324.281,337.983,
2669118.285,,324.780,335.580,
2669218.287,,325.153,332.690,
2669318.281,,324.730,332.067,
2669418.280,,323.597,330.328,
2669518.277,,324.539,329.907,
2669618.273,,324.523,329.606,
2669718.273,,324.476,355.515,
2669818.273,,324.384,351.285,
2669918.264,,324.461,344.712,
2670018.267,,324.646,339.645,
2670118.259,,324.970,334.709,
2670218.260,,324.697,332.012,
2670318.254,,323.843,332.019,
2670418.251,,325.002,330.335,
2670518.253,,325.275,327.975,
2670618.251,,324.858,328.498,
2670718.245,,324.732,337.925,
2670818.246,,325.221,333.825,
2670918.243,,325.250,331.351,
2671018.240,,325.181,334.396,
2671118.232,,325.222,331.681,
2671218.231,,324.889,328.796,
2671318.228,,324.721,327.544,
2671418.226,,324.802,328.160,
2671518.225,,325.029,327.895,
2671618.223,,324.245,327.641,
2671718.218,,324.740,329.070,
2671818.213,,323.027,329.355,
2671918.214,,324.461,327.013,
2672018.210,,325.279,325.518,
2672118.211,,325.576,324.078,
2672218.205,,326.616,322.760,
2672318.205,,325.222,325.909,
2672418.202,,324.744,325.292,
2672518.200,,324.063,323.866,
2672618.201,,323.697,322.499,
2672718.194,,324.258,323.718,
2672818.192,,324.720,322.640,
2672918.192,,324.136,321.725,
2673018.191,,324.084,321.189,
2673118.189,,324.135,321.283,
2673218.187,,324.319,321.703,
2673318.182,,324.716,325.005,
2673418.181,,325.059,324.932,
2673518.183,,324.094,325.645,
2673618.181,,326.035,353.875,
2673718.177,,326.417,354.045,
2673818.176,,324.434,345.166,
2673918.172,,324.261,339.943,
2674018.172,,324.243,335.972,
2674118.169,,323.902,337.106,
2674218.168,,323.778,333.225,
2674318.165,,324.244,331.251,
2674418.161,,323.609,329.142,
2674518.163,,324.583,331.784,
2674618.161,,325.131,330.739,
2674718.157,,326.384,327.807,
2674818.153,,325.498,326.832,
2674918.152,,325.981,327.738,
2675018.154,,326.740,331.132,
2675118.147,,325.853,328.484,
2675218.149,,324.911,326.894,
2675318.141,,323.886,326.493,
2675418.141,,323.551,326.656,
2675518.144,,323.729,328.264,
2675618.137,,323.863,327.548,
2675718.139,,324.012,326.614,
2675818.138,,323.860,326.836,
2675918.129,,323.886,327.535,
2676018.131,,324.481,328.726,
2676118.132,,325.571,329.926,
2676218.128,,324.869,330.822,
2676318.122,,325.569,329.345,
2676418.122,,322.248,327.373,
2676518.119,,323.154,329.172,
2676618.119,,325.242,328.740,
2676718.120,,325.288,326.052,
2676818.114,,325.518,329.806,
2676918.114,,323.889,328.626,
2677018.113,,324.125,330.746,
2677118.108,,325.019,327.396,
2677218.107,,324.547,324.917,
2677318.107,,325.190,326.366,
2677418.105,,325.629,326.507,
2677518.098,,324.920,324.790,
2677618.098,,324.456,324.482,
2677718.099,,324.341,323.275,
2677818.097,,324.085,321.279,
2677918.089,,324.147,323.281,
2678018.094,,325.405,324.321,
2678118.090,,324.473,341.233,
2678218.084,,323.949,341.826,
2678318.084,,324.610,338.856,
2678418.083,,325.739,340.913,
2678518.083,,324.565,334.122,
2678618.079,,324.160,331.594,
2678718.076,,324.059,334.707,
2678818.075,,324.862,333.458,
2678918.071,,324.806,334.881,
2679018.071,,324.460,338.658,
2679118.072,,325.345,342.268,
2679218.064,,326.285,342.043,
2679318.063,,326.174,338.167,
2679418.064,,326.257,336.221,
2679518.060,,326.826,332.299,
2679618.058,,325.885,330.887,
2679718.056,,326.127,331.202,
2679818.055,,325.281,331.222,
2679918.053,,326.347,333.146,
2680018.048,,326.262,333.860,
2680118.047,,325.686,333.194,
2680218.043,,324.722,330.000,
2680318.039,,324.726,326.650,
2680418.032,,324.033,325.789,
2680518.031,,324.760,325.520,
2680618.028,,325.640,326.149,
2680718.022,,326.171,329.826,
2680818.023,,327.421,328.346,
2680918.019,,326.152,325.579,
2681018.015,,324.429,324.769,
2681118.007,,324.032,323.490,
2681218.004,,323.613,323.570,
2681318.002,,324.289,322.686,
2681417.997,,324.436,324.575,
2681517.999,,324.111,334.152,
2681617.992,,324.464,348.159,
2681717.991,,325.023,345.197,
2681817.988,,325.045,347.187,
2681917.982,,324.582,349.116,
2682017.975,,324.437,342.033,
2682117.978,,324.808,336.233,
2682217.972,,325.510,335.409,
2682317.964,,325.104,335.011,
2682417.965,,324.728,337.534,
2682517.962,,324.208,334.444,
2682617.960,,324.682,330.034,
2682717.957,,324.858,338.425,
2682817.947,,324.613,341.978,
2682917.944,,324.733,341.477,
2683017.944,,324.824,343.956,
2683117.939,,324.357,344.558,
2683217.936,,324.231,341.516,
2683317.934,,324.343,341.008,
2683417.929,,324.676,343.654,
2683517.930,,324.305,344.805,
2683617.923,,325.133,338.577,
2683717.923,,325.373,333.561,
2683817.915,,325.381,329.938,
2683917.912,,325.528,328.696,
2684017.908,,324.004,328.535,
2684117.904,,324.436,330.963,
2684217.901,,325.355,329.411,
2684317.900,,325.016,328.511,
2684417.897,,324.118,329.212,
2684517.890,,324.113,328.127,
2684617.888,,324.397,329.312,
2684717.884,,324.028,328.754,
2684817.884,,323.824,327.990,
2684917.879,,324.204,326.724,
2685017.873,,324.316,325.529,
2685117.871,,323.674,324.155,
2685217.866,,324.202,323.983,
2685317.863,,324.609,323.009,
2685417.860,,325.160,324.587,
2685517.856,,325.269,325.765,
2685617.852,,325.731,326.908,
2685717.853,,325.199,327.144,
2685817.846,,325.255,330.789,
2685917.842,,324.272,331.661,
2686017.839,,324.110,329.351,
2686117.835,,324.442,329.044,
2686217.832,,324.422,329.439,
2686317.827,,324.434,329.080,
2686417.829,,324.324,328.157,
2686517.825,,324.316,328.449,
2686617.818,,324.332,328.357,
2686717.818,,324.744,334.835,
2686817.812,,324.409,341.867,
2686917.807,,324.592,340.252,
2687017.805,,324.416,341.044,
2687117.804,,324.209,338.558,
2687217.801,,324.692,339.119,
2687317.792,,324.565,335.957,
2687417.788,,323.751,332.948,
2687517.789,,324.382,328.798,
2687617.784,,325.338,327.229,
2687717.781,,324.310,327.504,
2687817.775,,324.689,325.305,
2687917.772,,324.247,322.716,
2688017.769,,324.173,324.083,
2688117.765,,324.573,324.692,
2688217.764,,324.760,324.461,
2688317.757,,324.301,324.915,
2688417.752,,324.364,324.312,
2688517.747,,324.146,325.552,
2688617.743,,324.115,322.262,
2688717.744,,323.535,321.124,
2688817.737,,324.083,323.477,
2688917.734,,324.215,322.448,
2689017.727,,325.030,325.694,
2689117.725,,324.370,327.181,
2689217.722,,324.168,323.868,
2689317.717,,324.057,330.088,
2689417.712,,324.134,335.729,
2689517.707,,324.089,333.862,
2689617.708,,324.454,330.839,
2689717.700,,324.021,329.778,
2689817.697,,323.534,328.612,
2689917.692,,323.981,328.113,
2690017.688,,324.070,329.486,
2690117.688,,323.176,326.890,
2690217.686,,323.642,324.487,
2690317.677,,323.823,322.342,
2690417.671,,324.197,325.557,
2690517.670,,324.957,332.601,
2690617.668,,324.236,328.442,
2690717.660,,324.356,327.440,
2690817.659,,324.056,325.390,
2690917.653,,324.061,322.575,
2691017.651,,325.070,322.628,
2691117.648,,323.429,322.092,
2691217.646,,322.814,322.352,
2691317.641,,323.866,320.388,
2691417.635,,323.638,319.464,
2691517.632,,325.246,319.232,
2691617.630,,324.147,320.539,
2691717.622,,323.395,320.605,
2691817.616,,323.884,322.628,
2691917.619,,324.350,321.240,
2692017.610,,323.600,318.468,
2692117.610,,323.212,317.399,
2692217.603,,323.032,318.739,
2692317.602,,323.586,320.055,
2692417.598,,323.722,319.231,
2692517.595,,323.926,320.365,
2692617.587,,323.741,327.362,
2692717.583,,324.000,337.560,
2692817.577,,324.905,360.641,
2692917.574,,325.703,353.906,
2693017.573,,326.415,346.244,
2693117.571,,326.835,338.467,
2693217.562,,325.251,332.047,
2693317.558,,324.691,329.967,
2693417.555,,324.055,334.904,
2693517.550,,323.924,342.842,
2693617.551,,324.358,338.721,
2693717.544,,324.084,336.687,
2693817.538,,324.034,333.769,
2693917.539,,324.436,333.172,
2694017.531,,323.893,332.507,
2694117.527,,325.015,335.764,
2694217.527,,323.908,330.376,
2694317.519,,323.729,329.362,
2694417.519,,323.878,330.366,
2694517.513,,325.193,343.241,
2694617.509,,325.025,346.525,
2694717.505,,325.097,342.930,
2694817.499,,324.487,335.714,
2694917.499,,324.414,331.207,
2695017.493,,324.799,328.587,
2695117.486,,323.905,326.511,
2695217.487,,324.927,326.672,
2695317.479,,324.231,326.836,
2695417.477,,324.501,324.536,
2695517.476,,323.592,325.370,
2695617.471,,323.630,323.893,
2695717.463,,323.209,323.804,
2695817.465,,324.455,328.180,
2695917.455,,325.567,332.990,
2696017.454,,325.447,328.983,
2696117.448,,325.009,328.816,
2696217.448,,324.951,329.627,
2696317.441,,324.536,328.223,
2696417.439,,325.975,336.079,
2696517.436,,325.863,335.074,
2696617.431,,326.560,334.647,
2696717.427,,327.893,340.703,
2696817.429,,327.511,354.273,
2696917.420,,326.486,347.560,
2697017.418,,325.798,338.560,
2697117.416,,324.298,332.139,
2697217.409,,324.949,328.028,
2697317.410,,325.077,336.241,
2697417.403,,324.285,333.191,
2697517.400,,323.419,327.924,
2697617.396,,322.985,325.353,
2697717.392,,323.074,326.047,
2697817.388,,324.015,324.544,
2697917.385,,323.801,326.529,
2698017.382,,323.900,328.181,
2698117.378,,323.292,326.487,
2698217.378,,324.288,325.076,
2698317.372,,324.442,324.153,
2698417.371,,324.223,321.938,
2698517.367,,324.311,321.392,
2698617.364,,324.293,324.535,
2698717.361,,323.408,324.074,
2698817.355,,323.081,325.516,
2698917.352,,323.495,325.303,
2699017.347,,324.062,322.490,
2699117.346,,323.205,322.530,
2699217.341,,323.252,323.249,
2699317.336,,323.639,323.693,
2699417.335,,325.032,324.657,
2699517.332,,325.051,325.469,
2699617.328,,325.276,327.557,
2699717.327,,324.763,330.309,
2699817.322,,324.564,330.427,
2699917.316,,324.712,327.288,
2700017.313,,324.850,329.161,
2700117.310,,325.152,329.608,
2700217.305,,324.760,327.858,
2700317.303,,323.537,327.252,
2700417.297,,323.272,335.045,
2700517.297,,323.196,336.478,
2700617.293,,323.903,336.329,
2700717.287,,323.134,340.713,
2700817.288,,323.667,338.142,
2700917.279,,324.067,334.720,
2701017.277,,323.551,330.301,
2701117.277,,323.178,331.678,
2701217.275,,323.453,331.383,
2701317.270,,322.952,329.354,
2701417.262,,322.833,327.285,
2701517.263,,322.943,324.954,
2701617.257,,324.460,323.109,
2701717.254,,323.427,323.299,
2701817.249,,323.505,323.275,
2701917.245,,324.941,321.662,
2702017.242,,324.961,323.571,
2702117.239,,323.795,322.681,
2702217.235,,323.803,321.258,
2702317.231,,323.399,321.247,
2702417.227,,323.732,324.391,
2702517.228,,323.158,325.043,
2702617.220,,322.761,323.804,
2702717.222,,323.719,323.924,
2702817.212,,324.683,325.184,
2702917.213,,325.069,327.222,
2703017.210,,324.429,327.118,
2703117.203,,324.374,324.417,
2703217.198,,322.813,329.911,
2703317.195,,323.244,327.329,
2703417.192,,321.435,325.669,
2703517.190,,322.833,325.175,
2703617.190,,324.194,324.858,
2703717.185,,324.302,322.758,
2703817.182,,324.301,328.837,
2703917.181,,323.950,339.486,
2704017.179,,323.469,334.048,
2704117.171,,323.594,330.537,
2704217.169,,324.714,331.254,
2704317.169,,323.902,350.807,
2704417.168,,323.410,344.846,
2704517.164,,323.903,340.584,
2704617.164,,323.864,339.321,
2704717.163,,324.951,336.424,
2704817.160,,325.042,334.056,
2704917.157,,323.498,347.787,
2705017.157,,322.873,342.484,
2705117.151,,323.661,339.886,
2705217.151,,323.662,339.977,
2705317.146,,324.065,336.604,
2705417.143,,323.286,348.976,
2705517.144,,323.120,343.645,
2705617.142,,321.669,342.946,
2705717.138,,322.253,338.704,
2705817.141,,322.349,334.020,
2705917.137,,322.502,330.622,
2706017.135,,322.722,328.083,
2706117.131,,323.841,327.704,
2706217.129,,324.222,334.735,
2706317.129,,321.671,332.924,
2706417.126,,323.722,336.328,
2706517.124,,323.659,346.301,
2706617.123,,323.161,341.652,
2706717.119,,322.790,334.503,
2706817.114,,324.002,330.540,
2706917.113,,323.794,328.502,
2707017.115,,323.574,326.373,
2707117.110,,322.659,327.539,
2707217.105,,322.790,328.524,
2707317.106,,324.042,330.014,
2707417.105,,324.546,331.082,
2707517.100,,323.800,332.489,
2707617.099,,323.989,331.730,
2707717.094,,324.078,332.163,
2707817.093,,323.948,333.958,
2707917.096,,323.896,338.403,
2708017.092,,324.008,336.210,
2708117.088,,324.167,333.011,
2708217.084,,324.261,333.021,
2708317.086,,323.595,331.139,
2708417.082,,323.657,328.327,
2708517.080,,325.708,331.245,
2708617.075,,325.873,346.215,
2708717.074,,325.160,344.705,
2708817.075,,323.797,337.831,
2708917.073,,324.267,338.826,
2709017.070,,326.050,343.484,
2709117.069,,325.014,342.808,
2709217.063,,325.087,337.416,
2709317.066,,323.593,331.219,
2709417.061,,323.640,328.922,
2709517.059,,323.453,329.241,
2709617.056,,323.671,330.285,
2709717.057,,325.099,328.896,
2709817.052,,324.100,328.412,
2709917.051,,325.349,331.603,
2710017.044,,325.726,330.717,
2710117.043,,325.251,333.571,
2710217.040,,326.685,335.027,
2710317.042,,325.534,334.919,
2710417.039,,324.265,333.543,
2710517.034,,323.556,331.520,
2710617.032,,324.208,336.926,
2710717.029,,323.589,338.354,
2710817.030,,323.198,332.791,
2710917.029,,323.090,329.703,
2711017.023,,323.672,329.517,
2711117.026,,323.043,331.888,
2711217.020,,324.257,334.394,
2711317.020,,323.973,333.787,
2711417.019,,324.124,331.183,
2711517.016,,324.092,329.308,
2711617.013,,323.990,329.972,
2711717.013,,324.039,330.106,
2711817.011,,324.299,329.109,
2711917.002,,324.187,329.828,
2712017.004,,323.958,329.803,
2712116.999,,323.910,328.159,
2712216.997,,323.844,326.079,
2712316.992,,324.400,324.095,
2712416.990,,324.573,324.296,
2712516.987,,324.201,325.103,
2712616.985,,323.645,324.224,
2712716.982,,323.444,324.871,
2712816.975,,324.798,332.424,
2712916.974,,323.645,334.825,
2713016.970,,324.050,333.614,
2713116.966,,323.719,331.997,
2713216.962,,325.381,328.381,
2713316.962,,326.587,326.124,
2713416.953,,326.045,327.917,
2713516.950,,325.368,331.192,
2713616.946,,326.111,331.173,
2713716.945,,324.974,330.370,
2713816.945,,323.935,329.773,
2713916.936,,324.162,331.462,
2714016.934,,324.833,330.755,
2714116.934,,323.693,330.657,
2714216.929,,323.313,332.148,
2714316.922,,323.597,331.631,
2714416.923,,322.542,328.236,
2714516.918,,323.042,326.709,
2714616.918,,324.299,335.484,
2714716.915,,323.835,345.438,
2714816.907,,323.435,340.962,
2714916.908,,324.269,336.208,
2715016.904,,324.416,331.412,
2715116.900,,323.935,330.013,
2715216.896,,323.094,327.134,
2715316.892,,322.792,325.858,
2715416.885,,323.240,329.095,
2715516.884,,324.611,328.880,
2715616.883,,325.486,329.665,
2715716.876,,326.366,327.567,
2715816.875,,325.221,328.405,
2715916.869,,324.350,330.117,
2716016.870,,324.623,331.036,
2716116.867,,325.809,332.354,
2716216.862,,324.696,328.331,
2716316.861,,322.931,329.056,
2716416.856,,323.214,329.218,
2716516.853,,323.394,327.993,
2716616.847,,322.639,324.644,
2716716.844,,322.291,323.587,
2716816.845,,322.711,328.388,
2716916.840,,322.396,326.887,
2717016.837,,322.641,323.157,
2717116.834,,323.264,323.781,
2717216.831,,323.381,320.933,
2717316.827,,322.433,319.242,
2717416.818,,322.257,322.705,
2717516.819,,322.311,324.238,
2717616.812,,322.544,328.713,
2717716.810,,321.495,326.069,
2717816.805,,322.249,325.376,
2717916.808,,324.661,326.970,
2718016.805,,324.230,329.738,
2718116.800,,323.761,328.484,
2718216.793,,323.463,327.068,
2718316.792,,323.547,326.281,
2718416.789,,323.534,326.066,
2718516.782,,323.337,328.114,
2718616.779,,324.491,328.276,
2718716.778,,324.272,328.665,
2718816.774,,324.937,327.026,
2718916.770,,324.904,325.231,
2719016.766,,324.667,326.723,
2719116.764,,324.807,331.624,
2719216.762,,323.984,332.219,
2719316.757,,323.556,328.830,
2719416.757,,323.764,325.638,
2719516.754,,322.968,323.825,
2719616.751,,323.469,323.079,
2719716.746,,324.899,321.082,
2719816.744,,324.291,322.307,
2719916.737,,324.552,323.302,
2720016.736,,325.248,321.125,
2720116.738,,325.540,323.012,
2720216.734,,325.598,323.639,
2720316.727,,325.035,326.090,
2720416.726,,325.175,326.186,
2720516.726,,324.922,328.019,
2720616.720,,326.498,333.809,
2720716.722,,323.652,336.974,
2720816.720,,323.658,336.783,
2720916.716,,324.217,335.895,
2721016.716,,323.978,341.565,
2721116.714,,324.649,344.702,
2721216.711,,325.190,345.052,
2721316.705,,325.382,343.696,
2721416.706,,324.671,341.931,
2721516.705,,325.374,336.670,
2721616.703,,325.951,332.620,
2721716.700,,325.855,329.068,
2721816.699,,324.274,329.714,
2721916.696,,323.524,332.773,
2722016.691,,323.402,335.551,
2722116.688,,323.465,348.663,
2722216.685,,322.390,350.077,
2722316.685,,324.260,346.868,
2722416.679,,324.600,350.383,
2722516.681,,323.477,342.521,
2722616.677,,322.676,339.816,
2722716.679,,323.200,334.194,
2722816.670,,322.574,329.456,
2722916.674,,323.304,327.749,
2723016.669,,323.291,326.639,
2723116.669,,323.120,330.956,
2723216.662,,323.537,332.091,
2723316.662,,323.445,328.226,
2723416.659,,322.412,327.736,
2723516.658,,322.561,328.614,
2723616.652,,324.276,329.149,
2723716.650,,323.595,329.789,
2723816.653,,324.014,328.513,
2723916.650,,323.901,330.464,
2724016.643,,323.754,334.306,
2724116.645,,323.438,336.573,
2724216.644,,324.055,337.481,
2724316.636,,323.976,336.901,
2724416.639,,323.580,338.348,
2724516.635,,323.524,335.302,
2724616.629,,324.061,334.360,
2724716.632,,323.893,336.820,
2724816.626,,323.928,336.670,
2724916.629,,322.557,331.436,
2725016.625,,323.008,329.170,
2725116.624,,323.845,328.686,
2725216.615,,323.568,328.268,
2725316.617,,323.816,326.965,
2725416.611,,324.968,326.251,
2725516.609,,324.876,326.535,
2725616.612,,325.305,330.103,
2725716.606,,324.998,332.423,
2725816.605,,325.516,330.493,
2725916.606,,325.190,328.599,
2726016.597,,323.860,336.392,
2726116.599,,324.146,336.283,
2726216.595,,324.187,331.933,
2726316.591,,322.273,329.535,
2726416.591,,322.353,328.885,
2726516.592,,323.008,328.431,
2726616.588,,323.111,326.543,
2726716.586,,324.079,331.496,
2726816.585,,324.133,331.903,
2726916.578,,325.103,332.202,
2727016.579,,325.217,329.691,
2727116.576,,325.433,328.935,
2727216.574,,324.330,325.260,
2727316.572,,322.096,323.272,
2727416.566,,322.724,325.538,
2727516.564,,322.625,325.483,
2727616.563,,323.293,324.273,
2727716.562,,323.801,325.711,
2727816.559,,324.813,327.449,
2727916.559,,325.043,326.295,
2728016.554,,324.442,326.504,
2728116.548,,322.902,326.080,
2728216.544,,322.140,332.275,
2728316.543,,322.513,339.634,
2728416.537,,322.098,348.617,
2728516.533,,322.525,345.361,
2728616.535,,322.733,339.811,
2728716.530,,322.425,337.066,
2728816.524,,323.389,333.792,
2728916.524,,323.762,332.622,
2729016.518,,323.786,329.254,
2729116.516,,323.057,330.768,
2729216.510,,324.726,330.583,
2729316.503,,324.589,334.570,
2729416.500,,325.020,334.534,
2729516.497,,323.580,332.180,
2729616.499,,324.421,332.130,
2729716.489,,323.006,336.632,
2729816.491,,323.442,333.940,
2729916.484,,323.666,330.165,
2730016.482,,323.643,329.376,
2730116.478,,323.895,326.448,
2730216.476,,323.776,331.850,
2730316.471,,324.302,332.010,
2730416.469,,323.930,329.276,
2730516.464,,325.352,327.713,
2730616.463,,324.947,324.283,
2730716.457,,324.771,324.169,
2730816.456,,325.445,323.904,
2730916.449,,325.382,323.646,
2731016.446,,324.606,322.530,
2731116.444,,324.282,325.329,
2731216.436,,323.846,322.756,
2731316.434,,324.106,322.948,
2731416.428,,323.540,322.638,
2731516.426,,324.360,324.216,
2731616.422,,324.174,324.718,
2731716.422,,323.727,323.061,
2731816.418,,323.934,322.992,
2731916.416,,324.022,324.972,
2732016.408,,324.553,326.301,
2732116.404,,324.326,327.827,
2732216.402,,322.816,323.388,
2732316.399,,323.573,320.988,
2732416.399,,323.794,336.665,
2732516.393,,322.856,348.543,
2732616.389,,323.106,351.070,
2732716.386,,322.710,345.584,
2732816.381,,322.971,338.476,
2732916.381,,322.961,333.479,
2733016.377,,322.959,331.457,
2733116.370,,322.994,329.960,
2733216.366,,322.925,331.684,
2733316.367,,323.058,343.765,
2733416.363,,324.025,337.406,
2733516.359,,324.212,332.870,
2733616.350,,323.851,332.612,
2733716.346,,323.424,332.266,
2733816.346,,324.080,332.469,
2733916.339,,324.032,331.626,
2734016.338,,323.987,337.781,
2734116.338,,325.017,335.251,
2734216.331,,325.554,333.568,
2734316.329,,325.687,337.636,
2734416.321,,324.060,332.430,
2734516.323,,324.747,327.760,
2734616.315,,324.012,325.035,
2734716.316,,324.363,322.943,
2734816.307,,323.577,322.723,
2734916.310,,323.259,322.126,
2735016.306,,323.383,320.866,
2735116.300,,323.545,320.225,
2735216.298,,323.636,320.996,
2735316.294,,323.154,324.697,
2735416.292,,322.411,326.154,
2735516.289,,323.174,323.168,
2735616.282,,323.004,322.595,
2735716.276,,323.690,320.615,
2735816.277,,322.798,320.700,
2735916.275,,323.022,322.869,
2736016.271,,323.727,325.640,
2736116.262,,324.303,322.425,
2736216.264,,323.278,324.602,
2736316.262,,323.901,325.178,
2736416.257,,323.368,324.107,
2736516.253,,323.627,321.388,
2736616.250,,323.323,321.541,
2736716.248,,323.202,324.251,
2736816.242,,323.187,325.332,
2736916.242,,323.453,324.789,
2737016.237,,323.312,325.920,
2737116.234,,322.705,323.450,
2737216.231,,323.056,322.909,
2737316.227,,322.784,324.246,
2737416.227,,322.349,336.424,
2737516.223,,323.186,335.831,
2737616.218,,322.880,328.672,
2737716.211,,323.288,324.614,
2737816.208,,322.795,321.543,
2737916.205,,322.277,320.118,
2738016.202,,322.152,321.178,
2738116.199,,322.550,321.637,
2738216.197,,322.558,326.144,
2738316.196,,323.094,324.096,
2738416.191,,323.726,324.236,
2738516.190,,323.690,323.570,
2738616.186,,323.036,323.474,
2738716.184,,322.694,323.923,
2738816.177,,322.885,323.871,
2738916.176,,322.605,332.659,
2739016.173,,322.935,330.327,
2739116.172,,323.105,330.811,
2739216.166,,322.553,332.412,
2739316.165,,323.532,337.387,
2739416.161,,321.904,331.779,
2739516.157,,322.282,326.753,
2739616.156,,321.534,322.915,
2739716.152,,321.991,321.273,
2739816.143,,322.333,323.099,
2739916.144,,322.141,323.016,
2740016.141,,322.462,324.263,
2740116.137,,322.293,331.331,
2740216.131,,321.820,333.188,
2740316.130,,320.799,332.686,
2740416.126,,321.562,330.063,
2740516.126,,321.716,327.068,
2740616.120,,322.425,329.351,
2740716.121,,323.527,331.825,
2740816.118,,322.971,330.230,
2740916.114,,322.746,331.856,
2741016.107,,323.348,333.984,
2741116.104,,325.197,338.802,
2741216.103,,325.136,336.346,
2741316.098,,324.443,331.064,
2741416.097,,324.244,331.769,
2741516.090,,324.765,333.088,
2741616.091,,324.387,336.469,
2741716.086,,324.977,338.491,
2741816.085,,324.598,339.256,
2741916.080,,324.438,339.177,
2742016.075,,324.663,335.940,
2742116.074,,323.807,333.675,
2742216.071,,323.520,330.820,
2742316.065,,322.809,326.593,
2742416.060,,322.444,323.222,
2742516.060,,322.823,330.564,
2742616.058,,322.295,327.170,
2742716.056,,322.368,324.577,
2742816.051,,322.196,324.960,
2742916.046,,321.540,323.466,
2743016.041,,321.907,324.684,
2743116.043,,324.479,326.101,
2743216.040,,327.555,323.875,
2743316.037,,324.847,321.310,
2743416.032,,324.570,323.732,
2743516.027,,324.573,335.366,
2743616.028,,324.827,338.494,
2743716.023,,324.560,334.332,
2743816.017,,325.074,331.694,
2743916.017,,324.214,333.952,
2744016.016,,322.471,330.600,
2744116.013,,322.328,328.447,
2744216.006,,322.868,327.321,
2744316.008,,322.889,343.546,
2744416.000,,322.408,339.911,
2744516.002,,322.574,332.872,
2744615.995,,322.362,332.539,
2744715.996,,322.255,329.817,
2744815.995,,322.345,327.734,
2744915.991,,323.197,324.403,
2745015.988,,322.169,324.033,
2745115.980,,322.677,324.368,
2745215.982,,323.561,322.608,
2745315.977,,322.980,323.188,
2745415.974,,322.506,322.861,
2745515.973,,323.435,322.532,
2745615.972,,323.440,320.216,
2745715.965,,322.880,321.156,
2745815.961,,323.482,322.601,
2745915.960,,322.334,325.933,
2746015.960,,322.030,334.497,
2746115.953,,322.904,335.053,
2746215.954,,323.478,339.441,
2746315.953,,324.017,336.270,
2746415.946,,324.117,333.834,
2746515.945,,324.988,330.327,
2746615.944,,323.758,328.693,
2746715.937,,324.405,331.321,
2746815.938,,324.142,332.260,
2746915.934,,322.761,332.968,
2747015.932,,322.352,330.944,
2747115.930,,322.461,332.386,
2747215.927,,323.555,331.891,
2747315.928,,323.250,327.437,
2747415.923,,324.168,327.781,
2747515.917,,323.229,324.729,
2747615.914,,322.388,322.035,
2747715.916,,322.275,319.775,
2747815.908,,322.300,323.285,
2747915.912,,322.751,323.081,
2748015.903,,323.281,321.753,
2748115.900,,323.137,323.352,
2748215.903,,322.798,325.223,
2748315.900,,322.337,327.289,
2748415.898,,322.497,327.216,
2748515.890,,322.073,328.612,
2748615.893,,323.090,329.474,
2748715.885,,323.227,333.117,
2748815.881,,323.532,339.143,
2748915.884,,323.747,337.395,
2749015.877,,323.597,336.959,
2749115.874,,323.520,334.959,
2749215.871,,323.177,333.180,
2749315.873,,323.676,332.471,
2749415.869,,323.437,329.966,
2749515.862,,323.624,328.803,
2749615.865,,322.710,328.284,
2749715.862,,322.652,327.504,
2749815.858,,324.033,327.767,
2749915.854,,325.975,326.374,
2750015.850,,325.962,324.763,
2750115.849,,326.017,324.479,
2750215.844,,325.705,324.956,
2750315.842,,325.272,324.807,
2750415.843,,323.748,324.177,
2750515.840,,322.656,326.275,
2750615.836,,322.483,327.101,
2750715.836,,322.309,327.035,
2750815.827,,322.251,329.878,
2750915.827,,322.442,326.821,
2751015.824,,322.887,328.562,
2751115.822,,322.730,329.743,
2751215.822,,322.288,332.290,
2751315.815,,322.865,333.940,
2751415.814,,323.180,331.428,
2751515.813,,322.042,330.822,
2751615.809,,321.492,336.446,
2751715.808,,321.920,334.712,
2751815.801,,321.904,332.397,
2751915.801,,321.465,335.851,
2752015.795,,321.284,340.476,
2752115.798,,320.993,342.148,
2752215.791,,322.021,343.685,
2752315.790,,322.887,341.340,
2752415.789,,321.928,342.734,
2752515.785,,322.086,340.463,
2752615.778,,322.352,338.199,
2752715.780,,322.654,336.570,
2752815.777,,322.832,335.750,
2752915.775,,322.750,333.573,
2753015.767,,323.141,333.736,
2753115.768,,324.713,333.628,
2753215.764,,323.518,335.864,
2753315.762,,323.044,339.197,
2753415.758,,322.212,337.501,
2753515.752,,322.044,339.047,
2753615.749,,322.306,352.016,
2753715.752,,321.865,361.498,
2753815.747,,321.527,356.939,
2753915.746,,321.351,352.004,
2754015.743,,322.335,345.868,
2754115.736,,322.258,342.514,
2754215.733,,322.485,341.010,
2754315.734,,323.061,336.253,
2754415.729,,323.033,335.127,
2754515.728,,322.990,341.361,
2754615.721,,323.128,339.965,
2754715.719,,323.385,343.672,
2754815.717,,322.866,346.794,
2754915.716,,322.463,343.452,
2755015.713,,322.607,342.811,
2755115.711,,323.183,340.903,
2755215.704,,323.178,338.982,
2755315.702,,322.603,336.813,
2755415.703,,322.807,334.532,
2755515.695,,322.666,334.089,
2755615.693,,322.981,338.012,
2755715.692,,322.665,341.630,
2755815.689,,322.102,340.648,
2755915.683,,322.705,336.439,
2756015.686,,322.556,336.496,
2756115.678,,322.624,339.102,
2756215.680,,323.515,336.814,
2756315.678,,322.915,334.391,
2756415.670,,322.330,330.689,
2756515.667,,322.451,328.217,
2756615.668,,322.533,328.253,
2756715.660,,322.284,324.966,
2756815.659,,322.532,323.041,
2756915.655,,322.836,323.198,
2757015.652,,322.579,324.373,
2757115.649,,323.028,324.734,
2757215.646,,323.595,328.044,
2757315.649,,324.025,326.970,
2757415.643,,323.022,325.054,
2757515.643,,321.588,321.745,
2757615.637,,321.459,321.637,
2757715.632,,322.160,323.734,
2757815.633,,321.887,324.748,
2757915.631,,321.927,332.530,
2758015.625,,321.876,330.846,
2758115.622,,322.153,329.372,
2758215.619,,321.868,328.321,
2758315.614,,322.582,325.984,
2758415.612,,323.328,336.461,
2758515.614,,322.740,349.265,
2758615.606,,323.270,344.279,
2758715.608,,323.400,339.131,
2758815.606,,322.939,331.948,
2758915.601,,323.239,329.606,
2759015.597,,323.501,327.335,
2759115.592,,323.908,329.508,
2759215.592,,323.412,333.055,
2759315.589,,323.677,332.802,
2759415.585,,323.160,333.159,
2759515.586,,323.904,334.036,
2759615.581,,324.248,334.977,
2759715.579,,324.700,336.820,
2759815.575,,324.394,336.411,
2759915.566,,325.204,332.976,
2760015.566,,325.535,328.396,
2760115.559,,324.001,326.326,
2760215.554,,323.216,324.310,
2760315.548,,324.013,323.622,
2760415.549,,322.147,323.835,
2760515.545,,321.986,322.513,
2760615.534,,321.189,322.648,
2760715.536,,320.208,323.843,
2760815.529,,319.918,323.685,
2760915.523,,320.573,326.432,
2761015.520,,322.779,326.669,
2761115.511,,322.463,326.751,
2761215.510,,323.058,327.746,
2761315.504,,323.249,330.565,
2761415.498,,322.871,331.029,
2761515.494,,322.627,330.468,
2761615.491,,322.876,329.638,
2761715.489,,323.134,328.564,
2761815.479,,323.222,340.609,
2761915.479,,322.386,340.123,
2762015.473,,322.744,339.564,
2762115.465,,323.183,339.026,
2762215.462,,323.377,336.630,
2762315.459,,323.501,336.382,
2762415.454,,323.707,333.943,
2762515.451,,324.415,333.093,
2762615.442,,323.870,347.056,
2762715.438,,325.178,345.987,
2762815.433,,325.249,341.778,
2762915.429,,325.535,339.759,
2763015.426,,324.564,336.138,
2763115.421,,325.244,331.651,
2763215.417,,322.743,327.614,
2763315.412,,323.404,324.145,
2763415.408,,323.404,321.932,
2763515.400,,323.635,323.003,
2763615.396,,323.850,324.314,
2763715.392,,323.168,326.926,
2763815.387,,323.178,325.014,
2763915.383,,323.271,323.957,
2764015.379,,323.067,322.155,
2764115.374,,322.771,322.174,
2764215.368,,322.454,323.272,
2764315.361,,322.776,325.097,
2764415.362,,323.086,325.895,
2764515.352,,323.586,323.713,
2764615.350,,324.067,324.759,
2764715.344,,323.852,331.912,
2764815.339,,323.417,329.136,
2764915.338,,323.226,329.031,
2765015.333,,323.478,344.204,
2765115.328,,323.696,342.209,
2765215.326,,324.560,338.494,
2765315.318,,324.375,331.747,
2765415.312,,323.261,330.298,
2765515.308,,323.030,329.554,
2765615.307,,323.361,332.169,
2765715.296,,323.481,330.348,
2765815.297,,323.476,333.667,
2765915.288,,325.038,344.426,
2766015.285,,325.835,341.299,
2766115.278,,323.416,335.102,
2766215.273,,322.599,329.566,
2766315.274,,322.182,326.706,
2766415.264,,322.855,332.700,
2766515.265,,323.225,335.640,
2766615.255,,324.066,331.952,
2766715.253,,324.081,328.871,
2766815.246,,324.112,329.253,
2766915.242,,323.354,331.471,
2767015.242,,324.116,328.158,
2767115.235,,324.090,326.213,
2767215.228,,323.414,327.934,
2767315.222,,323.231,326.860,
2767415.219,,323.861,324.932,
2767515.219,,323.882,325.812,
2767615.209,,323.439,328.727,
2767715.204,,323.570,327.758,
2767815.201,,323.953,328.636,
2767915.201,,323.687,325.899,
2768015.202,,322.469,321.763,
2768115.200,,322.788,324.112,
2768215.193,,322.591,336.018,
2768315.190,,321.941,342.942,
2768415.189,,321.963,354.243,
2768515.191,,322.369,357.560,
2768615.190,,323.065,355.176,
2768715.187,,322.939,345.488,
2768815.186,,322.150,337.590,
2768915.180,,321.265,333.943,
2769015.182,,322.411,333.248,
2769115.178,,322.840,330.093,
2769215.179,,323.111,327.775,
2769315.172,,323.354,324.528,
2769415.176,,323.410,322.740,
2769515.170,,324.171,322.355,
2769615.167,,323.044,321.405,
2769715.167,,323.861,324.068,
2769815.166,,324.953,323.115,
2769915.166,,324.442,324.963,
2770015.164,,325.093,326.893,
2770115.161,,325.612,328.311,
2770215.162,,324.753,325.838,
2770315.157,,322.934,323.838,
2770415.154,,321.852,322.691,
2770515.154,,322.235,324.500,
2770615.153,,322.662,325.600,
2770715.147,,322.606,327.723,
2770815.145,,323.000,329.060,
2770915.144,,323.132,325.887,
2771015.143,,322.274,322.881,
2771115.144,,322.331,323.234,
2771215.141,,321.697,322.329,
2771315.141,,321.734,324.103,
2771415.137,,321.926,327.854,
2771515.133,,321.795,330.760,
2771615.133,,321.739,334.248,
2771715.131,,322.212,334.773,
2771815.133,,322.258,337.071,
2771915.130,,321.184,332.316,
2772015.127,,322.890,330.785,
2772115.123,,323.000,328.074,
2772215.123,,321.889,325.463,
2772315.123,,321.884,326.007,
2772415.120,,322.541,326.057,
2772515.121,,322.420,323.319,
2772615.114,,322.731,325.289,
2772715.117,,324.389,325.970,
2772815.112,,322.776,322.962,
2772915.110,,322.787,323.332,
2773015.110,,322.535,325.230,
2773115.107,,323.631,323.240,
2773215.106,,323.599,322.605,
2773315.106,,324.092,323.854,
2773415.101,,324.568,324.316,
2773515.097,,324.151,325.211,
2773615.100,,323.970,325.331,
2773715.096,,322.212,323.735,
2773815.094,,321.790,322.126,
2773915.092,,322.171,320.344,
2774015.094,,322.696,323.625,
2774115.089,,322.918,324.186,
2774215.089,,321.327,321.868,
2774315.088,,321.384,322.865,
2774415.085,,321.276,321.339,
2774515.080,,321.956,323.370,
2774615.081,,321.676,325.893,
2774715.077,,321.333,326.950,
2774815.078,,321.342,327.178,
2774915.078,,320.659,332.250,
2775015.071,,320.886,342.779,
2775115.073,,320.520,344.814,
2775215.068,,320.981,341.196,
2775315.070,,320.755,335.969,
2775415.069,,321.025,332.055,
2775515.063,,321.990,327.842,
2775615.064,,322.921,327.253,
2775715.060,,323.348,328.726,
2775815.061,,323.336,327.321,
2775915.052,,322.714,324.776,
2776015.054,,323.000,322.698,
2776115.048,,322.145,320.977,
2776215.049,,323.148,320.663,
2776315.046,,324.355,325.362,
2776415.038,,324.489,324.428,
2776515.035,,323.900,321.773,
2776615.035,,323.718,322.502,
2776715.033,,322.666,321.110,
2776815.029,,322.967,320.248,
2776915.023,,323.685,321.464,
2777015.023,,324.773,322.291,
2777115.020,,324.646,323.157,
2777215.018,,325.968,343.281,
2777315.010,,323.546,337.076,
2777415.011,,323.869,331.211,
2777515.004,,324.100,333.717,
2777615.004,,324.163,330.708,
2777714.999,,324.267,326.559,
2777815.000,,323.515,325.445,
2777914.997,,324.134,326.813,
2778014.991,,323.465,332.599,
2778114.990,,323.643,332.659,
2778214.983,,322.723,329.980,
2778314.983,,323.014,327.846,
2778414.977,,323.234,326.425,
2778514.975,,322.943,324.840,
2778614.970,,323.837,325.241,
2778714.972,,323.393,325.452,
2778814.964,,322.481,324.513,
2778914.964,,322.605,324.016,
2779014.963,,323.106,328.701,
2779114.957,,324.030,328.649,
2779214.951,,325.747,325.392,
2779314.949,,324.311,323.375,
2779414.946,,323.387,322.624,
2779514.944,,323.260,323.198,
2779614.943,,322.717,327.407,
2779714.935,,322.374,331.322,
2779814.932,,322.528,333.521,
2779914.932,,321.674,330.313,
2780014.926,,322.815,328.163,
2780114.927,,324.349,327.752,
2780214.920,,323.668,326.391,
2780314.919,,323.348,327.934,
2780414.916,,325.456,328.290,
2780514.910,,323.597,330.493,
2780614.912,,322.798,328.193,
2780714.907,,324.038,326.131,
2780814.906,,324.018,326.782,
2780914.900,,324.354,328.745,
2781014.897,,323.739,327.258,
2781114.892,,322.810,324.758,
2781214.894,,322.531,325.963,
2781314.891,,323.169,329.500,
2781414.889,,323.161,330.746,
2781514.879,,323.379,330.197,
2781614.880,,323.237,327.147,
2781714.873,,322.205,326.484,
2781814.874,,322.073,326.195,
2781914.868,,321.559,331.206,
2782014.868,,321.817,330.549,
2782114.866,,322.017,328.509,
2782214.863,,322.398,325.780,
2782314.861,,322.137,328.837,
2782414.853,,321.482,333.136,
2782514.849,,321.933,337.037,
2782614.847,,321.606,333.203,
2782714.843,,322.895,329.023,
2782814.843,,321.948,326.380,
2782914.841,,324.654,327.177,
2783014.839,,322.259,327.396,
2783114.834,,322.126,327.164,
2783214.828,,322.608,324.793,
2783314.828,,324.039,326.215,
2783414.826,,324.471,327.533,
2783514.818,,322.888,329.951,
2783614.818,,323.171,328.959,
2783714.816,,321.970,326.776,
2783814.810,,322.309,325.060,
2783914.806,,323.500,324.480,
2784014.806,,323.351,325.224,
2784114.799,,324.419,324.573,
2784214.795,,324.063,323.737,
2784314.795,,323.936,324.598,
2784414.792,,324.048,323.291,
2784514.792,,323.670,323.577,
2784614.788,,323.226,323.934,
2784714.783,,322.865,325.042,
2784814.776,,323.310,326.084,
2784914.775,,322.899,328.157,
2785014.770,,322.262,326.600,
2785114.768,,321.821,323.995,
2785214.769,,322.466,323.777,
2785314.765,,322.781,325.701,
2785414.762,,323.156,325.459,
2785514.753,,321.747,326.572,
2785614.753,,323.480,326.758,
2785714.748,,324.185,326.447,
2785814.750,,323.368,326.235,
2785914.744,,323.588,328.918,
2786014.741,,323.941,330.621,
2786114.737,,323.326,328.258,
2786214.728,,323.542,332.016,
2786314.731,,323.547,329.260,
2786414.730,,324.129,327.565,
2786514.721,,323.930,330.910,
2786614.722,,324.089,330.483,
2786714.714,,323.632,329.635,
2786814.711,,324.844,327.738,
2786914.711,,324.287,327.651,
2787014.705,,324.446,324.726,
2787114.705,,323.627,331.504,
2787214.704,,323.942,329.877,
2787314.699,,322.106,327.595,
2787414.694,,322.153,330.511,
2787514.689,,323.078,343.198,
2787614.690,,323.229,339.966,
2787714.686,,321.995,334.033,
2787814.685,,323.220,330.890,
2787914.682,,322.915,328.541,
2788014.676,,322.988,328.369,
2788114.674,,322.697,331.352,
2788214.673,,323.212,333.749,
2788314.667,,323.708,330.843,
2788414.663,,324.262,329.876,
2788514.662,,323.552,326.803,
2788614.653,,323.852,325.007,
2788714.650,,323.173,326.154,
2788814.651,,322.936,332.693,
2788914.650,,321.456,345.472,
2789014.647,,322.335,342.754,
2789114.639,,323.947,338.571,
2789214.640,,324.402,334.332,
2789314.633,,323.963,330.518,
2789414.629,,323.637,329.829,
2789514.626,,323.285,328.884,
2789614.627,,322.128,325.907,
2789714.618,,322.370,325.239,
2789814.618,,323.358,327.817,
2789914.612,,323.191,326.403,
2790014.614,,323.446,327.327,
2790114.609,,322.938,337.761,
2790214.602,,323.825,335.442,
2790314.601,,323.542,331.506,
2790414.598,,323.378,327.866,
2790514.598,,322.564,328.899,
2790614.593,,322.490,326.324,
2790714.591,,322.646,328.561,
2790814.585,,323.057,327.539,
2790914.585,,323.032,329.431,
2791014.582,,323.573,331.771,
2791114.578,,323.453,335.754,
2791214.573,,323.442,336.139,
2791314.567,,323.726,337.720,
2791414.565,,323.615,337.911,
2791514.563,,323.917,336.580,
2791614.562,,323.055,335.099,
2791714.559,,322.767,330.184,
2791814.553,,322.951,329.163,
2791914.554,,323.364,326.309,
2792014.550,,323.434,324.385,
2792114.543,,323.814,326.557,
2792214.539,,323.717,327.381,
2792314.536,,324.186,326.670,
2792414.539,,322.213,326.760,
2792514.533,,321.436,329.750,
2792614.530,,321.788,329.380,
2792714.529,,321.920,330.019,
2792814.523,,321.847,329.067,
2792914.522,,321.852,327.058,
2793014.519,,320.841,324.686,
2793114.513,,321.535,324.210,
2793214.510,,321.878,323.979,
2793314.506,,321.928,325.633,
2793414.505,,321.628,325.902,
2793514.504,,321.729,326.434,
2793614.498,,322.150,333.144,
2793714.494,,321.855,329.273,
2793814.493,,321.998,326.977,
2793914.489,,321.356,326.645,
2794014.488,,321.028,328.302,
2794114.485,,321.004,330.023,
2794214.482,,321.573,328.794,
2794314.479,,322.458,327.720,
2794414.476,,322.982,326.794,
2794514.473,,323.022,328.022,
2794614.471,,323.298,329.123,
2794714.469,,323.055,328.315,
2794814.462,,322.522,332.239,
2794914.463,,322.383,333.769,
2795014.459,,322.073,333.693,
2795114.459,,322.822,331.296,
2795214.455,,322.542,328.207,
2795314.452,,322.123,337.106,
2795414.450,,321.760,341.291,
2795514.444,,321.127,336.862,
2795614.439,,320.422,330.703,
2795714.435,,320.956,329.819,
2795814.436,,321.830,326.194,
2795914.433,,321.715,323.951,
2796014.428,,321.590,323.041,
2796114.427,,322.028,323.296,
2796214.421,,323.154,324.296,
2796314.420,,323.912,324.591,
2796414.415,,323.776,324.533,
2796514.415,,322.986,327.619,
2796614.410,,323.072,326.549,
2796714.411,,323.401,325.924,
2796814.405,,323.736,326.828,
2796914.399,,323.346,327.154,
2797014.399,,322.720,324.070,
2797114.395,,322.725,321.479,
2797214.394,,323.412,321.008,
2797314.389,,322.871,320.746,
2797414.385,,322.751,321.019,
2797514.381,,323.396,319.466,
2797614.384,,323.363,319.642,
2797714.381,,323.412,319.183,
2797814.379,,323.629,319.653,
2797914.371,,324.338,318.478,
2798014.372,,324.359,318.986,
2798114.366,,323.641,319.390,
2798214.363,,323.318,323.031,
2798314.359,,323.305,327.512,
2798414.361,,322.909,332.191,
2798514.357,,322.864,331.505,
2798614.349,,322.737,333.097,
2798714.349,,323.273,334.123,
2798814.344,,322.990,335.409,
2798914.343,,322.626,339.700,
2799014.343,,322.782,344.729,
2799114.336,,322.708,338.991,
2799214.331,,322.913,337.383,
2799314.328,,322.737,335.885,
2799414.328,,322.654,332.004,
2799514.324,,323.038,328.865,
2799614.319,,323.837,326.644,
2799714.316,,323.465,326.766,
2799814.314,,323.774,326.937,
2799914.316,,323.348,328.994,
2800014.312,,323.692,326.082,
2800114.304,,323.606,324.457,
2800214.305,,323.438,327.381,
2800314.303,,323.623,327.119,
2800414.296,,322.578,326.268,
2800514.294,,322.088,326.097,
2800614.292,,321.571,326.089,
2800714.284,,321.516,327.282,
2800814.287,,321.782,329.360,
2800914.284,,321.915,329.068,
2801014.281,,322.180,331.978,
2801114.276,,322.401,329.995,
2801214.269,,322.036,329.370,
2801314.267,,322.362,328.008,
2801414.262,,322.142,334.409,
2801514.259,,322.475,337.286,
2801614.260,,322.647,336.364,
2801714.259,,322.460,337.376,
2801814.255,,322.897,339.503,
2801914.250,,322.624,339.709,
2802014.246,,323.027,337.193,
2802114.240,,322.602,336.801,
2802214.239,,322.922,335.333,
2802314.234,,322.928,330.401,
2802414.233,,323.043,326.964,
2802514.231,,322.823,324.275,
2802614.226,,323.059,325.518,
2802714.226,,323.267,323.007,
2802814.221,,323.396,322.527,
2802914.218,,322.748,324.206,
2803014.212,,322.970,325.958,
2803114.212,,323.373,325.728,
2803214.209,,324.427,326.451,
2803314.202,,323.641,327.694,
2803414.202,,324.680,327.132,
2803514.200,,324.737,325.181,
2803614.195,,323.122,323.990,
2803714.190,,323.090,322.538,
2803814.186,,322.661,320.669,
2803914.188,,323.273,322.666,
2804014.185,,324.549,322.490,
2804114.180,,323.508,336.353,
2804214.178,,324.094,331.583,
2804314.173,,324.295,327.146,
2804414.168,,324.177,327.324,
2804514.167,,323.957,328.289,
2804614.163,,323.061,326.846,
2804714.160,,323.615,326.329,
2804814.159,,323.901,334.289,
2804914.154,,323.047,343.091,
2805014.151,,323.151,337.764,
2805114.148,,323.674,336.968,
2805214.147,,323.058,331.780,
2805314.142,,322.139,328.761,
2805414.136,,324.100,329.194,
2805514.134,,322.841,327.097,
2805614.129,,323.613,326.772,
2805714.125,,323.791,325.380,
2805814.128,,323.314,327.695,
2805914.122,,322.877,328.401,
2806014.119,,322.968,327.260,
2806114.113,,323.175,326.818,
2806214.111,,322.010,327.345,
2806314.105,,322.019,346.207,
2806414.105,,322.328,343.385,
2806514.103,,321.791,337.871,
2806614.100,,322.569,337.434,
2806714.097,,322.644,337.611,
2806814.092,,321.685,341.262,
2806914.092,,322.625,350.584,
2807014.087,,321.220,347.689,
2807114.080,,321.901,340.827,
2807214.081,,321.552,333.522,
2807314.077,,321.963,331.033,
2807414.072,,321.562,328.772,
2807514.068,,322.437,334.232,
2807614.068,,321.908,330.556,
2807714.062,,323.098,328.060,
2807814.063,,322.601,328.058,
2807914.062,,322.074,327.761,
2808014.057,,322.080,349.125,
2808114.050,,322.136,346.268,
2808214.049,,322.825,340.028,
2808314.047,,322.069,333.170,
2808414.042,,322.025,328.890,
2808514.045,,321.794,326.722,
2808614.043,,321.456,326.718,
2808714.039,,321.194,325.578,
2808814.038,,321.575,323.349,
2808914.036,,324.018,323.820,
2809014.028,,325.932,324.671,
2809114.026,,325.623,324.443,
2809214.027,,326.166,326.804,
2809314.021,,326.555,326.949,
2809414.022,,326.266,327.438,
2809514.019,,325.274,327.398,
2809614.011,,325.000,327.401,
2809714.012,,325.083,327.792,
2809814.012,,324.452,330.497,
2809914.004,,324.378,330.231,
2810014.002,,324.793,326.601,
2810114.002,,323.340,324.344,
2810213.999,,322.955,323.263,
2810313.994,,322.229,324.013,
2810413.991,,323.213,323.087,
2810513.988,,323.071,324.950,
2810613.989,,321.686,326.343,
2810713.987,,321.754,327.098,
2810813.983,,321.393,325.526,
2810913.981,,322.894,326.602,
2811013.978,,323.266,330.932,
2811113.972,,323.611,328.710,
2811213.973,,321.822,325.667,
2811313.971,,322.909,324.979,
2811413.965,,323.843,325.254,
2811513.965,,324.347,324.949,
2811613.962,,323.353,323.081,
2811713.960,,323.948,321.012,
2811813.955,,323.890,320.724,
2811913.953,,323.693,319.781,
2812013.954,,322.966,319.988,
2812113.951,,322.537,321.169,
2812213.943,,322.751,326.572,
2812313.946,,322.659,331.830,
2812413.938,,322.542,332.802,
2812513.936,,322.645,333.618,
2812613.935,,323.221,333.246,
2812713.931,,322.057,330.607,
2812813.932,,323.770,330.401,
2812913.931,,323.317,326.166,
2813013.923,,322.699,323.560,
2813113.921,,323.959,325.928,
2813213.923,,324.471,329.132,
2813313.921,,323.751,327.868,
2813413.918,,323.114,329.277,
2813513.910,,324.560,335.162,
2813613.912,,324.987,344.010,
2813713.906,,324.306,346.749,
2813813.906,,323.352,340.965,
2813913.900,,324.157,337.802,
2814013.897,,324.940,341.100,
2814113.894,,324.100,363.680,
2814213.898,,323.669,354.194,
2814313.890,,323.628,344.679,
2814413.891,,324.665,345.134,
2814513.890,,325.260,344.466,
2814613.882,,326.133,342.298,
2814713.879,,324.983,338.956,
2814813.877,,324.933,335.038,
2814913.875,,325.176,334.040,
2815013.872,,324.591,333.243,
2815113.870,,324.188,333.272,
2815213.871,,324.475,340.311,
2815313.869,,324.387,343.837,
2815413.866,,324.230,338.542,
2815513.863,,324.558,334.826,
2815613.858,,324.959,333.799,
2815713.857,,324.236,334.747,
2815813.851,,324.054,336.941,
2815913.850,,323.807,332.352,
2816013.842,,322.566,330.192,
2816113.839,,321.599,330.460,
2816213.836,,322.015,329.289,
2816313.833,,321.948,328.857,
2816413.827,,321.942,329.901,
2816513.821,,322.159,333.407,
2816613.820,,323.428,331.234,
2816713.813,,322.577,328.166,
2816813.808,,322.080,326.151,
2816913.805,,321.461,324.228,
2817013.805,,321.702,325.609,
2817113.796,,321.567,334.141,
2817213.793,,321.637,339.208,
2817313.791,,321.832,342.617,
2817413.788,,321.419,337.140,
2817513.781,,322.178,331.936,
2817613.779,,323.000,329.090,
2817713.775,,323.652,330.491,
2817813.771,,323.844,327.452,
2817913.766,,323.397,326.247,
2818013.758,,324.179,327.699,
2818113.754,,323.884,341.133,
2818213.749,,323.277,346.474,
2818313.750,,325.297,346.057,
2818413.740,,324.943,338.175,
2818513.740,,325.901,334.617,
2818613.737,,325.272,331.039,
2818713.729,,324.472,328.458,
2818813.728,,325.518,327.315,
2818913.719,,323.351,325.878,
2819013.718,,323.183,326.611,
2819113.714,,322.883,328.100,
2819213.713,,322.955,328.121,
2819313.706,,322.685,326.869,
2819413.704,,322.805,325.739,
2819513.698,,323.060,323.220,
2819613.693,,322.162,322.180,
2819713.688,,321.549,324.048,
2819813.684,,322.441,333.644,
2819913.679,,323.071,336.441,
2820013.675,,322.732,332.530,
2820113.670,,322.595,331.895,
2820213.670,,322.838,331.499,
2820313.663,,323.061,332.253,
2820413.659,,322.764,331.006,
2820513.653,,322.481,330.114,
2820613.649,,322.450,328.933,
2820713.646,,322.500,330.190,
2820813.642,,323.577,337.942,
2820913.637,,323.877,344.311,
2821013.634,,323.439,338.139,
2821113.630,,323.962,335.113,
2821213.622,,323.691,331.300,
2821313.624,,323.285,328.793,
2821413.620,,323.191,327.454,
2821513.615,,323.847,328.100,
2821613.606,,324.155,331.567,
2821713.605,,323.874,330.169,
2821813.599,,324.031,331.023,
2821913.593,,323.849,329.851,
2822013.589,,323.291,334.642,
2822113.588,,323.524,332.006,
2822213.586,,323.345,328.842,
2822313.579,,323.291,331.475,
2822413.576,,323.199,328.699,
2822513.567,,323.058,330.825,
2822613.569,,323.457,330.681,
2822713.563,,323.666,326.715,
2822813.556,,322.712,323.832,
2822913.551,,323.439,321.809,
2823013.553,,322.676,320.571,
2823113.545,,322.758,320.544,
2823213.539,,322.423,319.014,
2823313.540,,321.913,323.776,
2823413.534,,322.708,326.790,
2823513.527,,322.690,330.216,
2823613.526,,322.425,329.144,
2823713.519,,322.375,326.186,
2823813.518,,322.176,323.482,
2823913.515,,322.091,324.321,
2824013.510,,322.933,325.537,
2824113.509,,322.964,326.437,
2824213.506,,323.646,324.428,
2824313.482,,322.762,323.608,
2824413.494,,322.778,322.513,
2824513.497,,322.390,322.394,
2824613.495,,322.360,321.505,
2824713.487,,323.046,322.515,
2824813.484,,322.790,324.776,
2824913.484,,322.693,323.424,
2825013.480,,322.593,323.111,
2825113.473,,322.842,322.553,
2825213.473,,322.948,322.010,
2825313.467,,322.459,319.140,
2825413.466,,322.464,318.806,
2825513.460,,322.379,321.308,
2825613.462,,323.323,323.326,
2825713.460,,322.816,321.215,
2825813.453,,323.206,320.970,
2825913.450,,325.587,325.440,
2826013.446,,323.912,326.650,
2826113.448,,322.368,333.496,
2826213.443,,322.226,332.130,
2826313.441,,322.416,329.618,
2826413.435,,322.715,328.285,
2826513.430,,322.871,328.105,
2826613.430,,322.716,327.637,
2826713.426,,322.867,325.271,
2826813.422,,322.139,324.206,
2826913.419,,322.324,325.343,
2827013.418,,322.321,324.281,
2827113.413,,323.486,322.753,
2827213.412,,323.162,321.227,
2827313.410,,322.842,322.880,
2827413.404,,323.101,324.240,
2827513.401,,323.435,327.528,
2827613.396,,323.186,333.374,
2827713.396,,324.618,332.641,
2827813.389,,323.677,328.266,
2827913.392,,323.272,326.175,
2828013.388,,323.442,323.447,
2828113.381,,323.407,323.729,
2828213.377,,323.125,323.133,
2828313.379,,323.394,322.058,
2828413.372,,323.601,321.389,
2828513.370,,323.005,323.058,
2828613.370,,323.897,331.314,
2828713.362,,323.749,326.687,
2828813.363,,322.625,322.873,
2828913.358,,322.699,320.839,
2829013.354,,322.727,317.978,
2829113.355,,322.301,319.223,
2829213.352,,323.765,320.153,
2829313.348,,324.091,324.265,
2829413.345,,323.961,323.278,
2829513.337,,324.781,337.534,
2829613.338,,323.962,338.459,
2829713.335,,322.762,332.806,
2829813.331,,322.968,329.682,
2829913.328,,323.048,331.831,
2830013.323,,323.105,339.058,
2830113.324,,324.473,341.832,
2830213.318,,323.155,333.724,
2830313.318,,323.138,329.283,
2830413.311,,323.593,327.511,
2830513.308,,325.277,325.836,
2830613.304,,324.918,324.077,
2830713.306,,323.562,323.866,
2830813.297,,323.615,324.801,
2830913.296,,323.785,325.134,
2831013.292,,323.046,324.730,
2831113.289,,324.493,322.551,
2831213.289,,324.393,322.640,
2831313.283,,323.663,324.102,
2831413.284,,322.706,323.527,
2831513.280,,322.814,322.849,
2831613.272,,322.215,320.884,
2831713.273,,322.327,323.767,
2831813.267,,322.807,326.923,
2831913.270,,323.342,327.233,
2832013.268,,322.987,325.829,
2832113.264,,323.060,329.291,
2832213.259,,323.083,330.099,
2832313.258,,323.040,325.995,
2832413.253,,322.146,325.561,
2832513.256,,322.337,326.944,
2832613.247,,322.033,325.719,
2832713.249,,321.518,325.116,
2832813.244,,322.224,323.656,
2832913.244,,322.005,325.141,
2833013.237,,322.606,333.205,
2833113.235,,322.777,330.300,
2833213.238,,322.514,327.071,
2833313.234,,322.948,327.127,
2833413.230,,322.807,327.023,
2833513.230,,323.025,325.747,
2833613.227,,322.866,324.908,
2833713.225,,323.082,324.845,
2833813.220,,324.180,322.788,
2833913.218,,323.372,320.730,
2834013.213,,323.404,318.982,
2834113.216,,323.037,317.878,
2834213.211,,323.552,319.369,
2834313.210,,324.829,321.155,
2834413.207,,324.028,333.098,
2834513.200,,324.162,335.039,
2834613.203,,324.089,336.825,
2834713.199,,323.690,334.773,
2834813.195,,323.445,329.024,
2834913.191,,323.564,325.555,
2835013.193,,324.894,324.626,
2835113.188,,323.201,339.334,
2835213.184,,322.316,335.084,
2835313.181,,322.474,330.407,
2835413.184,,323.027,327.742,
2835513.182,,323.076,325.783,
2835613.176,,323.285,325.021,
2835713.175,,322.887,329.948,
2835813.171,,322.870,347.684,
2835913.171,,323.020,345.979,
2836013.170,,322.556,341.092,
2836113.166,,323.255,335.893,
2836213.161,,322.891,332.059,
2836313.162,,322.741,336.472,
2836413.155,,323.006,342.805,
2836513.157,,324.034,336.547,
2836613.152,,323.765,331.142,
2836713.147,,323.191,327.643,
2836813.150,,322.952,326.354,
2836913.144,,323.200,323.799,
2837013.139,,323.806,323.922,
2837113.140,,324.710,331.113,
2837213.138,,325.094,327.705,
2837313.137,,325.678,326.579,
2837413.129,,325.737,328.601,
2837513.126,,325.273,330.934,
2837613.128,,325.653,332.889,
2837713.127,,325.619,329.995,
2837813.121,,325.431,328.405,
2837913.121,,325.059,328.917,
2838013.116,,323.840,327.737,
2838113.115,,323.061,326.605,
2838213.115,,322.533,324.783,
2838313.110,,323.010,324.000,
2838413.110,,323.349,321.063,
2838513.107,,323.094,319.591,
2838613.103,,323.342,321.204,
2838713.098,,322.368,320.969,
2838813.096,,322.815,321.929,
2838913.093,,323.924,321.710,
2839013.092,,323.292,323.575,
2839113.089,,323.879,323.573,
2839213.090,,323.903,321.923,
2839313.082,,322.549,323.079,
2839413.081,,322.244,324.170,
2839513.079,,322.162,324.060,
2839613.081,,323.373,324.093,
2839713.071,,322.264,323.619,
2839813.073,,321.802,328.272,
2839913.070,,321.867,351.358,
2840013.068,,320.846,350.539,
2840113.065,,321.271,344.461,
2840213.062,,321.522,339.311,
2840313.066,,321.736,334.985,
2840413.060,,321.602,333.838,
2840513.058,,322.288,334.599,
2840613.061,,322.409,334.928,
2840713.059,,322.200,332.054,
2840813.052,,322.122,330.043,
2840913.050,,321.650,331.465,
2841013.052,,321.575,330.764,
2841113.047,,321.829,327.524,
2841213.049,,322.060,324.637,
2841313.046,,322.607,324.872,
2841413.043,,322.986,323.911,
2841513.040,,323.157,324.188,
2841613.041,,322.705,325.013,
2841713.038,,323.294,330.849,
2841813.037,,323.680,329.855,
2841913.033,,322.587,325.085,
2842013.035,,322.083,323.485,
2842113.033,,321.300,320.628,
2842213.026,,322.098,318.372,
2842313.024,,321.240,316.451,
2842413.027,,320.876,317.728,
2842513.024,,321.703,320.470,
2842613.020,,321.957,324.882,
2842713.016,,322.343,324.095,
2842813.019,,322.376,323.537,
2842913.013,,323.670,323.447,
2843013.015,,323.526,324.052,
2843113.013,,322.745,323.571,
2843213.014,,323.222,322.011,
2843313.009,,323.052,322.799,
2843413.004,,322.823,332.310,
2843513.008,,324.164,335.489,
2843613.003,,324.241,333.290,
2843713.005,,323.663,330.943,
2843812.999,,323.999,333.005,
2843912.996,,323.793,331.506,
2844012.993,,322.739,326.960,
2844112.997,,322.506,324.270,
2844212.991,,322.443,324.481,
2844312.992,,322.482,323.371,
2844412.991,,322.088,324.820,
2844512.988,,321.584,323.348,
2844612.984,,322.174,320.790,
2844712.982,,321.995,320.806,
2844812.984,,322.777,332.718,
2844912.977,,322.891,331.342,
2845012.975,,321.606,328.217,
2845112.978,,322.453,326.833,
2845212.971,,322.327,325.568,
2845312.975,,321.167,323.347,
2845412.958,,321.075,327.381,
2845512.966,,320.764,332.062,
2845612.968,,321.839,328.003,
2845712.964,,322.070,323.880,
2845812.961,,321.568,323.017,
2845912.964,,321.585,325.667,
2846012.958,,321.332,331.320,
2846112.959,,321.434,329.324,
2846212.952,,321.792,326.101,
2846312.953,,321.476,325.671,
2846412.953,,321.435,324.749,
2846512.947,,321.335,323.953,
2846612.948,,321.551,323.235,
2846712.944,,322.050,321.037,
2846812.944,,322.043,319.755,
2846912.942,,321.733,320.788,
2847012.940,,321.577,323.211,
2847112.936,,322.205,325.667,
2847212.934,,321.807,326.857,
2847312.934,,321.678,325.528,
2847412.934,,322.071,323.098,
2847512.933,,321.764,322.312,
2847612.931,,322.496,322.925,
2847712.925,,322.099,324.109,
2847812.928,,321.881,329.627,
2847912.925,,321.265,332.616,
2848012.921,,321.158,330.408,
2848112.913,,321.267,326.982,
2848212.912,,321.212,323.865,
2848312.907,,322.118,322.685,
2848412.903,,321.818,321.834,
2848512.905,,322.095,321.647,
2848612.902,,322.469,321.516,
2848712.894,,322.662,321.874,
2848812.890,,322.120,323.386,
2848912.892,,321.212,331.031,
2849012.887,,321.563,329.920,
2849112.885,,322.009,330.919,
2849212.878,,322.259,330.278,
2849312.873,,322.016,327.040,
2849412.872,,321.837,323.986,
2849512.872,,322.129,326.674,
2849612.865,,321.693,329.710,
2849712.864,,322.017,331.553,
2849812.860,,322.387,335.279,
2849912.858,,322.159,333.432,
2850012.850,,322.684,330.990,
2850112.846,,322.151,330.693,
2850212.844,,321.680,330.883,
2850312.841,,323.167,337.911,
2850412.838,,322.741,333.667,
2850512.836,,322.970,330.266,
2850612.835,,324.152,326.572,
2850712.830,,322.201,323.340,
2850812.823,,322.286,324.551,
2850912.819,,322.406,334.411,
2851012.820,,323.496,336.003,
2851112.819,,322.721,331.538,
2851212.814,,323.998,329.225,
2851312.806,,324.178,328.242,
2851412.805,,324.292,331.537,
2851512.802,,324.442,335.820,
2851612.801,,323.856,334.884,
2851712.796,,323.811,334.342,
2851812.793,,323.415,331.905,
2851912.790,,323.540,329.946,
2852012.787,,323.263,327.378,
2852112.785,,323.045,328.347,
2852212.779,,323.721,327.187,
2852312.776,,323.434,327.133,
2852412.774,,323.908,328.409,
2852512.767,,322.743,329.067,
2852612.765,,324.189,328.904,
2852712.765,,323.535,332.700,
2852812.758,,322.250,329.363,
2852912.757,,321.169,331.456,
2853012.753,,321.138,328.929,
2853112.747,,321.702,330.762,
2853212.746,,321.655,327.701,
2853312.744,,321.730,326.331,
2853412.739,,321.697,327.463,
2853512.731,,321.992,333.522,
2853612.733,,322.112,334.450,
2853712.728,,322.502,336.406,
2853812.726,,322.481,334.049,
2853912.718,,324.441,330.202,
2854012.718,,324.621,329.420,
2854112.713,,323.937,332.356,
2854212.715,,323.548,332.496,
2854312.706,,323.738,330.616,
2854412.705,,323.794,327.977,
2854512.701,,323.340,327.887,
2854612.700,,323.181,327.518,
2854712.697,,323.216,326.473,
2854812.691,,323.381,328.906,
2854912.690,,323.241,329.849,
2855012.687,,323.470,328.290,
2855112.679,,322.892,327.853,
2855212.679,,323.060,326.637,
2855312.676,,322.079,325.344,
2855412.670,,321.906,323.687,
2855512.668,,322.994,322.167,
2855612.665,,322.486,319.512,
2855712.663,,323.359,324.656,
2855812.655,,322.683,323.401,
2855912.654,,322.978,329.202,
2856012.649,,323.772,326.254,
2856112.648,,323.832,326.574,
2856212.645,,322.685,339.890,
2856312.638,,322.238,354.783,
2856412.638,,321.649,356.491,
2856512.629,,320.953,349.891,
2856612.630,,321.732,343.978,
2856712.621,,321.854,339.122,
2856812.623,,320.688,339.025,
2856912.614,,321.199,335.999,
2857012.614,,320.771,333.958,
2857112.612,,321.011,332.501,
2857212.602,,321.227,332.267,
2857312.603,,321.398,331.126,
2857412.595,,320.961,330.945,
2857512.593,,321.029,330.602,
2857612.587,,321.010,337.972,
2857712.587,,320.224,340.450,
2857812.582,,320.877,335.868,
2857912.578,,321.515,333.131,
2858012.572,,321.814,343.038,
2858112.573,,321.224,336.391,
2858212.567,,321.117,331.039,
2858312.562,,321.699,328.988,
2858412.558,,320.876,325.821,
2858512.553,,321.140,325.161,
2858612.552,,321.544,324.193,
2858712.550,,321.488,327.422,
2858812.545,,321.677,344.381,
2858912.539,,322.347,340.988,
2859012.538,,322.232,336.545,
2859112.530,,322.720,332.527,
2859212.531,,322.030,328.901,
2859312.525,,321.595,325.980,
2859412.521,,322.486,327.381,
2859512.520,,322.256,324.141,
2859612.516,,322.447,324.482,
2859712.514,,322.179,324.621,
2859812.505,,322.603,323.281,
2859912.504,,322.430,322.482,
2860012.499,,322.836,320.681,
2860112.497,,322.974,322.172,
2860212.491,,322.884,322.685,
2860312.488,,322.757,325.028,
2860412.486,,322.361,323.975,
2860512.484,,322.625,323.843,
2860612.477,,322.834,323.058,
2860712.471,,322.956,323.367,
2860812.467,,322.456,325.385,
2860912.462,,322.750,325.702,
2861012.461,,322.589,324.293,
2861112.460,,322.566,325.840,
2861212.457,,322.357,323.855,
2861312.450,,322.139,323.316,
2861412.444,,322.294,323.593,
2861512.442,,322.130,322.032,
2861612.436,,322.928,323.421,
2861712.433,,322.768,320.650,
2861812.432,,322.923,319.729,
2861912.426,,322.193,322.219,
2862012.424,,320.598,322.274,
2862112.423,,320.719,324.143,
2862212.418,,320.785,328.388,
2862312.414,,320.016,338.651,
2862412.412,,319.607,338.361,
2862512.404,,321.788,335.244,
2862612.403,,321.587,333.334,
2862712.396,,322.046,329.133,
2862812.390,,321.571,327.065,
2862912.391,,320.424,326.306,
2863012.383,,321.110,330.326,
2863112.383,,322.212,330.558,
2863212.378,,322.395,330.182,
2863312.374,,320.691,329.780,
2863412.371,,320.845,326.540,
2863512.364,,321.453,326.732,
2863612.360,,321.529,328.180,
2863712.359,,320.964,325.428,
2863812.353,,322.698,324.019,
2863912.355,,322.450,326.219,
2864012.350,,322.300,334.850,
2864112.346,,322.029,336.063,
2864212.350,,322.439,334.341,
2864312.347,,322.218,331.729,
2864412.341,,322.344,331.386,
2864512.341,,322.224,327.596,
2864612.339,,322.503,325.497,
2864712.331,,322.702,326.574,
2864812.333,,322.350,325.098,
2864912.328,,322.584,326.218,
2865012.324,,322.745,323.330,
2865112.322,,322.533,321.028,
2865212.319,,322.606,319.714,
2865312.318,,322.647,320.392,
2865412.318,,322.702,323.838,
2865512.318,,322.430,324.094,
2865612.310,,322.218,336.211,
2865712.312,,322.149,333.909,
2865812.309,,322.024,332.182,
2865912.304,,322.270,334.760,
2866012.301,,322.234,338.084,
2866112.304,,322.133,336.273,
2866212.299,,322.397,336.454,
2866312.293,,322.281,332.089,
2866412.291,,322.235,328.278,
2866512.291,,322.626,324.593,
2866612.290,,322.382,323.401,
2866712.287,,323.492,323.349,
2866812.282,,323.087,323.378,
2866912.282,,323.163,324.145,
2867012.281,,322.055,336.795,
2867112.278,,321.739,336.049,
2867212.277,,321.767,333.091,
2867312.273,,321.673,332.281,
2867412.267,,321.821,329.123,
2867512.265,,321.970,326.516,
2867612.262,,322.357,324.432,
2867712.260,,322.376,324.236,
2867812.260,,322.028,325.703,
2867912.259,,322.357,329.278,
2868012.253,,322.183,330.478,
2868112.250,,322.097,327.944,
2868212.249,,321.924,332.831,
2868312.251,,322.228,332.584,
2868412.244,,322.542,331.408,
2868512.244,,322.395,331.056,
2868612.240,,322.318,330.871,
2868712.236,,321.940,328.960,
2868812.232,,321.990,325.905,
2868912.232,,322.250,324.559,
2869012.229,,321.772,326.094,
2869112.230,,321.846,323.454,
2869212.229,,321.842,323.501,
2869312.226,,323.053,325.532,
2869412.218,,322.947,325.225,
2869512.217,,323.265,326.173,
2869612.213,,324.081,326.803,
2869712.212,,323.779,324.587,
2869812.215,,323.418,323.922,
2869912.206,,321.954,322.194,
2870012.207,,322.952,322.383,
2870112.202,,322.634,324.579,
2870212.199,,322.206,326.148,
2870312.199,,322.545,324.947,
2870412.198,,322.833,326.857,
2870512.197,,322.478,329.215,
2870612.189,,322.244,330.331,
2870712.187,,322.547,330.823,
2870812.189,,322.758,331.188,
2870912.185,,322.443,332.921,
2871012.181,,322.176,334.286,
2871112.177,,322.246,329.443,
2871212.176,,321.705,325.703,
2871312.174,,322.009,326.607,
2871412.174,,321.766,328.889,
2871512.174,,322.179,326.928,
2871612.165,,322.488,327.854,
2871712.162,,322.615,327.289,
2871812.164,,323.086,326.802,
2871912.162,,322.825,326.760,
2872012.158,,322.758,326.802,
2872112.156,,322.950,324.433,
2872212.154,,322.882,325.195,
2872312.151,,322.170,326.496,
2872412.152,,324.118,334.719,
2872512.145,,324.150,332.303,
2872612.148,,323.588,327.843,
2872712.146,,323.028,323.802,
2872812.144,,322.245,320.849,
2872912.141,,322.700,322.019,
2873012.140,,322.869,320.216,
2873112.134,,322.691,321.657,
2873212.130,,322.619,327.943,
2873312.130,,322.518,335.229,
2873412.129,,322.812,333.736,
2873512.123,,322.858,329.197,
2873612.123,,323.136,327.529,
2873712.125,,323.346,324.795,
2873812.122,,322.582,323.008,
2873912.118,,322.196,323.606,
2874012.115,,324.115,326.931,
2874112.112,,323.639,323.459,
2874212.109,,323.199,321.401,
2874312.110,,323.124,325.460,
2874412.108,,323.872,337.696,
2874512.102,,323.474,354.626,
2874612.104,,323.717,349.206,
2874712.098,,323.677,358.463,
2874812.095,,324.875,352.090,
2874912.098,,324.596,348.632,
2875012.093,,324.466,343.670,
2875112.089,,324.053,340.347,
2875212.091,,323.741,335.750,
2875312.090,,323.659,332.606,
2875412.082,,324.651,332.420,
2875512.081,,323.570,328.922,
2875612.082,,322.604,325.452,
2875712.077,,322.766,326.332,
2875812.078,,322.765,325.668,
2875912.077,,321.861,324.932,
2876012.071,,321.735,322.458,
2876112.069,,321.878,322.993,
2876212.065,,321.645,322.889,
2876312.064,,322.793,323.986,
2876412.063,,322.907,324.700,
2876512.061,,320.970,326.059,
2876612.057,,322.399,326.108,
2876712.057,,322.827,324.867,
2876812.055,,324.018,323.005,
2876912.054,,322.803,324.139,
2877012.050,,322.396,325.829,
2877112.051,,321.191,325.913,
2877212.049,,320.951,327.200,
2877312.045,,321.383,330.717,
2877412.040,,321.369,330.436,
2877512.037,,321.946,327.436,
2877612.034,,321.121,323.955,
2877712.034,,321.065,324.340,
2877812.035,,320.963,325.375,
2877912.031,,320.829,329.281,
2878012.027,,320.241,331.907,
2878112.023,,320.414,332.812,
2878212.027,,320.588,333.361,
2878312.024,,321.432,332.009,
2878412.023,,321.830,331.460,
2878512.018,,322.240,341.391,
2878612.014,,322.376,342.033,
2878712.014,,322.172,339.965,
2878812.008,,321.905,340.600,
2878912.008,,322.088,337.535,
2879012.007,,321.955,334.564,
2879112.008,,322.184,330.898,
2879212.005,,322.345,328.778,
2879312.004,,321.673,327.334,
2879411.997,,321.552,325.685,
2879511.994,,321.353,324.624,
2879611.997,,321.477,326.186,
2879711.995,,321.864,326.388,
2879811.991,,321.465,324.960,
2879911.989,,321.217,328.942,
2880011.984,,321.560,330.632,
2880111.975,,321.176,329.240,
2880211.974,,320.240,328.974,
2880311.973,,320.411,328.953,
2880411.965,,320.670,329.814,
2880511.963,,321.386,332.610,
2880611.955,,321.831,332.718,
2880711.955,,321.470,331.178,
2880811.952,,320.360,329.939,
2880911.942,,320.006,334.074,
2881011.944,,321.962,330.494,
2881111.936,,322.210,328.277,
2881211.933,,322.816,330.450,
2881311.930,,322.458,329.529,
2881411.922,,322.760,330.715,
2881511.920,,322.376,338.394,
2881611.914,,322.234,335.711,
2881711.915,,323.074,331.657,
2881811.906,,322.792,328.523,
2881911.907,,321.751,325.540,
2882011.899,,323.378,323.611,
2882111.898,,322.555,323.451,
2882211.894,,321.498,322.767,
2882311.887,,320.812,320.179,
2882411.886,,320.748,319.412,
2882511.882,,320.761,321.655,
2882611.879,,321.011,332.033,
2882711.875,,320.881,333.645,
2882811.871,,321.912,334.894,
2882911.864,,322.248,336.479,
2883011.859,,321.304,338.314,
2883111.858,,320.463,335.855,
2883211.854,,320.000,337.661,
2883311.847,,320.518,336.263,
2883411.846,,320.911,334.376,
2883511.839,,321.062,332.790,
2883611.838,,321.830,332.099,
2883711.832,,322.197,329.666,
2883811.826,,321.951,329.522,
2883911.825,,321.763,328.785,
2884011.822,,321.817,342.976,
2884111.818,,321.963,336.567,
2884211.809,,322.329,333.505,
2884311.808,,323.010,330.617,
2884411.802,,323.246,326.421,
2884511.799,,322.966,324.475,
2884611.796,,323.304,323.395,
2884711.789,,323.518,323.028,
2884811.783,,324.481,323.689,
2884911.779,,324.576,326.203,
2885011.777,,323.090,326.383,
2885111.777,,324.014,329.651,
2885211.768,,323.788,330.327,
2885311.767,,324.672,336.013,
2885411.761,,324.577,331.125,
2885511.761,,323.677,326.833,
2885611.756,,323.028,324.636,
2885711.746,,322.586,324.678,
2885811.748,,323.834,328.019,
2885911.744,,323.715,329.224,
2886011.734,,322.153,325.417,
2886111.735,,322.374,323.581,
2886211.728,,322.131,321.064,
2886311.722,,322.123,320.121,
2886411.721,,323.158,320.344,
2886511.715,,322.670,323.384,
2886611.716,,322.207,322.952,
2886711.709,,323.702,323.271,
2886811.706,,323.107,323.169,
2886911.700,,323.032,323.966,
2887011.694,,322.819,323.303,
2887111.690,,322.635,321.106,
2887211.686,,322.612,319.550,
2887311.684,,321.821,319.266,
2887411.681,,321.735,320.483,
2887511.678,,321.950,323.319,
2887611.672,,321.800,326.604,
2887711.668,,321.602,332.263,
2887811.662,,321.588,330.942,
2887911.658,,321.718,330.516,
2888011.657,,321.923,329.331,
2888111.650,,322.077,328.186,
2888211.650,,321.823,328.950,
2888311.645,,321.611,330.885,
2888411.644,,321.957,327.970,
2888511.638,,322.107,326.381,
2888611.632,,322.421,325.974,
2888711.633,,322.195,325.894,
2888811.626,,321.917,324.117,
2888911.624,,322.716,323.186,
2889011.617,,323.166,321.535,
2889111.614,,323.315,319.007,
2889211.615,,322.551,318.366,
2889311.608,,322.969,319.352,
2889411.604,,322.793,319.994,
2889511.605,,322.098,319.429,
2889611.599,,321.875,319.009,
2889711.591,,321.593,318.642,
2889811.587,,321.602,321.036,
2889911.589,,321.544,323.473,
2890011.584,,321.877,326.402,
2890111.580,,321.533,322.638,
2890211.572,,320.650,321.043,
2890311.568,,321.085,322.243,
2890411.569,,321.137,324.945,
2890511.563,,321.954,322.315,
2890611.562,,322.599,320.970,
2890711.556,,324.882,319.858,
2890811.556,,323.971,319.261,
2890911.547,,323.345,319.409,
2891011.547,,321.219,319.984,
2891111.545,,320.770,319.675,
2891211.539,,321.286,318.582,
2891311.537,,321.034,321.161,
2891411.534,,320.755,321.362,
2891511.529,,320.625,318.658,
2891611.526,,320.833,317.005,
2891711.517,,321.152,318.765,
2891811.514,,321.241,323.392,
2891911.511,,321.122,328.818,
2892011.512,,321.403,331.862,
2892111.505,,321.010,330.709,
2892211.504,,320.306,327.299,
2892311.497,,319.668,324.440,
2892411.495,,319.887,325.897,
2892511.488,,320.161,324.098,
2892611.483,,320.101,322.826,
2892711.480,,319.899,323.167,
2892811.481,,320.845,324.629,
2892911.473,,321.587,322.728,
2893011.469,,322.782,322.005,
2893111.467,,322.182,322.241,
2893211.464,,322.223,321.028,
2893311.460,,321.695,320.804,
2893411.455,,322.206,324.270,
2893511.455,,322.520,322.244,
2893611.452,,322.374,321.938,
2893711.448,,322.027,323.101,
2893811.443,,322.265,326.018,
2893911.436,,322.087,325.902,
2894011.438,,321.814,324.153,
2894111.434,,321.734,322.834,
2894211.427,,321.458,320.856,
2894311.423,,321.960,318.971,
2894411.420,,322.009,317.922,
2894511.418,,322.660,318.128,
2894611.411,,323.351,318.449,
2894711.407,,323.334,317.803,
2894811.406,,323.893,319.893,
2894911.398,,322.523,317.711,
2895011.395,,322.177,318.440,
2895111.395,,321.614,317.969,
2895211.387,,321.819,318.684,
2895311.388,,321.166,323.134,
2895411.382,,320.932,326.717,
2895511.377,,320.766,328.721,
2895611.374,,321.381,327.522,
2895711.372,,321.112,326.686,
2895811.367,,320.371,325.370,
2895911.368,,321.261,325.215,
2896011.363,,322.488,325.186,
2896111.362,,322.511,333.388,
2896211.362,,322.291,345.632,
2896311.359,,322.484,343.865,
2896411.357,,322.795,340.294,
2896511.354,,322.713,334.471,
2896611.354,,322.429,328.849,
2896711.347,,322.831,325.971,
2896811.345,,322.404,324.435,
2896911.347,,322.488,323.148,
2897011.341,,322.572,321.436,
2897111.343,,322.346,325.037,
2897211.340,,322.367,331.613,
2897311.337,,322.413,331.957,
2897411.337,,322.810,327.805,
2897511.329,,322.687,324.643,
2897611.332,,322.908,323.919,
2897711.329,,323.222,324.337,
2897811.330,,321.925,324.160,
2897911.327,,321.955,327.597,
2898011.321,,321.955,327.089,
2898111.320,,322.108,325.578,
2898211.318,,322.063,326.214,
2898311.314,,322.266,327.217,
2898411.311,,322.905,326.137,
2898511.313,,322.904,324.144,
2898611.307,,323.174,325.122,
2898711.307,,322.697,324.545,
2898811.309,,322.192,323.514,
2898911.305,,322.366,325.353,
2899011.304,,322.087,324.825,
2899111.296,,322.572,327.850,
2899211.296,,322.585,327.109,
2899311.294,,323.202,339.398,
2899411.292,,323.364,337.026,
2899511.290,,322.598,332.269,
2899611.288,,322.587,328.897,
2899711.290,,323.385,326.180,
2899811.283,,323.242,324.692,
2899911.286,,322.443,327.597,
2900011.284,,322.863,326.463,
2900111.280,,322.531,327.042,
2900211.273,,322.741,345.932,
2900311.272,,321.830,342.270,
2900411.274,,322.416,339.535,
2900511.270,,322.293,333.360,
2900611.268,,321.291,329.418,
2900711.265,,321.906,327.564,
2900811.264,,323.429,327.011,
2900911.264,,323.522,330.908,
2901011.263,,323.450,337.088,
2901111.256,,323.942,334.203,
2901211.255,,323.899,331.342,
2901311.256,,323.970,330.816,
2901411.251,,323.833,338.827,
2901511.252,,323.781,334.926,
2901611.251,,323.398,333.155,
2901711.249,,322.774,332.370,
2901811.247,,323.285,338.275,
2901911.242,,323.421,334.929,
2902011.242,,324.048,333.262,
2902111.236,,324.535,331.424,
2902211.239,,323.798,328.557,
2902311.231,,324.308,328.880,
2902411.233,,323.717,326.662,
2902511.230,,323.358,324.955,
2902611.229,,322.909,327.445,
2902711.222,,323.523,324.463,
2902811.225,,322.465,322.015,
2902911.219,,322.470,322.190,
2903011.216,,323.623,321.679,
2903111.215,,323.486,327.118,
2903211.217,,322.298,326.189,
2903311.211,,322.223,325.712,
2903411.209,,322.222,324.668,
2903511.205,,321.660,333.758,
2903611.207,,321.493,331.410,
2903711.206,,322.188,328.425,
2903811.205,,320.813,325.554,
2903911.195,,321.807,323.882,
2904011.194,,321.808,327.276,
2904111.189,,321.502,337.590,
2904211.183,,321.009,336.520,
2904311.180,,320.916,334.304,
2904411.176,,320.133,334.251,
2904511.175,,320.710,335.430,
2904611.168,,321.183,331.475,
2904711.167,,321.467,329.317,
2904811.157,,321.356,325.356,
2904911.154,,321.570,333.448,
2905011.151,,322.224,329.175,
2905111.150,,321.468,325.008,
2905211.141,,323.564,325.469,
2905311.136,,324.679,327.207,
2905411.135,,324.559,328.882,
2905511.128,,323.484,328.800,
2905611.124,,325.644,333.668,
2905711.124,,325.005,335.304,
2905811.116,,324.586,331.636,
2905911.117,,324.133,328.858,
2906011.110,,322.389,328.316,
2906111.107,,324.626,336.550,
2906211.100,,325.381,332.466,
2906311.097,,323.785,329.685,
2906411.093,,323.615,331.526,
2906511.085,,323.657,338.543,
2906611.084,,323.504,335.820,
2906711.077,,322.449,332.337,
2906811.078,,323.248,333.906,
2906911.072,,323.034,332.396,
2907011.065,,324.037,331.271,
2907111.061,,323.141,330.734,
2907211.061,,322.516,332.233,
2907311.053,,322.699,329.768,
2907411.049,,322.531,327.013,
2907511.048,,323.282,330.546,
2907611.044,,323.343,329.390,
2907711.037,,323.730,325.863,
2907811.035,,323.564,323.206,
2907911.026,,323.476,322.244,
2908011.021,,322.668,322.444,
2908111.021,,322.422,323.606,
2908211.017,,321.827,324.555,
2908311.009,,322.074,329.694,
2908411.010,,322.712,343.417,
2908511.006,,321.957,340.445,
2908610.998,,321.783,335.723,
2908710.998,,321.109,333.218,
2908810.989,,321.802,330.592,
2908910.988,,322.272,327.486,
2909010.981,,321.062,325.937,
2909110.980,,322.290,325.479,
2909210.972,,322.874,325.051,
2909310.967,,323.689,327.538,
2909410.962,,323.958,327.776,
2909510.961,,323.458,329.188,
2909610.957,,323.567,332.149,
2909710.952,,323.597,332.704,
2909810.949,,323.444,332.983,
2909910.941,,323.270,332.271,
2910010.936,,322.876,329.757,
2910110.936,,323.648,329.755,
2910210.931,,323.574,329.220,
2910310.928,,324.272,328.790,
2910410.922,,324.507,326.824,
2910510.917,,323.977,327.508,
2910610.912,,323.302,325.498,
2910710.909,,322.369,326.248,
2910810.906,,322.760,324.984,
2910910.903,,322.507,324.101,
2911010.896,,323.418,323.191,
2911110.893,,323.283,321.506,
2911210.888,,322.685,322.402,
2911310.884,,321.861,325.148,
2911410.882,,322.515,327.744,
2911510.872,,321.996,327.974,
2911610.870,,322.265,327.629,
2911710.866,,321.989,325.822,
2911810.863,,321.679,322.405,
2911910.858,,321.854,320.239,
2912010.856,,322.555,321.285,
2912110.856,,323.500,323.618,
2912210.855,,324.387,326.556,
2912310.853,,323.806,326.635,
2912410.847,,323.604,331.197,
2912510.850,,323.512,333.899,
2912610.843,,323.580,337.931,
2912710.844,,323.295,337.409,
2912810.841,,323.041,347.494,
2912910.840,,322.716,355.878,
2913010.832,,322.144,349.242,
2913110.836,,322.117,347.615,
2913210.832,,322.288,350.583,
2913310.826,,322.179,349.595,
2913410.824,,322.400,356.195,
2913510.827,,322.270,352.706,
2913610.824,,322.278,350.458,
2913710.818,,322.329,353.726,
2913810.814,,322.521,356.856,
2913910.816,,322.262,354.290,
2914010.815,,321.991,348.955,
2914110.814,,322.533,351.989,
2914210.811,,322.335,347.258,
2914310.804,,322.238,344.656,
2914410.801,,322.173,340.026,
2914510.804,,322.066,336.432,
2914610.796,,321.735,334.362,
2914710.797,,321.974,333.714,
2914810.795,,322.208,332.248,
2914910.795,,322.262,329.923,
2915010.793,,322.251,327.090,
2915110.785,,322.121,327.610,
2915210.787,,322.280,329.447,
2915310.784,,321.816,329.675,
2915410.783,,322.068,327.795,
2915510.781,,322.201,327.828,
2915610.778,,322.032,333.016,
2915710.773,,321.787,338.284,
2915810.771,,322.048,342.205,
2915910.773,,321.650,336.163,
2916010.764,,321.998,332.074,
2916110.767,,322.028,328.693,
2916210.761,,321.860,327.981,
2916310.758,,321.900,325.929,
2916410.761,,322.864,325.221,
2916510.755,,322.353,323.286,
2916610.753,,322.240,327.226,
2916710.750,,322.754,334.062,
2916810.746,,322.869,335.590,
2916910.745,,322.398,333.458,
2917010.741,,322.756,330.329,
2917110.739,,322.637,327.630,
2917210.742,,322.076,326.246,
2917310.735,,320.988,324.184,
2917410.738,,322.972,325.458,
2917510.733,,322.612,328.518,
2917610.730,,322.469,325.870,
2917710.729,,322.011,325.658,
2917810.728,,322.577,331.328,
2917910.727,,322.534,336.188,
2918010.722,,322.861,338.250,
2918110.717,,322.639,334.843,
2918210.718,,322.354,332.134,
2918310.714,,322.889,334.550,
2918410.713,,322.271,334.798,
2918510.709,,322.248,333.228,
2918610.711,,322.335,333.161,
2918710.708,,322.332,328.813,
2918810.703,,322.657,327.218,
2918910.700,,322.672,327.677,
2919010.696,,322.562,328.615,
2919110.697,,322.585,331.579,
2919210.696,,322.656,329.392,
2919310.691,,322.674,327.907,
2919410.687,,322.836,329.542,
2919510.686,,322.888,330.577,
2919610.685,,322.967,329.907,
2919710.683,,322.942,331.040,
2919810.679,,322.875,333.753,
2919910.677,,323.150,330.118,
2920010.675,,322.835,326.172,
2920110.673,,322.864,325.212,
2920210.672,,323.528,326.182,
2920310.668,,324.030,340.948,
2920410.663,,322.707,344.088,
2920510.661,,323.014,349.318,
2920610.661,,324.139,349.762,
2920710.656,,323.811,344.257,
2920810.655,,321.242,339.454,
2920910.649,,323.791,335.804,
2921010.650,,324.867,332.518,
2921110.645,,323.068,331.271,
2921210.644,,322.878,329.881,
2921310.638,,323.144,329.218,
2921410.638,,323.208,330.281,
2921510.636,,323.564,332.797,
2921610.633,,323.073,329.536,
2921710.630,,323.113,329.230,
2921810.630,,323.817,326.765,
2921910.624,,323.906,324.045,
2922010.619,,323.233,321.923,
2922110.621,,322.467,321.311,
2922210.619,,323.643,324.262,
2922310.611,,324.021,324.541,
2922410.610,,324.953,326.625,
2922510.607,,324.688,323.916,
2922610.604,,324.444,323.226,
2922710.603,,324.417,324.207,
2922810.602,,324.445,327.662,
2922910.597,,324.249,328.397,
2923010.591,,323.772,329.045,
2923110.593,,324.080,328.531,
2923210.590,,324.220,327.813,
2923310.586,,324.076,328.452,
2923410.583,,322.950,326.882,
2923510.580,,323.379,325.121,
2923610.576,,324.468,322.945,
2923710.574,,324.419,329.898,
2923810.573,,324.488,343.072,
2923910.571,,324.969,343.958,
2924010.567,,325.745,340.250,
2924110.567,,325.193,334.915,
2924210.561,,326.395,337.468,
2924310.563,,325.963,340.877,
2924410.560,,324.895,338.525,
2924510.552,,325.229,334.779,
2924610.556,,325.931,332.282,
2924710.548,,325.591,331.922,
2924810.548,,326.649,332.560,
2924910.548,,328.310,330.732,
2925010.541,,325.101,324.986,
2925110.536,,323.648,321.743,
2925210.538,,323.776,322.489,
2925310.537,,324.670,322.977,
2925410.528,,324.503,326.299,
2925510.530,,323.810,325.434,
2925610.523,,324.973,325.777,
2925710.521,,325.776,325.503,
2925810.522,,326.474,325.694,
2925910.516,,326.220,326.345,
2926010.513,,326.385,331.828,
2926110.515,,326.824,337.356,
2926210.512,,325.622,345.924,
2926310.506,,325.890,345.117,
2926410.501,,326.309,341.144,
2926510.504,,325.904,341.872,
2926610.501,,326.246,343.862,
2926710.495,,326.063,340.289,
2926810.496,,327.133,334.701,
2926910.488,,325.732,330.691,
2927010.485,,325.936,328.419,
2927110.487,,326.923,326.079,
2927210.481,,325.888,322.677,
2927310.482,,324.495,322.605,
2927410.475,,325.646,328.729,
2927510.477,,324.417,331.955,
2927610.475,,325.229,335.333,
2927710.471,,324.235,334.472,
2927810.463,,324.871,333.173,
2927910.461,,325.015,335.859,
2928010.460,,324.231,333.368,
2928110.455,,324.141,329.337,
2928210.451,,324.320,328.118,
2928310.444,,324.839,326.328,
2928410.439,,323.815,326.681,
2928510.438,,324.488,326.379,
2928610.434,,324.597,325.676,
2928710.428,,323.959,323.122,
2928810.428,,323.894,321.385,
2928910.419,,323.442,321.336,
2929010.420,,323.054,325.674,
2929110.411,,324.171,331.253,
2929210.407,,324.778,328.762,
2929310.401,,325.622,326.984,
2929410.401,,326.177,326.922,
2929510.394,,325.095,327.601,
2929610.393,,325.309,326.057,
2929710.388,,325.805,327.744,
2929810.387,,325.691,331.852,
2929910.382,,324.506,330.676,
2930010.377,,324.105,328.957,
2930110.371,,322.994,331.434,
2930210.367,,323.281,329.689,
2930310.365,,323.278,328.341,
2930410.361,,323.721,327.164,
2930510.354,,325.279,331.416,
2930610.349,,324.657,328.973,
2930710.349,,324.635,325.217,
2930810.346,,324.462,323.402,
2930910.339,,324.100,325.361,
2931010.331,,324.206,328.137,
2931110.332,,324.636,330.530,
2931210.327,,324.008,331.996,
2931310.322,,323.961,333.149,
2931410.321,,324.492,330.692,
2931510.313,,324.198,329.436,
2931610.311,,324.688,329.922,
2931710.307,,324.345,329.722,
2931810.304,,324.378,329.146,
2931910.298,,324.169,329.223,
2932010.295,,324.046,326.801,
2932110.290,,323.739,325.641,
2932210.285,,323.551,323.579,
2932310.282,,324.025,324.546,
2932410.275,,324.072,323.536,
2932510.269,,323.838,324.085,
2932610.266,,324.543,323.774,
2932710.262,,324.184,325.319,
2932810.257,,324.821,330.038,
2932910.255,,324.213,326.735,
2933010.249,,324.420,323.392,
2933110.249,,324.082,320.705,
2933210.245,,324.140,319.689,
2933310.239,,324.509,318.157,
2933410.233,,324.088,319.473,
2933510.231,,323.863,322.793,
2933610.224,,324.493,322.858,
2933710.219,,325.310,322.184,
2933810.219,,325.395,322.423,
2933910.211,,324.783,324.192,
2934010.212,,324.494,325.246,
2934110.204,,324.373,326.328,
2934210.204,,323.930,325.521,
2934310.194,,323.491,322.977,
2934410.194,,324.077,336.783,
2934510.192,,324.032,331.984,
2934610.183,,323.604,326.733,
2934710.181,,322.850,325.404,
2934810.174,,322.997,325.350,
2934910.169,,323.950,325.513,
2935010.166,,323.354,327.470,
2935110.166,,323.006,326.163,
2935210.160,,323.249,324.198,
2935310.154,,323.074,323.767,
2935410.153,,323.943,322.937,
2935510.145,,324.021,323.329,
2935610.146,,323.193,323.185,
2935710.137,,324.295,325.771,
2935810.135,,324.300,328.156,
2935910.132,,323.651,330.370,
2936010.126,,324.101,329.275,
2936110.127,,323.992,329.230,
2936210.125,,324.384,328.265,
2936310.117,,322.481,325.118,
2936410.121,,319.369,324.623,
2936510.116,,322.808,325.056,
2936610.109,,323.326,326.542,
2936710.112,,323.854,337.299,
2936810.108,,324.635,346.284,
2936910.101,,325.010,341.375,
2937010.100,,325.084,336.341,
2937110.100,,324.836,333.056,
2937210.098,,325.234,331.502,
2937310.090,,324.857,333.013,
2937410.088,,324.013,332.895,
2937510.084,,324.070,331.692,
2937610.081,,324.149,331.365,
2937710.080,,324.825,330.375,
2937810.080,,323.448,326.087,
2937910.073,,323.319,322.420,
2938010.072,,323.026,323.947,
2938110.069,,322.833,322.808,
2938210.064,,323.373,322.310,
2938310.066,,324.162,324.335,
2938410.060,,324.333,324.727,
2938510.059,,324.213,323.780,
2938610.057,,324.040,321.288,
2938710.049,,324.100,319.658,
2938810.048,,323.701,317.450,
2938910.049,,323.482,317.140,
2939010.041,,322.949,322.165,
2939110.042,,323.762,323.977,
2939210.036,,322.905,322.445,
2939310.038,,322.427,321.909,
2939410.034,,323.515,323.235,
2939510.032,,324.027,326.571,
2939610.023,,325.387,323.410,
2939710.021,,324.335,321.851,
2939810.020,,324.900,322.759,
2939910.015,,325.682,321.450,
2940010.015,,325.682,321.101,
2940110.012,,325.302,323.176,
2940210.011,,324.931,324.554,
2940310.009,,325.081,330.616,
2940410.005,,325.220,332.440,
2940509.999,,324.630,329.347,
2940609.999,,323.137,327.280,
2940709.993,,323.357,327.013,
2940809.993,,323.456,327.397,
2940909.986,,322.866,337.939,
2941009.986,,322.114,338.632,
2941109.983,,321.703,333.169,
2941209.979,,322.997,330.075,
2941309.980,,322.588,326.472,
2941409.973,,322.469,325.671,
2941509.969,,324.659,325.073,
2941609.972,,325.112,327.022,
2941709.968,,322.333,328.602,
2941809.966,,321.845,330.122,
2941909.961,,322.658,327.686,
2942009.960,,323.775,326.120,
2942109.956,,324.849,324.905,
2942209.954,,322.114,323.022,
2942309.951,,322.184,321.812,
2942409.944,,322.389,321.899,
2942509.943,,323.149,323.623,
2942609.943,,323.080,324.545,
2942709.935,,323.542,323.684,
2942809.932,,323.929,323.976,
2942909.931,,324.430,326.427,
2943009.930,,325.831,348.836,
2943109.928,,323.605,346.960,
2943209.926,,323.496,340.027,
2943309.921,,324.296,334.592,
2943409.919,,324.123,328.650,
2943509.913,,323.741,332.631,
2943609.912,,323.656,341.637,
2943709.906,,323.632,343.315,
2943809.904,,323.886,339.105,
2943909.900,,323.647,336.240,
2944009.900,,324.085,332.586,
2944109.898,,323.814,329.244,
2944209.894,,324.850,327.079,
2944309.888,,325.877,324.633,
2944409.890,,324.351,333.024,
2944509.886,,323.480,329.601,
2944609.885,,323.788,326.030,
2944709.876,,323.396,323.901,
2944809.878,,322.476,322.443,
2944909.871,,323.401,321.560,
2945009.873,,323.270,319.783,
2945109.870,,322.761,323.222,
2945209.862,,322.795,322.550,
2945309.860,,323.910,321.936,
2945409.858,,323.472,321.387,
2945509.858,,323.494,321.665,
2945609.849,,324.626,328.652,
2945709.852,,324.012,332.303,
2945809.847,,324.211,327.786,
2945909.839,,322.827,323.399,
2946009.842,,323.399,322.944,
2946109.835,,322.850,322.256,
2946209.836,,322.960,322.448,
2946309.832,,323.529,320.822,
2946409.826,,324.632,320.700,
2946509.827,,324.796,320.821,
2946609.821,,323.932,325.330,
2946709.818,,322.933,325.403,
2946809.814,,323.105,325.680,
2946909.811,,322.924,330.210,
2947009.811,,321.709,328.091,
2947109.808,,322.521,328.609,
2947209.804,,323.277,329.382,
2947309.803,,322.868,326.112,
2947409.795,,325.942,326.685,
2947509.793,,324.383,324.973,
2947609.789,,324.176,324.425,
2947709.791,,324.608,326.858,
2947809.785,,323.637,329.453,
2947909.781,,323.714,330.152,
2948009.779,,323.313,330.610,
2948109.779,,323.365,331.847,
2948209.776,,323.345,329.936,
2948309.771,,322.999,327.065,
2948409.770,,322.827,331.195,
2948509.762,,323.317,339.482,
2948609.759,,323.280,336.676,
2948709.762,,323.197,335.551,
2948809.757,,323.029,336.405,
2948909.752,,323.287,337.078,
2949009.751,,322.960,335.337,
2949109.750,,323.085,337.175,
2949209.743,,322.854,334.907,
2949309.741,,323.167,332.565,
2949409.737,,322.855,329.252,
2949509.738,,322.999,329.956,
2949609.730,,323.122,331.277,
2949709.729,,323.331,332.408,
2949809.729,,323.081,334.000,
2949909.721,,322.815,333.283,
2950009.720,,322.584,330.564,
2950109.715,,322.898,328.448,
2950209.712,,322.774,327.064,
2950309.710,,322.719,333.555,
2950409.710,,322.416,345.413,
2950509.708,,322.696,344.107,
2950609.704,,322.917,343.481,
2950709.696,,322.744,339.974,
2950809.694,,322.615,335.089,
2950909.696,,322.397,331.420,
2951009.691,,322.799,329.978,
2951109.687,,322.491,327.641,
2951209.681,,322.658,325.147,
2951309.682,,322.913,326.120,
2951409.677,,322.589,324.780,
2951509.672,,322.988,330.948,
2951609.670,,322.278,327.968,
2951709.668,,322.679,328.667,
2951809.668,,322.710,337.788,
2951909.664,,321.773,337.279,
2952009.657,,321.983,337.429,
2952109.659,,323.348,332.598,
2952209.650,,323.475,331.158,
2952309.651,,322.478,330.508,
2952409.644,,322.874,327.118,
2952509.644,,322.004,323.581,
2952609.638,,322.126,322.524,
2952709.634,,323.779,322.387,
2952809.630,,324.979,326.645,
2952909.627,,325.140,328.978,
2953009.627,,325.270,328.222,
2953109.620,,324.442,326.099,
2953209.617,,322.927,323.603,
2953309.615,,322.424,325.259,
2953409.613,,322.858,325.097,
2953509.606,,323.338,325.503,
2953609.607,,323.387,326.369,
2953709.599,,323.558,324.099,
2953809.597,,322.401,323.758,
2953909.597,,322.253,323.402,
2954009.593,,322.698,327.646,
2954109.585,,322.489,326.091,
2954209.585,,323.513,327.794,
2954309.578,,322.440,324.341,
2954409.576,,322.644,323.263,
2954509.578,,322.458,324.085,
2954609.572,,322.878,322.865,
2954709.571,,323.383,322.545,
2954809.563,,323.251,323.156,
2954909.559,,323.453,323.059,
2955009.556,,322.989,326.463,
2955109.557,,322.835,324.544,
2955209.554,,322.837,324.630,
2955309.545,,323.118,327.810,
2955409.546,,322.672,328.222,
2955509.541,,323.165,328.170,
2955609.539,,323.312,326.301,
2955709.533,,323.131,326.939,
2955809.530,,322.943,329.106,
2955909.528,,323.128,332.632,
2956009.521,,322.626,333.324,
2956109.518,,322.875,334.771,
2956209.515,,322.801,339.591,
2956309.510,,322.448,336.648,
2956409.510,,322.811,343.356,
2956509.504,,322.337,340.604,
2956609.504,,322.648,338.173,
2956709.498,,323.073,333.298,
2956809.497,,323.627,329.226,
2956909.492,,322.771,326.290,
2957009.492,,322.763,325.978,
2957109.484,,322.639,324.916,
2957209.487,,322.621,326.398,
2957309.483,,322.574,328.207,
2957409.474,,323.131,327.208,
2957509.476,,323.074,329.354,
2957609.470,,322.752,333.299,
2957709.464,,323.346,331.524,
2957809.465,,323.112,327.628,
2957909.461,,323.477,325.268,
2958009.454,,323.015,322.968,
2958109.453,,323.133,326.271,
2958209.450,,323.590,323.915,
2958309.445,,323.546,324.263,
2958409.439,,323.332,322.980,
2958509.437,,323.663,321.350,
2958609.436,,324.873,321.532,
2958709.435,,322.835,321.377,
2958809.432,,322.901,320.414,
2958909.425,,323.293,319.663,
2959009.425,,324.570,320.019,
2959109.420,,324.562,319.186,
2959209.416,,324.357,317.492,
2959309.411,,324.458,317.277,
2959409.406,,324.585,315.815,
2959509.406,,324.065,317.200,
2959609.403,,323.412,315.749,
2959709.398,,323.107,324.031,
2959809.398,,322.761,330.885,
2959909.390,,322.575,327.645,
2960009.390,,322.218,323.400,
2960109.386,,322.311,321.189,
2960209.385,,322.076,320.595,
2960309.383,,321.913,321.180,
2960409.385,,322.710,320.030,
2960509.376,,322.548,322.162,
2960609.378,,322.753,322.956,
2960709.374,,322.510,323.801,
2960809.356,,322.438,323.108,
2960909.367,,322.534,323.672,
2961009.372,,322.497,322.621,
2961109.369,,322.604,325.621,
2961209.362,,322.812,325.010,
2961309.359,,322.944,327.512,
2961409.360,,323.042,328.113,
2961509.356,,322.776,330.432,
2961609.353,,322.506,333.773,
2961709.354,,322.884,337.485,
2961809.354,,322.675,347.716,
2961909.347,,323.035,346.938,
2962009.346,,322.745,341.196,
2962109.345,,323.035,338.177,
2962209.339,,322.886,336.258,
2962309.338,,322.729,332.378,
2962409.336,,322.774,330.423,
2962509.333,,322.963,328.279,
2962609.334,,323.540,326.911,
2962709.330,,323.373,327.042,
2962809.330,,323.280,326.022,
2962909.327,,323.199,326.087,
2963009.323,,323.724,328.690,
2963109.321,,324.470,327.866,
2963209.319,,323.992,329.503,
2963309.318,,324.910,340.734,
2963409.318,,324.676,334.984,
2963509.312,,323.813,330.701,
2963609.312,,325.136,327.573,
2963709.306,,325.761,325.137,
2963809.309,,326.381,326.600,
2963909.303,,325.902,327.501,
2964009.304,,324.314,328.055,
2964109.303,,323.885,327.268,
2964209.294,,324.135,326.451,
2964309.292,,324.330,325.748,
2964409.292,,323.431,324.916,
2964509.288,,323.866,322.326,
2964609.291,,323.391,319.597,
2964709.287,,322.512,318.423,
2964809.283,,322.288,318.747,
2964909.285,,322.974,319.219,
2965009.278,,323.341,323.843,
2965109.275,,323.339,325.501,
2965209.273,,323.443,334.754,
2965309.273,,323.599,338.358,
2965409.270,,323.427,336.344,
2965509.272,,323.370,334.737,
2965609.266,,323.818,333.795,
2965709.266,,323.339,331.831,
2965809.264,,322.374,329.974,
2965909.263,,322.518,327.963,
2966009.255,,322.500,333.191,
2966109.254,,322.539,335.972,
2966209.252,,323.813,339.100,
2966309.254,,323.827,338.117,
2966409.249,,323.196,333.543,
2966509.246,,322.760,329.816,
2966609.246,,323.092,331.107,
2966709.245,,324.080,330.712,
2966809.242,,324.098,327.641,
2966909.240,,323.606,327.378,
2967009.237,,323.010,326.521,
2967109.237,,324.083,324.936,
2967209.231,,322.450,321.950,
2967309.230,,322.374,322.259,
2967409.229,,320.045,323.392,
2967509.223,,320.661,329.103,
2967609.219,,321.854,329.762,
2967709.221,,320.994,327.916,
2967809.220,,322.573,327.326,
2967909.218,,322.268,327.522,
2968009.214,,323.345,326.179,
2968109.210,,323.733,325.711,
2968209.211,,323.516,329.910,
2968309.204,,323.875,327.187,
2968409.203,,323.892,326.113,
2968509.200,,324.237,327.769,
2968609.197,,323.903,328.346,
2968709.193,,323.952,328.280,
2968809.193,,323.321,327.111,
2968909.190,,322.837,325.919,
2969009.183,,323.050,327.255,
2969109.183,,322.998,328.447,
2969209.182,,322.829,328.246,
2969309.177,,323.266,330.521,
2969409.176,,323.208,328.532,
2969509.173,,323.268,327.586,
2969609.167,,323.400,329.367,
2969709.168,,323.552,328.405,
2969809.165,,323.372,327.911,
2969909.165,,323.160,327.833,
2970009.159,,323.340,328.862,
2970109.158,,323.308,329.059,
2970209.153,,323.550,328.624,
2970309.150,,323.831,325.992,
2970409.147,,324.400,323.991,
2970509.145,,324.936,322.765,
2970609.144,,325.185,321.751,
2970709.143,,324.840,321.950,
2970809.138,,324.266,322.399,
2970909.138,,323.540,322.989,
2971009.132,,324.050,325.201,
2971109.134,,324.833,326.522,
2971209.131,,323.702,324.586,
2971309.127,,323.211,326.028,
2971409.122,,324.141,327.935,
2971509.123,,323.904,331.473,
2971609.116,,324.178,342.636,
2971709.116,,324.878,340.077,
2971809.113,,326.127,335.939,
2971909.107,,324.587,337.955,
2972009.108,,324.412,340.821,
2972109.106,,324.129,338.085,
2972209.104,,324.252,335.904,
2972309.100,,323.902,333.788,
2972409.096,,324.197,331.909,
2972509.093,,324.249,328.670,
2972609.092,,324.120,329.185,
2972709.088,,324.062,333.424,
2972809.085,,323.701,336.288,
2972909.080,,324.239,335.297,
2973009.080,,324.320,331.794,
2973109.075,,324.639,331.839,
2973209.076,,324.645,328.255,
2973309.074,,323.130,326.604,
2973409.072,,322.632,324.300,
2973509.064,,322.577,325.958,
2973609.067,,322.536,326.920,
2973709.062,,323.000,324.884,
2973809.057,,323.614,335.519,
2973909.054,,322.583,335.392,
2974009.055,,322.866,330.635,
2974109.050,,322.521,334.909,
2974209.051,,323.026,333.820,
2974309.043,,323.668,331.335,
2974409.042,,324.372,328.999,
2974509.042,,325.441,328.182,
2974609.037,,325.530,328.293,
2974709.032,,325.319,332.180,
2974809.032,,324.658,331.098,
2974909.033,,323.412,333.004,
2975009.025,,322.997,329.895,
2975109.022,,322.080,330.125,
2975209.021,,322.588,327.983,
2975309.017,,322.516,325.111,
2975409.018,,322.867,324.390,
2975509.012,,322.803,325.339,
2975609.011,,323.937,325.000,
2975709.011,,323.830,326.773,
2975809.005,,323.131,325.641,
2975909.004,,323.293,325.789,
2976008.999,,323.209,324.249,
2976109.000,,322.915,323.453,
2976208.992,,323.817,327.010,
2976308.993,,323.313,324.583,
2976408.992,,321.993,323.251,
2976508.989,,321.937,324.029,
2976608.983,,323.370,328.552,
2976708.981,,323.199,324.739,
2976808.981,,323.738,323.130,
2976908.976,,323.399,323.209,
2977008.979,,323.447,325.607,
2977108.970,,324.051,329.751,
2977208.970,,323.739,327.775,
2977308.967,,324.020,326.252,
2977408.963,,324.116,327.708,
2977508.963,,324.072,326.637,
2977608.960,,324.413,333.714,
2977708.958,,323.626,330.717,
2977808.954,,323.871,334.538,
2977908.951,,324.268,344.457,
2978008.953,,324.518,342.494,
2978108.947,,325.346,340.404,
2978208.944,,323.951,337.777,
2978308.945,,323.416,337.108,
2978408.941,,322.955,335.122,
2978508.939,,322.736,332.065,
2978608.934,,323.065,336.093,
2978708.934,,322.898,333.588,
2978808.931,,323.277,332.396,
2978908.930,,323.270,330.329,
2979008.925,,322.913,330.017,
2979108.921,,323.275,329.242,
2979208.921,,323.289,328.223,
2979308.922,,322.915,325.797,
2979408.915,,323.954,325.935,
2979508.917,,324.097,328.565,
2979608.915,,323.324,332.752,
2979708.913,,323.303,333.766,
2979808.910,,322.901,348.309,
2979908.902,,323.937,344.154,
2980008.900,,322.659,338.990,
2980108.898,,323.064,335.660,
2980208.900,,322.844,331.976,
2980308.891,,323.247,334.467,
2980408.890,,323.529,341.633,
2980508.890,,323.608,368.076,
2980608.884,,323.590,364.906,
2980708.886,,324.922,361.367,
2980808.883,,324.891,351.385,
2980908.883,,323.397,352.315,
2981008.876,,323.463,344.283,
2981108.876,,323.012,337.390,
2981208.870,,322.833,333.032,
2981308.870,,324.215,330.909,
2981408.864,,326.081,330.467,
2981508.863,,324.126,330.409,
2981608.865,,322.467,327.953,
2981708.862,,322.840,328.679,
2981808.859,,322.301,328.655,
2981908.852,,322.624,325.600,
2982008.850,,323.090,322.490,
2982108.849,,323.572,323.058,
2982208.846,,323.296,325.088,
2982308.846,,323.751,325.063,
2982408.842,,322.908,324.740,
2982508.837,,322.838,329.031,
2982608.841,,322.966,329.613,
2982708.835,,322.934,329.521,
2982808.834,,323.099,332.326,
2982908.827,,323.092,334.445,
2983008.831,,322.846,336.406,
2983108.827,,323.184,335.276,
2983208.823,,323.179,332.558,
2983308.819,,322.567,328.953,
2983408.815,,321.643,325.123,
2983508.815,,321.654,330.134,
2983608.815,,322.559,331.638,
2983708.809,,323.472,329.503,
2983808.806,,322.537,327.005,
2983908.808,,322.782,325.994,
2984008.798,,322.162,325.468,
2984108.798,,322.265,334.030,
2984208.794,,322.467,334.644,
2984308.789,,322.276,332.196,
2984408.786,,322.138,330.167,
2984508.783,,321.201,327.524,
2984608.776,,321.084,327.114,
2984708.774,,321.333,327.717,
2984808.770,,321.225,326.327,
2984908.770,,321.512,324.074,
2985008.767,,321.746,323.645,
2985108.760,,321.722,325.274,
2985208.760,,321.584,325.543,
2985308.752,,321.680,323.042,
2985408.748,,321.355,324.685,
2985508.746,,321.133,326.781,
2985608.743,,321.436,324.394,
2985708.736,,321.564,323.121,
2985808.735,,321.508,322.586,
2985908.731,,321.552,325.216,
2986008.725,,320.241,325.118,
2986108.727,,320.104,327.145,
2986208.722,,322.001,327.784,
2986308.716,,321.808,326.154,
2986408.715,,321.622,327.023,
2986508.713,,322.084,325.675,
2986608.706,,322.286,326.041,
2986708.703,,321.693,327.470,
2986808.697,,321.634,327.643,
2986908.698,,321.779,325.010,
2987008.690,,321.241,324.977,
2987108.690,,321.743,323.042,
2987208.681,,321.883,322.911,
2987308.677,,321.460,329.549,
2987408.676,,322.030,340.873,
2987508.674,,322.842,339.686,
2987608.666,,321.698,332.618,
2987708.665,,321.228,327.461,
2987808.664,,321.392,325.633,
2987908.661,,322.204,323.486,
2988008.652,,321.631,323.870,
2988108.652,,322.013,321.662,
2988208.651,,322.216,324.946,
2988308.645,,323.192,325.515,
2988408.639,,322.943,325.625,
2988508.639,,323.792,326.064,
2988608.631,,324.058,326.186,
2988708.633,,323.681,328.956,
2988808.624,,323.907,328.176,
2988908.624,,322.773,326.482,
2989008.616,,322.134,325.700,
2989108.616,,321.011,326.464,
2989208.611,,321.232,324.378,
2989308.610,,322.595,325.204,
2989408.605,,321.981,324.293,
2989508.600,,321.617,324.369,
2989608.594,,321.549,325.999,
2989708.590,,322.418,326.480,
2989808.592,,322.386,326.835,
2989908.583,,322.030,329.549,
2990008.580,,321.893,327.392,
2990108.578,,321.500,325.981,
2990208.576,,322.102,324.540,
2990308.571,,322.770,323.326,
2990408.570,,321.316,322.942,
2990508.565,,321.310,323.316,
2990608.563,,321.140,322.490,
2990708.553,,322.306,320.929,
2990808.556,,322.886,319.126,
2990908.548,,322.794,319.332,
2991008.545,,322.156,320.779,
2991108.540,,321.096,318.204,
2991208.541,,320.805,317.888,
2991308.535,,320.615,319.022,
2991408.531,,321.042,318.999,
2991508.525,,321.354,322.847,
2991608.520,,320.723,339.335,
2991708.517,,320.363,338.041,
2991808.513,,320.293,333.707,
2991908.511,,320.226,332.577,
2992008.509,,320.458,331.929,
2992108.505,,321.369,328.661,
2992208.507,,321.288,328.776,
2992308.500,,320.736,328.672,
2992408.496,,320.642,331.135,
2992508.494,,320.809,328.451,
2992608.492,,321.048,324.274,
2992708.488,,320.491,325.720,
2992808.484,,320.634,323.672,
2992908.485,,320.236,323.952,
2993008.478,,320.138,324.381,
2993108.478,,320.519,326.487,
2993208.472,,320.189,324.320,
2993308.471,,320.411,321.721,
2993408.467,,320.048,320.005,
2993508.463,,320.237,319.387,
2993608.463,,320.305,321.231,
2993708.461,,320.180,323.025,
2993808.456,,321.384,322.815,
2993908.457,,321.558,321.906,
2994008.449,,322.700,323.025,
2994108.451,,323.530,322.647,
2994208.449,,322.807,323.833,
2994308.442,,322.475,322.827,
2994408.438,,321.461,323.206,
2994508.439,,322.229,322.746,
2994608.433,,322.404,324.315,
2994708.435,,322.854,328.576,
2994808.429,,321.606,325.986,
2994908.424,,321.867,332.229,
2995008.425,,321.968,330.099,
2995108.422,,323.704,328.504,
2995208.414,,324.534,327.617,
2995308.413,,324.659,327.045,
2995408.413,,324.319,326.945,
2995508.410,,323.793,328.479,
2995608.407,,322.783,325.121,
2995708.405,,321.390,326.341,
2995808.398,,321.595,336.211,
2995908.397,,321.091,333.825,
2996008.394,,320.922,329.393,
2996108.393,,322.554,325.376,
2996208.390,,322.256,324.301,
2996308.381,,321.452,326.304,
2996408.383,,320.090,326.092,
2996508.382,,319.952,329.086,
2996608.375,,319.471,333.616,
2996708.373,,319.718,331.855,
2996808.373,,319.824,330.019,
2996908.368,,319.848,327.498,
2997008.367,,320.557,325.206,
2997108.358,,320.739,324.151,
2997208.362,,320.116,322.546,
2997308.353,,320.303,322.937,
2997408.351,,320.168,322.134,
2997508.347,,321.053,321.106,
2997608.345,,321.712,321.203,
2997708.344,,321.073,324.068,
2997808.337,,321.177,332.185,
2997908.340,,321.109,331.692,
2998008.335,,321.940,331.289,
2998108.329,,321.449,331.134,
2998208.328,,321.554,331.619,
2998308.329,,322.000,328.311,
2998408.320,,322.282,326.220,
2998508.320,,322.230,325.600,
2998608.314,,322.244,324.272,
2998708.315,,320.896,327.518,
2998808.311,,321.582,330.507,
2998908.308,,322.611,332.708,
2999008.307,,321.325,330.658,
2999108.301,,320.314,327.402,
2999208.302,,320.422,324.559,
2999308.300,,320.673,324.126,
2999408.297,,320.563,323.050,
2999508.292,,322.191,322.242,
2999608.287,,321.383,319.448,
2999708.287,,321.497,322.931,
2999808.283,,321.729,323.655,
2999908.278,,321.238,322.442,
3000008.278,,320.170,322.171,
3000108.275,,321.752,322.288,
3000208.266,,320.141,320.245,
3000308.266,,317.012,319.733,
3000408.260,,317.949,325.265,
3000508.255,,318.039,327.877,
3000608.252,,319.366,327.196,
3000708.248,,318.251,324.119,
3000808.246,,318.702,327.668,
3000908.241,,320.688,330.632,
3001008.238,,320.688,328.596,
3001108.234,,320.707,325.283,
3001208.234,,317.571,325.500,
3001308.228,,318.266,324.708,
3001408.223,,318.829,325.679,
3001508.222,,320.171,325.017,
3001608.215,,318.780,324.029,
3001708.211,,317.953,328.138,
3001808.209,,320.428,327.513,
3001908.204,,318.643,325.977,
3002008.203,,321.484,326.173,
3002108.203,,319.629,324.944,
3002208.198,,320.326,322.164,
3002308.190,,321.875,328.287,
3002408.191,,320.248,327.729,
3002508.182,,320.361,324.281,
3002608.182,,320.899,323.226,
3002708.181,,320.984,320.721,
3002808.172,,321.038,319.218,
3002908.168,,320.603,322.287,
3003008.170,,320.584,324.596,
3003108.161,,320.637,325.425,
3003208.162,,320.933,322.470,
3003308.158,,317.445,319.300,
3003408.149,,317.462,320.738,
3003508.151,,317.961,324.384,
3003608.143,,319.261,327.704,
3003708.144,,321.310,325.545,
3003808.141,,321.103,325.184,
3003908.133,,320.371,320.969,
3004008.134,,317.724,321.170,
3004108.130,,318.226,324.299,
3004208.123,,318.766,325.289,
3004308.120,,319.821,326.659,
3004408.116,,320.474,323.013,
3004508.112,,320.968,320.988,
3004608.109,,318.125,317.923,
3004708.105,,317.822,316.939,
3004808.101,,318.100,319.364,
3004908.101,,318.275,321.997,
3005008.095,,320.928,318.072,
3005108.089,,318.154,316.381,
3005208.087,,319.529,320.210,
3005308.088,,319.920,322.166,
3005408.078,,320.579,322.247,
3005508.074,,320.407,321.163,
3005608.071,,320.897,321.117,
3005708.071,,320.997,318.533,
3005808.066,,318.092,318.546,
3005908.062,,320.202,324.026,
3006008.062,,319.287,326.561,
3006108.060,,319.108,323.957,
3006208.052,,317.292,323.725,
3006308.051,,320.640,327.790,
3006408.045,,321.090,324.248,
3006508.043,,319.357,322.770,
3006608.038,,319.368,320.765,
3006708.036,,320.415,319.945,
3006808.032,,321.220,323.245,
3006908.025,,320.351,321.941,
3007008.024,,320.453,320.079,
3007108.020,,320.480,324.775,
3007208.017,,320.751,326.335,
3007308.012,,320.525,336.284,
3007408.012,,320.587,330.642,
3007508.007,,321.057,327.401,
3007608.004,,322.531,327.050,
3007707.996,,321.426,325.403,
3007807.994,,321.169,325.465,
3007907.996,,321.416,325.906,
3008007.986,,321.482,326.196,
3008107.983,,321.404,325.583,
3008207.983,,321.319,326.863,
3008307.984,,321.297,326.827,
3008407.980,,320.370,325.240,
3008507.978,,321.001,325.994,
3008607.971,,321.064,326.565,
3008707.970,,321.400,327.260,
3008807.966,,320.962,329.887,
3008907.962,,321.501,331.573,
3009007.964,,321.421,327.970,
3009107.956,,321.350,325.408,
3009207.952,,320.143,324.227,
3009307.953,,319.628,324.046,
3009407.952,,320.708,324.098,
3009507.943,,320.630,321.681,
3009607.946,,320.516,322.396,
3009707.942,,320.913,328.873,
3009807.936,,320.739,334.720,
3009907.934,,319.869,330.265,
3010007.933,,320.601,330.814,
3010107.930,,320.990,333.643,
3010207.927,,320.286,332.047,
3010307.927,,320.379,330.372,
3010407.918,,320.021,328.570,
3010507.915,,320.583,328.882,
3010607.912,,321.174,325.834,
3010707.915,,320.601,325.593,
3010807.907,,320.035,327.575,
3010907.906,,321.054,326.380,
3011007.901,,320.338,326.397,
3011107.899,,320.117,323.748,
3011207.899,,320.201,323.074,
3011307.897,,320.392,321.281,
3011407.892,,319.487,320.040,
3011507.889,,320.506,322.612,
3011607.884,,320.700,323.018,
3011707.884,,321.025,320.527,
3011807.880,,321.273,320.361,
3011907.874,,321.449,320.043,
3012007.872,,321.158,320.986,
3012107.872,,322.352,322.266,
3012207.869,,322.646,323.889,
3012307.864,,321.506,325.716,
3012407.864,,320.957,324.932,
3012507.864,,320.876,326.734,
3012607.857,,321.080,324.113,
3012707.855,,320.769,321.772,
3012807.854,,321.030,322.808,
3012907.851,,320.873,321.820,
3013007.850,,320.881,321.867,
3013107.845,,320.661,325.221,
3013207.838,,320.532,328.008,
3013307.838,,321.350,326.380,
3013407.835,,321.355,324.883,
3013507.834,,321.517,324.604,
3013607.832,,321.260,326.870,
3013707.825,,321.580,327.256,
3013807.824,,321.229,325.602,
3013907.823,,322.214,328.906,
3014007.819,,321.695,329.393,
3014107.812,,321.466,328.045,
3014207.809,,321.584,325.479,
3014307.811,,322.242,327.760,
3014407.803,,321.370,328.722,
3014507.803,,321.555,326.475,
3014607.800,,323.780,325.385,
3014707.801,,322.860,324.766,
3014807.791,,321.553,324.887,
3014907.793,,322.151,322.605,
3015007.790,,323.019,320.628,
3015107.786,,322.958,319.454,
3015207.786,,322.067,320.923,
3015307.780,,321.038,319.267,
3015407.777,,321.331,318.527,
3015507.772,,321.103,320.514,
3015607.771,,322.173,321.826,
3015707.771,,322.362,321.719,
3015807.769,,322.216,322.927,
3015907.764,,321.764,325.887,
3016007.760,,321.345,326.092,
3016107.756,,321.568,325.403,
3016207.751,,322.403,327.374,
3016307.745,,321.958,328.724,
3016407.740,,322.319,328.233,
3016507.738,,322.772,326.173,
3016607.734,,321.345,324.853,
3016707.728,,321.547,325.133,
3016807.726,,321.623,325.282,
3016907.724,,322.031,325.379,
3017007.717,,322.165,326.223,
3017107.716,,322.040,325.190,
3017207.713,,322.043,330.107,
3017307.710,,321.342,334.824,
3017407.704,,321.255,333.171,
3017507.698,,320.752,329.266,
3017607.692,,320.435,333.246,
3017707.691,,321.287,337.195,
3017807.684,,321.245,342.253,
3017907.681,,320.748,339.202,
3018007.682,,320.709,336.908,
3018107.678,,320.137,343.327,
3018207.673,,320.198,350.767,
3018307.665,,320.475,352.605,
3018407.663,,320.074,345.556,
3018507.662,,320.325,340.541,
3018607.657,,321.297,335.806,
3018707.650,,321.592,331.813,
3018807.648,,321.560,329.553,
3018907.642,,321.865,331.057,
3019007.638,,321.951,329.101,
3019107.637,,321.299,327.157,
3019207.631,,321.230,331.691,
3019307.628,,322.452,327.560,
3019407.625,,321.320,323.976,
3019507.622,,320.849,322.410,
3019607.620,,319.803,324.477,
3019707.613,,320.899,327.559,
3019807.611,,320.526,337.525,
3019907.607,,320.973,337.984,
3020007.603,,321.591,340.134,
3020107.600,,321.630,338.747,
3020207.594,,322.433,337.175,
3020307.592,,322.902,334.832,
3020407.589,,323.275,331.043,
3020507.580,,322.269,326.069,
3020607.575,,321.423,323.018,
3020707.575,,321.531,322.030,
3020807.571,,322.694,323.889,
3020907.564,,323.417,327.250,
3021007.562,,322.861,335.762,
3021107.560,,322.559,330.494,
3021207.556,,322.718,326.968,
3021307.550,,323.017,325.331,
3021407.548,,323.133,324.685,
3021507.546,,323.181,323.897,
3021607.537,,323.113,327.957,
3021707.537,,322.248,326.394,
3021807.528,,322.502,326.858,
3021907.530,,322.435,325.371,
3022007.523,,321.599,323.935,
3022107.522,,320.822,325.542,
3022207.512,,320.802,324.542,
3022307.514,,320.233,329.233,
3022407.507,,320.622,329.273,
3022507.500,,321.016,326.034,
3022607.499,,320.642,324.175,
3022707.494,,320.662,339.121,
3022807.492,,321.085,344.238,
3022907.490,,321.148,340.199,
3023007.483,,321.003,334.715,
3023107.482,,320.750,332.985,
3023207.474,,320.096,327.424,
3023307.469,,320.315,323.698,
3023407.466,,320.562,321.987,
3023507.467,,321.103,322.504,
3023607.459,,321.337,322.006,
3023707.454,,322.646,321.811,
3023807.456,,322.649,322.025,
3023907.453,,323.080,323.998,
3024007.452,,322.562,323.011,
3024107.449,,323.640,324.392,
3024207.442,,323.729,326.548,
3024307.440,,323.339,330.562,
3024407.443,,323.443,327.626,
3024507.438,,323.031,326.811,
3024607.437,,322.034,325.868,
3024707.436,,321.745,329.020,
3024807.430,,321.180,328.275,
3024907.433,,320.126,327.344,
3025007.427,,319.814,324.750,
3025107.430,,320.008,328.304,
3025207.424,,320.209,333.943,
3025307.422,,319.755,341.864,
3025407.420,,319.773,337.894,
3025507.420,,319.491,333.956,
3025607.417,,319.469,332.591,
3025707.417,,319.218,331.203,
3025807.412,,318.201,329.975,
3025907.410,,319.285,340.822,
3026007.405,,319.123,342.421,
3026107.406,,318.819,335.386,
3026207.405,,319.207,329.978,
3026307.399,,319.350,326.758,
3026407.397,,319.657,325.254,
3026507.399,,320.094,324.239,
3026607.393,,320.102,323.291,
3026707.390,,319.902,321.864,
3026807.394,,319.895,324.095,
3026907.388,,319.696,321.577,
3027007.387,,319.249,318.550,
3027107.383,,320.014,317.679,
3027207.384,,321.968,319.431,
3027307.379,,323.144,319.453,
3027407.376,,323.282,323.181,
3027507.376,,323.592,325.961,
3027607.376,,321.961,326.216,
3027707.372,,320.566,326.635,
3027807.373,,319.292,331.032,
3027907.367,,320.323,330.903,
3028007.367,,323.497,336.564,
3028107.365,,320.893,341.702,
3028207.360,,317.779,339.537,
3028307.360,,321.635,340.428,
3028407.361,,321.408,336.576,
3028507.359,,321.079,333.423,
3028607.353,,321.435,332.700,
3028707.349,,321.718,333.535,
3028807.349,,322.305,331.733,
3028907.349,,322.294,329.917,
3029007.346,,322.052,330.103,
3029107.346,,322.182,330.567,
3029207.339,,321.855,328.519,
3029307.337,,322.079,327.350,
3029407.336,,321.553,326.617,
3029507.339,,321.409,326.988,
3029607.336,,320.939,325.746,
3029707.329,,320.352,323.662,
3029807.327,,321.332,324.014,
3029907.325,,320.981,326.430,
3030007.322,,320.915,326.670,
3030107.326,,319.714,334.044,
3030207.319,,319.338,334.749,
3030307.321,,319.826,328.832,
3030407.317,,320.082,324.476,
3030507.312,,319.738,323.173,
3030607.312,,319.123,320.552,
3030707.311,,319.011,319.264,
3030807.305,,319.362,321.420,
3030907.309,,319.564,319.134,
3031007.306,,320.407,318.583,
3031107.305,,321.971,320.074,
3031207.297,,322.975,321.567,
3031307.297,,323.412,321.069,
3031407.298,,321.662,322.441,
3031507.297,,321.654,322.301,
3031607.293,,321.175,323.725,
3031707.288,,322.556,324.323,
3031807.288,,323.242,324.409,
3031907.285,,322.001,322.890,
3032007.281,,321.843,320.432,
3032107.276,,321.825,319.778,
3032207.273,,322.268,322.202,
3032307.271,,321.399,320.938,
3032407.268,,321.551,320.937,
3032507.267,,321.783,320.773,
3032607.261,,322.113,320.012,
3032707.257,,322.148,319.970,
3032807.251,,321.920,318.621,
3032907.253,,321.667,319.829,
3033007.247,,321.834,321.685,
3033107.242,,321.821,322.920,
3033207.237,,321.657,322.701,
3033307.237,,321.614,321.207,
3033407.231,,321.311,322.096,
3033507.229,,320.742,323.745,
3033607.225,,320.662,323.491,
3033707.221,,320.222,325.900,
3033807.221,,320.889,327.192,
3033907.217,,321.271,324.721,
3034007.215,,321.673,328.071,
3034107.209,,322.184,329.134,
3034207.204,,321.264,326.483,
3034307.206,,320.817,325.314,
3034407.196,,320.546,325.359,
3034507.198,,320.563,324.528,
3034607.196,,321.127,324.383,
3034707.191,,321.184,322.574,
3034807.183,,321.532,322.266,
3034907.179,,322.395,321.346,
3035007.179,,322.954,319.617,
3035107.172,,323.505,320.602,
3035207.172,,322.818,320.574,
3035307.172,,321.725,319.757,
3035407.169,,321.400,322.504,
3035507.163,,322.319,325.542,
3035607.158,,322.926,325.907,
3035707.159,,321.150,324.325,
3035807.151,,321.012,324.098,
3035907.150,,321.649,322.516,
3036007.145,,322.404,325.647,
3036107.142,,321.666,331.702,
3036207.138,,321.985,337.119,
3036307.136,,322.460,346.396,
3036407.132,,322.103,344.816,
3036507.131,,322.175,338.645,
3036607.127,,322.407,332.594,
3036707.118,,322.165,328.965,
3036807.116,,322.846,328.119,
3036907.114,,322.527,325.257,
3037007.110,,322.189,325.609,
3037107.106,,321.964,327.495,
3037207.107,,322.007,332.662,
3037307.103,,321.461,338.987,
3037407.100,,321.696,336.375,
3037507.094,,321.915,334.854,
3037607.089,,321.436,334.072,
3037707.089,,321.293,333.016,
3037807.082,,321.215,340.119,
3037907.083,,321.354,339.350,
3038007.074,,321.296,337.416,
3038107.076,,321.635,334.285,
3038207.068,,321.865,330.981,
3038307.067,,321.933,329.594,
3038407.062,,322.076,327.721,
3038507.061,,322.179,329.273,
3038607.059,,321.697,330.001,
3038707.055,,321.836,327.961,
3038807.053,,321.889,327.419,
3038907.046,,322.391,325.308,
3039007.043,,322.522,323.711,
3039107.039,,322.633,324.686,
3039207.034,,322.542,323.262,
3039307.035,,322.786,324.138,
3039407.029,,322.069,322.394,
3039507.027,,322.154,320.579,
3039607.020,,322.203,320.283,
3039707.019,,321.502,319.266,
3039807.014,,320.774,319.803,
3039907.015,,320.235,321.980,
3040007.011,,320.573,332.446,
3040107.002,,320.740,328.929,
3040207.003,,321.893,332.142,
3040307.001,,321.266,337.415,
3040406.995,,321.479,341.724,
3040506.993,,319.923,345.184,
3040606.987,,320.629,340.642,
3040706.986,,317.235,337.251,
3040806.979,,316.417,338.024,
3040906.980,,318.398,341.428,
3041006.972,,319.139,340.262,
3041106.969,,319.813,342.622,
3041206.962,,319.513,337.691,
3041306.963,,323.149,334.174,
3041406.961,,322.205,332.869,
3041506.954,,320.799,330.370,
3041606.954,,320.415,330.410,
3041706.947,,320.234,328.234,
3041806.941,,321.180,327.834,
3041906.939,,322.483,326.993,
3042006.938,,322.004,327.732,
3042106.935,,322.045,327.704,
3042206.930,,320.085,324.939,
3042306.925,,321.190,324.239,
3042406.922,,321.280,325.648,
3042506.916,,321.566,333.442,
3042606.913,,320.858,340.896,
3042706.912,,320.443,339.771,
3042806.909,,319.947,347.707,
3042906.903,,319.251,344.154,
3043006.899,,319.293,339.729,
3043106.893,,319.911,334.211,
3043206.890,,319.628,331.528,
3043306.890,,319.860,328.936,
3043406.885,,322.103,334.082,
3043506.883,,322.305,332.258,
3043606.877,,320.871,334.034,
3043706.874,,321.227,330.625,
3043806.871,,321.555,327.845,
3043906.865,,322.921,326.295,
3044006.864,,323.191,327.096,
3044106.857,,322.658,326.370,
3044206.854,,322.907,330.410,
3044306.852,,322.609,335.203,
3044406.852,,322.012,331.242,
3044506.845,,322.281,331.882,
3044606.842,,322.520,331.653,
3044706.835,,322.948,331.748,
3044806.837,,322.178,337.175,
3044906.831,,323.484,337.502,
3045006.828,,324.101,332.145,
3045106.827,,324.082,331.313,
3045206.822,,324.036,327.429,
3045306.818,,322.549,323.283,
3045406.813,,322.160,322.319,
3045506.811,,322.712,321.193,
3045606.805,,322.772,321.302,
3045706.800,,323.283,319.483,
3045806.800,,323.345,318.118,
3045906.796,,322.997,316.320,
3046006.793,,322.060,315.514,
3046106.790,,322.341,315.664,
3046206.785,,321.469,315.014,
3046306.781,,321.211,313.800,
3046406.778,,321.034,314.537,
3046506.773,,321.188,317.529,
3046606.766,,321.071,322.997,
3046706.765,,321.296,330.214,
3046806.762,,321.252,326.796,
3046906.761,,322.330,327.282,
3047006.756,,322.331,324.277,
3047106.753,,322.034,324.006,
3047206.744,,321.884,323.528,
3047306.741,,321.484,320.643,
3047406.740,,320.650,319.191,
3047506.738,,321.184,321.176,
3047606.734,,321.219,320.657,
3047706.732,,320.709,323.171,
3047806.727,,320.924,325.641,
3047906.720,,320.432,327.259,
3048006.719,,320.937,325.772,
3048106.714,,320.871,326.009,
3048206.714,,319.660,326.017,
3048306.710,,319.910,326.687,
3048406.708,,319.672,332.594,
3048506.704,,318.914,332.075,
3048606.704,,320.844,333.054,
3048706.699,,322.115,335.081,
3048806.699,,323.355,333.334,
3048906.698,,322.290,330.491,
3049006.690,,322.550,328.074,
3049106.688,,322.024,324.040,
3049206.685,,321.622,322.148,
3049306.680,,321.691,322.255,
3049406.680,,321.382,323.942,
3049506.678,,321.736,322.204,
3049606.673,,321.278,319.517,
3049706.673,,320.593,318.535,
3049806.667,,320.597,318.714,
3049906.668,,320.371,323.610,
3050006.661,,320.716,322.483,
3050106.658,,319.414,325.313,
3050206.661,,319.506,328.236,
3050306.654,,319.705,328.323,
3050406.652,,320.415,323.952,
3050506.652,,319.900,321.194,
3050606.649,,320.480,320.117,
3050706.641,,320.217,324.036,
3050806.643,,319.499,329.531,
3050906.637,,319.911,330.701,
3051006.633,,319.906,325.107,
3051106.632,,319.705,322.606,
3051206.632,,319.654,322.897,
3051306.628,,320.177,323.672,
3051406.626,,320.269,331.714,
3051506.623,,320.699,332.520,
3051606.619,,321.991,329.416,
3051706.615,,321.941,326.569,
3051806.613,,322.174,326.162,
3051906.607,,322.004,328.185,
3052006.609,,322.363,334.888,
3052106.605,,322.180,335.395,
3052206.604,,324.637,336.732,
3052306.601,,324.478,334.295,
3052406.597,,322.307,342.554,
3052506.591,,321.568,336.500,
3052606.593,,321.056,333.436,
3052706.587,,321.432,336.757,
3052806.586,,321.564,331.999,
3052906.581,,320.933,328.357,
3053006.582,,321.346,327.557,
3053106.579,,321.271,329.560,
3053206.574,,323.063,330.436,
3053306.572,,323.543,326.288,
3053406.570,,322.027,322.721,
3053506.564,,321.503,322.785,
3053606.564,,321.235,323.488,
3053706.560,,321.199,323.259,
3053806.554,,321.098,325.242,
3053906.550,,320.569,325.347,
3054006.552,,321.136,324.017,
3054106.551,,320.302,327.359,
3054206.541,,320.476,328.877,
3054306.545,,320.454,332.202,
3054406.537,,320.829,328.815,
3054506.535,,321.171,327.825,
3054606.535,,321.044,327.911,
3054706.532,,321.371,327.033,
3054806.525,,321.126,325.826,
3054906.522,,320.546,325.323,
3055006.522,,320.689,326.572,
3055106.521,,320.759,329.342,
3055206.517,,321.156,329.585,
3055306.511,,321.669,329.993,
3055406.514,,321.727,331.297,
3055506.505,,321.390,330.672,
3055606.502,,321.683,333.764,
3055706.503,,321.719,333.015,
3055806.501,,321.645,333.778,
3055906.495,,320.911,328.961,
3056006.493,,319.800,324.569,
3056106.491,,319.753,323.232,
3056206.487,,319.818,323.101,
3056306.483,,320.272,332.181,
3056406.487,,320.854,353.473,
3056506.480,,320.736,349.385,
3056606.477,,320.882,342.600,
3056706.475,,320.799,337.892,
3056806.473,,320.580,335.874,
3056906.470,,320.724,331.096,
3057006.467,,320.445,328.351,
3057106.462,,321.280,326.417,
3057206.464,,320.332,323.992,
3057306.463,,321.237,322.154,
3057406.454,,321.158,325.747,
3057506.458,,321.159,329.135,
3057606.450,,321.291,328.942,
3057706.449,,320.761,324.971,
3057806.444,,320.579,322.847,
3057906.444,,321.052,324.384,
3058006.440,,321.954,326.535,
3058106.436,,321.601,326.793,
3058206.437,,322.074,329.308,
3058306.434,,322.846,326.722,
3058406.429,,322.362,324.286,
3058506.431,,320.994,322.836,
3058606.424,,321.065,323.123,
3058706.426,,321.287,324.891,
3058806.419,,320.741,323.514,
3058906.420,,321.030,322.300,
3059006.413,,320.862,324.956,
3059106.415,,320.831,325.473,
3059206.408,,321.611,325.719,
3059306.409,,322.877,327.531,
3059406.406,,322.031,329.013,
3059506.403,,321.778,330.323,
3059606.400,,321.661,336.391,
3059706.399,,321.598,332.529,
3059806.392,,321.569,329.680,
3059906.395,,322.006,327.231,
3060006.387,,322.095,324.741,
3060106.389,,320.659,323.105,
3060206.383,,320.513,321.553,
3060306.380,,321.123,319.957,
3060406.378,,320.778,327.817,
3060506.377,,321.050,335.043,
3060606.372,,320.768,333.711,
3060706.371,,320.824,331.604,
3060806.368,,320.930,331.188,
3060906.368,,320.648,329.177,
3061006.361,,322.006,328.020,
3061106.358,,322.546,328.899,
3061206.357,,321.415,329.573,
3061306.358,,321.254,327.499,
3061406.353,,322.169,327.207,
3061506.351,,322.898,326.620,
3061606.349,,322.543,326.935,
3061706.328,,322.474,324.041,
3061806.341,,321.859,320.760,
3061906.336,,321.686,320.504,
3062006.337,,322.036,321.517,
3062106.333,,322.071,321.246,
3062206.330,,322.334,320.366,
3062306.332,,322.457,319.580,
3062406.328,,321.296,318.721,
3062506.324,,321.904,325.545,
3062606.321,,322.401,329.284,
3062706.320,,321.385,330.179,
3062806.316,,322.427,331.390,
3062906.311,,322.241,329.762,
3063006.313,,321.951,339.040,
3063106.311,,322.308,345.122,
3063206.302,,321.837,340.702,
3063306.300,,322.733,353.001,
3063406.302,,322.107,348.677,
3063506.300,,322.066,339.992,
3063606.296,,321.965,335.215,
3063706.294,,322.493,331.912,
3063806.286,,322.395,327.937,
3063906.288,,321.857,324.713,
3064006.285,,321.930,324.274,
3064106.275,,322.237,323.734,
3064206.273,,321.089,321.816,
3064306.273,,320.755,322.399,
3064406.265,,321.105,322.678,
3064506.261,,320.998,322.725,
3064606.259,,321.273,330.022,
3064706.258,,320.869,327.100,
3064806.254,,321.892,324.191,
3064906.253,,323.479,322.012,
3065006.248,,321.714,320.027,
3065106.240,,321.916,320.015,
3065206.240,,322.008,319.166,
3065306.237,,321.271,319.470,
3065406.234,,320.699,320.349,
3065506.229,,320.662,320.501,
3065606.227,,321.017,322.486,
3065706.226,,320.923,326.667,
3065806.218,,321.190,330.567,
3065906.218,,320.890,328.042,
3066006.209,,320.434,323.851,
3066106.210,,320.556,322.909,
3066206.204,,320.495,326.282,
3066306.204,,320.819,325.871,
3066406.197,,321.445,324.498,
3066506.194,,320.425,322.923,
3066606.193,,321.665,323.900,
3066706.188,,321.911,337.674,
3066806.183,,321.291,333.175,
3066906.183,,321.196,329.991,
3067006.179,,321.404,329.166,
3067106.175,,321.088,325.825,
3067206.168,,321.640,323.804,
3067306.165,,323.471,322.837,
3067406.165,,322.268,320.271,
3067506.162,,321.865,319.338,
3067606.155,,321.997,322.242,
3067706.154,,322.632,322.348,
3067806.151,,322.321,328.424,
3067906.146,,322.676,326.888,
3068006.145,,322.213,323.564,
3068106.138,,321.615,322.291,
3068206.134,,321.741,322.711,
3068306.135,,321.790,320.767,
3068406.130,,321.770,318.878,
3068506.125,,321.662,317.393,
3068606.124,,321.589,317.337,
3068706.120,,322.111,317.388,
3068806.118,,321.102,317.036,
3068906.111,,321.365,318.635,
3069006.107,,321.269,324.305,
3069106.104,,321.068,324.656,
3069206.102,,321.336,324.909,
3069306.095,,321.115,324.691,
3069406.096,,320.970,323.097,
3069506.090,,320.822,322.658,
3069606.086,,320.633,321.504,
3069706.082,,321.350,322.130,
3069806.077,,321.606,323.108,
3069906.075,,322.184,328.590,
3070006.070,,322.232,329.241,
3070106.071,,321.043,325.497,
3070206.063,,321.119,323.829,
3070306.062,,321.454,320.973,
3070406.057,,321.529,320.065,
3070506.057,,321.023,320.341,
3070606.049,,320.650,318.184,
3070706.047,,320.885,317.410,
3070806.041,,319.894,319.901,
3070906.039,,321.237,321.359,
3071006.040,,322.998,322.124,
3071106.035,,322.667,323.879,
3071206.028,,322.251,322.558,
3071306.030,,323.125,323.644,
3071406.025,,322.899,324.402,
3071506.018,,322.865,324.322,
3071606.017,,322.720,329.020,
3071706.017,,323.773,329.916,
3071806.009,,323.176,328.566,
3071906.005,,323.192,326.860,
3072006.004,,322.738,326.851,
3072106.000,,322.318,326.508,
3072205.999,,321.810,326.624,
3072305.991,,321.864,331.131,
3072405.989,,321.924,330.914,
3072505.991,,322.272,336.357,
3072605.985,,322.734,332.671,
3072705.983,,322.702,330.007,
3072805.979,,322.966,327.766,
3072905.977,,320.898,325.862,
3073005.975,,320.727,323.652,
3073105.966,,321.078,323.777,
3073205.964,,320.905,323.282,
3073305.959,,321.006,321.862,
3073405.960,,320.544,321.960,
3073505.958,,321.084,322.525,
3073605.951,,320.937,322.691,
3073705.951,,322.502,323.863,
3073805.949,,322.869,324.977,
3073905.945,,323.680,323.291,
3074005.941,,323.420,322.597,
3074105.940,,322.946,326.696,
3074205.937,,322.740,330.945,
3074305.930,,322.895,329.415,
3074405.926,,322.257,328.328,
3074505.923,,321.682,331.782,
3074605.924,,322.131,333.519,
3074705.918,,321.988,333.805,
3074805.913,,321.398,333.052,
3074905.911,,321.621,335.311,
3075005.907,,321.456,337.154,
3075105.909,,321.571,336.343,
3075205.901,,322.038,332.125,
3075305.899,,322.304,330.197,
3075405.895,,321.960,330.021,
3075505.892,,322.551,334.658,
3075605.889,,323.166,333.933,
3075705.887,,323.933,330.204,
3075805.881,,322.239,327.278,
3075905.883,,321.491,325.718,
3076005.881,,321.142,324.557,
3076105.878,,320.536,324.282,
3076205.875,,321.065,325.515,
3076305.872,,320.425,328.219,
3076405.866,,320.396,327.609,
3076505.863,,320.705,326.911,
3076605.858,,321.362,326.715,
3076705.859,,321.505,325.473,
3076805.850,,320.880,324.772,
3076905.849,,320.806,326.443,
3077005.845,,320.782,328.470,
3077105.844,,321.023,330.781,
3077205.842,,320.827,330.607,
3077305.840,,320.549,327.681,
3077405.834,,320.405,323.723,
3077505.828,,320.641,323.793,
3077605.825,,320.649,323.816,
3077705.828,,320.478,332.961,
3077805.820,,320.604,330.343,
3077905.820,,320.700,328.070,
3078005.812,,321.590,326.244,
3078105.813,,320.398,324.164,
3078205.811,,321.226,321.895,
3078305.807,,322.233,320.457,
3078405.802,,322.771,321.592,
3078505.803,,321.598,322.123,
3078605.796,,320.372,320.457,
3078705.797,,319.749,319.436,
3078805.793,,319.472,323.106,
3078905.789,,320.776,330.588,
3079005.783,,321.182,339.893,
3079105.784,,318.342,336.600,
3079205.781,,319.363,337.349,
3079305.773,,322.016,336.492,
3079405.769,,322.445,330.791,
3079505.770,,322.063,327.713,
3079605.765,,322.160,325.858,
3079705.764,,322.682,324.918,
3079805.762,,321.920,326.401,
3079905.759,,321.953,325.791,
3080005.758,,322.022,324.489,
3080105.754,,322.130,324.329,
3080205.751,,321.492,322.086,
3080305.743,,321.903,320.805,
3080405.742,,321.395,320.643,
3080505.742,,320.748,319.009,
3080605.740,,319.472,318.307,
3080705.738,,320.374,319.837,
3080805.735,,320.664,321.678,
3080905.732,,320.803,320.500,
3081005.730,,320.731,319.698,
3081105.725,,320.957,319.009,
3081205.725,,320.188,317.537,
3081305.725,,320.595,320.824,
3081405.722,,321.090,323.504,
3081505.717,,321.604,323.914,
3081605.716,,320.900,321.968,
3081705.709,,320.362,322.100,
3081805.706,,319.610,319.766,
3081905.710,,319.590,319.038,
3082005.704,,320.147,316.972,
3082105.699,,319.999,315.374,
3082205.699,,320.330,315.582,
3082305.699,,320.742,319.345,
3082405.696,,321.106,320.337,
3082505.689,,320.696,321.165,
3082605.693,,321.074,322.648,
3082705.689,,320.926,322.697,
3082805.685,,321.059,322.045,
3082905.679,,320.276,319.171,
3083005.676,,320.038,316.921,
3083105.676,,319.820,315.533,
3083205.671,,319.423,313.484,
3083305.675,,318.765,315.961,
3083405.672,,319.384,317.015,
3083505.668,,320.125,319.248,
3083605.665,,320.615,319.663,
3083705.666,,319.402,320.053,
3083805.661,,319.951,319.744,
3083905.657,,320.639,321.248,
3084005.656,,320.627,324.571,
3084105.655,,319.318,323.754,
3084205.653,,319.584,320.238,
3084305.644,,318.736,319.452,
3084405.642,,318.337,318.741,
3084505.640,,318.628,318.109,
3084605.638,,318.934,316.217,
3084705.635,,317.922,316.974,
3084805.631,,318.041,316.534,
3084905.633,,317.603,317.875,
3085005.626,,318.291,321.608,
3085105.627,,318.377,321.303,
3085205.622,,317.835,319.103,
3085305.622,,318.142,320.598,
3085405.622,,318.499,318.800,
3085505.615,,318.363,315.959,
3085605.613,,318.397,315.232,
3085705.611,,318.693,317.004,
3085805.612,,318.633,323.918,
3085905.607,,318.446,323.520,
3086005.607,,318.547,324.270,
3086105.602,,318.982,323.514,
3086205.598,,318.843,323.254,
3086305.597,,318.997,327.566,
3086405.596,,318.930,322.657,
3086505.593,,320.098,321.235,
3086605.592,,319.384,321.487,
3086705.587,,319.597,321.842,
3086805.585,,319.804,321.410,
3086905.581,,319.641,323.225,
3087005.581,,320.433,324.860,
3087105.577,,319.893,329.779,
3087205.578,,320.046,335.773,
3087305.570,,320.269,334.602,
3087405.568,,319.891,340.701,
3087505.569,,319.140,342.648,
3087605.565,,319.689,337.720,
3087705.565,,321.131,335.304,
3087805.556,,320.428,331.246,
3087905.553,,320.679,329.251,
3088005.554,,319.633,330.573,
3088105.551,,319.164,329.839,
3088205.546,,319.456,326.808,
3088305.540,,319.743,325.706,
3088405.536,,320.036,323.223,
3088505.538,,319.936,322.607,
3088605.535,,319.535,319.697,
3088705.531,,319.127,320.361,
3088805.526,,319.693,320.174,
3088905.523,,319.394,324.874,
3089005.519,,319.217,338.688,
3089105.514,,319.926,342.495,
3089205.514,,320.019,337.347,
3089305.511,,319.498,332.518,
3089405.509,,319.457,327.655,
3089505.500,,319.350,326.915,
3089605.500,,321.073,325.015,
3089705.498,,320.015,324.959,
3089805.493,,320.406,323.190,
3089905.488,,320.014,320.897,
3090005.487,,319.825,318.924,
3090105.481,,320.295,318.241,
3090205.483,,322.639,317.790,
3090305.476,,321.770,318.595,
3090405.476,,321.187,321.377,
3090505.472,,322.365,322.108,
3090605.469,,322.096,323.363,
3090705.464,,322.603,322.959,
3090805.462,,321.650,321.064,
3090905.458,,320.354,319.765,
3091005.456,,320.650,318.594,
3091105.452,,321.706,319.522,
3091205.444,,322.363,320.522,
3091305.441,,321.612,320.015,
3091405.437,,321.334,321.301,
3091505.439,,321.077,321.020,
3091605.434,,321.824,325.097,
3091705.429,,321.132,328.095,
3091805.429,,322.017,327.433,
3091905.421,,321.658,324.616,
3092005.419,,321.425,324.992,
3092105.419,,320.973,325.009,
3092205.413,,320.874,330.081,
3092305.412,,321.266,332.598,
3092405.408,,320.847,344.265,
3092505.401,,321.099,346.643,
3092605.402,,321.695,343.950,
3092705.396,,321.715,338.086,
3092805.391,,321.690,335.583,
3092905.389,,321.895,333.580,
3093005.386,,321.838,336.669,
3093105.386,,322.069,334.919,
3093205.378,,322.341,341.244,
3093305.380,,322.288,336.741,
3093405.373,,321.438,331.417,
3093505.367,,321.509,328.602,
3093605.370,,321.363,328.715,
3093705.367,,321.532,327.163,
3093805.364,,320.833,327.970,
3093905.359,,321.028,327.779,
3094005.355,,320.261,327.837,
3094105.350,,320.960,326.849,
3094205.350,,320.815,326.001,
3094305.344,,320.839,327.451,
3094405.339,,321.074,325.886,
3094505.339,,321.076,325.409,
3094605.332,,321.139,326.237,
3094705.329,,321.060,323.821,
3094805.326,,321.199,323.522,
3094905.325,,321.430,325.247,
3095005.324,,321.455,328.716,
3095105.319,,322.138,332.231,
3095205.316,,320.687,338.696,
3095305.311,,321.384,345.644,
3095405.308,,321.697,345.851,
3095505.302,,321.660,342.352,
3095605.298,,321.443,336.697,
3095705.298,,321.932,333.916,
3095805.296,,321.919,333.479,
3095905.292,,321.860,334.032,
3096005.289,,321.363,339.727,
3096105.287,,322.146,334.968,
3096205.283,,321.642,336.839,
3096305.281,,321.792,358.372,
3096405.281,,321.457,366.453,
3096505.276,,321.137,353.515,
3096605.275,,321.644,343.830,
3096705.273,,321.656,336.714,
3096805.273,,321.768,333.918,
3096905.271,,321.658,333.759,
3097005.265,,321.665,333.482,
3097105.266,,321.799,333.074,
3097205.262,,322.193,332.412,
3097305.261,,322.321,327.867,
3097405.258,,321.727,324.549,
3097505.256,,321.922,324.692,
3097605.251,,321.619,322.676,
3097705.249,,321.631,324.342,
3097805.252,,320.824,324.923,
3097905.245,,320.886,325.590,
3098005.244,,320.151,324.180,
3098105.242,,319.429,323.371,
3098205.241,,320.477,323.739,
3098305.237,,320.931,324.218,
3098405.234,,320.628,342.395,
3098505.235,,321.620,353.073,
3098605.228,,320.596,342.968,
3098705.228,,319.844,334.971,
3098805.229,,320.085,330.933,
3098905.221,,320.607,329.221,
3099005.218,,320.886,329.511,
3099105.220,,319.677,330.136,
3099205.215,,320.137,328.263,
3099305.211,,319.663,328.312,
3099405.212,,319.393,328.349,
3099505.208,,320.017,328.370,
3099605.205,,319.868,331.432,
3099705.206,,319.567,330.223,
3099805.201,,320.634,334.919,
3099905.200,,319.383,329.320,
3100005.195,,319.158,325.072,
3100105.194,,319.944,326.014,
3100205.196,,321.469,326.490,
3100305.191,,321.903,327.154,
3100405.191,,321.721,327.123,
3100505.184,,321.278,323.899,
3100605.186,,320.330,323.461,
3100705.181,,320.342,322.688,
3100805.180,,320.917,326.160,
3100905.180,,319.403,328.695,
3101005.179,,320.261,329.538,
3101105.173,,321.932,330.262,
3101205.168,,320.715,333.362,
3101305.166,,320.722,343.851,
3101405.165,,320.726,343.132,
3101505.162,,320.543,337.795,
3101605.159,,321.253,336.099,
3101705.162,,321.211,334.327,
3101805.159,,320.595,328.896,
3101905.157,,320.371,325.177,
3102005.151,,320.374,322.466,
3102105.148,,320.402,323.334,
3102205.150,,320.280,325.037,
3102305.148,,320.321,325.660,
3102405.142,,320.149,326.645,
3102505.145,,320.151,329.751,
3102605.142,,320.102,334.568,
3102705.140,,320.368,337.164,
3102805.133,,320.987,344.650,
3102905.131,,319.185,339.743,
3103005.132,,318.423,335.912,
3103105.126,,318.790,331.358,
3103205.127,,318.574,326.645,
3103305.122,,319.934,324.464,
3103405.118,,320.672,323.437,
3103505.121,,320.908,321.975,
3103605.114,,321.365,320.598,
3103705.112,,321.254,320.431,
3103805.113,,321.444,319.050,
3103905.108,,319.818,318.900,
3104005.104,,319.798,319.037,
3104105.099,,319.003,322.642,
3104205.094,,319.546,321.199,
3104305.090,,319.467,319.006,
3104405.085,,319.556,318.907,
3104505.080,,319.642,323.200,
3104605.080,,319.756,330.783,
3104705.079,,319.080,334.173,
3104805.068,,319.065,333.658,
3104905.066,,319.454,341.685,
3105005.065,,319.775,336.840,
3105105.057,,320.100,331.964,
3105205.055,,319.172,336.637,
3105305.052,,320.028,337.679,
3105405.045,,320.102,337.362,
3105505.042,,319.810,333.665,
3105605.039,,319.632,331.029,
3105705.035,,319.420,331.287,
3105805.033,,319.273,329.387,
3105905.027,,319.673,326.166,
3106005.022,,319.840,324.979,
3106105.018,,319.745,322.414,
3106205.014,,319.982,321.838,
3106305.011,,320.104,327.405,
3106405.005,,319.185,330.529,
3106505.002,,319.886,328.824,
3106604.997,,320.360,327.191,
3106704.995,,319.894,326.089,
3106804.993,,320.752,323.717,
3106904.986,,321.998,321.729,
3107004.984,,321.943,322.383,
3107104.980,,321.854,324.735,
3107204.972,,321.974,329.782,
3107304.968,,321.416,331.180,
3107404.966,,321.544,329.274,
3107504.962,,321.658,328.470,
3107604.955,,321.125,326.334,
3107704.956,,321.058,323.440,
3107804.948,,321.162,323.665,
3107904.944,,320.492,324.933,
3108004.944,,320.625,322.977,
3108104.936,,320.414,321.024,
3108204.933,,320.904,323.813,
3108304.931,,320.698,324.209,
3108404.925,,320.845,326.981,
3108504.921,,320.643,331.043,
3108604.918,,320.886,327.795,
3108704.914,,320.893,324.321,
3108804.910,,321.285,322.337,
3108904.906,,320.908,320.670,
3109004.899,,320.924,320.942,
3109104.894,,321.462,320.578,
3109204.892,,320.949,321.218,
3109304.888,,321.631,327.156,
3109404.885,,321.321,325.671,
3109504.881,,321.217,327.876,
3109604.874,,321.236,328.376,
3109704.876,,320.946,324.405,
3109804.865,,321.216,321.618,
3109904.864,,321.945,320.443,
3110004.858,,321.935,322.213,
3110104.854,,322.079,323.434,
3110204.854,,321.817,325.342,
3110304.848,,321.780,323.804,
3110404.847,,321.797,321.278,
3110504.839,,322.054,324.037,
3110604.833,,321.955,323.460,
3110704.832,,320.835,320.541,
3110804.827,,320.913,321.331,
3110904.824,,321.972,326.162,
3111004.817,,322.267,333.972,
3111104.819,,321.765,347.688,
3111204.808,,322.854,348.087,
3111304.811,,323.812,341.794,
3111404.805,,321.792,336.141,
3111504.798,,320.639,331.320,
3111604.795,,321.224,342.881,
3111704.794,,321.681,339.123,
3111804.787,,321.606,339.513,
3111904.785,,322.059,340.717,
3112004.786,,321.842,344.028,
3112104.783,,321.960,342.961,
3112204.779,,322.341,358.857,
3112304.780,,321.704,350.913,
3112404.777,,321.446,343.002,
3112504.776,,323.323,342.083,
3112604.772,,323.946,340.558,
3112704.772,,324.389,340.603,
3112804.765,,323.496,345.806,
3112904.768,,323.938,356.241,
3113004.760,,323.506,367.678,
3113104.763,,323.934,360.470,
3113204.761,,325.094,349.631,
3113304.761,,324.179,342.716,
3113404.758,,324.358,338.480,
3113504.751,,322.474,331.161,
3113604.749,,321.229,327.531,
3113704.749,,321.183,327.263,
3113804.747,,322.183,329.996,
3113904.745,,323.471,329.619,
3114004.743,,322.301,331.265,
3114104.740,,321.885,329.989,
3114204.741,,321.682,328.347,
3114304.738,,321.805,326.066,
3114404.737,,321.343,326.114,
3114504.733,,321.337,323.296,
3114604.729,,321.661,320.906,
3114704.732,,322.561,320.718,
3114804.731,,323.170,322.729,
3114904.729,,322.677,324.953,
3115004.728,,321.923,327.299,
3115104.725,,321.352,325.507,
3115204.723,,321.819,325.610,
3115304.716,,323.024,323.639,
3115404.715,,323.850,322.157,
3115504.714,,322.765,320.610,
3115604.714,,322.339,322.968,
3115704.711,,322.470,323.383,
3115804.706,,322.409,323.236,
3115904.704,,322.382,323.257,
3116004.706,,323.132,327.722,
3116104.700,,323.027,327.182,
3116204.702,,323.881,327.771,
3116304.698,,324.042,330.037,
3116404.698,,323.298,326.735,
3116504.698,,322.922,324.142,
3116604.689,,323.760,324.836,
3116704.691,,323.092,325.289,
3116804.689,,323.949,323.527,
3116904.690,,323.973,324.249,
3117004.686,,324.687,325.218,
3117104.683,,324.730,324.135,
3117204.680,,324.236,324.533,
3117304.677,,324.499,323.838,
3117404.678,,323.942,321.062,
3117504.676,,322.361,319.882,
3117604.671,,323.724,319.065,
3117704.673,,324.045,321.638,
3117804.670,,323.673,323.869,
3117904.664,,323.017,323.364,
3118004.662,,323.711,323.735,
3118104.665,,322.586,325.022,
3118204.662,,323.344,331.382,
3118304.660,,323.330,329.048,
3118404.657,,324.267,325.684,
3118504.658,,324.250,323.040,
3118604.655,,323.791,321.941,
3118704.649,,323.114,322.864,
3118804.652,,322.523,322.628,
3118904.645,,322.384,321.609,
3119004.647,,322.963,321.442,
3119104.646,,321.685,319.771,
3119204.643,,322.123,318.790,
3119304.639,,323.154,323.998,
3119404.638,,323.110,324.700,
3119504.638,,323.414,323.361,
3119604.633,,323.267,324.261,
3119704.634,,323.385,327.152,
3119804.628,,322.763,328.962,
3119904.624,,323.013,330.491,
3120004.620,,323.207,328.903,
3120104.622,,323.010,328.882,
3120204.619,,323.137,326.308,
3120304.614,,323.103,326.358,
3120404.611,,323.005,326.620,
3120504.607,,322.919,326.728,
3120604.603,,322.708,326.136,
3120704.598,,322.943,329.767,
3120804.595,,322.629,328.054,
3120904.592,,323.691,324.513,
3121004.591,,323.573,322.823,
3121104.586,,324.101,322.457,
3121204.588,,323.050,319.397,
3121304.585,,320.909,319.232,
3121404.576,,320.686,319.548,
3121504.577,,321.614,327.891,
3121604.574,,322.649,338.482,
3121704.569,,318.361,334.682,
3121804.563,,321.487,332.795,
3121904.561,,322.517,329.921,
3122004.558,,323.423,327.855,
3122104.556,,323.390,336.509,
3122204.553,,323.268,334.645,
3122304.550,,324.066,330.293,
3122404.548,,323.749,328.729,
3122504.544,,323.479,327.540,
3122604.538,,324.026,325.051,
3122704.536,,324.648,322.137,
3122804.538,,324.929,321.591,
3122904.534,,324.304,318.684,
3123004.532,,322.200,320.514,
3123104.522,,322.340,319.657,
3123204.525,,322.164,321.823,
3123304.520,,322.577,324.488,
3123404.518,,321.919,326.072,
3123504.510,,322.089,324.918,
3123604.508,,321.872,322.672,
3123704.508,,321.943,321.016,
3123804.504,,321.224,320.231,
3123904.502,,321.154,318.871,
3124004.495,,321.528,317.335,
3124104.493,,321.863,317.656,
3124204.492,,321.582,316.712,
3124304.491,,321.770,314.385,
3124404.487,,321.788,314.956,
3124504.478,,323.287,317.505,
3124604.476,,322.973,317.354,
3124704.474,,322.163,316.723,
3124804.469,,322.428,315.489,
3124904.466,,322.945,316.479,
3125004.464,,322.432,321.941,
3125104.459,,321.821,325.888,
3125204.460,,323.231,325.329,
3125304.457,,322.233,327.188,
3125404.450,,321.635,325.686,
3125504.453,,320.837,321.808,
3125604.443,,319.693,320.764,
3125704.443,,320.132,320.063,
3125804.439,,320.433,320.112,
3125904.440,,320.924,323.022,
3126004.436,,320.567,321.334,
3126104.428,,320.537,319.540,
3126204.431,,320.950,319.198,
3126304.421,,322.023,322.828,
3126404.419,,321.573,324.945,
3126504.421,,320.084,324.055,
3126604.417,,320.877,323.085,
3126704.413,,321.259,322.215,
3126804.408,,321.499,332.974,
3126904.406,,322.508,334.383,
3127004.404,,322.711,338.425,
3127104.399,,322.314,340.939,
3127204.399,,320.849,356.414,
3127304.393,,320.557,345.693,
3127404.390,,321.820,339.283,
3127504.385,,322.721,334.556,
3127604.384,,322.747,332.613,
3127704.378,,324.360,332.285,
3127804.375,,324.675,330.041,
3127904.375,,323.898,326.282,
3128004.375,,321.045,324.878,
3128104.371,,321.215,323.719,
3128204.364,,321.789,322.347,
3128304.362,,321.590,322.972,
3128404.364,,320.792,322.736,
3128504.357,,321.997,323.869,
3128604.359,,323.947,323.336,
3128704.357,,323.593,337.440,
3128804.350,,323.229,335.953,
3128904.353,,322.761,331.209,
3129004.351,,323.949,330.281,
3129104.344,,323.429,328.608,
3129204.345,,323.039,326.509,
3129304.339,,322.670,333.313,
3129404.336,,322.591,331.085,
3129504.340,,321.572,326.868,
3129604.334,,321.405,326.450,
3129704.335,,321.318,325.521,
3129804.328,,321.626,324.668,
3129904.330,,320.971,325.267,
3130004.327,,321.671,327.670,
3130104.320,,321.539,326.953,
3130204.324,,321.623,327.286,
3130304.315,,322.316,324.646,
3130404.318,,322.847,322.255,
3130504.312,,321.586,320.791,
3130604.312,,321.165,319.005,
3130704.311,,321.324,320.446,
3130804.307,,321.281,321.624,
3130904.301,,320.122,324.874,
3131004.301,,319.837,325.364,
3131104.300,,321.050,323.730,
3131204.299,,321.467,322.178,
3131304.296,,321.686,321.528,
3131404.293,,321.797,323.370,
3131504.291,,321.399,329.764,
3131604.286,,320.959,336.792,
3131704.287,,318.529,335.305,
3131804.280,,319.171,334.461,
3131904.282,,318.588,333.523,
3132004.277,,319.661,328.316,
3132104.277,,320.170,326.173,
3132204.273,,320.063,326.666,
3132304.269,,319.628,326.925,
3132404.269,,320.023,328.683,
3132504.266,,320.166,326.324,
3132604.265,,320.241,324.345,
3132704.259,,320.197,324.300,
3132804.261,,320.191,325.287,
3132904.253,,320.595,328.221,
3133004.253,,320.295,324.770,
3133104.252,,320.835,323.581,
3133204.249,,320.424,324.106,
3133304.246,,320.731,322.106,
3133404.241,,320.589,320.108,
3133504.241,,320.490,321.725,
3133604.239,,320.580,320.847,
3133704.236,,320.520,320.771,
3133804.235,,321.107,324.217,
3133904.232,,321.081,329.290,
3134004.229,,320.829,332.354,
3134104.230,,320.282,329.877,
3134204.222,,319.690,331.364,
3134304.222,,319.475,326.411,
3134404.223,,319.558,321.753,
3134504.215,,319.197,324.117,
3134604.216,,320.023,332.363,
3134704.213,,320.309,332.166,
3134804.211,,320.030,327.914,
3134904.210,,319.968,324.959,
3135004.206,,322.809,322.963,
3135104.203,,320.282,326.252,
3135204.203,,319.682,326.603,
3135304.199,,320.562,325.611,
3135404.197,,320.741,325.103,
3135504.198,,320.115,324.323,
3135604.193,,320.466,324.315,
3135704.189,,320.251,322.979,
3135804.189,,320.697,322.668,
3135904.180,,320.565,320.821,
3136004.181,,320.942,318.464,
3136104.179,,320.652,317.501,
3136204.173,,320.648,318.446,
3136304.169,,320.510,318.338,
3136404.166,,320.443,320.144,
3136504.164,,321.115,322.033,
3136604.158,,321.000,324.228,
3136704.159,,320.483,321.593,
3136804.153,,320.069,320.076,
3136904.151,,320.554,319.139,
3137004.145,,320.580,319.493,
3137104.142,,321.250,321.166,
3137204.137,,320.821,320.413,
3137304.135,,321.437,318.757,
3137404.134,,322.083,318.549,
3137504.127,,323.830,320.116,
3137604.122,,324.285,326.591,
3137704.125,,324.432,327.034,
3137804.121,,324.492,326.928,
3137904.116,,322.562,326.131,
3138004.110,,322.744,331.271,
3138104.107,,323.007,335.791,
3138204.107,,322.675,335.606,
3138304.103,,321.844,333.404,
3138404.096,,322.300,333.019,
3138504.091,,322.058,330.187,
3138604.091,,321.130,326.314,
3138704.084,,320.857,324.692,
3138804.081,,321.128,322.529,
3138904.079,,323.003,320.811,
3139004.075,,322.449,329.600,
3139104.074,,324.558,334.051,
3139204.071,,322.564,331.605,
3139304.062,,322.155,328.649,
3139404.065,,322.075,326.779,
3139504.058,,321.694,325.354,
3139604.052,,321.373,323.964,
3139704.054,,321.612,324.230,
3139804.046,,321.546,323.408,
3139904.046,,321.571,320.122,
3140004.045,,321.512,318.690,
3140104.039,,321.378,318.150,
3140204.032,,321.309,317.446,
3140304.031,,321.977,316.091,
3140404.025,,321.975,315.742,
3140504.024,,322.087,315.887,
3140604.019,,321.618,315.787,
3140704.014,,322.160,316.686,
3140804.017,,321.885,318.702,
3140904.013,,321.515,328.812,
3141004.008,,321.721,331.131,
3141104.000,,321.638,329.288,
3141203.997,,322.072,326.921,
3141303.994,,321.800,323.678,
3141403.992,,321.973,323.147,
3141503.990,,321.509,324.463,
3141603.989,,321.258,325.628,
3141703.983,,321.128,326.931,
3141803.978,,321.372,329.111,
3141903.974,,321.495,331.492,
3142003.972,,321.515,328.378,
3142103.970,,321.790,325.772,
3142203.968,,321.817,323.021,
3142303.959,,320.707,323.979,
3142403.960,,319.966,331.062,
3142503.957,,320.580,327.510,
3142603.954,,320.850,324.345,
3142703.950,,321.239,322.288,
3142803.945,,321.802,322.723,
3142903.941,,321.705,325.165,
3143003.941,,321.491,326.238,
3143103.932,,321.332,328.380,
3143203.933,,321.755,329.664,
3143303.929,,321.184,332.438,
3143403.924,,321.950,332.546,
3143503.922,,323.522,330.988,
3143603.914,,324.023,327.108,
3143703.914,,322.223,323.569,
3143803.909,,321.813,321.173,
3143903.907,,321.445,319.003,
3144003.905,,321.476,317.788,
3144103.898,,320.988,318.324,
3144203.898,,320.771,317.577,
3144303.894,,321.427,317.812,
3144403.890,,321.315,318.075,
3144503.882,,321.226,319.399,
3144603.881,,322.219,322.123,
3144703.877,,322.455,327.178,
3144803.870,,322.122,327.876,
3144903.868,,321.783,328.647,
3145003.866,,321.298,327.522,
3145103.861,,320.423,325.473,
3145203.859,,320.467,324.070,
3145303.856,,321.198,325.380,
3145403.854,,321.837,324.698,
3145503.851,,322.196,325.076,
3145603.842,,321.483,327.187,
3145703.837,,321.145,324.254,
3145803.840,,321.059,320.882,
3145903.834,,320.496,323.174,
3146003.827,,320.242,325.816,
3146103.829,,320.311,323.802,
3146203.818,,320.194,321.215,
3146303.816,,319.859,319.074,
3146403.813,,319.732,318.480,
3146503.812,,319.010,327.552,
3146603.810,,319.250,326.310,
3146703.801,,319.166,322.586,
3146803.797,,318.945,318.342,
3146903.798,,318.556,315.308,
3147003.793,,317.874,313.607,
3147103.792,,318.309,314.178,
3147203.786,,319.577,314.392,
3147303.785,,319.873,313.342,
3147403.780,,320.376,314.326,
3147503.774,,321.151,317.715,
3147603.773,,324.063,318.526,
3147703.770,,324.387,320.880,
3147803.763,,324.849,320.104,
3147903.758,,323.306,320.340,
3148003.753,,323.066,320.576,
3148103.752,,324.582,320.832,
3148203.751,,322.118,320.733,
3148303.748,,320.504,321.972,
3148403.738,,320.628,322.678,
3148503.739,,320.650,323.064,
3148603.733,,320.891,322.410,
3148703.732,,320.970,323.347,
3148803.728,,321.181,321.415,
3148903.721,,322.557,319.290,
3149003.722,,320.973,317.765,
3149103.718,,320.965,317.427,
3149203.711,,321.079,317.783,
3149303.706,,320.693,316.465,
3149403.704,,321.458,320.248,
3149503.704,,321.813,317.531,
3149603.694,,321.529,317.914,
3149703.691,,321.398,326.096,
3149803.689,,319.237,327.831,
3149903.685,,317.592,325.733,
3150003.684,,317.765,322.023,
3150103.682,,318.610,318.744,
3150203.675,,318.981,316.059,
3150303.673,,319.253,314.925,
3150403.670,,319.738,314.581,
3150503.667,,320.878,318.967,
3150603.658,,321.210,319.107,
3150703.655,,321.297,320.023,
3150803.656,,321.083,323.665,
3150903.647,,320.848,323.935,
3151003.644,,320.140,322.210,
3151103.640,,319.960,322.137,
3151203.636,,321.271,321.031,
3151303.632,,320.536,322.536,
3151403.635,,321.580,320.908,
3151503.627,,319.668,318.271,
3151603.624,,318.986,319.751,
3151703.622,,319.306,319.175,
3151803.617,,319.122,319.647,
3151903.610,,319.580,320.926,
3152003.610,,319.279,321.171,
3152103.611,,319.533,334.219,
3152203.604,,318.954,329.031,
3152303.606,,319.771,329.064,
3152403.601,,319.522,335.713,
3152503.597,,318.286,336.376,
3152603.595,,317.805,330.118,
3152703.592,,318.418,324.457,
3152803.590,,318.261,321.970,
3152903.588,,317.532,343.329,
3153003.580,,317.085,352.140,
3153103.578,,316.460,349.606,
3153203.575,,316.686,340.941,
3153303.577,,316.504,335.132,
3153403.574,,316.975,328.956,
3153503.572,,317.399,327.276,
3153603.566,,317.168,326.126,
3153703.560,,317.572,327.271,
3153803.558,,317.211,324.330,
3153903.561,,317.541,329.972,
3154003.554,,316.931,332.028,
3154103.550,,317.658,328.185,
3154203.548,,317.985,323.360,
3154303.549,,318.298,321.416,
3154403.545,,317.498,323.628,
3154503.539,,318.420,325.210,
3154603.540,,319.783,329.078,
3154703.535,,318.253,330.569,
3154803.533,,320.328,330.263,
3154903.532,,319.634,326.743,
3155003.525,,319.970,323.279,
3155103.523,,319.253,320.206,
3155203.523,,318.341,318.324,
3155303.517,,317.900,316.424,
3155403.519,,318.194,314.291,
3155503.516,,318.278,313.046,
3155603.507,,318.234,313.921,
3155703.509,,318.507,313.738,
3155803.502,,320.144,317.334,
3155903.505,,320.248,322.467,
3156003.498,,322.162,324.959,
3156103.493,,322.580,326.877,
3156203.492,,322.598,328.760,
3156303.489,,322.502,326.905,
3156403.488,,322.604,324.581,
3156503.488,,321.981,324.584,
3156603.483,,321.594,329.297,
3156703.477,,321.370,329.413,
3156803.476,,320.846,325.530,
3156903.471,,319.948,322.110,
3157003.471,,319.684,321.669,
3157103.468,,319.989,322.829,
3157203.468,,320.102,323.612,
3157303.464,,319.767,329.451,
3157403.462,,320.026,329.397,
3157503.459,,320.485,326.193,
3157603.457,,322.462,324.670,
3157703.452,,322.265,325.894,
3157803.446,,321.083,325.250,
3157903.446,,320.805,321.217,
3158003.445,,320.375,323.886,
3158103.439,,320.479,339.025,
3158203.439,,320.143,334.852,
3158303.433,,319.632,329.633,
3158403.431,,319.860,327.111,
3158503.426,,319.894,324.457,
3158603.423,,320.577,325.255,
3158703.424,,320.684,325.048,
3158803.423,,320.841,322.842,
3158903.415,,321.063,321.160,
3159003.413,,320.964,321.013,
3159103.413,,320.655,322.432,
3159203.406,,320.645,322.003,
3159303.407,,321.092,322.193,
3159403.402,,320.466,321.749,
3159503.403,,320.754,319.734,
3159603.398,,320.960,320.255,
3159703.396,,319.843,319.621,
3159803.394,,319.345,317.256,
3159903.386,,318.990,321.506,
3160003.389,,318.718,323.878,
3160103.385,,318.544,330.641,
3160203.379,,319.023,327.263,
3160303.380,,318.742,324.013,
3160403.376,,318.877,321.567,
3160503.372,,318.582,321.266,
3160603.367,,318.499,326.260,
3160703.366,,319.164,323.194,
3160803.360,,318.562,321.434,
3160903.358,,320.514,323.336,
3161003.357,,320.995,325.831,
3161103.352,,321.104,326.693,
3161203.350,,320.816,327.906,
3161303.347,,321.337,329.412,
3161403.341,,321.613,330.634,
3161503.341,,322.003,362.011,
3161603.337,,321.180,358.612,
3161703.332,,322.333,358.242,
3161803.327,,321.868,358.335,
3161903.324,,322.281,354.645,
3162003.325,,323.158,344.872,
3162103.321,,322.625,339.596,
3162203.315,,321.816,340.032,
3162303.314,,321.856,338.456,
3162403.307,,322.354,334.789,
3162503.305,,322.113,330.607,
3162603.303,,321.955,330.696,
3162703.299,,321.935,327.716,
3162803.297,,321.950,325.106,
3162903.297,,321.421,322.943,
3163003.289,,322.724,323.979,
3163103.291,,322.367,324.527,
3163203.287,,321.852,327.879,
3163303.280,,321.998,335.259,
3163403.275,,321.288,334.849,
3163503.274,,320.969,332.179,
3163603.273,,321.450,328.315,
3163703.267,,321.938,327.373,
3163803.263,,321.801,322.551,
3163903.262,,319.826,320.664,
3164003.257,,320.998,321.079,
3164103.257,,320.832,322.081,
3164203.253,,320.513,323.131,
3164303.251,,320.920,323.389,
3164403.244,,320.094,322.027,
3164503.240,,320.113,323.524,
3164603.238,,321.061,323.418,
3164703.239,,321.776,322.200,
3164803.231,,321.820,324.743,
3164903.231,,321.526,338.511,
3165003.229,,321.283,333.914,
3165103.224,,322.008,329.438,
3165203.219,,321.637,329.110,
3165303.217,,321.100,329.292,
3165403.217,,321.828,327.963,
3165503.210,,321.501,327.999,
3165603.210,,321.523,326.355,
3165703.203,,321.249,325.797,
3165803.203,,321.722,324.238,
3165903.196,,321.844,324.405,
3166003.195,,322.408,324.775,
3166103.192,,321.902,325.327,
3166203.192,,321.765,325.428,
3166303.187,,321.932,324.965,
3166403.186,,321.679,322.538,
3166503.180,,321.557,321.041,
3166603.175,,321.592,329.324,
3166703.170,,321.121,326.280,
3166803.167,,321.631,325.113,
3166903.165,,323.350,324.573,
3167003.165,,323.549,324.256,
3167103.160,,323.512,323.733,
3167203.156,,323.390,322.619,
3167303.152,,322.531,320.819,
3167403.154,,321.753,319.418,
3167503.149,,322.076,320.462,
3167603.144,,321.411,320.182,
3167703.144,,322.405,319.560,
3167803.136,,322.114,317.699,
3167903.136,,321.212,317.527,
3168003.136,,321.621,316.930,
3168103.127,,322.365,316.162,
3168203.127,,323.014,316.735,
3168303.123,,322.301,316.180,
3168403.122,,322.418,314.957,
3168503.119,,321.288,314.674,
3168603.115,,321.389,315.938,
3168703.117,,321.498,317.703,
3168803.110,,321.530,320.632,
3168903.111,,321.415,321.534,
3169003.107,,323.219,324.864,
3169103.101,,323.703,323.871,
3169203.101,,321.231,323.378,
3169303.095,,321.830,322.535,
3169403.091,,322.160,321.379,
3169503.094,,320.745,320.622,
3169603.088,,320.867,320.561,
3169703.088,,320.535,322.946,
3169803.084,,320.677,325.293,
3169903.083,,321.016,331.372,
3170003.079,,320.988,333.725,
3170103.073,,320.372,336.727,
3170203.074,,320.538,333.224,
3170303.069,,320.615,328.942,
3170403.067,,320.760,324.999,
3170503.068,,321.078,323.146,
3170603.052,,320.806,322.530,
3170703.059,,320.633,322.600,
3170803.053,,320.568,323.253,
3170903.057,,319.937,328.450,
3171003.050,,321.087,331.307,
3171103.046,,320.321,331.068,
3171203.043,,320.701,330.687,
3171303.044,,321.825,328.337,
3171403.040,,322.828,331.580,
3171503.038,,320.714,329.076,
3171603.034,,320.542,329.344,
3171703.029,,321.864,326.120,
3171803.033,,321.703,328.459,
3171903.028,,321.428,327.413,
3172003.024,,324.119,324.949,
3172103.024,,323.882,322.054,
3172203.016,,323.377,321.022,
3172303.017,,322.578,321.025,
3172403.016,,322.135,320.640,
3172503.009,,321.603,321.303,
3172603.006,,321.395,321.230,
3172703.006,,321.515,321.760,
3172803.005,,321.354,330.694,
3172903.002,,321.672,335.634,
3173002.994,,321.407,334.182,
3173102.992,,321.654,333.491,
3173202.991,,321.724,335.837,
3173302.987,,320.924,331.473,
3173402.989,,321.788,328.720,
3173502.984,,321.496,325.523,
3173602.982,,321.656,324.962,
3173702.977,,321.210,329.700,
3173802.975,,321.559,335.373,
3173902.974,,321.755,346.452,
3174002.969,,322.058,348.235,
3174102.965,,321.258,344.633,
3174202.964,,320.583,338.157,
3174302.963,,321.565,332.575,
3174402.962,,320.793,327.445,
3174502.957,,321.055,325.790,
3174602.954,,322.074,326.007,
3174702.949,,322.552,323.678,
3174802.947,,321.101,324.688,
3174902.948,,321.381,327.081,
3175002.945,,321.374,326.497,
3175102.938,,321.742,324.894,
3175202.938,,321.570,326.576,
3175302.938,,320.671,325.901,
3175402.933,,320.812,327.037,
3175502.927,,321.037,328.455,
3175602.928,,320.400,326.300,
3175702.921,,321.337,324.509,
3175802.919,,321.607,322.716,
3175902.920,,321.347,322.995,
3176002.912,,321.422,321.215,
3176102.912,,321.170,320.529,
3176202.909,,321.053,329.648,
3176302.901,,320.958,331.037,
3176402.904,,321.021,332.880,
3176502.898,,321.081,332.941,
3176602.892,,321.166,342.848,
3176702.894,,322.396,340.475,
3176802.889,,321.342,333.288,
3176902.883,,320.647,328.151,
3177002.881,,320.549,324.824,
3177102.881,,320.696,324.332,
3177202.875,,320.070,324.474,
3177302.869,,320.055,328.458,
3177402.869,,320.624,326.146,
3177502.867,,320.845,323.266,
3177602.861,,320.206,323.009,
3177702.856,,320.002,325.666,
3177802.854,,321.081,328.360,
3177902.850,,321.225,334.025,
3178002.851,,320.337,333.677,
3178102.847,,320.129,334.689,
3178202.839,,319.865,329.767,
3178302.838,,319.118,325.852,
3178402.834,,320.190,322.791,
3178502.834,,320.673,321.409,
3178602.831,,322.143,320.701,
3178702.825,,322.207,319.811,
3178802.824,,321.512,320.716,
3178902.815,,321.624,320.611,
3179002.814,,321.932,320.072,
3179102.815,,323.426,320.780,
3179202.810,,323.758,321.195,
3179302.803,,323.917,321.768,
3179402.805,,323.245,326.924,
3179502.796,,322.388,325.368,
3179602.792,,322.873,323.380,
3179702.792,,322.562,324.726,
3179802.790,,322.715,325.916,
3179902.786,,322.055,330.117,
3180002.782,,322.505,333.117,
3180102.776,,322.127,329.398,
3180202.778,,321.402,333.636,
3180302.771,,322.320,327.727,
3180402.765,,321.025,323.971,
3180502.765,,322.599,330.679,
3180602.765,,322.899,329.981,
3180702.759,,321.321,328.745,
3180802.757,,321.508,334.912,
3180902.755,,321.158,336.974,
3181002.749,,320.693,331.950,
3181102.743,,320.069,326.194,
3181202.742,,320.004,327.429,
3181302.736,,321.575,328.542,
3181402.736,,322.020,328.918,
3181502.735,,320.683,328.610,
3181602.726,,320.395,330.380,
3181702.727,,319.864,330.944,
3181802.719,,319.682,327.173,
3181902.717,,319.874,323.765,
3182002.713,,321.344,323.241,
3182102.711,,320.972,326.334,
3182202.707,,321.629,331.978,
3182302.704,,320.832,332.454,
3182402.702,,319.787,332.485,
3182502.700,,320.089,333.080,
3182602.696,,320.452,331.987,
3182702.694,,320.460,329.604,
3182802.689,,320.439,330.963,
3182902.686,,320.630,332.579,
3183002.679,,320.144,334.155,
3183102.676,,320.719,334.327,
3183202.672,,320.837,333.563,
3183302.674,,320.457,330.914,
3183402.668,,320.760,328.275,
3183502.665,,319.642,324.680,
3183602.662,,320.378,323.888,
3183702.661,,320.449,323.064,
3183802.656,,320.765,323.646,
3183902.653,,320.179,324.881,
3184002.648,,320.616,325.550,
3184102.646,,320.367,331.988,
3184202.644,,320.355,332.063,
3184302.642,,320.796,329.262,
3184402.637,,320.452,326.552,
3184502.635,,320.031,324.438,
3184602.632,,320.325,321.961,
3184702.632,,319.921,321.743,
3184802.624,,320.603,322.313,
3184902.626,,320.269,324.512,
3185002.620,,320.681,330.463,
3185102.617,,320.421,340.997,
3185202.616,,320.813,337.513,
3185302.613,,320.910,332.269,
3185402.610,,320.602,331.435,
3185502.605,,319.477,328.392,
3185602.602,,319.798,330.697,
3185702.602,,320.264,326.756,
3185802.600,,320.187,323.794,
3185902.592,,320.149,321.202,
3186002.591,,320.098,319.436,
3186102.592,,319.283,319.750,
3186202.583,,320.273,320.674,
3186302.580,,322.704,321.876,
3186402.586,,320.913,322.984,
3186502.577,,320.540,321.709,
3186602.572,,320.346,323.542,
3186702.569,,320.367,323.544,
3186802.567,,320.840,325.134,
3186902.568,,319.722,323.537,
3187002.566,,319.504,321.739,
3187102.557,,319.371,325.656,
3187202.557,,319.130,324.152,
3187302.552,,317.970,329.490,
3187402.548,,320.441,329.564,
3187502.549,,320.393,326.437,
3187602.543,,319.193,326.073,
3187702.544,,320.830,326.799,
3187802.537,,319.616,326.545,
3187902.536,,318.341,325.809,
3188002.535,,318.327,332.724,
3188102.530,,318.909,328.935,
3188202.530,,319.145,324.655,
3188302.527,,317.490,319.079,
3188402.520,,316.717,317.525,
3188502.522,,319.017,317.491,
3188602.518,,319.299,318.323,
3188702.514,,319.796,319.595,
3188802.513,,319.592,320.494,
3188902.510,,319.921,323.380,
3189002.506,,319.843,323.855,
3189102.499,,319.972,323.202,
3189202.496,,319.361,323.954,
3189302.498,,319.598,323.060,
3189402.496,,320.112,320.688,
3189502.494,,319.753,320.200,
3189602.488,,319.465,320.291,
3189702.487,,319.995,320.636,
3189802.480,,320.211,321.126,
3189902.476,,319.884,323.735,
3190002.479,,318.272,325.565,
3190102.473,,317.496,324.615,
3190202.470,,319.048,326.712,
3190302.466,,319.518,328.882,
3190402.466,,319.953,328.083,
3190502.459,,319.721,326.535,
3190602.462,,319.292,327.505,
3190702.457,,320.484,327.198,
3190802.449,,319.156,325.389,
3190902.453,,319.168,322.127,
3191002.447,,318.926,320.804,
3191102.441,,319.766,320.875,
3191202.444,,320.674,321.279,
3191302.438,,323.027,320.802,
3191402.438,,322.372,323.181,
3191502.434,,322.928,322.898,
3191602.429,,322.526,321.056,
3191702.430,,321.624,320.859,
3191802.423,,321.660,320.340,
3191902.419,,321.290,317.016,
3192002.419,,319.766,315.982,
3192102.415,,320.345,317.247,
3192202.416,,320.686,316.727,
3192302.409,,319.854,319.068,
3192402.410,,320.117,327.601,
3192502.405,,320.908,326.803,
3192602.406,,321.237,325.306,
3192702.399,,321.725,326.260,
3192802.400,,320.457,325.433,
3192902.396,,319.640,321.799,
3193002.390,,319.820,322.257,
3193102.387,,320.428,336.225,
3193202.387,,320.172,339.864,
3193302.384,,319.890,335.830,
3193402.380,,321.010,333.074,
3193502.377,,320.620,332.269,
3193602.375,,320.159,330.306,
3193702.375,,319.850,332.459,
3193802.373,,320.325,329.433,
3193902.369,,320.596,331.950,
3194002.365,,320.686,334.953,
3194102.361,,320.822,333.513,
3194202.361,,320.832,330.428,
3194302.356,,321.992,327.134,
3194402.359,,322.286,323.294,
3194502.354,,320.794,323.039,
3194602.348,,321.041,330.817,
3194702.348,,321.163,332.635,
3194802.346,,322.206,336.703,
3194902.330,,322.158,331.720,
3195002.338,,320.079,327.364,
3195102.338,,319.949,325.461,
3195202.336,,320.129,325.562,
3195302.332,,320.504,323.551,
3195402.327,,320.830,323.739,
3195502.327,,321.672,322.146,
3195602.325,,320.705,322.126,
3195702.323,,320.896,321.929,
3195802.320,,320.812,321.411,
3195902.315,,321.362,321.460,
3196002.316,,321.496,320.386,
3196102.312,,321.499,319.631,
3196202.308,,321.300,322.180,
3196302.303,,321.491,320.652,
3196402.303,,321.306,318.831,
3196502.300,,322.043,319.459,
3196602.296,,322.532,318.368,
3196702.296,,320.877,318.395,
3196802.293,,320.551,319.079,
3196902.287,,321.531,318.076,
3197002.284,,321.372,317.357,
3197102.283,,321.940,318.811,
3197202.282,,322.873,325.114,
3197302.283,,322.592,326.270,
3197402.275,,322.140,325.694,
3197502.271,,322.747,323.431,
3197602.274,,323.078,322.692,
3197702.269,,322.712,324.348,
3197802.265,,322.904,325.973,
3197902.264,,322.505,324.880,
3198002.262,,320.765,322.173,
3198102.258,,321.095,323.411,
3198202.254,,321.292,322.986,
3198302.255,,321.525,323.534,
3198402.251,,321.973,322.167,
3198502.251,,320.964,321.758,
3198602.246,,320.680,321.100,
3198702.243,,320.224,320.943,
3198802.238,,321.010,320.436,
3198902.237,,321.702,319.207,
3199002.234,,321.999,320.858,
3199102.233,,322.359,328.530,
3199202.230,,321.736,327.458,
3199302.227,,321.572,328.820,
3199402.221,,321.588,327.595,
3199502.222,,321.462,328.070,
3199602.221,,321.653,327.850,
3199702.219,,321.425,325.793,
3199802.216,,321.673,330.873,
3199902.213,,321.460,330.059,
3200002.210,,321.888,326.131,
3200102.205,,322.026,324.840,
3200202.206,,322.254,323.584,
3200302.203,,322.343,326.163,
3200402.196,,321.941,325.050,
3200502.194,,321.413,322.601,
3200602.195,,321.796,324.051,
3200702.192,,319.582,320.140,
3200802.187,,317.103,323.076,
3200902.185,,317.185,321.740,
3201002.183,,317.636,326.720,
3201102.182,,318.679,328.111,
3201202.180,,318.737,328.526,
3201302.175,,318.411,329.596,
3201402.176,,319.295,334.346,
3201502.172,,318.436,336.815,
3201602.164,,322.272,334.959,
3201702.165,,321.326,330.689,
3201802.165,,320.664,330.284,
3201902.156,,321.404,329.939,
3202002.156,,318.395,325.946,
3202102.152,,318.556,326.706,
3202202.153,,319.256,328.584,
3202302.148,,318.902,322.727,
3202402.144,,317.765,322.918,
3202502.143,,320.643,321.374,
3202602.142,,320.508,321.217,
3202702.140,,320.979,322.248,
3202802.133,,317.796,319.441,
3202902.135,,319.868,318.846,
3203002.130,,318.387,316.103,
3203102.125,,319.549,318.825,
3203202.126,,318.191,324.556,
3203302.120,,321.166,323.592,
3203402.122,,320.632,322.261,
3203502.117,,321.593,321.567,
3203602.118,,321.371,322.983,
3203702.110,,321.308,321.181,
3203802.110,,320.171,318.808,
3203902.107,,320.990,317.471,
3204002.103,,320.481,316.978,
3204102.101,,320.734,317.768,
3204202.102,,320.945,316.229,
3204302.096,,320.659,317.183,
3204402.097,,320.268,315.537,
3204502.090,,320.981,324.165,
3204602.092,,321.217,324.141,
3204702.087,,321.637,324.536,
3204802.081,,321.779,325.011,
3204902.078,,321.690,321.196,
3205002.079,,321.821,318.284,
3205102.075,,320.003,318.599,
3205202.074,,319.960,321.650,
3205302.070,,320.110,320.828,
3205402.070,,321.355,320.947,
3205502.065,,321.891,330.570,
3205602.067,,321.324,325.257,
3205702.059,,321.176,321.157,
3205802.058,,320.549,321.162,
3205902.053,,322.060,322.931,
3206002.053,,322.487,324.937,
3206102.049,,321.982,325.605,
3206202.047,,321.779,323.155,
3206302.047,,321.323,321.447,
3206402.044,,320.593,323.698,
3206502.043,,320.249,327.036,
3206602.039,,321.124,332.072,
3206702.037,,322.058,330.414,
3206802.030,,322.002,332.659,
3206902.031,,322.613,337.846,
3207002.027,,323.616,338.396,
3207102.023,,323.469,341.318,
3207202.021,,322.621,341.766,
3207302.021,,321.712,334.851,
3207402.018,,321.876,330.726,
3207502.017,,322.231,328.351,
3207602.011,,323.637,326.969,
3207702.012,,323.296,325.218,
3207802.005,,322.278,326.916,
3207902.002,,321.224,326.493,
3208001.997,,321.846,333.946,
3208101.996,,322.092,332.656,
3208201.989,,321.599,328.643,
3208301.990,,320.639,327.046,
3208401.984,,320.931,326.096,
3208501.981,,322.464,324.577,
3208601.976,,322.254,322.092,
3208701.973,,321.937,320.360,
3208801.971,,321.277,319.999,
3208901.963,,322.600,317.589,
3209001.961,,321.356,316.121,
3209101.956,,320.700,316.205,
3209201.953,,321.125,319.481,
3209301.951,,321.138,327.972,
3209401.945,,320.690,328.554,
3209501.944,,321.141,328.664,
3209601.937,,319.884,326.503,
3209701.933,,319.757,324.811,
3209801.933,,320.431,323.606,
3209901.930,,320.713,323.134,
3210001.921,,322.243,324.643,
3210101.921,,322.498,329.394,
3210201.919,,324.146,333.776,
3210301.912,,323.148,336.697,
3210401.905,,323.746,344.222,
3210501.905,,324.198,345.191,
3210601.898,,323.908,344.699,
3210701.894,,324.588,343.981,
3210801.891,,324.418,345.347,
3210901.887,,324.021,344.388,
3211001.886,,324.141,348.325,
3211101.882,,323.677,346.657,
3211201.874,,324.299,346.387,
3211301.876,,323.923,344.569,
3211401.868,,323.437,344.050,
3211501.863,,323.747,343.262,
3211601.862,,323.426,340.293,
3211701.857,,323.435,336.665,
3211801.856,,322.894,337.494,
3211901.850,,322.612,342.038,
3212001.846,,321.963,341.529,
3212101.843,,321.847,335.939,
3212201.843,,321.266,332.662,
3212301.836,,320.595,331.164,
3212401.832,,322.258,328.073,
3212501.827,,322.575,324.543,
3212601.821,,321.980,321.676,
3212701.819,,322.057,321.919,
3212801.818,,322.079,333.659,
3212901.816,,321.384,349.054,
3213001.812,,322.525,355.729,
3213101.802,,322.289,346.147,
3213201.805,,321.549,338.746,
3213301.800,,321.542,333.095,
3213401.795,,321.892,332.147,
3213501.788,,321.784,330.636,
3213601.789,,321.678,329.887,
3213701.786,,321.909,330.503,
3213801.782,,321.902,329.295,
3213901.774,,321.778,327.767,
3214001.769,,322.147,329.219,
3214101.769,,322.091,328.193,
3214201.763,,321.970,328.037,
3214301.762,,321.926,332.652,
3214401.755,,322.069,329.509,
3214501.751,,322.076,328.212,
3214601.750,,322.151,326.306,
3214701.741,,322.076,324.551,
3214801.742,,322.461,323.557,
3214901.739,,322.139,323.884,
3215001.731,,321.761,324.509,
3215101.733,,321.858,322.911,
3215201.724,,321.259,323.392,
3215301.724,,319.692,322.170,
3215401.721,,320.359,321.242,
3215501.717,,320.808,322.499,
3215601.710,,320.495,325.174,
3215701.709,,320.831,326.350,
3215801.703,,320.494,326.333,
3215901.697,,320.465,325.620,
3216001.695,,320.882,322.699,
3216101.698,,320.609,321.288,
3216201.689,,320.774,322.355,
3216301.690,,320.760,321.513,
3216401.686,,320.191,319.139,
3216501.682,,320.095,319.950,
3216601.681,,320.684,320.212,
3216701.677,,320.438,322.103,
3216801.673,,320.389,321.740,
3216901.672,,320.344,322.113,
3217001.667,,319.608,331.389,
3217101.669,,320.640,329.762,
3217201.667,,319.701,335.923,
3217301.660,,319.410,332.380,
3217401.657,,319.631,334.479,
3217501.654,,319.589,339.575,
3217601.652,,319.628,333.401,
3217701.653,,319.692,327.175,
3217801.650,,319.217,325.318,
3217901.648,,320.119,323.729,
3218001.645,,320.454,323.525,
3218101.640,,320.176,323.492,
3218201.641,,320.038,321.516,
3218301.637,,320.173,323.209,
3218401.634,,319.360,324.401,
3218501.628,,320.406,327.710,
3218601.626,,319.668,328.984,
3218701.623,,320.676,334.937,
3218801.619,,320.568,334.927,
3218901.616,,320.456,331.032,
3219001.616,,320.125,326.558,
3219101.616,,320.532,326.843,
3219201.613,,322.447,325.930,
3219301.611,,321.801,327.184,
3219401.604,,320.940,325.367,
3219501.602,,321.046,324.873,
3219601.600,,320.931,328.558,
3219701.595,,320.817,328.375,
3219801.598,,321.147,329.526,
3219901.592,,321.007,330.190,
3220001.590,,321.292,330.207,
3220101.584,,321.304,330.760,
3220201.584,,321.329,329.910,
3220301.585,,320.163,325.723,
3220401.580,,320.435,323.578,
3220501.577,,320.040,321.517,
3220601.577,,321.928,325.600,
3220701.568,,321.772,328.079,
3220801.565,,321.266,329.952,
3220901.565,,320.560,336.384,
3221001.564,,320.060,347.780,
3221101.562,,319.374,349.735,
3221201.555,,319.081,354.403,
3221301.558,,318.820,349.425,
3221401.549,,319.661,349.081,
3221501.551,,321.246,347.281,
3221601.543,,320.109,339.648,
3221701.547,,319.542,336.629,
3221801.541,,319.616,335.807,
3221901.542,,319.210,337.353,
3222001.539,,319.452,334.439,
3222101.534,,319.712,330.672,
3222201.533,,319.158,327.836,
3222301.525,,319.067,326.011,
3222401.527,,319.328,333.348,
3222501.522,,319.308,337.203,
3222601.520,,319.688,337.713,
3222701.514,,319.984,336.487,
3222801.517,,319.529,333.385,
3222901.514,,319.052,334.301,
3223001.511,,319.357,335.987,
3223101.508,,319.940,333.975,
3223201.505,,320.172,329.666,
3223301.502,,320.427,330.026,
3223401.496,,320.716,333.976,
3223501.498,,320.400,338.393,
3223601.493,,321.218,339.173,
3223701.490,,319.153,337.421,
3223801.487,,320.123,334.482,
3223901.482,,320.344,331.454,
3224001.484,,320.101,330.456,
3224101.479,,319.932,327.586,
3224201.472,,319.959,326.037,
3224301.470,,320.357,324.477,
3224401.465,,319.708,322.845,
3224501.463,,319.100,322.507,
3224601.463,,319.031,325.474,
3224701.455,,318.116,330.278,
3224801.454,,318.665,329.888,
3224901.450,,319.023,326.615,
3225001.447,,318.518,327.398,
3225101.448,,318.205,329.497,
3225201.440,,319.525,337.239,
3225301.437,,318.234,348.367,
3225401.436,,317.846,354.930,
3225501.435,,318.476,355.273,
3225601.431,,318.766,349.659,
3225701.422,,319.809,346.414,
3225801.419,,318.696,340.442,
3225901.422,,319.018,336.975,
3226001.418,,320.204,331.514,
3226101.410,,319.807,331.645,
3226201.412,,319.372,332.307,
3226301.406,,320.111,329.426,
3226401.402,,320.167,331.973,
3226501.397,,319.821,331.315,
3226601.397,,319.639,334.178,
3226701.390,,319.706,336.734,
3226801.391,,320.027,342.559,
3226901.383,,320.177,341.119,
3227001.386,,319.888,335.697,
3227101.380,,319.479,332.808,
3227201.376,,319.932,339.857,
3227301.371,,319.991,336.494,
3227401.369,,319.706,331.820,
3227501.364,,319.977,328.280,
3227601.364,,320.560,327.633,
3227701.361,,320.382,332.242,
3227801.360,,320.774,332.064,
3227901.356,,320.888,336.767,
3228001.351,,320.636,335.497,
3228101.344,,320.473,338.266,
3228201.341,,320.579,333.799,
3228301.341,,320.182,334.791,
3228401.335,,320.522,332.051,
3228501.337,,320.575,329.293,
3228601.331,,320.613,327.567,
3228701.329,,320.490,327.646,
3228801.322,,319.864,324.517,
3228901.318,,319.770,324.312,
3229001.321,,319.573,322.001,
3229101.314,,319.416,321.808,
3229201.310,,319.255,321.091,
3229301.308,,318.971,319.723,
3229401.301,,319.406,318.292,
3229501.303,,319.470,317.678,
3229601.295,,319.608,316.671,
3229701.293,,319.558,316.032,
3229801.292,,318.934,315.746,
3229901.285,,318.923,314.997,
3230001.288,,319.220,319.006,
3230101.279,,319.147,333.454,
3230201.275,,318.675,331.636,
3230301.273,,317.999,331.563,
3230401.270,,317.743,335.805,
3230501.271,,318.487,335.805,
3230601.268,,318.634,330.559,
3230701.264,,318.879,326.082,
3230801.256,,319.221,322.675,
3230901.256,,319.309,322.124,
3231001.253,,320.673,321.794,
3231101.246,,320.613,320.182,
3231201.249,,320.260,320.333,
3231301.246,,321.362,322.192,
3231401.238,,321.513,324.866,
3231501.236,,320.074,325.191,
3231601.236,,318.842,324.124,
3231701.232,,318.270,321.707,
3231801.226,,318.945,323.214,
3231901.224,,318.792,322.302,
3232001.221,,319.299,322.595,
3232101.217,,320.032,321.507,
3232201.214,,319.547,321.939,
3232301.212,,318.654,320.229,
3232401.212,,317.741,319.470,
3232501.205,,318.003,323.991,
3232601.205,,318.154,323.867,
3232701.201,,319.463,321.609,
3232801.201,,319.188,321.969,
3232901.197,,318.604,326.452,
3233001.195,,318.894,333.507,
3233101.188,,319.029,345.373,
3233201.191,,319.378,350.441,
3233301.187,,319.167,343.767,
3233401.183,,319.104,336.352,
3233501.183,,319.472,333.126,
3233601.175,,319.956,328.654,
3233701.173,,319.194,326.047,
3233801.174,,319.878,324.871,
3233901.169,,319.714,328.277,
3234001.163,,320.077,329.220,
3234101.162,,319.472,329.015,
3234201.162,,319.500,325.365,
3234301.155,,320.516,328.448,
3234401.152,,320.463,332.807,
3234501.150,,320.327,332.729,
3234601.150,,320.588,330.235,
3234701.150,,320.759,330.807,
3234801.146,,319.625,329.746,
3234901.143,,319.341,327.127,
3235001.136,,319.097,327.981,
3235101.135,,318.490,330.249,
3235201.136,,318.892,331.653,
3235301.134,,318.682,332.291,
3235401.129,,319.495,330.501,
3235501.123,,318.966,330.430,
3235601.126,,318.997,331.212,
3235701.119,,319.217,332.302,
3235801.116,,319.756,331.087,
3235901.117,,319.601,330.211,
3236001.110,,320.018,331.531,
3236101.112,,319.899,329.906,
3236201.108,,320.007,329.206,
3236301.101,,319.749,328.194,
3236401.102,,318.873,330.401,
3236501.097,,319.554,329.858,
3236601.095,,319.508,329.730,
3236701.096,,319.350,332.686,
3236801.091,,318.505,332.427,
3236901.085,,319.155,330.969,
3237001.088,,318.424,336.037,
3237101.078,,318.635,336.486,
3237201.078,,318.686,337.488,
3237301.076,,318.397,342.079,
3237401.075,,318.176,340.591,
3237501.073,,318.229,336.267,
3237601.065,,318.477,330.413,
3237701.068,,319.046,328.527,
3237801.063,,318.554,329.958,
3237901.062,,319.032,326.675,
3238001.058,,319.069,325.466,
3238101.057,,318.528,326.318,
3238201.049,,317.970,328.656,
3238301.050,,319.059,332.612,
3238401.047,,318.648,329.340,
3238501.040,,317.984,325.516,
3238601.040,,319.375,322.504,
3238701.039,,319.246,323.113,
3238801.038,,319.205,322.135,
3238901.032,,320.224,321.071,
3239001.030,,321.041,321.577,
3239101.027,,320.880,324.849,
3239201.026,,320.962,327.558,
3239301.022,,321.264,328.754,
3239401.019,,321.633,326.669,
3239501.018,,320.942,331.887,
3239601.012,,320.542,333.426,
3239701.012,,320.555,332.135,
3239801.008,,320.434,328.319,
3239901.004,,319.854,324.335,
3240001.003,,319.360,321.691,
3240100.998,,319.044,320.387,
3240200.992,,319.572,319.934,
3240300.987,,319.313,318.120,
3240400.984,,318.998,320.746,
3240500.977,,319.096,323.914,
3240600.978,,318.681,327.895,
3240700.972,,318.361,326.847,
3240800.968,,318.987,324.759,
3240900.964,,318.962,322.247,
3241000.959,,318.951,329.319,
3241100.953,,319.519,331.076,
3241200.949,,319.550,326.931,
3241300.951,,320.434,324.659,
3241400.944,,320.146,323.255,
3241500.937,,319.858,320.397,
3241600.938,,319.580,317.657,
3241700.931,,318.958,316.370,
3241800.930,,319.022,320.201,
3241900.921,,318.304,322.001,
3242000.919,,319.093,323.836,
3242100.917,,320.125,325.683,
3242200.915,,319.445,326.044,
3242300.907,,320.271,326.000,
3242400.902,,319.940,323.885,
3242500.897,,320.467,323.025,
3242600.894,,320.410,320.970,
3242700.895,,320.499,319.012,
3242800.888,,320.423,317.150,
3242900.887,,320.026,319.604,
3243000.881,,320.107,323.869,
3243100.874,,319.819,325.206,
3243200.872,,319.039,325.849,
3243300.870,,318.532,324.059,
3243400.865,,317.769,319.973,
3243500.860,,317.913,319.197,
3243600.858,,318.680,316.906,
3243700.852,,318.630,317.231,
3243800.849,,318.852,317.970,
3243900.846,,318.808,320.511,
3244000.839,,318.345,323.433,
3244100.833,,318.846,325.233,
3244200.832,,318.818,325.103,
3244300.830,,318.345,325.238,
3244400.828,,318.576,325.265,
3244500.820,,318.783,324.289,
3244600.818,,318.725,323.314,
3244700.814,,319.223,322.959,
3244800.807,,319.153,322.324,
3244900.806,,319.245,321.209,
3245000.802,,318.935,318.219,
3245100.793,,319.013,316.696,
3245200.795,,318.973,317.939,
3245300.790,,318.672,317.050,
3245400.783,,319.288,320.692,
3245500.781,,319.835,324.537,
3245600.780,,319.895,321.600,
3245700.773,,320.245,335.781,
3245800.766,,319.005,337.154,
3245900.768,,319.326,334.283,
3246000.761,,318.840,332.438,
3246100.757,,318.100,353.879,
3246200.753,,318.439,363.574,
3246300.747,,318.647,368.504,
3246400.746,,318.855,374.377,
3246500.740,,319.000,376.048,
3246600.738,,319.425,365.421,
3246700.729,,319.074,356.200,
3246800.730,,318.909,351.874,
3246900.721,,318.856,345.144,
3247000.719,,318.266,337.769,
3247100.714,,318.893,335.520,
3247200.709,,318.937,335.769,
3247300.711,,319.431,338.338,
3247400.704,,318.825,341.573,
3247500.701,,317.949,343.918,
3247600.697,,317.988,343.676,
3247700.695,,318.688,345.045,
3247800.689,,318.472,338.871,
3247900.682,,318.004,332.452,
3248000.685,,316.886,329.324,
3248100.682,,320.420,327.922,
3248200.677,,320.948,324.442,
3248300.671,,319.758,325.778,
3248400.673,,317.804,324.610,
3248500.665,,317.874,322.945,
3248600.664,,318.912,322.505,
3248700.660,,318.848,325.266,
3248800.655,,319.302,328.095,
3248900.654,,318.996,329.191,
3249000.650,,318.855,329.807,
3249100.649,,319.135,325.163,
3249200.648,,318.177,323.868,
3249300.642,,318.095,322.627,
3249400.640,,319.709,319.789,
3249500.634,,320.057,321.666,
3249600.634,,317.631,318.993,
3249700.633,,317.424,319.223,
3249800.628,,318.408,323.098,
3249900.628,,318.322,324.324,
3250000.622,,318.733,322.126,
3250100.622,,318.526,322.201,
3250200.617,,318.128,323.141,
3250300.605,,318.639,325.087,
3250400.611,,318.264,322.228,
3250500.604,,318.023,324.419,
3250600.604,,318.708,324.465,
3250700.601,,317.860,328.165,
3250800.598,,318.002,324.641,
3250900.596,,318.046,324.538,
3251000.595,,317.420,328.976,
3251100.586,,317.552,324.676,
3251200.585,,321.023,323.853,
3251300.582,,317.623,326.962,
3251400.580,,318.037,327.043,
3251500.578,,317.153,327.910,
3251600.571,,318.811,329.596,
3251700.570,,317.555,332.930,
3251800.565,,318.006,330.070,
3251900.565,,317.643,332.265,
3252000.565,,318.562,334.460,
3252100.559,,319.937,333.961,
3252200.555,,318.277,344.936,
3252300.549,,318.065,341.143,
3252400.547,,318.789,338.703,
3252500.545,,317.981,338.742,
3252600.542,,318.143,340.627,
3252700.543,,320.324,337.062,
3252800.539,,318.686,340.199,
3252900.531,,318.707,336.116,
3253000.532,,317.654,335.690,
3253100.527,,318.757,332.396,
3253200.528,,317.844,331.409,
3253300.525,,317.639,329.650,
3253400.521,,317.869,328.627,
3253500.517,,319.063,327.240,
3253600.510,,319.909,325.057,
3253700.511,,319.511,332.703,
3253800.504,,319.281,342.477,
3253900.503,,319.846,344.554,
3254000.499,,319.254,338.767,
3254100.500,,319.255,334.508,
3254200.498,,319.035,334.437,
3254300.495,,318.586,331.908,
3254400.492,,317.869,327.166,
3254500.485,,318.493,323.418,
3254600.481,,318.034,323.452,
3254700.479,,318.644,325.515,
3254800.479,,320.366,327.071,
3254900.472,,318.094,329.465,
3255000.472,,318.511,328.784,
3255100.466,,318.278,330.835,
3255200.463,,318.301,328.796,
3255300.463,,318.416,323.042,
3255400.456,,318.984,324.163,
3255500.453,,318.196,323.372,
3255600.453,,318.223,322.406,
3255700.448,,318.781,325.140,
3255800.444,,318.273,322.625,
3255900.441,,318.265,322.625,
3256000.444,,320.168,320.681,
3256100.438,,318.067,321.652,
3256200.436,,319.205,326.465,
3256300.433,,320.004,330.017,
3256400.433,,318.231,337.229,
3256500.431,,318.938,335.573,
3256600.423,,318.853,333.059,
3256700.422,,319.957,330.037,
3256800.421,,322.209,329.867,
3256900.419,,323.562,328.028,
3257000.416,,320.578,323.503,
3257100.410,,323.103,323.308,
3257200.406,,322.089,319.985,
3257300.404,,319.382,321.253,
3257400.403,,320.879,320.606,
3257500.398,,321.965,328.637,
3257600.400,,321.429,337.339,
3257700.394,,322.110,336.279,
3257800.391,,322.118,336.178,
3257900.387,,321.837,331.028,
3258000.384,,318.865,325.480,
3258100.381,,319.849,323.083,
3258200.377,,318.458,320.241,
3258300.374,,317.723,323.436,
3258400.374,,320.507,327.226,
3258500.371,,319.856,328.940,
3258600.367,,319.930,325.827,
3258700.364,,320.843,321.951,
3258800.365,,320.637,319.395,
3258900.362,,317.858,316.024,
3259000.356,,318.628,315.670,
3259100.357,,317.413,315.690,
3259200.350,,319.125,317.381,
3259300.347,,318.200,322.011,
3259400.348,,318.544,324.213,
3259500.343,,318.217,326.245,
3259600.338,,320.114,330.720,
3259700.335,,320.490,331.304,
3259800.334,,320.557,330.264,
3259900.330,,320.762,329.337,
3260000.329,,320.437,329.888,
3260100.328,,319.777,329.054,
3260200.326,,321.050,330.144,
3260300.318,,320.486,330.707,
3260400.318,,317.823,327.503,
3260500.312,,320.798,328.552,
3260600.315,,318.442,327.528,
3260700.313,,321.101,332.000,
3260800.308,,320.033,329.646,
3260900.306,,321.424,327.754,
3261000.298,,320.986,327.662,
3261100.297,,321.353,334.664,
3261200.297,,320.973,330.753,
3261300.296,,322.435,334.129,
3261400.293,,320.328,333.889,
3261500.291,,321.944,331.974,
3261600.283,,321.796,326.967,
3261700.281,,321.543,328.341,
3261800.282,,321.518,325.756,
3261900.274,,319.785,325.039,
3262000.275,,318.970,321.559,
3262100.271,,319.823,321.688,
3262200.267,,318.228,319.239,
3262300.264,,319.760,319.098,
3262400.260,,318.458,319.493,
3262500.256,,319.613,320.972,
3262600.255,,319.571,325.209,
3262700.256,,317.982,330.563,
3262800.254,,318.330,326.054,
3262900.248,,319.446,325.780,
3263000.248,,318.801,324.698,
3263100.243,,320.823,323.145,
3263200.239,,320.357,324.287,
3263300.238,,319.635,327.712,
3263400.233,,321.091,325.843,
3263500.235,,318.241,326.094,
3263600.230,,321.146,324.687,
3263700.228,,320.729,324.937,
3263800.226,,320.427,323.270,
3263900.217,,319.829,322.196,
3264000.214,,318.697,319.231,
3264100.215,,319.240,320.132,
3264200.211,,319.292,324.215,
3264300.210,,319.827,325.561,
3264400.208,,319.240,322.426,
3264500.204,,319.936,332.811,
3264600.196,,320.703,349.031,
3264700.193,,320.315,340.292,
3264800.196,,318.458,331.433,
3264900.192,,319.359,327.156,
3265000.191,,319.153,325.466,
3265100.184,,319.537,324.661,
3265200.184,,320.194,325.850,
3265300.181,,321.950,324.595,
3265400.173,,319.710,326.729,
3265500.172,,321.700,325.773,
3265600.169,,321.321,327.956,
3265700.168,,323.202,326.997,
3265800.164,,322.496,327.074,
3265900.164,,322.528,330.562,
3266000.159,,321.323,327.940,
3266100.157,,321.221,329.703,
3266200.154,,321.657,328.957,
3266300.154,,321.170,329.599,
3266400.146,,321.521,327.747,
3266500.146,,321.301,328.180,
3266600.144,,321.758,326.137,
3266700.139,,320.118,325.473,
3266800.137,,320.062,323.159,
3266900.135,,318.963,320.063,
3267000.131,,319.170,320.913,
3267100.128,,320.842,323.005,
3267200.122,,319.908,332.663,
3267300.120,,318.445,328.436,
3267400.118,,320.633,326.702,
3267500.117,,322.702,324.361,
3267600.111,,322.361,322.520,
3267700.108,,321.103,322.021,
3267800.104,,322.665,324.787,
3267900.106,,321.880,328.683,
3268000.102,,321.376,326.797,
3268100.100,,320.553,327.965,
3268200.095,,322.845,327.014,
3268300.094,,320.701,326.861,
3268400.091,,321.997,327.628,
3268500.083,,321.837,331.107,
3268600.086,,321.858,334.851,
3268700.082,,321.440,333.142,
3268800.075,,322.327,328.434,
3268900.073,,321.994,326.071,
3269000.070,,321.116,326.946,
3269100.066,,321.787,325.043,
3269200.069,,321.075,322.607,
3269300.062,,319.631,323.005,
3269400.061,,319.830,321.429,
3269500.057,,320.080,320.021,
3269600.055,,320.463,320.116,
3269700.055,,320.581,319.041,
3269800.050,,320.279,319.424,
3269900.043,,320.126,321.020,
3270000.041,,320.293,321.889,
3270100.042,,320.519,327.458,
3270200.034,,320.215,328.351,
3270300.034,,320.139,329.588,
3270400.034,,320.870,328.544,
3270500.031,,319.347,325.156,
3270600.029,,320.590,326.069,
3270700.020,,318.264,322.701,
3270800.023,,319.509,326.978,
3270900.020,,319.475,328.115,
3271000.016,,318.688,327.133,
3271100.010,,319.006,327.787,
3271200.005,,319.807,324.428,
3271300.007,,319.050,324.310,
3271400.004,,319.461,327.264,
3271499.996,,319.193,323.411,
3271599.993,,320.269,321.289,
3271699.991,,318.794,320.875,
3271799.993,,319.218,322.873,
3271899.985,,319.103,320.584,
3271999.979,,319.590,321.262,
3272099.980,,318.875,319.625,
3272199.977,,318.768,321.000,
3272299.971,,319.422,328.453,
3272399.966,,319.655,329.170,
3272499.963,,318.629,354.589,
3272599.959,,317.281,355.839,
3272699.949,,318.323,350.239,
3272799.949,,318.861,340.618,
3272899.945,,318.764,333.995,
3272999.936,,319.010,328.232,
3273099.933,,318.556,325.071,
3273199.928,,318.282,329.580,
3273299.924,,318.677,329.121,
3273399.924,,318.300,327.573,
3273499.916,,318.247,324.245,
3273599.911,,318.591,325.648,
3273699.908,,321.002,326.987,
3273799.903,,321.507,332.857,
3273899.898,,322.181,333.090,
3273999.894,,322.180,331.538,
3274099.891,,321.625,327.243,
3274199.887,,321.451,325.610,
3274299.884,,320.781,325.462,
3274399.880,,318.326,320.763,
3274499.873,,319.452,319.266,
3274599.868,,318.249,317.337,
3274699.868,,318.311,317.377,
3274799.858,,318.341,316.858,
3274899.854,,319.142,316.018,
3274999.853,,319.264,319.639,
3275099.852,,319.761,325.232,
3275199.845,,318.577,324.643,
3275299.840,,317.701,324.226,
3275399.835,,318.151,322.184,
3275499.830,,317.487,320.840,
3275599.824,,317.839,318.927,
3275699.825,,317.835,319.343,
3275799.820,,318.995,321.642,
3275899.812,,319.021,326.618,
3275999.809,,318.916,335.638,
3276099.808,,319.204,332.868,
3276199.799,,321.425,330.629,
3276299.796,,320.658,328.499,
3276399.789,,318.588,327.884,
3276499.790,,318.547,324.952,
3276599.783,,317.907,323.760,
3276699.776,,318.177,322.670,
3276799.775,,320.183,324.757,
3276899.770,,318.515,321.878,
3276999.770,,318.955,323.990,
3277099.763,,319.128,325.094,
3277199.761,,319.102,323.619,
3277299.754,,320.463,326.636,
3277399.750,,320.392,325.231,
3277499.742,,320.859,324.899,
3277599.742,,319.986,322.171,
3277699.735,,319.525,322.717,
3277799.729,,318.331,322.052,
3277899.727,,319.298,321.530,
3277999.727,,317.980,321.873,
3278099.717,,318.419,329.797,
3278199.716,,318.863,331.668,
3278299.712,,319.197,336.891,
3278399.703,,318.732,338.192,
3278499.702,,318.451,332.740,
3278599.695,,318.286,326.970,
3278699.694,,319.383,324.589,
3278799.687,,319.120,332.685,
3278899.683,,317.704,328.400,
3278999.680,,319.892,327.448,
3279099.675,,319.074,332.220,
3279199.672,,319.403,331.696,
3279299.664,,320.119,334.373,
3279399.665,,319.860,332.820,
3279499.662,,319.478,333.470,
3279599.655,,319.620,331.648,
3279699.648,,319.819,328.304,
3279799.646,,319.172,331.255,
3279899.644,,320.352,331.328,
3279999.642,,321.710,327.472,
3280099.640,,320.563,324.619,
3280199.638,,321.345,321.914,
3280299.642,,319.000,321.223,
3280399.640,,321.652,319.875,
3280499.639,,320.961,317.855,
3280599.638,,320.229,321.966,
3280699.637,,320.360,324.378,
3280799.631,,319.349,324.814,
3280899.632,,319.362,322.449,
3280999.629,,320.088,327.906,
3281099.632,,321.906,329.952,
3281199.625,,321.644,326.983,
3281299.625,,319.690,322.324,
3281399.625,,319.144,318.926,
3281499.624,,319.846,316.829,
3281599.622,,319.300,330.993,
3281699.626,,319.758,341.600,
3281799.620,,320.591,335.604,
3281899.623,,319.298,329.111,
3281999.617,,319.738,329.547,
3282099.617,,320.237,331.252,
3282199.618,,320.160,328.474,
3282299.615,,319.182,325.015,
3282399.617,,318.642,322.187,
3282499.616,,319.399,322.762,
3282599.609,,319.488,323.445,
3282699.612,,319.312,331.970,
3282799.606,,320.584,347.956,
3282899.608,,321.219,349.128,
3282999.608,,319.517,341.038,
3283099.602,,318.163,334.363,
3283199.601,,319.414,334.489,
3283299.602,,320.078,333.167,
3283399.600,,321.030,331.707,
3283499.603,,321.125,329.138,
3283599.602,,320.867,328.154,
3283699.595,,320.855,328.487,
3283799.596,,321.806,327.047,
3283899.595,,321.462,328.107,
3283999.597,,321.683,330.491,
3284099.593,,321.442,328.559,
3284199.590,,321.232,330.160,
3284299.594,,321.808,328.329,
3284399.586,,320.487,326.027,
3284499.586,,320.096,327.176,
3284599.587,,321.198,326.550,
3284699.587,,318.616,326.508,
3284799.587,,320.186,330.977,
3284899.580,,321.444,335.567,
3284999.581,,322.075,332.004,
3285099.584,,322.948,329.951,
3285199.578,,321.672,330.751,
3285299.580,,318.914,332.545,
3285399.575,,322.180,330.231,
3285499.574,,321.826,326.445,
3285599.576,,321.095,329.784,
3285699.577,,322.898,330.920,
3285799.574,,322.530,329.798,
3285899.569,,322.352,329.639,
3285999.571,,321.038,326.092,
3286099.567,,321.892,323.610,
3286199.568,,319.056,318.932,
3286299.565,,320.646,319.630,
3286399.568,,320.416,318.460,
3286499.567,,319.748,316.835,
3286599.560,,319.304,316.903,
3286699.565,,319.330,317.857,
3286799.561,,319.499,317.875,
3286899.560,,319.782,317.778,
3286999.558,,320.279,319.327,
3287099.555,,319.895,318.981,
3287199.554,,320.685,320.809,
3287299.556,,321.190,320.872,
3287399.551,,320.894,320.994,
3287499.551,,320.941,320.496,
3287599.552,,321.241,321.024,
3287699.548,,320.807,322.205,
3287799.547,,320.560,325.364,
3287899.542,,320.697,336.736,
3287999.537,,320.578,343.089,
3288099.536,,320.580,340.516,
3288199.535,,320.473,342.041,
3288299.526,,320.763,340.345,
3288399.525,,320.860,337.639,
3288499.523,,320.747,334.725,
3288599.519,,320.773,331.909,
3288699.512,,321.467,338.712,
3288799.507,,320.832,335.869,
3288899.507,,321.215,341.330,
3288999.496,,319.955,344.011,
3289099.494,,319.329,338.601,
3289199.490,,320.913,340.300,
3289299.489,,321.515,336.946,
3289399.481,,321.992,332.427,
3289499.480,,320.708,341.052,
3289599.476,,319.936,340.313,
3289699.472,,320.709,336.248,
3289799.470,,321.430,332.503,
3289899.463,,321.220,327.787,
3289999.457,,321.100,327.042,
3290099.453,,321.549,331.376,
3290199.452,,321.107,331.619,
3290299.444,,321.561,331.140,
3290399.439,,321.768,332.470,
3290499.436,,320.962,327.547,
3290599.434,,320.815,324.266,
3290699.430,,321.542,322.989,
3290799.429,,321.068,322.165,
3290899.420,,320.741,324.148,
3290999.417,,322.173,336.835,
3291099.412,,321.797,342.651,
3291199.408,,321.659,337.692,
3291299.408,,322.421,331.607,
3291399.399,,321.992,329.171,
3291499.396,,320.892,325.583,
3291599.392,,321.297,325.846,
3291699.390,,321.856,325.563,
3291799.385,,320.687,323.736,
3291899.378,,321.272,323.019,
3291999.376,,321.685,322.929,
3292099.374,,322.109,324.392,
3292199.365,,321.612,321.905,
3292299.363,,321.695,322.842,
3292399.363,,321.290,322.631,
3292499.353,,321.537,325.574,
3292599.351,,321.381,325.411,
3292699.347,,321.363,324.306,
3292799.345,,322.029,332.665,
3292899.341,,321.440,327.789,
3292999.335,,321.199,324.569,
3293099.332,,321.870,327.190,
3293199.326,,321.423,323.795,
3293299.325,,322.081,328.559,
3293399.320,,322.840,340.919,
3293499.317,,322.400,337.432,
3293599.314,,321.982,335.476,
3293699.306,,323.297,345.078,
3293799.304,,322.288,339.581,
3293899.296,,321.586,334.258,
3293999.298,,321.104,332.430,
3294099.290,,321.114,330.249,
3294199.289,,322.100,331.142,
3294299.285,,321.936,327.318,
3294399.279,,321.559,325.473,
3294499.278,,320.429,322.448,
3294599.270,,321.864,324.402,
3294699.269,,319.959,322.852,
3294799.263,,321.395,322.998,
3294899.262,,322.469,324.612,
3294999.251,,324.269,326.469,
3295099.252,,322.051,323.654,
3295199.246,,322.400,321.647,
3295299.244,,321.595,319.883,
3295399.239,,322.151,317.747,
3295499.235,,320.568,318.010,
3295599.227,,320.009,318.970,
3295699.227,,319.788,322.277,
3295799.224,,319.581,325.385,
3295899.219,,319.805,324.565,
3295999.215,,320.768,326.485,
3296099.217,,320.382,328.259,
3296199.213,,321.903,328.504,
3296299.207,,320.452,326.441,
3296399.204,,320.723,326.265,
3296499.205,,320.804,327.460,
3296599.205,,320.630,324.287,
3296699.203,,319.625,324.729,
3296799.200,,319.201,322.104,
3296899.195,,321.326,321.746,
3296999.190,,320.348,319.478,
3297099.190,,323.020,319.413,
3297199.184,,320.028,318.801,
3297299.187,,321.434,322.041,
3297399.186,,322.111,321.472,
3297499.179,,322.738,321.003,
3297599.177,,322.385,326.444,
3297699.176,,323.483,338.648,
3297799.173,,324.089,334.728,
3297899.167,,322.958,336.993,
3297999.165,,323.259,336.917,
3298099.167,,324.727,331.509,
3298199.162,,323.293,326.083,
3298299.158,,324.040,324.301,
3298399.159,,324.726,322.123,
3298499.157,,323.945,322.385,
3298599.150,,322.941,324.096,
3298699.147,,321.258,324.113,
3298799.148,,322.279,323.310,
3298899.148,,320.438,322.261,
3298999.145,,319.964,322.666,
3299099.141,,319.719,322.766,
3299199.134,,320.999,325.557,
3299299.136,,320.189,330.665,
3299399.132,,320.055,328.276,
3299499.129,,319.435,329.070,
3299599.125,,321.549,335.087,
3299699.126,,321.930,336.588,
3299799.125,,321.326,335.979,
3299899.119,,320.411,334.090,
3299999.117,,320.400,332.025,
3300099.117,,320.393,328.550,
3300199.114,,320.820,327.121,
3300299.108,,320.491,323.749,
3300399.105,,322.290,323.317,
3300499.104,,320.275,324.535,
3300599.105,,321.654,324.048,
3300699.099,,320.891,323.314,
3300799.099,,322.085,323.638,
3300899.092,,321.683,324.800,
3300999.092,,322.421,324.825,
3301099.089,,321.062,324.710,
3301199.091,,321.381,321.448,
3301299.088,,321.555,323.246,
3301399.080,,322.685,323.926,
3301499.082,,321.595,321.530,
3301599.077,,322.641,320.764,
3301699.073,,321.659,322.250,
3301799.070,,322.840,337.811,
3301899.071,,321.500,332.948,
3301999.069,,321.597,329.555,
3302099.068,,321.438,325.830,
3302199.062,,321.766,334.962,
3302299.059,,321.109,338.861,
3302399.060,,321.437,336.548,
3302499.053,,321.281,332.958,
3302599.056,,321.266,336.659,
3302699.052,,320.707,335.342,
3302799.050,,320.306,331.684,
3302899.043,,320.778,335.187,
3302999.042,,320.816,363.772,
3303099.043,,320.569,368.242,
3303199.035,,320.461,358.185,
3303299.036,,320.753,350.409,
3303399.033,,320.776,346.927,
3303499.028,,320.739,340.682,
3303599.028,,320.450,336.978,
3303699.023,,321.148,333.374,
3303799.020,,321.138,331.910,
3303899.018,,321.233,332.877,
3303999.014,,321.139,335.735,
3304099.017,,321.170,341.333,
3304199.010,,321.768,339.218,
3304299.011,,321.581,335.284,
3304399.003,,320.977,334.676,
3304498.998,,321.147,334.877,
3304598.998,,321.028,334.910,
3304698.996,,320.856,336.752,
3304798.992,,320.958,335.299,
3304898.988,,321.082,336.795,
3304998.987,,320.878,339.813,
3305098.986,,320.674,341.470,
3305198.978,,321.012,337.792,
3305298.978,,320.031,335.845,
3305398.974,,320.375,331.292,
3305498.970,,320.392,328.533,
3305598.967,,321.232,327.002,
3305698.969,,321.432,324.178,
3305798.963,,321.821,323.275,
3305898.956,,321.602,322.790,
3305998.957,,321.490,324.989,
3306098.953,,321.579,325.896,
3306198.951,,321.282,327.700,
3306298.944,,321.348,328.556,
3306398.942,,321.334,338.893,
3306498.941,,320.914,343.914,
3306598.937,,321.337,348.620,
3306698.938,,321.465,343.814,
3306798.934,,321.346,343.922,
3306898.930,,321.135,347.738,
3306998.926,,320.945,344.491,
3307098.923,,321.249,337.239,
3307198.923,,320.908,330.924,
3307298.918,,320.441,327.897,
3307398.911,,321.564,328.338,
3307498.907,,320.788,335.415,
3307598.911,,320.917,335.240,
3307698.902,,320.998,332.373,
3307798.903,,320.868,334.242,
3307898.898,,320.712,333.289,
3307998.899,,320.721,334.207,
3308098.894,,320.874,341.714,
3308198.886,,321.014,335.458,
3308298.884,,320.373,331.315,
3308398.886,,321.099,329.082,
3308498.877,,320.340,327.383,
3308598.880,,321.101,328.931,
3308698.877,,321.803,332.859,
3308798.873,,321.582,333.495,
3308898.867,,321.181,330.304,
3308998.864,,321.331,327.255,
3309098.861,,321.374,327.766,
3309198.858,,320.600,324.879,
3309298.860,,319.663,320.898,
3309398.853,,320.751,320.614,
3309498.851,,320.802,324.030,
3309598.847,,320.045,325.398,
3309698.842,,319.134,324.873,
3309798.843,,320.580,322.682,
3309898.839,,321.283,321.816,
3309998.835,,321.041,321.164,
3310098.835,,321.045,321.811,
3310198.829,,321.253,320.537,
3310298.826,,320.559,320.692,
3310398.822,,320.685,323.392,
3310498.821,,320.975,323.383,
3310598.819,,320.485,326.500,
3310698.811,,320.789,330.107,
3310798.811,,321.317,329.521,
3310898.806,,320.751,326.318,
3310998.807,,320.703,326.048,
3311098.799,,320.493,324.850,
3311198.801,,320.732,323.435,
3311298.795,,321.163,322.027,
3311398.795,,320.492,321.583,
3311498.792,,318.923,319.154,
3311598.790,,320.361,317.835,
3311698.783,,319.166,318.844,
3311798.777,,319.817,320.512,
3311898.777,,319.055,325.301,
3311998.772,,320.316,339.689,
3312098.774,,319.987,337.532,
3312198.767,,319.672,332.738,
3312298.764,,319.745,334.662,
3312398.765,,319.851,332.084,
3312498.761,,319.706,331.260,
3312598.756,,319.979,331.549,
3312698.753,,320.293,327.586,
3312798.754,,319.987,324.926,
3312898.744,,320.448,323.786,
3312998.744,,320.603,323.032,
3313098.743,,320.581,323.350,
3313198.736,,321.545,325.092,
3313298.733,,320.628,324.761,
3313398.733,,320.315,326.788,
3313498.728,,320.907,327.208,
3313598.725,,320.293,327.031,
3313698.727,,320.017,329.679,
3313798.720,,321.215,331.324,
3313898.717,,319.983,335.809,
3313998.716,,319.646,330.414,
3314098.713,,320.432,326.235,
3314198.708,,321.756,329.032,
3314298.707,,321.238,341.598,
3314398.702,,321.707,339.791,
3314498.701,,321.286,340.622,
3314598.694,,320.709,349.826,
3314698.691,,320.927,348.119,
3314798.690,,320.425,340.882,
3314898.691,,320.626,337.659,
3314998.685,,319.755,330.939,
3315098.684,,318.867,326.006,
3315198.682,,319.283,324.329,
3315298.675,,319.191,325.659,
3315398.671,,319.694,327.663,
3315498.671,,319.319,329.809,
3315598.669,,319.522,330.632,
3315698.662,,319.114,330.420,
3315798.664,,318.963,333.609,
3315898.656,,319.053,336.117,
3315998.654,,319.180,331.288,
3316098.653,,319.095,326.967,
3316198.653,,319.337,326.377,
3316298.649,,319.877,324.523,
3316398.643,,320.033,322.610,
3316498.642,,320.677,322.055,
3316598.637,,320.459,322.352,
3316698.638,,320.087,326.047,
3316798.635,,320.229,328.564,
3316898.632,,319.564,327.377,
3316998.624,,319.625,324.946,
3317098.622,,319.921,323.266,
3317198.623,,319.641,320.912,
3317298.616,,318.529,319.391,
3317398.612,,320.202,317.818,
3317498.614,,319.532,319.468,
3317598.611,,320.036,320.727,
3317698.607,,320.601,319.745,
3317798.604,,320.731,320.060,
3317898.600,,320.316,323.397,
3317998.593,,320.004,322.755,
3318098.597,,320.825,320.159,
3318198.594,,320.267,323.230,
3318298.588,,320.737,324.753,
3318398.583,,320.178,326.713,
3318498.585,,319.468,325.405,
3318598.576,,320.020,324.682,
3318698.576,,319.888,324.128,
3318798.571,,319.757,325.649,
3318898.569,,319.765,327.373,
3318998.569,,319.745,326.070,
3319098.565,,319.802,323.983,
3319198.563,,319.972,321.697,
3319298.560,,319.823,321.322,
3319398.552,,319.694,325.490,
3319498.549,,319.995,325.014,
3319598.550,,319.740,329.167,
3319698.543,,319.582,329.439,
3319798.544,,319.833,330.102,
3319898.538,,320.280,325.488,
3319998.536,,320.238,322.508,
3320098.533,,320.414,321.563,
3320198.524,,320.919,319.500,
3320298.521,,320.883,317.566,
3320398.519,,320.179,320.795,
3320498.511,,320.708,322.975,
3320598.506,,320.342,326.632,
3320698.504,,320.608,330.608,
3320798.500,,320.561,329.106,
3320898.496,,320.542,331.904,
3320998.489,,320.421,348.051,
3321098.485,,320.029,342.422,
3321198.482,,319.908,336.819,
3321298.476,,320.284,331.862,
3321398.474,,320.430,328.369,
3321498.473,,320.339,325.582,
3321598.465,,319.395,321.403,
3321698.463,,319.807,319.605,
3321798.455,,319.915,319.042,
3321898.457,,319.988,320.217,
3321998.452,,319.619,325.162,
3322098.446,,318.871,327.706,
3322198.440,,318.122,328.538,
3322298.436,,320.062,329.708,
3322398.431,,319.948,331.280,
3322498.429,,319.871,335.525,
3322598.423,,319.831,333.584,
3322698.419,,319.617,343.622,
3322798.416,,319.605,343.600,
3322898.411,,319.564,337.076,
3322998.405,,319.759,333.924,
3323098.404,,319.930,329.175,
3323198.399,,320.043,326.507,
3323298.396,,320.459,324.563,
3323398.391,,319.755,322.547,
3323498.382,,320.081,320.739,
3323598.383,,320.097,321.666,
3323698.375,,320.096,321.803,
3323798.373,,318.874,320.559,
3323898.366,,319.996,317.862,
3323998.367,,319.879,317.792,
3324098.362,,320.662,318.034,
3324198.354,,319.364,318.451,
3324298.349,,319.341,320.822,
3324398.346,,318.597,320.990,
3324498.339,,319.301,319.946,
3324598.336,,319.386,321.992,
3324698.338,,320.282,323.764,
